   -3.208933873168E+00
   -3.239573705260E+00
   -2.973429035016E+00
   -2.071905902764E+00
   -8.617492312360E-01
   -7.692701350752E-02
   -4.253331593545E-02
   -2.056671706568E-01
   -1.815651542017E-01
   -1.494877067168E-01
   -1.261916248245E-01
   -1.024257212765E-01
   -8.405506865808E-02
   -7.045634967520E-02
   -5.720832468483E-02
    1.078036547958E-02
   -5.720832468490E-02
   -7.045634967514E-02
   -8.405506865811E-02
   -1.024257212765E-01
   -1.261916248246E-01
   -1.494877067168E-01
   -1.815651542017E-01
   -2.056671706567E-01
   -4.253331593546E-02
   -7.692701350751E-02
   -8.617492312360E-01
   -2.071905902764E+00
   -2.973429035016E+00
   -3.239573705260E+00
   -3.239573705260E+00
   -3.198704456980E+00
   -2.817488708368E+00
   -1.880207805874E+00
   -7.276042597095E-01
   -4.339835325539E-02
   -5.956703818858E-02
   -2.087165381750E-01
   -1.770518521408E-01
   -1.491791119101E-01
   -1.248907899426E-01
   -1.002433449666E-01
   -8.248301026873E-02
   -7.006711587836E-02
   -5.807177472579E-02
   -1.471352473082E-02
   -5.807177472642E-02
   -7.006711587799E-02
   -8.248301026896E-02
   -1.002433449664E-01
   -1.248907899427E-01
   -1.491791119100E-01
   -1.770518521409E-01
   -2.087165381749E-01
   -5.956703818863E-02
   -4.339835325533E-02
   -7.276042597095E-01
   -1.880207805874E+00
   -2.817488708368E+00
   -3.198704456980E+00
   -2.973429035016E+00
   -2.817488708368E+00
   -2.265597304058E+00
   -1.331215512140E+00
   -3.954650141462E-01
    9.352951754154E-03
   -1.099892874825E-01
   -2.126511803458E-01
   -1.681620728570E-01
   -1.471518455236E-01
   -1.202904037209E-01
   -9.718783186561E-02
   -8.041466545170E-02
   -6.845729876904E-02
   -5.604357111545E-02
   -7.248396064360E-02
   -5.604357111515E-02
   -6.845729876912E-02
   -8.041466545163E-02
   -9.718783186566E-02
   -1.202904037209E-01
   -1.471518455236E-01
   -1.681620728569E-01
   -2.126511803458E-01
   -1.099892874825E-01
    9.352951754139E-03
   -3.954650141461E-01
   -1.331215512140E+00
   -2.265597304057E+00
   -2.817488708368E+00
   -2.071905902764E+00
   -1.880207805874E+00
   -1.331215512140E+00
   -6.051598404382E-01
   -7.654623788201E-02
   -1.394074259405E-02
   -1.759446564420E-01
   -2.019878367826E-01
   -1.579566038018E-01
   -1.410086903333E-01
   -1.133128983532E-01
   -9.457414538754E-02
   -7.737154406665E-02
   -6.614434457193E-02
   -5.263356402582E-02
   -4.506264330058E-02
   -5.263356402541E-02
   -6.614434457211E-02
   -7.737154406651E-02
   -9.457414538765E-02
   -1.133128983531E-01
   -1.410086903334E-01
   -1.579566038017E-01
   -2.019878367827E-01
   -1.759446564419E-01
   -1.394074259421E-02
   -7.654623788183E-02
   -6.051598404383E-01
   -1.331215512139E+00
   -1.880207805874E+00
   -8.617492312360E-01
   -7.276042597095E-01
   -3.954650141461E-01
   -7.654623788199E-02
    7.630512315807E-03
   -1.260031799804E-01
   -2.118414801719E-01
   -1.774720161335E-01
   -1.507471708526E-01
   -1.309952944759E-01
   -1.053558717902E-01
   -8.905887014870E-02
   -7.156888389732E-02
   -6.264316087648E-02
   -4.915022719011E-02
   -1.984174982585E-02
   -4.915022718999E-02
   -6.264316087651E-02
   -7.156888389729E-02
   -8.905887014871E-02
   -1.053558717902E-01
   -1.309952944759E-01
   -1.507471708526E-01
   -1.774720161334E-01
   -2.118414801719E-01
   -1.260031799803E-01
    7.630512315582E-03
   -7.654623788180E-02
   -3.954650141462E-01
   -7.276042597095E-01
   -7.692701350750E-02
   -4.339835325536E-02
    9.352951754154E-03
   -1.394074259410E-02
   -1.260031799804E-01
   -2.099101634448E-01
   -1.918545612698E-01
   -1.568831717952E-01
   -1.426343771257E-01
   -1.173282569935E-01
   -9.763538717880E-02
   -8.227136438700E-02
   -6.655923762393E-02
   -5.754511683828E-02
   -4.399792149526E-02
   -2.439056601924E-02
   -4.399792149525E-02
   -5.754511683827E-02
   -6.655923762392E-02
   -8.227136438701E-02
   -9.763538717878E-02
   -1.173282569935E-01
   -1.426343771257E-01
   -1.568831717954E-01
   -1.918545612697E-01
   -2.099101634447E-01
   -1.260031799803E-01
   -1.394074259424E-02
    9.352951754225E-03
   -4.339835325535E-02
   -4.253331593547E-02
   -5.956703818860E-02
   -1.099892874825E-01
   -1.759446564420E-01
   -2.118414801719E-01
   -1.918545612698E-01
   -1.590937783845E-01
   -1.460078788010E-01
   -1.264207885024E-01
   -1.042056225481E-01
   -8.956465006055E-02
   -7.393353774295E-02
   -6.179113084363E-02
   -5.193833629922E-02
   -3.997665693436E-02
   -2.528779159227E-02
   -3.997665693434E-02
   -5.193833629923E-02
   -6.179113084359E-02
   -7.393353774296E-02
   -8.956465006058E-02
   -1.042056225481E-01
   -1.264207885024E-01
   -1.460078788009E-01
   -1.590937783845E-01
   -1.918545612698E-01
   -2.118414801719E-01
   -1.759446564419E-01
   -1.099892874826E-01
   -5.956703818860E-02
   -2.056671706567E-01
   -2.087165381750E-01
   -2.126511803458E-01
   -2.019878367827E-01
   -1.774720161334E-01
   -1.568831717954E-01
   -1.460078788010E-01
   -1.304189131903E-01
   -1.085496388885E-01
   -9.460428711657E-02
   -7.922528941732E-02
   -6.555268189877E-02
   -5.568530548369E-02
   -4.571043357830E-02
   -3.650146382776E-02
   -2.798228664113E-02
   -3.650146382779E-02
   -4.571043357830E-02
   -5.568530548371E-02
   -6.555268189877E-02
   -7.922528941733E-02
   -9.460428711655E-02
   -1.085496388884E-01
   -1.304189131903E-01
   -1.460078788010E-01
   -1.568831717954E-01
   -1.774720161334E-01
   -2.019878367827E-01
   -2.126511803457E-01
   -2.087165381750E-01
   -1.815651542017E-01
   -1.770518521408E-01
   -1.681620728570E-01
   -1.579566038018E-01
   -1.507471708526E-01
   -1.426343771257E-01
   -1.264207885025E-01
   -1.085496388885E-01
   -9.490048640154E-02
   -8.273334284560E-02
   -6.888214420315E-02
   -5.932017097022E-02
   -4.826305961904E-02
   -3.960132491572E-02
   -3.377823075526E-02
   -2.638760339254E-02
   -3.377823075526E-02
   -3.960132491571E-02
   -4.826305961904E-02
   -5.932017097024E-02
   -6.888214420313E-02
   -8.273334284559E-02
   -9.490048640153E-02
   -1.085496388885E-01
   -1.264207885025E-01
   -1.426343771257E-01
   -1.507471708526E-01
   -1.579566038018E-01
   -1.681620728570E-01
   -1.770518521408E-01
   -1.494877067167E-01
   -1.491791119101E-01
   -1.471518455236E-01
   -1.410086903333E-01
   -1.309952944759E-01
   -1.173282569935E-01
   -1.042056225482E-01
   -9.460428711659E-02
   -8.273334284561E-02
   -7.054610967714E-02
   -6.082112169227E-02
   -5.066793550262E-02
   -4.076392730654E-02
   -3.477452417146E-02
   -2.982302575587E-02
   -2.621414183730E-02
   -2.982302575591E-02
   -3.477452417144E-02
   -4.076392730654E-02
   -5.066793550263E-02
   -6.082112169227E-02
   -7.054610967714E-02
   -8.273334284560E-02
   -9.460428711659E-02
   -1.042056225482E-01
   -1.173282569935E-01
   -1.309952944758E-01
   -1.410086903333E-01
   -1.471518455236E-01
   -1.491791119101E-01
   -1.261916248246E-01
   -1.248907899427E-01
   -1.202904037209E-01
   -1.133128983531E-01
   -1.053558717902E-01
   -9.763538717879E-02
   -8.956465006060E-02
   -7.922528941733E-02
   -6.888214420317E-02
   -6.082112169227E-02
   -5.175860234969E-02
   -4.205243500885E-02
   -3.606319268921E-02
   -3.000181326912E-02
   -2.489719429196E-02
   -2.314190685642E-02
   -2.489719429192E-02
   -3.000181326911E-02
   -3.606319268920E-02
   -4.205243500887E-02
   -5.175860234970E-02
   -6.082112169228E-02
   -6.888214420317E-02
   -7.922528941734E-02
   -8.956465006060E-02
   -9.763538717881E-02
   -1.053558717902E-01
   -1.133128983531E-01
   -1.202904037209E-01
   -1.248907899427E-01
   -1.024257212765E-01
   -1.002433449665E-01
   -9.718783186562E-02
   -9.457414538757E-02
   -8.905887014870E-02
   -8.227136438701E-02
   -7.393353774295E-02
   -6.555268189883E-02
   -5.932017097025E-02
   -5.066793550263E-02
   -4.205243500885E-02
   -3.618819026312E-02
   -3.044463750711E-02
   -2.511102624775E-02
   -2.178504493954E-02
   -2.083686550453E-02
   -2.178504493954E-02
   -2.511102624774E-02
   -3.044463750710E-02
   -3.618819026313E-02
   -4.205243500886E-02
   -5.066793550264E-02
   -5.932017097025E-02
   -6.555268189883E-02
   -7.393353774294E-02
   -8.227136438700E-02
   -8.905887014864E-02
   -9.457414538762E-02
   -9.718783186560E-02
   -1.002433449665E-01
   -8.405506865813E-02
   -8.248301026881E-02
   -8.041466545171E-02
   -7.737154406659E-02
   -7.156888389734E-02
   -6.655923762390E-02
   -6.179113084364E-02
   -5.568530548371E-02
   -4.826305961906E-02
   -4.076392730654E-02
   -3.606319268918E-02
   -3.044463750709E-02
   -2.395525475644E-02
   -2.136660668674E-02
   -1.873700172788E-02
   -1.545235122002E-02
   -1.873700172776E-02
   -2.136660668672E-02
   -2.395525475640E-02
   -3.044463750709E-02
   -3.606319268922E-02
   -4.076392730655E-02
   -4.826305961906E-02
   -5.568530548372E-02
   -6.179113084366E-02
   -6.655923762393E-02
   -7.156888389738E-02
   -7.737154406657E-02
   -8.041466545174E-02
   -8.248301026885E-02
   -7.045634967511E-02
   -7.006711587828E-02
   -6.845729876903E-02
   -6.614434457201E-02
   -6.264316087647E-02
   -5.754511683830E-02
   -5.193833629922E-02
   -4.571043357830E-02
   -3.960132491571E-02
   -3.477452417145E-02
   -3.000181326910E-02
   -2.511102624773E-02
   -2.136660668675E-02
   -1.755117461964E-02
   -1.556638892582E-02
   -1.632487985323E-02
   -1.556638892587E-02
   -1.755117461954E-02
   -2.136660668671E-02
   -2.511102624773E-02
   -3.000181326911E-02
   -3.477452417146E-02
   -3.960132491569E-02
   -4.571043357832E-02
   -5.193833629917E-02
   -5.754511683830E-02
   -6.264316087636E-02
   -6.614434457204E-02
   -6.845729876896E-02
   -7.006711587825E-02
   -5.720832468453E-02
   -5.807177472599E-02
   -5.604357111540E-02
   -5.263356402558E-02
   -4.915022719016E-02
   -4.399792149512E-02
   -3.997665693434E-02
   -3.650146382766E-02
   -3.377823075529E-02
   -2.982302575582E-02
   -2.489719429201E-02
   -2.178504493946E-02
   -1.873700172805E-02
   -1.556638892589E-02
   -1.342191744889E-02
   -1.253295191238E-02
   -1.342191744859E-02
   -1.556638892598E-02
   -1.873700172778E-02
   -2.178504493959E-02
   -2.489719429194E-02
   -2.982302575591E-02
   -3.377823075522E-02
   -3.650146382775E-02
   -3.997665693436E-02
   -4.399792149522E-02
   -4.915022719034E-02
   -5.263356402553E-02
   -5.604357111533E-02
   -5.807177472625E-02
    1.078036547630E-02
   -1.471352472699E-02
   -7.248396064285E-02
   -4.506264330302E-02
   -1.984174982417E-02
   -2.439056601996E-02
   -2.528779159216E-02
   -2.798228664077E-02
   -2.638760339275E-02
   -2.621414183698E-02
   -2.314190685673E-02
   -2.083686550419E-02
   -1.545235122043E-02
   -1.632487985303E-02
   -1.253295191278E-02
   -4.420156020591E-02
   -1.253295191167E-02
   -1.632487985372E-02
   -1.545235121978E-02
   -2.083686550461E-02
   -2.314190685633E-02
   -2.621414183735E-02
   -2.638760339239E-02
   -2.798228664109E-02
   -2.528779159222E-02
   -2.439056601910E-02
   -1.984174982524E-02
   -4.506264330098E-02
   -7.248396064469E-02
   -1.471352472916E-02
   -5.720832468485E-02
   -5.807177472656E-02
   -5.604357111520E-02
   -5.263356402556E-02
   -4.915022719007E-02
   -4.399792149521E-02
   -3.997665693431E-02
   -3.650146382774E-02
   -3.377823075527E-02
   -2.982302575585E-02
   -2.489719429205E-02
   -2.178504493947E-02
   -1.873700172802E-02
   -1.556638892592E-02
   -1.342191744898E-02
   -1.253295191238E-02
   -1.342191744866E-02
   -1.556638892598E-02
   -1.873700172781E-02
   -2.178504493959E-02
   -2.489719429190E-02
   -2.982302575591E-02
   -3.377823075520E-02
   -3.650146382775E-02
   -3.997665693423E-02
   -4.399792149522E-02
   -4.915022718984E-02
   -5.263356402545E-02
   -5.604357111545E-02
   -5.807177472646E-02
   -7.045634967505E-02
   -7.006711587801E-02
   -6.845729876911E-02
   -6.614434457206E-02
   -6.264316087651E-02
   -5.754511683827E-02
   -5.193833629923E-02
   -4.571043357829E-02
   -3.960132491571E-02
   -3.477452417145E-02
   -3.000181326913E-02
   -2.511102624772E-02
   -2.136660668676E-02
   -1.755117461963E-02
   -1.556638892591E-02
   -1.632487985326E-02
   -1.556638892576E-02
   -1.755117461955E-02
   -2.136660668671E-02
   -2.511102624773E-02
   -3.000181326908E-02
   -3.477452417145E-02
   -3.960132491572E-02
   -4.571043357830E-02
   -5.193833629921E-02
   -5.754511683831E-02
   -6.264316087659E-02
   -6.614434457202E-02
   -6.845729876903E-02
   -7.006711587802E-02
   -8.405506865816E-02
   -8.248301026900E-02
   -8.041466545165E-02
   -7.737154406656E-02
   -7.156888389730E-02
   -6.655923762393E-02
   -6.179113084363E-02
   -5.568530548373E-02
   -4.826305961906E-02
   -4.076392730655E-02
   -3.606319268923E-02
   -3.044463750709E-02
   -2.395525475644E-02
   -2.136660668676E-02
   -1.873700172790E-02
   -1.545235122001E-02
   -1.873700172780E-02
   -2.136660668672E-02
   -2.395525475641E-02
   -3.044463750710E-02
   -3.606319268917E-02
   -4.076392730654E-02
   -4.826305961906E-02
   -5.568530548372E-02
   -6.179113084362E-02
   -6.655923762390E-02
   -7.156888389725E-02
   -7.737154406657E-02
   -8.041466545172E-02
   -8.248301026898E-02
   -1.024257212765E-01
   -1.002433449664E-01
   -9.718783186566E-02
   -9.457414538760E-02
   -8.905887014871E-02
   -8.227136438699E-02
   -7.393353774295E-02
   -6.555268189882E-02
   -5.932017097026E-02
   -5.066793550264E-02
   -4.205243500887E-02
   -3.618819026313E-02
   -3.044463750712E-02
   -2.511102624775E-02
   -2.178504493955E-02
   -2.083686550454E-02
   -2.178504493953E-02
   -2.511102624772E-02
   -3.044463750710E-02
   -3.618819026313E-02
   -4.205243500885E-02
   -5.066793550262E-02
   -5.932017097026E-02
   -6.555268189882E-02
   -7.393353774296E-02
   -8.227136438701E-02
   -8.905887014876E-02
   -9.457414538760E-02
   -9.718783186560E-02
   -1.002433449664E-01
   -1.261916248246E-01
   -1.248907899428E-01
   -1.202904037209E-01
   -1.133128983531E-01
   -1.053558717902E-01
   -9.763538717879E-02
   -8.956465006060E-02
   -7.922528941733E-02
   -6.888214420318E-02
   -6.082112169227E-02
   -5.175860234972E-02
   -4.205243500886E-02
   -3.606319268922E-02
   -3.000181326911E-02
   -2.489719429194E-02
   -2.314190685643E-02
   -2.489719429196E-02
   -3.000181326912E-02
   -3.606319268920E-02
   -4.205243500887E-02
   -5.175860234969E-02
   -6.082112169227E-02
   -6.888214420317E-02
   -7.922528941734E-02
   -8.956465006059E-02
   -9.763538717878E-02
   -1.053558717901E-01
   -1.133128983531E-01
   -1.202904037209E-01
   -1.248907899427E-01
   -1.494877067167E-01
   -1.491791119100E-01
   -1.471518455236E-01
   -1.410086903333E-01
   -1.309952944759E-01
   -1.173282569935E-01
   -1.042056225482E-01
   -9.460428711659E-02
   -8.273334284561E-02
   -7.054610967714E-02
   -6.082112169228E-02
   -5.066793550262E-02
   -4.076392730655E-02
   -3.477452417144E-02
   -2.982302575586E-02
   -2.621414183729E-02
   -2.982302575588E-02
   -3.477452417146E-02
   -4.076392730654E-02
   -5.066793550264E-02
   -6.082112169226E-02
   -7.054610967714E-02
   -8.273334284560E-02
   -9.460428711659E-02
   -1.042056225482E-01
   -1.173282569935E-01
   -1.309952944759E-01
   -1.410086903333E-01
   -1.471518455236E-01
   -1.491791119100E-01
   -1.815651542017E-01
   -1.770518521409E-01
   -1.681620728569E-01
   -1.579566038018E-01
   -1.507471708526E-01
   -1.426343771257E-01
   -1.264207885025E-01
   -1.085496388885E-01
   -9.490048640155E-02
   -8.273334284559E-02
   -6.888214420317E-02
   -5.932017097022E-02
   -4.826305961904E-02
   -3.960132491570E-02
   -3.377823075525E-02
   -2.638760339257E-02
   -3.377823075528E-02
   -3.960132491573E-02
   -4.826305961905E-02
   -5.932017097025E-02
   -6.888214420313E-02
   -8.273334284559E-02
   -9.490048640154E-02
   -1.085496388885E-01
   -1.264207885025E-01
   -1.426343771257E-01
   -1.507471708525E-01
   -1.579566038018E-01
   -1.681620728570E-01
   -1.770518521409E-01
   -2.056671706567E-01
   -2.087165381749E-01
   -2.126511803458E-01
   -2.019878367827E-01
   -1.774720161335E-01
   -1.568831717954E-01
   -1.460078788010E-01
   -1.304189131903E-01
   -1.085496388885E-01
   -9.460428711656E-02
   -7.922528941732E-02
   -6.555268189877E-02
   -5.568530548368E-02
   -4.571043357829E-02
   -3.650146382775E-02
   -2.798228664105E-02
   -3.650146382778E-02
   -4.571043357831E-02
   -5.568530548372E-02
   -6.555268189877E-02
   -7.922528941734E-02
   -9.460428711654E-02
   -1.085496388885E-01
   -1.304189131903E-01
   -1.460078788010E-01
   -1.568831717954E-01
   -1.774720161335E-01
   -2.019878367827E-01
   -2.126511803457E-01
   -2.087165381749E-01
   -4.253331593547E-02
   -5.956703818864E-02
   -1.099892874825E-01
   -1.759446564420E-01
   -2.118414801719E-01
   -1.918545612698E-01
   -1.590937783845E-01
   -1.460078788010E-01
   -1.264207885024E-01
   -1.042056225481E-01
   -8.956465006054E-02
   -7.393353774296E-02
   -6.179113084361E-02
   -5.193833629922E-02
   -3.997665693431E-02
   -2.528779159231E-02
   -3.997665693437E-02
   -5.193833629923E-02
   -6.179113084361E-02
   -7.393353774296E-02
   -8.956465006059E-02
   -1.042056225481E-01
   -1.264207885024E-01
   -1.460078788009E-01
   -1.590937783845E-01
   -1.918545612698E-01
   -2.118414801719E-01
   -1.759446564419E-01
   -1.099892874826E-01
   -5.956703818864E-02
   -7.692701350751E-02
   -4.339835325532E-02
    9.352951754144E-03
   -1.394074259410E-02
   -1.260031799804E-01
   -2.099101634448E-01
   -1.918545612698E-01
   -1.568831717952E-01
   -1.426343771257E-01
   -1.173282569935E-01
   -9.763538717879E-02
   -8.227136438701E-02
   -6.655923762390E-02
   -5.754511683830E-02
   -4.399792149519E-02
   -2.439056601909E-02
   -4.399792149527E-02
   -5.754511683826E-02
   -6.655923762395E-02
   -8.227136438699E-02
   -9.763538717881E-02
   -1.173282569935E-01
   -1.426343771257E-01
   -1.568831717954E-01
   -1.918545612697E-01
   -2.099101634447E-01
   -1.260031799803E-01
   -1.394074259423E-02
    9.352951754222E-03
   -4.339835325532E-02
   -8.617492312360E-01
   -7.276042597095E-01
   -3.954650141461E-01
   -7.654623788199E-02
    7.630512315813E-03
   -1.260031799804E-01
   -2.118414801718E-01
   -1.774720161335E-01
   -1.507471708525E-01
   -1.309952944759E-01
   -1.053558717902E-01
   -8.905887014872E-02
   -7.156888389727E-02
   -6.264316087654E-02
   -4.915022718993E-02
   -1.984174982585E-02
   -4.915022719011E-02
   -6.264316087647E-02
   -7.156888389733E-02
   -8.905887014868E-02
   -1.053558717902E-01
   -1.309952944758E-01
   -1.507471708526E-01
   -1.774720161334E-01
   -2.118414801719E-01
   -1.260031799803E-01
    7.630512315590E-03
   -7.654623788179E-02
   -3.954650141462E-01
   -7.276042597096E-01
   -2.071905902764E+00
   -1.880207805874E+00
   -1.331215512140E+00
   -6.051598404382E-01
   -7.654623788200E-02
   -1.394074259406E-02
   -1.759446564420E-01
   -2.019878367826E-01
   -1.579566038018E-01
   -1.410086903333E-01
   -1.133128983531E-01
   -9.457414538760E-02
   -7.737154406655E-02
   -6.614434457206E-02
   -5.263356402549E-02
   -4.506264330030E-02
   -5.263356402568E-02
   -6.614434457201E-02
   -7.737154406659E-02
   -9.457414538759E-02
   -1.133128983531E-01
   -1.410086903333E-01
   -1.579566038018E-01
   -2.019878367827E-01
   -1.759446564419E-01
   -1.394074259419E-02
   -7.654623788186E-02
   -6.051598404383E-01
   -1.331215512139E+00
   -1.880207805874E+00
   -2.973429035016E+00
   -2.817488708368E+00
   -2.265597304057E+00
   -1.331215512140E+00
   -3.954650141462E-01
    9.352951754148E-03
   -1.099892874825E-01
   -2.126511803458E-01
   -1.681620728570E-01
   -1.471518455236E-01
   -1.202904037209E-01
   -9.718783186564E-02
   -8.041466545165E-02
   -6.845729876909E-02
   -5.604357111525E-02
   -7.248396064366E-02
   -5.604357111533E-02
   -6.845729876909E-02
   -8.041466545166E-02
   -9.718783186564E-02
   -1.202904037209E-01
   -1.471518455236E-01
   -1.681620728570E-01
   -2.126511803458E-01
   -1.099892874825E-01
    9.352951754148E-03
   -3.954650141461E-01
   -1.331215512140E+00
   -2.265597304057E+00
   -2.817488708368E+00
   -3.239573705260E+00
   -3.198704456980E+00
   -2.817488708368E+00
   -1.880207805874E+00
   -7.276042597095E-01
   -4.339835325537E-02
   -5.956703818861E-02
   -2.087165381750E-01
   -1.770518521408E-01
   -1.491791119101E-01
   -1.248907899427E-01
   -1.002433449665E-01
   -8.248301026882E-02
   -7.006711587821E-02
   -5.807177472601E-02
   -1.471352473110E-02
   -5.807177472616E-02
   -7.006711587816E-02
   -8.248301026885E-02
   -1.002433449665E-01
   -1.248907899427E-01
   -1.491791119101E-01
   -1.770518521408E-01
   -2.087165381750E-01
   -5.956703818862E-02
   -4.339835325534E-02
   -7.276042597095E-01
   -1.880207805874E+00
   -2.817488708368E+00
   -3.198704456980E+00
   -3.239573705260E+00
   -3.198704456980E+00
   -2.817488708368E+00
   -1.880207805874E+00
   -7.276042597095E-01
   -4.339835325537E-02
   -5.956703818861E-02
   -2.087165381750E-01
   -1.770518521408E-01
   -1.491791119101E-01
   -1.248907899427E-01
   -1.002433449665E-01
   -8.248301026884E-02
   -7.006711587819E-02
   -5.807177472613E-02
   -1.471352473019E-02
   -5.807177472614E-02
   -7.006711587816E-02
   -8.248301026886E-02
   -1.002433449665E-01
   -1.248907899427E-01
   -1.491791119101E-01
   -1.770518521408E-01
   -2.087165381750E-01
   -5.956703818862E-02
   -4.339835325535E-02
   -7.276042597095E-01
   -1.880207805874E+00
   -2.817488708368E+00
   -3.198704456980E+00
   -3.198704456980E+00
   -3.105692792050E+00
   -2.643755869207E+00
   -1.692413818379E+00
   -6.057875855865E-01
   -1.857887087252E-02
   -7.666315541145E-02
   -2.105203735595E-01
   -1.730491662338E-01
   -1.485142493922E-01
   -1.238071178379E-01
   -9.958096072953E-02
   -8.194745721546E-02
   -6.962729195970E-02
   -5.725693712049E-02
   -6.145809888627E-02
   -5.725693712051E-02
   -6.962729195968E-02
   -8.194745721547E-02
   -9.958096072953E-02
   -1.238071178379E-01
   -1.485142493922E-01
   -1.730491662338E-01
   -2.105203735595E-01
   -7.666315541146E-02
   -1.857887087256E-02
   -6.057875855865E-01
   -1.692413818379E+00
   -2.643755869208E+00
   -3.105692792050E+00
   -2.817488708368E+00
   -2.643755869207E+00
   -2.072559644289E+00
   -1.165682738477E+00
   -3.100907528015E-01
    1.326803222468E-02
   -1.257440770697E-01
   -2.114724492960E-01
   -1.653706269683E-01
   -1.459691302417E-01
   -1.190717489512E-01
   -9.737672578672E-02
   -8.001934361048E-02
   -6.796462390330E-02
   -5.475476299718E-02
   -7.244389363526E-02
   -5.475476299710E-02
   -6.796462390333E-02
   -8.001934361044E-02
   -9.737672578675E-02
   -1.190717489511E-01
   -1.459691302417E-01
   -1.653706269683E-01
   -2.114724492960E-01
   -1.257440770697E-01
    1.326803222470E-02
   -3.100907528014E-01
   -1.165682738478E+00
   -2.072559644289E+00
   -2.643755869207E+00
   -1.880207805874E+00
   -1.692413818379E+00
   -1.165682738478E+00
   -4.959882486390E-01
   -4.369497649359E-02
   -2.853881335688E-02
   -1.859911571943E-01
   -1.984849509406E-01
   -1.566589203852E-01
   -1.400007152081E-01
   -1.121146024906E-01
   -9.391819040651E-02
   -7.587074676894E-02
   -6.509316647898E-02
   -5.215037549061E-02
   -3.363032241278E-02
   -5.215037549042E-02
   -6.509316647906E-02
   -7.587074676887E-02
   -9.391819040657E-02
   -1.121146024906E-01
   -1.400007152081E-01
   -1.566589203851E-01
   -1.984849509406E-01
   -1.859911571943E-01
   -2.853881335699E-02
   -4.369497649350E-02
   -4.959882486391E-01
   -1.165682738478E+00
   -1.692413818379E+00
   -7.276042597095E-01
   -6.057875855865E-01
   -3.100907528014E-01
   -4.369497649358E-02
   -1.094816326726E-03
   -1.402629972596E-01
   -2.119008775672E-01
   -1.737120870977E-01
   -1.499233195692E-01
   -1.299612702908E-01
   -1.045775650711E-01
   -8.854392903820E-02
   -7.070607877303E-02
   -6.161541767641E-02
   -4.865373760919E-02
   -2.244178236366E-02
   -4.865373760907E-02
   -6.161541767646E-02
   -7.070607877298E-02
   -8.854392903823E-02
   -1.045775650710E-01
   -1.299612702909E-01
   -1.499233195692E-01
   -1.737120870977E-01
   -2.119008775672E-01
   -1.402629972597E-01
   -1.094816326874E-03
   -4.369497649345E-02
   -3.100907528015E-01
   -6.057875855865E-01
   -4.339835325538E-02
   -1.857887087257E-02
    1.326803222467E-02
   -2.853881335693E-02
   -1.402629972598E-01
   -2.102257210809E-01
   -1.871052498387E-01
   -1.552817722400E-01
   -1.415593059246E-01
   -1.161435276775E-01
   -9.701823470608E-02
   -8.180342434994E-02
   -6.582312487810E-02
   -5.669375937801E-02
   -4.410416570935E-02
   -2.433699886288E-02
   -4.410416570935E-02
   -5.669375937801E-02
   -6.582312487809E-02
   -8.180342434995E-02
   -9.701823470608E-02
   -1.161435276775E-01
   -1.415593059246E-01
   -1.552817722401E-01
   -1.871052498386E-01
   -2.102257210809E-01
   -1.402629972597E-01
   -2.853881335702E-02
    1.326803222476E-02
   -1.857887087257E-02
   -5.956703818855E-02
   -7.666315541144E-02
   -1.257440770696E-01
   -1.859911571943E-01
   -2.119008775671E-01
   -1.871052498387E-01
   -1.577807724337E-01
   -1.458115681749E-01
   -1.248786765423E-01
   -1.031906682836E-01
   -8.929970978023E-02
   -7.364639680112E-02
   -6.016296588714E-02
   -5.042250895609E-02
   -4.030792091060E-02
   -2.774981637795E-02
   -4.030792091065E-02
   -5.042250895610E-02
   -6.016296588711E-02
   -7.364639680113E-02
   -8.929970978027E-02
   -1.031906682835E-01
   -1.248786765423E-01
   -1.458115681749E-01
   -1.577807724337E-01
   -1.871052498387E-01
   -2.119008775671E-01
   -1.859911571943E-01
   -1.257440770697E-01
   -7.666315541144E-02
   -2.087165381750E-01
   -2.105203735595E-01
   -2.114724492961E-01
   -1.984849509406E-01
   -1.737120870977E-01
   -1.552817722401E-01
   -1.458115681750E-01
   -1.288705175761E-01
   -1.069533551000E-01
   -9.385159272539E-02
   -7.915658078834E-02
   -6.558861563627E-02
   -5.400463896847E-02
   -4.416023546083E-02
   -3.707810121095E-02
   -2.884136722299E-02
   -3.707810121102E-02
   -4.416023546082E-02
   -5.400463896850E-02
   -6.558861563627E-02
   -7.915658078837E-02
   -9.385159272536E-02
   -1.069533551000E-01
   -1.288705175761E-01
   -1.458115681750E-01
   -1.552817722401E-01
   -1.737120870977E-01
   -1.984849509406E-01
   -2.114724492960E-01
   -2.105203735595E-01
   -1.770518521407E-01
   -1.730491662338E-01
   -1.653706269682E-01
   -1.566589203852E-01
   -1.499233195692E-01
   -1.415593059246E-01
   -1.248786765424E-01
   -1.069533551000E-01
   -9.439155817776E-02
   -8.240922773211E-02
   -6.847972731673E-02
   -5.882733787589E-02
   -4.728942759684E-02
   -3.876915050435E-02
   -3.386312499136E-02
   -2.790101875435E-02
   -3.386312499140E-02
   -3.876915050435E-02
   -4.728942759684E-02
   -5.882733787590E-02
   -6.847972731672E-02
   -8.240922773208E-02
   -9.439155817776E-02
   -1.069533551000E-01
   -1.248786765424E-01
   -1.415593059246E-01
   -1.499233195692E-01
   -1.566589203851E-01
   -1.653706269683E-01
   -1.730491662338E-01
   -1.491791119102E-01
   -1.485142493922E-01
   -1.459691302417E-01
   -1.400007152081E-01
   -1.299612702908E-01
   -1.161435276775E-01
   -1.031906682836E-01
   -9.385159272539E-02
   -8.240922773211E-02
   -7.008233764744E-02
   -5.999872631410E-02
   -4.979111624565E-02
   -4.079621138035E-02
   -3.502145242806E-02
   -2.928174118650E-02
   -2.504165384460E-02
   -2.928174118654E-02
   -3.502145242805E-02
   -4.079621138035E-02
   -4.979111624564E-02
   -5.999872631410E-02
   -7.008233764743E-02
   -8.240922773210E-02
   -9.385159272539E-02
   -1.031906682836E-01
   -1.161435276774E-01
   -1.299612702909E-01
   -1.400007152081E-01
   -1.459691302416E-01
   -1.485142493922E-01
   -1.248907899425E-01
   -1.238071178379E-01
   -1.190717489511E-01
   -1.121146024906E-01
   -1.045775650711E-01
   -9.701823470606E-02
   -8.929970978028E-02
   -7.915658078836E-02
   -6.847972731675E-02
   -5.999872631411E-02
   -5.094359400585E-02
   -4.148994536502E-02
   -3.612021218095E-02
   -3.025959246593E-02
   -2.443136328547E-02
   -2.273101970437E-02
   -2.443136328546E-02
   -3.025959246595E-02
   -3.612021218094E-02
   -4.148994536502E-02
   -5.094359400584E-02
   -5.999872631411E-02
   -6.847972731674E-02
   -7.915658078836E-02
   -8.929970978029E-02
   -9.701823470608E-02
   -1.045775650710E-01
   -1.121146024906E-01
   -1.190717489512E-01
   -1.238071178379E-01
   -1.002433449667E-01
   -9.958096072962E-02
   -9.737672578682E-02
   -9.391819040658E-02
   -8.854392903821E-02
   -8.180342434995E-02
   -7.364639680111E-02
   -6.558861563630E-02
   -5.882733787591E-02
   -4.979111624564E-02
   -4.148994536502E-02
   -3.618493408637E-02
   -3.051195014397E-02
   -2.496823586123E-02
   -2.133455226289E-02
   -1.964980929621E-02
   -2.133455226288E-02
   -2.496823586126E-02
   -3.051195014397E-02
   -3.618493408637E-02
   -4.148994536501E-02
   -4.979111624564E-02
   -5.882733787589E-02
   -6.558861563631E-02
   -7.364639680110E-02
   -8.180342434994E-02
   -8.854392903823E-02
   -9.391819040656E-02
   -9.737672578664E-02
   -9.958096072960E-02
   -8.248301026853E-02
   -8.194745721535E-02
   -8.001934361033E-02
   -7.587074676884E-02
   -7.070607877301E-02
   -6.582312487806E-02
   -6.016296588715E-02
   -5.400463896851E-02
   -4.728942759685E-02
   -4.079621138035E-02
   -3.612021218095E-02
   -3.051195014398E-02
   -2.436188849663E-02
   -2.156844300790E-02
   -1.857350316940E-02
   -1.546757984050E-02
   -1.857350316935E-02
   -2.156844300798E-02
   -2.436188849661E-02
   -3.051195014399E-02
   -3.612021218094E-02
   -4.079621138034E-02
   -4.728942759685E-02
   -5.400463896851E-02
   -6.016296588716E-02
   -6.582312487808E-02
   -7.070607877299E-02
   -7.587074676885E-02
   -8.001934361060E-02
   -8.194745721537E-02
   -7.006711587865E-02
   -6.962729195987E-02
   -6.796462390349E-02
   -6.509316647914E-02
   -6.161541767642E-02
   -5.669375937804E-02
   -5.042250895610E-02
   -4.416023546079E-02
   -3.876915050433E-02
   -3.502145242804E-02
   -3.025959246594E-02
   -2.496823586124E-02
   -2.156844300791E-02
   -1.771989874073E-02
   -1.536543887650E-02
   -1.555519464651E-02
   -1.536543887650E-02
   -1.771989874085E-02
   -2.156844300793E-02
   -2.496823586125E-02
   -3.025959246592E-02
   -3.502145242805E-02
   -3.876915050432E-02
   -4.416023546082E-02
   -5.042250895607E-02
   -5.669375937803E-02
   -6.161541767644E-02
   -6.509316647907E-02
   -6.796462390309E-02
   -6.962729195983E-02
   -5.807177472528E-02
   -5.725693712026E-02
   -5.475476299679E-02
   -5.215037549037E-02
   -4.865373760918E-02
   -4.410416570926E-02
   -4.030792091067E-02
   -3.707810121096E-02
   -3.386312499140E-02
   -2.928174118648E-02
   -2.443136328553E-02
   -2.133455226280E-02
   -1.857350316942E-02
   -1.536543887630E-02
   -1.307506230199E-02
   -1.250471128510E-02
   -1.307506230185E-02
   -1.536543887664E-02
   -1.857350316927E-02
   -2.133455226294E-02
   -2.443136328542E-02
   -2.928174118655E-02
   -3.386312499137E-02
   -3.707810121101E-02
   -4.030792091069E-02
   -4.410416570936E-02
   -4.865373760904E-02
   -5.215037549048E-02
   -5.475476299743E-02
   -5.725693712020E-02
   -1.471352472873E-02
   -6.145809888777E-02
   -7.244389363718E-02
   -3.363032241073E-02
   -2.244178236533E-02
   -2.433699886223E-02
   -2.774981637813E-02
   -2.884136722275E-02
   -2.790101875473E-02
   -2.504165384410E-02
   -2.273101970499E-02
   -1.964980929529E-02
   -1.546757984176E-02
   -1.555519464465E-02
   -1.250471128850E-02
   -4.960798207919E-03
   -1.250471128487E-02
   -1.555519464655E-02
   -1.546757984042E-02
   -1.964980929638E-02
   -2.273101970409E-02
   -2.504165384484E-02
   -2.790101875399E-02
   -2.884136722359E-02
   -2.774981637737E-02
   -2.433699886255E-02
   -2.244178236516E-02
   -3.363032241123E-02
   -7.244389363527E-02
   -6.145809888736E-02
   -5.807177472680E-02
   -5.725693712056E-02
   -5.475476299761E-02
   -5.215037549063E-02
   -4.865373760914E-02
   -4.410416570936E-02
   -4.030792091065E-02
   -3.707810121096E-02
   -3.386312499140E-02
   -2.928174118651E-02
   -2.443136328547E-02
   -2.133455226288E-02
   -1.857350316933E-02
   -1.536543887641E-02
   -1.307506230198E-02
   -1.250471128877E-02
   -1.307506230208E-02
   -1.536543887648E-02
   -1.857350316939E-02
   -2.133455226281E-02
   -2.443136328548E-02
   -2.928174118651E-02
   -3.386312499138E-02
   -3.707810121100E-02
   -4.030792091064E-02
   -4.410416570932E-02
   -4.865373760921E-02
   -5.215037549058E-02
   -5.475476299665E-02
   -5.725693712084E-02
   -7.006711587762E-02
   -6.962729195960E-02
   -6.796462390320E-02
   -6.509316647895E-02
   -6.161541767644E-02
   -5.669375937800E-02
   -5.042250895608E-02
   -4.416023546081E-02
   -3.876915050433E-02
   -3.502145242803E-02
   -3.025959246594E-02
   -2.496823586124E-02
   -2.156844300793E-02
   -1.771989874073E-02
   -1.536543887659E-02
   -1.555519464483E-02
   -1.536543887648E-02
   -1.771989874081E-02
   -2.156844300790E-02
   -2.496823586122E-02
   -3.025959246593E-02
   -3.502145242805E-02
   -3.876915050434E-02
   -4.416023546080E-02
   -5.042250895613E-02
   -5.669375937805E-02
   -6.161541767637E-02
   -6.509316647908E-02
   -6.796462390342E-02
   -6.962729195954E-02
   -8.248301026916E-02
   -8.194745721550E-02
   -8.001934361056E-02
   -7.587074676894E-02
   -7.070607877300E-02
   -6.582312487809E-02
   -6.016296588714E-02
   -5.400463896850E-02
   -4.728942759686E-02
   -4.079621138034E-02
   -3.612021218095E-02
   -3.051195014398E-02
   -2.436188849662E-02
   -2.156844300793E-02
   -1.857350316939E-02
   -1.546757984166E-02
   -1.857350316944E-02
   -2.156844300793E-02
   -2.436188849661E-02
   -3.051195014397E-02
   -3.612021218094E-02
   -4.079621138035E-02
   -4.728942759685E-02
   -5.400463896851E-02
   -6.016296588714E-02
   -6.582312487807E-02
   -7.070607877304E-02
   -7.587074676889E-02
   -8.001934361036E-02
   -8.194745721558E-02
   -1.002433449663E-01
   -9.958096072947E-02
   -9.737672578666E-02
   -9.391819040650E-02
   -8.854392903821E-02
   -8.180342434994E-02
   -7.364639680110E-02
   -6.558861563632E-02
   -5.882733787590E-02
   -4.979111624564E-02
   -4.148994536501E-02
   -3.618493408636E-02
   -3.051195014397E-02
   -2.496823586122E-02
   -2.133455226291E-02
   -1.964980929541E-02
   -2.133455226288E-02
   -2.496823586123E-02
   -3.051195014395E-02
   -3.618493408636E-02
   -4.148994536501E-02
   -4.979111624564E-02
   -5.882733787591E-02
   -6.558861563631E-02
   -7.364639680112E-02
   -8.180342434995E-02
   -8.854392903819E-02
   -9.391819040655E-02
   -9.737672578678E-02
   -9.958096072947E-02
   -1.248907899428E-01
   -1.238071178380E-01
   -1.190717489512E-01
   -1.121146024906E-01
   -1.045775650711E-01
   -9.701823470607E-02
   -8.929970978029E-02
   -7.915658078835E-02
   -6.847972731676E-02
   -5.999872631410E-02
   -5.094359400585E-02
   -4.148994536501E-02
   -3.612021218094E-02
   -3.025959246592E-02
   -2.443136328545E-02
   -2.273101970500E-02
   -2.443136328549E-02
   -3.025959246592E-02
   -3.612021218094E-02
   -4.148994536501E-02
   -5.094359400585E-02
   -5.999872631410E-02
   -6.847972731675E-02
   -7.915658078836E-02
   -8.929970978028E-02
   -9.701823470606E-02
   -1.045775650711E-01
   -1.121146024906E-01
   -1.190717489511E-01
   -1.238071178380E-01
   -1.491791119099E-01
   -1.485142493921E-01
   -1.459691302416E-01
   -1.400007152081E-01
   -1.299612702909E-01
   -1.161435276774E-01
   -1.031906682836E-01
   -9.385159272540E-02
   -8.240922773211E-02
   -7.008233764744E-02
   -5.999872631410E-02
   -4.979111624563E-02
   -4.079621138034E-02
   -3.502145242804E-02
   -2.928174118650E-02
   -2.504165384410E-02
   -2.928174118651E-02
   -3.502145242804E-02
   -4.079621138034E-02
   -4.979111624563E-02
   -5.999872631410E-02
   -7.008233764743E-02
   -8.240922773211E-02
   -9.385159272539E-02
   -1.031906682836E-01
   -1.161435276775E-01
   -1.299612702908E-01
   -1.400007152081E-01
   -1.459691302417E-01
   -1.485142493921E-01
   -1.770518521409E-01
   -1.730491662339E-01
   -1.653706269683E-01
   -1.566589203852E-01
   -1.499233195692E-01
   -1.415593059246E-01
   -1.248786765424E-01
   -1.069533551000E-01
   -9.439155817777E-02
   -8.240922773210E-02
   -6.847972731673E-02
   -5.882733787589E-02
   -4.728942759683E-02
   -3.876915050433E-02
   -3.386312499134E-02
   -2.790101875473E-02
   -3.386312499139E-02
   -3.876915050433E-02
   -4.728942759684E-02
   -5.882733787589E-02
   -6.847972731672E-02
   -8.240922773208E-02
   -9.439155817776E-02
   -1.069533551000E-01
   -1.248786765424E-01
   -1.415593059246E-01
   -1.499233195692E-01
   -1.566589203852E-01
   -1.653706269683E-01
   -1.730491662339E-01
   -2.087165381749E-01
   -2.105203735595E-01
   -2.114724492960E-01
   -1.984849509406E-01
   -1.737120870977E-01
   -1.552817722401E-01
   -1.458115681750E-01
   -1.288705175761E-01
   -1.069533551000E-01
   -9.385159272539E-02
   -7.915658078834E-02
   -6.558861563627E-02
   -5.400463896847E-02
   -4.416023546080E-02
   -3.707810121095E-02
   -2.884136722265E-02
   -3.707810121098E-02
   -4.416023546081E-02
   -5.400463896850E-02
   -6.558861563626E-02
   -7.915658078837E-02
   -9.385159272535E-02
   -1.069533551000E-01
   -1.288705175761E-01
   -1.458115681750E-01
   -1.552817722401E-01
   -1.737120870977E-01
   -1.984849509406E-01
   -2.114724492960E-01
   -2.105203735595E-01
   -5.956703818869E-02
   -7.666315541148E-02
   -1.257440770697E-01
   -1.859911571943E-01
   -2.119008775671E-01
   -1.871052498387E-01
   -1.577807724337E-01
   -1.458115681749E-01
   -1.248786765423E-01
   -1.031906682836E-01
   -8.929970978023E-02
   -7.364639680112E-02
   -6.016296588713E-02
   -5.042250895608E-02
   -4.030792091059E-02
   -2.774981637818E-02
   -4.030792091063E-02
   -5.042250895609E-02
   -6.016296588711E-02
   -7.364639680112E-02
   -8.929970978027E-02
   -1.031906682835E-01
   -1.248786765423E-01
   -1.458115681749E-01
   -1.577807724337E-01
   -1.871052498387E-01
   -2.119008775671E-01
   -1.859911571943E-01
   -1.257440770697E-01
   -7.666315541148E-02
   -4.339835325529E-02
   -1.857887087253E-02
    1.326803222471E-02
   -2.853881335691E-02
   -1.402629972598E-01
   -2.102257210809E-01
   -1.871052498387E-01
   -1.552817722399E-01
   -1.415593059246E-01
   -1.161435276775E-01
   -9.701823470609E-02
   -8.180342434994E-02
   -6.582312487810E-02
   -5.669375937800E-02
   -4.410416570938E-02
   -2.433699886266E-02
   -4.410416570928E-02
   -5.669375937803E-02
   -6.582312487808E-02
   -8.180342434994E-02
   -9.701823470608E-02
   -1.161435276775E-01
   -1.415593059246E-01
   -1.552817722401E-01
   -1.871052498386E-01
   -2.102257210809E-01
   -1.402629972597E-01
   -2.853881335701E-02
    1.326803222472E-02
   -1.857887087253E-02
   -7.276042597095E-01
   -6.057875855866E-01
   -3.100907528015E-01
   -4.369497649359E-02
   -1.094816326729E-03
   -1.402629972596E-01
   -2.119008775672E-01
   -1.737120870977E-01
   -1.499233195692E-01
   -1.299612702908E-01
   -1.045775650711E-01
   -8.854392903819E-02
   -7.070607877303E-02
   -6.161541767640E-02
   -4.865373760927E-02
   -2.244178236377E-02
   -4.865373760897E-02
   -6.161541767649E-02
   -7.070607877297E-02
   -8.854392903823E-02
   -1.045775650710E-01
   -1.299612702909E-01
   -1.499233195692E-01
   -1.737120870977E-01
   -2.119008775671E-01
   -1.402629972597E-01
   -1.094816326878E-03
   -4.369497649345E-02
   -3.100907528015E-01
   -6.057875855866E-01
   -1.880207805874E+00
   -1.692413818379E+00
   -1.165682738478E+00
   -4.959882486390E-01
   -4.369497649359E-02
   -2.853881335687E-02
   -1.859911571943E-01
   -1.984849509405E-01
   -1.566589203852E-01
   -1.400007152080E-01
   -1.121146024906E-01
   -9.391819040649E-02
   -7.587074676895E-02
   -6.509316647895E-02
   -5.215037549077E-02
   -3.363032241280E-02
   -5.215037549026E-02
   -6.509316647912E-02
   -7.587074676883E-02
   -9.391819040658E-02
   -1.121146024905E-01
   -1.400007152081E-01
   -1.566589203851E-01
   -1.984849509406E-01
   -1.859911571943E-01
   -2.853881335700E-02
   -4.369497649349E-02
   -4.959882486391E-01
   -1.165682738478E+00
   -1.692413818379E+00
   -2.817488708368E+00
   -2.643755869207E+00
   -2.072559644289E+00
   -1.165682738477E+00
   -3.100907528015E-01
    1.326803222468E-02
   -1.257440770697E-01
   -2.114724492960E-01
   -1.653706269683E-01
   -1.459691302416E-01
   -1.190717489512E-01
   -9.737672578671E-02
   -8.001934361048E-02
   -6.796462390327E-02
   -5.475476299732E-02
   -7.244389363514E-02
   -5.475476299695E-02
   -6.796462390338E-02
   -8.001934361042E-02
   -9.737672578676E-02
   -1.190717489511E-01
   -1.459691302417E-01
   -1.653706269683E-01
   -2.114724492960E-01
   -1.257440770696E-01
    1.326803222470E-02
   -3.100907528014E-01
   -1.165682738478E+00
   -2.072559644289E+00
   -2.643755869207E+00
   -3.198704456980E+00
   -3.105692792050E+00
   -2.643755869207E+00
   -1.692413818379E+00
   -6.057875855865E-01
   -1.857887087252E-02
   -7.666315541145E-02
   -2.105203735595E-01
   -1.730491662338E-01
   -1.485142493922E-01
   -1.238071178379E-01
   -9.958096072955E-02
   -8.194745721543E-02
   -6.962729195973E-02
   -5.725693712047E-02
   -6.145809888608E-02
   -5.725693712051E-02
   -6.962729195967E-02
   -8.194745721548E-02
   -9.958096072951E-02
   -1.238071178379E-01
   -1.485142493922E-01
   -1.730491662338E-01
   -2.105203735595E-01
   -7.666315541147E-02
   -1.857887087255E-02
   -6.057875855865E-01
   -1.692413818379E+00
   -2.643755869208E+00
   -3.105692792050E+00
   -2.973429035016E+00
   -2.817488708368E+00
   -2.265597304058E+00
   -1.331215512140E+00
   -3.954650141462E-01
    9.352951754154E-03
   -1.099892874825E-01
   -2.126511803458E-01
   -1.681620728570E-01
   -1.471518455236E-01
   -1.202904037209E-01
   -9.718783186562E-02
   -8.041466545169E-02
   -6.845729876904E-02
   -5.604357111540E-02
   -7.248396064333E-02
   -5.604357111524E-02
   -6.845729876909E-02
   -8.041466545167E-02
   -9.718783186564E-02
   -1.202904037209E-01
   -1.471518455236E-01
   -1.681620728570E-01
   -2.126511803458E-01
   -1.099892874825E-01
    9.352951754145E-03
   -3.954650141461E-01
   -1.331215512140E+00
   -2.265597304057E+00
   -2.817488708368E+00
   -2.817488708368E+00
   -2.643755869207E+00
   -2.072559644289E+00
   -1.165682738477E+00
   -3.100907528015E-01
    1.326803222468E-02
   -1.257440770697E-01
   -2.114724492960E-01
   -1.653706269683E-01
   -1.459691302417E-01
   -1.190717489512E-01
   -9.737672578673E-02
   -8.001934361048E-02
   -6.796462390329E-02
   -5.475476299720E-02
   -7.244389363557E-02
   -5.475476299711E-02
   -6.796462390333E-02
   -8.001934361046E-02
   -9.737672578675E-02
   -1.190717489511E-01
   -1.459691302417E-01
   -1.653706269683E-01
   -2.114724492960E-01
   -1.257440770696E-01
    1.326803222470E-02
   -3.100907528014E-01
   -1.165682738478E+00
   -2.072559644289E+00
   -2.643755869207E+00
   -2.265597304057E+00
   -2.072559644289E+00
   -1.506305276899E+00
   -7.272555203863E-01
   -1.183935591099E-01
   -1.447091675690E-03
   -1.656810989935E-01
   -2.049105658935E-01
   -1.598728732964E-01
   -1.423086069552E-01
   -1.141499723755E-01
   -9.536076404323E-02
   -7.748671865737E-02
   -6.673751602299E-02
   -5.360945453672E-02
   -4.365040948241E-02
   -5.360945453683E-02
   -6.673751602296E-02
   -7.748671865738E-02
   -9.536076404322E-02
   -1.141499723755E-01
   -1.423086069552E-01
   -1.598728732964E-01
   -2.049105658935E-01
   -1.656810989935E-01
   -1.447091675789E-03
   -1.183935591098E-01
   -7.272555203864E-01
   -1.506305276899E+00
   -2.072559644289E+00
   -1.331215512140E+00
   -1.165682738478E+00
   -7.272555203863E-01
   -2.358196765132E-01
    9.439004007592E-03
   -7.691514096019E-02
   -2.050785134998E-01
   -1.873146144560E-01
   -1.535520447895E-01
   -1.358086232131E-01
   -1.081015200320E-01
   -9.153999261359E-02
   -7.317872777169E-02
   -6.365254010955E-02
   -5.107849373953E-02
   -2.354231913247E-02
   -5.107849373977E-02
   -6.365254010947E-02
   -7.317872777174E-02
   -9.153999261355E-02
   -1.081015200321E-01
   -1.358086232131E-01
   -1.535520447895E-01
   -1.873146144560E-01
   -2.050785134998E-01
   -7.691514096021E-02
    9.439004007660E-03
   -2.358196765131E-01
   -7.272555203863E-01
   -1.165682738478E+00
   -3.954650141462E-01
   -3.100907528014E-01
   -1.183935591098E-01
    9.439004007598E-03
   -4.255016649718E-02
   -1.772671062139E-01
   -2.082170619573E-01
   -1.653228153932E-01
   -1.473045970344E-01
   -1.251642044101E-01
   -1.014626505585E-01
   -8.640907120484E-02
   -6.953413627950E-02
   -6.016920178841E-02
   -4.647551911569E-02
   -2.262961996616E-02
   -4.647551911587E-02
   -6.016920178834E-02
   -6.953413627954E-02
   -8.640907120480E-02
   -1.014626505585E-01
   -1.251642044100E-01
   -1.473045970344E-01
   -1.653228153932E-01
   -2.082170619574E-01
   -1.772671062138E-01
   -4.255016649713E-02
    9.439004007603E-03
   -1.183935591098E-01
   -3.100907528014E-01
    9.352951754170E-03
    1.326803222467E-02
   -1.447091675751E-03
   -7.691514096024E-02
   -1.772671062139E-01
   -2.109763893531E-01
   -1.770731666415E-01
   -1.521799251275E-01
   -1.376150367261E-01
   -1.119850685098E-01
   -9.421866191166E-02
   -7.932511447248E-02
   -6.481343987446E-02
   -5.555776710380E-02
   -4.272624478807E-02
   -2.445736525513E-02
   -4.272624478818E-02
   -5.555776710380E-02
   -6.481343987448E-02
   -7.932511447247E-02
   -9.421866191175E-02
   -1.119850685098E-01
   -1.376150367261E-01
   -1.521799251276E-01
   -1.770731666414E-01
   -2.109763893531E-01
   -1.772671062139E-01
   -7.691514096024E-02
   -1.447091675749E-03
    1.326803222467E-02
   -1.099892874825E-01
   -1.257440770696E-01
   -1.656810989935E-01
   -2.050785134998E-01
   -2.082170619574E-01
   -1.770731666415E-01
   -1.546566672167E-01
   -1.429316265639E-01
   -1.202495661103E-01
   -1.005348981501E-01
   -8.667855299723E-02
   -7.180753345917E-02
   -5.905087992254E-02
   -4.944181251636E-02
   -3.909806919035E-02
   -2.670691600389E-02
   -3.909806919040E-02
   -4.944181251635E-02
   -5.905087992253E-02
   -7.180753345917E-02
   -8.667855299727E-02
   -1.005348981500E-01
   -1.202495661103E-01
   -1.429316265639E-01
   -1.546566672166E-01
   -1.770731666415E-01
   -2.082170619574E-01
   -2.050785134998E-01
   -1.656810989935E-01
   -1.257440770696E-01
   -2.126511803457E-01
   -2.114724492961E-01
   -2.049105658935E-01
   -1.873146144560E-01
   -1.653228153932E-01
   -1.521799251276E-01
   -1.429316265640E-01
   -1.234760288213E-01
   -1.036089977791E-01
   -9.152284359956E-02
   -7.646715949099E-02
   -6.450317819562E-02
   -5.321936466125E-02
   -4.369980316659E-02
   -3.635880128264E-02
   -2.752559919646E-02
   -3.635880128266E-02
   -4.369980316658E-02
   -5.321936466127E-02
   -6.450317819562E-02
   -7.646715949094E-02
   -9.152284359954E-02
   -1.036089977791E-01
   -1.234760288212E-01
   -1.429316265640E-01
   -1.521799251276E-01
   -1.653228153932E-01
   -1.873146144560E-01
   -2.049105658935E-01
   -2.114724492961E-01
   -1.681620728570E-01
   -1.653706269682E-01
   -1.598728732964E-01
   -1.535520447895E-01
   -1.473045970344E-01
   -1.376150367261E-01
   -1.202495661104E-01
   -1.036089977791E-01
   -9.274787100536E-02
   -8.007133596923E-02
   -6.647533577957E-02
   -5.746538422998E-02
   -4.636247607076E-02
   -3.804388891788E-02
   -3.280080270285E-02
   -2.746910079326E-02
   -3.280080270286E-02
   -3.804388891787E-02
   -4.636247607077E-02
   -5.746538422999E-02
   -6.647533577956E-02
   -8.007133596922E-02
   -9.274787100536E-02
   -1.036089977791E-01
   -1.202495661104E-01
   -1.376150367261E-01
   -1.473045970344E-01
   -1.535520447895E-01
   -1.598728732964E-01
   -1.653706269682E-01
   -1.471518455236E-01
   -1.459691302417E-01
   -1.423086069552E-01
   -1.358086232131E-01
   -1.251642044101E-01
   -1.119850685098E-01
   -1.005348981501E-01
   -9.152284359957E-02
   -8.007133596923E-02
   -6.800092069966E-02
   -5.873638722890E-02
   -4.832969400832E-02
   -4.016281802600E-02
   -3.454301294095E-02
   -2.827732747442E-02
   -2.481342690276E-02
   -2.827732747445E-02
   -3.454301294094E-02
   -4.016281802600E-02
   -4.832969400833E-02
   -5.873638722890E-02
   -6.800092069966E-02
   -8.007133596923E-02
   -9.152284359957E-02
   -1.005348981501E-01
   -1.119850685098E-01
   -1.251642044101E-01
   -1.358086232131E-01
   -1.423086069552E-01
   -1.459691302417E-01
   -1.202904037210E-01
   -1.190717489511E-01
   -1.141499723755E-01
   -1.081015200321E-01
   -1.014626505585E-01
   -9.421866191175E-02
   -8.667855299728E-02
   -7.646715949100E-02
   -6.647533577958E-02
   -5.873638722890E-02
   -5.016910868982E-02
   -4.045840192940E-02
   -3.485404452497E-02
   -2.947860487473E-02
   -2.429722134063E-02
   -2.314689846355E-02
   -2.429722134066E-02
   -2.947860487471E-02
   -3.485404452498E-02
   -4.045840192941E-02
   -5.016910868982E-02
   -5.873638722891E-02
   -6.647533577959E-02
   -7.646715949101E-02
   -8.667855299728E-02
   -9.421866191175E-02
   -1.014626505585E-01
   -1.081015200321E-01
   -1.141499723755E-01
   -1.190717489511E-01
   -9.718783186555E-02
   -9.737672578682E-02
   -9.536076404324E-02
   -9.153999261355E-02
   -8.640907120482E-02
   -7.932511447248E-02
   -7.180753345917E-02
   -6.450317819566E-02
   -5.746538423000E-02
   -4.832969400832E-02
   -4.045840192941E-02
   -3.568530911140E-02
   -2.935672336076E-02
   -2.390155778658E-02
   -2.116021686656E-02
   -1.944984084124E-02
   -2.116021686663E-02
   -2.390155778656E-02
   -2.935672336075E-02
   -3.568530911140E-02
   -4.045840192940E-02
   -4.832969400833E-02
   -5.746538423000E-02
   -6.450317819566E-02
   -7.180753345917E-02
   -7.932511447247E-02
   -8.640907120483E-02
   -9.153999261357E-02
   -9.536076404326E-02
   -9.737672578681E-02
   -8.041466545178E-02
   -8.001934361032E-02
   -7.748671865735E-02
   -7.317872777174E-02
   -6.953413627951E-02
   -6.481343987446E-02
   -5.905087992254E-02
   -5.321936466127E-02
   -4.636247607077E-02
   -4.016281802599E-02
   -3.485404452497E-02
   -2.935672336076E-02
   -2.359902146367E-02
   -2.080965360208E-02
   -1.831635133627E-02
   -1.536958676942E-02
   -1.831635133634E-02
   -2.080965360204E-02
   -2.359902146365E-02
   -2.935672336076E-02
   -3.485404452497E-02
   -4.016281802601E-02
   -4.636247607077E-02
   -5.321936466128E-02
   -5.905087992255E-02
   -6.481343987448E-02
   -6.953413627951E-02
   -7.317872777172E-02
   -7.748671865733E-02
   -8.001934361034E-02
   -6.845729876891E-02
   -6.796462390353E-02
   -6.673751602302E-02
   -6.365254010945E-02
   -6.016920178840E-02
   -5.555776710381E-02
   -4.944181251638E-02
   -4.369980316660E-02
   -3.804388891790E-02
   -3.454301294094E-02
   -2.947860487474E-02
   -2.390155778658E-02
   -2.080965360211E-02
   -1.690878956836E-02
   -1.484175749270E-02
   -1.507113332310E-02
   -1.484175749288E-02
   -1.690878956831E-02
   -2.080965360206E-02
   -2.390155778659E-02
   -2.947860487473E-02
   -3.454301294096E-02
   -3.804388891790E-02
   -4.369980316660E-02
   -4.944181251638E-02
   -5.555776710380E-02
   -6.016920178841E-02
   -6.365254010950E-02
   -6.673751602304E-02
   -6.796462390349E-02
   -5.604357111568E-02
   -5.475476299666E-02
   -5.360945453685E-02
   -5.107849373971E-02
   -4.647551911577E-02
   -4.272624478812E-02
   -3.909806919035E-02
   -3.635880128267E-02
   -3.280080270285E-02
   -2.827732747445E-02
   -2.429722134064E-02
   -2.116021686664E-02
   -1.831635133641E-02
   -1.484175749285E-02
   -1.256571208604E-02
   -1.220441805024E-02
   -1.256571208628E-02
   -1.484175749281E-02
   -1.831635133635E-02
   -2.116021686663E-02
   -2.429722134068E-02
   -2.827732747446E-02
   -3.280080270286E-02
   -3.635880128269E-02
   -3.909806919037E-02
   -4.272624478817E-02
   -4.647551911574E-02
   -5.107849373967E-02
   -5.360945453659E-02
   -5.475476299677E-02
   -7.248396064095E-02
   -7.244389363778E-02
   -4.365040948155E-02
   -2.354231913251E-02
   -2.262961996610E-02
   -2.445736525512E-02
   -2.670691600377E-02
   -2.752559919687E-02
   -2.746910079265E-02
   -2.481342690356E-02
   -2.314689846247E-02
   -1.944984084268E-02
   -1.536958676747E-02
   -1.507113332613E-02
   -1.220441804322E-02
   -6.125336572214E-03
   -1.220441805710E-02
   -1.507113331964E-02
   -1.536958677167E-02
   -1.944984083949E-02
   -2.314689846499E-02
   -2.481342690164E-02
   -2.746910079417E-02
   -2.752559919571E-02
   -2.670691600460E-02
   -2.445736525445E-02
   -2.262961996698E-02
   -2.354231913145E-02
   -4.365040948128E-02
   -7.244389363726E-02
   -5.604357111512E-02
   -5.475476299759E-02
   -5.360945453670E-02
   -5.107849373947E-02
   -4.647551911578E-02
   -4.272624478809E-02
   -3.909806919041E-02
   -3.635880128266E-02
   -3.280080270289E-02
   -2.827732747445E-02
   -2.429722134068E-02
   -2.116021686664E-02
   -1.831635133639E-02
   -1.484175749285E-02
   -1.256571208594E-02
   -1.220441805057E-02
   -1.256571208625E-02
   -1.484175749281E-02
   -1.831635133634E-02
   -2.116021686662E-02
   -2.429722134068E-02
   -2.827732747445E-02
   -3.280080270287E-02
   -3.635880128265E-02
   -3.909806919035E-02
   -4.272624478804E-02
   -4.647551911580E-02
   -5.107849373961E-02
   -5.360945453690E-02
   -5.475476299754E-02
   -6.845729876919E-02
   -6.796462390323E-02
   -6.673751602300E-02
   -6.365254010959E-02
   -6.016920178839E-02
   -5.555776710385E-02
   -4.944181251636E-02
   -4.369980316661E-02
   -3.804388891789E-02
   -3.454301294097E-02
   -2.947860487473E-02
   -2.390155778659E-02
   -2.080965360209E-02
   -1.690878956836E-02
   -1.484175749267E-02
   -1.507113332288E-02
   -1.484175749281E-02
   -1.690878956827E-02
   -2.080965360206E-02
   -2.390155778658E-02
   -2.947860487473E-02
   -3.454301294097E-02
   -3.804388891789E-02
   -4.369980316663E-02
   -4.944181251636E-02
   -5.555776710387E-02
   -6.016920178837E-02
   -6.365254010952E-02
   -6.673751602294E-02
   -6.796462390325E-02
   -8.041466545160E-02
   -8.001934361055E-02
   -7.748671865735E-02
   -7.317872777166E-02
   -6.953413627952E-02
   -6.481343987446E-02
   -5.905087992255E-02
   -5.321936466128E-02
   -4.636247607078E-02
   -4.016281802602E-02
   -3.485404452498E-02
   -2.935672336076E-02
   -2.359902146366E-02
   -2.080965360208E-02
   -1.831635133623E-02
   -1.536958676950E-02
   -1.831635133629E-02
   -2.080965360202E-02
   -2.359902146366E-02
   -2.935672336074E-02
   -3.485404452498E-02
   -4.016281802600E-02
   -4.636247607078E-02
   -5.321936466127E-02
   -5.905087992255E-02
   -6.481343987444E-02
   -6.953413627953E-02
   -7.317872777170E-02
   -7.748671865740E-02
   -8.001934361052E-02
   -9.718783186570E-02
   -9.737672578666E-02
   -9.536076404324E-02
   -9.153999261361E-02
   -8.640907120482E-02
   -7.932511447249E-02
   -7.180753345916E-02
   -6.450317819567E-02
   -5.746538423000E-02
   -4.832969400834E-02
   -4.045840192940E-02
   -3.568530911140E-02
   -2.935672336076E-02
   -2.390155778659E-02
   -2.116021686656E-02
   -1.944984084110E-02
   -2.116021686659E-02
   -2.390155778655E-02
   -2.935672336075E-02
   -3.568530911139E-02
   -4.045840192941E-02
   -4.832969400833E-02
   -5.746538423000E-02
   -6.450317819566E-02
   -7.180753345917E-02
   -7.932511447250E-02
   -8.640907120482E-02
   -9.153999261358E-02
   -9.536076404321E-02
   -9.737672578669E-02
   -1.202904037208E-01
   -1.190717489512E-01
   -1.141499723755E-01
   -1.081015200320E-01
   -1.014626505585E-01
   -9.421866191174E-02
   -8.667855299728E-02
   -7.646715949100E-02
   -6.647533577959E-02
   -5.873638722891E-02
   -5.016910868983E-02
   -4.045840192940E-02
   -3.485404452498E-02
   -2.947860487473E-02
   -2.429722134063E-02
   -2.314689846359E-02
   -2.429722134064E-02
   -2.947860487472E-02
   -3.485404452498E-02
   -4.045840192940E-02
   -5.016910868984E-02
   -5.873638722890E-02
   -6.647533577959E-02
   -7.646715949100E-02
   -8.667855299728E-02
   -9.421866191172E-02
   -1.014626505585E-01
   -1.081015200320E-01
   -1.141499723755E-01
   -1.190717489512E-01
   -1.471518455236E-01
   -1.459691302416E-01
   -1.423086069552E-01
   -1.358086232131E-01
   -1.251642044101E-01
   -1.119850685098E-01
   -1.005348981501E-01
   -9.152284359957E-02
   -8.007133596924E-02
   -6.800092069967E-02
   -5.873638722891E-02
   -4.832969400833E-02
   -4.016281802602E-02
   -3.454301294096E-02
   -2.827732747443E-02
   -2.481342690270E-02
   -2.827732747443E-02
   -3.454301294096E-02
   -4.016281802600E-02
   -4.832969400833E-02
   -5.873638722891E-02
   -6.800092069966E-02
   -8.007133596923E-02
   -9.152284359957E-02
   -1.005348981501E-01
   -1.119850685098E-01
   -1.251642044101E-01
   -1.358086232131E-01
   -1.423086069552E-01
   -1.459691302416E-01
   -1.681620728569E-01
   -1.653706269683E-01
   -1.598728732964E-01
   -1.535520447894E-01
   -1.473045970344E-01
   -1.376150367261E-01
   -1.202495661104E-01
   -1.036089977791E-01
   -9.274787100537E-02
   -8.007133596923E-02
   -6.647533577958E-02
   -5.746538422998E-02
   -4.636247607077E-02
   -3.804388891788E-02
   -3.280080270285E-02
   -2.746910079332E-02
   -3.280080270285E-02
   -3.804388891789E-02
   -4.636247607077E-02
   -5.746538422999E-02
   -6.647533577956E-02
   -8.007133596922E-02
   -9.274787100536E-02
   -1.036089977791E-01
   -1.202495661104E-01
   -1.376150367261E-01
   -1.473045970344E-01
   -1.535520447895E-01
   -1.598728732964E-01
   -1.653706269683E-01
   -2.126511803458E-01
   -2.114724492960E-01
   -2.049105658935E-01
   -1.873146144560E-01
   -1.653228153932E-01
   -1.521799251276E-01
   -1.429316265640E-01
   -1.234760288212E-01
   -1.036089977791E-01
   -9.152284359956E-02
   -7.646715949099E-02
   -6.450317819562E-02
   -5.321936466126E-02
   -4.369980316660E-02
   -3.635880128265E-02
   -2.752559919645E-02
   -3.635880128266E-02
   -4.369980316660E-02
   -5.321936466127E-02
   -6.450317819563E-02
   -7.646715949095E-02
   -9.152284359954E-02
   -1.036089977791E-01
   -1.234760288212E-01
   -1.429316265640E-01
   -1.521799251276E-01
   -1.653228153932E-01
   -1.873146144560E-01
   -2.049105658935E-01
   -2.114724492960E-01
   -1.099892874825E-01
   -1.257440770697E-01
   -1.656810989935E-01
   -2.050785134998E-01
   -2.082170619574E-01
   -1.770731666415E-01
   -1.546566672167E-01
   -1.429316265639E-01
   -1.202495661103E-01
   -1.005348981501E-01
   -8.667855299724E-02
   -7.180753345917E-02
   -5.905087992254E-02
   -4.944181251636E-02
   -3.909806919036E-02
   -2.670691600397E-02
   -3.909806919037E-02
   -4.944181251637E-02
   -5.905087992253E-02
   -7.180753345917E-02
   -8.667855299727E-02
   -1.005348981500E-01
   -1.202495661103E-01
   -1.429316265639E-01
   -1.546566672166E-01
   -1.770731666415E-01
   -2.082170619574E-01
   -2.050785134998E-01
   -1.656810989935E-01
   -1.257440770697E-01
    9.352951754140E-03
    1.326803222471E-02
   -1.447091675756E-03
   -7.691514096025E-02
   -1.772671062139E-01
   -2.109763893531E-01
   -1.770731666415E-01
   -1.521799251275E-01
   -1.376150367261E-01
   -1.119850685098E-01
   -9.421866191167E-02
   -7.932511447247E-02
   -6.481343987447E-02
   -5.555776710379E-02
   -4.272624478814E-02
   -2.445736525514E-02
   -4.272624478810E-02
   -5.555776710383E-02
   -6.481343987447E-02
   -7.932511447248E-02
   -9.421866191174E-02
   -1.119850685098E-01
   -1.376150367261E-01
   -1.521799251276E-01
   -1.770731666414E-01
   -2.109763893531E-01
   -1.772671062139E-01
   -7.691514096024E-02
   -1.447091675736E-03
    1.326803222471E-02
   -3.954650141461E-01
   -3.100907528015E-01
   -1.183935591098E-01
    9.439004007613E-03
   -4.255016649718E-02
   -1.772671062139E-01
   -2.082170619573E-01
   -1.653228153932E-01
   -1.473045970344E-01
   -1.251642044100E-01
   -1.014626505585E-01
   -8.640907120481E-02
   -6.953413627953E-02
   -6.016920178836E-02
   -4.647551911584E-02
   -2.262961996617E-02
   -4.647551911570E-02
   -6.016920178841E-02
   -6.953413627951E-02
   -8.640907120483E-02
   -1.014626505585E-01
   -1.251642044100E-01
   -1.473045970344E-01
   -1.653228153932E-01
   -2.082170619574E-01
   -1.772671062138E-01
   -4.255016649713E-02
    9.439004007603E-03
   -1.183935591098E-01
   -3.100907528015E-01
   -1.331215512140E+00
   -1.165682738478E+00
   -7.272555203863E-01
   -2.358196765132E-01
    9.439004007581E-03
   -7.691514096018E-02
   -2.050785134998E-01
   -1.873146144559E-01
   -1.535520447895E-01
   -1.358086232131E-01
   -1.081015200321E-01
   -9.153999261354E-02
   -7.317872777175E-02
   -6.365254010945E-02
   -5.107849373982E-02
   -2.354231913246E-02
   -5.107849373947E-02
   -6.365254010958E-02
   -7.317872777167E-02
   -9.153999261361E-02
   -1.081015200320E-01
   -1.358086232131E-01
   -1.535520447894E-01
   -1.873146144560E-01
   -2.050785134998E-01
   -7.691514096023E-02
    9.439004007672E-03
   -2.358196765131E-01
   -7.272555203863E-01
   -1.165682738478E+00
   -2.265597304058E+00
   -2.072559644289E+00
   -1.506305276899E+00
   -7.272555203863E-01
   -1.183935591100E-01
   -1.447091675674E-03
   -1.656810989935E-01
   -2.049105658935E-01
   -1.598728732964E-01
   -1.423086069552E-01
   -1.141499723756E-01
   -9.536076404317E-02
   -7.748671865743E-02
   -6.673751602289E-02
   -5.360945453701E-02
   -4.365040948249E-02
   -5.360945453654E-02
   -6.673751602307E-02
   -7.748671865731E-02
   -9.536076404328E-02
   -1.141499723755E-01
   -1.423086069552E-01
   -1.598728732963E-01
   -2.049105658936E-01
   -1.656810989934E-01
   -1.447091675802E-03
   -1.183935591098E-01
   -7.272555203864E-01
   -1.506305276899E+00
   -2.072559644289E+00
   -2.817488708368E+00
   -2.643755869207E+00
   -2.072559644289E+00
   -1.165682738477E+00
   -3.100907528015E-01
    1.326803222469E-02
   -1.257440770697E-01
   -2.114724492960E-01
   -1.653706269683E-01
   -1.459691302416E-01
   -1.190717489512E-01
   -9.737672578670E-02
   -8.001934361050E-02
   -6.796462390325E-02
   -5.475476299733E-02
   -7.244389363551E-02
   -5.475476299696E-02
   -6.796462390338E-02
   -8.001934361043E-02
   -9.737672578677E-02
   -1.190717489511E-01
   -1.459691302417E-01
   -1.653706269683E-01
   -2.114724492960E-01
   -1.257440770696E-01
    1.326803222470E-02
   -3.100907528014E-01
   -1.165682738478E+00
   -2.072559644289E+00
   -2.643755869207E+00
   -2.071905902764E+00
   -1.880207805874E+00
   -1.331215512140E+00
   -6.051598404382E-01
   -7.654623788200E-02
   -1.394074259406E-02
   -1.759446564420E-01
   -2.019878367826E-01
   -1.579566038018E-01
   -1.410086903333E-01
   -1.133128983531E-01
   -9.457414538759E-02
   -7.737154406657E-02
   -6.614434457204E-02
   -5.263356402549E-02
   -4.506264330071E-02
   -5.263356402569E-02
   -6.614434457198E-02
   -7.737154406660E-02
   -9.457414538758E-02
   -1.133128983531E-01
   -1.410086903333E-01
   -1.579566038018E-01
   -2.019878367827E-01
   -1.759446564419E-01
   -1.394074259419E-02
   -7.654623788185E-02
   -6.051598404383E-01
   -1.331215512139E+00
   -1.880207805874E+00
   -1.880207805874E+00
   -1.692413818379E+00
   -1.165682738478E+00
   -4.959882486390E-01
   -4.369497649358E-02
   -2.853881335688E-02
   -1.859911571943E-01
   -1.984849509406E-01
   -1.566589203852E-01
   -1.400007152081E-01
   -1.121146024906E-01
   -9.391819040654E-02
   -7.587074676888E-02
   -6.509316647906E-02
   -5.215037549044E-02
   -3.363032241322E-02
   -5.215037549060E-02
   -6.509316647900E-02
   -7.587074676892E-02
   -9.391819040653E-02
   -1.121146024906E-01
   -1.400007152081E-01
   -1.566589203852E-01
   -1.984849509406E-01
   -1.859911571943E-01
   -2.853881335698E-02
   -4.369497649351E-02
   -4.959882486391E-01
   -1.165682738478E+00
   -1.692413818379E+00
   -1.331215512140E+00
   -1.165682738478E+00
   -7.272555203863E-01
   -2.358196765132E-01
    9.439004007590E-03
   -7.691514096019E-02
   -2.050785134998E-01
   -1.873146144560E-01
   -1.535520447895E-01
   -1.358086232131E-01
   -1.081015200320E-01
   -9.153999261358E-02
   -7.317872777169E-02
   -6.365254010954E-02
   -5.107849373957E-02
   -2.354231913282E-02
   -5.107849373969E-02
   -6.365254010949E-02
   -7.317872777173E-02
   -9.153999261356E-02
   -1.081015200321E-01
   -1.358086232131E-01
   -1.535520447895E-01
   -1.873146144560E-01
   -2.050785134998E-01
   -7.691514096022E-02
    9.439004007659E-03
   -2.358196765131E-01
   -7.272555203863E-01
   -1.165682738478E+00
   -6.051598404383E-01
   -4.959882486391E-01
   -2.358196765131E-01
   -1.947494967227E-02
   -1.393039100747E-02
   -1.536568774268E-01
   -2.108156859581E-01
   -1.705829032750E-01
   -1.492332083703E-01
   -1.281632616915E-01
   -1.036518455243E-01
   -8.814052585071E-02
   -7.032956213713E-02
   -6.100605285282E-02
   -4.756369522537E-02
   -2.197380387609E-02
   -4.756369522545E-02
   -6.100605285277E-02
   -7.032956213716E-02
   -8.814052585070E-02
   -1.036518455243E-01
   -1.281632616915E-01
   -1.492332083703E-01
   -1.705829032749E-01
   -2.108156859582E-01
   -1.536568774269E-01
   -1.393039100745E-02
   -1.947494967217E-02
   -2.358196765131E-01
   -4.959882486391E-01
   -7.654623788193E-02
   -4.369497649352E-02
    9.439004007588E-03
   -1.393039100754E-02
   -1.258115693852E-01
   -2.086320469374E-01
   -1.913374127157E-01
   -1.567066792226E-01
   -1.424333583399E-01
   -1.172302180756E-01
   -9.788070271177E-02
   -8.232315596973E-02
   -6.674763302211E-02
   -5.750692423512E-02
   -4.386588344181E-02
   -2.417061768206E-02
   -4.386588344186E-02
   -5.750692423509E-02
   -6.674763302213E-02
   -8.232315596972E-02
   -9.788070271177E-02
   -1.172302180756E-01
   -1.424333583399E-01
   -1.567066792227E-01
   -1.913374127156E-01
   -2.086320469374E-01
   -1.258115693852E-01
   -1.393039100757E-02
    9.439004007583E-03
   -4.369497649352E-02
   -1.394074259414E-02
   -2.853881335696E-02
   -7.691514096023E-02
   -1.536568774269E-01
   -2.086320469374E-01
   -1.985421536282E-01
   -1.634420486853E-01
   -1.481087187804E-01
   -1.300372173259E-01
   -1.063862136909E-01
   -9.125133056062E-02
   -7.521376843926E-02
   -6.168684948902E-02
   -5.246205624929E-02
   -4.121883260450E-02
   -2.693828461086E-02
   -4.121883260453E-02
   -5.246205624929E-02
   -6.168684948899E-02
   -7.521376843927E-02
   -9.125133056067E-02
   -1.063862136909E-01
   -1.300372173258E-01
   -1.481087187803E-01
   -1.634420486853E-01
   -1.985421536282E-01
   -2.086320469374E-01
   -1.536568774269E-01
   -7.691514096023E-02
   -2.853881335696E-02
   -1.759446564419E-01
   -1.859911571943E-01
   -2.050785134998E-01
   -2.108156859582E-01
   -1.913374127158E-01
   -1.634420486853E-01
   -1.494913316464E-01
   -1.357416338938E-01
   -1.131723190225E-01
   -9.735479684624E-02
   -8.295815052321E-02
   -6.866485984861E-02
   -5.674414433058E-02
   -4.697282984975E-02
   -3.793994445863E-02
   -2.717402023521E-02
   -3.793994445864E-02
   -4.697282984975E-02
   -5.674414433057E-02
   -6.866485984867E-02
   -8.295815052323E-02
   -9.735479684622E-02
   -1.131723190225E-01
   -1.357416338938E-01
   -1.494913316464E-01
   -1.634420486853E-01
   -1.913374127158E-01
   -2.108156859582E-01
   -2.050785134998E-01
   -1.859911571943E-01
   -2.019878367827E-01
   -1.984849509406E-01
   -1.873146144560E-01
   -1.705829032750E-01
   -1.567066792227E-01
   -1.481087187804E-01
   -1.357416338938E-01
   -1.157496280504E-01
   -9.996716113434E-02
   -8.822007364616E-02
   -7.231008086618E-02
   -6.140554483903E-02
   -5.092421123907E-02
   -4.225290042122E-02
   -3.541915330873E-02
   -2.739621557745E-02
   -3.541915330874E-02
   -4.225290042122E-02
   -5.092421123909E-02
   -6.140554483904E-02
   -7.231008086615E-02
   -8.822007364614E-02
   -9.996716113433E-02
   -1.157496280504E-01
   -1.357416338938E-01
   -1.481087187804E-01
   -1.567066792227E-01
   -1.705829032749E-01
   -1.873146144560E-01
   -1.984849509406E-01
   -1.579566038018E-01
   -1.566589203851E-01
   -1.535520447894E-01
   -1.492332083703E-01
   -1.424333583399E-01
   -1.300372173259E-01
   -1.131723190225E-01
   -9.996716113434E-02
   -8.944518448072E-02
   -7.598722823288E-02
   -6.423173062838E-02
   -5.468243567130E-02
   -4.391389371225E-02
   -3.658625605369E-02
   -3.134394022239E-02
   -2.704446220757E-02
   -3.134394022241E-02
   -3.658625605368E-02
   -4.391389371225E-02
   -5.468243567130E-02
   -6.423173062837E-02
   -7.598722823286E-02
   -8.944518448071E-02
   -9.996716113434E-02
   -1.131723190225E-01
   -1.300372173259E-01
   -1.424333583399E-01
   -1.492332083703E-01
   -1.535520447895E-01
   -1.566589203852E-01
   -1.410086903333E-01
   -1.400007152081E-01
   -1.358086232131E-01
   -1.281632616915E-01
   -1.172302180756E-01
   -1.063862136909E-01
   -9.735479684626E-02
   -8.822007364617E-02
   -7.598722823288E-02
   -6.445032323486E-02
   -5.675552086353E-02
   -4.614959286633E-02
   -3.863239797541E-02
   -3.308531728966E-02
   -2.679469110280E-02
   -2.487905041401E-02
   -2.679469110281E-02
   -3.308531728965E-02
   -3.863239797541E-02
   -4.614959286632E-02
   -5.675552086353E-02
   -6.445032323486E-02
   -7.598722823288E-02
   -8.822007364617E-02
   -9.735479684626E-02
   -1.063862136909E-01
   -1.172302180756E-01
   -1.281632616915E-01
   -1.358086232131E-01
   -1.400007152081E-01
   -1.133128983531E-01
   -1.121146024905E-01
   -1.081015200320E-01
   -1.036518455243E-01
   -9.788070271177E-02
   -9.125133056068E-02
   -8.295815052323E-02
   -7.231008086620E-02
   -6.423173062839E-02
   -5.675552086353E-02
   -4.775893474784E-02
   -3.873954860016E-02
   -3.343231896707E-02
   -2.814345773662E-02
   -2.317540331387E-02
   -2.211896019048E-02
   -2.317540331390E-02
   -2.814345773660E-02
   -3.343231896708E-02
   -3.873954860015E-02
   -4.775893474784E-02
   -5.675552086353E-02
   -6.423173062839E-02
   -7.231008086619E-02
   -8.295815052323E-02
   -9.125133056068E-02
   -9.788070271178E-02
   -1.036518455244E-01
   -1.081015200321E-01
   -1.121146024906E-01
   -9.457414538764E-02
   -9.391819040660E-02
   -9.153999261359E-02
   -8.814052585073E-02
   -8.232315596973E-02
   -7.521376843927E-02
   -6.866485984867E-02
   -6.140554483907E-02
   -5.468243567130E-02
   -4.614959286633E-02
   -3.873954860016E-02
   -3.486244828110E-02
   -2.837004991318E-02
   -2.315592066486E-02
   -2.046179239572E-02
   -1.806541179685E-02
   -2.046179239575E-02
   -2.315592066484E-02
   -2.837004991319E-02
   -3.486244828109E-02
   -3.873954860016E-02
   -4.614959286632E-02
   -5.468243567130E-02
   -6.140554483906E-02
   -6.866485984867E-02
   -7.521376843926E-02
   -8.232315596971E-02
   -8.814052585069E-02
   -9.153999261356E-02
   -9.391819040657E-02
   -7.737154406653E-02
   -7.587074676882E-02
   -7.317872777169E-02
   -7.032956213712E-02
   -6.674763302211E-02
   -6.168684948902E-02
   -5.674414433058E-02
   -5.092421123909E-02
   -4.391389371225E-02
   -3.863239797541E-02
   -3.343231896707E-02
   -2.837004991318E-02
   -2.273074183511E-02
   -1.994973784669E-02
   -1.781742484146E-02
   -1.458741439081E-02
   -1.781742484150E-02
   -1.994973784666E-02
   -2.273074183512E-02
   -2.837004991317E-02
   -3.343231896707E-02
   -3.863239797540E-02
   -4.391389371225E-02
   -5.092421123908E-02
   -5.674414433058E-02
   -6.168684948903E-02
   -6.674763302214E-02
   -7.032956213717E-02
   -7.317872777172E-02
   -7.587074676884E-02
   -6.614434457209E-02
   -6.509316647917E-02
   -6.365254010954E-02
   -6.100605285285E-02
   -5.750692423512E-02
   -5.246205624932E-02
   -4.697282984974E-02
   -4.225290042123E-02
   -3.658625605368E-02
   -3.308531728965E-02
   -2.814345773660E-02
   -2.315592066484E-02
   -1.994973784667E-02
   -1.590897961079E-02
   -1.444080593781E-02
   -1.490043711812E-02
   -1.444080593780E-02
   -1.590897961077E-02
   -1.994973784668E-02
   -2.315592066483E-02
   -2.814345773661E-02
   -3.308531728964E-02
   -3.658625605368E-02
   -4.225290042122E-02
   -4.697282984974E-02
   -5.246205624929E-02
   -5.750692423507E-02
   -6.100605285276E-02
   -6.365254010950E-02
   -6.509316647910E-02
   -5.263356402529E-02
   -5.215037549031E-02
   -5.107849373952E-02
   -4.756369522535E-02
   -4.386588344181E-02
   -4.121883260451E-02
   -3.793994445860E-02
   -3.541915330873E-02
   -3.134394022239E-02
   -2.679469110281E-02
   -2.317540331386E-02
   -2.046179239574E-02
   -1.781742484145E-02
   -1.444080593787E-02
   -1.234313789656E-02
   -1.187129946072E-02
   -1.234313789644E-02
   -1.444080593782E-02
   -1.781742484151E-02
   -2.046179239569E-02
   -2.317540331390E-02
   -2.679469110279E-02
   -3.134394022241E-02
   -3.541915330873E-02
   -3.793994445863E-02
   -4.121883260454E-02
   -4.386588344190E-02
   -4.756369522552E-02
   -5.107849373965E-02
   -5.215037549042E-02
   -4.506264330020E-02
   -3.363032241186E-02
   -2.354231913429E-02
   -2.197380387565E-02
   -2.417061768230E-02
   -2.693828461099E-02
   -2.717402023508E-02
   -2.739621557762E-02
   -2.704446220739E-02
   -2.487905041427E-02
   -2.211896019021E-02
   -1.806541179721E-02
   -1.458741439039E-02
   -1.490043711880E-02
   -1.187129945976E-02
    3.266393604616E-03
   -1.187129946074E-02
   -1.490043711809E-02
   -1.458741439095E-02
   -1.806541179679E-02
   -2.211896019048E-02
   -2.487905041407E-02
   -2.704446220751E-02
   -2.739621557752E-02
   -2.717402023502E-02
   -2.693828461106E-02
   -2.417061768177E-02
   -2.197380387566E-02
   -2.354231913471E-02
   -3.363032241265E-02
   -5.263356402590E-02
   -5.215037549081E-02
   -5.107849373971E-02
   -4.756369522550E-02
   -4.386588344189E-02
   -4.121883260452E-02
   -3.793994445865E-02
   -3.541915330875E-02
   -3.134394022240E-02
   -2.679469110282E-02
   -2.317540331387E-02
   -2.046179239574E-02
   -1.781742484144E-02
   -1.444080593786E-02
   -1.234313789652E-02
   -1.187129945983E-02
   -1.234313789639E-02
   -1.444080593785E-02
   -1.781742484151E-02
   -2.046179239570E-02
   -2.317540331390E-02
   -2.679469110279E-02
   -3.134394022241E-02
   -3.541915330871E-02
   -3.793994445862E-02
   -4.121883260451E-02
   -4.386588344180E-02
   -4.756369522536E-02
   -5.107849373960E-02
   -5.215037549069E-02
   -6.614434457185E-02
   -6.509316647891E-02
   -6.365254010947E-02
   -6.100605285276E-02
   -5.750692423509E-02
   -5.246205624930E-02
   -4.697282984973E-02
   -4.225290042122E-02
   -3.658625605367E-02
   -3.308531728965E-02
   -2.814345773660E-02
   -2.315592066483E-02
   -1.994973784666E-02
   -1.590897961077E-02
   -1.444080593779E-02
   -1.490043711850E-02
   -1.444080593782E-02
   -1.590897961075E-02
   -1.994973784666E-02
   -2.315592066483E-02
   -2.814345773661E-02
   -3.308531728964E-02
   -3.658625605369E-02
   -4.225290042122E-02
   -4.697282984974E-02
   -5.246205624933E-02
   -5.750692423512E-02
   -6.100605285284E-02
   -6.365254010952E-02
   -6.509316647897E-02
   -7.737154406667E-02
   -7.587074676898E-02
   -7.317872777174E-02
   -7.032956213717E-02
   -6.674763302213E-02
   -6.168684948903E-02
   -5.674414433059E-02
   -5.092421123909E-02
   -4.391389371225E-02
   -3.863239797541E-02
   -3.343231896707E-02
   -2.837004991317E-02
   -2.273074183511E-02
   -1.994973784666E-02
   -1.781742484144E-02
   -1.458741439052E-02
   -1.781742484146E-02
   -1.994973784665E-02
   -2.273074183511E-02
   -2.837004991317E-02
   -3.343231896708E-02
   -3.863239797540E-02
   -4.391389371226E-02
   -5.092421123908E-02
   -5.674414433058E-02
   -6.168684948901E-02
   -6.674763302210E-02
   -7.032956213713E-02
   -7.317872777170E-02
   -7.587074676893E-02
   -9.457414538752E-02
   -9.391819040649E-02
   -9.153999261355E-02
   -8.814052585069E-02
   -8.232315596972E-02
   -7.521376843926E-02
   -6.866485984867E-02
   -6.140554483906E-02
   -5.468243567130E-02
   -4.614959286632E-02
   -3.873954860016E-02
   -3.486244828109E-02
   -2.837004991318E-02
   -2.315592066483E-02
   -2.046179239572E-02
   -1.806541179705E-02
   -2.046179239574E-02
   -2.315592066484E-02
   -2.837004991317E-02
   -3.486244828109E-02
   -3.873954860016E-02
   -4.614959286632E-02
   -5.468243567130E-02
   -6.140554483907E-02
   -6.866485984867E-02
   -7.521376843928E-02
   -8.232315596973E-02
   -8.814052585073E-02
   -9.153999261358E-02
   -9.391819040651E-02
   -1.133128983532E-01
   -1.121146024906E-01
   -1.081015200321E-01
   -1.036518455244E-01
   -9.788070271178E-02
   -9.125133056068E-02
   -8.295815052324E-02
   -7.231008086620E-02
   -6.423173062839E-02
   -5.675552086353E-02
   -4.775893474784E-02
   -3.873954860016E-02
   -3.343231896707E-02
   -2.814345773659E-02
   -2.317540331387E-02
   -2.211896019033E-02
   -2.317540331387E-02
   -2.814345773660E-02
   -3.343231896707E-02
   -3.873954860015E-02
   -4.775893474785E-02
   -5.675552086353E-02
   -6.423173062839E-02
   -7.231008086619E-02
   -8.295815052323E-02
   -9.125133056067E-02
   -9.788070271176E-02
   -1.036518455243E-01
   -1.081015200320E-01
   -1.121146024906E-01
   -1.410086903333E-01
   -1.400007152080E-01
   -1.358086232131E-01
   -1.281632616915E-01
   -1.172302180756E-01
   -1.063862136909E-01
   -9.735479684626E-02
   -8.822007364616E-02
   -7.598722823288E-02
   -6.445032323486E-02
   -5.675552086353E-02
   -4.614959286632E-02
   -3.863239797541E-02
   -3.308531728964E-02
   -2.679469110281E-02
   -2.487905041414E-02
   -2.679469110280E-02
   -3.308531728965E-02
   -3.863239797540E-02
   -4.614959286632E-02
   -5.675552086354E-02
   -6.445032323485E-02
   -7.598722823288E-02
   -8.822007364617E-02
   -9.735479684626E-02
   -1.063862136909E-01
   -1.172302180756E-01
   -1.281632616915E-01
   -1.358086232131E-01
   -1.400007152081E-01
   -1.579566038018E-01
   -1.566589203852E-01
   -1.535520447895E-01
   -1.492332083703E-01
   -1.424333583399E-01
   -1.300372173259E-01
   -1.131723190225E-01
   -9.996716113434E-02
   -8.944518448071E-02
   -7.598722823287E-02
   -6.423173062838E-02
   -5.468243567129E-02
   -4.391389371225E-02
   -3.658625605367E-02
   -3.134394022240E-02
   -2.704446220748E-02
   -3.134394022238E-02
   -3.658625605368E-02
   -4.391389371224E-02
   -5.468243567130E-02
   -6.423173062837E-02
   -7.598722823286E-02
   -8.944518448071E-02
   -9.996716113434E-02
   -1.131723190225E-01
   -1.300372173259E-01
   -1.424333583399E-01
   -1.492332083703E-01
   -1.535520447895E-01
   -1.566589203852E-01
   -2.019878367826E-01
   -1.984849509406E-01
   -1.873146144560E-01
   -1.705829032749E-01
   -1.567066792227E-01
   -1.481087187804E-01
   -1.357416338938E-01
   -1.157496280504E-01
   -9.996716113434E-02
   -8.822007364616E-02
   -7.231008086618E-02
   -6.140554483903E-02
   -5.092421123907E-02
   -4.225290042121E-02
   -3.541915330874E-02
   -2.739621557753E-02
   -3.541915330873E-02
   -4.225290042122E-02
   -5.092421123907E-02
   -6.140554483904E-02
   -7.231008086615E-02
   -8.822007364614E-02
   -9.996716113434E-02
   -1.157496280504E-01
   -1.357416338938E-01
   -1.481087187804E-01
   -1.567066792227E-01
   -1.705829032749E-01
   -1.873146144560E-01
   -1.984849509406E-01
   -1.759446564420E-01
   -1.859911571943E-01
   -2.050785134998E-01
   -2.108156859582E-01
   -1.913374127158E-01
   -1.634420486853E-01
   -1.494913316464E-01
   -1.357416338938E-01
   -1.131723190225E-01
   -9.735479684624E-02
   -8.295815052321E-02
   -6.866485984861E-02
   -5.674414433058E-02
   -4.697282984974E-02
   -3.793994445863E-02
   -2.717402023511E-02
   -3.793994445863E-02
   -4.697282984975E-02
   -5.674414433056E-02
   -6.866485984868E-02
   -8.295815052323E-02
   -9.735479684621E-02
   -1.131723190225E-01
   -1.357416338938E-01
   -1.494913316464E-01
   -1.634420486853E-01
   -1.913374127158E-01
   -2.108156859582E-01
   -2.050785134998E-01
   -1.859911571943E-01
   -1.394074259412E-02
   -2.853881335693E-02
   -7.691514096022E-02
   -1.536568774269E-01
   -2.086320469374E-01
   -1.985421536282E-01
   -1.634420486853E-01
   -1.481087187804E-01
   -1.300372173259E-01
   -1.063862136909E-01
   -9.125133056063E-02
   -7.521376843926E-02
   -6.168684948903E-02
   -5.246205624928E-02
   -4.121883260450E-02
   -2.693828461087E-02
   -4.121883260453E-02
   -5.246205624930E-02
   -6.168684948898E-02
   -7.521376843927E-02
   -9.125133056067E-02
   -1.063862136909E-01
   -1.300372173258E-01
   -1.481087187803E-01
   -1.634420486853E-01
   -1.985421536282E-01
   -2.086320469374E-01
   -1.536568774269E-01
   -7.691514096023E-02
   -2.853881335694E-02
   -7.654623788197E-02
   -4.369497649354E-02
    9.439004007578E-03
   -1.393039100755E-02
   -1.258115693852E-01
   -2.086320469374E-01
   -1.913374127157E-01
   -1.567066792226E-01
   -1.424333583399E-01
   -1.172302180756E-01
   -9.788070271177E-02
   -8.232315596973E-02
   -6.674763302211E-02
   -5.750692423512E-02
   -4.386588344180E-02
   -2.417061768196E-02
   -4.386588344187E-02
   -5.750692423510E-02
   -6.674763302213E-02
   -8.232315596972E-02
   -9.788070271177E-02
   -1.172302180756E-01
   -1.424333583399E-01
   -1.567066792227E-01
   -1.913374127156E-01
   -2.086320469374E-01
   -1.258115693852E-01
   -1.393039100756E-02
    9.439004007586E-03
   -4.369497649353E-02
   -6.051598404383E-01
   -4.959882486391E-01
   -2.358196765131E-01
   -1.947494967227E-02
   -1.393039100747E-02
   -1.536568774268E-01
   -2.108156859581E-01
   -1.705829032750E-01
   -1.492332083703E-01
   -1.281632616915E-01
   -1.036518455243E-01
   -8.814052585071E-02
   -7.032956213714E-02
   -6.100605285281E-02
   -4.756369522536E-02
   -2.197380387606E-02
   -4.756369522546E-02
   -6.100605285278E-02
   -7.032956213716E-02
   -8.814052585070E-02
   -1.036518455243E-01
   -1.281632616915E-01
   -1.492332083703E-01
   -1.705829032749E-01
   -2.108156859582E-01
   -1.536568774269E-01
   -1.393039100745E-02
   -1.947494967217E-02
   -2.358196765131E-01
   -4.959882486391E-01
   -1.331215512139E+00
   -1.165682738478E+00
   -7.272555203863E-01
   -2.358196765132E-01
    9.439004007588E-03
   -7.691514096019E-02
   -2.050785134998E-01
   -1.873146144560E-01
   -1.535520447895E-01
   -1.358086232131E-01
   -1.081015200320E-01
   -9.153999261358E-02
   -7.317872777170E-02
   -6.365254010954E-02
   -5.107849373956E-02
   -2.354231913281E-02
   -5.107849373970E-02
   -6.365254010949E-02
   -7.317872777173E-02
   -9.153999261356E-02
   -1.081015200321E-01
   -1.358086232131E-01
   -1.535520447895E-01
   -1.873146144560E-01
   -2.050785134998E-01
   -7.691514096022E-02
    9.439004007661E-03
   -2.358196765131E-01
   -7.272555203863E-01
   -1.165682738478E+00
   -1.880207805874E+00
   -1.692413818379E+00
   -1.165682738478E+00
   -4.959882486390E-01
   -4.369497649358E-02
   -2.853881335688E-02
   -1.859911571943E-01
   -1.984849509406E-01
   -1.566589203852E-01
   -1.400007152081E-01
   -1.121146024906E-01
   -9.391819040654E-02
   -7.587074676888E-02
   -6.509316647906E-02
   -5.215037549042E-02
   -3.363032241340E-02
   -5.215037549062E-02
   -6.509316647900E-02
   -7.587074676892E-02
   -9.391819040653E-02
   -1.121146024906E-01
   -1.400007152081E-01
   -1.566589203852E-01
   -1.984849509406E-01
   -1.859911571943E-01
   -2.853881335698E-02
   -4.369497649351E-02
   -4.959882486391E-01
   -1.165682738478E+00
   -1.692413818379E+00
   -8.617492312360E-01
   -7.276042597095E-01
   -3.954650141461E-01
   -7.654623788199E-02
    7.630512315808E-03
   -1.260031799804E-01
   -2.118414801719E-01
   -1.774720161335E-01
   -1.507471708525E-01
   -1.309952944759E-01
   -1.053558717902E-01
   -8.905887014870E-02
   -7.156888389732E-02
   -6.264316087648E-02
   -4.915022719008E-02
   -1.984174982559E-02
   -4.915022718999E-02
   -6.264316087649E-02
   -7.156888389731E-02
   -8.905887014870E-02
   -1.053558717902E-01
   -1.309952944758E-01
   -1.507471708526E-01
   -1.774720161334E-01
   -2.118414801719E-01
   -1.260031799803E-01
    7.630512315588E-03
   -7.654623788180E-02
   -3.954650141462E-01
   -7.276042597095E-01
   -7.276042597095E-01
   -6.057875855865E-01
   -3.100907528014E-01
   -4.369497649358E-02
   -1.094816326725E-03
   -1.402629972596E-01
   -2.119008775672E-01
   -1.737120870977E-01
   -1.499233195692E-01
   -1.299612702908E-01
   -1.045775650711E-01
   -8.854392903821E-02
   -7.070607877301E-02
   -6.161541767644E-02
   -4.865373760920E-02
   -2.244178236350E-02
   -4.865373760913E-02
   -6.161541767645E-02
   -7.070607877300E-02
   -8.854392903822E-02
   -1.045775650710E-01
   -1.299612702908E-01
   -1.499233195692E-01
   -1.737120870977E-01
   -2.119008775672E-01
   -1.402629972597E-01
   -1.094816326879E-03
   -4.369497649345E-02
   -3.100907528015E-01
   -6.057875855866E-01
   -3.954650141461E-01
   -3.100907528015E-01
   -1.183935591098E-01
    9.439004007606E-03
   -4.255016649718E-02
   -1.772671062139E-01
   -2.082170619573E-01
   -1.653228153932E-01
   -1.473045970344E-01
   -1.251642044100E-01
   -1.014626505585E-01
   -8.640907120482E-02
   -6.953413627953E-02
   -6.016920178837E-02
   -4.647551911579E-02
   -2.262961996631E-02
   -4.647551911575E-02
   -6.016920178838E-02
   -6.953413627952E-02
   -8.640907120482E-02
   -1.014626505585E-01
   -1.251642044100E-01
   -1.473045970344E-01
   -1.653228153932E-01
   -2.082170619574E-01
   -1.772671062138E-01
   -4.255016649713E-02
    9.439004007604E-03
   -1.183935591098E-01
   -3.100907528015E-01
   -7.654623788193E-02
   -4.369497649353E-02
    9.439004007579E-03
   -1.393039100754E-02
   -1.258115693852E-01
   -2.086320469374E-01
   -1.913374127158E-01
   -1.567066792226E-01
   -1.424333583399E-01
   -1.172302180756E-01
   -9.788070271177E-02
   -8.232315596973E-02
   -6.674763302212E-02
   -5.750692423511E-02
   -4.386588344184E-02
   -2.417061768174E-02
   -4.386588344182E-02
   -5.750692423512E-02
   -6.674763302212E-02
   -8.232315596973E-02
   -9.788070271177E-02
   -1.172302180756E-01
   -1.424333583399E-01
   -1.567066792227E-01
   -1.913374127156E-01
   -2.086320469374E-01
   -1.258115693852E-01
   -1.393039100757E-02
    9.439004007584E-03
   -4.369497649353E-02
    7.630512315674E-03
   -1.094816326856E-03
   -4.255016649721E-02
   -1.258115693852E-01
   -2.002055512149E-01
   -2.044334157898E-01
   -1.678142720299E-01
   -1.504200508519E-01
   -1.330870688608E-01
   -1.078280181165E-01
   -9.292335825336E-02
   -7.642485233028E-02
   -6.287592347243E-02
   -5.396445413275E-02
   -4.165575205751E-02
   -2.678040925533E-02
   -4.165575205751E-02
   -5.396445413279E-02
   -6.287592347238E-02
   -7.642485233029E-02
   -9.292335825341E-02
   -1.078280181165E-01
   -1.330870688608E-01
   -1.504200508518E-01
   -1.678142720298E-01
   -2.044334157898E-01
   -2.002055512149E-01
   -1.258115693852E-01
   -4.255016649721E-02
   -1.094816326855E-03
   -1.260031799803E-01
   -1.402629972597E-01
   -1.772671062139E-01
   -2.086320469374E-01
   -2.044334157898E-01
   -1.741446837135E-01
   -1.529781397316E-01
   -1.414386879308E-01
   -1.188571423932E-01
   -9.979206197520E-02
   -8.635055961358E-02
   -7.083882655965E-02
   -5.870004388932E-02
   -4.887617747571E-02
   -3.881288033664E-02
   -2.739609057706E-02
   -3.881288033664E-02
   -4.887617747573E-02
   -5.870004388929E-02
   -7.083882655966E-02
   -8.635055961361E-02
   -9.979206197517E-02
   -1.188571423932E-01
   -1.414386879307E-01
   -1.529781397315E-01
   -1.741446837135E-01
   -2.044334157898E-01
   -2.086320469374E-01
   -1.772671062139E-01
   -1.402629972597E-01
   -2.118414801719E-01
   -2.119008775671E-01
   -2.082170619574E-01
   -1.913374127158E-01
   -1.678142720299E-01
   -1.529781397316E-01
   -1.436286492058E-01
   -1.255056007666E-01
   -1.046374805096E-01
   -9.187331175591E-02
   -7.746759350027E-02
   -6.553809878019E-02
   -5.353517034459E-02
   -4.305491255566E-02
   -3.647263060384E-02
   -2.820741962776E-02
   -3.647263060383E-02
   -4.305491255567E-02
   -5.353517034461E-02
   -6.553809878020E-02
   -7.746759350029E-02
   -9.187331175589E-02
   -1.046374805096E-01
   -1.255056007666E-01
   -1.436286492058E-01
   -1.529781397316E-01
   -1.678142720299E-01
   -1.913374127158E-01
   -2.082170619574E-01
   -2.119008775671E-01
   -1.774720161333E-01
   -1.737120870977E-01
   -1.653228153932E-01
   -1.567066792227E-01
   -1.504200508520E-01
   -1.414386879308E-01
   -1.255056007666E-01
   -1.077428617633E-01
   -9.447707479304E-02
   -8.235534538829E-02
   -6.822575565640E-02
   -5.838096537856E-02
   -4.723762307469E-02
   -3.886063780595E-02
   -3.377007563965E-02
   -2.777950358841E-02
   -3.377007563965E-02
   -3.886063780595E-02
   -4.723762307470E-02
   -5.838096537857E-02
   -6.822575565638E-02
   -8.235534538828E-02
   -9.447707479303E-02
   -1.077428617633E-01
   -1.255056007666E-01
   -1.414386879308E-01
   -1.504200508520E-01
   -1.567066792227E-01
   -1.653228153932E-01
   -1.737120870977E-01
   -1.507471708526E-01
   -1.499233195692E-01
   -1.473045970344E-01
   -1.424333583399E-01
   -1.330870688609E-01
   -1.188571423933E-01
   -1.046374805096E-01
   -9.447707479304E-02
   -8.336140269554E-02
   -7.121121444914E-02
   -6.201470906914E-02
   -5.107598902069E-02
   -4.106767118398E-02
   -3.485853949028E-02
   -2.942038785439E-02
   -2.628398486396E-02
   -2.942038785438E-02
   -3.485853949028E-02
   -4.106767118398E-02
   -5.107598902069E-02
   -6.201470906914E-02
   -7.121121444913E-02
   -8.336140269554E-02
   -9.447707479304E-02
   -1.046374805096E-01
   -1.188571423933E-01
   -1.330870688609E-01
   -1.424333583399E-01
   -1.473045970344E-01
   -1.499233195692E-01
   -1.309952944759E-01
   -1.299612702908E-01
   -1.251642044101E-01
   -1.172302180756E-01
   -1.078280181166E-01
   -9.979206197523E-02
   -9.187331175592E-02
   -8.235534538830E-02
   -7.121121444914E-02
   -6.086344830334E-02
   -5.325283432677E-02
   -4.304458730961E-02
   -3.710137553954E-02
   -3.170916686535E-02
   -2.506989149313E-02
   -2.382097752963E-02
   -2.506989149314E-02
   -3.170916686535E-02
   -3.710137553953E-02
   -4.304458730961E-02
   -5.325283432676E-02
   -6.086344830334E-02
   -7.121121444914E-02
   -8.235534538829E-02
   -9.187331175592E-02
   -9.979206197523E-02
   -1.078280181166E-01
   -1.172302180756E-01
   -1.251642044100E-01
   -1.299612702908E-01
   -1.053558717902E-01
   -1.045775650711E-01
   -1.014626505585E-01
   -9.788070271178E-02
   -9.292335825343E-02
   -8.635055961362E-02
   -7.746759350029E-02
   -6.822575565641E-02
   -6.201470906915E-02
   -5.325283432677E-02
   -4.368419704567E-02
   -3.661639495541E-02
   -3.190986788215E-02
   -2.665697111702E-02
   -2.176668579537E-02
   -2.033245528059E-02
   -2.176668579537E-02
   -2.665697111701E-02
   -3.190986788214E-02
   -3.661639495541E-02
   -4.368419704566E-02
   -5.325283432676E-02
   -6.201470906914E-02
   -6.822575565641E-02
   -7.746759350029E-02
   -8.635055961362E-02
   -9.292335825343E-02
   -9.788070271177E-02
   -1.014626505585E-01
   -1.045775650711E-01
   -8.905887014869E-02
   -8.854392903820E-02
   -8.640907120483E-02
   -8.232315596972E-02
   -7.642485233028E-02
   -7.083882655965E-02
   -6.553809878023E-02
   -5.838096537858E-02
   -5.107598902069E-02
   -4.304458730960E-02
   -3.661639495541E-02
   -3.287906330095E-02
   -2.640815085241E-02
   -2.192695686177E-02
   -1.959045562924E-02
   -1.690368000097E-02
   -1.959045562925E-02
   -2.192695686176E-02
   -2.640815085241E-02
   -3.287906330095E-02
   -3.661639495540E-02
   -4.304458730960E-02
   -5.107598902069E-02
   -5.838096537858E-02
   -6.553809878023E-02
   -7.083882655965E-02
   -7.642485233028E-02
   -8.232315596972E-02
   -8.640907120481E-02
   -8.854392903820E-02
   -7.156888389732E-02
   -7.070607877302E-02
   -6.953413627951E-02
   -6.674763302213E-02
   -6.287592347243E-02
   -5.870004388932E-02
   -5.353517034463E-02
   -4.723762307470E-02
   -4.106767118398E-02
   -3.710137553953E-02
   -3.190986788215E-02
   -2.640815085241E-02
   -2.128185137606E-02
   -1.871025101378E-02
   -1.678505576945E-02
   -1.403390182396E-02
   -1.678505576944E-02
   -1.871025101378E-02
   -2.128185137606E-02
   -2.640815085241E-02
   -3.190986788214E-02
   -3.710137553953E-02
   -4.106767118398E-02
   -4.723762307470E-02
   -5.353517034462E-02
   -5.870004388931E-02
   -6.287592347244E-02
   -6.674763302212E-02
   -6.953413627953E-02
   -7.070607877301E-02
   -6.264316087650E-02
   -6.161541767643E-02
   -6.016920178841E-02
   -5.750692423509E-02
   -5.396445413278E-02
   -4.887617747572E-02
   -4.305491255566E-02
   -3.886063780595E-02
   -3.485853949028E-02
   -3.170916686535E-02
   -2.665697111702E-02
   -2.192695686177E-02
   -1.871025101379E-02
   -1.510408996018E-02
   -1.373012374572E-02
   -1.386375089708E-02
   -1.373012374575E-02
   -1.510408996018E-02
   -1.871025101378E-02
   -2.192695686178E-02
   -2.665697111701E-02
   -3.170916686535E-02
   -3.485853949028E-02
   -3.886063780595E-02
   -4.305491255567E-02
   -4.887617747571E-02
   -5.396445413278E-02
   -5.750692423510E-02
   -6.016920178837E-02
   -6.161541767644E-02
   -4.915022719011E-02
   -4.865373760919E-02
   -4.647551911575E-02
   -4.386588344186E-02
   -4.165575205751E-02
   -3.881288033664E-02
   -3.647263060387E-02
   -3.377007563964E-02
   -2.942038785439E-02
   -2.506989149311E-02
   -2.176668579538E-02
   -1.959045562924E-02
   -1.678505576945E-02
   -1.373012374567E-02
   -1.187741998721E-02
   -1.121623188958E-02
   -1.187741998722E-02
   -1.373012374573E-02
   -1.678505576942E-02
   -1.959045562926E-02
   -2.176668579535E-02
   -2.506989149313E-02
   -2.942038785438E-02
   -3.377007563965E-02
   -3.647263060385E-02
   -3.881288033663E-02
   -4.165575205752E-02
   -4.386588344183E-02
   -4.647551911577E-02
   -4.865373760920E-02
   -1.984174982517E-02
   -2.244178236419E-02
   -2.262961996614E-02
   -2.417061768125E-02
   -2.678040925545E-02
   -2.739609057685E-02
   -2.820741962801E-02
   -2.777950358822E-02
   -2.628398486412E-02
   -2.382097752943E-02
   -2.033245528073E-02
   -1.690368000079E-02
   -1.403390182409E-02
   -1.386375089671E-02
   -1.121623188995E-02
    1.025873361215E-02
   -1.121623188923E-02
   -1.386375089726E-02
   -1.403390182379E-02
   -1.690368000104E-02
   -2.033245528052E-02
   -2.382097752965E-02
   -2.628398486397E-02
   -2.777950358839E-02
   -2.820741962792E-02
   -2.739609057682E-02
   -2.678040925558E-02
   -2.417061768160E-02
   -2.262961996570E-02
   -2.244178236408E-02
   -4.915022718995E-02
   -4.865373760903E-02
   -4.647551911579E-02
   -4.386588344177E-02
   -4.165575205748E-02
   -3.881288033663E-02
   -3.647263060384E-02
   -3.377007563964E-02
   -2.942038785439E-02
   -2.506989149312E-02
   -2.176668579537E-02
   -1.959045562926E-02
   -1.678505576944E-02
   -1.373012374571E-02
   -1.187741998720E-02
   -1.121623188951E-02
   -1.187741998726E-02
   -1.373012374572E-02
   -1.678505576945E-02
   -1.959045562926E-02
   -2.176668579537E-02
   -2.506989149314E-02
   -2.942038785439E-02
   -3.377007563965E-02
   -3.647263060386E-02
   -3.881288033662E-02
   -4.165575205748E-02
   -4.386588344180E-02
   -4.647551911574E-02
   -4.865373760902E-02
   -6.264316087655E-02
   -6.161541767651E-02
   -6.016920178837E-02
   -5.750692423512E-02
   -5.396445413280E-02
   -4.887617747571E-02
   -4.305491255567E-02
   -3.886063780594E-02
   -3.485853949028E-02
   -3.170916686534E-02
   -2.665697111701E-02
   -2.192695686177E-02
   -1.871025101380E-02
   -1.510408996019E-02
   -1.373012374577E-02
   -1.386375089721E-02
   -1.373012374576E-02
   -1.510408996020E-02
   -1.871025101380E-02
   -2.192695686177E-02
   -2.665697111702E-02
   -3.170916686535E-02
   -3.485853949028E-02
   -3.886063780594E-02
   -4.305491255567E-02
   -4.887617747571E-02
   -5.396445413281E-02
   -5.750692423512E-02
   -6.016920178841E-02
   -6.161541767652E-02
   -7.156888389728E-02
   -7.070607877297E-02
   -6.953413627953E-02
   -6.674763302210E-02
   -6.287592347242E-02
   -5.870004388931E-02
   -5.353517034462E-02
   -4.723762307470E-02
   -4.106767118398E-02
   -3.710137553953E-02
   -3.190986788214E-02
   -2.640815085241E-02
   -2.128185137607E-02
   -1.871025101379E-02
   -1.678505576945E-02
   -1.403390182394E-02
   -1.678505576946E-02
   -1.871025101380E-02
   -2.128185137607E-02
   -2.640815085241E-02
   -3.190986788215E-02
   -3.710137553953E-02
   -4.106767118398E-02
   -4.723762307470E-02
   -5.353517034462E-02
   -5.870004388931E-02
   -6.287592347241E-02
   -6.674763302211E-02
   -6.953413627950E-02
   -7.070607877297E-02
   -8.905887014872E-02
   -8.854392903823E-02
   -8.640907120482E-02
   -8.232315596973E-02
   -7.642485233029E-02
   -7.083882655965E-02
   -6.553809878024E-02
   -5.838096537858E-02
   -5.107598902069E-02
   -4.304458730960E-02
   -3.661639495540E-02
   -3.287906330095E-02
   -2.640815085241E-02
   -2.192695686177E-02
   -1.959045562925E-02
   -1.690368000098E-02
   -1.959045562925E-02
   -2.192695686177E-02
   -2.640815085241E-02
   -3.287906330095E-02
   -3.661639495540E-02
   -4.304458730960E-02
   -5.107598902069E-02
   -5.838096537858E-02
   -6.553809878023E-02
   -7.083882655965E-02
   -7.642485233029E-02
   -8.232315596973E-02
   -8.640907120483E-02
   -8.854392903824E-02
   -1.053558717902E-01
   -1.045775650710E-01
   -1.014626505585E-01
   -9.788070271176E-02
   -9.292335825342E-02
   -8.635055961362E-02
   -7.746759350029E-02
   -6.822575565641E-02
   -6.201470906915E-02
   -5.325283432676E-02
   -4.368419704566E-02
   -3.661639495540E-02
   -3.190986788214E-02
   -2.665697111702E-02
   -2.176668579536E-02
   -2.033245528054E-02
   -2.176668579537E-02
   -2.665697111702E-02
   -3.190986788214E-02
   -3.661639495540E-02
   -4.368419704567E-02
   -5.325283432676E-02
   -6.201470906915E-02
   -6.822575565641E-02
   -7.746759350029E-02
   -8.635055961361E-02
   -9.292335825342E-02
   -9.788070271177E-02
   -1.014626505585E-01
   -1.045775650710E-01
   -1.309952944759E-01
   -1.299612702909E-01
   -1.251642044100E-01
   -1.172302180756E-01
   -1.078280181166E-01
   -9.979206197523E-02
   -9.187331175592E-02
   -8.235534538829E-02
   -7.121121444914E-02
   -6.086344830334E-02
   -5.325283432676E-02
   -4.304458730960E-02
   -3.710137553953E-02
   -3.170916686535E-02
   -2.506989149313E-02
   -2.382097752963E-02
   -2.506989149313E-02
   -3.170916686535E-02
   -3.710137553953E-02
   -4.304458730960E-02
   -5.325283432676E-02
   -6.086344830333E-02
   -7.121121444914E-02
   -8.235534538829E-02
   -9.187331175592E-02
   -9.979206197523E-02
   -1.078280181166E-01
   -1.172302180756E-01
   -1.251642044101E-01
   -1.299612702909E-01
   -1.507471708526E-01
   -1.499233195692E-01
   -1.473045970344E-01
   -1.424333583399E-01
   -1.330870688609E-01
   -1.188571423933E-01
   -1.046374805096E-01
   -9.447707479304E-02
   -8.336140269555E-02
   -7.121121444914E-02
   -6.201470906914E-02
   -5.107598902069E-02
   -4.106767118397E-02
   -3.485853949028E-02
   -2.942038785438E-02
   -2.628398486394E-02
   -2.942038785438E-02
   -3.485853949027E-02
   -4.106767118398E-02
   -5.107598902069E-02
   -6.201470906914E-02
   -7.121121444913E-02
   -8.336140269554E-02
   -9.447707479304E-02
   -1.046374805096E-01
   -1.188571423933E-01
   -1.330870688609E-01
   -1.424333583399E-01
   -1.473045970344E-01
   -1.499233195692E-01
   -1.774720161335E-01
   -1.737120870977E-01
   -1.653228153932E-01
   -1.567066792227E-01
   -1.504200508520E-01
   -1.414386879308E-01
   -1.255056007666E-01
   -1.077428617633E-01
   -9.447707479304E-02
   -8.235534538829E-02
   -6.822575565639E-02
   -5.838096537856E-02
   -4.723762307469E-02
   -3.886063780594E-02
   -3.377007563965E-02
   -2.777950358844E-02
   -3.377007563965E-02
   -3.886063780594E-02
   -4.723762307470E-02
   -5.838096537856E-02
   -6.822575565638E-02
   -8.235534538827E-02
   -9.447707479303E-02
   -1.077428617633E-01
   -1.255056007666E-01
   -1.414386879308E-01
   -1.504200508520E-01
   -1.567066792227E-01
   -1.653228153932E-01
   -1.737120870977E-01
   -2.118414801719E-01
   -2.119008775671E-01
   -2.082170619574E-01
   -1.913374127158E-01
   -1.678142720299E-01
   -1.529781397316E-01
   -1.436286492058E-01
   -1.255056007666E-01
   -1.046374805096E-01
   -9.187331175591E-02
   -7.746759350027E-02
   -6.553809878019E-02
   -5.353517034459E-02
   -4.305491255566E-02
   -3.647263060383E-02
   -2.820741962778E-02
   -3.647263060383E-02
   -4.305491255566E-02
   -5.353517034461E-02
   -6.553809878019E-02
   -7.746759350029E-02
   -9.187331175588E-02
   -1.046374805096E-01
   -1.255056007666E-01
   -1.436286492058E-01
   -1.529781397316E-01
   -1.678142720299E-01
   -1.913374127158E-01
   -2.082170619574E-01
   -2.119008775671E-01
   -1.260031799803E-01
   -1.402629972597E-01
   -1.772671062139E-01
   -2.086320469374E-01
   -2.044334157898E-01
   -1.741446837135E-01
   -1.529781397316E-01
   -1.414386879308E-01
   -1.188571423932E-01
   -9.979206197520E-02
   -8.635055961358E-02
   -7.083882655965E-02
   -5.870004388932E-02
   -4.887617747570E-02
   -3.881288033665E-02
   -2.739609057712E-02
   -3.881288033662E-02
   -4.887617747572E-02
   -5.870004388929E-02
   -7.083882655966E-02
   -8.635055961361E-02
   -9.979206197517E-02
   -1.188571423932E-01
   -1.414386879307E-01
   -1.529781397315E-01
   -1.741446837135E-01
   -2.044334157899E-01
   -2.086320469374E-01
   -1.772671062139E-01
   -1.402629972597E-01
    7.630512315738E-03
   -1.094816326844E-03
   -4.255016649721E-02
   -1.258115693852E-01
   -2.002055512149E-01
   -2.044334157898E-01
   -1.678142720299E-01
   -1.504200508519E-01
   -1.330870688608E-01
   -1.078280181165E-01
   -9.292335825336E-02
   -7.642485233027E-02
   -6.287592347243E-02
   -5.396445413275E-02
   -4.165575205752E-02
   -2.678040925534E-02
   -4.165575205748E-02
   -5.396445413279E-02
   -6.287592347237E-02
   -7.642485233029E-02
   -9.292335825341E-02
   -1.078280181165E-01
   -1.330870688608E-01
   -1.504200508518E-01
   -1.678142720298E-01
   -2.044334157898E-01
   -2.002055512149E-01
   -1.258115693852E-01
   -4.255016649721E-02
   -1.094816326843E-03
   -7.654623788201E-02
   -4.369497649353E-02
    9.439004007584E-03
   -1.393039100754E-02
   -1.258115693852E-01
   -2.086320469374E-01
   -1.913374127158E-01
   -1.567066792226E-01
   -1.424333583399E-01
   -1.172302180756E-01
   -9.788070271177E-02
   -8.232315596972E-02
   -6.674763302212E-02
   -5.750692423511E-02
   -4.386588344186E-02
   -2.417061768184E-02
   -4.386588344180E-02
   -5.750692423512E-02
   -6.674763302211E-02
   -8.232315596973E-02
   -9.788070271177E-02
   -1.172302180756E-01
   -1.424333583399E-01
   -1.567066792227E-01
   -1.913374127156E-01
   -2.086320469374E-01
   -1.258115693852E-01
   -1.393039100757E-02
    9.439004007583E-03
   -4.369497649353E-02
   -3.954650141460E-01
   -3.100907528015E-01
   -1.183935591098E-01
    9.439004007609E-03
   -4.255016649718E-02
   -1.772671062139E-01
   -2.082170619573E-01
   -1.653228153932E-01
   -1.473045970344E-01
   -1.251642044100E-01
   -1.014626505585E-01
   -8.640907120481E-02
   -6.953413627953E-02
   -6.016920178837E-02
   -4.647551911581E-02
   -2.262961996632E-02
   -4.647551911572E-02
   -6.016920178838E-02
   -6.953413627951E-02
   -8.640907120482E-02
   -1.014626505585E-01
   -1.251642044100E-01
   -1.473045970344E-01
   -1.653228153932E-01
   -2.082170619574E-01
   -1.772671062138E-01
   -4.255016649713E-02
    9.439004007606E-03
   -1.183935591098E-01
   -3.100907528015E-01
   -7.276042597094E-01
   -6.057875855865E-01
   -3.100907528014E-01
   -4.369497649358E-02
   -1.094816326727E-03
   -1.402629972596E-01
   -2.119008775672E-01
   -1.737120870977E-01
   -1.499233195692E-01
   -1.299612702908E-01
   -1.045775650711E-01
   -8.854392903820E-02
   -7.070607877301E-02
   -6.161541767643E-02
   -4.865373760921E-02
   -2.244178236348E-02
   -4.865373760911E-02
   -6.161541767646E-02
   -7.070607877300E-02
   -8.854392903822E-02
   -1.045775650710E-01
   -1.299612702908E-01
   -1.499233195692E-01
   -1.737120870977E-01
   -2.119008775672E-01
   -1.402629972597E-01
   -1.094816326879E-03
   -4.369497649345E-02
   -3.100907528015E-01
   -6.057875855866E-01
   -7.692701350752E-02
   -4.339835325534E-02
    9.352951754151E-03
   -1.394074259410E-02
   -1.260031799804E-01
   -2.099101634448E-01
   -1.918545612698E-01
   -1.568831717952E-01
   -1.426343771257E-01
   -1.173282569935E-01
   -9.763538717880E-02
   -8.227136438700E-02
   -6.655923762393E-02
   -5.754511683827E-02
   -4.399792149520E-02
   -2.439056601914E-02
   -4.399792149519E-02
   -5.754511683829E-02
   -6.655923762392E-02
   -8.227136438701E-02
   -9.763538717879E-02
   -1.173282569935E-01
   -1.426343771257E-01
   -1.568831717954E-01
   -1.918545612697E-01
   -2.099101634447E-01
   -1.260031799803E-01
   -1.394074259424E-02
    9.352951754221E-03
   -4.339835325535E-02
   -4.339835325534E-02
   -1.857887087255E-02
    1.326803222469E-02
   -2.853881335693E-02
   -1.402629972598E-01
   -2.102257210809E-01
   -1.871052498387E-01
   -1.552817722399E-01
   -1.415593059246E-01
   -1.161435276775E-01
   -9.701823470608E-02
   -8.180342434994E-02
   -6.582312487809E-02
   -5.669375937802E-02
   -4.410416570937E-02
   -2.433699886283E-02
   -4.410416570935E-02
   -5.669375937804E-02
   -6.582312487809E-02
   -8.180342434994E-02
   -9.701823470607E-02
   -1.161435276775E-01
   -1.415593059246E-01
   -1.552817722401E-01
   -1.871052498386E-01
   -2.102257210809E-01
   -1.402629972597E-01
   -2.853881335701E-02
    1.326803222474E-02
   -1.857887087255E-02
    9.352951754152E-03
    1.326803222469E-02
   -1.447091675753E-03
   -7.691514096024E-02
   -1.772671062139E-01
   -2.109763893531E-01
   -1.770731666415E-01
   -1.521799251275E-01
   -1.376150367261E-01
   -1.119850685098E-01
   -9.421866191167E-02
   -7.932511447247E-02
   -6.481343987447E-02
   -5.555776710379E-02
   -4.272624478811E-02
   -2.445736525528E-02
   -4.272624478810E-02
   -5.555776710384E-02
   -6.481343987446E-02
   -7.932511447248E-02
   -9.421866191174E-02
   -1.119850685098E-01
   -1.376150367261E-01
   -1.521799251276E-01
   -1.770731666414E-01
   -2.109763893531E-01
   -1.772671062139E-01
   -7.691514096024E-02
   -1.447091675735E-03
    1.326803222469E-02
   -1.394074259413E-02
   -2.853881335695E-02
   -7.691514096023E-02
   -1.536568774269E-01
   -2.086320469374E-01
   -1.985421536282E-01
   -1.634420486853E-01
   -1.481087187804E-01
   -1.300372173259E-01
   -1.063862136909E-01
   -9.125133056063E-02
   -7.521376843926E-02
   -6.168684948902E-02
   -5.246205624928E-02
   -4.121883260450E-02
   -2.693828461086E-02
   -4.121883260450E-02
   -5.246205624931E-02
   -6.168684948898E-02
   -7.521376843927E-02
   -9.125133056067E-02
   -1.063862136909E-01
   -1.300372173258E-01
   -1.481087187803E-01
   -1.634420486853E-01
   -1.985421536282E-01
   -2.086320469374E-01
   -1.536568774269E-01
   -7.691514096023E-02
   -2.853881335695E-02
   -1.260031799803E-01
   -1.402629972597E-01
   -1.772671062139E-01
   -2.086320469374E-01
   -2.044334157898E-01
   -1.741446837135E-01
   -1.529781397316E-01
   -1.414386879308E-01
   -1.188571423932E-01
   -9.979206197520E-02
   -8.635055961358E-02
   -7.083882655965E-02
   -5.870004388932E-02
   -4.887617747570E-02
   -3.881288033664E-02
   -2.739609057719E-02
   -3.881288033665E-02
   -4.887617747571E-02
   -5.870004388930E-02
   -7.083882655965E-02
   -8.635055961361E-02
   -9.979206197517E-02
   -1.188571423932E-01
   -1.414386879307E-01
   -1.529781397315E-01
   -1.741446837135E-01
   -2.044334157898E-01
   -2.086320469374E-01
   -1.772671062139E-01
   -1.402629972597E-01
   -2.099101634448E-01
   -2.102257210809E-01
   -2.109763893531E-01
   -1.985421536282E-01
   -1.741446837135E-01
   -1.565992012388E-01
   -1.455566774617E-01
   -1.281705496310E-01
   -1.072649242113E-01
   -9.385561393142E-02
   -7.849647501557E-02
   -6.548762588392E-02
   -5.509389806267E-02
   -4.550247628233E-02
   -3.650679799515E-02
   -2.601487873554E-02
   -3.650679799515E-02
   -4.550247628233E-02
   -5.509389806270E-02
   -6.548762588392E-02
   -7.849647501559E-02
   -9.385561393139E-02
   -1.072649242113E-01
   -1.281705496309E-01
   -1.455566774617E-01
   -1.565992012387E-01
   -1.741446837135E-01
   -1.985421536282E-01
   -2.109763893531E-01
   -2.102257210809E-01
   -1.918545612698E-01
   -1.871052498387E-01
   -1.770731666415E-01
   -1.634420486853E-01
   -1.529781397316E-01
   -1.455566774617E-01
   -1.312458148424E-01
   -1.120683729805E-01
   -9.741174359664E-02
   -8.585689136740E-02
   -7.038915850737E-02
   -6.035601279879E-02
   -4.914503986646E-02
   -4.040991122043E-02
   -3.516382402617E-02
   -2.744860894018E-02
   -3.516382402617E-02
   -4.040991122043E-02
   -4.914503986647E-02
   -6.035601279880E-02
   -7.038915850734E-02
   -8.585689136738E-02
   -9.741174359664E-02
   -1.120683729805E-01
   -1.312458148424E-01
   -1.455566774617E-01
   -1.529781397316E-01
   -1.634420486853E-01
   -1.770731666415E-01
   -1.871052498387E-01
   -1.568831717953E-01
   -1.552817722401E-01
   -1.521799251276E-01
   -1.481087187804E-01
   -1.414386879308E-01
   -1.281705496310E-01
   -1.120683729805E-01
   -9.957655080818E-02
   -8.796657727404E-02
   -7.539563530445E-02
   -6.324605479940E-02
   -5.407243165896E-02
   -4.426945706830E-02
   -3.696944656215E-02
   -3.111716859623E-02
   -2.550943168980E-02
   -3.111716859624E-02
   -3.696944656215E-02
   -4.426945706830E-02
   -5.407243165897E-02
   -6.324605479940E-02
   -7.539563530443E-02
   -8.796657727404E-02
   -9.957655080818E-02
   -1.120683729805E-01
   -1.281705496310E-01
   -1.414386879308E-01
   -1.481087187804E-01
   -1.521799251276E-01
   -1.552817722401E-01
   -1.426343771256E-01
   -1.415593059246E-01
   -1.376150367261E-01
   -1.300372173259E-01
   -1.188571423933E-01
   -1.072649242113E-01
   -9.741174359664E-02
   -8.796657727404E-02
   -7.672418450331E-02
   -6.625079021082E-02
   -5.707224491196E-02
   -4.603390446651E-02
   -3.892187694637E-02
   -3.345143985837E-02
   -2.700067159846E-02
   -2.434760096636E-02
   -2.700067159847E-02
   -3.345143985837E-02
   -3.892187694638E-02
   -4.603390446651E-02
   -5.707224491197E-02
   -6.625079021082E-02
   -7.672418450330E-02
   -8.796657727404E-02
   -9.741174359664E-02
   -1.072649242113E-01
   -1.188571423933E-01
   -1.300372173259E-01
   -1.376150367261E-01
   -1.415593059246E-01
   -1.173282569934E-01
   -1.161435276775E-01
   -1.119850685098E-01
   -1.063862136909E-01
   -9.979206197523E-02
   -9.385561393143E-02
   -8.585689136741E-02
   -7.539563530445E-02
   -6.625079021082E-02
   -5.695192424783E-02
   -4.856343640828E-02
   -3.997879594544E-02
   -3.446981740323E-02
   -2.883802852761E-02
   -2.338896709474E-02
   -2.263804950907E-02
   -2.338896709475E-02
   -2.883802852761E-02
   -3.446981740323E-02
   -3.997879594544E-02
   -4.856343640829E-02
   -5.695192424782E-02
   -6.625079021083E-02
   -7.539563530445E-02
   -8.585689136741E-02
   -9.385561393143E-02
   -9.979206197523E-02
   -1.063862136909E-01
   -1.119850685098E-01
   -1.161435276775E-01
   -9.763538717875E-02
   -9.701823470607E-02
   -9.421866191174E-02
   -9.125133056068E-02
   -8.635055961361E-02
   -7.849647501559E-02
   -7.038915850738E-02
   -6.324605479941E-02
   -5.707224491197E-02
   -4.856343640828E-02
   -4.112615091152E-02
   -3.543197027088E-02
   -2.912185162125E-02
   -2.420494888965E-02
   -2.091318271636E-02
   -1.919135456634E-02
   -2.091318271637E-02
   -2.420494888964E-02
   -2.912185162125E-02
   -3.543197027088E-02
   -4.112615091153E-02
   -4.856343640828E-02
   -5.707224491197E-02
   -6.324605479941E-02
   -7.038915850738E-02
   -7.849647501559E-02
   -8.635055961361E-02
   -9.125133056068E-02
   -9.421866191174E-02
   -9.701823470607E-02
   -8.227136438695E-02
   -8.180342434994E-02
   -7.932511447249E-02
   -7.521376843927E-02
   -7.083882655965E-02
   -6.548762588397E-02
   -6.035601279882E-02
   -5.407243165898E-02
   -4.603390446651E-02
   -3.997879594545E-02
   -3.543197027088E-02
   -3.038949335956E-02
   -2.384514709871E-02
   -2.000663802297E-02
   -1.849066517279E-02
   -1.656421821364E-02
   -1.849066517279E-02
   -2.000663802296E-02
   -2.384514709872E-02
   -3.038949335956E-02
   -3.543197027088E-02
   -3.997879594545E-02
   -4.603390446651E-02
   -5.407243165898E-02
   -6.035601279882E-02
   -6.548762588397E-02
   -7.083882655965E-02
   -7.521376843927E-02
   -7.932511447249E-02
   -8.180342434994E-02
   -6.655923762393E-02
   -6.582312487808E-02
   -6.481343987447E-02
   -6.168684948902E-02
   -5.870004388931E-02
   -5.509389806270E-02
   -4.914503986647E-02
   -4.426945706830E-02
   -3.892187694637E-02
   -3.446981740323E-02
   -2.912185162125E-02
   -2.384514709871E-02
   -2.034173732538E-02
   -1.708557534289E-02
   -1.498007397530E-02
   -1.393588905996E-02
   -1.498007397531E-02
   -1.708557534289E-02
   -2.034173732539E-02
   -2.384514709871E-02
   -2.912185162125E-02
   -3.446981740323E-02
   -3.892187694637E-02
   -4.426945706830E-02
   -4.914503986647E-02
   -5.509389806270E-02
   -5.870004388932E-02
   -6.168684948902E-02
   -6.481343987446E-02
   -6.582312487810E-02
   -5.754511683824E-02
   -5.669375937803E-02
   -5.555776710383E-02
   -5.246205624931E-02
   -4.887617747572E-02
   -4.550247628234E-02
   -4.040991122043E-02
   -3.696944656216E-02
   -3.345143985837E-02
   -2.883802852761E-02
   -2.420494888964E-02
   -2.000663802296E-02
   -1.708557534287E-02
   -1.418879995782E-02
   -1.258533399528E-02
   -1.268861262274E-02
   -1.258533399527E-02
   -1.418879995782E-02
   -1.708557534289E-02
   -2.000663802295E-02
   -2.420494888964E-02
   -2.883802852761E-02
   -3.345143985837E-02
   -3.696944656216E-02
   -4.040991122043E-02
   -4.550247628233E-02
   -4.887617747571E-02
   -5.246205624931E-02
   -5.555776710383E-02
   -5.669375937801E-02
   -4.399792149517E-02
   -4.410416570935E-02
   -4.272624478811E-02
   -4.121883260449E-02
   -3.881288033664E-02
   -3.650679799515E-02
   -3.516382402614E-02
   -3.111716859623E-02
   -2.700067159846E-02
   -2.338896709475E-02
   -2.091318271635E-02
   -1.849066517278E-02
   -1.498007397529E-02
   -1.258533399529E-02
   -1.100981571911E-02
   -1.038760349073E-02
   -1.100981571905E-02
   -1.258533399527E-02
   -1.498007397532E-02
   -1.849066517277E-02
   -2.091318271636E-02
   -2.338896709474E-02
   -2.700067159845E-02
   -3.111716859623E-02
   -3.516382402615E-02
   -3.650679799517E-02
   -3.881288033665E-02
   -4.121883260452E-02
   -4.272624478812E-02
   -4.410416570937E-02
   -2.439056601923E-02
   -2.433699886260E-02
   -2.445736525527E-02
   -2.693828461121E-02
   -2.739609057707E-02
   -2.601487873569E-02
   -2.744860894001E-02
   -2.550943168988E-02
   -2.434760096630E-02
   -2.263804950917E-02
   -1.919135456632E-02
   -1.656421821370E-02
   -1.393588905999E-02
   -1.268861262279E-02
   -1.038760349076E-02
   -9.640031792422E-03
   -1.038760349056E-02
   -1.268861262272E-02
   -1.393588906001E-02
   -1.656421821368E-02
   -1.919135456633E-02
   -2.263804950911E-02
   -2.434760096630E-02
   -2.550943168986E-02
   -2.744860893999E-02
   -2.601487873576E-02
   -2.739609057689E-02
   -2.693828461107E-02
   -2.445736525547E-02
   -2.433699886284E-02
   -4.399792149523E-02
   -4.410416570944E-02
   -4.272624478812E-02
   -4.121883260452E-02
   -3.881288033667E-02
   -3.650679799517E-02
   -3.516382402616E-02
   -3.111716859625E-02
   -2.700067159846E-02
   -2.338896709476E-02
   -2.091318271637E-02
   -1.849066517279E-02
   -1.498007397531E-02
   -1.258533399528E-02
   -1.100981571910E-02
   -1.038760349066E-02
   -1.100981571901E-02
   -1.258533399530E-02
   -1.498007397532E-02
   -1.849066517279E-02
   -2.091318271636E-02
   -2.338896709475E-02
   -2.700067159846E-02
   -3.111716859624E-02
   -3.516382402614E-02
   -3.650679799517E-02
   -3.881288033664E-02
   -4.121883260450E-02
   -4.272624478814E-02
   -4.410416570943E-02
   -5.754511683824E-02
   -5.669375937798E-02
   -5.555776710384E-02
   -5.246205624931E-02
   -4.887617747571E-02
   -4.550247628233E-02
   -4.040991122043E-02
   -3.696944656216E-02
   -3.345143985837E-02
   -2.883802852761E-02
   -2.420494888964E-02
   -2.000663802296E-02
   -1.708557534288E-02
   -1.418879995781E-02
   -1.258533399528E-02
   -1.268861262269E-02
   -1.258533399525E-02
   -1.418879995782E-02
   -1.708557534288E-02
   -2.000663802296E-02
   -2.420494888964E-02
   -2.883802852761E-02
   -3.345143985837E-02
   -3.696944656216E-02
   -4.040991122043E-02
   -4.550247628234E-02
   -4.887617747572E-02
   -5.246205624932E-02
   -5.555776710381E-02
   -5.669375937798E-02
   -6.655923762395E-02
   -6.582312487811E-02
   -6.481343987446E-02
   -6.168684948903E-02
   -5.870004388932E-02
   -5.509389806271E-02
   -4.914503986648E-02
   -4.426945706830E-02
   -3.892187694638E-02
   -3.446981740324E-02
   -2.912185162126E-02
   -2.384514709872E-02
   -2.034173732539E-02
   -1.708557534287E-02
   -1.498007397531E-02
   -1.393588905995E-02
   -1.498007397529E-02
   -1.708557534288E-02
   -2.034173732539E-02
   -2.384514709872E-02
   -2.912185162125E-02
   -3.446981740324E-02
   -3.892187694638E-02
   -4.426945706830E-02
   -4.914503986647E-02
   -5.509389806271E-02
   -5.870004388932E-02
   -6.168684948901E-02
   -6.481343987447E-02
   -6.582312487811E-02
   -8.227136438699E-02
   -8.180342434993E-02
   -7.932511447248E-02
   -7.521376843927E-02
   -7.083882655965E-02
   -6.548762588396E-02
   -6.035601279882E-02
   -5.407243165898E-02
   -4.603390446651E-02
   -3.997879594545E-02
   -3.543197027089E-02
   -3.038949335956E-02
   -2.384514709872E-02
   -2.000663802295E-02
   -1.849066517279E-02
   -1.656421821368E-02
   -1.849066517278E-02
   -2.000663802296E-02
   -2.384514709872E-02
   -3.038949335956E-02
   -3.543197027088E-02
   -3.997879594545E-02
   -4.603390446651E-02
   -5.407243165898E-02
   -6.035601279882E-02
   -6.548762588397E-02
   -7.083882655965E-02
   -7.521376843927E-02
   -7.932511447247E-02
   -8.180342434993E-02
   -9.763538717880E-02
   -9.701823470608E-02
   -9.421866191174E-02
   -9.125133056068E-02
   -8.635055961362E-02
   -7.849647501559E-02
   -7.038915850738E-02
   -6.324605479942E-02
   -5.707224491197E-02
   -4.856343640829E-02
   -4.112615091153E-02
   -3.543197027088E-02
   -2.912185162126E-02
   -2.420494888964E-02
   -2.091318271637E-02
   -1.919135456635E-02
   -2.091318271636E-02
   -2.420494888964E-02
   -2.912185162125E-02
   -3.543197027088E-02
   -4.112615091153E-02
   -4.856343640829E-02
   -5.707224491197E-02
   -6.324605479941E-02
   -7.038915850738E-02
   -7.849647501559E-02
   -8.635055961362E-02
   -9.125133056068E-02
   -9.421866191175E-02
   -9.701823470608E-02
   -1.173282569935E-01
   -1.161435276774E-01
   -1.119850685098E-01
   -1.063862136909E-01
   -9.979206197522E-02
   -9.385561393142E-02
   -8.585689136741E-02
   -7.539563530445E-02
   -6.625079021083E-02
   -5.695192424783E-02
   -4.856343640829E-02
   -3.997879594545E-02
   -3.446981740324E-02
   -2.883802852761E-02
   -2.338896709475E-02
   -2.263804950907E-02
   -2.338896709474E-02
   -2.883802852761E-02
   -3.446981740324E-02
   -3.997879594545E-02
   -4.856343640829E-02
   -5.695192424783E-02
   -6.625079021082E-02
   -7.539563530445E-02
   -8.585689136741E-02
   -9.385561393143E-02
   -9.979206197522E-02
   -1.063862136909E-01
   -1.119850685098E-01
   -1.161435276774E-01
   -1.426343771257E-01
   -1.415593059246E-01
   -1.376150367261E-01
   -1.300372173259E-01
   -1.188571423933E-01
   -1.072649242113E-01
   -9.741174359664E-02
   -8.796657727404E-02
   -7.672418450331E-02
   -6.625079021082E-02
   -5.707224491197E-02
   -4.603390446651E-02
   -3.892187694638E-02
   -3.345143985837E-02
   -2.700067159847E-02
   -2.434760096636E-02
   -2.700067159847E-02
   -3.345143985837E-02
   -3.892187694638E-02
   -4.603390446651E-02
   -5.707224491197E-02
   -6.625079021082E-02
   -7.672418450330E-02
   -8.796657727404E-02
   -9.741174359664E-02
   -1.072649242113E-01
   -1.188571423933E-01
   -1.300372173259E-01
   -1.376150367261E-01
   -1.415593059246E-01
   -1.568831717954E-01
   -1.552817722401E-01
   -1.521799251276E-01
   -1.481087187804E-01
   -1.414386879308E-01
   -1.281705496310E-01
   -1.120683729805E-01
   -9.957655080818E-02
   -8.796657727404E-02
   -7.539563530444E-02
   -6.324605479941E-02
   -5.407243165896E-02
   -4.426945706830E-02
   -3.696944656216E-02
   -3.111716859623E-02
   -2.550943168980E-02
   -3.111716859624E-02
   -3.696944656216E-02
   -4.426945706830E-02
   -5.407243165897E-02
   -6.324605479940E-02
   -7.539563530443E-02
   -8.796657727404E-02
   -9.957655080818E-02
   -1.120683729805E-01
   -1.281705496310E-01
   -1.414386879308E-01
   -1.481087187804E-01
   -1.521799251276E-01
   -1.552817722401E-01
   -1.918545612698E-01
   -1.871052498387E-01
   -1.770731666415E-01
   -1.634420486853E-01
   -1.529781397316E-01
   -1.455566774617E-01
   -1.312458148424E-01
   -1.120683729805E-01
   -9.741174359664E-02
   -8.585689136740E-02
   -7.038915850737E-02
   -6.035601279879E-02
   -4.914503986646E-02
   -4.040991122043E-02
   -3.516382402617E-02
   -2.744860894017E-02
   -3.516382402618E-02
   -4.040991122044E-02
   -4.914503986648E-02
   -6.035601279880E-02
   -7.038915850734E-02
   -8.585689136739E-02
   -9.741174359664E-02
   -1.120683729805E-01
   -1.312458148424E-01
   -1.455566774617E-01
   -1.529781397316E-01
   -1.634420486853E-01
   -1.770731666415E-01
   -1.871052498387E-01
   -2.099101634448E-01
   -2.102257210809E-01
   -2.109763893531E-01
   -1.985421536282E-01
   -1.741446837135E-01
   -1.565992012388E-01
   -1.455566774617E-01
   -1.281705496309E-01
   -1.072649242113E-01
   -9.385561393142E-02
   -7.849647501557E-02
   -6.548762588392E-02
   -5.509389806267E-02
   -4.550247628233E-02
   -3.650679799514E-02
   -2.601487873555E-02
   -3.650679799517E-02
   -4.550247628233E-02
   -5.509389806270E-02
   -6.548762588392E-02
   -7.849647501559E-02
   -9.385561393139E-02
   -1.072649242113E-01
   -1.281705496309E-01
   -1.455566774617E-01
   -1.565992012387E-01
   -1.741446837135E-01
   -1.985421536282E-01
   -2.109763893531E-01
   -2.102257210809E-01
   -1.260031799803E-01
   -1.402629972597E-01
   -1.772671062139E-01
   -2.086320469374E-01
   -2.044334157898E-01
   -1.741446837135E-01
   -1.529781397316E-01
   -1.414386879308E-01
   -1.188571423932E-01
   -9.979206197520E-02
   -8.635055961358E-02
   -7.083882655965E-02
   -5.870004388932E-02
   -4.887617747571E-02
   -3.881288033664E-02
   -2.739609057719E-02
   -3.881288033667E-02
   -4.887617747571E-02
   -5.870004388930E-02
   -7.083882655966E-02
   -8.635055961361E-02
   -9.979206197517E-02
   -1.188571423932E-01
   -1.414386879307E-01
   -1.529781397315E-01
   -1.741446837135E-01
   -2.044334157898E-01
   -2.086320469374E-01
   -1.772671062139E-01
   -1.402629972597E-01
   -1.394074259410E-02
   -2.853881335695E-02
   -7.691514096023E-02
   -1.536568774269E-01
   -2.086320469374E-01
   -1.985421536282E-01
   -1.634420486853E-01
   -1.481087187804E-01
   -1.300372173259E-01
   -1.063862136909E-01
   -9.125133056063E-02
   -7.521376843926E-02
   -6.168684948902E-02
   -5.246205624928E-02
   -4.121883260449E-02
   -2.693828461076E-02
   -4.121883260452E-02
   -5.246205624931E-02
   -6.168684948899E-02
   -7.521376843927E-02
   -9.125133056067E-02
   -1.063862136909E-01
   -1.300372173258E-01
   -1.481087187803E-01
   -1.634420486853E-01
   -1.985421536282E-01
   -2.086320469374E-01
   -1.536568774269E-01
   -7.691514096023E-02
   -2.853881335695E-02
    9.352951754005E-03
    1.326803222469E-02
   -1.447091675756E-03
   -7.691514096024E-02
   -1.772671062139E-01
   -2.109763893531E-01
   -1.770731666415E-01
   -1.521799251275E-01
   -1.376150367261E-01
   -1.119850685098E-01
   -9.421866191167E-02
   -7.932511447247E-02
   -6.481343987447E-02
   -5.555776710379E-02
   -4.272624478810E-02
   -2.445736525520E-02
   -4.272624478811E-02
   -5.555776710384E-02
   -6.481343987446E-02
   -7.932511447248E-02
   -9.421866191174E-02
   -1.119850685098E-01
   -1.376150367261E-01
   -1.521799251276E-01
   -1.770731666414E-01
   -2.109763893531E-01
   -1.772671062139E-01
   -7.691514096024E-02
   -1.447091675740E-03
    1.326803222469E-02
   -4.339835325534E-02
   -1.857887087255E-02
    1.326803222469E-02
   -2.853881335693E-02
   -1.402629972598E-01
   -2.102257210809E-01
   -1.871052498387E-01
   -1.552817722399E-01
   -1.415593059246E-01
   -1.161435276775E-01
   -9.701823470608E-02
   -8.180342434994E-02
   -6.582312487809E-02
   -5.669375937802E-02
   -4.410416570936E-02
   -2.433699886281E-02
   -4.410416570936E-02
   -5.669375937804E-02
   -6.582312487809E-02
   -8.180342434994E-02
   -9.701823470608E-02
   -1.161435276775E-01
   -1.415593059246E-01
   -1.552817722401E-01
   -1.871052498386E-01
   -2.102257210809E-01
   -1.402629972597E-01
   -2.853881335701E-02
    1.326803222474E-02
   -1.857887087255E-02
   -4.253331593546E-02
   -5.956703818862E-02
   -1.099892874825E-01
   -1.759446564420E-01
   -2.118414801719E-01
   -1.918545612698E-01
   -1.590937783845E-01
   -1.460078788010E-01
   -1.264207885024E-01
   -1.042056225481E-01
   -8.956465006055E-02
   -7.393353774295E-02
   -6.179113084363E-02
   -5.193833629920E-02
   -3.997665693432E-02
   -2.528779159216E-02
   -3.997665693430E-02
   -5.193833629921E-02
   -6.179113084360E-02
   -7.393353774296E-02
   -8.956465006059E-02
   -1.042056225481E-01
   -1.264207885024E-01
   -1.460078788009E-01
   -1.590937783845E-01
   -1.918545612698E-01
   -2.118414801719E-01
   -1.759446564419E-01
   -1.099892874826E-01
   -5.956703818861E-02
   -5.956703818862E-02
   -7.666315541146E-02
   -1.257440770697E-01
   -1.859911571943E-01
   -2.119008775671E-01
   -1.871052498387E-01
   -1.577807724338E-01
   -1.458115681749E-01
   -1.248786765423E-01
   -1.031906682836E-01
   -8.929970978023E-02
   -7.364639680111E-02
   -6.016296588714E-02
   -5.042250895607E-02
   -4.030792091065E-02
   -2.774981637794E-02
   -4.030792091064E-02
   -5.042250895609E-02
   -6.016296588712E-02
   -7.364639680111E-02
   -8.929970978027E-02
   -1.031906682835E-01
   -1.248786765423E-01
   -1.458115681749E-01
   -1.577807724337E-01
   -1.871052498387E-01
   -2.119008775671E-01
   -1.859911571943E-01
   -1.257440770697E-01
   -7.666315541146E-02
   -1.099892874825E-01
   -1.257440770697E-01
   -1.656810989935E-01
   -2.050785134998E-01
   -2.082170619574E-01
   -1.770731666415E-01
   -1.546566672167E-01
   -1.429316265639E-01
   -1.202495661103E-01
   -1.005348981501E-01
   -8.667855299724E-02
   -7.180753345916E-02
   -5.905087992255E-02
   -4.944181251635E-02
   -3.909806919039E-02
   -2.670691600392E-02
   -3.909806919037E-02
   -4.944181251637E-02
   -5.905087992253E-02
   -7.180753345917E-02
   -8.667855299727E-02
   -1.005348981500E-01
   -1.202495661103E-01
   -1.429316265639E-01
   -1.546566672166E-01
   -1.770731666415E-01
   -2.082170619574E-01
   -2.050785134998E-01
   -1.656810989935E-01
   -1.257440770697E-01
   -1.759446564419E-01
   -1.859911571943E-01
   -2.050785134998E-01
   -2.108156859582E-01
   -1.913374127158E-01
   -1.634420486853E-01
   -1.494913316464E-01
   -1.357416338938E-01
   -1.131723190225E-01
   -9.735479684624E-02
   -8.295815052321E-02
   -6.866485984861E-02
   -5.674414433058E-02
   -4.697282984973E-02
   -3.793994445863E-02
   -2.717402023504E-02
   -3.793994445861E-02
   -4.697282984975E-02
   -5.674414433057E-02
   -6.866485984868E-02
   -8.295815052323E-02
   -9.735479684622E-02
   -1.131723190225E-01
   -1.357416338938E-01
   -1.494913316464E-01
   -1.634420486853E-01
   -1.913374127158E-01
   -2.108156859582E-01
   -2.050785134998E-01
   -1.859911571943E-01
   -2.118414801719E-01
   -2.119008775671E-01
   -2.082170619574E-01
   -1.913374127158E-01
   -1.678142720299E-01
   -1.529781397316E-01
   -1.436286492058E-01
   -1.255056007666E-01
   -1.046374805096E-01
   -9.187331175591E-02
   -7.746759350027E-02
   -6.553809878019E-02
   -5.353517034459E-02
   -4.305491255566E-02
   -3.647263060385E-02
   -2.820741962778E-02
   -3.647263060384E-02
   -4.305491255567E-02
   -5.353517034461E-02
   -6.553809878020E-02
   -7.746759350029E-02
   -9.187331175589E-02
   -1.046374805096E-01
   -1.255056007666E-01
   -1.436286492058E-01
   -1.529781397316E-01
   -1.678142720299E-01
   -1.913374127158E-01
   -2.082170619574E-01
   -2.119008775671E-01
   -1.918545612698E-01
   -1.871052498387E-01
   -1.770731666415E-01
   -1.634420486853E-01
   -1.529781397316E-01
   -1.455566774617E-01
   -1.312458148424E-01
   -1.120683729805E-01
   -9.741174359664E-02
   -8.585689136741E-02
   -7.038915850737E-02
   -6.035601279880E-02
   -4.914503986646E-02
   -4.040991122044E-02
   -3.516382402616E-02
   -2.744860894009E-02
   -3.516382402615E-02
   -4.040991122044E-02
   -4.914503986647E-02
   -6.035601279881E-02
   -7.038915850734E-02
   -8.585689136739E-02
   -9.741174359663E-02
   -1.120683729805E-01
   -1.312458148424E-01
   -1.455566774617E-01
   -1.529781397316E-01
   -1.634420486853E-01
   -1.770731666415E-01
   -1.871052498387E-01
   -1.590937783845E-01
   -1.577807724338E-01
   -1.546566672167E-01
   -1.494913316464E-01
   -1.436286492058E-01
   -1.312458148424E-01
   -1.138615647573E-01
   -1.006047706580E-01
   -8.954292642567E-02
   -7.774906290530E-02
   -6.503280560225E-02
   -5.515913857376E-02
   -4.325313692184E-02
   -3.626433686227E-02
   -3.293410294262E-02
   -2.737489260823E-02
   -3.293410294262E-02
   -3.626433686227E-02
   -4.325313692184E-02
   -5.515913857377E-02
   -6.503280560224E-02
   -7.774906290529E-02
   -8.954292642567E-02
   -1.006047706580E-01
   -1.138615647573E-01
   -1.312458148424E-01
   -1.436286492058E-01
   -1.494913316464E-01
   -1.546566672167E-01
   -1.577807724338E-01
   -1.460078788010E-01
   -1.458115681750E-01
   -1.429316265640E-01
   -1.357416338938E-01
   -1.255056007666E-01
   -1.120683729805E-01
   -1.006047706580E-01
   -9.174616856325E-02
   -7.931823278477E-02
   -6.794333737694E-02
   -5.875506045517E-02
   -4.893715129955E-02
   -4.018148140388E-02
   -3.377307684720E-02
   -2.824978513868E-02
   -2.458456731966E-02
   -2.824978513868E-02
   -3.377307684720E-02
   -4.018148140388E-02
   -4.893715129955E-02
   -5.875506045517E-02
   -6.794333737694E-02
   -7.931823278477E-02
   -9.174616856325E-02
   -1.006047706580E-01
   -1.120683729805E-01
   -1.255056007666E-01
   -1.357416338938E-01
   -1.429316265640E-01
   -1.458115681750E-01
   -1.264207885024E-01
   -1.248786765424E-01
   -1.202495661104E-01
   -1.131723190225E-01
   -1.046374805096E-01
   -9.741174359664E-02
   -8.954292642567E-02
   -7.931823278477E-02
   -6.967981043302E-02
   -6.090975477189E-02
   -5.135011857110E-02
   -4.144753298930E-02
   -3.576410725289E-02
   -3.025840350066E-02
   -2.511764334815E-02
   -2.405654403656E-02
   -2.511764334814E-02
   -3.025840350066E-02
   -3.576410725288E-02
   -4.144753298931E-02
   -5.135011857110E-02
   -6.090975477189E-02
   -6.967981043302E-02
   -7.931823278477E-02
   -8.954292642567E-02
   -9.741174359665E-02
   -1.046374805096E-01
   -1.131723190225E-01
   -1.202495661104E-01
   -1.248786765424E-01
   -1.042056225482E-01
   -1.031906682836E-01
   -1.005348981501E-01
   -9.735479684626E-02
   -9.187331175592E-02
   -8.585689136741E-02
   -7.774906290530E-02
   -6.794333737694E-02
   -6.090975477189E-02
   -5.182167732656E-02
   -4.358021729367E-02
   -3.776118066937E-02
   -3.137347599935E-02
   -2.548736101660E-02
   -2.176319061987E-02
   -2.072045653502E-02
   -2.176319061986E-02
   -2.548736101660E-02
   -3.137347599935E-02
   -3.776118066937E-02
   -4.358021729367E-02
   -5.182167732656E-02
   -6.090975477189E-02
   -6.794333737694E-02
   -7.774906290530E-02
   -8.585689136741E-02
   -9.187331175592E-02
   -9.735479684626E-02
   -1.005348981501E-01
   -1.031906682836E-01
   -8.956465006058E-02
   -8.929970978028E-02
   -8.667855299728E-02
   -8.295815052323E-02
   -7.746759350029E-02
   -7.038915850739E-02
   -6.503280560226E-02
   -5.875506045518E-02
   -5.135011857110E-02
   -4.358021729367E-02
   -3.737107535436E-02
   -3.256776447030E-02
   -2.645804618445E-02
   -2.299500753299E-02
   -1.965636516102E-02
   -1.605533085970E-02
   -1.965636516102E-02
   -2.299500753299E-02
   -2.645804618445E-02
   -3.256776447030E-02
   -3.737107535435E-02
   -4.358021729367E-02
   -5.135011857110E-02
   -5.875506045518E-02
   -6.503280560226E-02
   -7.038915850738E-02
   -7.746759350029E-02
   -8.295815052323E-02
   -8.667855299728E-02
   -8.929970978028E-02
   -7.393353774292E-02
   -7.364639680111E-02
   -7.180753345917E-02
   -6.866485984867E-02
   -6.553809878023E-02
   -6.035601279882E-02
   -5.515913857377E-02
   -4.893715129956E-02
   -4.144753298931E-02
   -3.776118066937E-02
   -3.256776447030E-02
   -2.638333167186E-02
   -2.208740042716E-02
   -1.884946849356E-02
   -1.652937618365E-02
   -1.470127198501E-02
   -1.652937618365E-02
   -1.884946849357E-02
   -2.208740042716E-02
   -2.638333167187E-02
   -3.256776447030E-02
   -3.776118066937E-02
   -4.144753298931E-02
   -4.893715129955E-02
   -5.515913857377E-02
   -6.035601279882E-02
   -6.553809878023E-02
   -6.866485984867E-02
   -7.180753345916E-02
   -7.364639680111E-02
   -6.179113084357E-02
   -6.016296588714E-02
   -5.905087992254E-02
   -5.674414433058E-02
   -5.353517034462E-02
   -4.914503986647E-02
   -4.325313692185E-02
   -4.018148140388E-02
   -3.576410725289E-02
   -3.137347599935E-02
   -2.645804618445E-02
   -2.208740042716E-02
   -1.971654006736E-02
   -1.526307706442E-02
   -1.320003332302E-02
   -1.388002842898E-02
   -1.320003332303E-02
   -1.526307706443E-02
   -1.971654006736E-02
   -2.208740042716E-02
   -2.645804618445E-02
   -3.137347599935E-02
   -3.576410725289E-02
   -4.018148140388E-02
   -4.325313692185E-02
   -4.914503986647E-02
   -5.353517034462E-02
   -5.674414433058E-02
   -5.905087992255E-02
   -6.016296588714E-02
   -5.193833629922E-02
   -5.042250895610E-02
   -4.944181251638E-02
   -4.697282984975E-02
   -4.305491255567E-02
   -4.040991122043E-02
   -3.626433686227E-02
   -3.377307684720E-02
   -3.025840350066E-02
   -2.548736101660E-02
   -2.299500753299E-02
   -1.884946849357E-02
   -1.526307706444E-02
   -1.327212496968E-02
   -1.175899764227E-02
   -1.162671508141E-02
   -1.175899764229E-02
   -1.327212496969E-02
   -1.526307706442E-02
   -1.884946849357E-02
   -2.299500753299E-02
   -2.548736101661E-02
   -3.025840350067E-02
   -3.377307684720E-02
   -3.626433686227E-02
   -4.040991122043E-02
   -4.305491255567E-02
   -4.697282984974E-02
   -4.944181251637E-02
   -5.042250895610E-02
   -3.997665693432E-02
   -4.030792091063E-02
   -3.909806919035E-02
   -3.793994445860E-02
   -3.647263060384E-02
   -3.516382402615E-02
   -3.293410294264E-02
   -2.824978513868E-02
   -2.511764334815E-02
   -2.176319061986E-02
   -1.965636516103E-02
   -1.652937618365E-02
   -1.320003332303E-02
   -1.175899764226E-02
   -9.769222137412E-03
   -9.080726812737E-03
   -9.769222137500E-03
   -1.175899764228E-02
   -1.320003332301E-02
   -1.652937618366E-02
   -1.965636516102E-02
   -2.176319061987E-02
   -2.511764334816E-02
   -2.824978513869E-02
   -3.293410294264E-02
   -3.516382402615E-02
   -3.647263060386E-02
   -3.793994445862E-02
   -3.909806919037E-02
   -4.030792091062E-02
   -2.528779159224E-02
   -2.774981637791E-02
   -2.670691600410E-02
   -2.717402023480E-02
   -2.820741962780E-02
   -2.744860894004E-02
   -2.737489260831E-02
   -2.458456731962E-02
   -2.405654403659E-02
   -2.072045653496E-02
   -1.605533085969E-02
   -1.470127198499E-02
   -1.388002842897E-02
   -1.162671508140E-02
   -9.080726812674E-03
   -6.458033303554E-03
   -9.080726812861E-03
   -1.162671508150E-02
   -1.388002842895E-02
   -1.470127198500E-02
   -1.605533085969E-02
   -2.072045653500E-02
   -2.405654403659E-02
   -2.458456731965E-02
   -2.737489260834E-02
   -2.744860893999E-02
   -2.820741962800E-02
   -2.717402023486E-02
   -2.670691600393E-02
   -2.774981637793E-02
   -3.997665693431E-02
   -4.030792091060E-02
   -3.909806919038E-02
   -3.793994445863E-02
   -3.647263060384E-02
   -3.516382402615E-02
   -3.293410294263E-02
   -2.824978513868E-02
   -2.511764334815E-02
   -2.176319061986E-02
   -1.965636516102E-02
   -1.652937618365E-02
   -1.320003332302E-02
   -1.175899764227E-02
   -9.769222137442E-03
   -9.080726812754E-03
   -9.769222137514E-03
   -1.175899764228E-02
   -1.320003332301E-02
   -1.652937618365E-02
   -1.965636516103E-02
   -2.176319061987E-02
   -2.511764334815E-02
   -2.824978513869E-02
   -3.293410294264E-02
   -3.516382402614E-02
   -3.647263060385E-02
   -3.793994445861E-02
   -3.909806919036E-02
   -4.030792091061E-02
   -5.193833629924E-02
   -5.042250895611E-02
   -4.944181251635E-02
   -4.697282984973E-02
   -4.305491255566E-02
   -4.040991122043E-02
   -3.626433686227E-02
   -3.377307684720E-02
   -3.025840350066E-02
   -2.548736101660E-02
   -2.299500753299E-02
   -1.884946849357E-02
   -1.526307706444E-02
   -1.327212496969E-02
   -1.175899764229E-02
   -1.162671508151E-02
   -1.175899764230E-02
   -1.327212496969E-02
   -1.526307706443E-02
   -1.884946849357E-02
   -2.299500753299E-02
   -2.548736101661E-02
   -3.025840350066E-02
   -3.377307684720E-02
   -3.626433686227E-02
   -4.040991122043E-02
   -4.305491255566E-02
   -4.697282984974E-02
   -4.944181251638E-02
   -5.042250895611E-02
   -6.179113084357E-02
   -6.016296588713E-02
   -5.905087992255E-02
   -5.674414433058E-02
   -5.353517034462E-02
   -4.914503986647E-02
   -4.325313692184E-02
   -4.018148140388E-02
   -3.576410725289E-02
   -3.137347599935E-02
   -2.645804618445E-02
   -2.208740042716E-02
   -1.971654006737E-02
   -1.526307706444E-02
   -1.320003332303E-02
   -1.388002842900E-02
   -1.320003332304E-02
   -1.526307706444E-02
   -1.971654006737E-02
   -2.208740042716E-02
   -2.645804618445E-02
   -3.137347599935E-02
   -3.576410725289E-02
   -4.018148140388E-02
   -4.325313692185E-02
   -4.914503986647E-02
   -5.353517034462E-02
   -5.674414433058E-02
   -5.905087992254E-02
   -6.016296588713E-02
   -7.393353774297E-02
   -7.364639680111E-02
   -7.180753345916E-02
   -6.866485984867E-02
   -6.553809878023E-02
   -6.035601279882E-02
   -5.515913857377E-02
   -4.893715129955E-02
   -4.144753298930E-02
   -3.776118066937E-02
   -3.256776447030E-02
   -2.638333167187E-02
   -2.208740042716E-02
   -1.884946849357E-02
   -1.652937618365E-02
   -1.470127198501E-02
   -1.652937618367E-02
   -1.884946849357E-02
   -2.208740042716E-02
   -2.638333167187E-02
   -3.256776447030E-02
   -3.776118066937E-02
   -4.144753298930E-02
   -4.893715129955E-02
   -5.515913857377E-02
   -6.035601279882E-02
   -6.553809878023E-02
   -6.866485984867E-02
   -7.180753345917E-02
   -7.364639680111E-02
   -8.956465006059E-02
   -8.929970978028E-02
   -8.667855299728E-02
   -8.295815052323E-02
   -7.746759350029E-02
   -7.038915850738E-02
   -6.503280560226E-02
   -5.875506045517E-02
   -5.135011857110E-02
   -4.358021729367E-02
   -3.737107535435E-02
   -3.256776447030E-02
   -2.645804618445E-02
   -2.299500753299E-02
   -1.965636516102E-02
   -1.605533085969E-02
   -1.965636516103E-02
   -2.299500753299E-02
   -2.645804618445E-02
   -3.256776447030E-02
   -3.737107535435E-02
   -4.358021729367E-02
   -5.135011857110E-02
   -5.875506045517E-02
   -6.503280560226E-02
   -7.038915850738E-02
   -7.746759350029E-02
   -8.295815052323E-02
   -8.667855299728E-02
   -8.929970978028E-02
   -1.042056225482E-01
   -1.031906682836E-01
   -1.005348981501E-01
   -9.735479684626E-02
   -9.187331175592E-02
   -8.585689136741E-02
   -7.774906290530E-02
   -6.794333737694E-02
   -6.090975477189E-02
   -5.182167732655E-02
   -4.358021729367E-02
   -3.776118066937E-02
   -3.137347599935E-02
   -2.548736101661E-02
   -2.176319061987E-02
   -2.072045653501E-02
   -2.176319061988E-02
   -2.548736101661E-02
   -3.137347599935E-02
   -3.776118066937E-02
   -4.358021729367E-02
   -5.182167732655E-02
   -6.090975477189E-02
   -6.794333737694E-02
   -7.774906290530E-02
   -8.585689136741E-02
   -9.187331175592E-02
   -9.735479684626E-02
   -1.005348981501E-01
   -1.031906682836E-01
   -1.264207885025E-01
   -1.248786765424E-01
   -1.202495661104E-01
   -1.131723190225E-01
   -1.046374805096E-01
   -9.741174359664E-02
   -8.954292642567E-02
   -7.931823278477E-02
   -6.967981043302E-02
   -6.090975477189E-02
   -5.135011857110E-02
   -4.144753298930E-02
   -3.576410725289E-02
   -3.025840350066E-02
   -2.511764334815E-02
   -2.405654403654E-02
   -2.511764334815E-02
   -3.025840350066E-02
   -3.576410725289E-02
   -4.144753298930E-02
   -5.135011857110E-02
   -6.090975477189E-02
   -6.967981043302E-02
   -7.931823278477E-02
   -8.954292642567E-02
   -9.741174359664E-02
   -1.046374805096E-01
   -1.131723190225E-01
   -1.202495661104E-01
   -1.248786765424E-01
   -1.460078788010E-01
   -1.458115681750E-01
   -1.429316265640E-01
   -1.357416338938E-01
   -1.255056007666E-01
   -1.120683729805E-01
   -1.006047706580E-01
   -9.174616856325E-02
   -7.931823278477E-02
   -6.794333737694E-02
   -5.875506045517E-02
   -4.893715129955E-02
   -4.018148140388E-02
   -3.377307684720E-02
   -2.824978513868E-02
   -2.458456731965E-02
   -2.824978513868E-02
   -3.377307684720E-02
   -4.018148140388E-02
   -4.893715129955E-02
   -5.875506045517E-02
   -6.794333737693E-02
   -7.931823278477E-02
   -9.174616856325E-02
   -1.006047706580E-01
   -1.120683729805E-01
   -1.255056007666E-01
   -1.357416338938E-01
   -1.429316265640E-01
   -1.458115681750E-01
   -1.590937783845E-01
   -1.577807724338E-01
   -1.546566672167E-01
   -1.494913316464E-01
   -1.436286492058E-01
   -1.312458148424E-01
   -1.138615647574E-01
   -1.006047706580E-01
   -8.954292642567E-02
   -7.774906290530E-02
   -6.503280560225E-02
   -5.515913857376E-02
   -4.325313692184E-02
   -3.626433686227E-02
   -3.293410294262E-02
   -2.737489260820E-02
   -3.293410294261E-02
   -3.626433686227E-02
   -4.325313692184E-02
   -5.515913857377E-02
   -6.503280560224E-02
   -7.774906290529E-02
   -8.954292642567E-02
   -1.006047706580E-01
   -1.138615647573E-01
   -1.312458148424E-01
   -1.436286492058E-01
   -1.494913316464E-01
   -1.546566672167E-01
   -1.577807724338E-01
   -1.918545612698E-01
   -1.871052498387E-01
   -1.770731666415E-01
   -1.634420486853E-01
   -1.529781397316E-01
   -1.455566774617E-01
   -1.312458148424E-01
   -1.120683729805E-01
   -9.741174359664E-02
   -8.585689136741E-02
   -7.038915850737E-02
   -6.035601279879E-02
   -4.914503986646E-02
   -4.040991122043E-02
   -3.516382402616E-02
   -2.744860894007E-02
   -3.516382402614E-02
   -4.040991122044E-02
   -4.914503986646E-02
   -6.035601279880E-02
   -7.038915850734E-02
   -8.585689136739E-02
   -9.741174359664E-02
   -1.120683729805E-01
   -1.312458148424E-01
   -1.455566774617E-01
   -1.529781397316E-01
   -1.634420486853E-01
   -1.770731666415E-01
   -1.871052498387E-01
   -2.118414801719E-01
   -2.119008775671E-01
   -2.082170619574E-01
   -1.913374127158E-01
   -1.678142720299E-01
   -1.529781397316E-01
   -1.436286492058E-01
   -1.255056007666E-01
   -1.046374805096E-01
   -9.187331175591E-02
   -7.746759350027E-02
   -6.553809878019E-02
   -5.353517034459E-02
   -4.305491255566E-02
   -3.647263060385E-02
   -2.820741962777E-02
   -3.647263060383E-02
   -4.305491255567E-02
   -5.353517034461E-02
   -6.553809878019E-02
   -7.746759350029E-02
   -9.187331175589E-02
   -1.046374805096E-01
   -1.255056007666E-01
   -1.436286492058E-01
   -1.529781397316E-01
   -1.678142720299E-01
   -1.913374127158E-01
   -2.082170619574E-01
   -2.119008775671E-01
   -1.759446564419E-01
   -1.859911571943E-01
   -2.050785134998E-01
   -2.108156859582E-01
   -1.913374127158E-01
   -1.634420486853E-01
   -1.494913316464E-01
   -1.357416338938E-01
   -1.131723190225E-01
   -9.735479684624E-02
   -8.295815052321E-02
   -6.866485984861E-02
   -5.674414433058E-02
   -4.697282984973E-02
   -3.793994445864E-02
   -2.717402023519E-02
   -3.793994445860E-02
   -4.697282984974E-02
   -5.674414433056E-02
   -6.866485984868E-02
   -8.295815052323E-02
   -9.735479684622E-02
   -1.131723190225E-01
   -1.357416338938E-01
   -1.494913316464E-01
   -1.634420486853E-01
   -1.913374127158E-01
   -2.108156859582E-01
   -2.050785134998E-01
   -1.859911571943E-01
   -1.099892874824E-01
   -1.257440770697E-01
   -1.656810989935E-01
   -2.050785134998E-01
   -2.082170619574E-01
   -1.770731666415E-01
   -1.546566672167E-01
   -1.429316265639E-01
   -1.202495661103E-01
   -1.005348981501E-01
   -8.667855299724E-02
   -7.180753345916E-02
   -5.905087992255E-02
   -4.944181251635E-02
   -3.909806919039E-02
   -2.670691600406E-02
   -3.909806919036E-02
   -4.944181251636E-02
   -5.905087992252E-02
   -7.180753345917E-02
   -8.667855299727E-02
   -1.005348981500E-01
   -1.202495661103E-01
   -1.429316265639E-01
   -1.546566672166E-01
   -1.770731666415E-01
   -2.082170619574E-01
   -2.050785134998E-01
   -1.656810989935E-01
   -1.257440770697E-01
   -5.956703818862E-02
   -7.666315541146E-02
   -1.257440770697E-01
   -1.859911571943E-01
   -2.119008775671E-01
   -1.871052498387E-01
   -1.577807724337E-01
   -1.458115681749E-01
   -1.248786765423E-01
   -1.031906682836E-01
   -8.929970978023E-02
   -7.364639680110E-02
   -6.016296588714E-02
   -5.042250895607E-02
   -4.030792091066E-02
   -2.774981637806E-02
   -4.030792091063E-02
   -5.042250895609E-02
   -6.016296588711E-02
   -7.364639680111E-02
   -8.929970978027E-02
   -1.031906682835E-01
   -1.248786765423E-01
   -1.458115681749E-01
   -1.577807724337E-01
   -1.871052498387E-01
   -2.119008775671E-01
   -1.859911571943E-01
   -1.257440770697E-01
   -7.666315541146E-02
   -2.056671706567E-01
   -2.087165381750E-01
   -2.126511803458E-01
   -2.019878367827E-01
   -1.774720161334E-01
   -1.568831717954E-01
   -1.460078788010E-01
   -1.304189131903E-01
   -1.085496388885E-01
   -9.460428711658E-02
   -7.922528941732E-02
   -6.555268189878E-02
   -5.568530548369E-02
   -4.571043357829E-02
   -3.650146382773E-02
   -2.798228664111E-02
   -3.650146382774E-02
   -4.571043357831E-02
   -5.568530548371E-02
   -6.555268189877E-02
   -7.922528941734E-02
   -9.460428711655E-02
   -1.085496388885E-01
   -1.304189131903E-01
   -1.460078788010E-01
   -1.568831717954E-01
   -1.774720161334E-01
   -2.019878367827E-01
   -2.126511803457E-01
   -2.087165381750E-01
   -2.087165381750E-01
   -2.105203735595E-01
   -2.114724492960E-01
   -1.984849509406E-01
   -1.737120870977E-01
   -1.552817722401E-01
   -1.458115681750E-01
   -1.288705175761E-01
   -1.069533551000E-01
   -9.385159272538E-02
   -7.915658078834E-02
   -6.558861563626E-02
   -5.400463896848E-02
   -4.416023546081E-02
   -3.707810121100E-02
   -2.884136722304E-02
   -3.707810121100E-02
   -4.416023546082E-02
   -5.400463896850E-02
   -6.558861563626E-02
   -7.915658078836E-02
   -9.385159272536E-02
   -1.069533551000E-01
   -1.288705175761E-01
   -1.458115681750E-01
   -1.552817722401E-01
   -1.737120870977E-01
   -1.984849509406E-01
   -2.114724492960E-01
   -2.105203735595E-01
   -2.126511803458E-01
   -2.114724492960E-01
   -2.049105658935E-01
   -1.873146144560E-01
   -1.653228153932E-01
   -1.521799251276E-01
   -1.429316265640E-01
   -1.234760288213E-01
   -1.036089977791E-01
   -9.152284359956E-02
   -7.646715949099E-02
   -6.450317819562E-02
   -5.321936466125E-02
   -4.369980316660E-02
   -3.635880128267E-02
   -2.752559919663E-02
   -3.635880128267E-02
   -4.369980316661E-02
   -5.321936466127E-02
   -6.450317819562E-02
   -7.646715949094E-02
   -9.152284359954E-02
   -1.036089977791E-01
   -1.234760288212E-01
   -1.429316265640E-01
   -1.521799251276E-01
   -1.653228153932E-01
   -1.873146144560E-01
   -2.049105658935E-01
   -2.114724492960E-01
   -2.019878367827E-01
   -1.984849509406E-01
   -1.873146144560E-01
   -1.705829032749E-01
   -1.567066792227E-01
   -1.481087187804E-01
   -1.357416338938E-01
   -1.157496280504E-01
   -9.996716113434E-02
   -8.822007364616E-02
   -7.231008086618E-02
   -6.140554483903E-02
   -5.092421123907E-02
   -4.225290042121E-02
   -3.541915330873E-02
   -2.739621557764E-02
   -3.541915330873E-02
   -4.225290042122E-02
   -5.092421123908E-02
   -6.140554483904E-02
   -7.231008086615E-02
   -8.822007364614E-02
   -9.996716113433E-02
   -1.157496280504E-01
   -1.357416338938E-01
   -1.481087187804E-01
   -1.567066792227E-01
   -1.705829032749E-01
   -1.873146144560E-01
   -1.984849509406E-01
   -1.774720161334E-01
   -1.737120870977E-01
   -1.653228153932E-01
   -1.567066792227E-01
   -1.504200508520E-01
   -1.414386879308E-01
   -1.255056007666E-01
   -1.077428617633E-01
   -9.447707479303E-02
   -8.235534538829E-02
   -6.822575565639E-02
   -5.838096537856E-02
   -4.723762307469E-02
   -3.886063780594E-02
   -3.377007563966E-02
   -2.777950358849E-02
   -3.377007563966E-02
   -3.886063780595E-02
   -4.723762307470E-02
   -5.838096537857E-02
   -6.822575565637E-02
   -8.235534538827E-02
   -9.447707479303E-02
   -1.077428617633E-01
   -1.255056007666E-01
   -1.414386879308E-01
   -1.504200508520E-01
   -1.567066792227E-01
   -1.653228153932E-01
   -1.737120870977E-01
   -1.568831717954E-01
   -1.552817722401E-01
   -1.521799251276E-01
   -1.481087187804E-01
   -1.414386879308E-01
   -1.281705496310E-01
   -1.120683729805E-01
   -9.957655080818E-02
   -8.796657727404E-02
   -7.539563530444E-02
   -6.324605479941E-02
   -5.407243165896E-02
   -4.426945706830E-02
   -3.696944656216E-02
   -3.111716859623E-02
   -2.550943168982E-02
   -3.111716859623E-02
   -3.696944656216E-02
   -4.426945706830E-02
   -5.407243165897E-02
   -6.324605479940E-02
   -7.539563530443E-02
   -8.796657727404E-02
   -9.957655080818E-02
   -1.120683729805E-01
   -1.281705496310E-01
   -1.414386879308E-01
   -1.481087187804E-01
   -1.521799251276E-01
   -1.552817722401E-01
   -1.460078788010E-01
   -1.458115681750E-01
   -1.429316265640E-01
   -1.357416338938E-01
   -1.255056007666E-01
   -1.120683729805E-01
   -1.006047706580E-01
   -9.174616856325E-02
   -7.931823278477E-02
   -6.794333737694E-02
   -5.875506045517E-02
   -4.893715129955E-02
   -4.018148140388E-02
   -3.377307684720E-02
   -2.824978513870E-02
   -2.458456731972E-02
   -2.824978513870E-02
   -3.377307684720E-02
   -4.018148140388E-02
   -4.893715129955E-02
   -5.875506045517E-02
   -6.794333737693E-02
   -7.931823278477E-02
   -9.174616856325E-02
   -1.006047706580E-01
   -1.120683729805E-01
   -1.255056007666E-01
   -1.357416338938E-01
   -1.429316265640E-01
   -1.458115681750E-01
   -1.304189131903E-01
   -1.288705175761E-01
   -1.234760288213E-01
   -1.157496280504E-01
   -1.077428617633E-01
   -9.957655080818E-02
   -9.174616856325E-02
   -8.218329314989E-02
   -6.994606393060E-02
   -6.058244490380E-02
   -5.252789806828E-02
   -4.289232059248E-02
   -3.692969618285E-02
   -3.097844474095E-02
   -2.491733151004E-02
   -2.302619482331E-02
   -2.491733151005E-02
   -3.097844474095E-02
   -3.692969618285E-02
   -4.289232059248E-02
   -5.252789806828E-02
   -6.058244490380E-02
   -6.994606393060E-02
   -8.218329314989E-02
   -9.174616856325E-02
   -9.957655080818E-02
   -1.077428617633E-01
   -1.157496280504E-01
   -1.234760288213E-01
   -1.288705175761E-01
   -1.085496388885E-01
   -1.069533551000E-01
   -1.036089977791E-01
   -9.996716113434E-02
   -9.447707479304E-02
   -8.796657727404E-02
   -7.931823278477E-02
   -6.994606393060E-02
   -6.271951189625E-02
   -5.448377282453E-02
   -4.561966491172E-02
   -3.762697670481E-02
   -3.250756389535E-02
   -2.712554942771E-02
   -2.248122300343E-02
   -2.162650999445E-02
   -2.248122300344E-02
   -2.712554942771E-02
   -3.250756389535E-02
   -3.762697670481E-02
   -4.561966491172E-02
   -5.448377282453E-02
   -6.271951189625E-02
   -6.994606393060E-02
   -7.931823278477E-02
   -8.796657727404E-02
   -9.447707479304E-02
   -9.996716113434E-02
   -1.036089977791E-01
   -1.069533551000E-01
   -9.460428711659E-02
   -9.385159272540E-02
   -9.152284359957E-02
   -8.822007364617E-02
   -8.235534538830E-02
   -7.539563530445E-02
   -6.794333737694E-02
   -6.058244490381E-02
   -5.448377282453E-02
   -4.575083030111E-02
   -3.936503883993E-02
   -3.512416070182E-02
   -2.807078428131E-02
   -2.291722293326E-02
   -1.988780331396E-02
   -1.787743687204E-02
   -1.988780331397E-02
   -2.291722293326E-02
   -2.807078428131E-02
   -3.512416070182E-02
   -3.936503883993E-02
   -4.575083030111E-02
   -5.448377282453E-02
   -6.058244490381E-02
   -6.794333737694E-02
   -7.539563530445E-02
   -8.235534538829E-02
   -8.822007364617E-02
   -9.152284359957E-02
   -9.385159272540E-02
   -7.922528941733E-02
   -7.915658078836E-02
   -7.646715949101E-02
   -7.231008086620E-02
   -6.822575565641E-02
   -6.324605479941E-02
   -5.875506045518E-02
   -5.252789806829E-02
   -4.561966491172E-02
   -3.936503883993E-02
   -3.345566291083E-02
   -2.877447027564E-02
   -2.325245404349E-02
   -2.077613306373E-02
   -1.839202339070E-02
   -1.486638355030E-02
   -1.839202339071E-02
   -2.077613306373E-02
   -2.325245404349E-02
   -2.877447027563E-02
   -3.345566291084E-02
   -3.936503883993E-02
   -4.561966491172E-02
   -5.252789806829E-02
   -5.875506045518E-02
   -6.324605479941E-02
   -6.822575565640E-02
   -7.231008086620E-02
   -7.646715949101E-02
   -7.915658078836E-02
   -6.555268189880E-02
   -6.558861563631E-02
   -6.450317819566E-02
   -6.140554483906E-02
   -5.838096537858E-02
   -5.407243165898E-02
   -4.893715129956E-02
   -4.289232059248E-02
   -3.762697670481E-02
   -3.512416070182E-02
   -2.877447027564E-02
   -2.327484851002E-02
   -1.987729471293E-02
   -1.639384810002E-02
   -1.512245993384E-02
   -1.440758723871E-02
   -1.512245993384E-02
   -1.639384810001E-02
   -1.987729471293E-02
   -2.327484851002E-02
   -2.877447027564E-02
   -3.512416070182E-02
   -3.762697670481E-02
   -4.289232059248E-02
   -4.893715129955E-02
   -5.407243165898E-02
   -5.838096537858E-02
   -6.140554483906E-02
   -6.450317819566E-02
   -6.558861563631E-02
   -5.568530548371E-02
   -5.400463896851E-02
   -5.321936466128E-02
   -5.092421123908E-02
   -4.723762307470E-02
   -4.426945706830E-02
   -4.018148140388E-02
   -3.692969618285E-02
   -3.250756389535E-02
   -2.807078428131E-02
   -2.325245404349E-02
   -1.987729471293E-02
   -1.718532182178E-02
   -1.299052961709E-02
   -1.225567912687E-02
   -1.325699692832E-02
   -1.225567912687E-02
   -1.299052961708E-02
   -1.718532182178E-02
   -1.987729471293E-02
   -2.325245404349E-02
   -2.807078428131E-02
   -3.250756389534E-02
   -3.692969618285E-02
   -4.018148140388E-02
   -4.426945706830E-02
   -4.723762307470E-02
   -5.092421123908E-02
   -5.321936466128E-02
   -5.400463896851E-02
   -4.571043357829E-02
   -4.416023546081E-02
   -4.369980316659E-02
   -4.225290042121E-02
   -3.886063780595E-02
   -3.696944656216E-02
   -3.377307684720E-02
   -3.097844474095E-02
   -2.712554942771E-02
   -2.291722293326E-02
   -2.077613306372E-02
   -1.639384810001E-02
   -1.299052961707E-02
   -1.242720799822E-02
   -1.085500884941E-02
   -9.737181968268E-03
   -1.085500884940E-02
   -1.242720799822E-02
   -1.299052961709E-02
   -1.639384810001E-02
   -2.077613306373E-02
   -2.291722293325E-02
   -2.712554942771E-02
   -3.097844474095E-02
   -3.377307684720E-02
   -3.696944656216E-02
   -3.886063780594E-02
   -4.225290042122E-02
   -4.369980316660E-02
   -4.416023546081E-02
   -3.650146382772E-02
   -3.707810121100E-02
   -3.635880128267E-02
   -3.541915330873E-02
   -3.377007563966E-02
   -3.111716859623E-02
   -2.824978513868E-02
   -2.491733151004E-02
   -2.248122300342E-02
   -1.988780331397E-02
   -1.839202339069E-02
   -1.512245993383E-02
   -1.225567912686E-02
   -1.085500884941E-02
   -8.594905792757E-03
   -7.927722975208E-03
   -8.594905792686E-03
   -1.085500884940E-02
   -1.225567912688E-02
   -1.512245993382E-02
   -1.839202339069E-02
   -1.988780331396E-02
   -2.248122300342E-02
   -2.491733151004E-02
   -2.824978513868E-02
   -3.111716859623E-02
   -3.377007563966E-02
   -3.541915330874E-02
   -3.635880128267E-02
   -3.707810121100E-02
   -2.798228664100E-02
   -2.884136722299E-02
   -2.752559919636E-02
   -2.739621557781E-02
   -2.777950358848E-02
   -2.550943168985E-02
   -2.458456731966E-02
   -2.302619482334E-02
   -2.162650999443E-02
   -1.787743687208E-02
   -1.486638355030E-02
   -1.440758723871E-02
   -1.325699692831E-02
   -9.737181968276E-03
   -7.927722975227E-03
   -1.110851700992E-02
   -7.927722975052E-03
   -9.737181968158E-03
   -1.325699692831E-02
   -1.440758723869E-02
   -1.486638355029E-02
   -1.787743687205E-02
   -2.162650999441E-02
   -2.302619482331E-02
   -2.458456731963E-02
   -2.550943168988E-02
   -2.777950358832E-02
   -2.739621557779E-02
   -2.752559919651E-02
   -2.884136722300E-02
   -3.650146382774E-02
   -3.707810121103E-02
   -3.635880128267E-02
   -3.541915330873E-02
   -3.377007563967E-02
   -3.111716859624E-02
   -2.824978513869E-02
   -2.491733151005E-02
   -2.248122300342E-02
   -1.988780331397E-02
   -1.839202339069E-02
   -1.512245993383E-02
   -1.225567912686E-02
   -1.085500884939E-02
   -8.594905792720E-03
   -7.927722975128E-03
   -8.594905792637E-03
   -1.085500884939E-02
   -1.225567912686E-02
   -1.512245993382E-02
   -1.839202339069E-02
   -1.988780331396E-02
   -2.248122300342E-02
   -2.491733151004E-02
   -2.824978513869E-02
   -3.111716859624E-02
   -3.377007563966E-02
   -3.541915330873E-02
   -3.635880128267E-02
   -3.707810121103E-02
   -4.571043357829E-02
   -4.416023546080E-02
   -4.369980316661E-02
   -4.225290042122E-02
   -3.886063780595E-02
   -3.696944656216E-02
   -3.377307684720E-02
   -3.097844474095E-02
   -2.712554942771E-02
   -2.291722293326E-02
   -2.077613306372E-02
   -1.639384810000E-02
   -1.299052961706E-02
   -1.242720799820E-02
   -1.085500884938E-02
   -9.737181968155E-03
   -1.085500884936E-02
   -1.242720799820E-02
   -1.299052961707E-02
   -1.639384810000E-02
   -2.077613306372E-02
   -2.291722293325E-02
   -2.712554942771E-02
   -3.097844474095E-02
   -3.377307684720E-02
   -3.696944656216E-02
   -3.886063780595E-02
   -4.225290042122E-02
   -4.369980316660E-02
   -4.416023546080E-02
   -5.568530548372E-02
   -5.400463896853E-02
   -5.321936466128E-02
   -5.092421123909E-02
   -4.723762307470E-02
   -4.426945706830E-02
   -4.018148140388E-02
   -3.692969618285E-02
   -3.250756389535E-02
   -2.807078428132E-02
   -2.325245404349E-02
   -1.987729471292E-02
   -1.718532182176E-02
   -1.299052961706E-02
   -1.225567912686E-02
   -1.325699692825E-02
   -1.225567912682E-02
   -1.299052961705E-02
   -1.718532182176E-02
   -1.987729471292E-02
   -2.325245404348E-02
   -2.807078428131E-02
   -3.250756389535E-02
   -3.692969618285E-02
   -4.018148140388E-02
   -4.426945706830E-02
   -4.723762307470E-02
   -5.092421123908E-02
   -5.321936466128E-02
   -5.400463896852E-02
   -6.555268189882E-02
   -6.558861563631E-02
   -6.450317819566E-02
   -6.140554483906E-02
   -5.838096537858E-02
   -5.407243165897E-02
   -4.893715129955E-02
   -4.289232059248E-02
   -3.762697670481E-02
   -3.512416070182E-02
   -2.877447027564E-02
   -2.327484851002E-02
   -1.987729471292E-02
   -1.639384810000E-02
   -1.512245993383E-02
   -1.440758723872E-02
   -1.512245993381E-02
   -1.639384809999E-02
   -1.987729471292E-02
   -2.327484851002E-02
   -2.877447027563E-02
   -3.512416070182E-02
   -3.762697670481E-02
   -4.289232059248E-02
   -4.893715129955E-02
   -5.407243165898E-02
   -5.838096537858E-02
   -6.140554483906E-02
   -6.450317819566E-02
   -6.558861563631E-02
   -7.922528941733E-02
   -7.915658078837E-02
   -7.646715949101E-02
   -7.231008086620E-02
   -6.822575565641E-02
   -6.324605479941E-02
   -5.875506045518E-02
   -5.252789806829E-02
   -4.561966491172E-02
   -3.936503883993E-02
   -3.345566291084E-02
   -2.877447027564E-02
   -2.325245404349E-02
   -2.077613306371E-02
   -1.839202339069E-02
   -1.486638355031E-02
   -1.839202339068E-02
   -2.077613306372E-02
   -2.325245404348E-02
   -2.877447027563E-02
   -3.345566291083E-02
   -3.936503883993E-02
   -4.561966491172E-02
   -5.252789806829E-02
   -5.875506045518E-02
   -6.324605479942E-02
   -6.822575565641E-02
   -7.231008086620E-02
   -7.646715949101E-02
   -7.915658078836E-02
   -9.460428711651E-02
   -9.385159272540E-02
   -9.152284359957E-02
   -8.822007364616E-02
   -8.235534538829E-02
   -7.539563530445E-02
   -6.794333737694E-02
   -6.058244490381E-02
   -5.448377282453E-02
   -4.575083030111E-02
   -3.936503883993E-02
   -3.512416070182E-02
   -2.807078428132E-02
   -2.291722293325E-02
   -1.988780331395E-02
   -1.787743687205E-02
   -1.988780331395E-02
   -2.291722293325E-02
   -2.807078428131E-02
   -3.512416070182E-02
   -3.936503883993E-02
   -4.575083030111E-02
   -5.448377282453E-02
   -6.058244490381E-02
   -6.794333737694E-02
   -7.539563530445E-02
   -8.235534538829E-02
   -8.822007364616E-02
   -9.152284359957E-02
   -9.385159272539E-02
   -1.085496388884E-01
   -1.069533551000E-01
   -1.036089977791E-01
   -9.996716113434E-02
   -9.447707479304E-02
   -8.796657727404E-02
   -7.931823278477E-02
   -6.994606393060E-02
   -6.271951189625E-02
   -5.448377282453E-02
   -4.561966491172E-02
   -3.762697670481E-02
   -3.250756389535E-02
   -2.712554942770E-02
   -2.248122300342E-02
   -2.162650999445E-02
   -2.248122300342E-02
   -2.712554942771E-02
   -3.250756389535E-02
   -3.762697670481E-02
   -4.561966491172E-02
   -5.448377282453E-02
   -6.271951189625E-02
   -6.994606393060E-02
   -7.931823278477E-02
   -8.796657727404E-02
   -9.447707479304E-02
   -9.996716113434E-02
   -1.036089977791E-01
   -1.069533551000E-01
   -1.304189131903E-01
   -1.288705175761E-01
   -1.234760288213E-01
   -1.157496280504E-01
   -1.077428617633E-01
   -9.957655080818E-02
   -9.174616856325E-02
   -8.218329314989E-02
   -6.994606393060E-02
   -6.058244490380E-02
   -5.252789806828E-02
   -4.289232059248E-02
   -3.692969618285E-02
   -3.097844474094E-02
   -2.491733151004E-02
   -2.302619482332E-02
   -2.491733151004E-02
   -3.097844474095E-02
   -3.692969618285E-02
   -4.289232059248E-02
   -5.252789806829E-02
   -6.058244490380E-02
   -6.994606393060E-02
   -8.218329314989E-02
   -9.174616856325E-02
   -9.957655080818E-02
   -1.077428617633E-01
   -1.157496280504E-01
   -1.234760288213E-01
   -1.288705175761E-01
   -1.460078788010E-01
   -1.458115681750E-01
   -1.429316265640E-01
   -1.357416338938E-01
   -1.255056007666E-01
   -1.120683729805E-01
   -1.006047706580E-01
   -9.174616856325E-02
   -7.931823278477E-02
   -6.794333737694E-02
   -5.875506045517E-02
   -4.893715129955E-02
   -4.018148140388E-02
   -3.377307684720E-02
   -2.824978513870E-02
   -2.458456731972E-02
   -2.824978513870E-02
   -3.377307684720E-02
   -4.018148140389E-02
   -4.893715129955E-02
   -5.875506045517E-02
   -6.794333737693E-02
   -7.931823278477E-02
   -9.174616856325E-02
   -1.006047706580E-01
   -1.120683729805E-01
   -1.255056007666E-01
   -1.357416338938E-01
   -1.429316265640E-01
   -1.458115681750E-01
   -1.568831717954E-01
   -1.552817722401E-01
   -1.521799251276E-01
   -1.481087187804E-01
   -1.414386879308E-01
   -1.281705496310E-01
   -1.120683729805E-01
   -9.957655080818E-02
   -8.796657727404E-02
   -7.539563530445E-02
   -6.324605479941E-02
   -5.407243165896E-02
   -4.426945706830E-02
   -3.696944656215E-02
   -3.111716859623E-02
   -2.550943168982E-02
   -3.111716859624E-02
   -3.696944656216E-02
   -4.426945706830E-02
   -5.407243165897E-02
   -6.324605479940E-02
   -7.539563530443E-02
   -8.796657727404E-02
   -9.957655080818E-02
   -1.120683729805E-01
   -1.281705496310E-01
   -1.414386879308E-01
   -1.481087187804E-01
   -1.521799251276E-01
   -1.552817722401E-01
   -1.774720161334E-01
   -1.737120870977E-01
   -1.653228153932E-01
   -1.567066792227E-01
   -1.504200508520E-01
   -1.414386879308E-01
   -1.255056007666E-01
   -1.077428617633E-01
   -9.447707479303E-02
   -8.235534538829E-02
   -6.822575565639E-02
   -5.838096537856E-02
   -4.723762307469E-02
   -3.886063780594E-02
   -3.377007563965E-02
   -2.777950358847E-02
   -3.377007563967E-02
   -3.886063780595E-02
   -4.723762307470E-02
   -5.838096537857E-02
   -6.822575565638E-02
   -8.235534538827E-02
   -9.447707479303E-02
   -1.077428617633E-01
   -1.255056007666E-01
   -1.414386879308E-01
   -1.504200508520E-01
   -1.567066792227E-01
   -1.653228153932E-01
   -1.737120870977E-01
   -2.019878367827E-01
   -1.984849509406E-01
   -1.873146144560E-01
   -1.705829032749E-01
   -1.567066792227E-01
   -1.481087187804E-01
   -1.357416338938E-01
   -1.157496280504E-01
   -9.996716113434E-02
   -8.822007364616E-02
   -7.231008086618E-02
   -6.140554483903E-02
   -5.092421123907E-02
   -4.225290042121E-02
   -3.541915330872E-02
   -2.739621557745E-02
   -3.541915330874E-02
   -4.225290042122E-02
   -5.092421123908E-02
   -6.140554483904E-02
   -7.231008086615E-02
   -8.822007364614E-02
   -9.996716113433E-02
   -1.157496280504E-01
   -1.357416338938E-01
   -1.481087187804E-01
   -1.567066792227E-01
   -1.705829032749E-01
   -1.873146144560E-01
   -1.984849509406E-01
   -2.126511803458E-01
   -2.114724492960E-01
   -2.049105658935E-01
   -1.873146144560E-01
   -1.653228153932E-01
   -1.521799251276E-01
   -1.429316265640E-01
   -1.234760288213E-01
   -1.036089977791E-01
   -9.152284359956E-02
   -7.646715949099E-02
   -6.450317819562E-02
   -5.321936466125E-02
   -4.369980316660E-02
   -3.635880128265E-02
   -2.752559919642E-02
   -3.635880128267E-02
   -4.369980316661E-02
   -5.321936466127E-02
   -6.450317819562E-02
   -7.646715949095E-02
   -9.152284359954E-02
   -1.036089977791E-01
   -1.234760288212E-01
   -1.429316265640E-01
   -1.521799251276E-01
   -1.653228153932E-01
   -1.873146144560E-01
   -2.049105658935E-01
   -2.114724492960E-01
   -2.087165381750E-01
   -2.105203735595E-01
   -2.114724492960E-01
   -1.984849509406E-01
   -1.737120870977E-01
   -1.552817722401E-01
   -1.458115681750E-01
   -1.288705175761E-01
   -1.069533551000E-01
   -9.385159272538E-02
   -7.915658078834E-02
   -6.558861563626E-02
   -5.400463896848E-02
   -4.416023546081E-02
   -3.707810121099E-02
   -2.884136722288E-02
   -3.707810121100E-02
   -4.416023546082E-02
   -5.400463896850E-02
   -6.558861563626E-02
   -7.915658078837E-02
   -9.385159272536E-02
   -1.069533551000E-01
   -1.288705175761E-01
   -1.458115681750E-01
   -1.552817722401E-01
   -1.737120870977E-01
   -1.984849509406E-01
   -2.114724492960E-01
   -2.105203735595E-01
   -1.815651542017E-01
   -1.770518521408E-01
   -1.681620728570E-01
   -1.579566038018E-01
   -1.507471708526E-01
   -1.426343771257E-01
   -1.264207885025E-01
   -1.085496388885E-01
   -9.490048640154E-02
   -8.273334284560E-02
   -6.888214420315E-02
   -5.932017097023E-02
   -4.826305961904E-02
   -3.960132491571E-02
   -3.377823075524E-02
   -2.638760339239E-02
   -3.377823075523E-02
   -3.960132491570E-02
   -4.826305961906E-02
   -5.932017097024E-02
   -6.888214420313E-02
   -8.273334284559E-02
   -9.490048640154E-02
   -1.085496388885E-01
   -1.264207885025E-01
   -1.426343771257E-01
   -1.507471708526E-01
   -1.579566038018E-01
   -1.681620728570E-01
   -1.770518521408E-01
   -1.770518521408E-01
   -1.730491662338E-01
   -1.653706269683E-01
   -1.566589203852E-01
   -1.499233195692E-01
   -1.415593059246E-01
   -1.248786765424E-01
   -1.069533551000E-01
   -9.439155817776E-02
   -8.240922773210E-02
   -6.847972731673E-02
   -5.882733787589E-02
   -4.728942759684E-02
   -3.876915050434E-02
   -3.386312499139E-02
   -2.790101875428E-02
   -3.386312499138E-02
   -3.876915050434E-02
   -4.728942759685E-02
   -5.882733787589E-02
   -6.847972731672E-02
   -8.240922773209E-02
   -9.439155817776E-02
   -1.069533551000E-01
   -1.248786765424E-01
   -1.415593059246E-01
   -1.499233195692E-01
   -1.566589203852E-01
   -1.653706269683E-01
   -1.730491662338E-01
   -1.681620728570E-01
   -1.653706269683E-01
   -1.598728732964E-01
   -1.535520447894E-01
   -1.473045970344E-01
   -1.376150367261E-01
   -1.202495661104E-01
   -1.036089977791E-01
   -9.274787100536E-02
   -8.007133596923E-02
   -6.647533577957E-02
   -5.746538422998E-02
   -4.636247607076E-02
   -3.804388891788E-02
   -3.280080270286E-02
   -2.746910079309E-02
   -3.280080270286E-02
   -3.804388891788E-02
   -4.636247607077E-02
   -5.746538422999E-02
   -6.647533577956E-02
   -8.007133596922E-02
   -9.274787100536E-02
   -1.036089977791E-01
   -1.202495661104E-01
   -1.376150367261E-01
   -1.473045970344E-01
   -1.535520447895E-01
   -1.598728732964E-01
   -1.653706269683E-01
   -1.579566038018E-01
   -1.566589203852E-01
   -1.535520447895E-01
   -1.492332083703E-01
   -1.424333583399E-01
   -1.300372173259E-01
   -1.131723190225E-01
   -9.996716113434E-02
   -8.944518448071E-02
   -7.598722823288E-02
   -6.423173062838E-02
   -5.468243567130E-02
   -4.391389371225E-02
   -3.658625605368E-02
   -3.134394022239E-02
   -2.704446220731E-02
   -3.134394022239E-02
   -3.658625605368E-02
   -4.391389371225E-02
   -5.468243567130E-02
   -6.423173062837E-02
   -7.598722823286E-02
   -8.944518448071E-02
   -9.996716113434E-02
   -1.131723190225E-01
   -1.300372173259E-01
   -1.424333583399E-01
   -1.492332083703E-01
   -1.535520447895E-01
   -1.566589203852E-01
   -1.507471708526E-01
   -1.499233195692E-01
   -1.473045970344E-01
   -1.424333583399E-01
   -1.330870688609E-01
   -1.188571423933E-01
   -1.046374805096E-01
   -9.447707479304E-02
   -8.336140269554E-02
   -7.121121444914E-02
   -6.201470906914E-02
   -5.107598902069E-02
   -4.106767118398E-02
   -3.485853949028E-02
   -2.942038785439E-02
   -2.628398486391E-02
   -2.942038785439E-02
   -3.485853949028E-02
   -4.106767118398E-02
   -5.107598902069E-02
   -6.201470906913E-02
   -7.121121444913E-02
   -8.336140269554E-02
   -9.447707479304E-02
   -1.046374805096E-01
   -1.188571423933E-01
   -1.330870688609E-01
   -1.424333583399E-01
   -1.473045970344E-01
   -1.499233195692E-01
   -1.426343771257E-01
   -1.415593059246E-01
   -1.376150367261E-01
   -1.300372173259E-01
   -1.188571423933E-01
   -1.072649242113E-01
   -9.741174359664E-02
   -8.796657727404E-02
   -7.672418450331E-02
   -6.625079021082E-02
   -5.707224491196E-02
   -4.603390446651E-02
   -3.892187694637E-02
   -3.345143985837E-02
   -2.700067159846E-02
   -2.434760096630E-02
   -2.700067159846E-02
   -3.345143985837E-02
   -3.892187694637E-02
   -4.603390446651E-02
   -5.707224491197E-02
   -6.625079021082E-02
   -7.672418450330E-02
   -8.796657727404E-02
   -9.741174359664E-02
   -1.072649242113E-01
   -1.188571423933E-01
   -1.300372173259E-01
   -1.376150367261E-01
   -1.415593059246E-01
   -1.264207885025E-01
   -1.248786765424E-01
   -1.202495661104E-01
   -1.131723190225E-01
   -1.046374805096E-01
   -9.741174359664E-02
   -8.954292642567E-02
   -7.931823278477E-02
   -6.967981043302E-02
   -6.090975477189E-02
   -5.135011857110E-02
   -4.144753298930E-02
   -3.576410725289E-02
   -3.025840350067E-02
   -2.511764334815E-02
   -2.405654403654E-02
   -2.511764334815E-02
   -3.025840350067E-02
   -3.576410725289E-02
   -4.144753298931E-02
   -5.135011857110E-02
   -6.090975477189E-02
   -6.967981043302E-02
   -7.931823278477E-02
   -8.954292642567E-02
   -9.741174359664E-02
   -1.046374805096E-01
   -1.131723190225E-01
   -1.202495661104E-01
   -1.248786765424E-01
   -1.085496388885E-01
   -1.069533551000E-01
   -1.036089977791E-01
   -9.996716113434E-02
   -9.447707479304E-02
   -8.796657727404E-02
   -7.931823278477E-02
   -6.994606393060E-02
   -6.271951189625E-02
   -5.448377282453E-02
   -4.561966491172E-02
   -3.762697670481E-02
   -3.250756389535E-02
   -2.712554942771E-02
   -2.248122300342E-02
   -2.162650999441E-02
   -2.248122300342E-02
   -2.712554942771E-02
   -3.250756389534E-02
   -3.762697670481E-02
   -4.561966491172E-02
   -5.448377282453E-02
   -6.271951189625E-02
   -6.994606393060E-02
   -7.931823278477E-02
   -8.796657727404E-02
   -9.447707479304E-02
   -9.996716113434E-02
   -1.036089977791E-01
   -1.069533551000E-01
   -9.490048640154E-02
   -9.439155817777E-02
   -9.274787100536E-02
   -8.944518448072E-02
   -8.336140269554E-02
   -7.672418450331E-02
   -6.967981043302E-02
   -6.271951189625E-02
   -5.575944806578E-02
   -4.695017804280E-02
   -3.990894159410E-02
   -3.360044723382E-02
   -2.843841908357E-02
   -2.414336642103E-02
   -1.982097331040E-02
   -1.812373776689E-02
   -1.982097331040E-02
   -2.414336642103E-02
   -2.843841908357E-02
   -3.360044723382E-02
   -3.990894159410E-02
   -4.695017804280E-02
   -5.575944806578E-02
   -6.271951189625E-02
   -6.967981043302E-02
   -7.672418450331E-02
   -8.336140269554E-02
   -8.944518448072E-02
   -9.274787100536E-02
   -9.439155817777E-02
   -8.273334284561E-02
   -8.240922773210E-02
   -8.007133596923E-02
   -7.598722823288E-02
   -7.121121444914E-02
   -6.625079021083E-02
   -6.090975477189E-02
   -5.448377282453E-02
   -4.695017804280E-02
   -3.980306416157E-02
   -3.531016679087E-02
   -3.016412328257E-02
   -2.423574295747E-02
   -2.055558552454E-02
   -1.774762942583E-02
   -1.599320629093E-02
   -1.774762942582E-02
   -2.055558552455E-02
   -2.423574295746E-02
   -3.016412328257E-02
   -3.531016679087E-02
   -3.980306416157E-02
   -4.695017804280E-02
   -5.448377282453E-02
   -6.090975477189E-02
   -6.625079021083E-02
   -7.121121444914E-02
   -7.598722823288E-02
   -8.007133596923E-02
   -8.240922773211E-02
   -6.888214420316E-02
   -6.847972731674E-02
   -6.647533577958E-02
   -6.423173062839E-02
   -6.201470906914E-02
   -5.707224491197E-02
   -5.135011857110E-02
   -4.561966491172E-02
   -3.990894159410E-02
   -3.531016679087E-02
   -3.019861280474E-02
   -2.522877477250E-02
   -2.028560333461E-02
   -1.712601854759E-02
   -1.568544142084E-02
   -1.442310599600E-02
   -1.568544142084E-02
   -1.712601854759E-02
   -2.028560333461E-02
   -2.522877477250E-02
   -3.019861280474E-02
   -3.531016679087E-02
   -3.990894159410E-02
   -4.561966491172E-02
   -5.135011857110E-02
   -5.707224491197E-02
   -6.201470906914E-02
   -6.423173062839E-02
   -6.647533577959E-02
   -6.847972731675E-02
   -5.932017097024E-02
   -5.882733787590E-02
   -5.746538422999E-02
   -5.468243567130E-02
   -5.107598902069E-02
   -4.603390446651E-02
   -4.144753298931E-02
   -3.762697670481E-02
   -3.360044723381E-02
   -3.016412328257E-02
   -2.522877477250E-02
   -2.193458694652E-02
   -1.810605092279E-02
   -1.423029783856E-02
   -1.327944779726E-02
   -1.278776391401E-02
   -1.327944779726E-02
   -1.423029783856E-02
   -1.810605092278E-02
   -2.193458694652E-02
   -2.522877477250E-02
   -3.016412328257E-02
   -3.360044723381E-02
   -3.762697670481E-02
   -4.144753298931E-02
   -4.603390446651E-02
   -5.107598902069E-02
   -5.468243567130E-02
   -5.746538422999E-02
   -5.882733787590E-02
   -4.826305961904E-02
   -4.728942759685E-02
   -4.636247607076E-02
   -4.391389371225E-02
   -4.106767118398E-02
   -3.892187694638E-02
   -3.576410725289E-02
   -3.250756389535E-02
   -2.843841908357E-02
   -2.423574295746E-02
   -2.028560333461E-02
   -1.810605092278E-02
   -1.501687712065E-02
   -1.219281031964E-02
   -1.145661647533E-02
   -1.072107000811E-02
   -1.145661647534E-02
   -1.219281031965E-02
   -1.501687712065E-02
   -1.810605092278E-02
   -2.028560333461E-02
   -2.423574295746E-02
   -2.843841908357E-02
   -3.250756389535E-02
   -3.576410725289E-02
   -3.892187694638E-02
   -4.106767118398E-02
   -4.391389371225E-02
   -4.636247607077E-02
   -4.728942759685E-02
   -3.960132491571E-02
   -3.876915050434E-02
   -3.804388891789E-02
   -3.658625605368E-02
   -3.485853949028E-02
   -3.345143985837E-02
   -3.025840350067E-02
   -2.712554942771E-02
   -2.414336642103E-02
   -2.055558552454E-02
   -1.712601854759E-02
   -1.423029783855E-02
   -1.219281031965E-02
   -1.143944959012E-02
   -9.658349195253E-03
   -7.858651129838E-03
   -9.658349195270E-03
   -1.143944959013E-02
   -1.219281031963E-02
   -1.423029783855E-02
   -1.712601854758E-02
   -2.055558552454E-02
   -2.414336642103E-02
   -2.712554942771E-02
   -3.025840350067E-02
   -3.345143985837E-02
   -3.485853949029E-02
   -3.658625605368E-02
   -3.804388891789E-02
   -3.876915050434E-02
   -3.377823075524E-02
   -3.386312499138E-02
   -3.280080270285E-02
   -3.134394022238E-02
   -2.942038785439E-02
   -2.700067159846E-02
   -2.511764334816E-02
   -2.248122300342E-02
   -1.982097331040E-02
   -1.774762942582E-02
   -1.568544142084E-02
   -1.327944779726E-02
   -1.145661647533E-02
   -9.658349195244E-03
   -7.729907580774E-03
   -7.162882920467E-03
   -7.729907580836E-03
   -9.658349195272E-03
   -1.145661647531E-02
   -1.327944779727E-02
   -1.568544142083E-02
   -1.774762942583E-02
   -1.982097331041E-02
   -2.248122300343E-02
   -2.511764334817E-02
   -2.700067159846E-02
   -2.942038785439E-02
   -3.134394022238E-02
   -3.280080270286E-02
   -3.386312499138E-02
   -2.638760339249E-02
   -2.790101875441E-02
   -2.746910079340E-02
   -2.704446220721E-02
   -2.628398486392E-02
   -2.434760096629E-02
   -2.405654403658E-02
   -2.162650999440E-02
   -1.812373776689E-02
   -1.599320629091E-02
   -1.442310599599E-02
   -1.278776391403E-02
   -1.072107000808E-02
   -7.858651129842E-03
   -7.162882920399E-03
   -6.101682081690E-03
   -7.162882920511E-03
   -7.858651130033E-03
   -1.072107000807E-02
   -1.278776391405E-02
   -1.442310599598E-02
   -1.599320629095E-02
   -1.812373776691E-02
   -2.162650999444E-02
   -2.405654403661E-02
   -2.434760096627E-02
   -2.628398486404E-02
   -2.704446220721E-02
   -2.746910079323E-02
   -2.790101875436E-02
   -3.377823075525E-02
   -3.386312499138E-02
   -3.280080270287E-02
   -3.134394022240E-02
   -2.942038785439E-02
   -2.700067159846E-02
   -2.511764334816E-02
   -2.248122300342E-02
   -1.982097331040E-02
   -1.774762942581E-02
   -1.568544142083E-02
   -1.327944779726E-02
   -1.145661647531E-02
   -9.658349195249E-03
   -7.729907580748E-03
   -7.162882920327E-03
   -7.729907580841E-03
   -9.658349195255E-03
   -1.145661647531E-02
   -1.327944779726E-02
   -1.568544142084E-02
   -1.774762942583E-02
   -1.982097331040E-02
   -2.248122300343E-02
   -2.511764334816E-02
   -2.700067159846E-02
   -2.942038785439E-02
   -3.134394022239E-02
   -3.280080270286E-02
   -3.386312499138E-02
   -3.960132491572E-02
   -3.876915050435E-02
   -3.804388891788E-02
   -3.658625605368E-02
   -3.485853949028E-02
   -3.345143985837E-02
   -3.025840350067E-02
   -2.712554942771E-02
   -2.414336642103E-02
   -2.055558552454E-02
   -1.712601854758E-02
   -1.423029783855E-02
   -1.219281031963E-02
   -1.143944959010E-02
   -9.658349195254E-03
   -7.858651130043E-03
   -9.658349195270E-03
   -1.143944959011E-02
   -1.219281031963E-02
   -1.423029783855E-02
   -1.712601854759E-02
   -2.055558552454E-02
   -2.414336642103E-02
   -2.712554942771E-02
   -3.025840350067E-02
   -3.345143985837E-02
   -3.485853949028E-02
   -3.658625605368E-02
   -3.804388891789E-02
   -3.876915050435E-02
   -4.826305961905E-02
   -4.728942759685E-02
   -4.636247607077E-02
   -4.391389371225E-02
   -4.106767118398E-02
   -3.892187694638E-02
   -3.576410725289E-02
   -3.250756389534E-02
   -2.843841908357E-02
   -2.423574295746E-02
   -2.028560333461E-02
   -1.810605092278E-02
   -1.501687712064E-02
   -1.219281031962E-02
   -1.145661647528E-02
   -1.072107000805E-02
   -1.145661647532E-02
   -1.219281031964E-02
   -1.501687712064E-02
   -1.810605092278E-02
   -2.028560333461E-02
   -2.423574295746E-02
   -2.843841908357E-02
   -3.250756389535E-02
   -3.576410725289E-02
   -3.892187694638E-02
   -4.106767118398E-02
   -4.391389371225E-02
   -4.636247607077E-02
   -4.728942759685E-02
   -5.932017097024E-02
   -5.882733787591E-02
   -5.746538423000E-02
   -5.468243567130E-02
   -5.107598902069E-02
   -4.603390446651E-02
   -4.144753298931E-02
   -3.762697670481E-02
   -3.360044723382E-02
   -3.016412328257E-02
   -2.522877477250E-02
   -2.193458694651E-02
   -1.810605092278E-02
   -1.423029783854E-02
   -1.327944779724E-02
   -1.278776391404E-02
   -1.327944779726E-02
   -1.423029783855E-02
   -1.810605092278E-02
   -2.193458694652E-02
   -2.522877477250E-02
   -3.016412328257E-02
   -3.360044723382E-02
   -3.762697670481E-02
   -4.144753298931E-02
   -4.603390446651E-02
   -5.107598902069E-02
   -5.468243567130E-02
   -5.746538423000E-02
   -5.882733787591E-02
   -6.888214420316E-02
   -6.847972731675E-02
   -6.647533577959E-02
   -6.423173062839E-02
   -6.201470906914E-02
   -5.707224491197E-02
   -5.135011857110E-02
   -4.561966491172E-02
   -3.990894159410E-02
   -3.531016679087E-02
   -3.019861280474E-02
   -2.522877477250E-02
   -2.028560333460E-02
   -1.712601854758E-02
   -1.568544142082E-02
   -1.442310599596E-02
   -1.568544142084E-02
   -1.712601854758E-02
   -2.028560333460E-02
   -2.522877477250E-02
   -3.019861280474E-02
   -3.531016679087E-02
   -3.990894159410E-02
   -4.561966491172E-02
   -5.135011857110E-02
   -5.707224491197E-02
   -6.201470906914E-02
   -6.423173062839E-02
   -6.647533577959E-02
   -6.847972731675E-02
   -8.273334284555E-02
   -8.240922773211E-02
   -8.007133596923E-02
   -7.598722823288E-02
   -7.121121444914E-02
   -6.625079021083E-02
   -6.090975477189E-02
   -5.448377282453E-02
   -4.695017804280E-02
   -3.980306416157E-02
   -3.531016679087E-02
   -3.016412328257E-02
   -2.423574295746E-02
   -2.055558552454E-02
   -1.774762942582E-02
   -1.599320629096E-02
   -1.774762942583E-02
   -2.055558552454E-02
   -2.423574295746E-02
   -3.016412328257E-02
   -3.531016679087E-02
   -3.980306416157E-02
   -4.695017804280E-02
   -5.448377282453E-02
   -6.090975477189E-02
   -6.625079021083E-02
   -7.121121444914E-02
   -7.598722823288E-02
   -8.007133596923E-02
   -8.240922773211E-02
   -9.490048640152E-02
   -9.439155817776E-02
   -9.274787100536E-02
   -8.944518448072E-02
   -8.336140269554E-02
   -7.672418450331E-02
   -6.967981043302E-02
   -6.271951189625E-02
   -5.575944806578E-02
   -4.695017804280E-02
   -3.990894159410E-02
   -3.360044723382E-02
   -2.843841908357E-02
   -2.414336642103E-02
   -1.982097331039E-02
   -1.812373776686E-02
   -1.982097331040E-02
   -2.414336642103E-02
   -2.843841908357E-02
   -3.360044723382E-02
   -3.990894159410E-02
   -4.695017804280E-02
   -5.575944806578E-02
   -6.271951189625E-02
   -6.967981043302E-02
   -7.672418450331E-02
   -8.336140269554E-02
   -8.944518448072E-02
   -9.274787100536E-02
   -9.439155817776E-02
   -1.085496388885E-01
   -1.069533551000E-01
   -1.036089977791E-01
   -9.996716113434E-02
   -9.447707479304E-02
   -8.796657727404E-02
   -7.931823278477E-02
   -6.994606393060E-02
   -6.271951189625E-02
   -5.448377282454E-02
   -4.561966491172E-02
   -3.762697670481E-02
   -3.250756389535E-02
   -2.712554942771E-02
   -2.248122300342E-02
   -2.162650999443E-02
   -2.248122300342E-02
   -2.712554942771E-02
   -3.250756389534E-02
   -3.762697670481E-02
   -4.561966491172E-02
   -5.448377282453E-02
   -6.271951189625E-02
   -6.994606393060E-02
   -7.931823278477E-02
   -8.796657727404E-02
   -9.447707479304E-02
   -9.996716113434E-02
   -1.036089977791E-01
   -1.069533551000E-01
   -1.264207885025E-01
   -1.248786765424E-01
   -1.202495661104E-01
   -1.131723190225E-01
   -1.046374805096E-01
   -9.741174359664E-02
   -8.954292642567E-02
   -7.931823278477E-02
   -6.967981043302E-02
   -6.090975477189E-02
   -5.135011857110E-02
   -4.144753298931E-02
   -3.576410725289E-02
   -3.025840350067E-02
   -2.511764334815E-02
   -2.405654403652E-02
   -2.511764334815E-02
   -3.025840350066E-02
   -3.576410725289E-02
   -4.144753298930E-02
   -5.135011857110E-02
   -6.090975477189E-02
   -6.967981043302E-02
   -7.931823278477E-02
   -8.954292642567E-02
   -9.741174359664E-02
   -1.046374805096E-01
   -1.131723190225E-01
   -1.202495661104E-01
   -1.248786765424E-01
   -1.426343771257E-01
   -1.415593059246E-01
   -1.376150367261E-01
   -1.300372173259E-01
   -1.188571423933E-01
   -1.072649242113E-01
   -9.741174359664E-02
   -8.796657727405E-02
   -7.672418450331E-02
   -6.625079021083E-02
   -5.707224491197E-02
   -4.603390446651E-02
   -3.892187694637E-02
   -3.345143985837E-02
   -2.700067159846E-02
   -2.434760096630E-02
   -2.700067159845E-02
   -3.345143985837E-02
   -3.892187694637E-02
   -4.603390446651E-02
   -5.707224491197E-02
   -6.625079021082E-02
   -7.672418450331E-02
   -8.796657727404E-02
   -9.741174359664E-02
   -1.072649242113E-01
   -1.188571423933E-01
   -1.300372173259E-01
   -1.376150367261E-01
   -1.415593059246E-01
   -1.507471708526E-01
   -1.499233195692E-01
   -1.473045970344E-01
   -1.424333583399E-01
   -1.330870688609E-01
   -1.188571423933E-01
   -1.046374805096E-01
   -9.447707479304E-02
   -8.336140269554E-02
   -7.121121444914E-02
   -6.201470906914E-02
   -5.107598902069E-02
   -4.106767118398E-02
   -3.485853949028E-02
   -2.942038785439E-02
   -2.628398486391E-02
   -2.942038785438E-02
   -3.485853949028E-02
   -4.106767118398E-02
   -5.107598902069E-02
   -6.201470906914E-02
   -7.121121444913E-02
   -8.336140269554E-02
   -9.447707479304E-02
   -1.046374805096E-01
   -1.188571423933E-01
   -1.330870688609E-01
   -1.424333583399E-01
   -1.473045970344E-01
   -1.499233195692E-01
   -1.579566038018E-01
   -1.566589203852E-01
   -1.535520447895E-01
   -1.492332083703E-01
   -1.424333583399E-01
   -1.300372173259E-01
   -1.131723190225E-01
   -9.996716113434E-02
   -8.944518448072E-02
   -7.598722823288E-02
   -6.423173062838E-02
   -5.468243567129E-02
   -4.391389371224E-02
   -3.658625605368E-02
   -3.134394022240E-02
   -2.704446220754E-02
   -3.134394022238E-02
   -3.658625605367E-02
   -4.391389371225E-02
   -5.468243567130E-02
   -6.423173062837E-02
   -7.598722823287E-02
   -8.944518448071E-02
   -9.996716113434E-02
   -1.131723190225E-01
   -1.300372173259E-01
   -1.424333583399E-01
   -1.492332083703E-01
   -1.535520447895E-01
   -1.566589203852E-01
   -1.681620728569E-01
   -1.653706269683E-01
   -1.598728732964E-01
   -1.535520447894E-01
   -1.473045970344E-01
   -1.376150367261E-01
   -1.202495661104E-01
   -1.036089977791E-01
   -9.274787100536E-02
   -8.007133596923E-02
   -6.647533577957E-02
   -5.746538422998E-02
   -4.636247607076E-02
   -3.804388891788E-02
   -3.280080270287E-02
   -2.746910079333E-02
   -3.280080270285E-02
   -3.804388891788E-02
   -4.636247607077E-02
   -5.746538422999E-02
   -6.647533577956E-02
   -8.007133596922E-02
   -9.274787100536E-02
   -1.036089977791E-01
   -1.202495661104E-01
   -1.376150367261E-01
   -1.473045970344E-01
   -1.535520447895E-01
   -1.598728732964E-01
   -1.653706269683E-01
   -1.770518521408E-01
   -1.730491662338E-01
   -1.653706269683E-01
   -1.566589203852E-01
   -1.499233195692E-01
   -1.415593059246E-01
   -1.248786765424E-01
   -1.069533551000E-01
   -9.439155817776E-02
   -8.240922773210E-02
   -6.847972731673E-02
   -5.882733787589E-02
   -4.728942759684E-02
   -3.876915050434E-02
   -3.386312499139E-02
   -2.790101875449E-02
   -3.386312499138E-02
   -3.876915050434E-02
   -4.728942759685E-02
   -5.882733787589E-02
   -6.847972731672E-02
   -8.240922773209E-02
   -9.439155817776E-02
   -1.069533551000E-01
   -1.248786765424E-01
   -1.415593059246E-01
   -1.499233195692E-01
   -1.566589203852E-01
   -1.653706269683E-01
   -1.730491662338E-01
   -1.494877067167E-01
   -1.491791119101E-01
   -1.471518455236E-01
   -1.410086903333E-01
   -1.309952944759E-01
   -1.173282569935E-01
   -1.042056225482E-01
   -9.460428711659E-02
   -8.273334284561E-02
   -7.054610967715E-02
   -6.082112169227E-02
   -5.066793550262E-02
   -4.076392730654E-02
   -3.477452417143E-02
   -2.982302575586E-02
   -2.621414183734E-02
   -2.982302575587E-02
   -3.477452417144E-02
   -4.076392730654E-02
   -5.066793550262E-02
   -6.082112169226E-02
   -7.054610967714E-02
   -8.273334284560E-02
   -9.460428711659E-02
   -1.042056225482E-01
   -1.173282569935E-01
   -1.309952944759E-01
   -1.410086903333E-01
   -1.471518455236E-01
   -1.491791119101E-01
   -1.491791119101E-01
   -1.485142493922E-01
   -1.459691302417E-01
   -1.400007152081E-01
   -1.299612702909E-01
   -1.161435276775E-01
   -1.031906682836E-01
   -9.385159272540E-02
   -8.240922773211E-02
   -7.008233764744E-02
   -5.999872631410E-02
   -4.979111624564E-02
   -4.079621138035E-02
   -3.502145242804E-02
   -2.928174118653E-02
   -2.504165384461E-02
   -2.928174118654E-02
   -3.502145242805E-02
   -4.079621138035E-02
   -4.979111624564E-02
   -5.999872631410E-02
   -7.008233764743E-02
   -8.240922773210E-02
   -9.385159272540E-02
   -1.031906682836E-01
   -1.161435276774E-01
   -1.299612702908E-01
   -1.400007152081E-01
   -1.459691302416E-01
   -1.485142493922E-01
   -1.471518455236E-01
   -1.459691302417E-01
   -1.423086069552E-01
   -1.358086232131E-01
   -1.251642044101E-01
   -1.119850685098E-01
   -1.005348981501E-01
   -9.152284359957E-02
   -8.007133596923E-02
   -6.800092069966E-02
   -5.873638722890E-02
   -4.832969400832E-02
   -4.016281802600E-02
   -3.454301294094E-02
   -2.827732747444E-02
   -2.481342690297E-02
   -2.827732747444E-02
   -3.454301294095E-02
   -4.016281802600E-02
   -4.832969400832E-02
   -5.873638722890E-02
   -6.800092069966E-02
   -8.007133596923E-02
   -9.152284359957E-02
   -1.005348981501E-01
   -1.119850685098E-01
   -1.251642044101E-01
   -1.358086232131E-01
   -1.423086069552E-01
   -1.459691302417E-01
   -1.410086903333E-01
   -1.400007152081E-01
   -1.358086232131E-01
   -1.281632616915E-01
   -1.172302180756E-01
   -1.063862136909E-01
   -9.735479684626E-02
   -8.822007364616E-02
   -7.598722823288E-02
   -6.445032323486E-02
   -5.675552086353E-02
   -4.614959286632E-02
   -3.863239797540E-02
   -3.308531728964E-02
   -2.679469110280E-02
   -2.487905041430E-02
   -2.679469110280E-02
   -3.308531728964E-02
   -3.863239797540E-02
   -4.614959286632E-02
   -5.675552086353E-02
   -6.445032323486E-02
   -7.598722823288E-02
   -8.822007364617E-02
   -9.735479684626E-02
   -1.063862136909E-01
   -1.172302180756E-01
   -1.281632616915E-01
   -1.358086232131E-01
   -1.400007152081E-01
   -1.309952944759E-01
   -1.299612702908E-01
   -1.251642044100E-01
   -1.172302180756E-01
   -1.078280181166E-01
   -9.979206197522E-02
   -9.187331175592E-02
   -8.235534538829E-02
   -7.121121444914E-02
   -6.086344830333E-02
   -5.325283432676E-02
   -4.304458730960E-02
   -3.710137553953E-02
   -3.170916686535E-02
   -2.506989149313E-02
   -2.382097752968E-02
   -2.506989149313E-02
   -3.170916686535E-02
   -3.710137553953E-02
   -4.304458730960E-02
   -5.325283432676E-02
   -6.086344830334E-02
   -7.121121444914E-02
   -8.235534538829E-02
   -9.187331175592E-02
   -9.979206197523E-02
   -1.078280181166E-01
   -1.172302180756E-01
   -1.251642044100E-01
   -1.299612702908E-01
   -1.173282569935E-01
   -1.161435276774E-01
   -1.119850685098E-01
   -1.063862136909E-01
   -9.979206197522E-02
   -9.385561393143E-02
   -8.585689136741E-02
   -7.539563530445E-02
   -6.625079021083E-02
   -5.695192424783E-02
   -4.856343640828E-02
   -3.997879594544E-02
   -3.446981740323E-02
   -2.883802852760E-02
   -2.338896709475E-02
   -2.263804950914E-02
   -2.338896709474E-02
   -2.883802852760E-02
   -3.446981740323E-02
   -3.997879594544E-02
   -4.856343640828E-02
   -5.695192424783E-02
   -6.625079021083E-02
   -7.539563530445E-02
   -8.585689136741E-02
   -9.385561393143E-02
   -9.979206197523E-02
   -1.063862136909E-01
   -1.119850685098E-01
   -1.161435276774E-01
   -1.042056225482E-01
   -1.031906682836E-01
   -1.005348981501E-01
   -9.735479684626E-02
   -9.187331175592E-02
   -8.585689136741E-02
   -7.774906290530E-02
   -6.794333737694E-02
   -6.090975477189E-02
   -5.182167732655E-02
   -4.358021729367E-02
   -3.776118066936E-02
   -3.137347599935E-02
   -2.548736101660E-02
   -2.176319061988E-02
   -2.072045653508E-02
   -2.176319061988E-02
   -2.548736101660E-02
   -3.137347599935E-02
   -3.776118066936E-02
   -4.358021729367E-02
   -5.182167732655E-02
   -6.090975477189E-02
   -6.794333737694E-02
   -7.774906290530E-02
   -8.585689136741E-02
   -9.187331175592E-02
   -9.735479684626E-02
   -1.005348981501E-01
   -1.031906682836E-01
   -9.460428711659E-02
   -9.385159272540E-02
   -9.152284359957E-02
   -8.822007364617E-02
   -8.235534538829E-02
   -7.539563530445E-02
   -6.794333737694E-02
   -6.058244490381E-02
   -5.448377282453E-02
   -4.575083030111E-02
   -3.936503883993E-02
   -3.512416070181E-02
   -2.807078428131E-02
   -2.291722293325E-02
   -1.988780331397E-02
   -1.787743687207E-02
   -1.988780331397E-02
   -2.291722293325E-02
   -2.807078428131E-02
   -3.512416070181E-02
   -3.936503883993E-02
   -4.575083030111E-02
   -5.448377282454E-02
   -6.058244490381E-02
   -6.794333737694E-02
   -7.539563530445E-02
   -8.235534538830E-02
   -8.822007364617E-02
   -9.152284359957E-02
   -9.385159272540E-02
   -8.273334284561E-02
   -8.240922773210E-02
   -8.007133596923E-02
   -7.598722823288E-02
   -7.121121444914E-02
   -6.625079021083E-02
   -6.090975477189E-02
   -5.448377282454E-02
   -4.695017804279E-02
   -3.980306416157E-02
   -3.531016679086E-02
   -3.016412328256E-02
   -2.423574295745E-02
   -2.055558552453E-02
   -1.774762942582E-02
   -1.599320629095E-02
   -1.774762942583E-02
   -2.055558552453E-02
   -2.423574295746E-02
   -3.016412328256E-02
   -3.531016679087E-02
   -3.980306416157E-02
   -4.695017804280E-02
   -5.448377282453E-02
   -6.090975477189E-02
   -6.625079021083E-02
   -7.121121444914E-02
   -7.598722823288E-02
   -8.007133596923E-02
   -8.240922773210E-02
   -7.054610967715E-02
   -7.008233764744E-02
   -6.800092069967E-02
   -6.445032323486E-02
   -6.086344830334E-02
   -5.695192424783E-02
   -5.182167732656E-02
   -4.575083030111E-02
   -3.980306416157E-02
   -3.586131799608E-02
   -3.125269073784E-02
   -2.501596720156E-02
   -2.141524724796E-02
   -1.807567191579E-02
   -1.541731905342E-02
   -1.515858607864E-02
   -1.541731905343E-02
   -1.807567191579E-02
   -2.141524724796E-02
   -2.501596720155E-02
   -3.125269073784E-02
   -3.586131799608E-02
   -3.980306416157E-02
   -4.575083030111E-02
   -5.182167732656E-02
   -5.695192424783E-02
   -6.086344830334E-02
   -6.445032323486E-02
   -6.800092069967E-02
   -7.008233764744E-02
   -6.082112169227E-02
   -5.999872631411E-02
   -5.873638722891E-02
   -5.675552086353E-02
   -5.325283432676E-02
   -4.856343640828E-02
   -4.358021729367E-02
   -3.936503883993E-02
   -3.531016679087E-02
   -3.125269073784E-02
   -2.595865930468E-02
   -2.111003759625E-02
   -1.851382604893E-02
   -1.498514089643E-02
   -1.281071674617E-02
   -1.310715944879E-02
   -1.281071674617E-02
   -1.498514089643E-02
   -1.851382604893E-02
   -2.111003759625E-02
   -2.595865930468E-02
   -3.125269073784E-02
   -3.531016679087E-02
   -3.936503883993E-02
   -4.358021729367E-02
   -4.856343640828E-02
   -5.325283432676E-02
   -5.675552086353E-02
   -5.873638722891E-02
   -5.999872631411E-02
   -5.066793550263E-02
   -4.979111624564E-02
   -4.832969400833E-02
   -4.614959286632E-02
   -4.304458730960E-02
   -3.997879594544E-02
   -3.776118066937E-02
   -3.512416070182E-02
   -3.016412328257E-02
   -2.501596720157E-02
   -2.111003759626E-02
   -1.799640555580E-02
   -1.521316081496E-02
   -1.349938018372E-02
   -1.177878583252E-02
   -1.037728010170E-02
   -1.177878583252E-02
   -1.349938018372E-02
   -1.521316081496E-02
   -1.799640555580E-02
   -2.111003759626E-02
   -2.501596720157E-02
   -3.016412328257E-02
   -3.512416070182E-02
   -3.776118066937E-02
   -3.997879594544E-02
   -4.304458730960E-02
   -4.614959286632E-02
   -4.832969400833E-02
   -4.979111624564E-02
   -4.076392730654E-02
   -4.079621138035E-02
   -4.016281802600E-02
   -3.863239797541E-02
   -3.710137553953E-02
   -3.446981740323E-02
   -3.137347599935E-02
   -2.807078428131E-02
   -2.423574295747E-02
   -2.141524724798E-02
   -1.851382604895E-02
   -1.521316081497E-02
   -1.204496213388E-02
   -1.120414666692E-02
   -1.021121099390E-02
   -8.422111447925E-03
   -1.021121099390E-02
   -1.120414666691E-02
   -1.204496213388E-02
   -1.521316081497E-02
   -1.851382604895E-02
   -2.141524724798E-02
   -2.423574295746E-02
   -2.807078428131E-02
   -3.137347599935E-02
   -3.446981740323E-02
   -3.710137553953E-02
   -3.863239797541E-02
   -4.016281802600E-02
   -4.079621138035E-02
   -3.477452417144E-02
   -3.502145242805E-02
   -3.454301294095E-02
   -3.308531728964E-02
   -3.170916686535E-02
   -2.883802852760E-02
   -2.548736101660E-02
   -2.291722293325E-02
   -2.055558552454E-02
   -1.807567191580E-02
   -1.498514089645E-02
   -1.349938018374E-02
   -1.120414666691E-02
   -8.331879761368E-03
   -7.948528188940E-03
   -8.195193487068E-03
   -7.948528188923E-03
   -8.331879761366E-03
   -1.120414666693E-02
   -1.349938018373E-02
   -1.498514089645E-02
   -1.807567191580E-02
   -2.055558552454E-02
   -2.291722293325E-02
   -2.548736101660E-02
   -2.883802852760E-02
   -3.170916686534E-02
   -3.308531728964E-02
   -3.454301294094E-02
   -3.502145242805E-02
   -2.982302575587E-02
   -2.928174118654E-02
   -2.827732747445E-02
   -2.679469110280E-02
   -2.506989149313E-02
   -2.338896709474E-02
   -2.176319061986E-02
   -1.988780331395E-02
   -1.774762942582E-02
   -1.541731905344E-02
   -1.281071674618E-02
   -1.177878583253E-02
   -1.021121099390E-02
   -7.948528188951E-03
   -7.020629442833E-03
   -6.505651262530E-03
   -7.020629442740E-03
   -7.948528188928E-03
   -1.021121099392E-02
   -1.177878583253E-02
   -1.281071674618E-02
   -1.541731905343E-02
   -1.774762942581E-02
   -1.988780331396E-02
   -2.176319061986E-02
   -2.338896709474E-02
   -2.506989149313E-02
   -2.679469110280E-02
   -2.827732747445E-02
   -2.928174118654E-02
   -2.621414183728E-02
   -2.504165384443E-02
   -2.481342690264E-02
   -2.487905041436E-02
   -2.382097752968E-02
   -2.263804950912E-02
   -2.072045653502E-02
   -1.787743687206E-02
   -1.599320629094E-02
   -1.515858607865E-02
   -1.310715944880E-02
   -1.037728010168E-02
   -8.422111447921E-03
   -8.195193487087E-03
   -6.505651262513E-03
   -4.732778512886E-03
   -6.505651262332E-03
   -8.195193486865E-03
   -8.422111447922E-03
   -1.037728010168E-02
   -1.310715944879E-02
   -1.515858607861E-02
   -1.599320629090E-02
   -1.787743687203E-02
   -2.072045653500E-02
   -2.263804950916E-02
   -2.382097752957E-02
   -2.487905041435E-02
   -2.481342690280E-02
   -2.504165384450E-02
   -2.982302575586E-02
   -2.928174118654E-02
   -2.827732747443E-02
   -2.679469110279E-02
   -2.506989149313E-02
   -2.338896709474E-02
   -2.176319061986E-02
   -1.988780331396E-02
   -1.774762942581E-02
   -1.541731905343E-02
   -1.281071674617E-02
   -1.177878583251E-02
   -1.021121099390E-02
   -7.948528188939E-03
   -7.020629442793E-03
   -6.505651262455E-03
   -7.020629442711E-03
   -7.948528188931E-03
   -1.021121099391E-02
   -1.177878583251E-02
   -1.281071674616E-02
   -1.541731905341E-02
   -1.774762942580E-02
   -1.988780331395E-02
   -2.176319061986E-02
   -2.338896709474E-02
   -2.506989149313E-02
   -2.679469110279E-02
   -2.827732747444E-02
   -2.928174118654E-02
   -3.477452417142E-02
   -3.502145242804E-02
   -3.454301294095E-02
   -3.308531728963E-02
   -3.170916686534E-02
   -2.883802852760E-02
   -2.548736101660E-02
   -2.291722293325E-02
   -2.055558552453E-02
   -1.807567191579E-02
   -1.498514089643E-02
   -1.349938018372E-02
   -1.120414666691E-02
   -8.331879761379E-03
   -7.948528188943E-03
   -8.195193486905E-03
   -7.948528188933E-03
   -8.331879761375E-03
   -1.120414666691E-02
   -1.349938018372E-02
   -1.498514089643E-02
   -1.807567191579E-02
   -2.055558552453E-02
   -2.291722293325E-02
   -2.548736101660E-02
   -2.883802852760E-02
   -3.170916686535E-02
   -3.308531728963E-02
   -3.454301294094E-02
   -3.502145242803E-02
   -4.076392730654E-02
   -4.079621138035E-02
   -4.016281802600E-02
   -3.863239797540E-02
   -3.710137553953E-02
   -3.446981740323E-02
   -3.137347599935E-02
   -2.807078428131E-02
   -2.423574295745E-02
   -2.141524724796E-02
   -1.851382604893E-02
   -1.521316081496E-02
   -1.204496213388E-02
   -1.120414666693E-02
   -1.021121099394E-02
   -8.422111447929E-03
   -1.021121099391E-02
   -1.120414666691E-02
   -1.204496213388E-02
   -1.521316081496E-02
   -1.851382604893E-02
   -2.141524724796E-02
   -2.423574295745E-02
   -2.807078428130E-02
   -3.137347599935E-02
   -3.446981740323E-02
   -3.710137553953E-02
   -3.863239797540E-02
   -4.016281802600E-02
   -4.079621138035E-02
   -5.066793550262E-02
   -4.979111624564E-02
   -4.832969400832E-02
   -4.614959286632E-02
   -4.304458730960E-02
   -3.997879594544E-02
   -3.776118066936E-02
   -3.512416070181E-02
   -3.016412328256E-02
   -2.501596720156E-02
   -2.111003759626E-02
   -1.799640555580E-02
   -1.521316081497E-02
   -1.349938018374E-02
   -1.177878583255E-02
   -1.037728010170E-02
   -1.177878583253E-02
   -1.349938018373E-02
   -1.521316081497E-02
   -1.799640555580E-02
   -2.111003759626E-02
   -2.501596720156E-02
   -3.016412328256E-02
   -3.512416070181E-02
   -3.776118066936E-02
   -3.997879594544E-02
   -4.304458730960E-02
   -4.614959286632E-02
   -4.832969400832E-02
   -4.979111624564E-02
   -6.082112169226E-02
   -5.999872631411E-02
   -5.873638722890E-02
   -5.675552086353E-02
   -5.325283432676E-02
   -4.856343640828E-02
   -4.358021729367E-02
   -3.936503883993E-02
   -3.531016679086E-02
   -3.125269073784E-02
   -2.595865930468E-02
   -2.111003759626E-02
   -1.851382604895E-02
   -1.498514089644E-02
   -1.281071674619E-02
   -1.310715944880E-02
   -1.281071674618E-02
   -1.498514089644E-02
   -1.851382604895E-02
   -2.111003759626E-02
   -2.595865930468E-02
   -3.125269073784E-02
   -3.531016679086E-02
   -3.936503883992E-02
   -4.358021729366E-02
   -4.856343640828E-02
   -5.325283432676E-02
   -5.675552086353E-02
   -5.873638722891E-02
   -5.999872631411E-02
   -7.054610967713E-02
   -7.008233764744E-02
   -6.800092069967E-02
   -6.445032323486E-02
   -6.086344830334E-02
   -5.695192424783E-02
   -5.182167732655E-02
   -4.575083030111E-02
   -3.980306416157E-02
   -3.586131799608E-02
   -3.125269073784E-02
   -2.501596720157E-02
   -2.141524724798E-02
   -1.807567191580E-02
   -1.541731905343E-02
   -1.515858607863E-02
   -1.541731905343E-02
   -1.807567191580E-02
   -2.141524724798E-02
   -2.501596720157E-02
   -3.125269073784E-02
   -3.586131799608E-02
   -3.980306416157E-02
   -4.575083030111E-02
   -5.182167732655E-02
   -5.695192424783E-02
   -6.086344830334E-02
   -6.445032323486E-02
   -6.800092069967E-02
   -7.008233764744E-02
   -8.273334284560E-02
   -8.240922773211E-02
   -8.007133596924E-02
   -7.598722823288E-02
   -7.121121444914E-02
   -6.625079021083E-02
   -6.090975477189E-02
   -5.448377282453E-02
   -4.695017804279E-02
   -3.980306416157E-02
   -3.531016679087E-02
   -3.016412328257E-02
   -2.423574295747E-02
   -2.055558552453E-02
   -1.774762942582E-02
   -1.599320629096E-02
   -1.774762942582E-02
   -2.055558552454E-02
   -2.423574295747E-02
   -3.016412328257E-02
   -3.531016679087E-02
   -3.980306416157E-02
   -4.695017804279E-02
   -5.448377282453E-02
   -6.090975477189E-02
   -6.625079021083E-02
   -7.121121444914E-02
   -7.598722823288E-02
   -8.007133596924E-02
   -8.240922773211E-02
   -9.460428711659E-02
   -9.385159272540E-02
   -9.152284359957E-02
   -8.822007364617E-02
   -8.235534538829E-02
   -7.539563530445E-02
   -6.794333737694E-02
   -6.058244490380E-02
   -5.448377282453E-02
   -4.575083030111E-02
   -3.936503883993E-02
   -3.512416070182E-02
   -2.807078428131E-02
   -2.291722293325E-02
   -1.988780331396E-02
   -1.787743687207E-02
   -1.988780331396E-02
   -2.291722293325E-02
   -2.807078428131E-02
   -3.512416070182E-02
   -3.936503883993E-02
   -4.575083030111E-02
   -5.448377282453E-02
   -6.058244490381E-02
   -6.794333737694E-02
   -7.539563530445E-02
   -8.235534538829E-02
   -8.822007364617E-02
   -9.152284359957E-02
   -9.385159272540E-02
   -1.042056225482E-01
   -1.031906682836E-01
   -1.005348981501E-01
   -9.735479684626E-02
   -9.187331175592E-02
   -8.585689136741E-02
   -7.774906290530E-02
   -6.794333737694E-02
   -6.090975477189E-02
   -5.182167732655E-02
   -4.358021729367E-02
   -3.776118066936E-02
   -3.137347599935E-02
   -2.548736101659E-02
   -2.176319061987E-02
   -2.072045653509E-02
   -2.176319061988E-02
   -2.548736101659E-02
   -3.137347599935E-02
   -3.776118066936E-02
   -4.358021729367E-02
   -5.182167732655E-02
   -6.090975477189E-02
   -6.794333737694E-02
   -7.774906290530E-02
   -8.585689136741E-02
   -9.187331175592E-02
   -9.735479684626E-02
   -1.005348981501E-01
   -1.031906682836E-01
   -1.173282569935E-01
   -1.161435276774E-01
   -1.119850685098E-01
   -1.063862136909E-01
   -9.979206197522E-02
   -9.385561393143E-02
   -8.585689136741E-02
   -7.539563530445E-02
   -6.625079021083E-02
   -5.695192424783E-02
   -4.856343640828E-02
   -3.997879594544E-02
   -3.446981740322E-02
   -2.883802852759E-02
   -2.338896709473E-02
   -2.263804950915E-02
   -2.338896709474E-02
   -2.883802852759E-02
   -3.446981740323E-02
   -3.997879594544E-02
   -4.856343640828E-02
   -5.695192424782E-02
   -6.625079021083E-02
   -7.539563530445E-02
   -8.585689136741E-02
   -9.385561393143E-02
   -9.979206197523E-02
   -1.063862136909E-01
   -1.119850685098E-01
   -1.161435276774E-01
   -1.309952944759E-01
   -1.299612702908E-01
   -1.251642044101E-01
   -1.172302180756E-01
   -1.078280181166E-01
   -9.979206197522E-02
   -9.187331175592E-02
   -8.235534538829E-02
   -7.121121444914E-02
   -6.086344830334E-02
   -5.325283432676E-02
   -4.304458730960E-02
   -3.710137553953E-02
   -3.170916686534E-02
   -2.506989149312E-02
   -2.382097752969E-02
   -2.506989149314E-02
   -3.170916686534E-02
   -3.710137553953E-02
   -4.304458730960E-02
   -5.325283432676E-02
   -6.086344830333E-02
   -7.121121444914E-02
   -8.235534538829E-02
   -9.187331175592E-02
   -9.979206197523E-02
   -1.078280181166E-01
   -1.172302180756E-01
   -1.251642044101E-01
   -1.299612702908E-01
   -1.410086903333E-01
   -1.400007152081E-01
   -1.358086232131E-01
   -1.281632616915E-01
   -1.172302180756E-01
   -1.063862136909E-01
   -9.735479684626E-02
   -8.822007364617E-02
   -7.598722823288E-02
   -6.445032323486E-02
   -5.675552086353E-02
   -4.614959286632E-02
   -3.863239797540E-02
   -3.308531728963E-02
   -2.679469110279E-02
   -2.487905041404E-02
   -2.679469110280E-02
   -3.308531728964E-02
   -3.863239797540E-02
   -4.614959286632E-02
   -5.675552086353E-02
   -6.445032323486E-02
   -7.598722823288E-02
   -8.822007364617E-02
   -9.735479684626E-02
   -1.063862136909E-01
   -1.172302180756E-01
   -1.281632616915E-01
   -1.358086232131E-01
   -1.400007152081E-01
   -1.471518455236E-01
   -1.459691302417E-01
   -1.423086069552E-01
   -1.358086232131E-01
   -1.251642044101E-01
   -1.119850685098E-01
   -1.005348981501E-01
   -9.152284359957E-02
   -8.007133596924E-02
   -6.800092069967E-02
   -5.873638722890E-02
   -4.832969400832E-02
   -4.016281802600E-02
   -3.454301294094E-02
   -2.827732747443E-02
   -2.481342690268E-02
   -2.827732747445E-02
   -3.454301294095E-02
   -4.016281802600E-02
   -4.832969400832E-02
   -5.873638722890E-02
   -6.800092069966E-02
   -8.007133596923E-02
   -9.152284359957E-02
   -1.005348981501E-01
   -1.119850685098E-01
   -1.251642044101E-01
   -1.358086232131E-01
   -1.423086069552E-01
   -1.459691302417E-01
   -1.491791119100E-01
   -1.485142493922E-01
   -1.459691302417E-01
   -1.400007152081E-01
   -1.299612702909E-01
   -1.161435276775E-01
   -1.031906682836E-01
   -9.385159272540E-02
   -8.240922773211E-02
   -7.008233764744E-02
   -5.999872631411E-02
   -4.979111624564E-02
   -4.079621138035E-02
   -3.502145242804E-02
   -2.928174118652E-02
   -2.504165384436E-02
   -2.928174118654E-02
   -3.502145242805E-02
   -4.079621138035E-02
   -4.979111624564E-02
   -5.999872631410E-02
   -7.008233764743E-02
   -8.240922773210E-02
   -9.385159272540E-02
   -1.031906682836E-01
   -1.161435276774E-01
   -1.299612702908E-01
   -1.400007152081E-01
   -1.459691302416E-01
   -1.485142493922E-01
   -1.261916248246E-01
   -1.248907899427E-01
   -1.202904037209E-01
   -1.133128983531E-01
   -1.053558717902E-01
   -9.763538717880E-02
   -8.956465006059E-02
   -7.922528941734E-02
   -6.888214420316E-02
   -6.082112169227E-02
   -5.175860234969E-02
   -4.205243500886E-02
   -3.606319268919E-02
   -3.000181326911E-02
   -2.489719429195E-02
   -2.314190685635E-02
   -2.489719429194E-02
   -3.000181326910E-02
   -3.606319268919E-02
   -4.205243500886E-02
   -5.175860234969E-02
   -6.082112169227E-02
   -6.888214420317E-02
   -7.922528941734E-02
   -8.956465006059E-02
   -9.763538717880E-02
   -1.053558717902E-01
   -1.133128983531E-01
   -1.202904037209E-01
   -1.248907899427E-01
   -1.248907899427E-01
   -1.238071178379E-01
   -1.190717489512E-01
   -1.121146024906E-01
   -1.045775650710E-01
   -9.701823470608E-02
   -8.929970978028E-02
   -7.915658078836E-02
   -6.847972731674E-02
   -5.999872631411E-02
   -5.094359400585E-02
   -4.148994536502E-02
   -3.612021218095E-02
   -3.025959246594E-02
   -2.443136328547E-02
   -2.273101970441E-02
   -2.443136328546E-02
   -3.025959246594E-02
   -3.612021218095E-02
   -4.148994536502E-02
   -5.094359400585E-02
   -5.999872631411E-02
   -6.847972731674E-02
   -7.915658078837E-02
   -8.929970978028E-02
   -9.701823470608E-02
   -1.045775650710E-01
   -1.121146024906E-01
   -1.190717489512E-01
   -1.238071178379E-01
   -1.202904037209E-01
   -1.190717489512E-01
   -1.141499723755E-01
   -1.081015200320E-01
   -1.014626505585E-01
   -9.421866191175E-02
   -8.667855299728E-02
   -7.646715949101E-02
   -6.647533577958E-02
   -5.873638722891E-02
   -5.016910868982E-02
   -4.045840192940E-02
   -3.485404452497E-02
   -2.947860487472E-02
   -2.429722134065E-02
   -2.314689846332E-02
   -2.429722134064E-02
   -2.947860487472E-02
   -3.485404452497E-02
   -4.045840192940E-02
   -5.016910868982E-02
   -5.873638722891E-02
   -6.647533577958E-02
   -7.646715949101E-02
   -8.667855299728E-02
   -9.421866191175E-02
   -1.014626505585E-01
   -1.081015200320E-01
   -1.141499723755E-01
   -1.190717489512E-01
   -1.133128983531E-01
   -1.121146024906E-01
   -1.081015200321E-01
   -1.036518455243E-01
   -9.788070271177E-02
   -9.125133056068E-02
   -8.295815052323E-02
   -7.231008086620E-02
   -6.423173062839E-02
   -5.675552086353E-02
   -4.775893474784E-02
   -3.873954860016E-02
   -3.343231896707E-02
   -2.814345773660E-02
   -2.317540331387E-02
   -2.211896019014E-02
   -2.317540331387E-02
   -2.814345773660E-02
   -3.343231896706E-02
   -3.873954860016E-02
   -4.775893474784E-02
   -5.675552086353E-02
   -6.423173062839E-02
   -7.231008086620E-02
   -8.295815052323E-02
   -9.125133056068E-02
   -9.788070271177E-02
   -1.036518455243E-01
   -1.081015200321E-01
   -1.121146024906E-01
   -1.053558717902E-01
   -1.045775650711E-01
   -1.014626505585E-01
   -9.788070271177E-02
   -9.292335825342E-02
   -8.635055961362E-02
   -7.746759350029E-02
   -6.822575565641E-02
   -6.201470906914E-02
   -5.325283432676E-02
   -4.368419704567E-02
   -3.661639495541E-02
   -3.190986788215E-02
   -2.665697111702E-02
   -2.176668579537E-02
   -2.033245528054E-02
   -2.176668579537E-02
   -2.665697111703E-02
   -3.190986788215E-02
   -3.661639495541E-02
   -4.368419704566E-02
   -5.325283432676E-02
   -6.201470906914E-02
   -6.822575565641E-02
   -7.746759350029E-02
   -8.635055961361E-02
   -9.292335825342E-02
   -9.788070271177E-02
   -1.014626505585E-01
   -1.045775650711E-01
   -9.763538717880E-02
   -9.701823470609E-02
   -9.421866191175E-02
   -9.125133056068E-02
   -8.635055961362E-02
   -7.849647501559E-02
   -7.038915850738E-02
   -6.324605479941E-02
   -5.707224491197E-02
   -4.856343640829E-02
   -4.112615091153E-02
   -3.543197027088E-02
   -2.912185162125E-02
   -2.420494888965E-02
   -2.091318271636E-02
   -1.919135456633E-02
   -2.091318271636E-02
   -2.420494888965E-02
   -2.912185162125E-02
   -3.543197027088E-02
   -4.112615091152E-02
   -4.856343640829E-02
   -5.707224491197E-02
   -6.324605479942E-02
   -7.038915850738E-02
   -7.849647501559E-02
   -8.635055961361E-02
   -9.125133056068E-02
   -9.421866191175E-02
   -9.701823470608E-02
   -8.956465006059E-02
   -8.929970978028E-02
   -8.667855299728E-02
   -8.295815052323E-02
   -7.746759350029E-02
   -7.038915850738E-02
   -6.503280560226E-02
   -5.875506045517E-02
   -5.135011857110E-02
   -4.358021729367E-02
   -3.737107535436E-02
   -3.256776447030E-02
   -2.645804618445E-02
   -2.299500753300E-02
   -1.965636516102E-02
   -1.605533085965E-02
   -1.965636516102E-02
   -2.299500753300E-02
   -2.645804618445E-02
   -3.256776447030E-02
   -3.737107535435E-02
   -4.358021729367E-02
   -5.135011857110E-02
   -5.875506045518E-02
   -6.503280560226E-02
   -7.038915850738E-02
   -7.746759350029E-02
   -8.295815052323E-02
   -8.667855299728E-02
   -8.929970978028E-02
   -7.922528941734E-02
   -7.915658078836E-02
   -7.646715949101E-02
   -7.231008086620E-02
   -6.822575565641E-02
   -6.324605479942E-02
   -5.875506045518E-02
   -5.252789806828E-02
   -4.561966491172E-02
   -3.936503883993E-02
   -3.345566291084E-02
   -2.877447027564E-02
   -2.325245404349E-02
   -2.077613306373E-02
   -1.839202339069E-02
   -1.486638355028E-02
   -1.839202339069E-02
   -2.077613306374E-02
   -2.325245404349E-02
   -2.877447027564E-02
   -3.345566291083E-02
   -3.936503883993E-02
   -4.561966491172E-02
   -5.252789806829E-02
   -5.875506045518E-02
   -6.324605479942E-02
   -6.822575565641E-02
   -7.231008086620E-02
   -7.646715949101E-02
   -7.915658078836E-02
   -6.888214420317E-02
   -6.847972731675E-02
   -6.647533577959E-02
   -6.423173062839E-02
   -6.201470906914E-02
   -5.707224491197E-02
   -5.135011857110E-02
   -4.561966491172E-02
   -3.990894159410E-02
   -3.531016679087E-02
   -3.019861280474E-02
   -2.522877477251E-02
   -2.028560333461E-02
   -1.712601854760E-02
   -1.568544142084E-02
   -1.442310599600E-02
   -1.568544142084E-02
   -1.712601854760E-02
   -2.028560333461E-02
   -2.522877477251E-02
   -3.019861280474E-02
   -3.531016679087E-02
   -3.990894159410E-02
   -4.561966491172E-02
   -5.135011857110E-02
   -5.707224491197E-02
   -6.201470906914E-02
   -6.423173062839E-02
   -6.647533577959E-02
   -6.847972731675E-02
   -6.082112169227E-02
   -5.999872631411E-02
   -5.873638722891E-02
   -5.675552086354E-02
   -5.325283432677E-02
   -4.856343640829E-02
   -4.358021729367E-02
   -3.936503883993E-02
   -3.531016679087E-02
   -3.125269073784E-02
   -2.595865930468E-02
   -2.111003759626E-02
   -1.851382604895E-02
   -1.498514089645E-02
   -1.281071674617E-02
   -1.310715944879E-02
   -1.281071674617E-02
   -1.498514089645E-02
   -1.851382604894E-02
   -2.111003759626E-02
   -2.595865930468E-02
   -3.125269073784E-02
   -3.531016679087E-02
   -3.936503883993E-02
   -4.358021729367E-02
   -4.856343640829E-02
   -5.325283432677E-02
   -5.675552086354E-02
   -5.873638722891E-02
   -5.999872631411E-02
   -5.175860234969E-02
   -5.094359400585E-02
   -5.016910868982E-02
   -4.775893474784E-02
   -4.368419704567E-02
   -4.112615091153E-02
   -3.737107535435E-02
   -3.345566291083E-02
   -3.019861280474E-02
   -2.595865930468E-02
   -2.227887343082E-02
   -1.897358785825E-02
   -1.629225665425E-02
   -1.265069368084E-02
   -1.089187599873E-02
   -1.182263563840E-02
   -1.089187599873E-02
   -1.265069368085E-02
   -1.629225665425E-02
   -1.897358785825E-02
   -2.227887343081E-02
   -2.595865930468E-02
   -3.019861280474E-02
   -3.345566291083E-02
   -3.737107535435E-02
   -4.112615091153E-02
   -4.368419704567E-02
   -4.775893474784E-02
   -5.016910868982E-02
   -5.094359400585E-02
   -4.205243500885E-02
   -4.148994536502E-02
   -4.045840192940E-02
   -3.873954860015E-02
   -3.661639495541E-02
   -3.543197027088E-02
   -3.256776447030E-02
   -2.877447027564E-02
   -2.522877477251E-02
   -2.111003759625E-02
   -1.897358785825E-02
   -1.613407932186E-02
   -1.297391291466E-02
   -1.140467874944E-02
   -9.919579126006E-03
   -9.377592544301E-03
   -9.919579126016E-03
   -1.140467874945E-02
   -1.297391291466E-02
   -1.613407932186E-02
   -1.897358785824E-02
   -2.111003759625E-02
   -2.522877477250E-02
   -2.877447027564E-02
   -3.256776447030E-02
   -3.543197027088E-02
   -3.661639495541E-02
   -3.873954860016E-02
   -4.045840192940E-02
   -4.148994536502E-02
   -3.606319268919E-02
   -3.612021218094E-02
   -3.485404452496E-02
   -3.343231896706E-02
   -3.190986788215E-02
   -2.912185162125E-02
   -2.645804618445E-02
   -2.325245404348E-02
   -2.028560333461E-02
   -1.851382604894E-02
   -1.629225665424E-02
   -1.297391291466E-02
   -1.115738480006E-02
   -1.022876399750E-02
   -7.938187480960E-03
   -6.605703509174E-03
   -7.938187480971E-03
   -1.022876399751E-02
   -1.115738480007E-02
   -1.297391291466E-02
   -1.629225665424E-02
   -1.851382604893E-02
   -2.028560333461E-02
   -2.325245404348E-02
   -2.645804618445E-02
   -2.912185162125E-02
   -3.190986788215E-02
   -3.343231896706E-02
   -3.485404452497E-02
   -3.612021218094E-02
   -3.000181326910E-02
   -3.025959246594E-02
   -2.947860487472E-02
   -2.814345773659E-02
   -2.665697111702E-02
   -2.420494888964E-02
   -2.299500753299E-02
   -2.077613306372E-02
   -1.712601854758E-02
   -1.498514089643E-02
   -1.265069368083E-02
   -1.140467874943E-02
   -1.022876399751E-02
   -7.004304884418E-03
   -6.044094763827E-03
   -6.683692337184E-03
   -6.044094763851E-03
   -7.004304884419E-03
   -1.022876399749E-02
   -1.140467874944E-02
   -1.265069368083E-02
   -1.498514089643E-02
   -1.712601854758E-02
   -2.077613306372E-02
   -2.299500753299E-02
   -2.420494888964E-02
   -2.665697111702E-02
   -2.814345773660E-02
   -2.947860487472E-02
   -3.025959246594E-02
   -2.489719429194E-02
   -2.443136328544E-02
   -2.429722134063E-02
   -2.317540331385E-02
   -2.176668579536E-02
   -2.091318271635E-02
   -1.965636516102E-02
   -1.839202339069E-02
   -1.568544142083E-02
   -1.281071674615E-02
   -1.089187599871E-02
   -9.919579126005E-03
   -7.938187480976E-03
   -6.044094763818E-03
   -5.948261155795E-03
   -5.930577238485E-03
   -5.948261155928E-03
   -6.044094763849E-03
   -7.938187480946E-03
   -9.919579125998E-03
   -1.089187599871E-02
   -1.281071674616E-02
   -1.568544142083E-02
   -1.839202339068E-02
   -1.965636516102E-02
   -2.091318271635E-02
   -2.176668579536E-02
   -2.317540331386E-02
   -2.429722134064E-02
   -2.443136328545E-02
   -2.314190685637E-02
   -2.273101970466E-02
   -2.314689846366E-02
   -2.211896019009E-02
   -2.033245528052E-02
   -1.919135456633E-02
   -1.605533085970E-02
   -1.486638355027E-02
   -1.442310599597E-02
   -1.310715944877E-02
   -1.182263563837E-02
   -9.377592544299E-03
   -6.605703509182E-03
   -6.683692337148E-03
   -5.930577238565E-03
   -2.879692363915E-03
   -5.930577238798E-03
   -6.683692337502E-03
   -6.605703509181E-03
   -9.377592544297E-03
   -1.182263563838E-02
   -1.310715944880E-02
   -1.442310599602E-02
   -1.486638355029E-02
   -1.605533085968E-02
   -1.919135456628E-02
   -2.033245528062E-02
   -2.211896019013E-02
   -2.314689846351E-02
   -2.273101970457E-02
   -2.489719429196E-02
   -2.443136328547E-02
   -2.429722134066E-02
   -2.317540331388E-02
   -2.176668579538E-02
   -2.091318271637E-02
   -1.965636516104E-02
   -1.839202339070E-02
   -1.568544142084E-02
   -1.281071674616E-02
   -1.089187599871E-02
   -9.919579125998E-03
   -7.938187480946E-03
   -6.044094763809E-03
   -5.948261155886E-03
   -5.930577238711E-03
   -5.948261155995E-03
   -6.044094763825E-03
   -7.938187480937E-03
   -9.919579125990E-03
   -1.089187599872E-02
   -1.281071674617E-02
   -1.568544142084E-02
   -1.839202339069E-02
   -1.965636516103E-02
   -2.091318271635E-02
   -2.176668579537E-02
   -2.317540331387E-02
   -2.429722134065E-02
   -2.443136328547E-02
   -3.000181326911E-02
   -3.025959246595E-02
   -2.947860487472E-02
   -2.814345773660E-02
   -2.665697111702E-02
   -2.420494888964E-02
   -2.299500753300E-02
   -2.077613306373E-02
   -1.712601854759E-02
   -1.498514089643E-02
   -1.265069368083E-02
   -1.140467874942E-02
   -1.022876399749E-02
   -7.004304884381E-03
   -6.044094763812E-03
   -6.683692337406E-03
   -6.044094763827E-03
   -7.004304884384E-03
   -1.022876399748E-02
   -1.140467874942E-02
   -1.265069368083E-02
   -1.498514089643E-02
   -1.712601854758E-02
   -2.077613306373E-02
   -2.299500753299E-02
   -2.420494888964E-02
   -2.665697111702E-02
   -2.814345773659E-02
   -2.947860487472E-02
   -3.025959246595E-02
   -3.606319268919E-02
   -3.612021218095E-02
   -3.485404452497E-02
   -3.343231896707E-02
   -3.190986788215E-02
   -2.912185162125E-02
   -2.645804618445E-02
   -2.325245404349E-02
   -2.028560333461E-02
   -1.851382604893E-02
   -1.629225665423E-02
   -1.297391291464E-02
   -1.115738480004E-02
   -1.022876399746E-02
   -7.938187480903E-03
   -6.605703509173E-03
   -7.938187480929E-03
   -1.022876399748E-02
   -1.115738480004E-02
   -1.297391291464E-02
   -1.629225665423E-02
   -1.851382604893E-02
   -2.028560333461E-02
   -2.325245404349E-02
   -2.645804618445E-02
   -2.912185162125E-02
   -3.190986788215E-02
   -3.343231896706E-02
   -3.485404452497E-02
   -3.612021218095E-02
   -4.205243500886E-02
   -4.148994536502E-02
   -4.045840192940E-02
   -3.873954860016E-02
   -3.661639495541E-02
   -3.543197027088E-02
   -3.256776447030E-02
   -2.877447027564E-02
   -2.522877477250E-02
   -2.111003759625E-02
   -1.897358785824E-02
   -1.613407932185E-02
   -1.297391291464E-02
   -1.140467874941E-02
   -9.919579125956E-03
   -9.377592544255E-03
   -9.919579125977E-03
   -1.140467874941E-02
   -1.297391291464E-02
   -1.613407932185E-02
   -1.897358785824E-02
   -2.111003759625E-02
   -2.522877477250E-02
   -2.877447027564E-02
   -3.256776447030E-02
   -3.543197027088E-02
   -3.661639495541E-02
   -3.873954860015E-02
   -4.045840192940E-02
   -4.148994536502E-02
   -5.175860234969E-02
   -5.094359400585E-02
   -5.016910868983E-02
   -4.775893474784E-02
   -4.368419704567E-02
   -4.112615091153E-02
   -3.737107535436E-02
   -3.345566291084E-02
   -3.019861280474E-02
   -2.595865930468E-02
   -2.227887343080E-02
   -1.897358785823E-02
   -1.629225665422E-02
   -1.265069368081E-02
   -1.089187599869E-02
   -1.182263563834E-02
   -1.089187599869E-02
   -1.265069368081E-02
   -1.629225665422E-02
   -1.897358785823E-02
   -2.227887343080E-02
   -2.595865930467E-02
   -3.019861280474E-02
   -3.345566291083E-02
   -3.737107535435E-02
   -4.112615091152E-02
   -4.368419704567E-02
   -4.775893474784E-02
   -5.016910868982E-02
   -5.094359400585E-02
   -6.082112169227E-02
   -5.999872631411E-02
   -5.873638722891E-02
   -5.675552086353E-02
   -5.325283432676E-02
   -4.856343640829E-02
   -4.358021729367E-02
   -3.936503883993E-02
   -3.531016679087E-02
   -3.125269073784E-02
   -2.595865930467E-02
   -2.111003759625E-02
   -1.851382604892E-02
   -1.498514089641E-02
   -1.281071674613E-02
   -1.310715944874E-02
   -1.281071674613E-02
   -1.498514089641E-02
   -1.851382604892E-02
   -2.111003759625E-02
   -2.595865930467E-02
   -3.125269073784E-02
   -3.531016679087E-02
   -3.936503883993E-02
   -4.358021729367E-02
   -4.856343640829E-02
   -5.325283432677E-02
   -5.675552086353E-02
   -5.873638722891E-02
   -5.999872631411E-02
   -6.888214420316E-02
   -6.847972731675E-02
   -6.647533577958E-02
   -6.423173062839E-02
   -6.201470906914E-02
   -5.707224491197E-02
   -5.135011857110E-02
   -4.561966491172E-02
   -3.990894159410E-02
   -3.531016679087E-02
   -3.019861280474E-02
   -2.522877477250E-02
   -2.028560333460E-02
   -1.712601854757E-02
   -1.568544142080E-02
   -1.442310599592E-02
   -1.568544142080E-02
   -1.712601854757E-02
   -2.028560333460E-02
   -2.522877477250E-02
   -3.019861280474E-02
   -3.531016679087E-02
   -3.990894159410E-02
   -4.561966491172E-02
   -5.135011857110E-02
   -5.707224491197E-02
   -6.201470906914E-02
   -6.423173062839E-02
   -6.647533577959E-02
   -6.847972731675E-02
   -7.922528941734E-02
   -7.915658078836E-02
   -7.646715949101E-02
   -7.231008086620E-02
   -6.822575565641E-02
   -6.324605479942E-02
   -5.875506045518E-02
   -5.252789806829E-02
   -4.561966491172E-02
   -3.936503883993E-02
   -3.345566291083E-02
   -2.877447027564E-02
   -2.325245404348E-02
   -2.077613306372E-02
   -1.839202339066E-02
   -1.486638355021E-02
   -1.839202339066E-02
   -2.077613306372E-02
   -2.325245404348E-02
   -2.877447027563E-02
   -3.345566291083E-02
   -3.936503883993E-02
   -4.561966491172E-02
   -5.252789806828E-02
   -5.875506045518E-02
   -6.324605479942E-02
   -6.822575565641E-02
   -7.231008086620E-02
   -7.646715949101E-02
   -7.915658078837E-02
   -8.956465006059E-02
   -8.929970978028E-02
   -8.667855299728E-02
   -8.295815052323E-02
   -7.746759350029E-02
   -7.038915850738E-02
   -6.503280560226E-02
   -5.875506045518E-02
   -5.135011857110E-02
   -4.358021729367E-02
   -3.737107535435E-02
   -3.256776447030E-02
   -2.645804618444E-02
   -2.299500753299E-02
   -1.965636516100E-02
   -1.605533085961E-02
   -1.965636516100E-02
   -2.299500753299E-02
   -2.645804618444E-02
   -3.256776447030E-02
   -3.737107535435E-02
   -4.358021729367E-02
   -5.135011857110E-02
   -5.875506045518E-02
   -6.503280560226E-02
   -7.038915850738E-02
   -7.746759350029E-02
   -8.295815052323E-02
   -8.667855299728E-02
   -8.929970978028E-02
   -9.763538717880E-02
   -9.701823470608E-02
   -9.421866191175E-02
   -9.125133056068E-02
   -8.635055961362E-02
   -7.849647501559E-02
   -7.038915850738E-02
   -6.324605479942E-02
   -5.707224491197E-02
   -4.856343640829E-02
   -4.112615091152E-02
   -3.543197027088E-02
   -2.912185162124E-02
   -2.420494888964E-02
   -2.091318271635E-02
   -1.919135456630E-02
   -2.091318271634E-02
   -2.420494888964E-02
   -2.912185162124E-02
   -3.543197027088E-02
   -4.112615091152E-02
   -4.856343640829E-02
   -5.707224491197E-02
   -6.324605479941E-02
   -7.038915850738E-02
   -7.849647501559E-02
   -8.635055961361E-02
   -9.125133056068E-02
   -9.421866191175E-02
   -9.701823470608E-02
   -1.053558717902E-01
   -1.045775650711E-01
   -1.014626505585E-01
   -9.788070271177E-02
   -9.292335825343E-02
   -8.635055961362E-02
   -7.746759350029E-02
   -6.822575565641E-02
   -6.201470906914E-02
   -5.325283432677E-02
   -4.368419704566E-02
   -3.661639495540E-02
   -3.190986788214E-02
   -2.665697111702E-02
   -2.176668579536E-02
   -2.033245528052E-02
   -2.176668579535E-02
   -2.665697111702E-02
   -3.190986788214E-02
   -3.661639495540E-02
   -4.368419704566E-02
   -5.325283432677E-02
   -6.201470906914E-02
   -6.822575565641E-02
   -7.746759350029E-02
   -8.635055961361E-02
   -9.292335825342E-02
   -9.788070271177E-02
   -1.014626505585E-01
   -1.045775650710E-01
   -1.133128983531E-01
   -1.121146024906E-01
   -1.081015200320E-01
   -1.036518455243E-01
   -9.788070271178E-02
   -9.125133056068E-02
   -8.295815052323E-02
   -7.231008086620E-02
   -6.423173062839E-02
   -5.675552086353E-02
   -4.775893474784E-02
   -3.873954860015E-02
   -3.343231896706E-02
   -2.814345773659E-02
   -2.317540331387E-02
   -2.211896019045E-02
   -2.317540331385E-02
   -2.814345773659E-02
   -3.343231896706E-02
   -3.873954860015E-02
   -4.775893474784E-02
   -5.675552086353E-02
   -6.423173062839E-02
   -7.231008086620E-02
   -8.295815052323E-02
   -9.125133056068E-02
   -9.788070271177E-02
   -1.036518455243E-01
   -1.081015200320E-01
   -1.121146024906E-01
   -1.202904037209E-01
   -1.190717489512E-01
   -1.141499723755E-01
   -1.081015200320E-01
   -1.014626505585E-01
   -9.421866191175E-02
   -8.667855299728E-02
   -7.646715949101E-02
   -6.647533577958E-02
   -5.873638722891E-02
   -5.016910868982E-02
   -4.045840192940E-02
   -3.485404452497E-02
   -2.947860487472E-02
   -2.429722134065E-02
   -2.314689846365E-02
   -2.429722134064E-02
   -2.947860487472E-02
   -3.485404452497E-02
   -4.045840192940E-02
   -5.016910868982E-02
   -5.873638722891E-02
   -6.647533577958E-02
   -7.646715949101E-02
   -8.667855299728E-02
   -9.421866191174E-02
   -1.014626505585E-01
   -1.081015200320E-01
   -1.141499723755E-01
   -1.190717489512E-01
   -1.248907899427E-01
   -1.238071178379E-01
   -1.190717489512E-01
   -1.121146024906E-01
   -1.045775650710E-01
   -9.701823470608E-02
   -8.929970978028E-02
   -7.915658078836E-02
   -6.847972731674E-02
   -5.999872631411E-02
   -5.094359400584E-02
   -4.148994536502E-02
   -3.612021218095E-02
   -3.025959246594E-02
   -2.443136328547E-02
   -2.273101970471E-02
   -2.443136328546E-02
   -3.025959246593E-02
   -3.612021218095E-02
   -4.148994536502E-02
   -5.094359400585E-02
   -5.999872631411E-02
   -6.847972731674E-02
   -7.915658078837E-02
   -8.929970978028E-02
   -9.701823470608E-02
   -1.045775650710E-01
   -1.121146024906E-01
   -1.190717489512E-01
   -1.238071178379E-01
   -1.024257212765E-01
   -1.002433449665E-01
   -9.718783186562E-02
   -9.457414538758E-02
   -8.905887014870E-02
   -8.227136438699E-02
   -7.393353774295E-02
   -6.555268189882E-02
   -5.932017097025E-02
   -5.066793550263E-02
   -4.205243500886E-02
   -3.618819026312E-02
   -3.044463750709E-02
   -2.511102624771E-02
   -2.178504493953E-02
   -2.083686550445E-02
   -2.178504493954E-02
   -2.511102624771E-02
   -3.044463750709E-02
   -3.618819026312E-02
   -4.205243500886E-02
   -5.066793550263E-02
   -5.932017097025E-02
   -6.555268189882E-02
   -7.393353774295E-02
   -8.227136438700E-02
   -8.905887014869E-02
   -9.457414538760E-02
   -9.718783186561E-02
   -1.002433449665E-01
   -1.002433449665E-01
   -9.958096072952E-02
   -9.737672578674E-02
   -9.391819040653E-02
   -8.854392903821E-02
   -8.180342434994E-02
   -7.364639680111E-02
   -6.558861563631E-02
   -5.882733787591E-02
   -4.979111624564E-02
   -4.148994536502E-02
   -3.618493408637E-02
   -3.051195014398E-02
   -2.496823586124E-02
   -2.133455226290E-02
   -1.964980929607E-02
   -2.133455226290E-02
   -2.496823586124E-02
   -3.051195014397E-02
   -3.618493408637E-02
   -4.148994536502E-02
   -4.979111624564E-02
   -5.882733787590E-02
   -6.558861563631E-02
   -7.364639680111E-02
   -8.180342434993E-02
   -8.854392903821E-02
   -9.391819040654E-02
   -9.737672578672E-02
   -9.958096072952E-02
   -9.718783186562E-02
   -9.737672578672E-02
   -9.536076404322E-02
   -9.153999261357E-02
   -8.640907120482E-02
   -7.932511447247E-02
   -7.180753345916E-02
   -6.450317819566E-02
   -5.746538423000E-02
   -4.832969400832E-02
   -4.045840192940E-02
   -3.568530911139E-02
   -2.935672336074E-02
   -2.390155778656E-02
   -2.116021686662E-02
   -1.944984084147E-02
   -2.116021686662E-02
   -2.390155778656E-02
   -2.935672336074E-02
   -3.568530911139E-02
   -4.045840192940E-02
   -4.832969400832E-02
   -5.746538423000E-02
   -6.450317819566E-02
   -7.180753345916E-02
   -7.932511447248E-02
   -8.640907120482E-02
   -9.153999261357E-02
   -9.536076404321E-02
   -9.737672578672E-02
   -9.457414538756E-02
   -9.391819040651E-02
   -9.153999261356E-02
   -8.814052585070E-02
   -8.232315596972E-02
   -7.521376843926E-02
   -6.866485984867E-02
   -6.140554483906E-02
   -5.468243567131E-02
   -4.614959286632E-02
   -3.873954860016E-02
   -3.486244828109E-02
   -2.837004991317E-02
   -2.315592066483E-02
   -2.046179239573E-02
   -1.806541179726E-02
   -2.046179239573E-02
   -2.315592066483E-02
   -2.837004991317E-02
   -3.486244828109E-02
   -3.873954860015E-02
   -4.614959286632E-02
   -5.468243567130E-02
   -6.140554483906E-02
   -6.866485984867E-02
   -7.521376843926E-02
   -8.232315596972E-02
   -8.814052585070E-02
   -9.153999261356E-02
   -9.391819040651E-02
   -8.905887014868E-02
   -8.854392903820E-02
   -8.640907120481E-02
   -8.232315596971E-02
   -7.642485233028E-02
   -7.083882655965E-02
   -6.553809878023E-02
   -5.838096537858E-02
   -5.107598902069E-02
   -4.304458730960E-02
   -3.661639495540E-02
   -3.287906330095E-02
   -2.640815085241E-02
   -2.192695686177E-02
   -1.959045562925E-02
   -1.690368000097E-02
   -1.959045562924E-02
   -2.192695686177E-02
   -2.640815085241E-02
   -3.287906330095E-02
   -3.661639495540E-02
   -4.304458730960E-02
   -5.107598902069E-02
   -5.838096537858E-02
   -6.553809878023E-02
   -7.083882655965E-02
   -7.642485233028E-02
   -8.232315596972E-02
   -8.640907120481E-02
   -8.854392903820E-02
   -8.227136438699E-02
   -8.180342434993E-02
   -7.932511447247E-02
   -7.521376843926E-02
   -7.083882655965E-02
   -6.548762588397E-02
   -6.035601279882E-02
   -5.407243165898E-02
   -4.603390446651E-02
   -3.997879594544E-02
   -3.543197027088E-02
   -3.038949335955E-02
   -2.384514709871E-02
   -2.000663802295E-02
   -1.849066517279E-02
   -1.656421821368E-02
   -1.849066517279E-02
   -2.000663802295E-02
   -2.384514709871E-02
   -3.038949335955E-02
   -3.543197027088E-02
   -3.997879594544E-02
   -4.603390446651E-02
   -5.407243165898E-02
   -6.035601279882E-02
   -6.548762588397E-02
   -7.083882655965E-02
   -7.521376843926E-02
   -7.932511447247E-02
   -8.180342434993E-02
   -7.393353774295E-02
   -7.364639680110E-02
   -7.180753345916E-02
   -6.866485984867E-02
   -6.553809878023E-02
   -6.035601279882E-02
   -5.515913857378E-02
   -4.893715129956E-02
   -4.144753298931E-02
   -3.776118066937E-02
   -3.256776447030E-02
   -2.638333167186E-02
   -2.208740042716E-02
   -1.884946849356E-02
   -1.652937618366E-02
   -1.470127198499E-02
   -1.652937618365E-02
   -1.884946849356E-02
   -2.208740042716E-02
   -2.638333167186E-02
   -3.256776447030E-02
   -3.776118066937E-02
   -4.144753298931E-02
   -4.893715129956E-02
   -5.515913857377E-02
   -6.035601279882E-02
   -6.553809878023E-02
   -6.866485984867E-02
   -7.180753345916E-02
   -7.364639680110E-02
   -6.555268189882E-02
   -6.558861563631E-02
   -6.450317819566E-02
   -6.140554483906E-02
   -5.838096537858E-02
   -5.407243165898E-02
   -4.893715129956E-02
   -4.289232059248E-02
   -3.762697670481E-02
   -3.512416070182E-02
   -2.877447027563E-02
   -2.327484851001E-02
   -1.987729471292E-02
   -1.639384810001E-02
   -1.512245993385E-02
   -1.440758723873E-02
   -1.512245993384E-02
   -1.639384810001E-02
   -1.987729471293E-02
   -2.327484851001E-02
   -2.877447027563E-02
   -3.512416070182E-02
   -3.762697670481E-02
   -4.289232059248E-02
   -4.893715129956E-02
   -5.407243165898E-02
   -5.838096537858E-02
   -6.140554483906E-02
   -6.450317819566E-02
   -6.558861563631E-02
   -5.932017097025E-02
   -5.882733787590E-02
   -5.746538423000E-02
   -5.468243567130E-02
   -5.107598902069E-02
   -4.603390446651E-02
   -4.144753298931E-02
   -3.762697670481E-02
   -3.360044723381E-02
   -3.016412328256E-02
   -2.522877477250E-02
   -2.193458694651E-02
   -1.810605092278E-02
   -1.423029783856E-02
   -1.327944779728E-02
   -1.278776391401E-02
   -1.327944779727E-02
   -1.423029783856E-02
   -1.810605092278E-02
   -2.193458694651E-02
   -2.522877477250E-02
   -3.016412328257E-02
   -3.360044723381E-02
   -3.762697670481E-02
   -4.144753298931E-02
   -4.603390446651E-02
   -5.107598902069E-02
   -5.468243567130E-02
   -5.746538423000E-02
   -5.882733787590E-02
   -5.066793550263E-02
   -4.979111624564E-02
   -4.832969400832E-02
   -4.614959286632E-02
   -4.304458730960E-02
   -3.997879594544E-02
   -3.776118066937E-02
   -3.512416070182E-02
   -3.016412328257E-02
   -2.501596720155E-02
   -2.111003759625E-02
   -1.799640555579E-02
   -1.521316081495E-02
   -1.349938018373E-02
   -1.177878583253E-02
   -1.037728010169E-02
   -1.177878583253E-02
   -1.349938018372E-02
   -1.521316081495E-02
   -1.799640555579E-02
   -2.111003759625E-02
   -2.501596720156E-02
   -3.016412328257E-02
   -3.512416070182E-02
   -3.776118066937E-02
   -3.997879594545E-02
   -4.304458730960E-02
   -4.614959286632E-02
   -4.832969400833E-02
   -4.979111624564E-02
   -4.205243500886E-02
   -4.148994536502E-02
   -4.045840192940E-02
   -3.873954860015E-02
   -3.661639495540E-02
   -3.543197027088E-02
   -3.256776447030E-02
   -2.877447027564E-02
   -2.522877477250E-02
   -2.111003759625E-02
   -1.897358785824E-02
   -1.613407932185E-02
   -1.297391291465E-02
   -1.140467874944E-02
   -9.919579125996E-03
   -9.377592544288E-03
   -9.919579125991E-03
   -1.140467874943E-02
   -1.297391291465E-02
   -1.613407932185E-02
   -1.897358785824E-02
   -2.111003759625E-02
   -2.522877477250E-02
   -2.877447027564E-02
   -3.256776447030E-02
   -3.543197027088E-02
   -3.661639495540E-02
   -3.873954860015E-02
   -4.045840192940E-02
   -4.148994536502E-02
   -3.618819026312E-02
   -3.618493408637E-02
   -3.568530911139E-02
   -3.486244828109E-02
   -3.287906330095E-02
   -3.038949335956E-02
   -2.638333167186E-02
   -2.327484851002E-02
   -2.193458694652E-02
   -1.799640555580E-02
   -1.613407932186E-02
   -1.446543260230E-02
   -1.139097517965E-02
   -8.949012518942E-03
   -7.528801118246E-03
   -7.777121378841E-03
   -7.528801118235E-03
   -8.949012518936E-03
   -1.139097517965E-02
   -1.446543260230E-02
   -1.613407932186E-02
   -1.799640555580E-02
   -2.193458694652E-02
   -2.327484851002E-02
   -2.638333167186E-02
   -3.038949335956E-02
   -3.287906330095E-02
   -3.486244828109E-02
   -3.568530911139E-02
   -3.618493408637E-02
   -3.044463750709E-02
   -3.051195014397E-02
   -2.935672336074E-02
   -2.837004991317E-02
   -2.640815085241E-02
   -2.384514709871E-02
   -2.208740042716E-02
   -1.987729471293E-02
   -1.810605092279E-02
   -1.521316081497E-02
   -1.297391291466E-02
   -1.139097517965E-02
   -1.026254423683E-02
   -8.376601373079E-03
   -5.950638019951E-03
   -5.564985551553E-03
   -5.950638019934E-03
   -8.376601373064E-03
   -1.026254423683E-02
   -1.139097517965E-02
   -1.297391291466E-02
   -1.521316081497E-02
   -1.810605092279E-02
   -1.987729471293E-02
   -2.208740042716E-02
   -2.384514709871E-02
   -2.640815085241E-02
   -2.837004991317E-02
   -2.935672336074E-02
   -3.051195014397E-02
   -2.511102624771E-02
   -2.496823586124E-02
   -2.390155778656E-02
   -2.315592066483E-02
   -2.192695686177E-02
   -2.000663802296E-02
   -1.884946849356E-02
   -1.639384810001E-02
   -1.423029783857E-02
   -1.349938018373E-02
   -1.140467874944E-02
   -8.949012518946E-03
   -8.376601373047E-03
   -6.910387838486E-03
   -5.093367237500E-03
   -5.184086393852E-03
   -5.093367237478E-03
   -6.910387838484E-03
   -8.376601373076E-03
   -8.949012518946E-03
   -1.140467874945E-02
   -1.349938018374E-02
   -1.423029783857E-02
   -1.639384810001E-02
   -1.884946849357E-02
   -2.000663802296E-02
   -2.192695686177E-02
   -2.315592066483E-02
   -2.390155778656E-02
   -2.496823586123E-02
   -2.178504493955E-02
   -2.133455226291E-02
   -2.116021686663E-02
   -2.046179239574E-02
   -1.959045562925E-02
   -1.849066517279E-02
   -1.652937618364E-02
   -1.512245993384E-02
   -1.327944779726E-02
   -1.177878583253E-02
   -9.919579125991E-03
   -7.528801118230E-03
   -5.950638019888E-03
   -5.093367237510E-03
   -4.945181414857E-03
   -4.671550886921E-03
   -4.945181414701E-03
   -5.093367237482E-03
   -5.950638019932E-03
   -7.528801118248E-03
   -9.919579125995E-03
   -1.177878583253E-02
   -1.327944779726E-02
   -1.512245993385E-02
   -1.652937618364E-02
   -1.849066517280E-02
   -1.959045562924E-02
   -2.046179239573E-02
   -2.116021686662E-02
   -2.133455226290E-02
   -2.083686550445E-02
   -1.964980929572E-02
   -1.944984084103E-02
   -1.806541179728E-02
   -1.690368000100E-02
   -1.656421821368E-02
   -1.470127198495E-02
   -1.440758723872E-02
   -1.278776391402E-02
   -1.037728010169E-02
   -9.377592544282E-03
   -7.777121378804E-03
   -5.564985551493E-03
   -5.184086393897E-03
   -4.671550886868E-03
   -4.866530696484E-03
   -4.671550886652E-03
   -5.184086393278E-03
   -5.564985551502E-03
   -7.777121378801E-03
   -9.377592544284E-03
   -1.037728010166E-02
   -1.278776391398E-02
   -1.440758723871E-02
   -1.470127198498E-02
   -1.656421821372E-02
   -1.690368000089E-02
   -1.806541179722E-02
   -1.944984084121E-02
   -1.964980929584E-02
   -2.178504493953E-02
   -2.133455226289E-02
   -2.116021686660E-02
   -2.046179239571E-02
   -1.959045562923E-02
   -1.849066517278E-02
   -1.652937618363E-02
   -1.512245993383E-02
   -1.327944779726E-02
   -1.177878583253E-02
   -9.919579125987E-03
   -7.528801118231E-03
   -5.950638019906E-03
   -5.093367237507E-03
   -4.945181414725E-03
   -4.671550886687E-03
   -4.945181414598E-03
   -5.093367237482E-03
   -5.950638019913E-03
   -7.528801118239E-03
   -9.919579125979E-03
   -1.177878583252E-02
   -1.327944779726E-02
   -1.512245993385E-02
   -1.652937618365E-02
   -1.849066517280E-02
   -1.959045562924E-02
   -2.046179239572E-02
   -2.116021686661E-02
   -2.133455226289E-02
   -2.511102624770E-02
   -2.496823586123E-02
   -2.390155778656E-02
   -2.315592066483E-02
   -2.192695686177E-02
   -2.000663802296E-02
   -1.884946849356E-02
   -1.639384810001E-02
   -1.423029783855E-02
   -1.349938018372E-02
   -1.140467874943E-02
   -8.949012518938E-03
   -8.376601373051E-03
   -6.910387838494E-03
   -5.093367237499E-03
   -5.184086393428E-03
   -5.093367237483E-03
   -6.910387838496E-03
   -8.376601373064E-03
   -8.949012518940E-03
   -1.140467874943E-02
   -1.349938018372E-02
   -1.423029783856E-02
   -1.639384810001E-02
   -1.884946849356E-02
   -2.000663802296E-02
   -2.192695686177E-02
   -2.315592066483E-02
   -2.390155778656E-02
   -2.496823586123E-02
   -3.044463750709E-02
   -3.051195014398E-02
   -2.935672336074E-02
   -2.837004991317E-02
   -2.640815085241E-02
   -2.384514709871E-02
   -2.208740042715E-02
   -1.987729471292E-02
   -1.810605092278E-02
   -1.521316081495E-02
   -1.297391291465E-02
   -1.139097517964E-02
   -1.026254423683E-02
   -8.376601373068E-03
   -5.950638019931E-03
   -5.564985551465E-03
   -5.950638019899E-03
   -8.376601373041E-03
   -1.026254423683E-02
   -1.139097517964E-02
   -1.297391291465E-02
   -1.521316081495E-02
   -1.810605092278E-02
   -1.987729471292E-02
   -2.208740042716E-02
   -2.384514709871E-02
   -2.640815085241E-02
   -2.837004991317E-02
   -2.935672336075E-02
   -3.051195014398E-02
   -3.618819026311E-02
   -3.618493408637E-02
   -3.568530911139E-02
   -3.486244828109E-02
   -3.287906330095E-02
   -3.038949335955E-02
   -2.638333167186E-02
   -2.327484851001E-02
   -2.193458694651E-02
   -1.799640555578E-02
   -1.613407932185E-02
   -1.446543260230E-02
   -1.139097517965E-02
   -8.949012518952E-03
   -7.528801118268E-03
   -7.777121378824E-03
   -7.528801118244E-03
   -8.949012518949E-03
   -1.139097517965E-02
   -1.446543260230E-02
   -1.613407932185E-02
   -1.799640555579E-02
   -2.193458694651E-02
   -2.327484851002E-02
   -2.638333167186E-02
   -3.038949335955E-02
   -3.287906330095E-02
   -3.486244828109E-02
   -3.568530911138E-02
   -3.618493408636E-02
   -4.205243500886E-02
   -4.148994536502E-02
   -4.045840192940E-02
   -3.873954860015E-02
   -3.661639495540E-02
   -3.543197027088E-02
   -3.256776447029E-02
   -2.877447027563E-02
   -2.522877477249E-02
   -2.111003759624E-02
   -1.897358785824E-02
   -1.613407932186E-02
   -1.297391291466E-02
   -1.140467874944E-02
   -9.919579125993E-03
   -9.377592544296E-03
   -9.919579125992E-03
   -1.140467874944E-02
   -1.297391291466E-02
   -1.613407932186E-02
   -1.897358785824E-02
   -2.111003759625E-02
   -2.522877477250E-02
   -2.877447027563E-02
   -3.256776447030E-02
   -3.543197027088E-02
   -3.661639495540E-02
   -3.873954860015E-02
   -4.045840192940E-02
   -4.148994536502E-02
   -5.066793550263E-02
   -4.979111624564E-02
   -4.832969400833E-02
   -4.614959286632E-02
   -4.304458730960E-02
   -3.997879594544E-02
   -3.776118066937E-02
   -3.512416070181E-02
   -3.016412328256E-02
   -2.501596720155E-02
   -2.111003759625E-02
   -1.799640555579E-02
   -1.521316081496E-02
   -1.349938018373E-02
   -1.177878583254E-02
   -1.037728010170E-02
   -1.177878583255E-02
   -1.349938018374E-02
   -1.521316081496E-02
   -1.799640555579E-02
   -2.111003759625E-02
   -2.501596720155E-02
   -3.016412328256E-02
   -3.512416070182E-02
   -3.776118066937E-02
   -3.997879594544E-02
   -4.304458730960E-02
   -4.614959286632E-02
   -4.832969400833E-02
   -4.979111624564E-02
   -5.932017097025E-02
   -5.882733787591E-02
   -5.746538423000E-02
   -5.468243567130E-02
   -5.107598902069E-02
   -4.603390446651E-02
   -4.144753298930E-02
   -3.762697670481E-02
   -3.360044723381E-02
   -3.016412328256E-02
   -2.522877477250E-02
   -2.193458694652E-02
   -1.810605092279E-02
   -1.423029783856E-02
   -1.327944779727E-02
   -1.278776391405E-02
   -1.327944779727E-02
   -1.423029783856E-02
   -1.810605092279E-02
   -2.193458694652E-02
   -2.522877477250E-02
   -3.016412328257E-02
   -3.360044723381E-02
   -3.762697670481E-02
   -4.144753298930E-02
   -4.603390446651E-02
   -5.107598902069E-02
   -5.468243567130E-02
   -5.746538423000E-02
   -5.882733787591E-02
   -6.555268189882E-02
   -6.558861563631E-02
   -6.450317819566E-02
   -6.140554483906E-02
   -5.838096537858E-02
   -5.407243165898E-02
   -4.893715129955E-02
   -4.289232059248E-02
   -3.762697670481E-02
   -3.512416070182E-02
   -2.877447027564E-02
   -2.327484851002E-02
   -1.987729471293E-02
   -1.639384810001E-02
   -1.512245993385E-02
   -1.440758723873E-02
   -1.512245993385E-02
   -1.639384810001E-02
   -1.987729471293E-02
   -2.327484851002E-02
   -2.877447027564E-02
   -3.512416070182E-02
   -3.762697670481E-02
   -4.289232059248E-02
   -4.893715129955E-02
   -5.407243165897E-02
   -5.838096537858E-02
   -6.140554483906E-02
   -6.450317819566E-02
   -6.558861563631E-02
   -7.393353774295E-02
   -7.364639680111E-02
   -7.180753345916E-02
   -6.866485984867E-02
   -6.553809878023E-02
   -6.035601279882E-02
   -5.515913857377E-02
   -4.893715129955E-02
   -4.144753298930E-02
   -3.776118066937E-02
   -3.256776447030E-02
   -2.638333167186E-02
   -2.208740042716E-02
   -1.884946849356E-02
   -1.652937618364E-02
   -1.470127198497E-02
   -1.652937618364E-02
   -1.884946849356E-02
   -2.208740042716E-02
   -2.638333167186E-02
   -3.256776447030E-02
   -3.776118066937E-02
   -4.144753298930E-02
   -4.893715129955E-02
   -5.515913857377E-02
   -6.035601279882E-02
   -6.553809878023E-02
   -6.866485984867E-02
   -7.180753345916E-02
   -7.364639680111E-02
   -8.227136438699E-02
   -8.180342434993E-02
   -7.932511447247E-02
   -7.521376843926E-02
   -7.083882655965E-02
   -6.548762588397E-02
   -6.035601279882E-02
   -5.407243165897E-02
   -4.603390446651E-02
   -3.997879594544E-02
   -3.543197027088E-02
   -3.038949335956E-02
   -2.384514709871E-02
   -2.000663802295E-02
   -1.849066517278E-02
   -1.656421821366E-02
   -1.849066517279E-02
   -2.000663802295E-02
   -2.384514709871E-02
   -3.038949335956E-02
   -3.543197027088E-02
   -3.997879594544E-02
   -4.603390446651E-02
   -5.407243165898E-02
   -6.035601279882E-02
   -6.548762588397E-02
   -7.083882655965E-02
   -7.521376843926E-02
   -7.932511447247E-02
   -8.180342434993E-02
   -8.905887014869E-02
   -8.854392903821E-02
   -8.640907120481E-02
   -8.232315596972E-02
   -7.642485233027E-02
   -7.083882655965E-02
   -6.553809878023E-02
   -5.838096537858E-02
   -5.107598902069E-02
   -4.304458730960E-02
   -3.661639495540E-02
   -3.287906330095E-02
   -2.640815085241E-02
   -2.192695686176E-02
   -1.959045562923E-02
   -1.690368000094E-02
   -1.959045562924E-02
   -2.192695686177E-02
   -2.640815085241E-02
   -3.287906330095E-02
   -3.661639495540E-02
   -4.304458730960E-02
   -5.107598902069E-02
   -5.838096537858E-02
   -6.553809878023E-02
   -7.083882655965E-02
   -7.642485233028E-02
   -8.232315596972E-02
   -8.640907120482E-02
   -8.854392903821E-02
   -9.457414538759E-02
   -9.391819040654E-02
   -9.153999261357E-02
   -8.814052585070E-02
   -8.232315596971E-02
   -7.521376843926E-02
   -6.866485984867E-02
   -6.140554483906E-02
   -5.468243567130E-02
   -4.614959286632E-02
   -3.873954860016E-02
   -3.486244828109E-02
   -2.837004991317E-02
   -2.315592066483E-02
   -2.046179239571E-02
   -1.806541179682E-02
   -2.046179239573E-02
   -2.315592066483E-02
   -2.837004991317E-02
   -3.486244828109E-02
   -3.873954860016E-02
   -4.614959286632E-02
   -5.468243567131E-02
   -6.140554483906E-02
   -6.866485984867E-02
   -7.521376843927E-02
   -8.232315596972E-02
   -8.814052585070E-02
   -9.153999261357E-02
   -9.391819040654E-02
   -9.718783186565E-02
   -9.737672578674E-02
   -9.536076404323E-02
   -9.153999261357E-02
   -8.640907120481E-02
   -7.932511447247E-02
   -7.180753345916E-02
   -6.450317819566E-02
   -5.746538423000E-02
   -4.832969400833E-02
   -4.045840192940E-02
   -3.568530911139E-02
   -2.935672336074E-02
   -2.390155778656E-02
   -2.116021686660E-02
   -1.944984084101E-02
   -2.116021686662E-02
   -2.390155778656E-02
   -2.935672336074E-02
   -3.568530911139E-02
   -4.045840192940E-02
   -4.832969400833E-02
   -5.746538423000E-02
   -6.450317819566E-02
   -7.180753345916E-02
   -7.932511447248E-02
   -8.640907120482E-02
   -9.153999261357E-02
   -9.536076404323E-02
   -9.737672578674E-02
   -1.002433449665E-01
   -9.958096072951E-02
   -9.737672578674E-02
   -9.391819040653E-02
   -8.854392903821E-02
   -8.180342434994E-02
   -7.364639680111E-02
   -6.558861563631E-02
   -5.882733787591E-02
   -4.979111624564E-02
   -4.148994536502E-02
   -3.618493408637E-02
   -3.051195014398E-02
   -2.496823586123E-02
   -2.133455226288E-02
   -1.964980929568E-02
   -2.133455226290E-02
   -2.496823586124E-02
   -3.051195014398E-02
   -3.618493408637E-02
   -4.148994536502E-02
   -4.979111624564E-02
   -5.882733787590E-02
   -6.558861563631E-02
   -7.364639680111E-02
   -8.180342434994E-02
   -8.854392903821E-02
   -9.391819040654E-02
   -9.737672578672E-02
   -9.958096072952E-02
   -8.405506865811E-02
   -8.248301026887E-02
   -8.041466545168E-02
   -7.737154406659E-02
   -7.156888389731E-02
   -6.655923762394E-02
   -6.179113084363E-02
   -5.568530548373E-02
   -4.826305961906E-02
   -4.076392730654E-02
   -3.606319268919E-02
   -3.044463750709E-02
   -2.395525475640E-02
   -2.136660668669E-02
   -1.873700172782E-02
   -1.545235122009E-02
   -1.873700172781E-02
   -2.136660668669E-02
   -2.395525475640E-02
   -3.044463750709E-02
   -3.606319268919E-02
   -4.076392730654E-02
   -4.826305961906E-02
   -5.568530548373E-02
   -6.179113084363E-02
   -6.655923762394E-02
   -7.156888389732E-02
   -7.737154406658E-02
   -8.041466545169E-02
   -8.248301026886E-02
   -8.248301026887E-02
   -8.194745721548E-02
   -8.001934361046E-02
   -7.587074676891E-02
   -7.070607877300E-02
   -6.582312487810E-02
   -6.016296588714E-02
   -5.400463896852E-02
   -4.728942759685E-02
   -4.079621138036E-02
   -3.612021218095E-02
   -3.051195014398E-02
   -2.436188849663E-02
   -2.156844300795E-02
   -1.857350316933E-02
   -1.546757984069E-02
   -1.857350316933E-02
   -2.156844300794E-02
   -2.436188849663E-02
   -3.051195014398E-02
   -3.612021218095E-02
   -4.079621138036E-02
   -4.728942759686E-02
   -5.400463896852E-02
   -6.016296588714E-02
   -6.582312487810E-02
   -7.070607877301E-02
   -7.587074676890E-02
   -8.001934361048E-02
   -8.194745721547E-02
   -8.041466545169E-02
   -8.001934361048E-02
   -7.748671865737E-02
   -7.317872777172E-02
   -6.953413627952E-02
   -6.481343987447E-02
   -5.905087992255E-02
   -5.321936466128E-02
   -4.636247607077E-02
   -4.016281802601E-02
   -3.485404452497E-02
   -2.935672336075E-02
   -2.359902146364E-02
   -2.080965360206E-02
   -1.831635133633E-02
   -1.536958676910E-02
   -1.831635133633E-02
   -2.080965360206E-02
   -2.359902146364E-02
   -2.935672336074E-02
   -3.485404452497E-02
   -4.016281802600E-02
   -4.636247607077E-02
   -5.321936466128E-02
   -5.905087992255E-02
   -6.481343987447E-02
   -6.953413627952E-02
   -7.317872777172E-02
   -7.748671865739E-02
   -8.001934361048E-02
   -7.737154406663E-02
   -7.587074676894E-02
   -7.317872777173E-02
   -7.032956213716E-02
   -6.674763302213E-02
   -6.168684948903E-02
   -5.674414433059E-02
   -5.092421123909E-02
   -4.391389371225E-02
   -3.863239797541E-02
   -3.343231896707E-02
   -2.837004991318E-02
   -2.273074183510E-02
   -1.994973784666E-02
   -1.781742484146E-02
   -1.458741439026E-02
   -1.781742484146E-02
   -1.994973784666E-02
   -2.273074183510E-02
   -2.837004991318E-02
   -3.343231896707E-02
   -3.863239797541E-02
   -4.391389371225E-02
   -5.092421123909E-02
   -5.674414433058E-02
   -6.168684948903E-02
   -6.674763302213E-02
   -7.032956213717E-02
   -7.317872777174E-02
   -7.587074676894E-02
   -7.156888389735E-02
   -7.070607877303E-02
   -6.953413627954E-02
   -6.674763302213E-02
   -6.287592347244E-02
   -5.870004388932E-02
   -5.353517034462E-02
   -4.723762307470E-02
   -4.106767118398E-02
   -3.710137553954E-02
   -3.190986788215E-02
   -2.640815085242E-02
   -2.128185137608E-02
   -1.871025101380E-02
   -1.678505576945E-02
   -1.403390182402E-02
   -1.678505576946E-02
   -1.871025101380E-02
   -2.128185137608E-02
   -2.640815085242E-02
   -3.190986788215E-02
   -3.710137553954E-02
   -4.106767118398E-02
   -4.723762307470E-02
   -5.353517034462E-02
   -5.870004388932E-02
   -6.287592347243E-02
   -6.674763302213E-02
   -6.953413627954E-02
   -7.070607877303E-02
   -6.655923762395E-02
   -6.582312487811E-02
   -6.481343987448E-02
   -6.168684948903E-02
   -5.870004388932E-02
   -5.509389806271E-02
   -4.914503986648E-02
   -4.426945706830E-02
   -3.892187694638E-02
   -3.446981740324E-02
   -2.912185162125E-02
   -2.384514709872E-02
   -2.034173732539E-02
   -1.708557534289E-02
   -1.498007397531E-02
   -1.393588905994E-02
   -1.498007397531E-02
   -1.708557534289E-02
   -2.034173732539E-02
   -2.384514709872E-02
   -2.912185162125E-02
   -3.446981740323E-02
   -3.892187694638E-02
   -4.426945706830E-02
   -4.914503986648E-02
   -5.509389806271E-02
   -5.870004388932E-02
   -6.168684948903E-02
   -6.481343987448E-02
   -6.582312487811E-02
   -6.179113084364E-02
   -6.016296588715E-02
   -5.905087992255E-02
   -5.674414433059E-02
   -5.353517034462E-02
   -4.914503986648E-02
   -4.325313692185E-02
   -4.018148140389E-02
   -3.576410725289E-02
   -3.137347599936E-02
   -2.645804618445E-02
   -2.208740042716E-02
   -1.971654006736E-02
   -1.526307706443E-02
   -1.320003332302E-02
   -1.388002842907E-02
   -1.320003332303E-02
   -1.526307706443E-02
   -1.971654006736E-02
   -2.208740042716E-02
   -2.645804618445E-02
   -3.137347599936E-02
   -3.576410725289E-02
   -4.018148140389E-02
   -4.325313692185E-02
   -4.914503986648E-02
   -5.353517034463E-02
   -5.674414433059E-02
   -5.905087992255E-02
   -6.016296588715E-02
   -5.568530548373E-02
   -5.400463896852E-02
   -5.321936466128E-02
   -5.092421123909E-02
   -4.723762307470E-02
   -4.426945706830E-02
   -4.018148140389E-02
   -3.692969618285E-02
   -3.250756389535E-02
   -2.807078428132E-02
   -2.325245404349E-02
   -1.987729471293E-02
   -1.718532182177E-02
   -1.299052961705E-02
   -1.225567912684E-02
   -1.325699692823E-02
   -1.225567912684E-02
   -1.299052961706E-02
   -1.718532182177E-02
   -1.987729471293E-02
   -2.325245404349E-02
   -2.807078428132E-02
   -3.250756389535E-02
   -3.692969618285E-02
   -4.018148140389E-02
   -4.426945706830E-02
   -4.723762307470E-02
   -5.092421123909E-02
   -5.321936466128E-02
   -5.400463896852E-02
   -4.826305961905E-02
   -4.728942759686E-02
   -4.636247607077E-02
   -4.391389371225E-02
   -4.106767118398E-02
   -3.892187694638E-02
   -3.576410725289E-02
   -3.250756389535E-02
   -2.843841908357E-02
   -2.423574295746E-02
   -2.028560333461E-02
   -1.810605092278E-02
   -1.501687712065E-02
   -1.219281031965E-02
   -1.145661647532E-02
   -1.072107000821E-02
   -1.145661647533E-02
   -1.219281031965E-02
   -1.501687712065E-02
   -1.810605092278E-02
   -2.028560333461E-02
   -2.423574295746E-02
   -2.843841908357E-02
   -3.250756389535E-02
   -3.576410725289E-02
   -3.892187694638E-02
   -4.106767118398E-02
   -4.391389371225E-02
   -4.636247607077E-02
   -4.728942759686E-02
   -4.076392730654E-02
   -4.079621138036E-02
   -4.016281802601E-02
   -3.863239797541E-02
   -3.710137553954E-02
   -3.446981740323E-02
   -3.137347599936E-02
   -2.807078428131E-02
   -2.423574295746E-02
   -2.141524724796E-02
   -1.851382604893E-02
   -1.521316081494E-02
   -1.204496213386E-02
   -1.120414666688E-02
   -1.021121099390E-02
   -8.422111447834E-03
   -1.021121099390E-02
   -1.120414666689E-02
   -1.204496213385E-02
   -1.521316081494E-02
   -1.851382604893E-02
   -2.141524724796E-02
   -2.423574295746E-02
   -2.807078428131E-02
   -3.137347599936E-02
   -3.446981740323E-02
   -3.710137553954E-02
   -3.863239797541E-02
   -4.016281802600E-02
   -4.079621138036E-02
   -3.606319268919E-02
   -3.612021218095E-02
   -3.485404452497E-02
   -3.343231896707E-02
   -3.190986788215E-02
   -2.912185162125E-02
   -2.645804618445E-02
   -2.325245404349E-02
   -2.028560333460E-02
   -1.851382604892E-02
   -1.629225665422E-02
   -1.297391291463E-02
   -1.115738480004E-02
   -1.022876399749E-02
   -7.938187480941E-03
   -6.605703509331E-03
   -7.938187480952E-03
   -1.022876399749E-02
   -1.115738480004E-02
   -1.297391291463E-02
   -1.629225665422E-02
   -1.851382604892E-02
   -2.028560333460E-02
   -2.325245404349E-02
   -2.645804618445E-02
   -2.912185162125E-02
   -3.190986788215E-02
   -3.343231896707E-02
   -3.485404452497E-02
   -3.612021218095E-02
   -3.044463750709E-02
   -3.051195014398E-02
   -2.935672336075E-02
   -2.837004991318E-02
   -2.640815085242E-02
   -2.384514709872E-02
   -2.208740042716E-02
   -1.987729471292E-02
   -1.810605092277E-02
   -1.521316081494E-02
   -1.297391291463E-02
   -1.139097517962E-02
   -1.026254423680E-02
   -8.376601373035E-03
   -5.950638019926E-03
   -5.564985551262E-03
   -5.950638019939E-03
   -8.376601373042E-03
   -1.026254423680E-02
   -1.139097517962E-02
   -1.297391291463E-02
   -1.521316081494E-02
   -1.810605092278E-02
   -1.987729471292E-02
   -2.208740042716E-02
   -2.384514709872E-02
   -2.640815085242E-02
   -2.837004991318E-02
   -2.935672336075E-02
   -3.051195014398E-02
   -2.395525475639E-02
   -2.436188849662E-02
   -2.359902146364E-02
   -2.273074183510E-02
   -2.128185137607E-02
   -2.034173732539E-02
   -1.971654006736E-02
   -1.718532182176E-02
   -1.501687712064E-02
   -1.204496213386E-02
   -1.115738480004E-02
   -1.026254423681E-02
   -7.502834151751E-03
   -5.806346610539E-03
   -5.333262420186E-03
   -6.104783878679E-03
   -5.333262420213E-03
   -5.806346610549E-03
   -7.502834151757E-03
   -1.026254423681E-02
   -1.115738480004E-02
   -1.204496213386E-02
   -1.501687712065E-02
   -1.718532182176E-02
   -1.971654006736E-02
   -2.034173732539E-02
   -2.128185137608E-02
   -2.273074183510E-02
   -2.359902146364E-02
   -2.436188849662E-02
   -2.136660668670E-02
   -2.156844300795E-02
   -2.080965360206E-02
   -1.994973784666E-02
   -1.871025101379E-02
   -1.708557534289E-02
   -1.526307706442E-02
   -1.299052961706E-02
   -1.219281031964E-02
   -1.120414666690E-02
   -1.022876399748E-02
   -8.376601373071E-03
   -5.806346610546E-03
   -5.187225480169E-03
   -4.617381753209E-03
   -3.773628563240E-03
   -4.617381753257E-03
   -5.187225480067E-03
   -5.806346610548E-03
   -8.376601373041E-03
   -1.022876399750E-02
   -1.120414666689E-02
   -1.219281031965E-02
   -1.299052961705E-02
   -1.526307706443E-02
   -1.708557534288E-02
   -1.871025101381E-02
   -1.994973784666E-02
   -2.080965360207E-02
   -2.156844300795E-02
   -1.873700172779E-02
   -1.857350316931E-02
   -1.831635133630E-02
   -1.781742484144E-02
   -1.678505576944E-02
   -1.498007397530E-02
   -1.320003332303E-02
   -1.225567912685E-02
   -1.145661647533E-02
   -1.021121099391E-02
   -7.938187480971E-03
   -5.950638019995E-03
   -5.333262420317E-03
   -4.617381753349E-03
   -3.505901241547E-03
   -2.726651864815E-03
   -3.505901241720E-03
   -4.617381753237E-03
   -5.333262420230E-03
   -5.950638019971E-03
   -7.938187480975E-03
   -1.021121099392E-02
   -1.145661647533E-02
   -1.225567912683E-02
   -1.320003332302E-02
   -1.498007397530E-02
   -1.678505576945E-02
   -1.781742484146E-02
   -1.831635133632E-02
   -1.857350316931E-02
   -1.545235122007E-02
   -1.546757984119E-02
   -1.536958676968E-02
   -1.458741439025E-02
   -1.403390182394E-02
   -1.393588905989E-02
   -1.388002842908E-02
   -1.325699692820E-02
   -1.072107000819E-02
   -8.422111447830E-03
   -6.605703509398E-03
   -5.564985551335E-03
   -6.104783878902E-03
   -3.773628563203E-03
   -2.726651864702E-03
   -3.977867731815E-03
   -2.726651865158E-03
   -3.773628563662E-03
   -6.104783878314E-03
   -5.564985551583E-03
   -6.605703509212E-03
   -8.422111448004E-03
   -1.072107000814E-02
   -1.325699692829E-02
   -1.388002842898E-02
   -1.393588905993E-02
   -1.403390182404E-02
   -1.458741439037E-02
   -1.536958676941E-02
   -1.546757984102E-02
   -1.873700172784E-02
   -1.857350316936E-02
   -1.831635133636E-02
   -1.781742484148E-02
   -1.678505576946E-02
   -1.498007397530E-02
   -1.320003332303E-02
   -1.225567912684E-02
   -1.145661647534E-02
   -1.021121099391E-02
   -7.938187480982E-03
   -5.950638020002E-03
   -5.333262420318E-03
   -4.617381753239E-03
   -3.505901241675E-03
   -2.726651865173E-03
   -3.505901241749E-03
   -4.617381753272E-03
   -5.333262420281E-03
   -5.950638019996E-03
   -7.938187480979E-03
   -1.021121099391E-02
   -1.145661647532E-02
   -1.225567912682E-02
   -1.320003332301E-02
   -1.498007397529E-02
   -1.678505576946E-02
   -1.781742484147E-02
   -1.831635133635E-02
   -1.857350316936E-02
   -2.136660668670E-02
   -2.156844300795E-02
   -2.080965360206E-02
   -1.994973784666E-02
   -1.871025101379E-02
   -1.708557534288E-02
   -1.526307706442E-02
   -1.299052961705E-02
   -1.219281031964E-02
   -1.120414666690E-02
   -1.022876399750E-02
   -8.376601373087E-03
   -5.806346610612E-03
   -5.187225480231E-03
   -4.617381753293E-03
   -3.773628563732E-03
   -4.617381753344E-03
   -5.187225480145E-03
   -5.806346610606E-03
   -8.376601373065E-03
   -1.022876399750E-02
   -1.120414666688E-02
   -1.219281031964E-02
   -1.299052961704E-02
   -1.526307706442E-02
   -1.708557534288E-02
   -1.871025101380E-02
   -1.994973784666E-02
   -2.080965360206E-02
   -2.156844300795E-02
   -2.395525475640E-02
   -2.436188849663E-02
   -2.359902146365E-02
   -2.273074183511E-02
   -2.128185137608E-02
   -2.034173732539E-02
   -1.971654006735E-02
   -1.718532182176E-02
   -1.501687712064E-02
   -1.204496213385E-02
   -1.115738480004E-02
   -1.026254423682E-02
   -7.502834151783E-03
   -5.806346610568E-03
   -5.333262420286E-03
   -6.104783878534E-03
   -5.333262420325E-03
   -5.806346610630E-03
   -7.502834151787E-03
   -1.026254423682E-02
   -1.115738480004E-02
   -1.204496213384E-02
   -1.501687712064E-02
   -1.718532182176E-02
   -1.971654006735E-02
   -2.034173732538E-02
   -2.128185137607E-02
   -2.273074183510E-02
   -2.359902146365E-02
   -2.436188849663E-02
   -3.044463750709E-02
   -3.051195014398E-02
   -2.935672336074E-02
   -2.837004991318E-02
   -2.640815085242E-02
   -2.384514709872E-02
   -2.208740042716E-02
   -1.987729471292E-02
   -1.810605092277E-02
   -1.521316081493E-02
   -1.297391291463E-02
   -1.139097517963E-02
   -1.026254423683E-02
   -8.376601373100E-03
   -5.950638020007E-03
   -5.564985551564E-03
   -5.950638020045E-03
   -8.376601373089E-03
   -1.026254423682E-02
   -1.139097517962E-02
   -1.297391291462E-02
   -1.521316081493E-02
   -1.810605092277E-02
   -1.987729471292E-02
   -2.208740042716E-02
   -2.384514709872E-02
   -2.640815085242E-02
   -2.837004991318E-02
   -2.935672336075E-02
   -3.051195014398E-02
   -3.606319268920E-02
   -3.612021218096E-02
   -3.485404452498E-02
   -3.343231896707E-02
   -3.190986788215E-02
   -2.912185162125E-02
   -2.645804618445E-02
   -2.325245404349E-02
   -2.028560333460E-02
   -1.851382604892E-02
   -1.629225665421E-02
   -1.297391291462E-02
   -1.115738480004E-02
   -1.022876399749E-02
   -7.938187481001E-03
   -6.605703509272E-03
   -7.938187481005E-03
   -1.022876399751E-02
   -1.115738480004E-02
   -1.297391291463E-02
   -1.629225665421E-02
   -1.851382604892E-02
   -2.028560333460E-02
   -2.325245404349E-02
   -2.645804618445E-02
   -2.912185162126E-02
   -3.190986788216E-02
   -3.343231896707E-02
   -3.485404452497E-02
   -3.612021218095E-02
   -4.076392730654E-02
   -4.079621138036E-02
   -4.016281802600E-02
   -3.863239797541E-02
   -3.710137553954E-02
   -3.446981740323E-02
   -3.137347599936E-02
   -2.807078428131E-02
   -2.423574295746E-02
   -2.141524724795E-02
   -1.851382604891E-02
   -1.521316081493E-02
   -1.204496213385E-02
   -1.120414666690E-02
   -1.021121099392E-02
   -8.422111447962E-03
   -1.021121099393E-02
   -1.120414666690E-02
   -1.204496213385E-02
   -1.521316081493E-02
   -1.851382604891E-02
   -2.141524724795E-02
   -2.423574295746E-02
   -2.807078428132E-02
   -3.137347599936E-02
   -3.446981740324E-02
   -3.710137553954E-02
   -3.863239797541E-02
   -4.016281802600E-02
   -4.079621138036E-02
   -4.826305961906E-02
   -4.728942759685E-02
   -4.636247607077E-02
   -4.391389371225E-02
   -4.106767118398E-02
   -3.892187694638E-02
   -3.576410725289E-02
   -3.250756389535E-02
   -2.843841908357E-02
   -2.423574295746E-02
   -2.028560333459E-02
   -1.810605092276E-02
   -1.501687712063E-02
   -1.219281031963E-02
   -1.145661647533E-02
   -1.072107000810E-02
   -1.145661647534E-02
   -1.219281031964E-02
   -1.501687712064E-02
   -1.810605092277E-02
   -2.028560333459E-02
   -2.423574295746E-02
   -2.843841908357E-02
   -3.250756389535E-02
   -3.576410725290E-02
   -3.892187694638E-02
   -4.106767118398E-02
   -4.391389371225E-02
   -4.636247607077E-02
   -4.728942759685E-02
   -5.568530548373E-02
   -5.400463896852E-02
   -5.321936466128E-02
   -5.092421123908E-02
   -4.723762307470E-02
   -4.426945706830E-02
   -4.018148140389E-02
   -3.692969618286E-02
   -3.250756389535E-02
   -2.807078428131E-02
   -2.325245404348E-02
   -1.987729471292E-02
   -1.718532182175E-02
   -1.299052961705E-02
   -1.225567912684E-02
   -1.325699692829E-02
   -1.225567912685E-02
   -1.299052961705E-02
   -1.718532182175E-02
   -1.987729471291E-02
   -2.325245404348E-02
   -2.807078428131E-02
   -3.250756389535E-02
   -3.692969618285E-02
   -4.018148140389E-02
   -4.426945706830E-02
   -4.723762307470E-02
   -5.092421123909E-02
   -5.321936466128E-02
   -5.400463896852E-02
   -6.179113084363E-02
   -6.016296588714E-02
   -5.905087992255E-02
   -5.674414433059E-02
   -5.353517034462E-02
   -4.914503986648E-02
   -4.325313692185E-02
   -4.018148140389E-02
   -3.576410725289E-02
   -3.137347599936E-02
   -2.645804618445E-02
   -2.208740042715E-02
   -1.971654006735E-02
   -1.526307706441E-02
   -1.320003332303E-02
   -1.388002842905E-02
   -1.320003332303E-02
   -1.526307706442E-02
   -1.971654006735E-02
   -2.208740042715E-02
   -2.645804618444E-02
   -3.137347599936E-02
   -3.576410725289E-02
   -4.018148140389E-02
   -4.325313692185E-02
   -4.914503986648E-02
   -5.353517034462E-02
   -5.674414433058E-02
   -5.905087992255E-02
   -6.016296588714E-02
   -6.655923762394E-02
   -6.582312487810E-02
   -6.481343987447E-02
   -6.168684948903E-02
   -5.870004388932E-02
   -5.509389806271E-02
   -4.914503986648E-02
   -4.426945706831E-02
   -3.892187694638E-02
   -3.446981740324E-02
   -2.912185162125E-02
   -2.384514709871E-02
   -2.034173732539E-02
   -1.708557534289E-02
   -1.498007397531E-02
   -1.393588906000E-02
   -1.498007397530E-02
   -1.708557534288E-02
   -2.034173732538E-02
   -2.384514709871E-02
   -2.912185162125E-02
   -3.446981740323E-02
   -3.892187694638E-02
   -4.426945706830E-02
   -4.914503986648E-02
   -5.509389806271E-02
   -5.870004388932E-02
   -6.168684948902E-02
   -6.481343987447E-02
   -6.582312487810E-02
   -7.156888389732E-02
   -7.070607877300E-02
   -6.953413627952E-02
   -6.674763302213E-02
   -6.287592347244E-02
   -5.870004388932E-02
   -5.353517034463E-02
   -4.723762307470E-02
   -4.106767118399E-02
   -3.710137553954E-02
   -3.190986788215E-02
   -2.640815085242E-02
   -2.128185137607E-02
   -1.871025101379E-02
   -1.678505576946E-02
   -1.403390182401E-02
   -1.678505576944E-02
   -1.871025101379E-02
   -2.128185137607E-02
   -2.640815085242E-02
   -3.190986788215E-02
   -3.710137553954E-02
   -4.106767118398E-02
   -4.723762307470E-02
   -5.353517034462E-02
   -5.870004388932E-02
   -6.287592347243E-02
   -6.674763302212E-02
   -6.953413627952E-02
   -7.070607877300E-02
   -7.737154406658E-02
   -7.587074676889E-02
   -7.317872777171E-02
   -7.032956213716E-02
   -6.674763302213E-02
   -6.168684948903E-02
   -5.674414433059E-02
   -5.092421123909E-02
   -4.391389371225E-02
   -3.863239797541E-02
   -3.343231896707E-02
   -2.837004991318E-02
   -2.273074183510E-02
   -1.994973784666E-02
   -1.781742484148E-02
   -1.458741439086E-02
   -1.781742484145E-02
   -1.994973784665E-02
   -2.273074183510E-02
   -2.837004991317E-02
   -3.343231896706E-02
   -3.863239797541E-02
   -4.391389371225E-02
   -5.092421123908E-02
   -5.674414433058E-02
   -6.168684948902E-02
   -6.674763302212E-02
   -7.032956213715E-02
   -7.317872777171E-02
   -7.587074676889E-02
   -8.041466545165E-02
   -8.001934361045E-02
   -7.748671865735E-02
   -7.317872777171E-02
   -6.953413627953E-02
   -6.481343987448E-02
   -5.905087992255E-02
   -5.321936466128E-02
   -4.636247607077E-02
   -4.016281802600E-02
   -3.485404452497E-02
   -2.935672336074E-02
   -2.359902146364E-02
   -2.080965360206E-02
   -1.831635133635E-02
   -1.536958676969E-02
   -1.831635133632E-02
   -2.080965360205E-02
   -2.359902146364E-02
   -2.935672336074E-02
   -3.485404452497E-02
   -4.016281802600E-02
   -4.636247607077E-02
   -5.321936466128E-02
   -5.905087992255E-02
   -6.481343987447E-02
   -6.953413627952E-02
   -7.317872777171E-02
   -7.748671865736E-02
   -8.001934361045E-02
   -8.248301026888E-02
   -8.194745721548E-02
   -8.001934361045E-02
   -7.587074676891E-02
   -7.070607877300E-02
   -6.582312487810E-02
   -6.016296588714E-02
   -5.400463896852E-02
   -4.728942759685E-02
   -4.079621138036E-02
   -3.612021218095E-02
   -3.051195014398E-02
   -2.436188849663E-02
   -2.156844300795E-02
   -1.857350316934E-02
   -1.546757984123E-02
   -1.857350316932E-02
   -2.156844300794E-02
   -2.436188849663E-02
   -3.051195014397E-02
   -3.612021218095E-02
   -4.079621138036E-02
   -4.728942759685E-02
   -5.400463896852E-02
   -6.016296588714E-02
   -6.582312487810E-02
   -7.070607877300E-02
   -7.587074676890E-02
   -8.001934361046E-02
   -8.194745721547E-02
   -7.045634967516E-02
   -7.006711587815E-02
   -6.845729876907E-02
   -6.614434457201E-02
   -6.264316087649E-02
   -5.754511683826E-02
   -5.193833629923E-02
   -4.571043357829E-02
   -3.960132491571E-02
   -3.477452417143E-02
   -3.000181326911E-02
   -2.511102624771E-02
   -2.136660668670E-02
   -1.755117461946E-02
   -1.556638892569E-02
   -1.632487985296E-02
   -1.556638892572E-02
   -1.755117461946E-02
   -2.136660668670E-02
   -2.511102624772E-02
   -3.000181326911E-02
   -3.477452417144E-02
   -3.960132491571E-02
   -4.571043357829E-02
   -5.193833629923E-02
   -5.754511683826E-02
   -6.264316087649E-02
   -6.614434457202E-02
   -6.845729876906E-02
   -7.006711587817E-02
   -7.006711587816E-02
   -6.962729195967E-02
   -6.796462390333E-02
   -6.509316647903E-02
   -6.161541767645E-02
   -5.669375937801E-02
   -5.042250895609E-02
   -4.416023546080E-02
   -3.876915050434E-02
   -3.502145242804E-02
   -3.025959246594E-02
   -2.496823586124E-02
   -2.156844300795E-02
   -1.771989874075E-02
   -1.536543887644E-02
   -1.555519464604E-02
   -1.536543887645E-02
   -1.771989874075E-02
   -2.156844300795E-02
   -2.496823586124E-02
   -3.025959246594E-02
   -3.502145242805E-02
   -3.876915050434E-02
   -4.416023546081E-02
   -5.042250895609E-02
   -5.669375937801E-02
   -6.161541767644E-02
   -6.509316647903E-02
   -6.796462390330E-02
   -6.962729195969E-02
   -6.845729876906E-02
   -6.796462390330E-02
   -6.673751602297E-02
   -6.365254010951E-02
   -6.016920178837E-02
   -5.555776710382E-02
   -4.944181251636E-02
   -4.369980316659E-02
   -3.804388891788E-02
   -3.454301294094E-02
   -2.947860487472E-02
   -2.390155778656E-02
   -2.080965360207E-02
   -1.690878956834E-02
   -1.484175749287E-02
   -1.507113332363E-02
   -1.484175749287E-02
   -1.690878956834E-02
   -2.080965360206E-02
   -2.390155778657E-02
   -2.947860487472E-02
   -3.454301294095E-02
   -3.804388891788E-02
   -4.369980316660E-02
   -4.944181251637E-02
   -5.555776710382E-02
   -6.016920178837E-02
   -6.365254010950E-02
   -6.673751602295E-02
   -6.796462390330E-02
   -6.614434457196E-02
   -6.509316647899E-02
   -6.365254010949E-02
   -6.100605285278E-02
   -5.750692423509E-02
   -5.246205624929E-02
   -4.697282984974E-02
   -4.225290042121E-02
   -3.658625605367E-02
   -3.308531728964E-02
   -2.814345773659E-02
   -2.315592066483E-02
   -1.994973784666E-02
   -1.590897961076E-02
   -1.444080593778E-02
   -1.490043711880E-02
   -1.444080593778E-02
   -1.590897961076E-02
   -1.994973784666E-02
   -2.315592066483E-02
   -2.814345773660E-02
   -3.308531728964E-02
   -3.658625605368E-02
   -4.225290042121E-02
   -4.697282984974E-02
   -5.246205624930E-02
   -5.750692423510E-02
   -6.100605285278E-02
   -6.365254010948E-02
   -6.509316647898E-02
   -6.264316087645E-02
   -6.161541767642E-02
   -6.016920178835E-02
   -5.750692423509E-02
   -5.396445413277E-02
   -4.887617747571E-02
   -4.305491255566E-02
   -3.886063780594E-02
   -3.485853949028E-02
   -3.170916686535E-02
   -2.665697111702E-02
   -2.192695686177E-02
   -1.871025101380E-02
   -1.510408996020E-02
   -1.373012374574E-02
   -1.386375089717E-02
   -1.373012374575E-02
   -1.510408996020E-02
   -1.871025101380E-02
   -2.192695686177E-02
   -2.665697111702E-02
   -3.170916686535E-02
   -3.485853949028E-02
   -3.886063780594E-02
   -4.305491255566E-02
   -4.887617747571E-02
   -5.396445413277E-02
   -5.750692423510E-02
   -6.016920178835E-02
   -6.161541767642E-02
   -5.754511683825E-02
   -5.669375937800E-02
   -5.555776710381E-02
   -5.246205624929E-02
   -4.887617747571E-02
   -4.550247628233E-02
   -4.040991122043E-02
   -3.696944656216E-02
   -3.345143985837E-02
   -2.883802852760E-02
   -2.420494888964E-02
   -2.000663802295E-02
   -1.708557534288E-02
   -1.418879995784E-02
   -1.258533399530E-02
   -1.268861262262E-02
   -1.258533399530E-02
   -1.418879995784E-02
   -1.708557534289E-02
   -2.000663802295E-02
   -2.420494888964E-02
   -2.883802852761E-02
   -3.345143985837E-02
   -3.696944656216E-02
   -4.040991122044E-02
   -4.550247628233E-02
   -4.887617747571E-02
   -5.246205624930E-02
   -5.555776710381E-02
   -5.669375937800E-02
   -5.193833629922E-02
   -5.042250895609E-02
   -4.944181251636E-02
   -4.697282984974E-02
   -4.305491255566E-02
   -4.040991122043E-02
   -3.626433686227E-02
   -3.377307684720E-02
   -3.025840350067E-02
   -2.548736101660E-02
   -2.299500753298E-02
   -1.884946849355E-02
   -1.526307706443E-02
   -1.327212496969E-02
   -1.175899764228E-02
   -1.162671508159E-02
   -1.175899764229E-02
   -1.327212496969E-02
   -1.526307706443E-02
   -1.884946849356E-02
   -2.299500753299E-02
   -2.548736101660E-02
   -3.025840350067E-02
   -3.377307684720E-02
   -3.626433686227E-02
   -4.040991122044E-02
   -4.305491255566E-02
   -4.697282984974E-02
   -4.944181251636E-02
   -5.042250895609E-02
   -4.571043357829E-02
   -4.416023546081E-02
   -4.369980316660E-02
   -4.225290042121E-02
   -3.886063780595E-02
   -3.696944656216E-02
   -3.377307684720E-02
   -3.097844474095E-02
   -2.712554942771E-02
   -2.291722293325E-02
   -2.077613306371E-02
   -1.639384809998E-02
   -1.299052961704E-02
   -1.242720799819E-02
   -1.085500884936E-02
   -9.737181967965E-03
   -1.085500884936E-02
   -1.242720799819E-02
   -1.299052961705E-02
   -1.639384809999E-02
   -2.077613306371E-02
   -2.291722293325E-02
   -2.712554942771E-02
   -3.097844474095E-02
   -3.377307684721E-02
   -3.696944656216E-02
   -3.886063780595E-02
   -4.225290042121E-02
   -4.369980316660E-02
   -4.416023546081E-02
   -3.960132491571E-02
   -3.876915050434E-02
   -3.804388891789E-02
   -3.658625605368E-02
   -3.485853949028E-02
   -3.345143985837E-02
   -3.025840350067E-02
   -2.712554942771E-02
   -2.414336642102E-02
   -2.055558552452E-02
   -1.712601854755E-02
   -1.423029783852E-02
   -1.219281031964E-02
   -1.143944959013E-02
   -9.658349195281E-03
   -7.858651130174E-03
   -9.658349195284E-03
   -1.143944959014E-02
   -1.219281031964E-02
   -1.423029783853E-02
   -1.712601854756E-02
   -2.055558552452E-02
   -2.414336642102E-02
   -2.712554942771E-02
   -3.025840350067E-02
   -3.345143985837E-02
   -3.485853949028E-02
   -3.658625605368E-02
   -3.804388891788E-02
   -3.876915050434E-02
   -3.477452417144E-02
   -3.502145242805E-02
   -3.454301294095E-02
   -3.308531728964E-02
   -3.170916686535E-02
   -2.883802852761E-02
   -2.548736101660E-02
   -2.291722293325E-02
   -2.055558552452E-02
   -1.807567191576E-02
   -1.498514089639E-02
   -1.349938018368E-02
   -1.120414666686E-02
   -8.331879761348E-03
   -7.948528188904E-03
   -8.195193486562E-03
   -7.948528188901E-03
   -8.331879761352E-03
   -1.120414666687E-02
   -1.349938018368E-02
   -1.498514089639E-02
   -1.807567191576E-02
   -2.055558552452E-02
   -2.291722293325E-02
   -2.548736101661E-02
   -2.883802852761E-02
   -3.170916686535E-02
   -3.308531728964E-02
   -3.454301294095E-02
   -3.502145242805E-02
   -3.000181326912E-02
   -3.025959246595E-02
   -2.947860487473E-02
   -2.814345773660E-02
   -2.665697111702E-02
   -2.420494888964E-02
   -2.299500753299E-02
   -2.077613306371E-02
   -1.712601854756E-02
   -1.498514089639E-02
   -1.265069368078E-02
   -1.140467874939E-02
   -1.022876399748E-02
   -7.004304884395E-03
   -6.044094763858E-03
   -6.683692337867E-03
   -6.044094763855E-03
   -7.004304884394E-03
   -1.022876399747E-02
   -1.140467874939E-02
   -1.265069368079E-02
   -1.498514089639E-02
   -1.712601854756E-02
   -2.077613306371E-02
   -2.299500753299E-02
   -2.420494888964E-02
   -2.665697111702E-02
   -2.814345773660E-02
   -2.947860487473E-02
   -3.025959246595E-02
   -2.511102624772E-02
   -2.496823586124E-02
   -2.390155778657E-02
   -2.315592066484E-02
   -2.192695686177E-02
   -2.000663802296E-02
   -1.884946849356E-02
   -1.639384809999E-02
   -1.423029783853E-02
   -1.349938018368E-02
   -1.140467874939E-02
   -8.949012518894E-03
   -8.376601373005E-03
   -6.910387838472E-03
   -5.093367237374E-03
   -5.184086392222E-03
   -5.093367237350E-03
   -6.910387838468E-03
   -8.376601373026E-03
   -8.949012518896E-03
   -1.140467874939E-02
   -1.349938018368E-02
   -1.423029783853E-02
   -1.639384809999E-02
   -1.884946849356E-02
   -2.000663802296E-02
   -2.192695686177E-02
   -2.315592066484E-02
   -2.390155778657E-02
   -2.496823586124E-02
   -2.136660668670E-02
   -2.156844300795E-02
   -2.080965360207E-02
   -1.994973784666E-02
   -1.871025101380E-02
   -1.708557534288E-02
   -1.526307706443E-02
   -1.299052961705E-02
   -1.219281031965E-02
   -1.120414666687E-02
   -1.022876399748E-02
   -8.376601373016E-03
   -5.806346610634E-03
   -5.187225480077E-03
   -4.617381753207E-03
   -3.773628563817E-03
   -4.617381753194E-03
   -5.187225480063E-03
   -5.806346610599E-03
   -8.376601373018E-03
   -1.022876399748E-02
   -1.120414666687E-02
   -1.219281031964E-02
   -1.299052961705E-02
   -1.526307706443E-02
   -1.708557534288E-02
   -1.871025101380E-02
   -1.994973784666E-02
   -2.080965360207E-02
   -2.156844300795E-02
   -1.755117461946E-02
   -1.771989874075E-02
   -1.690878956833E-02
   -1.590897961076E-02
   -1.510408996020E-02
   -1.418879995784E-02
   -1.327212496969E-02
   -1.242720799819E-02
   -1.143944959014E-02
   -8.331879761356E-03
   -7.004304884393E-03
   -6.910387838467E-03
   -5.187225479995E-03
   -4.728488997959E-03
   -3.836722200296E-03
   -1.630850993405E-03
   -3.836722200281E-03
   -4.728488998005E-03
   -5.187225480111E-03
   -6.910387838471E-03
   -7.004304884396E-03
   -8.331879761352E-03
   -1.143944959014E-02
   -1.242720799818E-02
   -1.327212496968E-02
   -1.418879995783E-02
   -1.510408996019E-02
   -1.590897961075E-02
   -1.690878956834E-02
   -1.771989874074E-02
   -1.556638892571E-02
   -1.536543887645E-02
   -1.484175749288E-02
   -1.444080593779E-02
   -1.373012374575E-02
   -1.258533399531E-02
   -1.175899764229E-02
   -1.085500884937E-02
   -9.658349195294E-03
   -7.948528188914E-03
   -6.044094763846E-03
   -5.093367237309E-03
   -4.617381753089E-03
   -3.836722200288E-03
   -2.996309454328E-03
   -2.908670458820E-03
   -2.996309454423E-03
   -3.836722200237E-03
   -4.617381753181E-03
   -5.093367237349E-03
   -6.044094763847E-03
   -7.948528188899E-03
   -9.658349195293E-03
   -1.085500884937E-02
   -1.175899764229E-02
   -1.258533399530E-02
   -1.373012374574E-02
   -1.444080593778E-02
   -1.484175749287E-02
   -1.536543887644E-02
   -1.632487985306E-02
   -1.555519464531E-02
   -1.507113332280E-02
   -1.490043711881E-02
   -1.386375089729E-02
   -1.268861262272E-02
   -1.162671508156E-02
   -9.737181968076E-03
   -7.858651130167E-03
   -8.195193486689E-03
   -6.683692337688E-03
   -5.184086392461E-03
   -3.773628563572E-03
   -1.630850993012E-03
   -2.908670459003E-03
   -3.428978014464E-03
   -2.908670459178E-03
   -1.630850993409E-03
   -3.773628563669E-03
   -5.184086392582E-03
   -6.683692337632E-03
   -8.195193486673E-03
   -7.858651130042E-03
   -9.737181968057E-03
   -1.162671508155E-02
   -1.268861262272E-02
   -1.386375089708E-02
   -1.490043711868E-02
   -1.507113332315E-02
   -1.555519464560E-02
   -1.556638892568E-02
   -1.536543887642E-02
   -1.484175749287E-02
   -1.444080593778E-02
   -1.373012374576E-02
   -1.258533399532E-02
   -1.175899764230E-02
   -1.085500884938E-02
   -9.658349195298E-03
   -7.948528188910E-03
   -6.044094763839E-03
   -5.093367237318E-03
   -4.617381753095E-03
   -3.836722200162E-03
   -2.996309454308E-03
   -2.908670459028E-03
   -2.996309454407E-03
   -3.836722200220E-03
   -4.617381753200E-03
   -5.093367237327E-03
   -6.044094763839E-03
   -7.948528188898E-03
   -9.658349195289E-03
   -1.085500884937E-02
   -1.175899764230E-02
   -1.258533399531E-02
   -1.373012374576E-02
   -1.444080593779E-02
   -1.484175749287E-02
   -1.536543887643E-02
   -1.755117461944E-02
   -1.771989874073E-02
   -1.690878956834E-02
   -1.590897961076E-02
   -1.510408996021E-02
   -1.418879995786E-02
   -1.327212496970E-02
   -1.242720799820E-02
   -1.143944959014E-02
   -8.331879761353E-03
   -7.004304884385E-03
   -6.910387838453E-03
   -5.187225480047E-03
   -4.728488998019E-03
   -3.836722200143E-03
   -1.630850992921E-03
   -3.836722200186E-03
   -4.728488997995E-03
   -5.187225480044E-03
   -6.910387838452E-03
   -7.004304884389E-03
   -8.331879761354E-03
   -1.143944959014E-02
   -1.242720799819E-02
   -1.327212496970E-02
   -1.418879995785E-02
   -1.510408996021E-02
   -1.590897961076E-02
   -1.690878956834E-02
   -1.771989874074E-02
   -2.136660668669E-02
   -2.156844300795E-02
   -2.080965360206E-02
   -1.994973784666E-02
   -1.871025101381E-02
   -1.708557534290E-02
   -1.526307706444E-02
   -1.299052961707E-02
   -1.219281031964E-02
   -1.120414666688E-02
   -1.022876399746E-02
   -8.376601373017E-03
   -5.806346610536E-03
   -5.187225480095E-03
   -4.617381753217E-03
   -3.773628563539E-03
   -4.617381753208E-03
   -5.187225479996E-03
   -5.806346610587E-03
   -8.376601373000E-03
   -1.022876399748E-02
   -1.120414666687E-02
   -1.219281031965E-02
   -1.299052961706E-02
   -1.526307706444E-02
   -1.708557534290E-02
   -1.871025101381E-02
   -1.994973784666E-02
   -2.080965360206E-02
   -2.156844300794E-02
   -2.511102624770E-02
   -2.496823586123E-02
   -2.390155778656E-02
   -2.315592066483E-02
   -2.192695686178E-02
   -2.000663802296E-02
   -1.884946849357E-02
   -1.639384810000E-02
   -1.423029783854E-02
   -1.349938018370E-02
   -1.140467874940E-02
   -8.949012518902E-03
   -8.376601373021E-03
   -6.910387838455E-03
   -5.093367237370E-03
   -5.184086392835E-03
   -5.093367237298E-03
   -6.910387838437E-03
   -8.376601373002E-03
   -8.949012518898E-03
   -1.140467874940E-02
   -1.349938018370E-02
   -1.423029783854E-02
   -1.639384810000E-02
   -1.884946849357E-02
   -2.000663802296E-02
   -2.192695686178E-02
   -2.315592066483E-02
   -2.390155778656E-02
   -2.496823586123E-02
   -3.000181326910E-02
   -3.025959246594E-02
   -2.947860487472E-02
   -2.814345773659E-02
   -2.665697111702E-02
   -2.420494888964E-02
   -2.299500753299E-02
   -2.077613306372E-02
   -1.712601854757E-02
   -1.498514089641E-02
   -1.265069368080E-02
   -1.140467874940E-02
   -1.022876399747E-02
   -7.004304884386E-03
   -6.044094763838E-03
   -6.683692337506E-03
   -6.044094763823E-03
   -7.004304884382E-03
   -1.022876399748E-02
   -1.140467874940E-02
   -1.265069368080E-02
   -1.498514089641E-02
   -1.712601854757E-02
   -2.077613306372E-02
   -2.299500753299E-02
   -2.420494888964E-02
   -2.665697111702E-02
   -2.814345773659E-02
   -2.947860487472E-02
   -3.025959246594E-02
   -3.477452417143E-02
   -3.502145242805E-02
   -3.454301294095E-02
   -3.308531728964E-02
   -3.170916686535E-02
   -2.883802852761E-02
   -2.548736101661E-02
   -2.291722293326E-02
   -2.055558552453E-02
   -1.807567191578E-02
   -1.498514089641E-02
   -1.349938018370E-02
   -1.120414666689E-02
   -8.331879761359E-03
   -7.948528188918E-03
   -8.195193486803E-03
   -7.948528188900E-03
   -8.331879761350E-03
   -1.120414666687E-02
   -1.349938018370E-02
   -1.498514089642E-02
   -1.807567191578E-02
   -2.055558552453E-02
   -2.291722293325E-02
   -2.548736101660E-02
   -2.883802852760E-02
   -3.170916686535E-02
   -3.308531728964E-02
   -3.454301294094E-02
   -3.502145242804E-02
   -3.960132491571E-02
   -3.876915050434E-02
   -3.804388891788E-02
   -3.658625605367E-02
   -3.485853949028E-02
   -3.345143985837E-02
   -3.025840350067E-02
   -2.712554942771E-02
   -2.414336642102E-02
   -2.055558552453E-02
   -1.712601854758E-02
   -1.423029783855E-02
   -1.219281031965E-02
   -1.143944959014E-02
   -9.658349195298E-03
   -7.858651130071E-03
   -9.658349195286E-03
   -1.143944959014E-02
   -1.219281031966E-02
   -1.423029783855E-02
   -1.712601854758E-02
   -2.055558552453E-02
   -2.414336642102E-02
   -2.712554942771E-02
   -3.025840350066E-02
   -3.345143985837E-02
   -3.485853949028E-02
   -3.658625605367E-02
   -3.804388891788E-02
   -3.876915050434E-02
   -4.571043357829E-02
   -4.416023546081E-02
   -4.369980316660E-02
   -4.225290042121E-02
   -3.886063780595E-02
   -3.696944656216E-02
   -3.377307684720E-02
   -3.097844474095E-02
   -2.712554942771E-02
   -2.291722293326E-02
   -2.077613306372E-02
   -1.639384810000E-02
   -1.299052961707E-02
   -1.242720799819E-02
   -1.085500884936E-02
   -9.737181968112E-03
   -1.085500884936E-02
   -1.242720799819E-02
   -1.299052961706E-02
   -1.639384810001E-02
   -2.077613306373E-02
   -2.291722293326E-02
   -2.712554942771E-02
   -3.097844474095E-02
   -3.377307684720E-02
   -3.696944656216E-02
   -3.886063780594E-02
   -4.225290042121E-02
   -4.369980316660E-02
   -4.416023546080E-02
   -5.193833629922E-02
   -5.042250895609E-02
   -4.944181251636E-02
   -4.697282984974E-02
   -4.305491255566E-02
   -4.040991122044E-02
   -3.626433686227E-02
   -3.377307684720E-02
   -3.025840350067E-02
   -2.548736101661E-02
   -2.299500753299E-02
   -1.884946849357E-02
   -1.526307706443E-02
   -1.327212496969E-02
   -1.175899764228E-02
   -1.162671508147E-02
   -1.175899764228E-02
   -1.327212496970E-02
   -1.526307706445E-02
   -1.884946849357E-02
   -2.299500753299E-02
   -2.548736101661E-02
   -3.025840350066E-02
   -3.377307684720E-02
   -3.626433686227E-02
   -4.040991122044E-02
   -4.305491255566E-02
   -4.697282984974E-02
   -4.944181251637E-02
   -5.042250895609E-02
   -5.754511683826E-02
   -5.669375937801E-02
   -5.555776710382E-02
   -5.246205624930E-02
   -4.887617747571E-02
   -4.550247628233E-02
   -4.040991122044E-02
   -3.696944656216E-02
   -3.345143985837E-02
   -2.883802852761E-02
   -2.420494888964E-02
   -2.000663802296E-02
   -1.708557534289E-02
   -1.418879995784E-02
   -1.258533399529E-02
   -1.268861262269E-02
   -1.258533399531E-02
   -1.418879995785E-02
   -1.708557534290E-02
   -2.000663802297E-02
   -2.420494888964E-02
   -2.883802852761E-02
   -3.345143985837E-02
   -3.696944656216E-02
   -4.040991122044E-02
   -4.550247628234E-02
   -4.887617747572E-02
   -5.246205624930E-02
   -5.555776710382E-02
   -5.669375937801E-02
   -6.264316087649E-02
   -6.161541767645E-02
   -6.016920178837E-02
   -5.750692423510E-02
   -5.396445413277E-02
   -4.887617747571E-02
   -4.305491255566E-02
   -3.886063780594E-02
   -3.485853949028E-02
   -3.170916686535E-02
   -2.665697111702E-02
   -2.192695686178E-02
   -1.871025101380E-02
   -1.510408996020E-02
   -1.373012374573E-02
   -1.386375089711E-02
   -1.373012374577E-02
   -1.510408996022E-02
   -1.871025101381E-02
   -2.192695686178E-02
   -2.665697111702E-02
   -3.170916686535E-02
   -3.485853949028E-02
   -3.886063780594E-02
   -4.305491255566E-02
   -4.887617747572E-02
   -5.396445413278E-02
   -5.750692423511E-02
   -6.016920178838E-02
   -6.161541767645E-02
   -6.614434457203E-02
   -6.509316647905E-02
   -6.365254010952E-02
   -6.100605285279E-02
   -5.750692423510E-02
   -5.246205624930E-02
   -4.697282984974E-02
   -4.225290042121E-02
   -3.658625605367E-02
   -3.308531728964E-02
   -2.814345773660E-02
   -2.315592066484E-02
   -1.994973784666E-02
   -1.590897961076E-02
   -1.444080593777E-02
   -1.490043711801E-02
   -1.444080593781E-02
   -1.590897961077E-02
   -1.994973784667E-02
   -2.315592066484E-02
   -2.814345773660E-02
   -3.308531728964E-02
   -3.658625605367E-02
   -4.225290042121E-02
   -4.697282984974E-02
   -5.246205624930E-02
   -5.750692423511E-02
   -6.100605285280E-02
   -6.365254010952E-02
   -6.509316647904E-02
   -6.845729876909E-02
   -6.796462390333E-02
   -6.673751602300E-02
   -6.365254010952E-02
   -6.016920178837E-02
   -5.555776710382E-02
   -4.944181251637E-02
   -4.369980316660E-02
   -3.804388891788E-02
   -3.454301294095E-02
   -2.947860487473E-02
   -2.390155778657E-02
   -2.080965360206E-02
   -1.690878956834E-02
   -1.484175749286E-02
   -1.507113332271E-02
   -1.484175749290E-02
   -1.690878956835E-02
   -2.080965360207E-02
   -2.390155778657E-02
   -2.947860487473E-02
   -3.454301294095E-02
   -3.804388891788E-02
   -4.369980316660E-02
   -4.944181251637E-02
   -5.555776710383E-02
   -6.016920178838E-02
   -6.365254010952E-02
   -6.673751602299E-02
   -6.796462390334E-02
   -7.006711587814E-02
   -6.962729195966E-02
   -6.796462390333E-02
   -6.509316647903E-02
   -6.161541767645E-02
   -5.669375937801E-02
   -5.042250895610E-02
   -4.416023546081E-02
   -3.876915050434E-02
   -3.502145242805E-02
   -3.025959246594E-02
   -2.496823586124E-02
   -2.156844300795E-02
   -1.771989874075E-02
   -1.536543887643E-02
   -1.555519464530E-02
   -1.536543887647E-02
   -1.771989874075E-02
   -2.156844300795E-02
   -2.496823586124E-02
   -3.025959246594E-02
   -3.502145242805E-02
   -3.876915050434E-02
   -4.416023546081E-02
   -5.042250895610E-02
   -5.669375937801E-02
   -6.161541767645E-02
   -6.509316647903E-02
   -6.796462390332E-02
   -6.962729195967E-02
   -5.720832468491E-02
   -5.807177472617E-02
   -5.604357111529E-02
   -5.263356402556E-02
   -4.915022719002E-02
   -4.399792149523E-02
   -3.997665693433E-02
   -3.650146382774E-02
   -3.377823075525E-02
   -2.982302575587E-02
   -2.489719429196E-02
   -2.178504493952E-02
   -1.873700172781E-02
   -1.556638892563E-02
   -1.342191744864E-02
   -1.253295191229E-02
   -1.342191744860E-02
   -1.556638892564E-02
   -1.873700172781E-02
   -2.178504493952E-02
   -2.489719429195E-02
   -2.982302575587E-02
   -3.377823075525E-02
   -3.650146382774E-02
   -3.997665693432E-02
   -4.399792149523E-02
   -4.915022719003E-02
   -5.263356402559E-02
   -5.604357111534E-02
   -5.807177472615E-02
   -5.807177472615E-02
   -5.725693712052E-02
   -5.475476299711E-02
   -5.215037549051E-02
   -4.865373760915E-02
   -4.410416570939E-02
   -4.030792091066E-02
   -3.707810121101E-02
   -3.386312499140E-02
   -2.928174118654E-02
   -2.443136328547E-02
   -2.133455226288E-02
   -1.857350316932E-02
   -1.536543887639E-02
   -1.307506230191E-02
   -1.250471128573E-02
   -1.307506230188E-02
   -1.536543887639E-02
   -1.857350316933E-02
   -2.133455226288E-02
   -2.443136328547E-02
   -2.928174118654E-02
   -3.386312499140E-02
   -3.707810121100E-02
   -4.030792091065E-02
   -4.410416570938E-02
   -4.865373760916E-02
   -5.215037549054E-02
   -5.475476299718E-02
   -5.725693712050E-02
   -5.604357111535E-02
   -5.475476299717E-02
   -5.360945453676E-02
   -5.107849373964E-02
   -4.647551911578E-02
   -4.272624478814E-02
   -3.909806919039E-02
   -3.635880128268E-02
   -3.280080270287E-02
   -2.827732747445E-02
   -2.429722134065E-02
   -2.116021686661E-02
   -1.831635133632E-02
   -1.484175749283E-02
   -1.256571208627E-02
   -1.220441804909E-02
   -1.256571208626E-02
   -1.484175749283E-02
   -1.831635133632E-02
   -2.116021686660E-02
   -2.429722134065E-02
   -2.827732747445E-02
   -3.280080270287E-02
   -3.635880128267E-02
   -3.909806919038E-02
   -4.272624478812E-02
   -4.647551911576E-02
   -5.107849373965E-02
   -5.360945453681E-02
   -5.475476299720E-02
   -5.263356402570E-02
   -5.215037549061E-02
   -5.107849373967E-02
   -4.756369522544E-02
   -4.386588344185E-02
   -4.121883260452E-02
   -3.793994445863E-02
   -3.541915330874E-02
   -3.134394022240E-02
   -2.679469110280E-02
   -2.317540331387E-02
   -2.046179239572E-02
   -1.781742484145E-02
   -1.444080593776E-02
   -1.234313789651E-02
   -1.187129945908E-02
   -1.234313789649E-02
   -1.444080593775E-02
   -1.781742484145E-02
   -2.046179239572E-02
   -2.317540331387E-02
   -2.679469110280E-02
   -3.134394022239E-02
   -3.541915330873E-02
   -3.793994445862E-02
   -4.121883260450E-02
   -4.386588344183E-02
   -4.756369522544E-02
   -5.107849373970E-02
   -5.215037549063E-02
   -4.915022719012E-02
   -4.865373760922E-02
   -4.647551911581E-02
   -4.386588344187E-02
   -4.165575205754E-02
   -3.881288033666E-02
   -3.647263060386E-02
   -3.377007563966E-02
   -2.942038785439E-02
   -2.506989149314E-02
   -2.176668579537E-02
   -1.959045562925E-02
   -1.678505576945E-02
   -1.373012374573E-02
   -1.187741998718E-02
   -1.121623188938E-02
   -1.187741998716E-02
   -1.373012374572E-02
   -1.678505576944E-02
   -1.959045562924E-02
   -2.176668579537E-02
   -2.506989149313E-02
   -2.942038785439E-02
   -3.377007563966E-02
   -3.647263060385E-02
   -3.881288033664E-02
   -4.165575205751E-02
   -4.386588344185E-02
   -4.647551911582E-02
   -4.865373760923E-02
   -4.399792149527E-02
   -4.410416570943E-02
   -4.272624478816E-02
   -4.121883260454E-02
   -3.881288033667E-02
   -3.650679799516E-02
   -3.516382402617E-02
   -3.111716859623E-02
   -2.700067159846E-02
   -2.338896709474E-02
   -2.091318271636E-02
   -1.849066517279E-02
   -1.498007397530E-02
   -1.258533399530E-02
   -1.100981571920E-02
   -1.038760349097E-02
   -1.100981571919E-02
   -1.258533399529E-02
   -1.498007397530E-02
   -1.849066517278E-02
   -2.091318271635E-02
   -2.338896709473E-02
   -2.700067159846E-02
   -3.111716859622E-02
   -3.516382402616E-02
   -3.650679799514E-02
   -3.881288033665E-02
   -4.121883260452E-02
   -4.272624478815E-02
   -4.410416570942E-02
   -3.997665693434E-02
   -4.030792091067E-02
   -3.909806919040E-02
   -3.793994445864E-02
   -3.647263060386E-02
   -3.516382402617E-02
   -3.293410294264E-02
   -2.824978513869E-02
   -2.511764334815E-02
   -2.176319061987E-02
   -1.965636516103E-02
   -1.652937618365E-02
   -1.320003332302E-02
   -1.175899764228E-02
   -9.769222137389E-03
   -9.080726812554E-03
   -9.769222137389E-03
   -1.175899764227E-02
   -1.320003332302E-02
   -1.652937618363E-02
   -1.965636516101E-02
   -2.176319061986E-02
   -2.511764334815E-02
   -2.824978513869E-02
   -3.293410294263E-02
   -3.516382402616E-02
   -3.647263060385E-02
   -3.793994445863E-02
   -3.909806919039E-02
   -4.030792091067E-02
   -3.650146382774E-02
   -3.707810121100E-02
   -3.635880128268E-02
   -3.541915330873E-02
   -3.377007563966E-02
   -3.111716859623E-02
   -2.824978513869E-02
   -2.491733151003E-02
   -2.248122300342E-02
   -1.988780331395E-02
   -1.839202339069E-02
   -1.512245993382E-02
   -1.225567912683E-02
   -1.085500884936E-02
   -8.594905792805E-03
   -7.927722975551E-03
   -8.594905792789E-03
   -1.085500884936E-02
   -1.225567912683E-02
   -1.512245993382E-02
   -1.839202339068E-02
   -1.988780331395E-02
   -2.248122300342E-02
   -2.491733151003E-02
   -2.824978513869E-02
   -3.111716859623E-02
   -3.377007563966E-02
   -3.541915330873E-02
   -3.635880128267E-02
   -3.707810121100E-02
   -3.377823075524E-02
   -3.386312499139E-02
   -3.280080270286E-02
   -3.134394022239E-02
   -2.942038785439E-02
   -2.700067159846E-02
   -2.511764334816E-02
   -2.248122300342E-02
   -1.982097331039E-02
   -1.774762942581E-02
   -1.568544142082E-02
   -1.327944779724E-02
   -1.145661647532E-02
   -9.658349195282E-03
   -7.729907580707E-03
   -7.162882920190E-03
   -7.729907580703E-03
   -9.658349195289E-03
   -1.145661647531E-02
   -1.327944779725E-02
   -1.568544142082E-02
   -1.774762942581E-02
   -1.982097331038E-02
   -2.248122300342E-02
   -2.511764334815E-02
   -2.700067159846E-02
   -2.942038785439E-02
   -3.134394022239E-02
   -3.280080270287E-02
   -3.386312499139E-02
   -2.982302575586E-02
   -2.928174118653E-02
   -2.827732747445E-02
   -2.679469110280E-02
   -2.506989149314E-02
   -2.338896709474E-02
   -2.176319061987E-02
   -1.988780331395E-02
   -1.774762942582E-02
   -1.541731905341E-02
   -1.281071674615E-02
   -1.177878583249E-02
   -1.021121099388E-02
   -7.948528188907E-03
   -7.020629442962E-03
   -6.505651262949E-03
   -7.020629442950E-03
   -7.948528188908E-03
   -1.021121099388E-02
   -1.177878583250E-02
   -1.281071674615E-02
   -1.541731905342E-02
   -1.774762942581E-02
   -1.988780331395E-02
   -2.176319061987E-02
   -2.338896709474E-02
   -2.506989149314E-02
   -2.679469110280E-02
   -2.827732747444E-02
   -2.928174118653E-02
   -2.489719429195E-02
   -2.443136328546E-02
   -2.429722134064E-02
   -2.317540331386E-02
   -2.176668579537E-02
   -2.091318271636E-02
   -1.965636516102E-02
   -1.839202339069E-02
   -1.568544142083E-02
   -1.281071674616E-02
   -1.089187599870E-02
   -9.919579125967E-03
   -7.938187480923E-03
   -6.044094763792E-03
   -5.948261155571E-03
   -5.930577237909E-03
   -5.948261155589E-03
   -6.044094763804E-03
   -7.938187480917E-03
   -9.919579125964E-03
   -1.089187599870E-02
   -1.281071674615E-02
   -1.568544142082E-02
   -1.839202339068E-02
   -1.965636516102E-02
   -2.091318271636E-02
   -2.176668579537E-02
   -2.317540331387E-02
   -2.429722134065E-02
   -2.443136328546E-02
   -2.178504493952E-02
   -2.133455226288E-02
   -2.116021686661E-02
   -2.046179239572E-02
   -1.959045562924E-02
   -1.849066517279E-02
   -1.652937618364E-02
   -1.512245993383E-02
   -1.327944779725E-02
   -1.177878583250E-02
   -9.919579125967E-03
   -7.528801118198E-03
   -5.950638019873E-03
   -5.093367237362E-03
   -4.945181414755E-03
   -4.671550887053E-03
   -4.945181414750E-03
   -5.093367237355E-03
   -5.950638019877E-03
   -7.528801118207E-03
   -9.919579125967E-03
   -1.177878583251E-02
   -1.327944779725E-02
   -1.512245993383E-02
   -1.652937618364E-02
   -1.849066517279E-02
   -1.959045562925E-02
   -2.046179239572E-02
   -2.116021686660E-02
   -2.133455226288E-02
   -1.873700172779E-02
   -1.857350316931E-02
   -1.831635133630E-02
   -1.781742484144E-02
   -1.678505576944E-02
   -1.498007397531E-02
   -1.320003332303E-02
   -1.225567912684E-02
   -1.145661647532E-02
   -1.021121099389E-02
   -7.938187480922E-03
   -5.950638019891E-03
   -5.333262420200E-03
   -4.617381753252E-03
   -3.505901241676E-03
   -2.726651866007E-03
   -3.505901241729E-03
   -4.617381753232E-03
   -5.333262420162E-03
   -5.950638019884E-03
   -7.938187480917E-03
   -1.021121099389E-02
   -1.145661647532E-02
   -1.225567912684E-02
   -1.320003332302E-02
   -1.498007397530E-02
   -1.678505576944E-02
   -1.781742484145E-02
   -1.831635133631E-02
   -1.857350316931E-02
   -1.556638892568E-02
   -1.536543887642E-02
   -1.484175749286E-02
   -1.444080593776E-02
   -1.373012374572E-02
   -1.258533399529E-02
   -1.175899764227E-02
   -1.085500884936E-02
   -9.658349195284E-03
   -7.948528188918E-03
   -6.044094763799E-03
   -5.093367237395E-03
   -4.617381753351E-03
   -3.836722199824E-03
   -2.996309453722E-03
   -2.908670459120E-03
   -2.996309453763E-03
   -3.836722199870E-03
   -4.617381753184E-03
   -5.093367237373E-03
   -6.044094763805E-03
   -7.948528188928E-03
   -9.658349195303E-03
   -1.085500884938E-02
   -1.175899764228E-02
   -1.258533399530E-02
   -1.373012374574E-02
   -1.444080593776E-02
   -1.484175749284E-02
   -1.536543887642E-02
   -1.342191744864E-02
   -1.307506230189E-02
   -1.256571208625E-02
   -1.234313789647E-02
   -1.187741998713E-02
   -1.100981571917E-02
   -9.769222137375E-03
   -8.594905792781E-03
   -7.729907580698E-03
   -7.020629442971E-03
   -5.948261155624E-03
   -4.945181414893E-03
   -3.505901241772E-03
   -2.996309453742E-03
   -2.897251089096E-03
   -1.717980469703E-03
   -2.897251089019E-03
   -2.996309453742E-03
   -3.505901241604E-03
   -4.945181414753E-03
   -5.948261155626E-03
   -7.020629442969E-03
   -7.729907580741E-03
   -8.594905792798E-03
   -9.769222137386E-03
   -1.100981571917E-02
   -1.187741998716E-02
   -1.234313789648E-02
   -1.256571208625E-02
   -1.307506230190E-02
   -1.253295191224E-02
   -1.250471128742E-02
   -1.220441805073E-02
   -1.187129945924E-02
   -1.121623188905E-02
   -1.038760349085E-02
   -9.080726812511E-03
   -7.927722975407E-03
   -7.162882920058E-03
   -6.505651262953E-03
   -5.930577237975E-03
   -4.671550887130E-03
   -2.726651866082E-03
   -2.908670459220E-03
   -1.717980469657E-03
   -1.468514527592E-04
   -1.717980469604E-03
   -2.908670459020E-03
   -2.726651865973E-03
   -4.671550887016E-03
   -5.930577237969E-03
   -6.505651262959E-03
   -7.162882920357E-03
   -7.927722975566E-03
   -9.080726812542E-03
   -1.038760349087E-02
   -1.121623188949E-02
   -1.187129945955E-02
   -1.220441805006E-02
   -1.250471128684E-02
   -1.342191744875E-02
   -1.307506230199E-02
   -1.256571208630E-02
   -1.234313789649E-02
   -1.187741998711E-02
   -1.100981571914E-02
   -9.769222137349E-03
   -8.594905792759E-03
   -7.729907580678E-03
   -7.020629442965E-03
   -5.948261155623E-03
   -4.945181414881E-03
   -3.505901241758E-03
   -2.996309453771E-03
   -2.897251089142E-03
   -1.717980469793E-03
   -2.897251089096E-03
   -2.996309453837E-03
   -3.505901241725E-03
   -4.945181414817E-03
   -5.948261155661E-03
   -7.020629442978E-03
   -7.729907580752E-03
   -8.594905792789E-03
   -9.769222137383E-03
   -1.100981571916E-02
   -1.187741998715E-02
   -1.234313789648E-02
   -1.256571208630E-02
   -1.307506230198E-02
   -1.556638892567E-02
   -1.536543887641E-02
   -1.484175749282E-02
   -1.444080593773E-02
   -1.373012374570E-02
   -1.258533399527E-02
   -1.175899764226E-02
   -1.085500884935E-02
   -9.658349195277E-03
   -7.948528188914E-03
   -6.044094763809E-03
   -5.093367237403E-03
   -4.617381753382E-03
   -3.836722199908E-03
   -2.996309453779E-03
   -2.908670459135E-03
   -2.996309453822E-03
   -3.836722199886E-03
   -4.617381753298E-03
   -5.093367237402E-03
   -6.044094763805E-03
   -7.948528188921E-03
   -9.658349195287E-03
   -1.085500884936E-02
   -1.175899764227E-02
   -1.258533399528E-02
   -1.373012374572E-02
   -1.444080593776E-02
   -1.484175749285E-02
   -1.536543887641E-02
   -1.873700172782E-02
   -1.857350316934E-02
   -1.831635133634E-02
   -1.781742484145E-02
   -1.678505576943E-02
   -1.498007397529E-02
   -1.320003332301E-02
   -1.225567912682E-02
   -1.145661647531E-02
   -1.021121099388E-02
   -7.938187480912E-03
   -5.950638019878E-03
   -5.333262420185E-03
   -4.617381753291E-03
   -3.505901241715E-03
   -2.726651865947E-03
   -3.505901241811E-03
   -4.617381753398E-03
   -5.333262420209E-03
   -5.950638019883E-03
   -7.938187480915E-03
   -1.021121099388E-02
   -1.145661647531E-02
   -1.225567912683E-02
   -1.320003332301E-02
   -1.498007397529E-02
   -1.678505576944E-02
   -1.781742484145E-02
   -1.831635133632E-02
   -1.857350316934E-02
   -2.178504493953E-02
   -2.133455226289E-02
   -2.116021686660E-02
   -2.046179239572E-02
   -1.959045562923E-02
   -1.849066517277E-02
   -1.652937618362E-02
   -1.512245993381E-02
   -1.327944779724E-02
   -1.177878583250E-02
   -9.919579125960E-03
   -7.528801118204E-03
   -5.950638019878E-03
   -5.093367237382E-03
   -4.945181414794E-03
   -4.671550887166E-03
   -4.945181414911E-03
   -5.093367237412E-03
   -5.950638019887E-03
   -7.528801118192E-03
   -9.919579125964E-03
   -1.177878583249E-02
   -1.327944779724E-02
   -1.512245993382E-02
   -1.652937618363E-02
   -1.849066517277E-02
   -1.959045562924E-02
   -2.046179239572E-02
   -2.116021686661E-02
   -2.133455226289E-02
   -2.489719429196E-02
   -2.443136328548E-02
   -2.429722134066E-02
   -2.317540331388E-02
   -2.176668579537E-02
   -2.091318271635E-02
   -1.965636516100E-02
   -1.839202339066E-02
   -1.568544142081E-02
   -1.281071674615E-02
   -1.089187599869E-02
   -9.919579125962E-03
   -7.938187480914E-03
   -6.044094763816E-03
   -5.948261155639E-03
   -5.930577238003E-03
   -5.948261155666E-03
   -6.044094763811E-03
   -7.938187480923E-03
   -9.919579125965E-03
   -1.089187599870E-02
   -1.281071674615E-02
   -1.568544142082E-02
   -1.839202339067E-02
   -1.965636516101E-02
   -2.091318271635E-02
   -2.176668579537E-02
   -2.317540331387E-02
   -2.429722134066E-02
   -2.443136328548E-02
   -2.982302575587E-02
   -2.928174118654E-02
   -2.827732747445E-02
   -2.679469110280E-02
   -2.506989149313E-02
   -2.338896709473E-02
   -2.176319061986E-02
   -1.988780331394E-02
   -1.774762942580E-02
   -1.541731905341E-02
   -1.281071674615E-02
   -1.177878583250E-02
   -1.021121099388E-02
   -7.948528188921E-03
   -7.020629442964E-03
   -6.505651262979E-03
   -7.020629442999E-03
   -7.948528188924E-03
   -1.021121099389E-02
   -1.177878583249E-02
   -1.281071674615E-02
   -1.541731905341E-02
   -1.774762942580E-02
   -1.988780331394E-02
   -2.176319061986E-02
   -2.338896709474E-02
   -2.506989149314E-02
   -2.679469110280E-02
   -2.827732747445E-02
   -2.928174118654E-02
   -3.377823075525E-02
   -3.386312499140E-02
   -3.280080270287E-02
   -3.134394022239E-02
   -2.942038785439E-02
   -2.700067159846E-02
   -2.511764334815E-02
   -2.248122300342E-02
   -1.982097331038E-02
   -1.774762942580E-02
   -1.568544142081E-02
   -1.327944779724E-02
   -1.145661647531E-02
   -9.658349195294E-03
   -7.729907580707E-03
   -7.162882920116E-03
   -7.729907580728E-03
   -9.658349195283E-03
   -1.145661647532E-02
   -1.327944779724E-02
   -1.568544142082E-02
   -1.774762942580E-02
   -1.982097331039E-02
   -2.248122300342E-02
   -2.511764334815E-02
   -2.700067159846E-02
   -2.942038785439E-02
   -3.134394022239E-02
   -3.280080270287E-02
   -3.386312499140E-02
   -3.650146382775E-02
   -3.707810121100E-02
   -3.635880128267E-02
   -3.541915330873E-02
   -3.377007563966E-02
   -3.111716859622E-02
   -2.824978513869E-02
   -2.491733151003E-02
   -2.248122300342E-02
   -1.988780331395E-02
   -1.839202339067E-02
   -1.512245993382E-02
   -1.225567912683E-02
   -1.085500884937E-02
   -8.594905792790E-03
   -7.927722975468E-03
   -8.594905792796E-03
   -1.085500884936E-02
   -1.225567912683E-02
   -1.512245993382E-02
   -1.839202339068E-02
   -1.988780331395E-02
   -2.248122300342E-02
   -2.491733151003E-02
   -2.824978513869E-02
   -3.111716859623E-02
   -3.377007563966E-02
   -3.541915330873E-02
   -3.635880128268E-02
   -3.707810121101E-02
   -3.997665693433E-02
   -4.030792091067E-02
   -3.909806919039E-02
   -3.793994445863E-02
   -3.647263060385E-02
   -3.516382402616E-02
   -3.293410294263E-02
   -2.824978513869E-02
   -2.511764334815E-02
   -2.176319061987E-02
   -1.965636516101E-02
   -1.652937618363E-02
   -1.320003332302E-02
   -1.175899764228E-02
   -9.769222137395E-03
   -9.080726812559E-03
   -9.769222137387E-03
   -1.175899764227E-02
   -1.320003332302E-02
   -1.652937618363E-02
   -1.965636516102E-02
   -2.176319061987E-02
   -2.511764334816E-02
   -2.824978513870E-02
   -3.293410294264E-02
   -3.516382402616E-02
   -3.647263060385E-02
   -3.793994445863E-02
   -3.909806919039E-02
   -4.030792091066E-02
   -4.399792149522E-02
   -4.410416570938E-02
   -4.272624478813E-02
   -4.121883260452E-02
   -3.881288033666E-02
   -3.650679799515E-02
   -3.516382402617E-02
   -3.111716859623E-02
   -2.700067159846E-02
   -2.338896709474E-02
   -2.091318271636E-02
   -1.849066517278E-02
   -1.498007397530E-02
   -1.258533399529E-02
   -1.100981571919E-02
   -1.038760349094E-02
   -1.100981571917E-02
   -1.258533399528E-02
   -1.498007397529E-02
   -1.849066517278E-02
   -2.091318271636E-02
   -2.338896709474E-02
   -2.700067159847E-02
   -3.111716859623E-02
   -3.516382402616E-02
   -3.650679799515E-02
   -3.881288033665E-02
   -4.121883260451E-02
   -4.272624478812E-02
   -4.410416570938E-02
   -4.915022719000E-02
   -4.865373760914E-02
   -4.647551911576E-02
   -4.386588344184E-02
   -4.165575205753E-02
   -3.881288033666E-02
   -3.647263060386E-02
   -3.377007563966E-02
   -2.942038785439E-02
   -2.506989149314E-02
   -2.176668579537E-02
   -1.959045562924E-02
   -1.678505576945E-02
   -1.373012374572E-02
   -1.187741998716E-02
   -1.121623188936E-02
   -1.187741998712E-02
   -1.373012374571E-02
   -1.678505576944E-02
   -1.959045562924E-02
   -2.176668579537E-02
   -2.506989149314E-02
   -2.942038785440E-02
   -3.377007563966E-02
   -3.647263060385E-02
   -3.881288033665E-02
   -4.165575205751E-02
   -4.386588344182E-02
   -4.647551911575E-02
   -4.865373760913E-02
   -5.263356402554E-02
   -5.215037549047E-02
   -5.107849373960E-02
   -4.756369522542E-02
   -4.386588344185E-02
   -4.121883260452E-02
   -3.793994445863E-02
   -3.541915330873E-02
   -3.134394022239E-02
   -2.679469110280E-02
   -2.317540331387E-02
   -2.046179239572E-02
   -1.781742484146E-02
   -1.444080593775E-02
   -1.234313789652E-02
   -1.187129946081E-02
   -1.234313789645E-02
   -1.444080593775E-02
   -1.781742484145E-02
   -2.046179239572E-02
   -2.317540331387E-02
   -2.679469110280E-02
   -3.134394022239E-02
   -3.541915330873E-02
   -3.793994445863E-02
   -4.121883260451E-02
   -4.386588344183E-02
   -4.756369522540E-02
   -5.107849373960E-02
   -5.215037549048E-02
   -5.604357111527E-02
   -5.475476299710E-02
   -5.360945453669E-02
   -5.107849373961E-02
   -4.647551911578E-02
   -4.272624478813E-02
   -3.909806919039E-02
   -3.635880128267E-02
   -3.280080270287E-02
   -2.827732747445E-02
   -2.429722134065E-02
   -2.116021686660E-02
   -1.831635133633E-02
   -1.484175749283E-02
   -1.256571208628E-02
   -1.220441805090E-02
   -1.256571208623E-02
   -1.484175749284E-02
   -1.831635133632E-02
   -2.116021686661E-02
   -2.429722134065E-02
   -2.827732747445E-02
   -3.280080270286E-02
   -3.635880128267E-02
   -3.909806919038E-02
   -4.272624478812E-02
   -4.647551911577E-02
   -5.107849373961E-02
   -5.360945453674E-02
   -5.475476299710E-02
   -5.807177472619E-02
   -5.725693712055E-02
   -5.475476299709E-02
   -5.215037549050E-02
   -4.865373760915E-02
   -4.410416570939E-02
   -4.030792091066E-02
   -3.707810121100E-02
   -3.386312499140E-02
   -2.928174118653E-02
   -2.443136328547E-02
   -2.133455226288E-02
   -1.857350316933E-02
   -1.536543887640E-02
   -1.307506230193E-02
   -1.250471128737E-02
   -1.307506230187E-02
   -1.536543887641E-02
   -1.857350316932E-02
   -2.133455226288E-02
   -2.443136328547E-02
   -2.928174118654E-02
   -3.386312499139E-02
   -3.707810121100E-02
   -4.030792091065E-02
   -4.410416570938E-02
   -4.865373760916E-02
   -5.215037549053E-02
   -5.475476299714E-02
   -5.725693712052E-02
    1.078036548018E-02
   -1.471352473090E-02
   -7.248396064349E-02
   -4.506264330018E-02
   -1.984174982581E-02
   -2.439056601905E-02
   -2.528779159223E-02
   -2.798228664101E-02
   -2.638760339252E-02
   -2.621414183723E-02
   -2.314190685639E-02
   -2.083686550445E-02
   -1.545235122001E-02
   -1.632487985307E-02
   -1.253295191238E-02
   -4.420156020478E-02
   -1.253295191239E-02
   -1.632487985306E-02
   -1.545235122001E-02
   -2.083686550445E-02
   -2.314190685639E-02
   -2.621414183723E-02
   -2.638760339252E-02
   -2.798228664101E-02
   -2.528779159222E-02
   -2.439056601905E-02
   -1.984174982579E-02
   -4.506264330023E-02
   -7.248396064346E-02
   -1.471352473089E-02
   -1.471352473100E-02
   -6.145809888650E-02
   -7.244389363546E-02
   -3.363032241290E-02
   -2.244178236365E-02
   -2.433699886274E-02
   -2.774981637806E-02
   -2.884136722286E-02
   -2.790101875452E-02
   -2.504165384436E-02
   -2.273101970465E-02
   -1.964980929581E-02
   -1.546757984100E-02
   -1.555519464572E-02
   -1.250471128679E-02
   -4.960798221495E-03
   -1.250471128692E-02
   -1.555519464569E-02
   -1.546757984103E-02
   -1.964980929579E-02
   -2.273101970467E-02
   -2.504165384435E-02
   -2.790101875453E-02
   -2.884136722285E-02
   -2.774981637807E-02
   -2.433699886273E-02
   -2.244178236366E-02
   -3.363032241292E-02
   -7.244389363542E-02
   -6.145809888653E-02
   -7.248396064350E-02
   -7.244389363543E-02
   -4.365040948231E-02
   -2.354231913265E-02
   -2.262961996634E-02
   -2.445736525527E-02
   -2.670691600399E-02
   -2.752559919650E-02
   -2.746910079328E-02
   -2.481342690276E-02
   -2.314689846354E-02
   -1.944984084120E-02
   -1.536958676942E-02
   -1.507113332308E-02
   -1.220441805024E-02
   -6.125336559688E-03
   -1.220441805044E-02
   -1.507113332299E-02
   -1.536958676948E-02
   -1.944984084117E-02
   -2.314689846358E-02
   -2.481342690274E-02
   -2.746910079330E-02
   -2.752559919649E-02
   -2.670691600401E-02
   -2.445736525526E-02
   -2.262961996635E-02
   -2.354231913268E-02
   -4.365040948232E-02
   -7.244389363540E-02
   -4.506264330011E-02
   -3.363032241285E-02
   -2.354231913264E-02
   -2.197380387592E-02
   -2.417061768185E-02
   -2.693828461083E-02
   -2.717402023513E-02
   -2.739621557752E-02
   -2.704446220748E-02
   -2.487905041412E-02
   -2.211896019035E-02
   -1.806541179703E-02
   -1.458741439059E-02
   -1.490043711847E-02
   -1.187129946012E-02
    3.266393614140E-03
   -1.187129946076E-02
   -1.490043711816E-02
   -1.458741439079E-02
   -1.806541179689E-02
   -2.211896019047E-02
   -2.487905041403E-02
   -2.704446220755E-02
   -2.739621557747E-02
   -2.717402023518E-02
   -2.693828461079E-02
   -2.417061768186E-02
   -2.197380387587E-02
   -2.354231913267E-02
   -3.363032241288E-02
   -1.984174982580E-02
   -2.244178236364E-02
   -2.262961996634E-02
   -2.417061768186E-02
   -2.678040925543E-02
   -2.739609057717E-02
   -2.820741962781E-02
   -2.777950358846E-02
   -2.628398486395E-02
   -2.382097752965E-02
   -2.033245528055E-02
   -1.690368000100E-02
   -1.403390182397E-02
   -1.386375089714E-02
   -1.121623188931E-02
    1.025873360151E-02
   -1.121623188948E-02
   -1.386375089703E-02
   -1.403390182402E-02
   -1.690368000096E-02
   -2.033245528059E-02
   -2.382097752963E-02
   -2.628398486398E-02
   -2.777950358844E-02
   -2.820741962784E-02
   -2.739609057717E-02
   -2.678040925543E-02
   -2.417061768185E-02
   -2.262961996634E-02
   -2.244178236366E-02
   -2.439056601910E-02
   -2.433699886281E-02
   -2.445736525531E-02
   -2.693828461085E-02
   -2.739609057716E-02
   -2.601487873549E-02
   -2.744860894013E-02
   -2.550943168978E-02
   -2.434760096636E-02
   -2.263804950909E-02
   -1.919135456636E-02
   -1.656421821371E-02
   -1.393588905996E-02
   -1.268861262278E-02
   -1.038760349083E-02
   -9.640031787909E-03
   -1.038760349086E-02
   -1.268861262276E-02
   -1.393588905996E-02
   -1.656421821370E-02
   -1.919135456637E-02
   -2.263804950909E-02
   -2.434760096636E-02
   -2.550943168978E-02
   -2.744860894014E-02
   -2.601487873551E-02
   -2.739609057717E-02
   -2.693828461081E-02
   -2.445736525529E-02
   -2.433699886281E-02
   -2.528779159221E-02
   -2.774981637801E-02
   -2.670691600394E-02
   -2.717402023510E-02
   -2.820741962781E-02
   -2.744860894013E-02
   -2.737489260826E-02
   -2.458456731968E-02
   -2.405654403657E-02
   -2.072045653503E-02
   -1.605533085969E-02
   -1.470127198501E-02
   -1.388002842904E-02
   -1.162671508146E-02
   -9.080726812572E-03
   -6.458033306147E-03
   -9.080726812570E-03
   -1.162671508144E-02
   -1.388002842903E-02
   -1.470127198501E-02
   -1.605533085970E-02
   -2.072045653503E-02
   -2.405654403657E-02
   -2.458456731968E-02
   -2.737489260827E-02
   -2.744860894014E-02
   -2.820741962783E-02
   -2.717402023516E-02
   -2.670691600399E-02
   -2.774981637804E-02
   -2.798228664101E-02
   -2.884136722291E-02
   -2.752559919653E-02
   -2.739621557753E-02
   -2.777950358844E-02
   -2.550943168978E-02
   -2.458456731968E-02
   -2.302619482329E-02
   -2.162650999445E-02
   -1.787743687205E-02
   -1.486638355032E-02
   -1.440758723875E-02
   -1.325699692827E-02
   -9.737181968214E-03
   -7.927722975398E-03
   -1.110851700887E-02
   -7.927722975406E-03
   -9.737181968220E-03
   -1.325699692828E-02
   -1.440758723875E-02
   -1.486638355032E-02
   -1.787743687205E-02
   -2.162650999444E-02
   -2.302619482329E-02
   -2.458456731968E-02
   -2.550943168978E-02
   -2.777950358845E-02
   -2.739621557750E-02
   -2.752559919651E-02
   -2.884136722290E-02
   -2.638760339252E-02
   -2.790101875445E-02
   -2.746910079321E-02
   -2.704446220745E-02
   -2.628398486396E-02
   -2.434760096635E-02
   -2.405654403658E-02
   -2.162650999445E-02
   -1.812373776689E-02
   -1.599320629097E-02
   -1.442310599602E-02
   -1.278776391406E-02
   -1.072107000815E-02
   -7.858651130040E-03
   -7.162882920169E-03
   -6.101682082139E-03
   -7.162882920110E-03
   -7.858651130054E-03
   -1.072107000813E-02
   -1.278776391407E-02
   -1.442310599601E-02
   -1.599320629098E-02
   -1.812373776688E-02
   -2.162650999445E-02
   -2.405654403657E-02
   -2.434760096635E-02
   -2.628398486396E-02
   -2.704446220751E-02
   -2.746910079326E-02
   -2.790101875447E-02
   -2.621414183722E-02
   -2.504165384445E-02
   -2.481342690283E-02
   -2.487905041415E-02
   -2.382097752965E-02
   -2.263804950909E-02
   -2.072045653504E-02
   -1.787743687205E-02
   -1.599320629098E-02
   -1.515858607865E-02
   -1.310715944882E-02
   -1.037728010174E-02
   -8.422111447938E-03
   -8.195193487015E-03
   -6.505651262919E-03
   -4.732778511796E-03
   -6.505651262905E-03
   -8.195193487032E-03
   -8.422111447948E-03
   -1.037728010174E-02
   -1.310715944882E-02
   -1.515858607865E-02
   -1.599320629096E-02
   -1.787743687204E-02
   -2.072045653503E-02
   -2.263804950908E-02
   -2.382097752964E-02
   -2.487905041408E-02
   -2.481342690277E-02
   -2.504165384441E-02
   -2.314190685640E-02
   -2.273101970453E-02
   -2.314689846345E-02
   -2.211896019032E-02
   -2.033245528057E-02
   -1.919135456637E-02
   -1.605533085970E-02
   -1.486638355032E-02
   -1.442310599601E-02
   -1.310715944882E-02
   -1.182263563843E-02
   -9.377592544345E-03
   -6.605703509319E-03
   -6.683692337424E-03
   -5.930577238258E-03
   -2.879692364801E-03
   -5.930577238206E-03
   -6.683692337407E-03
   -6.605703509301E-03
   -9.377592544346E-03
   -1.182263563843E-02
   -1.310715944883E-02
   -1.442310599602E-02
   -1.486638355032E-02
   -1.605533085969E-02
   -1.919135456636E-02
   -2.033245528056E-02
   -2.211896019039E-02
   -2.314689846352E-02
   -2.273101970458E-02
   -2.083686550444E-02
   -1.964980929597E-02
   -1.944984084133E-02
   -1.806541179709E-02
   -1.690368000100E-02
   -1.656421821371E-02
   -1.470127198500E-02
   -1.440758723874E-02
   -1.278776391407E-02
   -1.037728010174E-02
   -9.377592544346E-03
   -7.777121378923E-03
   -5.564985551483E-03
   -5.184086393645E-03
   -4.671550887212E-03
   -4.866530695510E-03
   -4.671550887195E-03
   -5.184086393670E-03
   -5.564985551513E-03
   -7.777121378924E-03
   -9.377592544350E-03
   -1.037728010174E-02
   -1.278776391406E-02
   -1.440758723875E-02
   -1.470127198501E-02
   -1.656421821371E-02
   -1.690368000100E-02
   -1.806541179698E-02
   -1.944984084124E-02
   -1.964980929591E-02
   -1.545235122002E-02
   -1.546757984077E-02
   -1.536958676924E-02
   -1.458741439051E-02
   -1.403390182397E-02
   -1.393588905995E-02
   -1.388002842903E-02
   -1.325699692827E-02
   -1.072107000813E-02
   -8.422111447946E-03
   -6.605703509311E-03
   -5.564985551495E-03
   -6.104783878838E-03
   -3.773628563736E-03
   -2.726651865859E-03
   -3.977867733217E-03
   -2.726651865784E-03
   -3.773628563719E-03
   -6.104783878833E-03
   -5.564985551455E-03
   -6.605703509338E-03
   -8.422111447935E-03
   -1.072107000817E-02
   -1.325699692827E-02
   -1.388002842904E-02
   -1.393588905995E-02
   -1.403390182398E-02
   -1.458741439066E-02
   -1.536958676938E-02
   -1.546757984086E-02
   -1.632487985305E-02
   -1.555519464606E-02
   -1.507113332334E-02
   -1.490043711858E-02
   -1.386375089712E-02
   -1.268861262276E-02
   -1.162671508146E-02
   -9.737181968207E-03
   -7.858651130069E-03
   -8.195193486995E-03
   -6.683692337444E-03
   -5.184086393572E-03
   -3.773628563720E-03
   -1.630850992058E-03
   -2.908670459208E-03
   -3.428978012029E-03
   -2.908670459140E-03
   -1.630850991954E-03
   -3.773628563747E-03
   -5.184086393574E-03
   -6.683692337438E-03
   -8.195193486990E-03
   -7.858651130039E-03
   -9.737181968207E-03
   -1.162671508147E-02
   -1.268861262278E-02
   -1.386375089713E-02
   -1.490043711836E-02
   -1.507113332315E-02
   -1.555519464594E-02
   -1.253295191237E-02
   -1.250471128603E-02
   -1.220441804964E-02
   -1.187129945989E-02
   -1.121623188934E-02
   -1.038760349085E-02
   -9.080726812573E-03
   -7.927722975413E-03
   -7.162882920094E-03
   -6.505651262900E-03
   -5.930577238222E-03
   -4.671550887207E-03
   -2.726651865997E-03
   -2.908670459272E-03
   -1.717980470076E-03
   -1.468514542977E-04
   -1.717980470099E-03
   -2.908670459291E-03
   -2.726651866105E-03
   -4.671550887198E-03
   -5.930577238204E-03
   -6.505651262941E-03
   -7.162882920144E-03
   -7.927722975417E-03
   -9.080726812564E-03
   -1.038760349085E-02
   -1.121623188936E-02
   -1.187129946036E-02
   -1.220441805008E-02
   -1.250471128632E-02
   -4.420156020398E-02
   -4.960798220408E-03
   -6.125336560905E-03
    3.266393612964E-03
    1.025873360171E-02
   -9.640031787641E-03
   -6.458033306237E-03
   -1.110851700871E-02
   -6.101682082098E-03
   -4.732778511929E-03
   -2.879692364774E-03
   -4.866530695540E-03
   -3.977867733366E-03
   -3.428978012032E-03
   -1.468514543722E-04
   -9.175339776061E-04
   -1.468514543799E-04
   -3.428978012098E-03
   -3.977867733472E-03
   -4.866530695598E-03
   -2.879692364780E-03
   -4.732778511874E-03
   -6.101682082109E-03
   -1.110851700877E-02
   -6.458033306201E-03
   -9.640031787695E-03
    1.025873360182E-02
    3.266393613024E-03
   -6.125336560736E-03
   -4.960798220489E-03
   -1.253295191229E-02
   -1.250471128756E-02
   -1.220441805097E-02
   -1.187129946100E-02
   -1.121623188946E-02
   -1.038760349086E-02
   -9.080726812563E-03
   -7.927722975416E-03
   -7.162882920131E-03
   -6.505651262941E-03
   -5.930577238201E-03
   -4.671550887192E-03
   -2.726651866076E-03
   -2.908670459266E-03
   -1.717980470096E-03
   -1.468514543209E-04
   -1.717980470085E-03
   -2.908670459314E-03
   -2.726651866040E-03
   -4.671550887215E-03
   -5.930577238241E-03
   -6.505651262885E-03
   -7.162882920098E-03
   -7.927722975396E-03
   -9.080726812576E-03
   -1.038760349084E-02
   -1.121623188942E-02
   -1.187129946052E-02
   -1.220441805051E-02
   -1.250471128727E-02
   -1.632487985307E-02
   -1.555519464531E-02
   -1.507113332270E-02
   -1.490043711802E-02
   -1.386375089707E-02
   -1.268861262277E-02
   -1.162671508147E-02
   -9.737181968201E-03
   -7.858651130047E-03
   -8.195193486977E-03
   -6.683692337457E-03
   -5.184086393556E-03
   -3.773628563768E-03
   -1.630850992006E-03
   -2.908670459186E-03
   -3.428978012026E-03
   -2.908670459229E-03
   -1.630850991933E-03
   -3.773628563685E-03
   -5.184086393657E-03
   -6.683692337412E-03
   -8.195193487024E-03
   -7.858651130051E-03
   -9.737181968217E-03
   -1.162671508144E-02
   -1.268861262277E-02
   -1.386375089706E-02
   -1.490043711825E-02
   -1.507113332290E-02
   -1.555519464544E-02
   -1.545235122000E-02
   -1.546757984126E-02
   -1.536958676966E-02
   -1.458741439088E-02
   -1.403390182402E-02
   -1.393588905996E-02
   -1.388002842903E-02
   -1.325699692827E-02
   -1.072107000815E-02
   -8.422111447943E-03
   -6.605703509316E-03
   -5.564985551463E-03
   -6.104783878747E-03
   -3.773628563718E-03
   -2.726651865871E-03
   -3.977867733371E-03
   -2.726651865827E-03
   -3.773628563707E-03
   -6.104783878859E-03
   -5.564985551465E-03
   -6.605703509319E-03
   -8.422111447927E-03
   -1.072107000813E-02
   -1.325699692826E-02
   -1.388002842903E-02
   -1.393588905995E-02
   -1.403390182401E-02
   -1.458741439073E-02
   -1.536958676953E-02
   -1.546757984117E-02
   -2.083686550446E-02
   -1.964980929563E-02
   -1.944984084104E-02
   -1.806541179683E-02
   -1.690368000097E-02
   -1.656421821371E-02
   -1.470127198501E-02
   -1.440758723875E-02
   -1.278776391406E-02
   -1.037728010174E-02
   -9.377592544350E-03
   -7.777121378931E-03
   -5.564985551512E-03
   -5.184086393600E-03
   -4.671550887193E-03
   -4.866530695530E-03
   -4.671550887225E-03
   -5.184086393635E-03
   -5.564985551488E-03
   -7.777121378925E-03
   -9.377592544347E-03
   -1.037728010174E-02
   -1.278776391407E-02
   -1.440758723874E-02
   -1.470127198500E-02
   -1.656421821370E-02
   -1.690368000098E-02
   -1.806541179694E-02
   -1.944984084113E-02
   -1.964980929569E-02
   -2.314190685639E-02
   -2.273101970480E-02
   -2.314689846368E-02
   -2.211896019051E-02
   -2.033245528058E-02
   -1.919135456636E-02
   -1.605533085969E-02
   -1.486638355032E-02
   -1.442310599602E-02
   -1.310715944883E-02
   -1.182263563844E-02
   -9.377592544346E-03
   -6.605703509299E-03
   -6.683692337427E-03
   -5.930577238187E-03
   -2.879692364818E-03
   -5.930577238249E-03
   -6.683692337423E-03
   -6.605703509319E-03
   -9.377592544346E-03
   -1.182263563843E-02
   -1.310715944882E-02
   -1.442310599600E-02
   -1.486638355032E-02
   -1.605533085970E-02
   -1.919135456638E-02
   -2.033245528059E-02
   -2.211896019044E-02
   -2.314689846361E-02
   -2.273101970475E-02
   -2.621414183723E-02
   -2.504165384424E-02
   -2.481342690265E-02
   -2.487905041398E-02
   -2.382097752962E-02
   -2.263804950908E-02
   -2.072045653502E-02
   -1.787743687204E-02
   -1.599320629096E-02
   -1.515858607865E-02
   -1.310715944882E-02
   -1.037728010175E-02
   -8.422111447953E-03
   -8.195193487014E-03
   -6.505651262903E-03
   -4.732778511715E-03
   -6.505651262919E-03
   -8.195193487012E-03
   -8.422111447944E-03
   -1.037728010174E-02
   -1.310715944882E-02
   -1.515858607865E-02
   -1.599320629098E-02
   -1.787743687206E-02
   -2.072045653504E-02
   -2.263804950908E-02
   -2.382097752963E-02
   -2.487905041405E-02
   -2.481342690271E-02
   -2.504165384427E-02
   -2.638760339253E-02
   -2.790101875462E-02
   -2.746910079336E-02
   -2.704446220759E-02
   -2.628398486397E-02
   -2.434760096635E-02
   -2.405654403657E-02
   -2.162650999445E-02
   -1.812373776688E-02
   -1.599320629098E-02
   -1.442310599601E-02
   -1.278776391407E-02
   -1.072107000812E-02
   -7.858651130066E-03
   -7.162882920104E-03
   -6.101682082104E-03
   -7.162882920171E-03
   -7.858651130041E-03
   -1.072107000815E-02
   -1.278776391406E-02
   -1.442310599602E-02
   -1.599320629097E-02
   -1.812373776689E-02
   -2.162650999445E-02
   -2.405654403658E-02
   -2.434760096636E-02
   -2.628398486397E-02
   -2.704446220753E-02
   -2.746910079332E-02
   -2.790101875459E-02
   -2.798228664098E-02
   -2.884136722277E-02
   -2.752559919642E-02
   -2.739621557743E-02
   -2.777950358844E-02
   -2.550943168978E-02
   -2.458456731968E-02
   -2.302619482329E-02
   -2.162650999444E-02
   -1.787743687205E-02
   -1.486638355032E-02
   -1.440758723875E-02
   -1.325699692828E-02
   -9.737181968209E-03
   -7.927722975411E-03
   -1.110851700889E-02
   -7.927722975408E-03
   -9.737181968210E-03
   -1.325699692827E-02
   -1.440758723875E-02
   -1.486638355032E-02
   -1.787743687205E-02
   -2.162650999445E-02
   -2.302619482329E-02
   -2.458456731968E-02
   -2.550943168978E-02
   -2.777950358843E-02
   -2.739621557747E-02
   -2.752559919645E-02
   -2.884136722279E-02
   -2.528779159225E-02
   -2.774981637813E-02
   -2.670691600405E-02
   -2.717402023521E-02
   -2.820741962783E-02
   -2.744860894014E-02
   -2.737489260827E-02
   -2.458456731968E-02
   -2.405654403658E-02
   -2.072045653503E-02
   -1.605533085970E-02
   -1.470127198500E-02
   -1.388002842903E-02
   -1.162671508145E-02
   -9.080726812571E-03
   -6.458033306140E-03
   -9.080726812572E-03
   -1.162671508145E-02
   -1.388002842903E-02
   -1.470127198500E-02
   -1.605533085969E-02
   -2.072045653502E-02
   -2.405654403657E-02
   -2.458456731968E-02
   -2.737489260826E-02
   -2.744860894013E-02
   -2.820741962781E-02
   -2.717402023515E-02
   -2.670691600401E-02
   -2.774981637811E-02
   -2.439056601905E-02
   -2.433699886274E-02
   -2.445736525525E-02
   -2.693828461079E-02
   -2.739609057718E-02
   -2.601487873551E-02
   -2.744860894014E-02
   -2.550943168978E-02
   -2.434760096636E-02
   -2.263804950908E-02
   -1.919135456637E-02
   -1.656421821370E-02
   -1.393588905996E-02
   -1.268861262276E-02
   -1.038760349087E-02
   -9.640031788008E-03
   -1.038760349084E-02
   -1.268861262277E-02
   -1.393588905995E-02
   -1.656421821371E-02
   -1.919135456636E-02
   -2.263804950908E-02
   -2.434760096636E-02
   -2.550943168978E-02
   -2.744860894013E-02
   -2.601487873550E-02
   -2.739609057717E-02
   -2.693828461082E-02
   -2.445736525527E-02
   -2.433699886274E-02
   -1.984174982580E-02
   -2.244178236367E-02
   -2.262961996636E-02
   -2.417061768187E-02
   -2.678040925543E-02
   -2.739609057717E-02
   -2.820741962784E-02
   -2.777950358844E-02
   -2.628398486398E-02
   -2.382097752962E-02
   -2.033245528059E-02
   -1.690368000095E-02
   -1.403390182401E-02
   -1.386375089704E-02
   -1.121623188947E-02
    1.025873360153E-02
   -1.121623188931E-02
   -1.386375089712E-02
   -1.403390182397E-02
   -1.690368000099E-02
   -2.033245528056E-02
   -2.382097752964E-02
   -2.628398486395E-02
   -2.777950358845E-02
   -2.820741962781E-02
   -2.739609057717E-02
   -2.678040925543E-02
   -2.417061768189E-02
   -2.262961996636E-02
   -2.244178236365E-02
   -4.506264330009E-02
   -3.363032241291E-02
   -2.354231913265E-02
   -2.197380387585E-02
   -2.417061768187E-02
   -2.693828461080E-02
   -2.717402023518E-02
   -2.739621557747E-02
   -2.704446220755E-02
   -2.487905041403E-02
   -2.211896019045E-02
   -1.806541179691E-02
   -1.458741439076E-02
   -1.490043711821E-02
   -1.187129946068E-02
    3.266393614370E-03
   -1.187129946024E-02
   -1.490043711841E-02
   -1.458741439062E-02
   -1.806541179700E-02
   -2.211896019038E-02
   -2.487905041409E-02
   -2.704446220750E-02
   -2.739621557750E-02
   -2.717402023514E-02
   -2.693828461083E-02
   -2.417061768187E-02
   -2.197380387589E-02
   -2.354231913263E-02
   -3.363032241287E-02
   -7.248396064352E-02
   -7.244389363537E-02
   -4.365040948234E-02
   -2.354231913267E-02
   -2.262961996631E-02
   -2.445736525527E-02
   -2.670691600399E-02
   -2.752559919649E-02
   -2.746910079329E-02
   -2.481342690274E-02
   -2.314689846357E-02
   -1.944984084118E-02
   -1.536958676944E-02
   -1.507113332303E-02
   -1.220441805034E-02
   -6.125336561009E-03
   -1.220441805031E-02
   -1.507113332302E-02
   -1.536958676945E-02
   -1.944984084117E-02
   -2.314689846357E-02
   -2.481342690274E-02
   -2.746910079330E-02
   -2.752559919648E-02
   -2.670691600399E-02
   -2.445736525527E-02
   -2.262961996632E-02
   -2.354231913263E-02
   -4.365040948235E-02
   -7.244389363541E-02
   -1.471352473106E-02
   -6.145809888649E-02
   -7.244389363537E-02
   -3.363032241294E-02
   -2.244178236364E-02
   -2.433699886278E-02
   -2.774981637807E-02
   -2.884136722286E-02
   -2.790101875453E-02
   -2.504165384435E-02
   -2.273101970465E-02
   -1.964980929582E-02
   -1.546757984099E-02
   -1.555519464575E-02
   -1.250471128679E-02
   -4.960798220892E-03
   -1.250471128693E-02
   -1.555519464566E-02
   -1.546757984104E-02
   -1.964980929578E-02
   -2.273101970468E-02
   -2.504165384433E-02
   -2.790101875455E-02
   -2.884136722284E-02
   -2.774981637808E-02
   -2.433699886276E-02
   -2.244178236363E-02
   -3.363032241296E-02
   -7.244389363542E-02
   -6.145809888644E-02
   -5.720832468489E-02
   -5.807177472609E-02
   -5.604357111534E-02
   -5.263356402564E-02
   -4.915022719000E-02
   -4.399792149518E-02
   -3.997665693428E-02
   -3.650146382772E-02
   -3.377823075523E-02
   -2.982302575586E-02
   -2.489719429195E-02
   -2.178504493952E-02
   -1.873700172780E-02
   -1.556638892565E-02
   -1.342191744862E-02
   -1.253295191229E-02
   -1.342191744867E-02
   -1.556638892563E-02
   -1.873700172782E-02
   -2.178504493952E-02
   -2.489719429195E-02
   -2.982302575586E-02
   -3.377823075524E-02
   -3.650146382772E-02
   -3.997665693429E-02
   -4.399792149519E-02
   -4.915022719001E-02
   -5.263356402557E-02
   -5.604357111533E-02
   -5.807177472611E-02
   -5.807177472611E-02
   -5.725693712047E-02
   -5.475476299719E-02
   -5.215037549055E-02
   -4.865373760914E-02
   -4.410416570934E-02
   -4.030792091061E-02
   -3.707810121098E-02
   -3.386312499138E-02
   -2.928174118652E-02
   -2.443136328546E-02
   -2.133455226288E-02
   -1.857350316932E-02
   -1.536543887643E-02
   -1.307506230190E-02
   -1.250471128803E-02
   -1.307506230195E-02
   -1.536543887640E-02
   -1.857350316933E-02
   -2.133455226287E-02
   -2.443136328547E-02
   -2.928174118652E-02
   -3.386312499138E-02
   -3.707810121098E-02
   -4.030792091063E-02
   -4.410416570935E-02
   -4.865373760913E-02
   -5.215037549050E-02
   -5.475476299713E-02
   -5.725693712049E-02
   -5.604357111528E-02
   -5.475476299712E-02
   -5.360945453676E-02
   -5.107849373963E-02
   -4.647551911575E-02
   -4.272624478809E-02
   -3.909806919035E-02
   -3.635880128265E-02
   -3.280080270285E-02
   -2.827732747444E-02
   -2.429722134064E-02
   -2.116021686661E-02
   -1.831635133632E-02
   -1.484175749286E-02
   -1.256571208629E-02
   -1.220441805170E-02
   -1.256571208633E-02
   -1.484175749284E-02
   -1.831635133633E-02
   -2.116021686660E-02
   -2.429722134065E-02
   -2.827732747444E-02
   -3.280080270286E-02
   -3.635880128266E-02
   -3.909806919037E-02
   -4.272624478811E-02
   -4.647551911575E-02
   -5.107849373961E-02
   -5.360945453670E-02
   -5.475476299709E-02
   -5.263356402549E-02
   -5.215037549043E-02
   -5.107849373959E-02
   -4.756369522539E-02
   -4.386588344181E-02
   -4.121883260449E-02
   -3.793994445861E-02
   -3.541915330872E-02
   -3.134394022238E-02
   -2.679469110279E-02
   -2.317540331386E-02
   -2.046179239572E-02
   -1.781742484145E-02
   -1.444080593778E-02
   -1.234313789650E-02
   -1.187129946194E-02
   -1.234313789654E-02
   -1.444080593778E-02
   -1.781742484146E-02
   -2.046179239572E-02
   -2.317540331387E-02
   -2.679469110279E-02
   -3.134394022239E-02
   -3.541915330872E-02
   -3.793994445862E-02
   -4.121883260450E-02
   -4.386588344183E-02
   -4.756369522539E-02
   -5.107849373957E-02
   -5.215037549041E-02
   -4.915022718992E-02
   -4.865373760907E-02
   -4.647551911571E-02
   -4.386588344179E-02
   -4.165575205748E-02
   -3.881288033663E-02
   -3.647263060384E-02
   -3.377007563966E-02
   -2.942038785439E-02
   -2.506989149313E-02
   -2.176668579536E-02
   -1.959045562924E-02
   -1.678505576945E-02
   -1.373012374573E-02
   -1.187741998718E-02
   -1.121623188953E-02
   -1.187741998720E-02
   -1.373012374574E-02
   -1.678505576946E-02
   -1.959045562925E-02
   -2.176668579537E-02
   -2.506989149314E-02
   -2.942038785439E-02
   -3.377007563966E-02
   -3.647263060385E-02
   -3.881288033666E-02
   -4.165575205751E-02
   -4.386588344181E-02
   -4.647551911571E-02
   -4.865373760907E-02
   -4.399792149514E-02
   -4.410416570931E-02
   -4.272624478807E-02
   -4.121883260447E-02
   -3.881288033663E-02
   -3.650679799513E-02
   -3.516382402616E-02
   -3.111716859623E-02
   -2.700067159846E-02
   -2.338896709474E-02
   -2.091318271635E-02
   -1.849066517278E-02
   -1.498007397530E-02
   -1.258533399529E-02
   -1.100981571917E-02
   -1.038760349092E-02
   -1.100981571918E-02
   -1.258533399530E-02
   -1.498007397531E-02
   -1.849066517279E-02
   -2.091318271636E-02
   -2.338896709475E-02
   -2.700067159847E-02
   -3.111716859623E-02
   -3.516382402617E-02
   -3.650679799515E-02
   -3.881288033665E-02
   -4.121883260449E-02
   -4.272624478808E-02
   -4.410416570932E-02
   -3.997665693429E-02
   -4.030792091062E-02
   -3.909806919036E-02
   -3.793994445861E-02
   -3.647263060384E-02
   -3.516382402616E-02
   -3.293410294263E-02
   -2.824978513870E-02
   -2.511764334816E-02
   -2.176319061987E-02
   -1.965636516101E-02
   -1.652937618363E-02
   -1.320003332302E-02
   -1.175899764227E-02
   -9.769222137426E-03
   -9.080726812595E-03
   -9.769222137413E-03
   -1.175899764228E-02
   -1.320003332302E-02
   -1.652937618364E-02
   -1.965636516102E-02
   -2.176319061988E-02
   -2.511764334816E-02
   -2.824978513870E-02
   -3.293410294264E-02
   -3.516382402617E-02
   -3.647263060385E-02
   -3.793994445862E-02
   -3.909806919037E-02
   -4.030792091063E-02
   -3.650146382771E-02
   -3.707810121098E-02
   -3.635880128266E-02
   -3.541915330872E-02
   -3.377007563965E-02
   -3.111716859622E-02
   -2.824978513869E-02
   -2.491733151004E-02
   -2.248122300343E-02
   -1.988780331395E-02
   -1.839202339068E-02
   -1.512245993381E-02
   -1.225567912683E-02
   -1.085500884935E-02
   -8.594905792742E-03
   -7.927722975342E-03
   -8.594905792744E-03
   -1.085500884935E-02
   -1.225567912682E-02
   -1.512245993381E-02
   -1.839202339068E-02
   -1.988780331396E-02
   -2.248122300343E-02
   -2.491733151004E-02
   -2.824978513869E-02
   -3.111716859622E-02
   -3.377007563965E-02
   -3.541915330872E-02
   -3.635880128266E-02
   -3.707810121098E-02
   -3.377823075525E-02
   -3.386312499139E-02
   -3.280080270286E-02
   -3.134394022239E-02
   -2.942038785439E-02
   -2.700067159846E-02
   -2.511764334816E-02
   -2.248122300343E-02
   -1.982097331039E-02
   -1.774762942581E-02
   -1.568544142081E-02
   -1.327944779723E-02
   -1.145661647529E-02
   -9.658349195237E-03
   -7.729907580679E-03
   -7.162882919897E-03
   -7.729907580653E-03
   -9.658349195245E-03
   -1.145661647529E-02
   -1.327944779723E-02
   -1.568544142081E-02
   -1.774762942581E-02
   -1.982097331040E-02
   -2.248122300343E-02
   -2.511764334816E-02
   -2.700067159846E-02
   -2.942038785439E-02
   -3.134394022239E-02
   -3.280080270286E-02
   -3.386312499140E-02
   -2.982302575584E-02
   -2.928174118652E-02
   -2.827732747444E-02
   -2.679469110279E-02
   -2.506989149313E-02
   -2.338896709474E-02
   -2.176319061987E-02
   -1.988780331395E-02
   -1.774762942581E-02
   -1.541731905340E-02
   -1.281071674613E-02
   -1.177878583247E-02
   -1.021121099384E-02
   -7.948528188860E-03
   -7.020629442837E-03
   -6.505651262801E-03
   -7.020629442835E-03
   -7.948528188854E-03
   -1.021121099383E-02
   -1.177878583247E-02
   -1.281071674613E-02
   -1.541731905340E-02
   -1.774762942581E-02
   -1.988780331395E-02
   -2.176319061987E-02
   -2.338896709474E-02
   -2.506989149312E-02
   -2.679469110278E-02
   -2.827732747443E-02
   -2.928174118651E-02
   -2.489719429197E-02
   -2.443136328548E-02
   -2.429722134066E-02
   -2.317540331388E-02
   -2.176668579537E-02
   -2.091318271636E-02
   -1.965636516102E-02
   -1.839202339068E-02
   -1.568544142081E-02
   -1.281071674613E-02
   -1.089187599867E-02
   -9.919579125920E-03
   -7.938187480862E-03
   -6.044094763737E-03
   -5.948261155644E-03
   -5.930577237968E-03
   -5.948261155606E-03
   -6.044094763740E-03
   -7.938187480862E-03
   -9.919579125923E-03
   -1.089187599867E-02
   -1.281071674613E-02
   -1.568544142081E-02
   -1.839202339068E-02
   -1.965636516102E-02
   -2.091318271636E-02
   -2.176668579537E-02
   -2.317540331388E-02
   -2.429722134066E-02
   -2.443136328549E-02
   -2.178504493951E-02
   -2.133455226288E-02
   -2.116021686661E-02
   -2.046179239573E-02
   -1.959045562925E-02
   -1.849066517279E-02
   -1.652937618364E-02
   -1.512245993381E-02
   -1.327944779723E-02
   -1.177878583246E-02
   -9.919579125918E-03
   -7.528801118143E-03
   -5.950638019835E-03
   -5.093367237363E-03
   -4.945181414676E-03
   -4.671550886910E-03
   -4.945181414666E-03
   -5.093367237342E-03
   -5.950638019826E-03
   -7.528801118146E-03
   -9.919579125917E-03
   -1.177878583246E-02
   -1.327944779722E-02
   -1.512245993381E-02
   -1.652937618363E-02
   -1.849066517278E-02
   -1.959045562923E-02
   -2.046179239571E-02
   -2.116021686660E-02
   -2.133455226286E-02
   -1.873700172785E-02
   -1.857350316935E-02
   -1.831635133635E-02
   -1.781742484148E-02
   -1.678505576946E-02
   -1.498007397531E-02
   -1.320003332302E-02
   -1.225567912682E-02
   -1.145661647528E-02
   -1.021121099382E-02
   -7.938187480857E-03
   -5.950638019818E-03
   -5.333262420160E-03
   -4.617381753280E-03
   -3.505901241830E-03
   -2.726651866305E-03
   -3.505901241794E-03
   -4.617381753300E-03
   -5.333262420164E-03
   -5.950638019827E-03
   -7.938187480856E-03
   -1.021121099383E-02
   -1.145661647528E-02
   -1.225567912681E-02
   -1.320003332301E-02
   -1.498007397530E-02
   -1.678505576946E-02
   -1.781742484148E-02
   -1.831635133635E-02
   -1.857350316936E-02
   -1.556638892558E-02
   -1.536543887639E-02
   -1.484175749283E-02
   -1.444080593776E-02
   -1.373012374573E-02
   -1.258533399529E-02
   -1.175899764227E-02
   -1.085500884934E-02
   -9.658349195235E-03
   -7.948528188842E-03
   -6.044094763723E-03
   -5.093367237309E-03
   -4.617381753142E-03
   -3.836722199906E-03
   -2.996309453995E-03
   -2.908670459256E-03
   -2.996309453935E-03
   -3.836722199898E-03
   -4.617381753311E-03
   -5.093367237326E-03
   -6.044094763721E-03
   -7.948528188836E-03
   -9.658349195218E-03
   -1.085500884933E-02
   -1.175899764225E-02
   -1.258533399527E-02
   -1.373012374569E-02
   -1.444080593773E-02
   -1.484175749280E-02
   -1.536543887637E-02
   -1.342191744872E-02
   -1.307506230197E-02
   -1.256571208631E-02
   -1.234313789652E-02
   -1.187741998720E-02
   -1.100981571918E-02
   -9.769222137412E-03
   -8.594905792741E-03
   -7.729907580679E-03
   -7.020629442820E-03
   -5.948261155602E-03
   -4.945181414535E-03
   -3.505901241699E-03
   -2.996309454005E-03
   -2.897251088621E-03
   -1.717980469270E-03
   -2.897251088683E-03
   -2.996309453872E-03
   -3.505901241753E-03
   -4.945181414695E-03
   -5.948261155557E-03
   -7.020629442842E-03
   -7.729907580612E-03
   -8.594905792737E-03
   -9.769222137380E-03
   -1.100981571918E-02
   -1.187741998719E-02
   -1.234313789655E-02
   -1.256571208635E-02
   -1.307506230199E-02
   -1.253295191237E-02
   -1.250471128624E-02
   -1.220441805025E-02
   -1.187129946165E-02
   -1.121623188993E-02
   -1.038760349096E-02
   -9.080726812610E-03
   -7.927722975458E-03
   -7.162882920052E-03
   -6.505651262769E-03
   -5.930577237937E-03
   -4.671550886785E-03
   -2.726651866063E-03
   -2.908670459138E-03
   -1.717980469233E-03
   -1.468514526466E-04
   -1.717980469250E-03
   -2.908670459156E-03
   -2.726651866065E-03
   -4.671550886901E-03
   -5.930577237904E-03
   -6.505651262804E-03
   -7.162882919755E-03
   -7.927722975322E-03
   -9.080726812565E-03
   -1.038760349093E-02
   -1.121623188945E-02
   -1.187129946134E-02
   -1.220441805078E-02
   -1.250471128686E-02
   -1.342191744859E-02
   -1.307506230188E-02
   -1.256571208625E-02
   -1.234313789650E-02
   -1.187741998720E-02
   -1.100981571918E-02
   -9.769222137422E-03
   -8.594905792764E-03
   -7.729907580698E-03
   -7.020629442846E-03
   -5.948261155614E-03
   -4.945181414573E-03
   -3.505901241720E-03
   -2.996309453951E-03
   -2.897251088681E-03
   -1.717980469319E-03
   -2.897251088761E-03
   -2.996309453823E-03
   -3.505901241673E-03
   -4.945181414746E-03
   -5.948261155584E-03
   -7.020629442861E-03
   -7.729907580632E-03
   -8.594905792757E-03
   -9.769222137391E-03
   -1.100981571916E-02
   -1.187741998714E-02
   -1.234313789646E-02
   -1.256571208623E-02
   -1.307506230189E-02
   -1.556638892568E-02
   -1.536543887644E-02
   -1.484175749284E-02
   -1.444080593778E-02
   -1.373012374575E-02
   -1.258533399531E-02
   -1.175899764229E-02
   -1.085500884937E-02
   -9.658349195269E-03
   -7.948528188878E-03
   -6.044094763761E-03
   -5.093367237350E-03
   -4.617381753202E-03
   -3.836722199849E-03
   -2.996309453863E-03
   -2.908670459294E-03
   -2.996309453860E-03
   -3.836722199784E-03
   -4.617381753317E-03
   -5.093367237404E-03
   -6.044094763747E-03
   -7.948528188881E-03
   -9.658349195248E-03
   -1.085500884936E-02
   -1.175899764227E-02
   -1.258533399530E-02
   -1.373012374576E-02
   -1.444080593781E-02
   -1.484175749288E-02
   -1.536543887648E-02
   -1.873700172778E-02
   -1.857350316930E-02
   -1.831635133632E-02
   -1.781742484146E-02
   -1.678505576946E-02
   -1.498007397532E-02
   -1.320003332304E-02
   -1.225567912684E-02
   -1.145661647531E-02
   -1.021121099386E-02
   -7.938187480886E-03
   -5.950638019847E-03
   -5.333262420176E-03
   -4.617381753277E-03
   -3.505901241714E-03
   -2.726651866092E-03
   -3.505901241676E-03
   -4.617381753193E-03
   -5.333262420210E-03
   -5.950638019845E-03
   -7.938187480889E-03
   -1.021121099385E-02
   -1.145661647531E-02
   -1.225567912684E-02
   -1.320003332304E-02
   -1.498007397532E-02
   -1.678505576946E-02
   -1.781742484145E-02
   -1.831635133631E-02
   -1.857350316929E-02
   -2.178504493953E-02
   -2.133455226289E-02
   -2.116021686661E-02
   -2.046179239572E-02
   -1.959045562925E-02
   -1.849066517280E-02
   -1.652937618365E-02
   -1.512245993383E-02
   -1.327944779725E-02
   -1.177878583249E-02
   -9.919579125947E-03
   -7.528801118172E-03
   -5.950638019848E-03
   -5.093367237354E-03
   -4.945181414709E-03
   -4.671550886874E-03
   -4.945181414633E-03
   -5.093367237331E-03
   -5.950638019838E-03
   -7.528801118171E-03
   -9.919579125947E-03
   -1.177878583249E-02
   -1.327944779725E-02
   -1.512245993383E-02
   -1.652937618366E-02
   -1.849066517280E-02
   -1.959045562926E-02
   -2.046179239574E-02
   -2.116021686662E-02
   -2.133455226290E-02
   -2.489719429193E-02
   -2.443136328545E-02
   -2.429722134064E-02
   -2.317540331386E-02
   -2.176668579537E-02
   -2.091318271637E-02
   -1.965636516104E-02
   -1.839202339070E-02
   -1.568544142083E-02
   -1.281071674615E-02
   -1.089187599869E-02
   -9.919579125941E-03
   -7.938187480876E-03
   -6.044094763740E-03
   -5.948261155586E-03
   -5.930577237916E-03
   -5.948261155564E-03
   -6.044094763731E-03
   -7.938187480881E-03
   -9.919579125940E-03
   -1.089187599869E-02
   -1.281071674616E-02
   -1.568544142083E-02
   -1.839202339070E-02
   -1.965636516103E-02
   -2.091318271636E-02
   -2.176668579536E-02
   -2.317540331385E-02
   -2.429722134063E-02
   -2.443136328544E-02
   -2.982302575586E-02
   -2.928174118653E-02
   -2.827732747444E-02
   -2.679469110279E-02
   -2.506989149313E-02
   -2.338896709474E-02
   -2.176319061988E-02
   -1.988780331397E-02
   -1.774762942583E-02
   -1.541731905342E-02
   -1.281071674615E-02
   -1.177878583249E-02
   -1.021121099385E-02
   -7.948528188866E-03
   -7.020629442861E-03
   -6.505651262795E-03
   -7.020629442856E-03
   -7.948528188858E-03
   -1.021121099385E-02
   -1.177878583249E-02
   -1.281071674615E-02
   -1.541731905342E-02
   -1.774762942582E-02
   -1.988780331396E-02
   -2.176319061988E-02
   -2.338896709474E-02
   -2.506989149314E-02
   -2.679469110280E-02
   -2.827732747444E-02
   -2.928174118653E-02
   -3.377823075522E-02
   -3.386312499137E-02
   -3.280080270285E-02
   -3.134394022238E-02
   -2.942038785439E-02
   -2.700067159846E-02
   -2.511764334816E-02
   -2.248122300343E-02
   -1.982097331040E-02
   -1.774762942583E-02
   -1.568544142083E-02
   -1.327944779724E-02
   -1.145661647530E-02
   -9.658349195255E-03
   -7.729907580663E-03
   -7.162882919991E-03
   -7.729907580666E-03
   -9.658349195246E-03
   -1.145661647531E-02
   -1.327944779724E-02
   -1.568544142083E-02
   -1.774762942582E-02
   -1.982097331040E-02
   -2.248122300343E-02
   -2.511764334816E-02
   -2.700067159846E-02
   -2.942038785438E-02
   -3.134394022238E-02
   -3.280080270284E-02
   -3.386312499136E-02
   -3.650146382772E-02
   -3.707810121098E-02
   -3.635880128266E-02
   -3.541915330873E-02
   -3.377007563966E-02
   -3.111716859623E-02
   -2.824978513870E-02
   -2.491733151004E-02
   -2.248122300343E-02
   -1.988780331397E-02
   -1.839202339070E-02
   -1.512245993383E-02
   -1.225567912684E-02
   -1.085500884936E-02
   -8.594905792766E-03
   -7.927722975453E-03
   -8.594905792777E-03
   -1.085500884936E-02
   -1.225567912684E-02
   -1.512245993383E-02
   -1.839202339070E-02
   -1.988780331396E-02
   -2.248122300343E-02
   -2.491733151004E-02
   -2.824978513870E-02
   -3.111716859623E-02
   -3.377007563966E-02
   -3.541915330872E-02
   -3.635880128266E-02
   -3.707810121099E-02
   -3.997665693427E-02
   -4.030792091061E-02
   -3.909806919036E-02
   -3.793994445861E-02
   -3.647263060385E-02
   -3.516382402616E-02
   -3.293410294263E-02
   -2.824978513869E-02
   -2.511764334816E-02
   -2.176319061988E-02
   -1.965636516103E-02
   -1.652937618365E-02
   -1.320003332303E-02
   -1.175899764228E-02
   -9.769222137405E-03
   -9.080726812600E-03
   -9.769222137419E-03
   -1.175899764229E-02
   -1.320003332304E-02
   -1.652937618365E-02
   -1.965636516103E-02
   -2.176319061988E-02
   -2.511764334816E-02
   -2.824978513870E-02
   -3.293410294264E-02
   -3.516382402616E-02
   -3.647263060384E-02
   -3.793994445861E-02
   -3.909806919035E-02
   -4.030792091061E-02
   -4.399792149519E-02
   -4.410416570935E-02
   -4.272624478810E-02
   -4.121883260449E-02
   -3.881288033664E-02
   -3.650679799514E-02
   -3.516382402616E-02
   -3.111716859622E-02
   -2.700067159846E-02
   -2.338896709474E-02
   -2.091318271636E-02
   -1.849066517279E-02
   -1.498007397531E-02
   -1.258533399530E-02
   -1.100981571918E-02
   -1.038760349098E-02
   -1.100981571920E-02
   -1.258533399532E-02
   -1.498007397532E-02
   -1.849066517280E-02
   -2.091318271636E-02
   -2.338896709474E-02
   -2.700067159846E-02
   -3.111716859623E-02
   -3.516382402616E-02
   -3.650679799515E-02
   -3.881288033665E-02
   -4.121883260450E-02
   -4.272624478810E-02
   -4.410416570936E-02
   -4.915022719002E-02
   -4.865373760914E-02
   -4.647551911575E-02
   -4.386588344181E-02
   -4.165575205749E-02
   -3.881288033663E-02
   -3.647263060384E-02
   -3.377007563965E-02
   -2.942038785439E-02
   -2.506989149313E-02
   -2.176668579537E-02
   -1.959045562924E-02
   -1.678505576946E-02
   -1.373012374573E-02
   -1.187741998716E-02
   -1.121623188952E-02
   -1.187741998719E-02
   -1.373012374576E-02
   -1.678505576947E-02
   -1.959045562925E-02
   -2.176668579537E-02
   -2.506989149313E-02
   -2.942038785439E-02
   -3.377007563966E-02
   -3.647263060385E-02
   -3.881288033664E-02
   -4.165575205750E-02
   -4.386588344182E-02
   -4.647551911576E-02
   -4.865373760915E-02
   -5.263356402564E-02
   -5.215037549058E-02
   -5.107849373966E-02
   -4.756369522540E-02
   -4.386588344181E-02
   -4.121883260448E-02
   -3.793994445861E-02
   -3.541915330872E-02
   -3.134394022239E-02
   -2.679469110279E-02
   -2.317540331387E-02
   -2.046179239572E-02
   -1.781742484147E-02
   -1.444080593776E-02
   -1.234313789648E-02
   -1.187129946016E-02
   -1.234313789652E-02
   -1.444080593780E-02
   -1.781742484147E-02
   -2.046179239573E-02
   -2.317540331387E-02
   -2.679469110280E-02
   -3.134394022239E-02
   -3.541915330873E-02
   -3.793994445862E-02
   -4.121883260450E-02
   -4.386588344183E-02
   -4.756369522542E-02
   -5.107849373965E-02
   -5.215037549057E-02
   -5.604357111533E-02
   -5.475476299718E-02
   -5.360945453681E-02
   -5.107849373963E-02
   -4.647551911574E-02
   -4.272624478808E-02
   -3.909806919036E-02
   -3.635880128266E-02
   -3.280080270286E-02
   -2.827732747444E-02
   -2.429722134065E-02
   -2.116021686660E-02
   -1.831635133633E-02
   -1.484175749283E-02
   -1.256571208626E-02
   -1.220441804980E-02
   -1.256571208629E-02
   -1.484175749286E-02
   -1.831635133633E-02
   -2.116021686661E-02
   -2.429722134065E-02
   -2.827732747444E-02
   -3.280080270286E-02
   -3.635880128267E-02
   -3.909806919037E-02
   -4.272624478810E-02
   -4.647551911575E-02
   -5.107849373964E-02
   -5.360945453678E-02
   -5.475476299717E-02
   -5.807177472607E-02
   -5.725693712045E-02
   -5.475476299719E-02
   -5.215037549055E-02
   -4.865373760913E-02
   -4.410416570934E-02
   -4.030792091062E-02
   -3.707810121099E-02
   -3.386312499138E-02
   -2.928174118653E-02
   -2.443136328547E-02
   -2.133455226288E-02
   -1.857350316932E-02
   -1.536543887640E-02
   -1.307506230187E-02
   -1.250471128637E-02
   -1.307506230192E-02
   -1.536543887641E-02
   -1.857350316933E-02
   -2.133455226288E-02
   -2.443136328547E-02
   -2.928174118653E-02
   -3.386312499139E-02
   -3.707810121099E-02
   -4.030792091063E-02
   -4.410416570936E-02
   -4.865373760914E-02
   -5.215037549051E-02
   -5.475476299716E-02
   -5.725693712046E-02
   -7.045634967517E-02
   -7.006711587823E-02
   -6.845729876909E-02
   -6.614434457200E-02
   -6.264316087650E-02
   -5.754511683828E-02
   -5.193833629923E-02
   -4.571043357829E-02
   -3.960132491571E-02
   -3.477452417144E-02
   -3.000181326911E-02
   -2.511102624771E-02
   -2.136660668669E-02
   -1.755117461945E-02
   -1.556638892568E-02
   -1.632487985300E-02
   -1.556638892565E-02
   -1.755117461944E-02
   -2.136660668669E-02
   -2.511102624771E-02
   -3.000181326910E-02
   -3.477452417144E-02
   -3.960132491571E-02
   -4.571043357829E-02
   -5.193833629923E-02
   -5.754511683827E-02
   -6.264316087650E-02
   -6.614434457203E-02
   -6.845729876908E-02
   -7.006711587821E-02
   -7.006711587821E-02
   -6.962729195973E-02
   -6.796462390333E-02
   -6.509316647903E-02
   -6.161541767647E-02
   -5.669375937803E-02
   -5.042250895611E-02
   -4.416023546081E-02
   -3.876915050434E-02
   -3.502145242805E-02
   -3.025959246594E-02
   -2.496823586123E-02
   -2.156844300794E-02
   -1.771989874074E-02
   -1.536543887644E-02
   -1.555519464498E-02
   -1.536543887640E-02
   -1.771989874074E-02
   -2.156844300794E-02
   -2.496823586123E-02
   -3.025959246594E-02
   -3.502145242805E-02
   -3.876915050434E-02
   -4.416023546081E-02
   -5.042250895610E-02
   -5.669375937802E-02
   -6.161541767646E-02
   -6.509316647905E-02
   -6.796462390333E-02
   -6.962729195971E-02
   -6.845729876909E-02
   -6.796462390334E-02
   -6.673751602300E-02
   -6.365254010953E-02
   -6.016920178839E-02
   -5.555776710384E-02
   -4.944181251638E-02
   -4.369980316660E-02
   -3.804388891789E-02
   -3.454301294095E-02
   -2.947860487473E-02
   -2.390155778657E-02
   -2.080965360207E-02
   -1.690878956834E-02
   -1.484175749287E-02
   -1.507113332239E-02
   -1.484175749284E-02
   -1.690878956834E-02
   -2.080965360206E-02
   -2.390155778657E-02
   -2.947860487472E-02
   -3.454301294095E-02
   -3.804388891788E-02
   -4.369980316660E-02
   -4.944181251637E-02
   -5.555776710383E-02
   -6.016920178838E-02
   -6.365254010953E-02
   -6.673751602301E-02
   -6.796462390335E-02
   -6.614434457205E-02
   -6.509316647907E-02
   -6.365254010954E-02
   -6.100605285282E-02
   -5.750692423512E-02
   -5.246205624931E-02
   -4.697282984975E-02
   -4.225290042121E-02
   -3.658625605368E-02
   -3.308531728964E-02
   -2.814345773660E-02
   -2.315592066484E-02
   -1.994973784667E-02
   -1.590897961076E-02
   -1.444080593779E-02
   -1.490043711749E-02
   -1.444080593776E-02
   -1.590897961076E-02
   -1.994973784667E-02
   -2.315592066484E-02
   -2.814345773660E-02
   -3.308531728964E-02
   -3.658625605367E-02
   -4.225290042121E-02
   -4.697282984974E-02
   -5.246205624930E-02
   -5.750692423511E-02
   -6.100605285281E-02
   -6.365254010954E-02
   -6.509316647907E-02
   -6.264316087653E-02
   -6.161541767648E-02
   -6.016920178840E-02
   -5.750692423513E-02
   -5.396445413279E-02
   -4.887617747572E-02
   -4.305491255566E-02
   -3.886063780594E-02
   -3.485853949028E-02
   -3.170916686535E-02
   -2.665697111703E-02
   -2.192695686179E-02
   -1.871025101382E-02
   -1.510408996021E-02
   -1.373012374576E-02
   -1.386375089709E-02
   -1.373012374574E-02
   -1.510408996021E-02
   -1.871025101381E-02
   -2.192695686178E-02
   -2.665697111702E-02
   -3.170916686535E-02
   -3.485853949028E-02
   -3.886063780594E-02
   -4.305491255566E-02
   -4.887617747572E-02
   -5.396445413278E-02
   -5.750692423511E-02
   -6.016920178839E-02
   -6.161541767648E-02
   -5.754511683828E-02
   -5.669375937803E-02
   -5.555776710384E-02
   -5.246205624932E-02
   -4.887617747572E-02
   -4.550247628234E-02
   -4.040991122043E-02
   -3.696944656215E-02
   -3.345143985837E-02
   -2.883802852761E-02
   -2.420494888965E-02
   -2.000663802298E-02
   -1.708557534291E-02
   -1.418879995786E-02
   -1.258533399531E-02
   -1.268861262267E-02
   -1.258533399530E-02
   -1.418879995785E-02
   -1.708557534291E-02
   -2.000663802297E-02
   -2.420494888965E-02
   -2.883802852761E-02
   -3.345143985837E-02
   -3.696944656215E-02
   -4.040991122043E-02
   -4.550247628233E-02
   -4.887617747572E-02
   -5.246205624931E-02
   -5.555776710383E-02
   -5.669375937803E-02
   -5.193833629923E-02
   -5.042250895611E-02
   -4.944181251638E-02
   -4.697282984975E-02
   -4.305491255566E-02
   -4.040991122043E-02
   -3.626433686227E-02
   -3.377307684720E-02
   -3.025840350067E-02
   -2.548736101661E-02
   -2.299500753300E-02
   -1.884946849359E-02
   -1.526307706446E-02
   -1.327212496972E-02
   -1.175899764230E-02
   -1.162671508152E-02
   -1.175899764230E-02
   -1.327212496971E-02
   -1.526307706445E-02
   -1.884946849358E-02
   -2.299500753300E-02
   -2.548736101661E-02
   -3.025840350066E-02
   -3.377307684720E-02
   -3.626433686227E-02
   -4.040991122043E-02
   -4.305491255566E-02
   -4.697282984975E-02
   -4.944181251637E-02
   -5.042250895610E-02
   -4.571043357830E-02
   -4.416023546081E-02
   -4.369980316660E-02
   -4.225290042121E-02
   -3.886063780594E-02
   -3.696944656215E-02
   -3.377307684720E-02
   -3.097844474095E-02
   -2.712554942771E-02
   -2.291722293326E-02
   -2.077613306374E-02
   -1.639384810002E-02
   -1.299052961708E-02
   -1.242720799821E-02
   -1.085500884938E-02
   -9.737181968105E-03
   -1.085500884938E-02
   -1.242720799821E-02
   -1.299052961708E-02
   -1.639384810002E-02
   -2.077613306373E-02
   -2.291722293326E-02
   -2.712554942771E-02
   -3.097844474095E-02
   -3.377307684720E-02
   -3.696944656215E-02
   -3.886063780594E-02
   -4.225290042121E-02
   -4.369980316660E-02
   -4.416023546081E-02
   -3.960132491571E-02
   -3.876915050434E-02
   -3.804388891788E-02
   -3.658625605367E-02
   -3.485853949028E-02
   -3.345143985837E-02
   -3.025840350067E-02
   -2.712554942771E-02
   -2.414336642103E-02
   -2.055558552455E-02
   -1.712601854759E-02
   -1.423029783857E-02
   -1.219281031967E-02
   -1.143944959015E-02
   -9.658349195304E-03
   -7.858651130230E-03
   -9.658349195307E-03
   -1.143944959015E-02
   -1.219281031966E-02
   -1.423029783856E-02
   -1.712601854759E-02
   -2.055558552454E-02
   -2.414336642103E-02
   -2.712554942771E-02
   -3.025840350066E-02
   -3.345143985837E-02
   -3.485853949028E-02
   -3.658625605367E-02
   -3.804388891788E-02
   -3.876915050434E-02
   -3.477452417144E-02
   -3.502145242805E-02
   -3.454301294095E-02
   -3.308531728964E-02
   -3.170916686535E-02
   -2.883802852761E-02
   -2.548736101661E-02
   -2.291722293326E-02
   -2.055558552454E-02
   -1.807567191580E-02
   -1.498514089643E-02
   -1.349938018372E-02
   -1.120414666689E-02
   -8.331879761353E-03
   -7.948528188909E-03
   -8.195193486755E-03
   -7.948528188911E-03
   -8.331879761355E-03
   -1.120414666690E-02
   -1.349938018372E-02
   -1.498514089643E-02
   -1.807567191580E-02
   -2.055558552454E-02
   -2.291722293326E-02
   -2.548736101661E-02
   -2.883802852761E-02
   -3.170916686535E-02
   -3.308531728964E-02
   -3.454301294095E-02
   -3.502145242805E-02
   -3.000181326910E-02
   -3.025959246593E-02
   -2.947860487472E-02
   -2.814345773659E-02
   -2.665697111702E-02
   -2.420494888964E-02
   -2.299500753299E-02
   -2.077613306373E-02
   -1.712601854759E-02
   -1.498514089643E-02
   -1.265069368083E-02
   -1.140467874942E-02
   -1.022876399749E-02
   -7.004304884371E-03
   -6.044094763797E-03
   -6.683692337598E-03
   -6.044094763810E-03
   -7.004304884369E-03
   -1.022876399747E-02
   -1.140467874942E-02
   -1.265069368083E-02
   -1.498514089643E-02
   -1.712601854758E-02
   -2.077613306372E-02
   -2.299500753299E-02
   -2.420494888964E-02
   -2.665697111702E-02
   -2.814345773660E-02
   -2.947860487472E-02
   -3.025959246594E-02
   -2.511102624770E-02
   -2.496823586123E-02
   -2.390155778656E-02
   -2.315592066483E-02
   -2.192695686178E-02
   -2.000663802297E-02
   -1.884946849357E-02
   -1.639384810001E-02
   -1.423029783856E-02
   -1.349938018372E-02
   -1.140467874942E-02
   -8.949012518910E-03
   -8.376601372989E-03
   -6.910387838407E-03
   -5.093367237228E-03
   -5.184086392481E-03
   -5.093367237261E-03
   -6.910387838408E-03
   -8.376601373017E-03
   -8.949012518909E-03
   -1.140467874942E-02
   -1.349938018371E-02
   -1.423029783856E-02
   -1.639384810001E-02
   -1.884946849357E-02
   -2.000663802297E-02
   -2.192695686178E-02
   -2.315592066484E-02
   -2.390155778656E-02
   -2.496823586123E-02
   -2.136660668669E-02
   -2.156844300794E-02
   -2.080965360206E-02
   -1.994973784667E-02
   -1.871025101381E-02
   -1.708557534291E-02
   -1.526307706444E-02
   -1.299052961707E-02
   -1.219281031966E-02
   -1.120414666690E-02
   -1.022876399748E-02
   -8.376601373020E-03
   -5.806346610542E-03
   -5.187225479916E-03
   -4.617381752873E-03
   -3.773628563417E-03
   -4.617381752970E-03
   -5.187225479874E-03
   -5.806346610538E-03
   -8.376601372993E-03
   -1.022876399750E-02
   -1.120414666689E-02
   -1.219281031967E-02
   -1.299052961707E-02
   -1.526307706446E-02
   -1.708557534290E-02
   -1.871025101382E-02
   -1.994973784667E-02
   -2.080965360207E-02
   -2.156844300794E-02
   -1.755117461946E-02
   -1.771989874074E-02
   -1.690878956835E-02
   -1.590897961077E-02
   -1.510408996022E-02
   -1.418879995786E-02
   -1.327212496970E-02
   -1.242720799820E-02
   -1.143944959014E-02
   -8.331879761356E-03
   -7.004304884383E-03
   -6.910387838421E-03
   -5.187225479936E-03
   -4.728488997807E-03
   -3.836722200007E-03
   -1.630850993106E-03
   -3.836722200036E-03
   -4.728488997777E-03
   -5.187225479924E-03
   -6.910387838415E-03
   -7.004304884383E-03
   -8.331879761354E-03
   -1.143944959015E-02
   -1.242720799820E-02
   -1.327212496971E-02
   -1.418879995786E-02
   -1.510408996023E-02
   -1.590897961078E-02
   -1.690878956835E-02
   -1.771989874074E-02
   -1.556638892564E-02
   -1.536543887640E-02
   -1.484175749286E-02
   -1.444080593778E-02
   -1.373012374575E-02
   -1.258533399531E-02
   -1.175899764230E-02
   -1.085500884937E-02
   -9.658349195300E-03
   -7.948528188911E-03
   -6.044094763834E-03
   -5.093367237320E-03
   -4.617381753120E-03
   -3.836722200052E-03
   -2.996309454238E-03
   -2.908670458784E-03
   -2.996309454163E-03
   -3.836722200012E-03
   -4.617381752862E-03
   -5.093367237277E-03
   -6.044094763827E-03
   -7.948528188926E-03
   -9.658349195303E-03
   -1.085500884937E-02
   -1.175899764229E-02
   -1.258533399531E-02
   -1.373012374575E-02
   -1.444080593778E-02
   -1.484175749285E-02
   -1.536543887640E-02
   -1.632487985289E-02
   -1.555519464582E-02
   -1.507113332300E-02
   -1.490043711758E-02
   -1.386375089687E-02
   -1.268861262267E-02
   -1.162671508153E-02
   -9.737181968056E-03
   -7.858651130169E-03
   -8.195193486715E-03
   -6.683692337665E-03
   -5.184086392550E-03
   -3.773628563631E-03
   -1.630850993317E-03
   -2.908670458862E-03
   -3.428978013574E-03
   -2.908670458766E-03
   -1.630850993025E-03
   -3.773628563430E-03
   -5.184086392530E-03
   -6.683692337655E-03
   -8.195193486782E-03
   -7.858651130261E-03
   -9.737181968084E-03
   -1.162671508152E-02
   -1.268861262267E-02
   -1.386375089709E-02
   -1.490043711773E-02
   -1.507113332278E-02
   -1.555519464552E-02
   -1.556638892571E-02
   -1.536543887646E-02
   -1.484175749289E-02
   -1.444080593779E-02
   -1.373012374575E-02
   -1.258533399530E-02
   -1.175899764228E-02
   -1.085500884936E-02
   -9.658349195284E-03
   -7.948528188897E-03
   -6.044094763819E-03
   -5.093367237302E-03
   -4.617381753008E-03
   -3.836722200084E-03
   -2.996309454239E-03
   -2.908670458680E-03
   -2.996309454170E-03
   -3.836722200118E-03
   -4.617381752985E-03
   -5.093367237280E-03
   -6.044094763820E-03
   -7.948528188916E-03
   -9.658349195293E-03
   -1.085500884936E-02
   -1.175899764227E-02
   -1.258533399530E-02
   -1.373012374575E-02
   -1.444080593780E-02
   -1.484175749289E-02
   -1.536543887646E-02
   -1.755117461944E-02
   -1.771989874073E-02
   -1.690878956834E-02
   -1.590897961075E-02
   -1.510408996020E-02
   -1.418879995784E-02
   -1.327212496969E-02
   -1.242720799818E-02
   -1.143944959012E-02
   -8.331879761335E-03
   -7.004304884364E-03
   -6.910387838416E-03
   -5.187225479981E-03
   -4.728488997821E-03
   -3.836722200077E-03
   -1.630850993038E-03
   -3.836722200117E-03
   -4.728488997801E-03
   -5.187225479915E-03
   -6.910387838410E-03
   -7.004304884367E-03
   -8.331879761333E-03
   -1.143944959013E-02
   -1.242720799818E-02
   -1.327212496969E-02
   -1.418879995784E-02
   -1.510408996020E-02
   -1.590897961075E-02
   -1.690878956833E-02
   -1.771989874072E-02
   -2.136660668670E-02
   -2.156844300795E-02
   -2.080965360206E-02
   -1.994973784666E-02
   -1.871025101380E-02
   -1.708557534289E-02
   -1.526307706443E-02
   -1.299052961705E-02
   -1.219281031963E-02
   -1.120414666688E-02
   -1.022876399745E-02
   -8.376601373001E-03
   -5.806346610515E-03
   -5.187225479962E-03
   -4.617381752894E-03
   -3.773628563524E-03
   -4.617381753056E-03
   -5.187225479960E-03
   -5.806346610591E-03
   -8.376601372974E-03
   -1.022876399747E-02
   -1.120414666686E-02
   -1.219281031965E-02
   -1.299052961704E-02
   -1.526307706444E-02
   -1.708557534288E-02
   -1.871025101381E-02
   -1.994973784666E-02
   -2.080965360207E-02
   -2.156844300795E-02
   -2.511102624771E-02
   -2.496823586123E-02
   -2.390155778657E-02
   -2.315592066484E-02
   -2.192695686178E-02
   -2.000663802296E-02
   -1.884946849356E-02
   -1.639384809999E-02
   -1.423029783853E-02
   -1.349938018369E-02
   -1.140467874940E-02
   -8.949012518898E-03
   -8.376601373004E-03
   -6.910387838424E-03
   -5.093367237287E-03
   -5.184086392430E-03
   -5.093367237348E-03
   -6.910387838431E-03
   -8.376601372984E-03
   -8.949012518892E-03
   -1.140467874940E-02
   -1.349938018369E-02
   -1.423029783853E-02
   -1.639384809999E-02
   -1.884946849356E-02
   -2.000663802296E-02
   -2.192695686177E-02
   -2.315592066483E-02
   -2.390155778656E-02
   -2.496823586123E-02
   -3.000181326911E-02
   -3.025959246594E-02
   -2.947860487473E-02
   -2.814345773660E-02
   -2.665697111702E-02
   -2.420494888964E-02
   -2.299500753299E-02
   -2.077613306371E-02
   -1.712601854756E-02
   -1.498514089640E-02
   -1.265069368080E-02
   -1.140467874940E-02
   -1.022876399747E-02
   -7.004304884375E-03
   -6.044094763822E-03
   -6.683692337712E-03
   -6.044094763833E-03
   -7.004304884379E-03
   -1.022876399748E-02
   -1.140467874940E-02
   -1.265069368080E-02
   -1.498514089640E-02
   -1.712601854756E-02
   -2.077613306371E-02
   -2.299500753299E-02
   -2.420494888964E-02
   -2.665697111702E-02
   -2.814345773660E-02
   -2.947860487473E-02
   -3.025959246595E-02
   -3.477452417144E-02
   -3.502145242805E-02
   -3.454301294095E-02
   -3.308531728964E-02
   -3.170916686535E-02
   -2.883802852760E-02
   -2.548736101660E-02
   -2.291722293325E-02
   -2.055558552452E-02
   -1.807567191577E-02
   -1.498514089640E-02
   -1.349938018369E-02
   -1.120414666688E-02
   -8.331879761339E-03
   -7.948528188900E-03
   -8.195193486675E-03
   -7.948528188907E-03
   -8.331879761338E-03
   -1.120414666686E-02
   -1.349938018369E-02
   -1.498514089640E-02
   -1.807567191577E-02
   -2.055558552453E-02
   -2.291722293325E-02
   -2.548736101661E-02
   -2.883802852761E-02
   -3.170916686535E-02
   -3.308531728964E-02
   -3.454301294095E-02
   -3.502145242805E-02
   -3.960132491571E-02
   -3.876915050434E-02
   -3.804388891788E-02
   -3.658625605367E-02
   -3.485853949028E-02
   -3.345143985837E-02
   -3.025840350066E-02
   -2.712554942770E-02
   -2.414336642102E-02
   -2.055558552452E-02
   -1.712601854756E-02
   -1.423029783853E-02
   -1.219281031963E-02
   -1.143944959013E-02
   -9.658349195277E-03
   -7.858651130181E-03
   -9.658349195274E-03
   -1.143944959013E-02
   -1.219281031964E-02
   -1.423029783853E-02
   -1.712601854756E-02
   -2.055558552452E-02
   -2.414336642102E-02
   -2.712554942771E-02
   -3.025840350066E-02
   -3.345143985837E-02
   -3.485853949028E-02
   -3.658625605368E-02
   -3.804388891788E-02
   -3.876915050435E-02
   -4.571043357830E-02
   -4.416023546081E-02
   -4.369980316660E-02
   -4.225290042121E-02
   -3.886063780594E-02
   -3.696944656215E-02
   -3.377307684720E-02
   -3.097844474094E-02
   -2.712554942770E-02
   -2.291722293324E-02
   -2.077613306371E-02
   -1.639384809998E-02
   -1.299052961705E-02
   -1.242720799818E-02
   -1.085500884936E-02
   -9.737181968024E-03
   -1.085500884936E-02
   -1.242720799818E-02
   -1.299052961704E-02
   -1.639384809998E-02
   -2.077613306371E-02
   -2.291722293325E-02
   -2.712554942770E-02
   -3.097844474095E-02
   -3.377307684720E-02
   -3.696944656215E-02
   -3.886063780594E-02
   -4.225290042121E-02
   -4.369980316660E-02
   -4.416023546081E-02
   -5.193833629923E-02
   -5.042250895610E-02
   -4.944181251637E-02
   -4.697282984974E-02
   -4.305491255566E-02
   -4.040991122043E-02
   -3.626433686226E-02
   -3.377307684720E-02
   -3.025840350066E-02
   -2.548736101660E-02
   -2.299500753298E-02
   -1.884946849355E-02
   -1.526307706442E-02
   -1.327212496969E-02
   -1.175899764228E-02
   -1.162671508152E-02
   -1.175899764227E-02
   -1.327212496969E-02
   -1.526307706443E-02
   -1.884946849355E-02
   -2.299500753298E-02
   -2.548736101660E-02
   -3.025840350066E-02
   -3.377307684720E-02
   -3.626433686226E-02
   -4.040991122043E-02
   -4.305491255566E-02
   -4.697282984974E-02
   -4.944181251637E-02
   -5.042250895610E-02
   -5.754511683827E-02
   -5.669375937802E-02
   -5.555776710383E-02
   -5.246205624931E-02
   -4.887617747572E-02
   -4.550247628233E-02
   -4.040991122043E-02
   -3.696944656215E-02
   -3.345143985836E-02
   -2.883802852760E-02
   -2.420494888963E-02
   -2.000663802295E-02
   -1.708557534289E-02
   -1.418879995784E-02
   -1.258533399530E-02
   -1.268861262262E-02
   -1.258533399529E-02
   -1.418879995784E-02
   -1.708557534288E-02
   -2.000663802295E-02
   -2.420494888963E-02
   -2.883802852760E-02
   -3.345143985837E-02
   -3.696944656215E-02
   -4.040991122043E-02
   -4.550247628233E-02
   -4.887617747571E-02
   -5.246205624930E-02
   -5.555776710383E-02
   -5.669375937802E-02
   -6.264316087649E-02
   -6.161541767646E-02
   -6.016920178838E-02
   -5.750692423511E-02
   -5.396445413278E-02
   -4.887617747572E-02
   -4.305491255566E-02
   -3.886063780594E-02
   -3.485853949028E-02
   -3.170916686535E-02
   -2.665697111701E-02
   -2.192695686177E-02
   -1.871025101380E-02
   -1.510408996022E-02
   -1.373012374576E-02
   -1.386375089708E-02
   -1.373012374575E-02
   -1.510408996020E-02
   -1.871025101380E-02
   -2.192695686177E-02
   -2.665697111702E-02
   -3.170916686535E-02
   -3.485853949028E-02
   -3.886063780594E-02
   -4.305491255566E-02
   -4.887617747571E-02
   -5.396445413278E-02
   -5.750692423511E-02
   -6.016920178838E-02
   -6.161541767646E-02
   -6.614434457201E-02
   -6.509316647902E-02
   -6.365254010951E-02
   -6.100605285280E-02
   -5.750692423511E-02
   -5.246205624931E-02
   -4.697282984974E-02
   -4.225290042121E-02
   -3.658625605367E-02
   -3.308531728964E-02
   -2.814345773659E-02
   -2.315592066483E-02
   -1.994973784666E-02
   -1.590897961077E-02
   -1.444080593780E-02
   -1.490043711832E-02
   -1.444080593779E-02
   -1.590897961075E-02
   -1.994973784665E-02
   -2.315592066483E-02
   -2.814345773659E-02
   -3.308531728964E-02
   -3.658625605367E-02
   -4.225290042121E-02
   -4.697282984974E-02
   -5.246205624930E-02
   -5.750692423511E-02
   -6.100605285280E-02
   -6.365254010952E-02
   -6.509316647903E-02
   -6.845729876911E-02
   -6.796462390333E-02
   -6.673751602298E-02
   -6.365254010952E-02
   -6.016920178838E-02
   -5.555776710383E-02
   -4.944181251637E-02
   -4.369980316660E-02
   -3.804388891788E-02
   -3.454301294095E-02
   -2.947860487472E-02
   -2.390155778656E-02
   -2.080965360206E-02
   -1.690878956834E-02
   -1.484175749287E-02
   -1.507113332329E-02
   -1.484175749286E-02
   -1.690878956833E-02
   -2.080965360206E-02
   -2.390155778656E-02
   -2.947860487472E-02
   -3.454301294095E-02
   -3.804388891788E-02
   -4.369980316660E-02
   -4.944181251637E-02
   -5.555776710383E-02
   -6.016920178838E-02
   -6.365254010952E-02
   -6.673751602299E-02
   -6.796462390333E-02
   -7.006711587825E-02
   -6.962729195975E-02
   -6.796462390333E-02
   -6.509316647903E-02
   -6.161541767646E-02
   -5.669375937802E-02
   -5.042250895610E-02
   -4.416023546081E-02
   -3.876915050434E-02
   -3.502145242805E-02
   -3.025959246594E-02
   -2.496823586123E-02
   -2.156844300794E-02
   -1.771989874074E-02
   -1.536543887644E-02
   -1.555519464577E-02
   -1.536543887642E-02
   -1.771989874073E-02
   -2.156844300793E-02
   -2.496823586123E-02
   -3.025959246594E-02
   -3.502145242805E-02
   -3.876915050434E-02
   -4.416023546081E-02
   -5.042250895610E-02
   -5.669375937802E-02
   -6.161541767646E-02
   -6.509316647905E-02
   -6.796462390333E-02
   -6.962729195974E-02
   -8.405506865809E-02
   -8.248301026883E-02
   -8.041466545167E-02
   -7.737154406660E-02
   -7.156888389730E-02
   -6.655923762393E-02
   -6.179113084362E-02
   -5.568530548372E-02
   -4.826305961905E-02
   -4.076392730654E-02
   -3.606319268919E-02
   -3.044463750709E-02
   -2.395525475640E-02
   -2.136660668670E-02
   -1.873700172784E-02
   -1.545235122009E-02
   -1.873700172786E-02
   -2.136660668670E-02
   -2.395525475640E-02
   -3.044463750709E-02
   -3.606319268919E-02
   -4.076392730654E-02
   -4.826305961905E-02
   -5.568530548373E-02
   -6.179113084362E-02
   -6.655923762393E-02
   -7.156888389731E-02
   -7.737154406657E-02
   -8.041466545168E-02
   -8.248301026884E-02
   -8.248301026884E-02
   -8.194745721544E-02
   -8.001934361046E-02
   -7.587074676891E-02
   -7.070607877299E-02
   -6.582312487809E-02
   -6.016296588713E-02
   -5.400463896851E-02
   -4.728942759685E-02
   -4.079621138035E-02
   -3.612021218095E-02
   -3.051195014398E-02
   -2.436188849663E-02
   -2.156844300796E-02
   -1.857350316935E-02
   -1.546757984144E-02
   -1.857350316937E-02
   -2.156844300796E-02
   -2.436188849663E-02
   -3.051195014398E-02
   -3.612021218095E-02
   -4.079621138035E-02
   -4.728942759685E-02
   -5.400463896851E-02
   -6.016296588714E-02
   -6.582312487809E-02
   -7.070607877300E-02
   -7.587074676889E-02
   -8.001934361046E-02
   -8.194745721546E-02
   -8.041466545166E-02
   -8.001934361045E-02
   -7.748671865736E-02
   -7.317872777170E-02
   -6.953413627951E-02
   -6.481343987446E-02
   -5.905087992254E-02
   -5.321936466127E-02
   -4.636247607076E-02
   -4.016281802600E-02
   -3.485404452497E-02
   -2.935672336074E-02
   -2.359902146364E-02
   -2.080965360207E-02
   -1.831635133634E-02
   -1.536958676989E-02
   -1.831635133636E-02
   -2.080965360207E-02
   -2.359902146364E-02
   -2.935672336074E-02
   -3.485404452497E-02
   -4.016281802600E-02
   -4.636247607077E-02
   -5.321936466128E-02
   -5.905087992254E-02
   -6.481343987446E-02
   -6.953413627951E-02
   -7.317872777170E-02
   -7.748671865735E-02
   -8.001934361044E-02
   -7.737154406656E-02
   -7.587074676887E-02
   -7.317872777170E-02
   -7.032956213714E-02
   -6.674763302211E-02
   -6.168684948902E-02
   -5.674414433058E-02
   -5.092421123908E-02
   -4.391389371224E-02
   -3.863239797540E-02
   -3.343231896706E-02
   -2.837004991317E-02
   -2.273074183510E-02
   -1.994973784667E-02
   -1.781742484147E-02
   -1.458741439116E-02
   -1.781742484148E-02
   -1.994973784668E-02
   -2.273074183510E-02
   -2.837004991318E-02
   -3.343231896706E-02
   -3.863239797541E-02
   -4.391389371225E-02
   -5.092421123908E-02
   -5.674414433058E-02
   -6.168684948902E-02
   -6.674763302212E-02
   -7.032956213714E-02
   -7.317872777170E-02
   -7.587074676887E-02
   -7.156888389729E-02
   -7.070607877298E-02
   -6.953413627950E-02
   -6.674763302211E-02
   -6.287592347242E-02
   -5.870004388931E-02
   -5.353517034462E-02
   -4.723762307470E-02
   -4.106767118398E-02
   -3.710137553954E-02
   -3.190986788215E-02
   -2.640815085242E-02
   -2.128185137608E-02
   -1.871025101381E-02
   -1.678505576946E-02
   -1.403390182400E-02
   -1.678505576946E-02
   -1.871025101381E-02
   -2.128185137608E-02
   -2.640815085242E-02
   -3.190986788215E-02
   -3.710137553954E-02
   -4.106767118398E-02
   -4.723762307470E-02
   -5.353517034462E-02
   -5.870004388932E-02
   -6.287592347243E-02
   -6.674763302211E-02
   -6.953413627951E-02
   -7.070607877298E-02
   -6.655923762392E-02
   -6.582312487808E-02
   -6.481343987446E-02
   -6.168684948901E-02
   -5.870004388931E-02
   -5.509389806271E-02
   -4.914503986647E-02
   -4.426945706830E-02
   -3.892187694638E-02
   -3.446981740323E-02
   -2.912185162125E-02
   -2.384514709872E-02
   -2.034173732539E-02
   -1.708557534290E-02
   -1.498007397531E-02
   -1.393588905997E-02
   -1.498007397530E-02
   -1.708557534291E-02
   -2.034173732540E-02
   -2.384514709872E-02
   -2.912185162125E-02
   -3.446981740323E-02
   -3.892187694638E-02
   -4.426945706830E-02
   -4.914503986647E-02
   -5.509389806271E-02
   -5.870004388931E-02
   -6.168684948902E-02
   -6.481343987446E-02
   -6.582312487809E-02
   -6.179113084362E-02
   -6.016296588713E-02
   -5.905087992254E-02
   -5.674414433058E-02
   -5.353517034462E-02
   -4.914503986647E-02
   -4.325313692185E-02
   -4.018148140389E-02
   -3.576410725289E-02
   -3.137347599936E-02
   -2.645804618445E-02
   -2.208740042716E-02
   -1.971654006737E-02
   -1.526307706444E-02
   -1.320003332303E-02
   -1.388002842903E-02
   -1.320003332303E-02
   -1.526307706443E-02
   -1.971654006737E-02
   -2.208740042716E-02
   -2.645804618445E-02
   -3.137347599936E-02
   -3.576410725289E-02
   -4.018148140389E-02
   -4.325313692185E-02
   -4.914503986647E-02
   -5.353517034462E-02
   -5.674414433058E-02
   -5.905087992254E-02
   -6.016296588713E-02
   -5.568530548372E-02
   -5.400463896851E-02
   -5.321936466127E-02
   -5.092421123908E-02
   -4.723762307470E-02
   -4.426945706830E-02
   -4.018148140389E-02
   -3.692969618286E-02
   -3.250756389535E-02
   -2.807078428132E-02
   -2.325245404349E-02
   -1.987729471293E-02
   -1.718532182177E-02
   -1.299052961706E-02
   -1.225567912683E-02
   -1.325699692826E-02
   -1.225567912683E-02
   -1.299052961707E-02
   -1.718532182177E-02
   -1.987729471293E-02
   -2.325245404349E-02
   -2.807078428132E-02
   -3.250756389535E-02
   -3.692969618286E-02
   -4.018148140389E-02
   -4.426945706830E-02
   -4.723762307470E-02
   -5.092421123908E-02
   -5.321936466127E-02
   -5.400463896851E-02
   -4.826305961905E-02
   -4.728942759685E-02
   -4.636247607076E-02
   -4.391389371225E-02
   -4.106767118398E-02
   -3.892187694638E-02
   -3.576410725289E-02
   -3.250756389535E-02
   -2.843841908358E-02
   -2.423574295747E-02
   -2.028560333461E-02
   -1.810605092278E-02
   -1.501687712065E-02
   -1.219281031965E-02
   -1.145661647531E-02
   -1.072107000801E-02
   -1.145661647532E-02
   -1.219281031964E-02
   -1.501687712065E-02
   -1.810605092278E-02
   -2.028560333461E-02
   -2.423574295747E-02
   -2.843841908358E-02
   -3.250756389535E-02
   -3.576410725290E-02
   -3.892187694638E-02
   -4.106767118398E-02
   -4.391389371225E-02
   -4.636247607076E-02
   -4.728942759685E-02
   -4.076392730654E-02
   -4.079621138035E-02
   -4.016281802600E-02
   -3.863239797541E-02
   -3.710137553954E-02
   -3.446981740323E-02
   -3.137347599936E-02
   -2.807078428132E-02
   -2.423574295747E-02
   -2.141524724797E-02
   -1.851382604893E-02
   -1.521316081494E-02
   -1.204496213385E-02
   -1.120414666688E-02
   -1.021121099389E-02
   -8.422111447907E-03
   -1.021121099389E-02
   -1.120414666690E-02
   -1.204496213386E-02
   -1.521316081494E-02
   -1.851382604893E-02
   -2.141524724797E-02
   -2.423574295747E-02
   -2.807078428132E-02
   -3.137347599936E-02
   -3.446981740324E-02
   -3.710137553954E-02
   -3.863239797541E-02
   -4.016281802600E-02
   -4.079621138035E-02
   -3.606319268919E-02
   -3.612021218095E-02
   -3.485404452497E-02
   -3.343231896706E-02
   -3.190986788215E-02
   -2.912185162125E-02
   -2.645804618445E-02
   -2.325245404349E-02
   -2.028560333461E-02
   -1.851382604893E-02
   -1.629225665422E-02
   -1.297391291463E-02
   -1.115738480004E-02
   -1.022876399750E-02
   -7.938187480974E-03
   -6.605703509218E-03
   -7.938187480972E-03
   -1.022876399748E-02
   -1.115738480004E-02
   -1.297391291463E-02
   -1.629225665422E-02
   -1.851382604893E-02
   -2.028560333461E-02
   -2.325245404350E-02
   -2.645804618446E-02
   -2.912185162125E-02
   -3.190986788215E-02
   -3.343231896706E-02
   -3.485404452497E-02
   -3.612021218095E-02
   -3.044463750709E-02
   -3.051195014398E-02
   -2.935672336074E-02
   -2.837004991317E-02
   -2.640815085242E-02
   -2.384514709872E-02
   -2.208740042716E-02
   -1.987729471293E-02
   -1.810605092279E-02
   -1.521316081495E-02
   -1.297391291463E-02
   -1.139097517962E-02
   -1.026254423681E-02
   -8.376601373058E-03
   -5.950638020009E-03
   -5.564985551549E-03
   -5.950638019980E-03
   -8.376601373082E-03
   -1.026254423681E-02
   -1.139097517962E-02
   -1.297391291463E-02
   -1.521316081495E-02
   -1.810605092278E-02
   -1.987729471293E-02
   -2.208740042717E-02
   -2.384514709872E-02
   -2.640815085242E-02
   -2.837004991317E-02
   -2.935672336074E-02
   -3.051195014398E-02
   -2.395525475640E-02
   -2.436188849663E-02
   -2.359902146364E-02
   -2.273074183510E-02
   -2.128185137607E-02
   -2.034173732539E-02
   -1.971654006737E-02
   -1.718532182177E-02
   -1.501687712065E-02
   -1.204496213386E-02
   -1.115738480004E-02
   -1.026254423681E-02
   -7.502834151774E-03
   -5.806346610643E-03
   -5.333262420354E-03
   -6.104783878366E-03
   -5.333262420324E-03
   -5.806346610600E-03
   -7.502834151766E-03
   -1.026254423682E-02
   -1.115738480004E-02
   -1.204496213386E-02
   -1.501687712065E-02
   -1.718532182177E-02
   -1.971654006736E-02
   -2.034173732539E-02
   -2.128185137607E-02
   -2.273074183510E-02
   -2.359902146364E-02
   -2.436188849663E-02
   -2.136660668670E-02
   -2.156844300796E-02
   -2.080965360207E-02
   -1.994973784666E-02
   -1.871025101381E-02
   -1.708557534289E-02
   -1.526307706443E-02
   -1.299052961705E-02
   -1.219281031965E-02
   -1.120414666687E-02
   -1.022876399750E-02
   -8.376601373036E-03
   -5.806346610603E-03
   -5.187225480083E-03
   -4.617381753314E-03
   -3.773628563610E-03
   -4.617381753182E-03
   -5.187225480246E-03
   -5.806346610599E-03
   -8.376601373079E-03
   -1.022876399748E-02
   -1.120414666690E-02
   -1.219281031964E-02
   -1.299052961707E-02
   -1.526307706442E-02
   -1.708557534289E-02
   -1.871025101380E-02
   -1.994973784667E-02
   -2.080965360206E-02
   -2.156844300796E-02
   -1.873700172787E-02
   -1.857350316936E-02
   -1.831635133635E-02
   -1.781742484148E-02
   -1.678505576946E-02
   -1.498007397530E-02
   -1.320003332302E-02
   -1.225567912683E-02
   -1.145661647531E-02
   -1.021121099389E-02
   -7.938187480950E-03
   -5.950638019946E-03
   -5.333262420225E-03
   -4.617381753266E-03
   -3.505901241879E-03
   -2.726651865376E-03
   -3.505901241685E-03
   -4.617381753216E-03
   -5.333262420309E-03
   -5.950638019977E-03
   -7.938187480945E-03
   -1.021121099389E-02
   -1.145661647531E-02
   -1.225567912684E-02
   -1.320003332303E-02
   -1.498007397531E-02
   -1.678505576946E-02
   -1.781742484148E-02
   -1.831635133635E-02
   -1.857350316936E-02
   -1.545235122012E-02
   -1.546757984088E-02
   -1.536958676951E-02
   -1.458741439111E-02
   -1.403390182416E-02
   -1.393588905995E-02
   -1.388002842900E-02
   -1.325699692827E-02
   -1.072107000804E-02
   -8.422111447919E-03
   -6.605703509177E-03
   -5.564985551490E-03
   -6.104783878254E-03
   -3.773628563638E-03
   -2.726651865432E-03
   -3.977867732609E-03
   -2.726651865044E-03
   -3.773628563325E-03
   -6.104783878708E-03
   -5.564985551344E-03
   -6.605703509290E-03
   -8.422111447790E-03
   -1.072107000805E-02
   -1.325699692821E-02
   -1.388002842905E-02
   -1.393588905993E-02
   -1.403390182402E-02
   -1.458741439098E-02
   -1.536958676964E-02
   -1.546757984106E-02
   -1.873700172781E-02
   -1.857350316932E-02
   -1.831635133633E-02
   -1.781742484146E-02
   -1.678505576946E-02
   -1.498007397531E-02
   -1.320003332302E-02
   -1.225567912682E-02
   -1.145661647531E-02
   -1.021121099388E-02
   -7.938187480945E-03
   -5.950638019940E-03
   -5.333262420237E-03
   -4.617381753206E-03
   -3.505901241740E-03
   -2.726651864967E-03
   -3.505901241643E-03
   -4.617381753370E-03
   -5.333262420279E-03
   -5.950638019970E-03
   -7.938187480932E-03
   -1.021121099388E-02
   -1.145661647529E-02
   -1.225567912684E-02
   -1.320003332303E-02
   -1.498007397531E-02
   -1.678505576945E-02
   -1.781742484146E-02
   -1.831635133632E-02
   -1.857350316932E-02
   -2.136660668670E-02
   -2.156844300796E-02
   -2.080965360206E-02
   -1.994973784667E-02
   -1.871025101381E-02
   -1.708557534289E-02
   -1.526307706443E-02
   -1.299052961705E-02
   -1.219281031964E-02
   -1.120414666688E-02
   -1.022876399747E-02
   -8.376601373034E-03
   -5.806346610544E-03
   -5.187225480126E-03
   -4.617381753245E-03
   -3.773628563274E-03
   -4.617381753268E-03
   -5.187225480134E-03
   -5.806346610545E-03
   -8.376601373044E-03
   -1.022876399747E-02
   -1.120414666688E-02
   -1.219281031963E-02
   -1.299052961706E-02
   -1.526307706443E-02
   -1.708557534290E-02
   -1.871025101381E-02
   -1.994973784667E-02
   -2.080965360207E-02
   -2.156844300797E-02
   -2.395525475640E-02
   -2.436188849663E-02
   -2.359902146365E-02
   -2.273074183510E-02
   -2.128185137608E-02
   -2.034173732539E-02
   -1.971654006736E-02
   -1.718532182176E-02
   -1.501687712064E-02
   -1.204496213384E-02
   -1.115738480002E-02
   -1.026254423679E-02
   -7.502834151735E-03
   -5.806346610551E-03
   -5.333262420270E-03
   -6.104783878671E-03
   -5.333262420211E-03
   -5.806346610537E-03
   -7.502834151733E-03
   -1.026254423679E-02
   -1.115738480003E-02
   -1.204496213385E-02
   -1.501687712064E-02
   -1.718532182177E-02
   -1.971654006736E-02
   -2.034173732539E-02
   -2.128185137608E-02
   -2.273074183511E-02
   -2.359902146364E-02
   -2.436188849663E-02
   -3.044463750710E-02
   -3.051195014398E-02
   -2.935672336075E-02
   -2.837004991318E-02
   -2.640815085242E-02
   -2.384514709872E-02
   -2.208740042716E-02
   -1.987729471293E-02
   -1.810605092278E-02
   -1.521316081494E-02
   -1.297391291462E-02
   -1.139097517961E-02
   -1.026254423679E-02
   -8.376601373036E-03
   -5.950638019954E-03
   -5.564985551298E-03
   -5.950638019924E-03
   -8.376601373012E-03
   -1.026254423679E-02
   -1.139097517961E-02
   -1.297391291463E-02
   -1.521316081494E-02
   -1.810605092278E-02
   -1.987729471293E-02
   -2.208740042716E-02
   -2.384514709872E-02
   -2.640815085242E-02
   -2.837004991318E-02
   -2.935672336075E-02
   -3.051195014398E-02
   -3.606319268920E-02
   -3.612021218095E-02
   -3.485404452497E-02
   -3.343231896706E-02
   -3.190986788215E-02
   -2.912185162125E-02
   -2.645804618445E-02
   -2.325245404349E-02
   -2.028560333461E-02
   -1.851382604893E-02
   -1.629225665422E-02
   -1.297391291463E-02
   -1.115738480003E-02
   -1.022876399747E-02
   -7.938187480937E-03
   -6.605703509299E-03
   -7.938187480922E-03
   -1.022876399748E-02
   -1.115738480003E-02
   -1.297391291463E-02
   -1.629225665422E-02
   -1.851382604893E-02
   -2.028560333461E-02
   -2.325245404349E-02
   -2.645804618445E-02
   -2.912185162125E-02
   -3.190986788215E-02
   -3.343231896706E-02
   -3.485404452497E-02
   -3.612021218095E-02
   -4.076392730654E-02
   -4.079621138036E-02
   -4.016281802600E-02
   -3.863239797541E-02
   -3.710137553954E-02
   -3.446981740323E-02
   -3.137347599936E-02
   -2.807078428132E-02
   -2.423574295746E-02
   -2.141524724796E-02
   -1.851382604893E-02
   -1.521316081494E-02
   -1.204496213385E-02
   -1.120414666688E-02
   -1.021121099389E-02
   -8.422111447818E-03
   -1.021121099389E-02
   -1.120414666687E-02
   -1.204496213385E-02
   -1.521316081495E-02
   -1.851382604893E-02
   -2.141524724797E-02
   -2.423574295746E-02
   -2.807078428131E-02
   -3.137347599936E-02
   -3.446981740323E-02
   -3.710137553954E-02
   -3.863239797541E-02
   -4.016281802600E-02
   -4.079621138036E-02
   -4.826305961905E-02
   -4.728942759685E-02
   -4.636247607077E-02
   -4.391389371225E-02
   -4.106767118398E-02
   -3.892187694638E-02
   -3.576410725289E-02
   -3.250756389535E-02
   -2.843841908357E-02
   -2.423574295747E-02
   -2.028560333461E-02
   -1.810605092278E-02
   -1.501687712064E-02
   -1.219281031963E-02
   -1.145661647531E-02
   -1.072107000812E-02
   -1.145661647530E-02
   -1.219281031964E-02
   -1.501687712064E-02
   -1.810605092278E-02
   -2.028560333461E-02
   -2.423574295747E-02
   -2.843841908357E-02
   -3.250756389535E-02
   -3.576410725289E-02
   -3.892187694637E-02
   -4.106767118398E-02
   -4.391389371225E-02
   -4.636247607077E-02
   -4.728942759685E-02
   -5.568530548373E-02
   -5.400463896852E-02
   -5.321936466128E-02
   -5.092421123909E-02
   -4.723762307470E-02
   -4.426945706830E-02
   -4.018148140389E-02
   -3.692969618285E-02
   -3.250756389535E-02
   -2.807078428132E-02
   -2.325245404349E-02
   -1.987729471293E-02
   -1.718532182176E-02
   -1.299052961704E-02
   -1.225567912683E-02
   -1.325699692822E-02
   -1.225567912683E-02
   -1.299052961704E-02
   -1.718532182176E-02
   -1.987729471293E-02
   -2.325245404349E-02
   -2.807078428132E-02
   -3.250756389535E-02
   -3.692969618285E-02
   -4.018148140388E-02
   -4.426945706830E-02
   -4.723762307470E-02
   -5.092421123909E-02
   -5.321936466128E-02
   -5.400463896851E-02
   -6.179113084362E-02
   -6.016296588713E-02
   -5.905087992254E-02
   -5.674414433058E-02
   -5.353517034462E-02
   -4.914503986648E-02
   -4.325313692185E-02
   -4.018148140389E-02
   -3.576410725289E-02
   -3.137347599936E-02
   -2.645804618445E-02
   -2.208740042716E-02
   -1.971654006735E-02
   -1.526307706441E-02
   -1.320003332302E-02
   -1.388002842907E-02
   -1.320003332302E-02
   -1.526307706442E-02
   -1.971654006736E-02
   -2.208740042716E-02
   -2.645804618445E-02
   -3.137347599936E-02
   -3.576410725289E-02
   -4.018148140389E-02
   -4.325313692185E-02
   -4.914503986648E-02
   -5.353517034462E-02
   -5.674414433058E-02
   -5.905087992254E-02
   -6.016296588713E-02
   -6.655923762393E-02
   -6.582312487810E-02
   -6.481343987447E-02
   -6.168684948902E-02
   -5.870004388932E-02
   -5.509389806271E-02
   -4.914503986648E-02
   -4.426945706830E-02
   -3.892187694638E-02
   -3.446981740323E-02
   -2.912185162125E-02
   -2.384514709872E-02
   -2.034173732539E-02
   -1.708557534288E-02
   -1.498007397531E-02
   -1.393588905998E-02
   -1.498007397532E-02
   -1.708557534288E-02
   -2.034173732539E-02
   -2.384514709872E-02
   -2.912185162125E-02
   -3.446981740323E-02
   -3.892187694638E-02
   -4.426945706830E-02
   -4.914503986648E-02
   -5.509389806271E-02
   -5.870004388932E-02
   -6.168684948902E-02
   -6.481343987447E-02
   -6.582312487809E-02
   -7.156888389732E-02
   -7.070607877300E-02
   -6.953413627952E-02
   -6.674763302212E-02
   -6.287592347243E-02
   -5.870004388932E-02
   -5.353517034462E-02
   -4.723762307470E-02
   -4.106767118398E-02
   -3.710137553954E-02
   -3.190986788215E-02
   -2.640815085242E-02
   -2.128185137607E-02
   -1.871025101379E-02
   -1.678505576946E-02
   -1.403390182409E-02
   -1.678505576947E-02
   -1.871025101380E-02
   -2.128185137607E-02
   -2.640815085242E-02
   -3.190986788215E-02
   -3.710137553954E-02
   -4.106767118398E-02
   -4.723762307470E-02
   -5.353517034462E-02
   -5.870004388932E-02
   -6.287592347243E-02
   -6.674763302212E-02
   -6.953413627952E-02
   -7.070607877300E-02
   -7.737154406660E-02
   -7.587074676891E-02
   -7.317872777172E-02
   -7.032956213715E-02
   -6.674763302212E-02
   -6.168684948902E-02
   -5.674414433058E-02
   -5.092421123909E-02
   -4.391389371225E-02
   -3.863239797541E-02
   -3.343231896707E-02
   -2.837004991317E-02
   -2.273074183510E-02
   -1.994973784666E-02
   -1.781742484148E-02
   -1.458741439065E-02
   -1.781742484149E-02
   -1.994973784666E-02
   -2.273074183510E-02
   -2.837004991317E-02
   -3.343231896706E-02
   -3.863239797541E-02
   -4.391389371225E-02
   -5.092421123908E-02
   -5.674414433058E-02
   -6.168684948902E-02
   -6.674763302212E-02
   -7.032956213715E-02
   -7.317872777171E-02
   -7.587074676891E-02
   -8.041466545165E-02
   -8.001934361046E-02
   -7.748671865737E-02
   -7.317872777171E-02
   -6.953413627951E-02
   -6.481343987446E-02
   -5.905087992254E-02
   -5.321936466128E-02
   -4.636247607077E-02
   -4.016281802600E-02
   -3.485404452497E-02
   -2.935672336074E-02
   -2.359902146364E-02
   -2.080965360206E-02
   -1.831635133635E-02
   -1.536958676935E-02
   -1.831635133635E-02
   -2.080965360207E-02
   -2.359902146364E-02
   -2.935672336074E-02
   -3.485404452497E-02
   -4.016281802600E-02
   -4.636247607077E-02
   -5.321936466128E-02
   -5.905087992254E-02
   -6.481343987446E-02
   -6.953413627952E-02
   -7.317872777171E-02
   -7.748671865737E-02
   -8.001934361046E-02
   -8.248301026882E-02
   -8.194745721543E-02
   -8.001934361046E-02
   -7.587074676891E-02
   -7.070607877299E-02
   -6.582312487809E-02
   -6.016296588714E-02
   -5.400463896851E-02
   -4.728942759685E-02
   -4.079621138036E-02
   -3.612021218095E-02
   -3.051195014398E-02
   -2.436188849663E-02
   -2.156844300795E-02
   -1.857350316935E-02
   -1.546757984093E-02
   -1.857350316936E-02
   -2.156844300795E-02
   -2.436188849663E-02
   -3.051195014398E-02
   -3.612021218095E-02
   -4.079621138035E-02
   -4.728942759685E-02
   -5.400463896852E-02
   -6.016296588714E-02
   -6.582312487809E-02
   -7.070607877300E-02
   -7.587074676889E-02
   -8.001934361047E-02
   -8.194745721544E-02
   -1.024257212765E-01
   -1.002433449665E-01
   -9.718783186563E-02
   -9.457414538758E-02
   -8.905887014871E-02
   -8.227136438700E-02
   -7.393353774296E-02
   -6.555268189883E-02
   -5.932017097025E-02
   -5.066793550263E-02
   -4.205243500886E-02
   -3.618819026312E-02
   -3.044463750709E-02
   -2.511102624771E-02
   -2.178504493952E-02
   -2.083686550441E-02
   -2.178504493951E-02
   -2.511102624770E-02
   -3.044463750709E-02
   -3.618819026312E-02
   -4.205243500886E-02
   -5.066793550263E-02
   -5.932017097025E-02
   -6.555268189882E-02
   -7.393353774296E-02
   -8.227136438700E-02
   -8.905887014870E-02
   -9.457414538761E-02
   -9.718783186562E-02
   -1.002433449665E-01
   -1.002433449665E-01
   -9.958096072955E-02
   -9.737672578674E-02
   -9.391819040653E-02
   -8.854392903822E-02
   -8.180342434995E-02
   -7.364639680111E-02
   -6.558861563631E-02
   -5.882733787591E-02
   -4.979111624564E-02
   -4.148994536502E-02
   -3.618493408637E-02
   -3.051195014397E-02
   -2.496823586123E-02
   -2.133455226288E-02
   -1.964980929551E-02
   -2.133455226288E-02
   -2.496823586123E-02
   -3.051195014398E-02
   -3.618493408637E-02
   -4.148994536502E-02
   -4.979111624564E-02
   -5.882733787591E-02
   -6.558861563631E-02
   -7.364639680111E-02
   -8.180342434994E-02
   -8.854392903822E-02
   -9.391819040655E-02
   -9.737672578674E-02
   -9.958096072954E-02
   -9.718783186564E-02
   -9.737672578675E-02
   -9.536076404324E-02
   -9.153999261358E-02
   -8.640907120483E-02
   -7.932511447249E-02
   -7.180753345917E-02
   -6.450317819566E-02
   -5.746538423000E-02
   -4.832969400833E-02
   -4.045840192940E-02
   -3.568530911139E-02
   -2.935672336074E-02
   -2.390155778656E-02
   -2.116021686661E-02
   -1.944984084089E-02
   -2.116021686661E-02
   -2.390155778656E-02
   -2.935672336074E-02
   -3.568530911139E-02
   -4.045840192940E-02
   -4.832969400832E-02
   -5.746538423000E-02
   -6.450317819566E-02
   -7.180753345917E-02
   -7.932511447248E-02
   -8.640907120483E-02
   -9.153999261358E-02
   -9.536076404324E-02
   -9.737672578675E-02
   -9.457414538761E-02
   -9.391819040656E-02
   -9.153999261358E-02
   -8.814052585071E-02
   -8.232315596973E-02
   -7.521376843927E-02
   -6.866485984867E-02
   -6.140554483906E-02
   -5.468243567131E-02
   -4.614959286632E-02
   -3.873954860016E-02
   -3.486244828109E-02
   -2.837004991317E-02
   -2.315592066483E-02
   -2.046179239574E-02
   -1.806541179664E-02
   -2.046179239574E-02
   -2.315592066483E-02
   -2.837004991317E-02
   -3.486244828109E-02
   -3.873954860016E-02
   -4.614959286632E-02
   -5.468243567131E-02
   -6.140554483906E-02
   -6.866485984867E-02
   -7.521376843927E-02
   -8.232315596972E-02
   -8.814052585071E-02
   -9.153999261359E-02
   -9.391819040656E-02
   -8.905887014872E-02
   -8.854392903823E-02
   -8.640907120483E-02
   -8.232315596973E-02
   -7.642485233029E-02
   -7.083882655965E-02
   -6.553809878023E-02
   -5.838096537858E-02
   -5.107598902069E-02
   -4.304458730960E-02
   -3.661639495541E-02
   -3.287906330095E-02
   -2.640815085241E-02
   -2.192695686177E-02
   -1.959045562926E-02
   -1.690368000098E-02
   -1.959045562926E-02
   -2.192695686177E-02
   -2.640815085242E-02
   -3.287906330095E-02
   -3.661639495540E-02
   -4.304458730960E-02
   -5.107598902069E-02
   -5.838096537858E-02
   -6.553809878023E-02
   -7.083882655965E-02
   -7.642485233028E-02
   -8.232315596973E-02
   -8.640907120483E-02
   -8.854392903823E-02
   -8.227136438701E-02
   -8.180342434995E-02
   -7.932511447249E-02
   -7.521376843927E-02
   -7.083882655965E-02
   -6.548762588397E-02
   -6.035601279882E-02
   -5.407243165897E-02
   -4.603390446651E-02
   -3.997879594544E-02
   -3.543197027088E-02
   -3.038949335956E-02
   -2.384514709871E-02
   -2.000663802296E-02
   -1.849066517280E-02
   -1.656421821370E-02
   -1.849066517281E-02
   -2.000663802296E-02
   -2.384514709871E-02
   -3.038949335956E-02
   -3.543197027088E-02
   -3.997879594545E-02
   -4.603390446651E-02
   -5.407243165898E-02
   -6.035601279882E-02
   -6.548762588397E-02
   -7.083882655965E-02
   -7.521376843927E-02
   -7.932511447249E-02
   -8.180342434995E-02
   -7.393353774296E-02
   -7.364639680112E-02
   -7.180753345917E-02
   -6.866485984867E-02
   -6.553809878023E-02
   -6.035601279882E-02
   -5.515913857377E-02
   -4.893715129955E-02
   -4.144753298930E-02
   -3.776118066937E-02
   -3.256776447030E-02
   -2.638333167186E-02
   -2.208740042716E-02
   -1.884946849356E-02
   -1.652937618366E-02
   -1.470127198500E-02
   -1.652937618366E-02
   -1.884946849356E-02
   -2.208740042716E-02
   -2.638333167186E-02
   -3.256776447030E-02
   -3.776118066937E-02
   -4.144753298931E-02
   -4.893715129956E-02
   -5.515913857377E-02
   -6.035601279882E-02
   -6.553809878023E-02
   -6.866485984867E-02
   -7.180753345917E-02
   -7.364639680111E-02
   -6.555268189883E-02
   -6.558861563631E-02
   -6.450317819566E-02
   -6.140554483906E-02
   -5.838096537858E-02
   -5.407243165897E-02
   -4.893715129955E-02
   -4.289232059248E-02
   -3.762697670481E-02
   -3.512416070182E-02
   -2.877447027564E-02
   -2.327484851002E-02
   -1.987729471293E-02
   -1.639384810001E-02
   -1.512245993385E-02
   -1.440758723876E-02
   -1.512245993385E-02
   -1.639384810001E-02
   -1.987729471292E-02
   -2.327484851002E-02
   -2.877447027563E-02
   -3.512416070182E-02
   -3.762697670481E-02
   -4.289232059248E-02
   -4.893715129955E-02
   -5.407243165897E-02
   -5.838096537858E-02
   -6.140554483906E-02
   -6.450317819566E-02
   -6.558861563631E-02
   -5.932017097026E-02
   -5.882733787591E-02
   -5.746538423000E-02
   -5.468243567130E-02
   -5.107598902069E-02
   -4.603390446651E-02
   -4.144753298930E-02
   -3.762697670481E-02
   -3.360044723381E-02
   -3.016412328257E-02
   -2.522877477250E-02
   -2.193458694651E-02
   -1.810605092278E-02
   -1.423029783856E-02
   -1.327944779728E-02
   -1.278776391410E-02
   -1.327944779728E-02
   -1.423029783856E-02
   -1.810605092278E-02
   -2.193458694651E-02
   -2.522877477250E-02
   -3.016412328257E-02
   -3.360044723381E-02
   -3.762697670481E-02
   -4.144753298930E-02
   -4.603390446651E-02
   -5.107598902069E-02
   -5.468243567130E-02
   -5.746538423000E-02
   -5.882733787591E-02
   -5.066793550263E-02
   -4.979111624564E-02
   -4.832969400832E-02
   -4.614959286632E-02
   -4.304458730960E-02
   -3.997879594544E-02
   -3.776118066937E-02
   -3.512416070182E-02
   -3.016412328257E-02
   -2.501596720156E-02
   -2.111003759625E-02
   -1.799640555579E-02
   -1.521316081495E-02
   -1.349938018372E-02
   -1.177878583254E-02
   -1.037728010171E-02
   -1.177878583254E-02
   -1.349938018372E-02
   -1.521316081495E-02
   -1.799640555579E-02
   -2.111003759625E-02
   -2.501596720155E-02
   -3.016412328257E-02
   -3.512416070182E-02
   -3.776118066937E-02
   -3.997879594544E-02
   -4.304458730960E-02
   -4.614959286632E-02
   -4.832969400832E-02
   -4.979111624564E-02
   -4.205243500886E-02
   -4.148994536502E-02
   -4.045840192940E-02
   -3.873954860016E-02
   -3.661639495541E-02
   -3.543197027088E-02
   -3.256776447030E-02
   -2.877447027563E-02
   -2.522877477250E-02
   -2.111003759624E-02
   -1.897358785823E-02
   -1.613407932184E-02
   -1.297391291465E-02
   -1.140467874944E-02
   -9.919579126007E-03
   -9.377592544310E-03
   -9.919579126004E-03
   -1.140467874944E-02
   -1.297391291465E-02
   -1.613407932184E-02
   -1.897358785823E-02
   -2.111003759624E-02
   -2.522877477250E-02
   -2.877447027563E-02
   -3.256776447030E-02
   -3.543197027088E-02
   -3.661639495540E-02
   -3.873954860015E-02
   -4.045840192940E-02
   -4.148994536502E-02
   -3.618819026312E-02
   -3.618493408637E-02
   -3.568530911139E-02
   -3.486244828109E-02
   -3.287906330095E-02
   -3.038949335956E-02
   -2.638333167186E-02
   -2.327484851002E-02
   -2.193458694651E-02
   -1.799640555578E-02
   -1.613407932184E-02
   -1.446543260229E-02
   -1.139097517965E-02
   -8.949012518962E-03
   -7.528801118267E-03
   -7.777121378868E-03
   -7.528801118285E-03
   -8.949012518964E-03
   -1.139097517965E-02
   -1.446543260229E-02
   -1.613407932184E-02
   -1.799640555578E-02
   -2.193458694651E-02
   -2.327484851001E-02
   -2.638333167186E-02
   -3.038949335956E-02
   -3.287906330095E-02
   -3.486244828109E-02
   -3.568530911139E-02
   -3.618493408637E-02
   -3.044463750710E-02
   -3.051195014398E-02
   -2.935672336075E-02
   -2.837004991318E-02
   -2.640815085242E-02
   -2.384514709872E-02
   -2.208740042716E-02
   -1.987729471292E-02
   -1.810605092278E-02
   -1.521316081494E-02
   -1.297391291464E-02
   -1.139097517964E-02
   -1.026254423684E-02
   -8.376601373079E-03
   -5.950638019967E-03
   -5.564985551607E-03
   -5.950638019984E-03
   -8.376601373086E-03
   -1.026254423684E-02
   -1.139097517964E-02
   -1.297391291464E-02
   -1.521316081494E-02
   -1.810605092278E-02
   -1.987729471292E-02
   -2.208740042716E-02
   -2.384514709871E-02
   -2.640815085242E-02
   -2.837004991318E-02
   -2.935672336075E-02
   -3.051195014398E-02
   -2.511102624771E-02
   -2.496823586124E-02
   -2.390155778657E-02
   -2.315592066484E-02
   -2.192695686178E-02
   -2.000663802296E-02
   -1.884946849357E-02
   -1.639384810001E-02
   -1.423029783856E-02
   -1.349938018371E-02
   -1.140467874943E-02
   -8.949012518944E-03
   -8.376601373093E-03
   -6.910387838550E-03
   -5.093367237568E-03
   -5.184086393547E-03
   -5.093367237604E-03
   -6.910387838554E-03
   -8.376601373061E-03
   -8.949012518944E-03
   -1.140467874942E-02
   -1.349938018371E-02
   -1.423029783855E-02
   -1.639384810001E-02
   -1.884946849357E-02
   -2.000663802297E-02
   -2.192695686178E-02
   -2.315592066484E-02
   -2.390155778657E-02
   -2.496823586124E-02
   -2.178504493952E-02
   -2.133455226289E-02
   -2.116021686662E-02
   -2.046179239574E-02
   -1.959045562926E-02
   -1.849066517281E-02
   -1.652937618366E-02
   -1.512245993385E-02
   -1.327944779728E-02
   -1.177878583253E-02
   -9.919579126000E-03
   -7.528801118270E-03
   -5.950638020000E-03
   -5.093367237552E-03
   -4.945181414779E-03
   -4.671550886983E-03
   -4.945181414884E-03
   -5.093367237585E-03
   -5.950638019938E-03
   -7.528801118256E-03
   -9.919579125996E-03
   -1.177878583254E-02
   -1.327944779727E-02
   -1.512245993384E-02
   -1.652937618364E-02
   -1.849066517280E-02
   -1.959045562925E-02
   -2.046179239573E-02
   -2.116021686661E-02
   -2.133455226289E-02
   -2.083686550443E-02
   -1.964980929591E-02
   -1.944984084112E-02
   -1.806541179666E-02
   -1.690368000083E-02
   -1.656421821371E-02
   -1.470127198498E-02
   -1.440758723873E-02
   -1.278776391406E-02
   -1.037728010170E-02
   -9.377592544310E-03
   -7.777121378877E-03
   -5.564985551582E-03
   -5.184086393385E-03
   -4.671550886978E-03
   -4.866530695594E-03
   -4.671550887178E-03
   -5.184086393814E-03
   -5.564985551528E-03
   -7.777121378861E-03
   -9.377592544311E-03
   -1.037728010173E-02
   -1.278776391411E-02
   -1.440758723873E-02
   -1.470127198497E-02
   -1.656421821368E-02
   -1.690368000095E-02
   -1.806541179673E-02
   -1.944984084107E-02
   -1.964980929580E-02
   -2.178504493954E-02
   -2.133455226291E-02
   -2.116021686662E-02
   -2.046179239574E-02
   -1.959045562926E-02
   -1.849066517280E-02
   -1.652937618365E-02
   -1.512245993385E-02
   -1.327944779727E-02
   -1.177878583254E-02
   -9.919579126011E-03
   -7.528801118274E-03
   -5.950638019974E-03
   -5.093367237530E-03
   -4.945181414844E-03
   -4.671550887202E-03
   -4.945181414978E-03
   -5.093367237543E-03
   -5.950638019940E-03
   -7.528801118264E-03
   -9.919579126010E-03
   -1.177878583255E-02
   -1.327944779729E-02
   -1.512245993385E-02
   -1.652937618365E-02
   -1.849066517281E-02
   -1.959045562927E-02
   -2.046179239575E-02
   -2.116021686664E-02
   -2.133455226292E-02
   -2.511102624770E-02
   -2.496823586123E-02
   -2.390155778656E-02
   -2.315592066483E-02
   -2.192695686177E-02
   -2.000663802296E-02
   -1.884946849357E-02
   -1.639384810001E-02
   -1.423029783857E-02
   -1.349938018373E-02
   -1.140467874945E-02
   -8.949012518959E-03
   -8.376601373087E-03
   -6.910387838504E-03
   -5.093367237527E-03
   -5.184086393938E-03
   -5.093367237530E-03
   -6.910387838505E-03
   -8.376601373070E-03
   -8.949012518961E-03
   -1.140467874945E-02
   -1.349938018374E-02
   -1.423029783857E-02
   -1.639384810001E-02
   -1.884946849357E-02
   -2.000663802296E-02
   -2.192695686177E-02
   -2.315592066483E-02
   -2.390155778656E-02
   -2.496823586122E-02
   -3.044463750709E-02
   -3.051195014398E-02
   -2.935672336074E-02
   -2.837004991317E-02
   -2.640815085241E-02
   -2.384514709871E-02
   -2.208740042716E-02
   -1.987729471293E-02
   -1.810605092279E-02
   -1.521316081496E-02
   -1.297391291466E-02
   -1.139097517965E-02
   -1.026254423684E-02
   -8.376601373045E-03
   -5.950638019889E-03
   -5.564985551505E-03
   -5.950638019927E-03
   -8.376601373076E-03
   -1.026254423684E-02
   -1.139097517966E-02
   -1.297391291466E-02
   -1.521316081496E-02
   -1.810605092279E-02
   -1.987729471293E-02
   -2.208740042716E-02
   -2.384514709871E-02
   -2.640815085241E-02
   -2.837004991317E-02
   -2.935672336074E-02
   -3.051195014398E-02
   -3.618819026311E-02
   -3.618493408636E-02
   -3.568530911139E-02
   -3.486244828109E-02
   -3.287906330095E-02
   -3.038949335955E-02
   -2.638333167186E-02
   -2.327484851002E-02
   -2.193458694652E-02
   -1.799640555580E-02
   -1.613407932186E-02
   -1.446543260231E-02
   -1.139097517965E-02
   -8.949012518942E-03
   -7.528801118236E-03
   -7.777121378850E-03
   -7.528801118256E-03
   -8.949012518946E-03
   -1.139097517965E-02
   -1.446543260231E-02
   -1.613407932186E-02
   -1.799640555580E-02
   -2.193458694652E-02
   -2.327484851002E-02
   -2.638333167186E-02
   -3.038949335955E-02
   -3.287906330094E-02
   -3.486244828108E-02
   -3.568530911138E-02
   -3.618493408636E-02
   -4.205243500885E-02
   -4.148994536502E-02
   -4.045840192940E-02
   -3.873954860015E-02
   -3.661639495540E-02
   -3.543197027088E-02
   -3.256776447030E-02
   -2.877447027563E-02
   -2.522877477250E-02
   -2.111003759625E-02
   -1.897358785824E-02
   -1.613407932185E-02
   -1.297391291465E-02
   -1.140467874943E-02
   -9.919579125992E-03
   -9.377592544292E-03
   -9.919579126002E-03
   -1.140467874944E-02
   -1.297391291465E-02
   -1.613407932185E-02
   -1.897358785824E-02
   -2.111003759625E-02
   -2.522877477250E-02
   -2.877447027563E-02
   -3.256776447030E-02
   -3.543197027088E-02
   -3.661639495540E-02
   -3.873954860015E-02
   -4.045840192940E-02
   -4.148994536502E-02
   -5.066793550262E-02
   -4.979111624564E-02
   -4.832969400832E-02
   -4.614959286632E-02
   -4.304458730960E-02
   -3.997879594544E-02
   -3.776118066937E-02
   -3.512416070182E-02
   -3.016412328257E-02
   -2.501596720156E-02
   -2.111003759625E-02
   -1.799640555579E-02
   -1.521316081496E-02
   -1.349938018372E-02
   -1.177878583254E-02
   -1.037728010171E-02
   -1.177878583254E-02
   -1.349938018373E-02
   -1.521316081496E-02
   -1.799640555579E-02
   -2.111003759625E-02
   -2.501596720156E-02
   -3.016412328257E-02
   -3.512416070182E-02
   -3.776118066937E-02
   -3.997879594544E-02
   -4.304458730960E-02
   -4.614959286632E-02
   -4.832969400832E-02
   -4.979111624564E-02
   -5.932017097025E-02
   -5.882733787590E-02
   -5.746538423000E-02
   -5.468243567130E-02
   -5.107598902069E-02
   -4.603390446651E-02
   -4.144753298930E-02
   -3.762697670481E-02
   -3.360044723381E-02
   -3.016412328257E-02
   -2.522877477250E-02
   -2.193458694651E-02
   -1.810605092279E-02
   -1.423029783856E-02
   -1.327944779728E-02
   -1.278776391405E-02
   -1.327944779728E-02
   -1.423029783856E-02
   -1.810605092278E-02
   -2.193458694651E-02
   -2.522877477250E-02
   -3.016412328257E-02
   -3.360044723381E-02
   -3.762697670481E-02
   -4.144753298931E-02
   -4.603390446651E-02
   -5.107598902070E-02
   -5.468243567130E-02
   -5.746538423000E-02
   -5.882733787590E-02
   -6.555268189882E-02
   -6.558861563631E-02
   -6.450317819566E-02
   -6.140554483906E-02
   -5.838096537858E-02
   -5.407243165898E-02
   -4.893715129955E-02
   -4.289232059248E-02
   -3.762697670481E-02
   -3.512416070182E-02
   -2.877447027563E-02
   -2.327484851002E-02
   -1.987729471293E-02
   -1.639384810001E-02
   -1.512245993385E-02
   -1.440758723873E-02
   -1.512245993385E-02
   -1.639384810001E-02
   -1.987729471293E-02
   -2.327484851002E-02
   -2.877447027563E-02
   -3.512416070182E-02
   -3.762697670481E-02
   -4.289232059248E-02
   -4.893715129956E-02
   -5.407243165898E-02
   -5.838096537858E-02
   -6.140554483906E-02
   -6.450317819566E-02
   -6.558861563631E-02
   -7.393353774296E-02
   -7.364639680111E-02
   -7.180753345917E-02
   -6.866485984867E-02
   -6.553809878023E-02
   -6.035601279882E-02
   -5.515913857377E-02
   -4.893715129955E-02
   -4.144753298930E-02
   -3.776118066937E-02
   -3.256776447030E-02
   -2.638333167186E-02
   -2.208740042716E-02
   -1.884946849357E-02
   -1.652937618365E-02
   -1.470127198496E-02
   -1.652937618366E-02
   -1.884946849357E-02
   -2.208740042716E-02
   -2.638333167186E-02
   -3.256776447030E-02
   -3.776118066937E-02
   -4.144753298931E-02
   -4.893715129956E-02
   -5.515913857377E-02
   -6.035601279882E-02
   -6.553809878023E-02
   -6.866485984867E-02
   -7.180753345917E-02
   -7.364639680111E-02
   -8.227136438700E-02
   -8.180342434994E-02
   -7.932511447248E-02
   -7.521376843927E-02
   -7.083882655965E-02
   -6.548762588397E-02
   -6.035601279882E-02
   -5.407243165898E-02
   -4.603390446651E-02
   -3.997879594545E-02
   -3.543197027088E-02
   -3.038949335956E-02
   -2.384514709872E-02
   -2.000663802297E-02
   -1.849066517279E-02
   -1.656421821364E-02
   -1.849066517280E-02
   -2.000663802296E-02
   -2.384514709872E-02
   -3.038949335955E-02
   -3.543197027088E-02
   -3.997879594544E-02
   -4.603390446651E-02
   -5.407243165898E-02
   -6.035601279882E-02
   -6.548762588397E-02
   -7.083882655965E-02
   -7.521376843927E-02
   -7.932511447248E-02
   -8.180342434994E-02
   -8.905887014870E-02
   -8.854392903822E-02
   -8.640907120482E-02
   -8.232315596973E-02
   -7.642485233028E-02
   -7.083882655965E-02
   -6.553809878023E-02
   -5.838096537858E-02
   -5.107598902069E-02
   -4.304458730960E-02
   -3.661639495540E-02
   -3.287906330095E-02
   -2.640815085241E-02
   -2.192695686178E-02
   -1.959045562924E-02
   -1.690368000089E-02
   -1.959045562925E-02
   -2.192695686177E-02
   -2.640815085242E-02
   -3.287906330095E-02
   -3.661639495541E-02
   -4.304458730960E-02
   -5.107598902069E-02
   -5.838096537858E-02
   -6.553809878023E-02
   -7.083882655965E-02
   -7.642485233028E-02
   -8.232315596972E-02
   -8.640907120482E-02
   -8.854392903822E-02
   -9.457414538758E-02
   -9.391819040653E-02
   -9.153999261357E-02
   -8.814052585071E-02
   -8.232315596972E-02
   -7.521376843927E-02
   -6.866485984867E-02
   -6.140554483906E-02
   -5.468243567130E-02
   -4.614959286632E-02
   -3.873954860015E-02
   -3.486244828109E-02
   -2.837004991317E-02
   -2.315592066484E-02
   -2.046179239572E-02
   -1.806541179696E-02
   -2.046179239572E-02
   -2.315592066483E-02
   -2.837004991317E-02
   -3.486244828109E-02
   -3.873954860016E-02
   -4.614959286632E-02
   -5.468243567131E-02
   -6.140554483906E-02
   -6.866485984867E-02
   -7.521376843927E-02
   -8.232315596972E-02
   -8.814052585070E-02
   -9.153999261357E-02
   -9.391819040653E-02
   -9.718783186565E-02
   -9.737672578674E-02
   -9.536076404322E-02
   -9.153999261358E-02
   -8.640907120482E-02
   -7.932511447248E-02
   -7.180753345917E-02
   -6.450317819566E-02
   -5.746538423000E-02
   -4.832969400832E-02
   -4.045840192940E-02
   -3.568530911139E-02
   -2.935672336074E-02
   -2.390155778656E-02
   -2.116021686660E-02
   -1.944984084124E-02
   -2.116021686660E-02
   -2.390155778656E-02
   -2.935672336074E-02
   -3.568530911139E-02
   -4.045840192940E-02
   -4.832969400832E-02
   -5.746538423000E-02
   -6.450317819566E-02
   -7.180753345917E-02
   -7.932511447248E-02
   -8.640907120482E-02
   -9.153999261357E-02
   -9.536076404323E-02
   -9.737672578673E-02
   -1.002433449665E-01
   -9.958096072956E-02
   -9.737672578673E-02
   -9.391819040653E-02
   -8.854392903822E-02
   -8.180342434995E-02
   -7.364639680111E-02
   -6.558861563631E-02
   -5.882733787591E-02
   -4.979111624564E-02
   -4.148994536502E-02
   -3.618493408637E-02
   -3.051195014397E-02
   -2.496823586123E-02
   -2.133455226288E-02
   -1.964980929585E-02
   -2.133455226287E-02
   -2.496823586123E-02
   -3.051195014397E-02
   -3.618493408637E-02
   -4.148994536502E-02
   -4.979111624564E-02
   -5.882733787591E-02
   -6.558861563631E-02
   -7.364639680111E-02
   -8.180342434994E-02
   -8.854392903822E-02
   -9.391819040655E-02
   -9.737672578673E-02
   -9.958096072955E-02
   -1.261916248246E-01
   -1.248907899427E-01
   -1.202904037209E-01
   -1.133128983531E-01
   -1.053558717902E-01
   -9.763538717880E-02
   -8.956465006059E-02
   -7.922528941734E-02
   -6.888214420317E-02
   -6.082112169227E-02
   -5.175860234969E-02
   -4.205243500886E-02
   -3.606319268919E-02
   -3.000181326911E-02
   -2.489719429196E-02
   -2.314190685643E-02
   -2.489719429197E-02
   -3.000181326911E-02
   -3.606319268919E-02
   -4.205243500886E-02
   -5.175860234969E-02
   -6.082112169227E-02
   -6.888214420316E-02
   -7.922528941734E-02
   -8.956465006059E-02
   -9.763538717880E-02
   -1.053558717902E-01
   -1.133128983531E-01
   -1.202904037209E-01
   -1.248907899427E-01
   -1.248907899427E-01
   -1.238071178379E-01
   -1.190717489512E-01
   -1.121146024906E-01
   -1.045775650710E-01
   -9.701823470607E-02
   -8.929970978027E-02
   -7.915658078836E-02
   -6.847972731674E-02
   -5.999872631411E-02
   -5.094359400585E-02
   -4.148994536502E-02
   -3.612021218095E-02
   -3.025959246594E-02
   -2.443136328547E-02
   -2.273101970488E-02
   -2.443136328547E-02
   -3.025959246594E-02
   -3.612021218095E-02
   -4.148994536502E-02
   -5.094359400585E-02
   -5.999872631411E-02
   -6.847972731674E-02
   -7.915658078836E-02
   -8.929970978028E-02
   -9.701823470608E-02
   -1.045775650710E-01
   -1.121146024906E-01
   -1.190717489512E-01
   -1.238071178379E-01
   -1.202904037209E-01
   -1.190717489511E-01
   -1.141499723755E-01
   -1.081015200320E-01
   -1.014626505585E-01
   -9.421866191174E-02
   -8.667855299727E-02
   -7.646715949101E-02
   -6.647533577958E-02
   -5.873638722891E-02
   -5.016910868982E-02
   -4.045840192940E-02
   -3.485404452497E-02
   -2.947860487472E-02
   -2.429722134064E-02
   -2.314689846377E-02
   -2.429722134064E-02
   -2.947860487472E-02
   -3.485404452496E-02
   -4.045840192940E-02
   -5.016910868982E-02
   -5.873638722891E-02
   -6.647533577958E-02
   -7.646715949101E-02
   -8.667855299727E-02
   -9.421866191174E-02
   -1.014626505585E-01
   -1.081015200320E-01
   -1.141499723755E-01
   -1.190717489511E-01
   -1.133128983531E-01
   -1.121146024906E-01
   -1.081015200320E-01
   -1.036518455243E-01
   -9.788070271177E-02
   -9.125133056068E-02
   -8.295815052323E-02
   -7.231008086620E-02
   -6.423173062839E-02
   -5.675552086353E-02
   -4.775893474784E-02
   -3.873954860015E-02
   -3.343231896706E-02
   -2.814345773659E-02
   -2.317540331385E-02
   -2.211896019062E-02
   -2.317540331385E-02
   -2.814345773659E-02
   -3.343231896706E-02
   -3.873954860015E-02
   -4.775893474784E-02
   -5.675552086353E-02
   -6.423173062839E-02
   -7.231008086620E-02
   -8.295815052323E-02
   -9.125133056068E-02
   -9.788070271177E-02
   -1.036518455243E-01
   -1.081015200320E-01
   -1.121146024906E-01
   -1.053558717902E-01
   -1.045775650710E-01
   -1.014626505585E-01
   -9.788070271176E-02
   -9.292335825342E-02
   -8.635055961361E-02
   -7.746759350029E-02
   -6.822575565641E-02
   -6.201470906914E-02
   -5.325283432677E-02
   -4.368419704566E-02
   -3.661639495540E-02
   -3.190986788214E-02
   -2.665697111701E-02
   -2.176668579535E-02
   -2.033245528053E-02
   -2.176668579534E-02
   -2.665697111701E-02
   -3.190986788214E-02
   -3.661639495540E-02
   -4.368419704566E-02
   -5.325283432676E-02
   -6.201470906914E-02
   -6.822575565641E-02
   -7.746759350029E-02
   -8.635055961361E-02
   -9.292335825342E-02
   -9.788070271176E-02
   -1.014626505585E-01
   -1.045775650710E-01
   -9.763538717879E-02
   -9.701823470607E-02
   -9.421866191174E-02
   -9.125133056068E-02
   -8.635055961361E-02
   -7.849647501559E-02
   -7.038915850738E-02
   -6.324605479942E-02
   -5.707224491197E-02
   -4.856343640829E-02
   -4.112615091152E-02
   -3.543197027088E-02
   -2.912185162124E-02
   -2.420494888963E-02
   -2.091318271634E-02
   -1.919135456631E-02
   -2.091318271633E-02
   -2.420494888964E-02
   -2.912185162124E-02
   -3.543197027088E-02
   -4.112615091152E-02
   -4.856343640829E-02
   -5.707224491197E-02
   -6.324605479941E-02
   -7.038915850738E-02
   -7.849647501559E-02
   -8.635055961361E-02
   -9.125133056068E-02
   -9.421866191174E-02
   -9.701823470607E-02
   -8.956465006059E-02
   -8.929970978027E-02
   -8.667855299727E-02
   -8.295815052323E-02
   -7.746759350029E-02
   -7.038915850738E-02
   -6.503280560226E-02
   -5.875506045518E-02
   -5.135011857110E-02
   -4.358021729367E-02
   -3.737107535435E-02
   -3.256776447030E-02
   -2.645804618444E-02
   -2.299500753298E-02
   -1.965636516100E-02
   -1.605533085964E-02
   -1.965636516099E-02
   -2.299500753299E-02
   -2.645804618444E-02
   -3.256776447030E-02
   -3.737107535435E-02
   -4.358021729367E-02
   -5.135011857110E-02
   -5.875506045518E-02
   -6.503280560226E-02
   -7.038915850738E-02
   -7.746759350029E-02
   -8.295815052323E-02
   -8.667855299727E-02
   -8.929970978027E-02
   -7.922528941734E-02
   -7.915658078836E-02
   -7.646715949101E-02
   -7.231008086620E-02
   -6.822575565641E-02
   -6.324605479942E-02
   -5.875506045518E-02
   -5.252789806829E-02
   -4.561966491172E-02
   -3.936503883993E-02
   -3.345566291083E-02
   -2.877447027563E-02
   -2.325245404348E-02
   -2.077613306371E-02
   -1.839202339066E-02
   -1.486638355023E-02
   -1.839202339066E-02
   -2.077613306372E-02
   -2.325245404348E-02
   -2.877447027564E-02
   -3.345566291083E-02
   -3.936503883993E-02
   -4.561966491172E-02
   -5.252789806829E-02
   -5.875506045518E-02
   -6.324605479942E-02
   -6.822575565641E-02
   -7.231008086620E-02
   -7.646715949101E-02
   -7.915658078836E-02
   -6.888214420316E-02
   -6.847972731675E-02
   -6.647533577958E-02
   -6.423173062839E-02
   -6.201470906914E-02
   -5.707224491197E-02
   -5.135011857110E-02
   -4.561966491172E-02
   -3.990894159410E-02
   -3.531016679087E-02
   -3.019861280473E-02
   -2.522877477250E-02
   -2.028560333459E-02
   -1.712601854756E-02
   -1.568544142079E-02
   -1.442310599590E-02
   -1.568544142079E-02
   -1.712601854757E-02
   -2.028560333460E-02
   -2.522877477250E-02
   -3.019861280474E-02
   -3.531016679087E-02
   -3.990894159410E-02
   -4.561966491172E-02
   -5.135011857110E-02
   -5.707224491197E-02
   -6.201470906914E-02
   -6.423173062839E-02
   -6.647533577958E-02
   -6.847972731675E-02
   -6.082112169227E-02
   -5.999872631411E-02
   -5.873638722891E-02
   -5.675552086353E-02
   -5.325283432676E-02
   -4.856343640828E-02
   -4.358021729367E-02
   -3.936503883993E-02
   -3.531016679087E-02
   -3.125269073784E-02
   -2.595865930467E-02
   -2.111003759624E-02
   -1.851382604892E-02
   -1.498514089641E-02
   -1.281071674613E-02
   -1.310715944873E-02
   -1.281071674612E-02
   -1.498514089641E-02
   -1.851382604892E-02
   -2.111003759624E-02
   -2.595865930467E-02
   -3.125269073784E-02
   -3.531016679087E-02
   -3.936503883993E-02
   -4.358021729367E-02
   -4.856343640829E-02
   -5.325283432677E-02
   -5.675552086354E-02
   -5.873638722891E-02
   -5.999872631411E-02
   -5.175860234969E-02
   -5.094359400585E-02
   -5.016910868982E-02
   -4.775893474784E-02
   -4.368419704566E-02
   -4.112615091152E-02
   -3.737107535435E-02
   -3.345566291083E-02
   -3.019861280474E-02
   -2.595865930467E-02
   -2.227887343080E-02
   -1.897358785823E-02
   -1.629225665422E-02
   -1.265069368080E-02
   -1.089187599868E-02
   -1.182263563834E-02
   -1.089187599868E-02
   -1.265069368081E-02
   -1.629225665422E-02
   -1.897358785823E-02
   -2.227887343080E-02
   -2.595865930467E-02
   -3.019861280474E-02
   -3.345566291084E-02
   -3.737107535436E-02
   -4.112615091153E-02
   -4.368419704567E-02
   -4.775893474784E-02
   -5.016910868982E-02
   -5.094359400585E-02
   -4.205243500886E-02
   -4.148994536502E-02
   -4.045840192940E-02
   -3.873954860015E-02
   -3.661639495540E-02
   -3.543197027088E-02
   -3.256776447030E-02
   -2.877447027564E-02
   -2.522877477250E-02
   -2.111003759625E-02
   -1.897358785823E-02
   -1.613407932184E-02
   -1.297391291463E-02
   -1.140467874941E-02
   -9.919579125976E-03
   -9.377592544256E-03
   -9.919579125963E-03
   -1.140467874941E-02
   -1.297391291463E-02
   -1.613407932184E-02
   -1.897358785823E-02
   -2.111003759625E-02
   -2.522877477250E-02
   -2.877447027564E-02
   -3.256776447030E-02
   -3.543197027088E-02
   -3.661639495541E-02
   -3.873954860015E-02
   -4.045840192940E-02
   -4.148994536502E-02
   -3.606319268919E-02
   -3.612021218095E-02
   -3.485404452496E-02
   -3.343231896706E-02
   -3.190986788215E-02
   -2.912185162125E-02
   -2.645804618445E-02
   -2.325245404349E-02
   -2.028560333461E-02
   -1.851382604893E-02
   -1.629225665423E-02
   -1.297391291464E-02
   -1.115738480004E-02
   -1.022876399750E-02
   -7.938187480956E-03
   -6.605703509151E-03
   -7.938187480940E-03
   -1.022876399749E-02
   -1.115738480004E-02
   -1.297391291464E-02
   -1.629225665423E-02
   -1.851382604893E-02
   -2.028560333461E-02
   -2.325245404349E-02
   -2.645804618445E-02
   -2.912185162125E-02
   -3.190986788215E-02
   -3.343231896706E-02
   -3.485404452497E-02
   -3.612021218095E-02
   -3.000181326910E-02
   -3.025959246594E-02
   -2.947860487472E-02
   -2.814345773659E-02
   -2.665697111702E-02
   -2.420494888964E-02
   -2.299500753299E-02
   -2.077613306372E-02
   -1.712601854758E-02
   -1.498514089642E-02
   -1.265069368082E-02
   -1.140467874942E-02
   -1.022876399748E-02
   -7.004304884388E-03
   -6.044094763820E-03
   -6.683692337384E-03
   -6.044094763798E-03
   -7.004304884395E-03
   -1.022876399750E-02
   -1.140467874942E-02
   -1.265069368082E-02
   -1.498514089643E-02
   -1.712601854758E-02
   -2.077613306373E-02
   -2.299500753300E-02
   -2.420494888964E-02
   -2.665697111702E-02
   -2.814345773659E-02
   -2.947860487472E-02
   -3.025959246594E-02
   -2.489719429197E-02
   -2.443136328547E-02
   -2.429722134064E-02
   -2.317540331386E-02
   -2.176668579536E-02
   -2.091318271635E-02
   -1.965636516103E-02
   -1.839202339069E-02
   -1.568544142082E-02
   -1.281071674615E-02
   -1.089187599870E-02
   -9.919579125975E-03
   -7.938187480914E-03
   -6.044094763820E-03
   -5.948261155850E-03
   -5.930577238446E-03
   -5.948261155765E-03
   -6.044094763807E-03
   -7.938187480958E-03
   -9.919579125989E-03
   -1.089187599870E-02
   -1.281071674615E-02
   -1.568544142082E-02
   -1.839202339069E-02
   -1.965636516103E-02
   -2.091318271636E-02
   -2.176668579537E-02
   -2.317540331387E-02
   -2.429722134065E-02
   -2.443136328546E-02
   -2.314190685642E-02
   -2.273101970460E-02
   -2.314689846364E-02
   -2.211896019064E-02
   -2.033245528067E-02
   -1.919135456630E-02
   -1.605533085968E-02
   -1.486638355026E-02
   -1.442310599595E-02
   -1.310715944876E-02
   -1.182263563835E-02
   -9.377592544264E-03
   -6.605703509148E-03
   -6.683692337476E-03
   -5.930577238484E-03
   -2.879692364969E-03
   -5.930577238287E-03
   -6.683692337218E-03
   -6.605703509183E-03
   -9.377592544275E-03
   -1.182263563835E-02
   -1.310715944873E-02
   -1.442310599590E-02
   -1.486638355027E-02
   -1.605533085969E-02
   -1.919135456634E-02
   -2.033245528057E-02
   -2.211896019060E-02
   -2.314689846367E-02
   -2.273101970468E-02
   -2.489719429193E-02
   -2.443136328545E-02
   -2.429722134064E-02
   -2.317540331386E-02
   -2.176668579536E-02
   -2.091318271635E-02
   -1.965636516102E-02
   -1.839202339067E-02
   -1.568544142082E-02
   -1.281071674615E-02
   -1.089187599870E-02
   -9.919579125988E-03
   -7.938187480947E-03
   -6.044094763838E-03
   -5.948261155791E-03
   -5.930577238272E-03
   -5.948261155699E-03
   -6.044094763821E-03
   -7.938187480973E-03
   -9.919579125990E-03
   -1.089187599870E-02
   -1.281071674614E-02
   -1.568544142080E-02
   -1.839202339067E-02
   -1.965636516102E-02
   -2.091318271635E-02
   -2.176668579535E-02
   -2.317540331385E-02
   -2.429722134062E-02
   -2.443136328544E-02
   -3.000181326910E-02
   -3.025959246594E-02
   -2.947860487471E-02
   -2.814345773659E-02
   -2.665697111702E-02
   -2.420494888964E-02
   -2.299500753299E-02
   -2.077613306372E-02
   -1.712601854758E-02
   -1.498514089642E-02
   -1.265069368083E-02
   -1.140467874943E-02
   -1.022876399750E-02
   -7.004304884427E-03
   -6.044094763834E-03
   -6.683692337158E-03
   -6.044094763824E-03
   -7.004304884424E-03
   -1.022876399751E-02
   -1.140467874943E-02
   -1.265069368083E-02
   -1.498514089642E-02
   -1.712601854758E-02
   -2.077613306372E-02
   -2.299500753299E-02
   -2.420494888964E-02
   -2.665697111702E-02
   -2.814345773659E-02
   -2.947860487472E-02
   -3.025959246594E-02
   -3.606319268919E-02
   -3.612021218094E-02
   -3.485404452497E-02
   -3.343231896706E-02
   -3.190986788215E-02
   -2.912185162125E-02
   -2.645804618445E-02
   -2.325245404348E-02
   -2.028560333460E-02
   -1.851382604893E-02
   -1.629225665423E-02
   -1.297391291465E-02
   -1.115738480006E-02
   -1.022876399752E-02
   -7.938187481004E-03
   -6.605703509198E-03
   -7.938187480982E-03
   -1.022876399750E-02
   -1.115738480006E-02
   -1.297391291465E-02
   -1.629225665423E-02
   -1.851382604893E-02
   -2.028560333460E-02
   -2.325245404348E-02
   -2.645804618445E-02
   -2.912185162125E-02
   -3.190986788215E-02
   -3.343231896706E-02
   -3.485404452496E-02
   -3.612021218094E-02
   -4.205243500886E-02
   -4.148994536502E-02
   -4.045840192940E-02
   -3.873954860015E-02
   -3.661639495540E-02
   -3.543197027088E-02
   -3.256776447030E-02
   -2.877447027564E-02
   -2.522877477251E-02
   -2.111003759625E-02
   -1.897358785824E-02
   -1.613407932186E-02
   -1.297391291466E-02
   -1.140467874944E-02
   -9.919579126022E-03
   -9.377592544302E-03
   -9.919579126004E-03
   -1.140467874944E-02
   -1.297391291466E-02
   -1.613407932186E-02
   -1.897358785824E-02
   -2.111003759625E-02
   -2.522877477251E-02
   -2.877447027564E-02
   -3.256776447030E-02
   -3.543197027088E-02
   -3.661639495541E-02
   -3.873954860015E-02
   -4.045840192940E-02
   -4.148994536502E-02
   -5.175860234969E-02
   -5.094359400585E-02
   -5.016910868982E-02
   -4.775893474784E-02
   -4.368419704567E-02
   -4.112615091153E-02
   -3.737107535436E-02
   -3.345566291083E-02
   -3.019861280474E-02
   -2.595865930468E-02
   -2.227887343081E-02
   -1.897358785825E-02
   -1.629225665424E-02
   -1.265069368084E-02
   -1.089187599874E-02
   -1.182263563839E-02
   -1.089187599873E-02
   -1.265069368084E-02
   -1.629225665424E-02
   -1.897358785825E-02
   -2.227887343081E-02
   -2.595865930468E-02
   -3.019861280474E-02
   -3.345566291083E-02
   -3.737107535436E-02
   -4.112615091153E-02
   -4.368419704566E-02
   -4.775893474784E-02
   -5.016910868982E-02
   -5.094359400585E-02
   -6.082112169227E-02
   -5.999872631411E-02
   -5.873638722891E-02
   -5.675552086353E-02
   -5.325283432676E-02
   -4.856343640829E-02
   -4.358021729367E-02
   -3.936503883993E-02
   -3.531016679087E-02
   -3.125269073784E-02
   -2.595865930468E-02
   -2.111003759626E-02
   -1.851382604894E-02
   -1.498514089644E-02
   -1.281071674617E-02
   -1.310715944878E-02
   -1.281071674617E-02
   -1.498514089644E-02
   -1.851382604894E-02
   -2.111003759626E-02
   -2.595865930468E-02
   -3.125269073784E-02
   -3.531016679087E-02
   -3.936503883993E-02
   -4.358021729367E-02
   -4.856343640829E-02
   -5.325283432677E-02
   -5.675552086354E-02
   -5.873638722891E-02
   -5.999872631411E-02
   -6.888214420316E-02
   -6.847972731675E-02
   -6.647533577959E-02
   -6.423173062839E-02
   -6.201470906914E-02
   -5.707224491197E-02
   -5.135011857110E-02
   -4.561966491172E-02
   -3.990894159410E-02
   -3.531016679087E-02
   -3.019861280474E-02
   -2.522877477251E-02
   -2.028560333461E-02
   -1.712601854759E-02
   -1.568544142083E-02
   -1.442310599596E-02
   -1.568544142083E-02
   -1.712601854759E-02
   -2.028560333461E-02
   -2.522877477251E-02
   -3.019861280474E-02
   -3.531016679087E-02
   -3.990894159410E-02
   -4.561966491172E-02
   -5.135011857110E-02
   -5.707224491197E-02
   -6.201470906914E-02
   -6.423173062839E-02
   -6.647533577959E-02
   -6.847972731675E-02
   -7.922528941734E-02
   -7.915658078837E-02
   -7.646715949101E-02
   -7.231008086620E-02
   -6.822575565641E-02
   -6.324605479942E-02
   -5.875506045518E-02
   -5.252789806828E-02
   -4.561966491172E-02
   -3.936503883993E-02
   -3.345566291083E-02
   -2.877447027564E-02
   -2.325245404349E-02
   -2.077613306373E-02
   -1.839202339069E-02
   -1.486638355027E-02
   -1.839202339069E-02
   -2.077613306373E-02
   -2.325245404349E-02
   -2.877447027564E-02
   -3.345566291083E-02
   -3.936503883993E-02
   -4.561966491172E-02
   -5.252789806828E-02
   -5.875506045518E-02
   -6.324605479941E-02
   -6.822575565641E-02
   -7.231008086620E-02
   -7.646715949101E-02
   -7.915658078837E-02
   -8.956465006059E-02
   -8.929970978028E-02
   -8.667855299728E-02
   -8.295815052323E-02
   -7.746759350029E-02
   -7.038915850738E-02
   -6.503280560226E-02
   -5.875506045518E-02
   -5.135011857110E-02
   -4.358021729367E-02
   -3.737107535435E-02
   -3.256776447030E-02
   -2.645804618445E-02
   -2.299500753300E-02
   -1.965636516103E-02
   -1.605533085966E-02
   -1.965636516102E-02
   -2.299500753300E-02
   -2.645804618445E-02
   -3.256776447030E-02
   -3.737107535435E-02
   -4.358021729367E-02
   -5.135011857110E-02
   -5.875506045517E-02
   -6.503280560226E-02
   -7.038915850738E-02
   -7.746759350029E-02
   -8.295815052323E-02
   -8.667855299728E-02
   -8.929970978028E-02
   -9.763538717880E-02
   -9.701823470608E-02
   -9.421866191175E-02
   -9.125133056068E-02
   -8.635055961361E-02
   -7.849647501559E-02
   -7.038915850738E-02
   -6.324605479942E-02
   -5.707224491197E-02
   -4.856343640828E-02
   -4.112615091153E-02
   -3.543197027088E-02
   -2.912185162125E-02
   -2.420494888964E-02
   -2.091318271637E-02
   -1.919135456636E-02
   -2.091318271636E-02
   -2.420494888965E-02
   -2.912185162125E-02
   -3.543197027088E-02
   -4.112615091152E-02
   -4.856343640828E-02
   -5.707224491197E-02
   -6.324605479941E-02
   -7.038915850738E-02
   -7.849647501559E-02
   -8.635055961362E-02
   -9.125133056068E-02
   -9.421866191175E-02
   -9.701823470608E-02
   -1.053558717902E-01
   -1.045775650710E-01
   -1.014626505585E-01
   -9.788070271177E-02
   -9.292335825342E-02
   -8.635055961361E-02
   -7.746759350029E-02
   -6.822575565641E-02
   -6.201470906914E-02
   -5.325283432676E-02
   -4.368419704567E-02
   -3.661639495541E-02
   -3.190986788215E-02
   -2.665697111702E-02
   -2.176668579538E-02
   -2.033245528061E-02
   -2.176668579538E-02
   -2.665697111702E-02
   -3.190986788215E-02
   -3.661639495541E-02
   -4.368419704566E-02
   -5.325283432676E-02
   -6.201470906914E-02
   -6.822575565641E-02
   -7.746759350029E-02
   -8.635055961362E-02
   -9.292335825342E-02
   -9.788070271177E-02
   -1.014626505585E-01
   -1.045775650711E-01
   -1.133128983531E-01
   -1.121146024906E-01
   -1.081015200321E-01
   -1.036518455243E-01
   -9.788070271177E-02
   -9.125133056068E-02
   -8.295815052323E-02
   -7.231008086620E-02
   -6.423173062839E-02
   -5.675552086353E-02
   -4.775893474784E-02
   -3.873954860016E-02
   -3.343231896706E-02
   -2.814345773660E-02
   -2.317540331388E-02
   -2.211896019040E-02
   -2.317540331388E-02
   -2.814345773660E-02
   -3.343231896706E-02
   -3.873954860016E-02
   -4.775893474784E-02
   -5.675552086353E-02
   -6.423173062838E-02
   -7.231008086620E-02
   -8.295815052323E-02
   -9.125133056068E-02
   -9.788070271177E-02
   -1.036518455243E-01
   -1.081015200321E-01
   -1.121146024906E-01
   -1.202904037209E-01
   -1.190717489512E-01
   -1.141499723755E-01
   -1.081015200320E-01
   -1.014626505585E-01
   -9.421866191174E-02
   -8.667855299728E-02
   -7.646715949101E-02
   -6.647533577958E-02
   -5.873638722891E-02
   -5.016910868982E-02
   -4.045840192940E-02
   -3.485404452497E-02
   -2.947860487472E-02
   -2.429722134066E-02
   -2.314689846352E-02
   -2.429722134066E-02
   -2.947860487472E-02
   -3.485404452497E-02
   -4.045840192940E-02
   -5.016910868982E-02
   -5.873638722891E-02
   -6.647533577958E-02
   -7.646715949101E-02
   -8.667855299727E-02
   -9.421866191174E-02
   -1.014626505585E-01
   -1.081015200320E-01
   -1.141499723755E-01
   -1.190717489512E-01
   -1.248907899427E-01
   -1.238071178379E-01
   -1.190717489512E-01
   -1.121146024906E-01
   -1.045775650710E-01
   -9.701823470607E-02
   -8.929970978028E-02
   -7.915658078836E-02
   -6.847972731675E-02
   -5.999872631411E-02
   -5.094359400585E-02
   -4.148994536502E-02
   -3.612021218095E-02
   -3.025959246594E-02
   -2.443136328548E-02
   -2.273101970464E-02
   -2.443136328548E-02
   -3.025959246594E-02
   -3.612021218095E-02
   -4.148994536502E-02
   -5.094359400585E-02
   -5.999872631411E-02
   -6.847972731674E-02
   -7.915658078836E-02
   -8.929970978028E-02
   -9.701823470608E-02
   -1.045775650710E-01
   -1.121146024906E-01
   -1.190717489512E-01
   -1.238071178379E-01
   -1.494877067168E-01
   -1.491791119101E-01
   -1.471518455236E-01
   -1.410086903333E-01
   -1.309952944759E-01
   -1.173282569935E-01
   -1.042056225482E-01
   -9.460428711659E-02
   -8.273334284561E-02
   -7.054610967715E-02
   -6.082112169227E-02
   -5.066793550262E-02
   -4.076392730654E-02
   -3.477452417143E-02
   -2.982302575586E-02
   -2.621414183720E-02
   -2.982302575585E-02
   -3.477452417144E-02
   -4.076392730654E-02
   -5.066793550263E-02
   -6.082112169226E-02
   -7.054610967714E-02
   -8.273334284560E-02
   -9.460428711659E-02
   -1.042056225482E-01
   -1.173282569935E-01
   -1.309952944759E-01
   -1.410086903333E-01
   -1.471518455236E-01
   -1.491791119101E-01
   -1.491791119101E-01
   -1.485142493922E-01
   -1.459691302417E-01
   -1.400007152081E-01
   -1.299612702909E-01
   -1.161435276775E-01
   -1.031906682836E-01
   -9.385159272540E-02
   -8.240922773211E-02
   -7.008233764744E-02
   -5.999872631410E-02
   -4.979111624564E-02
   -4.079621138035E-02
   -3.502145242805E-02
   -2.928174118653E-02
   -2.504165384417E-02
   -2.928174118653E-02
   -3.502145242805E-02
   -4.079621138035E-02
   -4.979111624564E-02
   -5.999872631410E-02
   -7.008233764743E-02
   -8.240922773210E-02
   -9.385159272540E-02
   -1.031906682836E-01
   -1.161435276774E-01
   -1.299612702908E-01
   -1.400007152081E-01
   -1.459691302417E-01
   -1.485142493922E-01
   -1.471518455236E-01
   -1.459691302417E-01
   -1.423086069552E-01
   -1.358086232131E-01
   -1.251642044101E-01
   -1.119850685098E-01
   -1.005348981501E-01
   -9.152284359957E-02
   -8.007133596923E-02
   -6.800092069966E-02
   -5.873638722890E-02
   -4.832969400832E-02
   -4.016281802600E-02
   -3.454301294095E-02
   -2.827732747445E-02
   -2.481342690257E-02
   -2.827732747444E-02
   -3.454301294095E-02
   -4.016281802600E-02
   -4.832969400832E-02
   -5.873638722890E-02
   -6.800092069966E-02
   -8.007133596923E-02
   -9.152284359957E-02
   -1.005348981501E-01
   -1.119850685098E-01
   -1.251642044101E-01
   -1.358086232131E-01
   -1.423086069552E-01
   -1.459691302417E-01
   -1.410086903333E-01
   -1.400007152081E-01
   -1.358086232131E-01
   -1.281632616915E-01
   -1.172302180756E-01
   -1.063862136909E-01
   -9.735479684626E-02
   -8.822007364617E-02
   -7.598722823288E-02
   -6.445032323486E-02
   -5.675552086353E-02
   -4.614959286632E-02
   -3.863239797540E-02
   -3.308531728964E-02
   -2.679469110280E-02
   -2.487905041389E-02
   -2.679469110281E-02
   -3.308531728964E-02
   -3.863239797541E-02
   -4.614959286632E-02
   -5.675552086353E-02
   -6.445032323486E-02
   -7.598722823288E-02
   -8.822007364617E-02
   -9.735479684626E-02
   -1.063862136909E-01
   -1.172302180756E-01
   -1.281632616915E-01
   -1.358086232131E-01
   -1.400007152081E-01
   -1.309952944759E-01
   -1.299612702909E-01
   -1.251642044101E-01
   -1.172302180756E-01
   -1.078280181166E-01
   -9.979206197523E-02
   -9.187331175592E-02
   -8.235534538830E-02
   -7.121121444914E-02
   -6.086344830334E-02
   -5.325283432676E-02
   -4.304458730960E-02
   -3.710137553954E-02
   -3.170916686535E-02
   -2.506989149314E-02
   -2.382097752966E-02
   -2.506989149315E-02
   -3.170916686535E-02
   -3.710137553954E-02
   -4.304458730960E-02
   -5.325283432676E-02
   -6.086344830333E-02
   -7.121121444914E-02
   -8.235534538829E-02
   -9.187331175592E-02
   -9.979206197523E-02
   -1.078280181166E-01
   -1.172302180756E-01
   -1.251642044101E-01
   -1.299612702909E-01
   -1.173282569935E-01
   -1.161435276775E-01
   -1.119850685098E-01
   -1.063862136909E-01
   -9.979206197523E-02
   -9.385561393143E-02
   -8.585689136741E-02
   -7.539563530445E-02
   -6.625079021083E-02
   -5.695192424783E-02
   -4.856343640829E-02
   -3.997879594544E-02
   -3.446981740323E-02
   -2.883802852760E-02
   -2.338896709475E-02
   -2.263804950912E-02
   -2.338896709476E-02
   -2.883802852760E-02
   -3.446981740323E-02
   -3.997879594544E-02
   -4.856343640828E-02
   -5.695192424783E-02
   -6.625079021083E-02
   -7.539563530445E-02
   -8.585689136741E-02
   -9.385561393143E-02
   -9.979206197523E-02
   -1.063862136909E-01
   -1.119850685098E-01
   -1.161435276775E-01
   -1.042056225482E-01
   -1.031906682836E-01
   -1.005348981501E-01
   -9.735479684626E-02
   -9.187331175592E-02
   -8.585689136741E-02
   -7.774906290530E-02
   -6.794333737694E-02
   -6.090975477189E-02
   -5.182167732655E-02
   -4.358021729367E-02
   -3.776118066937E-02
   -3.137347599936E-02
   -2.548736101660E-02
   -2.176319061988E-02
   -2.072045653507E-02
   -2.176319061989E-02
   -2.548736101660E-02
   -3.137347599936E-02
   -3.776118066937E-02
   -4.358021729367E-02
   -5.182167732655E-02
   -6.090975477189E-02
   -6.794333737694E-02
   -7.774906290530E-02
   -8.585689136741E-02
   -9.187331175592E-02
   -9.735479684626E-02
   -1.005348981501E-01
   -1.031906682836E-01
   -9.460428711660E-02
   -9.385159272540E-02
   -9.152284359957E-02
   -8.822007364617E-02
   -8.235534538830E-02
   -7.539563530445E-02
   -6.794333737694E-02
   -6.058244490381E-02
   -5.448377282454E-02
   -4.575083030111E-02
   -3.936503883993E-02
   -3.512416070182E-02
   -2.807078428131E-02
   -2.291722293325E-02
   -1.988780331397E-02
   -1.787743687208E-02
   -1.988780331397E-02
   -2.291722293325E-02
   -2.807078428131E-02
   -3.512416070182E-02
   -3.936503883993E-02
   -4.575083030110E-02
   -5.448377282453E-02
   -6.058244490380E-02
   -6.794333737694E-02
   -7.539563530445E-02
   -8.235534538830E-02
   -8.822007364617E-02
   -9.152284359957E-02
   -9.385159272540E-02
   -8.273334284561E-02
   -8.240922773211E-02
   -8.007133596924E-02
   -7.598722823288E-02
   -7.121121444914E-02
   -6.625079021083E-02
   -6.090975477189E-02
   -5.448377282453E-02
   -4.695017804280E-02
   -3.980306416157E-02
   -3.531016679087E-02
   -3.016412328257E-02
   -2.423574295747E-02
   -2.055558552454E-02
   -1.774762942583E-02
   -1.599320629101E-02
   -1.774762942583E-02
   -2.055558552454E-02
   -2.423574295747E-02
   -3.016412328257E-02
   -3.531016679087E-02
   -3.980306416157E-02
   -4.695017804279E-02
   -5.448377282453E-02
   -6.090975477189E-02
   -6.625079021082E-02
   -7.121121444914E-02
   -7.598722823288E-02
   -8.007133596924E-02
   -8.240922773211E-02
   -7.054610967715E-02
   -7.008233764744E-02
   -6.800092069967E-02
   -6.445032323486E-02
   -6.086344830334E-02
   -5.695192424783E-02
   -5.182167732656E-02
   -4.575083030111E-02
   -3.980306416157E-02
   -3.586131799608E-02
   -3.125269073784E-02
   -2.501596720156E-02
   -2.141524724797E-02
   -1.807567191580E-02
   -1.541731905343E-02
   -1.515858607866E-02
   -1.541731905344E-02
   -1.807567191580E-02
   -2.141524724797E-02
   -2.501596720156E-02
   -3.125269073784E-02
   -3.586131799608E-02
   -3.980306416157E-02
   -4.575083030110E-02
   -5.182167732655E-02
   -5.695192424783E-02
   -6.086344830334E-02
   -6.445032323486E-02
   -6.800092069967E-02
   -7.008233764744E-02
   -6.082112169227E-02
   -5.999872631411E-02
   -5.873638722891E-02
   -5.675552086354E-02
   -5.325283432677E-02
   -4.856343640829E-02
   -4.358021729367E-02
   -3.936503883993E-02
   -3.531016679087E-02
   -3.125269073784E-02
   -2.595865930468E-02
   -2.111003759626E-02
   -1.851382604894E-02
   -1.498514089644E-02
   -1.281071674618E-02
   -1.310715944881E-02
   -1.281071674618E-02
   -1.498514089644E-02
   -1.851382604895E-02
   -2.111003759626E-02
   -2.595865930468E-02
   -3.125269073784E-02
   -3.531016679087E-02
   -3.936503883993E-02
   -4.358021729367E-02
   -4.856343640828E-02
   -5.325283432676E-02
   -5.675552086353E-02
   -5.873638722891E-02
   -5.999872631411E-02
   -5.066793550263E-02
   -4.979111624564E-02
   -4.832969400833E-02
   -4.614959286632E-02
   -4.304458730960E-02
   -3.997879594545E-02
   -3.776118066937E-02
   -3.512416070182E-02
   -3.016412328257E-02
   -2.501596720156E-02
   -2.111003759626E-02
   -1.799640555580E-02
   -1.521316081497E-02
   -1.349938018373E-02
   -1.177878583251E-02
   -1.037728010168E-02
   -1.177878583252E-02
   -1.349938018373E-02
   -1.521316081497E-02
   -1.799640555580E-02
   -2.111003759626E-02
   -2.501596720156E-02
   -3.016412328257E-02
   -3.512416070182E-02
   -3.776118066937E-02
   -3.997879594544E-02
   -4.304458730960E-02
   -4.614959286632E-02
   -4.832969400833E-02
   -4.979111624564E-02
   -4.076392730654E-02
   -4.079621138035E-02
   -4.016281802600E-02
   -3.863239797541E-02
   -3.710137553954E-02
   -3.446981740323E-02
   -3.137347599935E-02
   -2.807078428131E-02
   -2.423574295746E-02
   -2.141524724797E-02
   -1.851382604894E-02
   -1.521316081497E-02
   -1.204496213388E-02
   -1.120414666690E-02
   -1.021121099389E-02
   -8.422111447938E-03
   -1.021121099390E-02
   -1.120414666690E-02
   -1.204496213388E-02
   -1.521316081497E-02
   -1.851382604894E-02
   -2.141524724797E-02
   -2.423574295746E-02
   -2.807078428131E-02
   -3.137347599935E-02
   -3.446981740323E-02
   -3.710137553954E-02
   -3.863239797541E-02
   -4.016281802600E-02
   -4.079621138035E-02
   -3.477452417144E-02
   -3.502145242805E-02
   -3.454301294095E-02
   -3.308531728964E-02
   -3.170916686535E-02
   -2.883802852760E-02
   -2.548736101660E-02
   -2.291722293325E-02
   -2.055558552454E-02
   -1.807567191580E-02
   -1.498514089643E-02
   -1.349938018372E-02
   -1.120414666691E-02
   -8.331879761369E-03
   -7.948528188927E-03
   -8.195193486904E-03
   -7.948528188943E-03
   -8.331879761363E-03
   -1.120414666690E-02
   -1.349938018372E-02
   -1.498514089644E-02
   -1.807567191580E-02
   -2.055558552454E-02
   -2.291722293325E-02
   -2.548736101660E-02
   -2.883802852760E-02
   -3.170916686535E-02
   -3.308531728964E-02
   -3.454301294095E-02
   -3.502145242805E-02
   -2.982302575585E-02
   -2.928174118653E-02
   -2.827732747445E-02
   -2.679469110280E-02
   -2.506989149314E-02
   -2.338896709475E-02
   -2.176319061987E-02
   -1.988780331396E-02
   -1.774762942582E-02
   -1.541731905343E-02
   -1.281071674617E-02
   -1.177878583252E-02
   -1.021121099393E-02
   -7.948528188930E-03
   -7.020629442816E-03
   -6.505651262636E-03
   -7.020629442857E-03
   -7.948528188939E-03
   -1.021121099389E-02
   -1.177878583252E-02
   -1.281071674617E-02
   -1.541731905344E-02
   -1.774762942582E-02
   -1.988780331396E-02
   -2.176319061987E-02
   -2.338896709474E-02
   -2.506989149313E-02
   -2.679469110279E-02
   -2.827732747444E-02
   -2.928174118654E-02
   -2.621414183722E-02
   -2.504165384438E-02
   -2.481342690263E-02
   -2.487905041387E-02
   -2.382097752955E-02
   -2.263804950915E-02
   -2.072045653502E-02
   -1.787743687205E-02
   -1.599320629096E-02
   -1.515858607863E-02
   -1.310715944880E-02
   -1.037728010169E-02
   -8.422111447956E-03
   -8.195193486857E-03
   -6.505651262575E-03
   -4.732778511443E-03
   -6.505651262678E-03
   -8.195193487037E-03
   -8.422111447917E-03
   -1.037728010169E-02
   -1.310715944880E-02
   -1.515858607866E-02
   -1.599320629101E-02
   -1.787743687206E-02
   -2.072045653502E-02
   -2.263804950911E-02
   -2.382097752963E-02
   -2.487905041388E-02
   -2.481342690262E-02
   -2.504165384432E-02
   -2.982302575588E-02
   -2.928174118655E-02
   -2.827732747445E-02
   -2.679469110280E-02
   -2.506989149314E-02
   -2.338896709474E-02
   -2.176319061987E-02
   -1.988780331396E-02
   -1.774762942582E-02
   -1.541731905343E-02
   -1.281071674617E-02
   -1.177878583252E-02
   -1.021121099391E-02
   -7.948528188933E-03
   -7.020629442844E-03
   -6.505651262675E-03
   -7.020629442893E-03
   -7.948528188944E-03
   -1.021121099389E-02
   -1.177878583252E-02
   -1.281071674617E-02
   -1.541731905344E-02
   -1.774762942583E-02
   -1.988780331396E-02
   -2.176319061987E-02
   -2.338896709474E-02
   -2.506989149314E-02
   -2.679469110280E-02
   -2.827732747447E-02
   -2.928174118655E-02
   -3.477452417144E-02
   -3.502145242805E-02
   -3.454301294096E-02
   -3.308531728964E-02
   -3.170916686535E-02
   -2.883802852760E-02
   -2.548736101660E-02
   -2.291722293326E-02
   -2.055558552454E-02
   -1.807567191580E-02
   -1.498514089644E-02
   -1.349938018372E-02
   -1.120414666691E-02
   -8.331879761357E-03
   -7.948528188943E-03
   -8.195193487098E-03
   -7.948528188944E-03
   -8.331879761357E-03
   -1.120414666690E-02
   -1.349938018372E-02
   -1.498514089643E-02
   -1.807567191580E-02
   -2.055558552454E-02
   -2.291722293325E-02
   -2.548736101660E-02
   -2.883802852760E-02
   -3.170916686535E-02
   -3.308531728964E-02
   -3.454301294095E-02
   -3.502145242804E-02
   -4.076392730654E-02
   -4.079621138036E-02
   -4.016281802600E-02
   -3.863239797541E-02
   -3.710137553954E-02
   -3.446981740323E-02
   -3.137347599935E-02
   -2.807078428131E-02
   -2.423574295746E-02
   -2.141524724797E-02
   -1.851382604894E-02
   -1.521316081496E-02
   -1.204496213387E-02
   -1.120414666689E-02
   -1.021121099386E-02
   -8.422111447906E-03
   -1.021121099388E-02
   -1.120414666690E-02
   -1.204496213387E-02
   -1.521316081496E-02
   -1.851382604894E-02
   -2.141524724797E-02
   -2.423574295746E-02
   -2.807078428131E-02
   -3.137347599935E-02
   -3.446981740323E-02
   -3.710137553954E-02
   -3.863239797541E-02
   -4.016281802600E-02
   -4.079621138036E-02
   -5.066793550262E-02
   -4.979111624565E-02
   -4.832969400833E-02
   -4.614959286632E-02
   -4.304458730960E-02
   -3.997879594544E-02
   -3.776118066937E-02
   -3.512416070182E-02
   -3.016412328257E-02
   -2.501596720156E-02
   -2.111003759626E-02
   -1.799640555580E-02
   -1.521316081496E-02
   -1.349938018372E-02
   -1.177878583251E-02
   -1.037728010169E-02
   -1.177878583252E-02
   -1.349938018372E-02
   -1.521316081496E-02
   -1.799640555580E-02
   -2.111003759626E-02
   -2.501596720156E-02
   -3.016412328257E-02
   -3.512416070182E-02
   -3.776118066937E-02
   -3.997879594544E-02
   -4.304458730960E-02
   -4.614959286632E-02
   -4.832969400833E-02
   -4.979111624564E-02
   -6.082112169226E-02
   -5.999872631411E-02
   -5.873638722891E-02
   -5.675552086354E-02
   -5.325283432677E-02
   -4.856343640828E-02
   -4.358021729367E-02
   -3.936503883993E-02
   -3.531016679087E-02
   -3.125269073784E-02
   -2.595865930468E-02
   -2.111003759626E-02
   -1.851382604894E-02
   -1.498514089643E-02
   -1.281071674617E-02
   -1.310715944878E-02
   -1.281071674616E-02
   -1.498514089643E-02
   -1.851382604894E-02
   -2.111003759625E-02
   -2.595865930468E-02
   -3.125269073784E-02
   -3.531016679087E-02
   -3.936503883993E-02
   -4.358021729367E-02
   -4.856343640829E-02
   -5.325283432677E-02
   -5.675552086353E-02
   -5.873638722891E-02
   -5.999872631411E-02
   -7.054610967713E-02
   -7.008233764744E-02
   -6.800092069967E-02
   -6.445032323486E-02
   -6.086344830334E-02
   -5.695192424783E-02
   -5.182167732655E-02
   -4.575083030111E-02
   -3.980306416157E-02
   -3.586131799608E-02
   -3.125269073784E-02
   -2.501596720156E-02
   -2.141524724797E-02
   -1.807567191579E-02
   -1.541731905343E-02
   -1.515858607864E-02
   -1.541731905343E-02
   -1.807567191579E-02
   -2.141524724797E-02
   -2.501596720156E-02
   -3.125269073784E-02
   -3.586131799608E-02
   -3.980306416157E-02
   -4.575083030111E-02
   -5.182167732655E-02
   -5.695192424783E-02
   -6.086344830334E-02
   -6.445032323486E-02
   -6.800092069967E-02
   -7.008233764744E-02
   -8.273334284560E-02
   -8.240922773211E-02
   -8.007133596923E-02
   -7.598722823288E-02
   -7.121121444914E-02
   -6.625079021083E-02
   -6.090975477189E-02
   -5.448377282453E-02
   -4.695017804279E-02
   -3.980306416157E-02
   -3.531016679087E-02
   -3.016412328257E-02
   -2.423574295746E-02
   -2.055558552453E-02
   -1.774762942583E-02
   -1.599320629097E-02
   -1.774762942582E-02
   -2.055558552454E-02
   -2.423574295746E-02
   -3.016412328257E-02
   -3.531016679087E-02
   -3.980306416157E-02
   -4.695017804279E-02
   -5.448377282454E-02
   -6.090975477189E-02
   -6.625079021083E-02
   -7.121121444914E-02
   -7.598722823288E-02
   -8.007133596923E-02
   -8.240922773211E-02
   -9.460428711659E-02
   -9.385159272540E-02
   -9.152284359957E-02
   -8.822007364617E-02
   -8.235534538829E-02
   -7.539563530445E-02
   -6.794333737694E-02
   -6.058244490381E-02
   -5.448377282453E-02
   -4.575083030111E-02
   -3.936503883993E-02
   -3.512416070182E-02
   -2.807078428131E-02
   -2.291722293325E-02
   -1.988780331397E-02
   -1.787743687207E-02
   -1.988780331396E-02
   -2.291722293326E-02
   -2.807078428131E-02
   -3.512416070182E-02
   -3.936503883993E-02
   -4.575083030111E-02
   -5.448377282454E-02
   -6.058244490381E-02
   -6.794333737694E-02
   -7.539563530445E-02
   -8.235534538829E-02
   -8.822007364616E-02
   -9.152284359957E-02
   -9.385159272540E-02
   -1.042056225482E-01
   -1.031906682836E-01
   -1.005348981501E-01
   -9.735479684626E-02
   -9.187331175592E-02
   -8.585689136741E-02
   -7.774906290530E-02
   -6.794333737694E-02
   -6.090975477189E-02
   -5.182167732655E-02
   -4.358021729367E-02
   -3.776118066937E-02
   -3.137347599935E-02
   -2.548736101660E-02
   -2.176319061988E-02
   -2.072045653507E-02
   -2.176319061988E-02
   -2.548736101660E-02
   -3.137347599935E-02
   -3.776118066937E-02
   -4.358021729367E-02
   -5.182167732655E-02
   -6.090975477189E-02
   -6.794333737694E-02
   -7.774906290530E-02
   -8.585689136741E-02
   -9.187331175592E-02
   -9.735479684626E-02
   -1.005348981501E-01
   -1.031906682836E-01
   -1.173282569935E-01
   -1.161435276774E-01
   -1.119850685098E-01
   -1.063862136909E-01
   -9.979206197522E-02
   -9.385561393143E-02
   -8.585689136741E-02
   -7.539563530445E-02
   -6.625079021083E-02
   -5.695192424783E-02
   -4.856343640828E-02
   -3.997879594544E-02
   -3.446981740323E-02
   -2.883802852760E-02
   -2.338896709474E-02
   -2.263804950912E-02
   -2.338896709474E-02
   -2.883802852760E-02
   -3.446981740323E-02
   -3.997879594544E-02
   -4.856343640829E-02
   -5.695192424783E-02
   -6.625079021083E-02
   -7.539563530445E-02
   -8.585689136741E-02
   -9.385561393143E-02
   -9.979206197522E-02
   -1.063862136909E-01
   -1.119850685098E-01
   -1.161435276774E-01
   -1.309952944759E-01
   -1.299612702908E-01
   -1.251642044100E-01
   -1.172302180756E-01
   -1.078280181166E-01
   -9.979206197523E-02
   -9.187331175592E-02
   -8.235534538829E-02
   -7.121121444914E-02
   -6.086344830334E-02
   -5.325283432676E-02
   -4.304458730960E-02
   -3.710137553954E-02
   -3.170916686535E-02
   -2.506989149313E-02
   -2.382097752963E-02
   -2.506989149313E-02
   -3.170916686535E-02
   -3.710137553953E-02
   -4.304458730960E-02
   -5.325283432677E-02
   -6.086344830333E-02
   -7.121121444914E-02
   -8.235534538829E-02
   -9.187331175592E-02
   -9.979206197522E-02
   -1.078280181166E-01
   -1.172302180756E-01
   -1.251642044100E-01
   -1.299612702908E-01
   -1.410086903333E-01
   -1.400007152081E-01
   -1.358086232131E-01
   -1.281632616915E-01
   -1.172302180756E-01
   -1.063862136909E-01
   -9.735479684626E-02
   -8.822007364616E-02
   -7.598722823288E-02
   -6.445032323486E-02
   -5.675552086353E-02
   -4.614959286632E-02
   -3.863239797541E-02
   -3.308531728964E-02
   -2.679469110279E-02
   -2.487905041409E-02
   -2.679469110279E-02
   -3.308531728964E-02
   -3.863239797540E-02
   -4.614959286632E-02
   -5.675552086353E-02
   -6.445032323486E-02
   -7.598722823288E-02
   -8.822007364617E-02
   -9.735479684626E-02
   -1.063862136909E-01
   -1.172302180756E-01
   -1.281632616915E-01
   -1.358086232131E-01
   -1.400007152081E-01
   -1.471518455236E-01
   -1.459691302417E-01
   -1.423086069552E-01
   -1.358086232131E-01
   -1.251642044101E-01
   -1.119850685098E-01
   -1.005348981501E-01
   -9.152284359957E-02
   -8.007133596923E-02
   -6.800092069966E-02
   -5.873638722890E-02
   -4.832969400832E-02
   -4.016281802600E-02
   -3.454301294095E-02
   -2.827732747444E-02
   -2.481342690278E-02
   -2.827732747444E-02
   -3.454301294095E-02
   -4.016281802600E-02
   -4.832969400832E-02
   -5.873638722890E-02
   -6.800092069966E-02
   -8.007133596923E-02
   -9.152284359957E-02
   -1.005348981501E-01
   -1.119850685098E-01
   -1.251642044101E-01
   -1.358086232131E-01
   -1.423086069552E-01
   -1.459691302416E-01
   -1.491791119101E-01
   -1.485142493922E-01
   -1.459691302417E-01
   -1.400007152081E-01
   -1.299612702909E-01
   -1.161435276775E-01
   -1.031906682836E-01
   -9.385159272540E-02
   -8.240922773211E-02
   -7.008233764744E-02
   -5.999872631410E-02
   -4.979111624564E-02
   -4.079621138035E-02
   -3.502145242805E-02
   -2.928174118653E-02
   -2.504165384436E-02
   -2.928174118652E-02
   -3.502145242805E-02
   -4.079621138035E-02
   -4.979111624564E-02
   -5.999872631410E-02
   -7.008233764743E-02
   -8.240922773210E-02
   -9.385159272540E-02
   -1.031906682836E-01
   -1.161435276774E-01
   -1.299612702908E-01
   -1.400007152081E-01
   -1.459691302416E-01
   -1.485142493922E-01
   -1.815651542017E-01
   -1.770518521408E-01
   -1.681620728570E-01
   -1.579566038018E-01
   -1.507471708526E-01
   -1.426343771257E-01
   -1.264207885025E-01
   -1.085496388885E-01
   -9.490048640154E-02
   -8.273334284561E-02
   -6.888214420315E-02
   -5.932017097023E-02
   -4.826305961904E-02
   -3.960132491571E-02
   -3.377823075524E-02
   -2.638760339254E-02
   -3.377823075525E-02
   -3.960132491571E-02
   -4.826305961906E-02
   -5.932017097024E-02
   -6.888214420313E-02
   -8.273334284559E-02
   -9.490048640154E-02
   -1.085496388885E-01
   -1.264207885025E-01
   -1.426343771257E-01
   -1.507471708526E-01
   -1.579566038018E-01
   -1.681620728570E-01
   -1.770518521408E-01
   -1.770518521408E-01
   -1.730491662338E-01
   -1.653706269683E-01
   -1.566589203852E-01
   -1.499233195692E-01
   -1.415593059246E-01
   -1.248786765424E-01
   -1.069533551000E-01
   -9.439155817776E-02
   -8.240922773210E-02
   -6.847972731673E-02
   -5.882733787588E-02
   -4.728942759684E-02
   -3.876915050434E-02
   -3.386312499139E-02
   -2.790101875466E-02
   -3.386312499139E-02
   -3.876915050434E-02
   -4.728942759685E-02
   -5.882733787589E-02
   -6.847972731672E-02
   -8.240922773209E-02
   -9.439155817776E-02
   -1.069533551000E-01
   -1.248786765424E-01
   -1.415593059246E-01
   -1.499233195692E-01
   -1.566589203852E-01
   -1.653706269683E-01
   -1.730491662338E-01
   -1.681620728570E-01
   -1.653706269683E-01
   -1.598728732964E-01
   -1.535520447894E-01
   -1.473045970344E-01
   -1.376150367261E-01
   -1.202495661104E-01
   -1.036089977791E-01
   -9.274787100536E-02
   -8.007133596923E-02
   -6.647533577957E-02
   -5.746538422998E-02
   -4.636247607076E-02
   -3.804388891788E-02
   -3.280080270286E-02
   -2.746910079340E-02
   -3.280080270286E-02
   -3.804388891788E-02
   -4.636247607077E-02
   -5.746538422999E-02
   -6.647533577956E-02
   -8.007133596922E-02
   -9.274787100536E-02
   -1.036089977791E-01
   -1.202495661104E-01
   -1.376150367261E-01
   -1.473045970344E-01
   -1.535520447895E-01
   -1.598728732964E-01
   -1.653706269683E-01
   -1.579566038018E-01
   -1.566589203852E-01
   -1.535520447894E-01
   -1.492332083703E-01
   -1.424333583399E-01
   -1.300372173259E-01
   -1.131723190225E-01
   -9.996716113434E-02
   -8.944518448071E-02
   -7.598722823288E-02
   -6.423173062838E-02
   -5.468243567129E-02
   -4.391389371224E-02
   -3.658625605367E-02
   -3.134394022239E-02
   -2.704446220764E-02
   -3.134394022238E-02
   -3.658625605367E-02
   -4.391389371225E-02
   -5.468243567130E-02
   -6.423173062837E-02
   -7.598722823286E-02
   -8.944518448071E-02
   -9.996716113434E-02
   -1.131723190225E-01
   -1.300372173259E-01
   -1.424333583399E-01
   -1.492332083703E-01
   -1.535520447894E-01
   -1.566589203852E-01
   -1.507471708526E-01
   -1.499233195692E-01
   -1.473045970344E-01
   -1.424333583399E-01
   -1.330870688609E-01
   -1.188571423933E-01
   -1.046374805096E-01
   -9.447707479304E-02
   -8.336140269554E-02
   -7.121121444914E-02
   -6.201470906914E-02
   -5.107598902069E-02
   -4.106767118398E-02
   -3.485853949028E-02
   -2.942038785438E-02
   -2.628398486392E-02
   -2.942038785437E-02
   -3.485853949028E-02
   -4.106767118398E-02
   -5.107598902069E-02
   -6.201470906913E-02
   -7.121121444913E-02
   -8.336140269554E-02
   -9.447707479304E-02
   -1.046374805096E-01
   -1.188571423933E-01
   -1.330870688609E-01
   -1.424333583399E-01
   -1.473045970344E-01
   -1.499233195692E-01
   -1.426343771257E-01
   -1.415593059246E-01
   -1.376150367261E-01
   -1.300372173259E-01
   -1.188571423933E-01
   -1.072649242113E-01
   -9.741174359664E-02
   -8.796657727404E-02
   -7.672418450331E-02
   -6.625079021082E-02
   -5.707224491196E-02
   -4.603390446651E-02
   -3.892187694637E-02
   -3.345143985837E-02
   -2.700067159846E-02
   -2.434760096631E-02
   -2.700067159844E-02
   -3.345143985837E-02
   -3.892187694637E-02
   -4.603390446651E-02
   -5.707224491197E-02
   -6.625079021082E-02
   -7.672418450331E-02
   -8.796657727405E-02
   -9.741174359664E-02
   -1.072649242113E-01
   -1.188571423933E-01
   -1.300372173259E-01
   -1.376150367261E-01
   -1.415593059246E-01
   -1.264207885025E-01
   -1.248786765424E-01
   -1.202495661104E-01
   -1.131723190225E-01
   -1.046374805096E-01
   -9.741174359664E-02
   -8.954292642567E-02
   -7.931823278477E-02
   -6.967981043302E-02
   -6.090975477189E-02
   -5.135011857110E-02
   -4.144753298930E-02
   -3.576410725289E-02
   -3.025840350066E-02
   -2.511764334815E-02
   -2.405654403652E-02
   -2.511764334813E-02
   -3.025840350067E-02
   -3.576410725289E-02
   -4.144753298931E-02
   -5.135011857110E-02
   -6.090975477189E-02
   -6.967981043302E-02
   -7.931823278477E-02
   -8.954292642567E-02
   -9.741174359664E-02
   -1.046374805096E-01
   -1.131723190225E-01
   -1.202495661104E-01
   -1.248786765424E-01
   -1.085496388885E-01
   -1.069533551000E-01
   -1.036089977791E-01
   -9.996716113434E-02
   -9.447707479304E-02
   -8.796657727404E-02
   -7.931823278477E-02
   -6.994606393060E-02
   -6.271951189625E-02
   -5.448377282453E-02
   -4.561966491172E-02
   -3.762697670481E-02
   -3.250756389534E-02
   -2.712554942771E-02
   -2.248122300342E-02
   -2.162650999440E-02
   -2.248122300341E-02
   -2.712554942771E-02
   -3.250756389534E-02
   -3.762697670481E-02
   -4.561966491172E-02
   -5.448377282454E-02
   -6.271951189625E-02
   -6.994606393060E-02
   -7.931823278477E-02
   -8.796657727405E-02
   -9.447707479304E-02
   -9.996716113434E-02
   -1.036089977791E-01
   -1.069533551000E-01
   -9.490048640154E-02
   -9.439155817776E-02
   -9.274787100536E-02
   -8.944518448072E-02
   -8.336140269554E-02
   -7.672418450331E-02
   -6.967981043302E-02
   -6.271951189625E-02
   -5.575944806578E-02
   -4.695017804280E-02
   -3.990894159410E-02
   -3.360044723381E-02
   -2.843841908357E-02
   -2.414336642103E-02
   -1.982097331039E-02
   -1.812373776682E-02
   -1.982097331038E-02
   -2.414336642103E-02
   -2.843841908357E-02
   -3.360044723381E-02
   -3.990894159410E-02
   -4.695017804280E-02
   -5.575944806578E-02
   -6.271951189625E-02
   -6.967981043302E-02
   -7.672418450331E-02
   -8.336140269554E-02
   -8.944518448072E-02
   -9.274787100536E-02
   -9.439155817776E-02
   -8.273334284561E-02
   -8.240922773210E-02
   -8.007133596923E-02
   -7.598722823288E-02
   -7.121121444914E-02
   -6.625079021083E-02
   -6.090975477189E-02
   -5.448377282453E-02
   -4.695017804279E-02
   -3.980306416157E-02
   -3.531016679087E-02
   -3.016412328257E-02
   -2.423574295746E-02
   -2.055558552454E-02
   -1.774762942582E-02
   -1.599320629094E-02
   -1.774762942582E-02
   -2.055558552454E-02
   -2.423574295746E-02
   -3.016412328257E-02
   -3.531016679087E-02
   -3.980306416157E-02
   -4.695017804280E-02
   -5.448377282454E-02
   -6.090975477189E-02
   -6.625079021083E-02
   -7.121121444914E-02
   -7.598722823288E-02
   -8.007133596923E-02
   -8.240922773210E-02
   -6.888214420316E-02
   -6.847972731675E-02
   -6.647533577958E-02
   -6.423173062839E-02
   -6.201470906914E-02
   -5.707224491197E-02
   -5.135011857110E-02
   -4.561966491172E-02
   -3.990894159410E-02
   -3.531016679087E-02
   -3.019861280474E-02
   -2.522877477250E-02
   -2.028560333461E-02
   -1.712601854759E-02
   -1.568544142084E-02
   -1.442310599598E-02
   -1.568544142083E-02
   -1.712601854759E-02
   -2.028560333461E-02
   -2.522877477250E-02
   -3.019861280474E-02
   -3.531016679087E-02
   -3.990894159410E-02
   -4.561966491172E-02
   -5.135011857110E-02
   -5.707224491197E-02
   -6.201470906914E-02
   -6.423173062839E-02
   -6.647533577959E-02
   -6.847972731675E-02
   -5.932017097024E-02
   -5.882733787591E-02
   -5.746538423000E-02
   -5.468243567130E-02
   -5.107598902069E-02
   -4.603390446651E-02
   -4.144753298931E-02
   -3.762697670481E-02
   -3.360044723382E-02
   -3.016412328257E-02
   -2.522877477251E-02
   -2.193458694652E-02
   -1.810605092279E-02
   -1.423029783856E-02
   -1.327944779729E-02
   -1.278776391406E-02
   -1.327944779727E-02
   -1.423029783856E-02
   -1.810605092278E-02
   -2.193458694652E-02
   -2.522877477250E-02
   -3.016412328257E-02
   -3.360044723381E-02
   -3.762697670481E-02
   -4.144753298931E-02
   -4.603390446651E-02
   -5.107598902069E-02
   -5.468243567130E-02
   -5.746538423000E-02
   -5.882733787590E-02
   -4.826305961905E-02
   -4.728942759685E-02
   -4.636247607076E-02
   -4.391389371225E-02
   -4.106767118398E-02
   -3.892187694638E-02
   -3.576410725289E-02
   -3.250756389535E-02
   -2.843841908357E-02
   -2.423574295746E-02
   -2.028560333461E-02
   -1.810605092279E-02
   -1.501687712066E-02
   -1.219281031967E-02
   -1.145661647537E-02
   -1.072107000808E-02
   -1.145661647535E-02
   -1.219281031967E-02
   -1.501687712066E-02
   -1.810605092278E-02
   -2.028560333461E-02
   -2.423574295746E-02
   -2.843841908357E-02
   -3.250756389535E-02
   -3.576410725289E-02
   -3.892187694638E-02
   -4.106767118398E-02
   -4.391389371225E-02
   -4.636247607077E-02
   -4.728942759686E-02
   -3.960132491571E-02
   -3.876915050435E-02
   -3.804388891789E-02
   -3.658625605368E-02
   -3.485853949028E-02
   -3.345143985837E-02
   -3.025840350067E-02
   -2.712554942771E-02
   -2.414336642103E-02
   -2.055558552454E-02
   -1.712601854759E-02
   -1.423029783856E-02
   -1.219281031965E-02
   -1.143944959015E-02
   -9.658349195323E-03
   -7.858651130084E-03
   -9.658349195308E-03
   -1.143944959016E-02
   -1.219281031966E-02
   -1.423029783856E-02
   -1.712601854758E-02
   -2.055558552454E-02
   -2.414336642103E-02
   -2.712554942771E-02
   -3.025840350067E-02
   -3.345143985837E-02
   -3.485853949028E-02
   -3.658625605368E-02
   -3.804388891789E-02
   -3.876915050434E-02
   -3.377823075526E-02
   -3.386312499139E-02
   -3.280080270285E-02
   -3.134394022239E-02
   -2.942038785438E-02
   -2.700067159846E-02
   -2.511764334816E-02
   -2.248122300343E-02
   -1.982097331040E-02
   -1.774762942582E-02
   -1.568544142084E-02
   -1.327944779726E-02
   -1.145661647531E-02
   -9.658349195305E-03
   -7.729907580819E-03
   -7.162882920251E-03
   -7.729907580782E-03
   -9.658349195302E-03
   -1.145661647534E-02
   -1.327944779727E-02
   -1.568544142083E-02
   -1.774762942581E-02
   -1.982097331039E-02
   -2.248122300342E-02
   -2.511764334816E-02
   -2.700067159846E-02
   -2.942038785439E-02
   -3.134394022239E-02
   -3.280080270286E-02
   -3.386312499138E-02
   -2.638760339247E-02
   -2.790101875447E-02
   -2.746910079339E-02
   -2.704446220766E-02
   -2.628398486404E-02
   -2.434760096629E-02
   -2.405654403660E-02
   -2.162650999443E-02
   -1.812373776687E-02
   -1.599320629093E-02
   -1.442310599597E-02
   -1.278776391404E-02
   -1.072107000803E-02
   -7.858651130102E-03
   -7.162882920319E-03
   -6.101682083577E-03
   -7.162882920331E-03
   -7.858651129924E-03
   -1.072107000810E-02
   -1.278776391402E-02
   -1.442310599599E-02
   -1.599320629091E-02
   -1.812373776683E-02
   -2.162650999441E-02
   -2.405654403659E-02
   -2.434760096632E-02
   -2.628398486395E-02
   -2.704446220768E-02
   -2.746910079339E-02
   -2.790101875452E-02
   -3.377823075522E-02
   -3.386312499136E-02
   -3.280080270285E-02
   -3.134394022238E-02
   -2.942038785438E-02
   -2.700067159846E-02
   -2.511764334816E-02
   -2.248122300342E-02
   -1.982097331040E-02
   -1.774762942581E-02
   -1.568544142083E-02
   -1.327944779726E-02
   -1.145661647531E-02
   -9.658349195293E-03
   -7.729907580789E-03
   -7.162882920353E-03
   -7.729907580772E-03
   -9.658349195279E-03
   -1.145661647534E-02
   -1.327944779726E-02
   -1.568544142084E-02
   -1.774762942581E-02
   -1.982097331039E-02
   -2.248122300342E-02
   -2.511764334816E-02
   -2.700067159845E-02
   -2.942038785438E-02
   -3.134394022238E-02
   -3.280080270284E-02
   -3.386312499136E-02
   -3.960132491572E-02
   -3.876915050435E-02
   -3.804388891788E-02
   -3.658625605367E-02
   -3.485853949028E-02
   -3.345143985837E-02
   -3.025840350067E-02
   -2.712554942771E-02
   -2.414336642103E-02
   -2.055558552454E-02
   -1.712601854758E-02
   -1.423029783855E-02
   -1.219281031964E-02
   -1.143944959014E-02
   -9.658349195276E-03
   -7.858651129856E-03
   -9.658349195277E-03
   -1.143944959014E-02
   -1.219281031965E-02
   -1.423029783856E-02
   -1.712601854759E-02
   -2.055558552454E-02
   -2.414336642103E-02
   -2.712554942771E-02
   -3.025840350067E-02
   -3.345143985837E-02
   -3.485853949028E-02
   -3.658625605367E-02
   -3.804388891788E-02
   -3.876915050436E-02
   -4.826305961904E-02
   -4.728942759684E-02
   -4.636247607076E-02
   -4.391389371224E-02
   -4.106767118398E-02
   -3.892187694638E-02
   -3.576410725289E-02
   -3.250756389535E-02
   -2.843841908357E-02
   -2.423574295746E-02
   -2.028560333461E-02
   -1.810605092278E-02
   -1.501687712065E-02
   -1.219281031965E-02
   -1.145661647534E-02
   -1.072107000810E-02
   -1.145661647534E-02
   -1.219281031964E-02
   -1.501687712065E-02
   -1.810605092278E-02
   -2.028560333461E-02
   -2.423574295746E-02
   -2.843841908357E-02
   -3.250756389535E-02
   -3.576410725289E-02
   -3.892187694638E-02
   -4.106767118398E-02
   -4.391389371225E-02
   -4.636247607076E-02
   -4.728942759684E-02
   -5.932017097023E-02
   -5.882733787590E-02
   -5.746538423000E-02
   -5.468243567130E-02
   -5.107598902069E-02
   -4.603390446651E-02
   -4.144753298931E-02
   -3.762697670481E-02
   -3.360044723382E-02
   -3.016412328257E-02
   -2.522877477250E-02
   -2.193458694652E-02
   -1.810605092278E-02
   -1.423029783855E-02
   -1.327944779725E-02
   -1.278776391400E-02
   -1.327944779725E-02
   -1.423029783855E-02
   -1.810605092278E-02
   -2.193458694652E-02
   -2.522877477250E-02
   -3.016412328257E-02
   -3.360044723382E-02
   -3.762697670481E-02
   -4.144753298931E-02
   -4.603390446651E-02
   -5.107598902069E-02
   -5.468243567130E-02
   -5.746538423000E-02
   -5.882733787591E-02
   -6.888214420316E-02
   -6.847972731674E-02
   -6.647533577958E-02
   -6.423173062839E-02
   -6.201470906914E-02
   -5.707224491197E-02
   -5.135011857110E-02
   -4.561966491172E-02
   -3.990894159410E-02
   -3.531016679087E-02
   -3.019861280474E-02
   -2.522877477250E-02
   -2.028560333460E-02
   -1.712601854758E-02
   -1.568544142083E-02
   -1.442310599599E-02
   -1.568544142083E-02
   -1.712601854758E-02
   -2.028560333460E-02
   -2.522877477250E-02
   -3.019861280474E-02
   -3.531016679087E-02
   -3.990894159410E-02
   -4.561966491172E-02
   -5.135011857110E-02
   -5.707224491197E-02
   -6.201470906914E-02
   -6.423173062839E-02
   -6.647533577959E-02
   -6.847972731674E-02
   -8.273334284556E-02
   -8.240922773211E-02
   -8.007133596924E-02
   -7.598722823288E-02
   -7.121121444914E-02
   -6.625079021083E-02
   -6.090975477189E-02
   -5.448377282454E-02
   -4.695017804280E-02
   -3.980306416157E-02
   -3.531016679087E-02
   -3.016412328257E-02
   -2.423574295746E-02
   -2.055558552454E-02
   -1.774762942581E-02
   -1.599320629092E-02
   -1.774762942581E-02
   -2.055558552454E-02
   -2.423574295746E-02
   -3.016412328257E-02
   -3.531016679087E-02
   -3.980306416157E-02
   -4.695017804280E-02
   -5.448377282453E-02
   -6.090975477189E-02
   -6.625079021083E-02
   -7.121121444914E-02
   -7.598722823288E-02
   -8.007133596923E-02
   -8.240922773211E-02
   -9.490048640153E-02
   -9.439155817776E-02
   -9.274787100536E-02
   -8.944518448072E-02
   -8.336140269554E-02
   -7.672418450331E-02
   -6.967981043302E-02
   -6.271951189625E-02
   -5.575944806578E-02
   -4.695017804280E-02
   -3.990894159410E-02
   -3.360044723382E-02
   -2.843841908357E-02
   -2.414336642103E-02
   -1.982097331039E-02
   -1.812373776686E-02
   -1.982097331040E-02
   -2.414336642102E-02
   -2.843841908357E-02
   -3.360044723382E-02
   -3.990894159410E-02
   -4.695017804280E-02
   -5.575944806578E-02
   -6.271951189625E-02
   -6.967981043302E-02
   -7.672418450331E-02
   -8.336140269554E-02
   -8.944518448072E-02
   -9.274787100536E-02
   -9.439155817776E-02
   -1.085496388885E-01
   -1.069533551000E-01
   -1.036089977791E-01
   -9.996716113434E-02
   -9.447707479304E-02
   -8.796657727405E-02
   -7.931823278477E-02
   -6.994606393060E-02
   -6.271951189625E-02
   -5.448377282454E-02
   -4.561966491172E-02
   -3.762697670481E-02
   -3.250756389535E-02
   -2.712554942771E-02
   -2.248122300342E-02
   -2.162650999441E-02
   -2.248122300342E-02
   -2.712554942771E-02
   -3.250756389535E-02
   -3.762697670481E-02
   -4.561966491172E-02
   -5.448377282453E-02
   -6.271951189625E-02
   -6.994606393060E-02
   -7.931823278477E-02
   -8.796657727404E-02
   -9.447707479304E-02
   -9.996716113434E-02
   -1.036089977791E-01
   -1.069533551000E-01
   -1.264207885025E-01
   -1.248786765424E-01
   -1.202495661104E-01
   -1.131723190225E-01
   -1.046374805096E-01
   -9.741174359664E-02
   -8.954292642567E-02
   -7.931823278477E-02
   -6.967981043302E-02
   -6.090975477189E-02
   -5.135011857110E-02
   -4.144753298931E-02
   -3.576410725289E-02
   -3.025840350067E-02
   -2.511764334815E-02
   -2.405654403655E-02
   -2.511764334815E-02
   -3.025840350067E-02
   -3.576410725289E-02
   -4.144753298931E-02
   -5.135011857110E-02
   -6.090975477189E-02
   -6.967981043302E-02
   -7.931823278477E-02
   -8.954292642567E-02
   -9.741174359664E-02
   -1.046374805096E-01
   -1.131723190225E-01
   -1.202495661104E-01
   -1.248786765424E-01
   -1.426343771257E-01
   -1.415593059246E-01
   -1.376150367261E-01
   -1.300372173259E-01
   -1.188571423933E-01
   -1.072649242113E-01
   -9.741174359664E-02
   -8.796657727404E-02
   -7.672418450331E-02
   -6.625079021083E-02
   -5.707224491197E-02
   -4.603390446651E-02
   -3.892187694638E-02
   -3.345143985837E-02
   -2.700067159846E-02
   -2.434760096632E-02
   -2.700067159846E-02
   -3.345143985837E-02
   -3.892187694638E-02
   -4.603390446651E-02
   -5.707224491197E-02
   -6.625079021082E-02
   -7.672418450330E-02
   -8.796657727404E-02
   -9.741174359664E-02
   -1.072649242113E-01
   -1.188571423933E-01
   -1.300372173259E-01
   -1.376150367261E-01
   -1.415593059246E-01
   -1.507471708526E-01
   -1.499233195692E-01
   -1.473045970344E-01
   -1.424333583399E-01
   -1.330870688609E-01
   -1.188571423933E-01
   -1.046374805096E-01
   -9.447707479304E-02
   -8.336140269554E-02
   -7.121121444914E-02
   -6.201470906914E-02
   -5.107598902069E-02
   -4.106767118398E-02
   -3.485853949028E-02
   -2.942038785439E-02
   -2.628398486396E-02
   -2.942038785439E-02
   -3.485853949028E-02
   -4.106767118398E-02
   -5.107598902069E-02
   -6.201470906913E-02
   -7.121121444913E-02
   -8.336140269554E-02
   -9.447707479304E-02
   -1.046374805096E-01
   -1.188571423933E-01
   -1.330870688609E-01
   -1.424333583399E-01
   -1.473045970344E-01
   -1.499233195692E-01
   -1.579566038018E-01
   -1.566589203852E-01
   -1.535520447895E-01
   -1.492332083703E-01
   -1.424333583399E-01
   -1.300372173259E-01
   -1.131723190225E-01
   -9.996716113434E-02
   -8.944518448072E-02
   -7.598722823288E-02
   -6.423173062838E-02
   -5.468243567129E-02
   -4.391389371225E-02
   -3.658625605367E-02
   -3.134394022239E-02
   -2.704446220748E-02
   -3.134394022239E-02
   -3.658625605368E-02
   -4.391389371225E-02
   -5.468243567130E-02
   -6.423173062837E-02
   -7.598722823287E-02
   -8.944518448071E-02
   -9.996716113434E-02
   -1.131723190225E-01
   -1.300372173259E-01
   -1.424333583399E-01
   -1.492332083703E-01
   -1.535520447895E-01
   -1.566589203852E-01
   -1.681620728569E-01
   -1.653706269683E-01
   -1.598728732964E-01
   -1.535520447895E-01
   -1.473045970344E-01
   -1.376150367261E-01
   -1.202495661104E-01
   -1.036089977791E-01
   -9.274787100536E-02
   -8.007133596923E-02
   -6.647533577957E-02
   -5.746538422998E-02
   -4.636247607076E-02
   -3.804388891788E-02
   -3.280080270286E-02
   -2.746910079325E-02
   -3.280080270287E-02
   -3.804388891789E-02
   -4.636247607077E-02
   -5.746538422999E-02
   -6.647533577956E-02
   -8.007133596922E-02
   -9.274787100536E-02
   -1.036089977791E-01
   -1.202495661104E-01
   -1.376150367261E-01
   -1.473045970344E-01
   -1.535520447895E-01
   -1.598728732964E-01
   -1.653706269683E-01
   -1.770518521408E-01
   -1.730491662338E-01
   -1.653706269683E-01
   -1.566589203852E-01
   -1.499233195692E-01
   -1.415593059246E-01
   -1.248786765424E-01
   -1.069533551000E-01
   -9.439155817776E-02
   -8.240922773210E-02
   -6.847972731673E-02
   -5.882733787588E-02
   -4.728942759684E-02
   -3.876915050434E-02
   -3.386312499139E-02
   -2.790101875453E-02
   -3.386312499140E-02
   -3.876915050434E-02
   -4.728942759685E-02
   -5.882733787589E-02
   -6.847972731672E-02
   -8.240922773209E-02
   -9.439155817776E-02
   -1.069533551000E-01
   -1.248786765424E-01
   -1.415593059246E-01
   -1.499233195692E-01
   -1.566589203852E-01
   -1.653706269683E-01
   -1.730491662338E-01
   -2.056671706567E-01
   -2.087165381750E-01
   -2.126511803458E-01
   -2.019878367827E-01
   -1.774720161334E-01
   -1.568831717954E-01
   -1.460078788010E-01
   -1.304189131903E-01
   -1.085496388885E-01
   -9.460428711658E-02
   -7.922528941731E-02
   -6.555268189878E-02
   -5.568530548368E-02
   -4.571043357829E-02
   -3.650146382773E-02
   -2.798228664101E-02
   -3.650146382772E-02
   -4.571043357830E-02
   -5.568530548371E-02
   -6.555268189877E-02
   -7.922528941734E-02
   -9.460428711655E-02
   -1.085496388885E-01
   -1.304189131903E-01
   -1.460078788010E-01
   -1.568831717954E-01
   -1.774720161334E-01
   -2.019878367827E-01
   -2.126511803457E-01
   -2.087165381750E-01
   -2.087165381750E-01
   -2.105203735595E-01
   -2.114724492960E-01
   -1.984849509406E-01
   -1.737120870977E-01
   -1.552817722401E-01
   -1.458115681750E-01
   -1.288705175761E-01
   -1.069533551000E-01
   -9.385159272538E-02
   -7.915658078834E-02
   -6.558861563626E-02
   -5.400463896848E-02
   -4.416023546080E-02
   -3.707810121099E-02
   -2.884136722276E-02
   -3.707810121099E-02
   -4.416023546081E-02
   -5.400463896850E-02
   -6.558861563626E-02
   -7.915658078836E-02
   -9.385159272536E-02
   -1.069533551000E-01
   -1.288705175761E-01
   -1.458115681750E-01
   -1.552817722401E-01
   -1.737120870977E-01
   -1.984849509406E-01
   -2.114724492960E-01
   -2.105203735595E-01
   -2.126511803458E-01
   -2.114724492960E-01
   -2.049105658935E-01
   -1.873146144560E-01
   -1.653228153932E-01
   -1.521799251276E-01
   -1.429316265640E-01
   -1.234760288213E-01
   -1.036089977791E-01
   -9.152284359956E-02
   -7.646715949099E-02
   -6.450317819562E-02
   -5.321936466125E-02
   -4.369980316660E-02
   -3.635880128266E-02
   -2.752559919641E-02
   -3.635880128267E-02
   -4.369980316660E-02
   -5.321936466127E-02
   -6.450317819562E-02
   -7.646715949094E-02
   -9.152284359954E-02
   -1.036089977791E-01
   -1.234760288212E-01
   -1.429316265640E-01
   -1.521799251276E-01
   -1.653228153932E-01
   -1.873146144560E-01
   -2.049105658935E-01
   -2.114724492960E-01
   -2.019878367827E-01
   -1.984849509406E-01
   -1.873146144560E-01
   -1.705829032749E-01
   -1.567066792227E-01
   -1.481087187804E-01
   -1.357416338938E-01
   -1.157496280504E-01
   -9.996716113434E-02
   -8.822007364616E-02
   -7.231008086618E-02
   -6.140554483903E-02
   -5.092421123907E-02
   -4.225290042121E-02
   -3.541915330873E-02
   -2.739621557740E-02
   -3.541915330873E-02
   -4.225290042122E-02
   -5.092421123908E-02
   -6.140554483904E-02
   -7.231008086615E-02
   -8.822007364614E-02
   -9.996716113433E-02
   -1.157496280504E-01
   -1.357416338938E-01
   -1.481087187804E-01
   -1.567066792227E-01
   -1.705829032749E-01
   -1.873146144560E-01
   -1.984849509406E-01
   -1.774720161334E-01
   -1.737120870977E-01
   -1.653228153932E-01
   -1.567066792227E-01
   -1.504200508520E-01
   -1.414386879308E-01
   -1.255056007666E-01
   -1.077428617633E-01
   -9.447707479304E-02
   -8.235534538829E-02
   -6.822575565640E-02
   -5.838096537856E-02
   -4.723762307469E-02
   -3.886063780594E-02
   -3.377007563966E-02
   -2.777950358847E-02
   -3.377007563967E-02
   -3.886063780595E-02
   -4.723762307470E-02
   -5.838096537857E-02
   -6.822575565637E-02
   -8.235534538827E-02
   -9.447707479303E-02
   -1.077428617633E-01
   -1.255056007666E-01
   -1.414386879308E-01
   -1.504200508520E-01
   -1.567066792227E-01
   -1.653228153932E-01
   -1.737120870977E-01
   -1.568831717954E-01
   -1.552817722401E-01
   -1.521799251276E-01
   -1.481087187804E-01
   -1.414386879308E-01
   -1.281705496310E-01
   -1.120683729805E-01
   -9.957655080818E-02
   -8.796657727404E-02
   -7.539563530444E-02
   -6.324605479941E-02
   -5.407243165897E-02
   -4.426945706830E-02
   -3.696944656216E-02
   -3.111716859624E-02
   -2.550943168981E-02
   -3.111716859624E-02
   -3.696944656216E-02
   -4.426945706830E-02
   -5.407243165897E-02
   -6.324605479940E-02
   -7.539563530443E-02
   -8.796657727404E-02
   -9.957655080818E-02
   -1.120683729805E-01
   -1.281705496310E-01
   -1.414386879308E-01
   -1.481087187804E-01
   -1.521799251276E-01
   -1.552817722401E-01
   -1.460078788010E-01
   -1.458115681750E-01
   -1.429316265640E-01
   -1.357416338938E-01
   -1.255056007666E-01
   -1.120683729805E-01
   -1.006047706580E-01
   -9.174616856325E-02
   -7.931823278477E-02
   -6.794333737694E-02
   -5.875506045517E-02
   -4.893715129955E-02
   -4.018148140389E-02
   -3.377307684720E-02
   -2.824978513871E-02
   -2.458456731971E-02
   -2.824978513870E-02
   -3.377307684721E-02
   -4.018148140388E-02
   -4.893715129955E-02
   -5.875506045517E-02
   -6.794333737693E-02
   -7.931823278476E-02
   -9.174616856325E-02
   -1.006047706580E-01
   -1.120683729805E-01
   -1.255056007666E-01
   -1.357416338938E-01
   -1.429316265640E-01
   -1.458115681750E-01
   -1.304189131903E-01
   -1.288705175761E-01
   -1.234760288213E-01
   -1.157496280504E-01
   -1.077428617633E-01
   -9.957655080818E-02
   -9.174616856325E-02
   -8.218329314989E-02
   -6.994606393060E-02
   -6.058244490380E-02
   -5.252789806829E-02
   -4.289232059248E-02
   -3.692969618285E-02
   -3.097844474095E-02
   -2.491733151005E-02
   -2.302619482332E-02
   -2.491733151004E-02
   -3.097844474095E-02
   -3.692969618285E-02
   -4.289232059248E-02
   -5.252789806828E-02
   -6.058244490380E-02
   -6.994606393060E-02
   -8.218329314989E-02
   -9.174616856325E-02
   -9.957655080818E-02
   -1.077428617633E-01
   -1.157496280504E-01
   -1.234760288213E-01
   -1.288705175761E-01
   -1.085496388885E-01
   -1.069533551000E-01
   -1.036089977791E-01
   -9.996716113434E-02
   -9.447707479304E-02
   -8.796657727404E-02
   -7.931823278477E-02
   -6.994606393060E-02
   -6.271951189625E-02
   -5.448377282453E-02
   -4.561966491172E-02
   -3.762697670481E-02
   -3.250756389535E-02
   -2.712554942771E-02
   -2.248122300344E-02
   -2.162650999447E-02
   -2.248122300343E-02
   -2.712554942771E-02
   -3.250756389535E-02
   -3.762697670481E-02
   -4.561966491172E-02
   -5.448377282453E-02
   -6.271951189625E-02
   -6.994606393060E-02
   -7.931823278477E-02
   -8.796657727404E-02
   -9.447707479304E-02
   -9.996716113434E-02
   -1.036089977791E-01
   -1.069533551000E-01
   -9.460428711659E-02
   -9.385159272540E-02
   -9.152284359957E-02
   -8.822007364617E-02
   -8.235534538830E-02
   -7.539563530445E-02
   -6.794333737694E-02
   -6.058244490381E-02
   -5.448377282454E-02
   -4.575083030111E-02
   -3.936503883993E-02
   -3.512416070182E-02
   -2.807078428131E-02
   -2.291722293326E-02
   -1.988780331396E-02
   -1.787743687206E-02
   -1.988780331396E-02
   -2.291722293326E-02
   -2.807078428132E-02
   -3.512416070182E-02
   -3.936503883993E-02
   -4.575083030111E-02
   -5.448377282453E-02
   -6.058244490380E-02
   -6.794333737694E-02
   -7.539563530445E-02
   -8.235534538829E-02
   -8.822007364616E-02
   -9.152284359957E-02
   -9.385159272540E-02
   -7.922528941733E-02
   -7.915658078836E-02
   -7.646715949101E-02
   -7.231008086620E-02
   -6.822575565641E-02
   -6.324605479941E-02
   -5.875506045518E-02
   -5.252789806829E-02
   -4.561966491172E-02
   -3.936503883993E-02
   -3.345566291083E-02
   -2.877447027564E-02
   -2.325245404349E-02
   -2.077613306373E-02
   -1.839202339069E-02
   -1.486638355029E-02
   -1.839202339070E-02
   -2.077613306372E-02
   -2.325245404349E-02
   -2.877447027564E-02
   -3.345566291084E-02
   -3.936503883993E-02
   -4.561966491172E-02
   -5.252789806829E-02
   -5.875506045518E-02
   -6.324605479941E-02
   -6.822575565641E-02
   -7.231008086620E-02
   -7.646715949101E-02
   -7.915658078836E-02
   -6.555268189880E-02
   -6.558861563631E-02
   -6.450317819566E-02
   -6.140554483906E-02
   -5.838096537858E-02
   -5.407243165898E-02
   -4.893715129955E-02
   -4.289232059248E-02
   -3.762697670481E-02
   -3.512416070182E-02
   -2.877447027564E-02
   -2.327484851002E-02
   -1.987729471292E-02
   -1.639384810000E-02
   -1.512245993381E-02
   -1.440758723871E-02
   -1.512245993383E-02
   -1.639384810000E-02
   -1.987729471293E-02
   -2.327484851002E-02
   -2.877447027564E-02
   -3.512416070182E-02
   -3.762697670481E-02
   -4.289232059248E-02
   -4.893715129955E-02
   -5.407243165897E-02
   -5.838096537858E-02
   -6.140554483906E-02
   -6.450317819566E-02
   -6.558861563631E-02
   -5.568530548371E-02
   -5.400463896851E-02
   -5.321936466128E-02
   -5.092421123909E-02
   -4.723762307470E-02
   -4.426945706830E-02
   -4.018148140388E-02
   -3.692969618285E-02
   -3.250756389535E-02
   -2.807078428131E-02
   -2.325245404349E-02
   -1.987729471292E-02
   -1.718532182176E-02
   -1.299052961705E-02
   -1.225567912681E-02
   -1.325699692825E-02
   -1.225567912682E-02
   -1.299052961705E-02
   -1.718532182177E-02
   -1.987729471292E-02
   -2.325245404349E-02
   -2.807078428132E-02
   -3.250756389535E-02
   -3.692969618285E-02
   -4.018148140388E-02
   -4.426945706830E-02
   -4.723762307470E-02
   -5.092421123909E-02
   -5.321936466128E-02
   -5.400463896851E-02
   -4.571043357829E-02
   -4.416023546080E-02
   -4.369980316660E-02
   -4.225290042121E-02
   -3.886063780595E-02
   -3.696944656216E-02
   -3.377307684720E-02
   -3.097844474095E-02
   -2.712554942771E-02
   -2.291722293326E-02
   -2.077613306373E-02
   -1.639384810000E-02
   -1.299052961707E-02
   -1.242720799818E-02
   -1.085500884934E-02
   -9.737181968161E-03
   -1.085500884936E-02
   -1.242720799817E-02
   -1.299052961706E-02
   -1.639384810000E-02
   -2.077613306373E-02
   -2.291722293326E-02
   -2.712554942771E-02
   -3.097844474095E-02
   -3.377307684720E-02
   -3.696944656216E-02
   -3.886063780594E-02
   -4.225290042121E-02
   -4.369980316659E-02
   -4.416023546081E-02
   -3.650146382772E-02
   -3.707810121100E-02
   -3.635880128268E-02
   -3.541915330873E-02
   -3.377007563967E-02
   -3.111716859623E-02
   -2.824978513869E-02
   -2.491733151004E-02
   -2.248122300343E-02
   -1.988780331397E-02
   -1.839202339069E-02
   -1.512245993384E-02
   -1.225567912688E-02
   -1.085500884938E-02
   -8.594905792684E-03
   -7.927722975247E-03
   -8.594905792724E-03
   -1.085500884937E-02
   -1.225567912685E-02
   -1.512245993384E-02
   -1.839202339070E-02
   -1.988780331398E-02
   -2.248122300344E-02
   -2.491733151005E-02
   -2.824978513869E-02
   -3.111716859624E-02
   -3.377007563967E-02
   -3.541915330873E-02
   -3.635880128267E-02
   -3.707810121101E-02
   -2.798228664113E-02
   -2.884136722292E-02
   -2.752559919636E-02
   -2.739621557735E-02
   -2.777950358833E-02
   -2.550943168984E-02
   -2.458456731963E-02
   -2.302619482331E-02
   -2.162650999443E-02
   -1.787743687207E-02
   -1.486638355030E-02
   -1.440758723872E-02
   -1.325699692835E-02
   -9.737181968149E-03
   -7.927722975252E-03
   -1.110851700710E-02
   -7.927722975299E-03
   -9.737181968238E-03
   -1.325699692830E-02
   -1.440758723873E-02
   -1.486638355032E-02
   -1.787743687208E-02
   -2.162650999449E-02
   -2.302619482331E-02
   -2.458456731965E-02
   -2.550943168981E-02
   -2.777950358846E-02
   -2.739621557734E-02
   -2.752559919641E-02
   -2.884136722288E-02
   -3.650146382775E-02
   -3.707810121103E-02
   -3.635880128267E-02
   -3.541915330873E-02
   -3.377007563967E-02
   -3.111716859623E-02
   -2.824978513869E-02
   -2.491733151005E-02
   -2.248122300343E-02
   -1.988780331398E-02
   -1.839202339070E-02
   -1.512245993385E-02
   -1.225567912690E-02
   -1.085500884941E-02
   -8.594905792768E-03
   -7.927722975340E-03
   -8.594905792774E-03
   -1.085500884940E-02
   -1.225567912687E-02
   -1.512245993385E-02
   -1.839202339071E-02
   -1.988780331397E-02
   -2.248122300344E-02
   -2.491733151004E-02
   -2.824978513869E-02
   -3.111716859623E-02
   -3.377007563966E-02
   -3.541915330872E-02
   -3.635880128269E-02
   -3.707810121103E-02
   -4.571043357828E-02
   -4.416023546080E-02
   -4.369980316661E-02
   -4.225290042122E-02
   -3.886063780595E-02
   -3.696944656216E-02
   -3.377307684720E-02
   -3.097844474095E-02
   -2.712554942771E-02
   -2.291722293327E-02
   -2.077613306374E-02
   -1.639384810002E-02
   -1.299052961709E-02
   -1.242720799822E-02
   -1.085500884942E-02
   -9.737181968307E-03
   -1.085500884942E-02
   -1.242720799822E-02
   -1.299052961709E-02
   -1.639384810002E-02
   -2.077613306373E-02
   -2.291722293326E-02
   -2.712554942772E-02
   -3.097844474095E-02
   -3.377307684720E-02
   -3.696944656216E-02
   -3.886063780595E-02
   -4.225290042122E-02
   -4.369980316660E-02
   -4.416023546078E-02
   -5.568530548372E-02
   -5.400463896852E-02
   -5.321936466128E-02
   -5.092421123909E-02
   -4.723762307470E-02
   -4.426945706830E-02
   -4.018148140388E-02
   -3.692969618285E-02
   -3.250756389535E-02
   -2.807078428132E-02
   -2.325245404349E-02
   -1.987729471293E-02
   -1.718532182179E-02
   -1.299052961709E-02
   -1.225567912687E-02
   -1.325699692833E-02
   -1.225567912687E-02
   -1.299052961709E-02
   -1.718532182179E-02
   -1.987729471293E-02
   -2.325245404349E-02
   -2.807078428132E-02
   -3.250756389535E-02
   -3.692969618285E-02
   -4.018148140388E-02
   -4.426945706830E-02
   -4.723762307470E-02
   -5.092421123908E-02
   -5.321936466128E-02
   -5.400463896852E-02
   -6.555268189883E-02
   -6.558861563631E-02
   -6.450317819566E-02
   -6.140554483906E-02
   -5.838096537858E-02
   -5.407243165897E-02
   -4.893715129955E-02
   -4.289232059248E-02
   -3.762697670481E-02
   -3.512416070182E-02
   -2.877447027564E-02
   -2.327484851002E-02
   -1.987729471294E-02
   -1.639384810002E-02
   -1.512245993386E-02
   -1.440758723876E-02
   -1.512245993387E-02
   -1.639384810003E-02
   -1.987729471294E-02
   -2.327484851002E-02
   -2.877447027564E-02
   -3.512416070182E-02
   -3.762697670481E-02
   -4.289232059248E-02
   -4.893715129955E-02
   -5.407243165898E-02
   -5.838096537858E-02
   -6.140554483906E-02
   -6.450317819566E-02
   -6.558861563630E-02
   -7.922528941733E-02
   -7.915658078836E-02
   -7.646715949101E-02
   -7.231008086620E-02
   -6.822575565641E-02
   -6.324605479941E-02
   -5.875506045517E-02
   -5.252789806828E-02
   -4.561966491172E-02
   -3.936503883993E-02
   -3.345566291084E-02
   -2.877447027564E-02
   -2.325245404350E-02
   -2.077613306374E-02
   -1.839202339072E-02
   -1.486638355036E-02
   -1.839202339072E-02
   -2.077613306374E-02
   -2.325245404350E-02
   -2.877447027564E-02
   -3.345566291084E-02
   -3.936503883993E-02
   -4.561966491172E-02
   -5.252789806828E-02
   -5.875506045517E-02
   -6.324605479941E-02
   -6.822575565641E-02
   -7.231008086620E-02
   -7.646715949101E-02
   -7.915658078837E-02
   -9.460428711651E-02
   -9.385159272540E-02
   -9.152284359957E-02
   -8.822007364617E-02
   -8.235534538830E-02
   -7.539563530445E-02
   -6.794333737694E-02
   -6.058244490380E-02
   -5.448377282453E-02
   -4.575083030111E-02
   -3.936503883993E-02
   -3.512416070182E-02
   -2.807078428132E-02
   -2.291722293327E-02
   -1.988780331398E-02
   -1.787743687207E-02
   -1.988780331398E-02
   -2.291722293327E-02
   -2.807078428132E-02
   -3.512416070182E-02
   -3.936503883993E-02
   -4.575083030111E-02
   -5.448377282453E-02
   -6.058244490380E-02
   -6.794333737694E-02
   -7.539563530445E-02
   -8.235534538830E-02
   -8.822007364617E-02
   -9.152284359957E-02
   -9.385159272539E-02
   -1.085496388884E-01
   -1.069533551000E-01
   -1.036089977791E-01
   -9.996716113434E-02
   -9.447707479304E-02
   -8.796657727404E-02
   -7.931823278477E-02
   -6.994606393060E-02
   -6.271951189625E-02
   -5.448377282453E-02
   -4.561966491172E-02
   -3.762697670481E-02
   -3.250756389535E-02
   -2.712554942772E-02
   -2.248122300345E-02
   -2.162650999448E-02
   -2.248122300344E-02
   -2.712554942772E-02
   -3.250756389535E-02
   -3.762697670481E-02
   -4.561966491172E-02
   -5.448377282453E-02
   -6.271951189625E-02
   -6.994606393060E-02
   -7.931823278477E-02
   -8.796657727404E-02
   -9.447707479304E-02
   -9.996716113434E-02
   -1.036089977791E-01
   -1.069533551000E-01
   -1.304189131903E-01
   -1.288705175761E-01
   -1.234760288213E-01
   -1.157496280504E-01
   -1.077428617633E-01
   -9.957655080818E-02
   -9.174616856325E-02
   -8.218329314989E-02
   -6.994606393060E-02
   -6.058244490380E-02
   -5.252789806828E-02
   -4.289232059248E-02
   -3.692969618285E-02
   -3.097844474095E-02
   -2.491733151005E-02
   -2.302619482331E-02
   -2.491733151005E-02
   -3.097844474095E-02
   -3.692969618285E-02
   -4.289232059248E-02
   -5.252789806829E-02
   -6.058244490380E-02
   -6.994606393060E-02
   -8.218329314989E-02
   -9.174616856325E-02
   -9.957655080818E-02
   -1.077428617633E-01
   -1.157496280504E-01
   -1.234760288213E-01
   -1.288705175761E-01
   -1.460078788010E-01
   -1.458115681750E-01
   -1.429316265640E-01
   -1.357416338938E-01
   -1.255056007666E-01
   -1.120683729805E-01
   -1.006047706580E-01
   -9.174616856325E-02
   -7.931823278477E-02
   -6.794333737694E-02
   -5.875506045517E-02
   -4.893715129955E-02
   -4.018148140388E-02
   -3.377307684720E-02
   -2.824978513870E-02
   -2.458456731971E-02
   -2.824978513870E-02
   -3.377307684721E-02
   -4.018148140388E-02
   -4.893715129955E-02
   -5.875506045517E-02
   -6.794333737693E-02
   -7.931823278477E-02
   -9.174616856325E-02
   -1.006047706580E-01
   -1.120683729805E-01
   -1.255056007666E-01
   -1.357416338938E-01
   -1.429316265640E-01
   -1.458115681750E-01
   -1.568831717954E-01
   -1.552817722401E-01
   -1.521799251276E-01
   -1.481087187804E-01
   -1.414386879308E-01
   -1.281705496310E-01
   -1.120683729805E-01
   -9.957655080818E-02
   -8.796657727404E-02
   -7.539563530445E-02
   -6.324605479940E-02
   -5.407243165896E-02
   -4.426945706830E-02
   -3.696944656216E-02
   -3.111716859623E-02
   -2.550943168979E-02
   -3.111716859623E-02
   -3.696944656216E-02
   -4.426945706830E-02
   -5.407243165897E-02
   -6.324605479940E-02
   -7.539563530443E-02
   -8.796657727404E-02
   -9.957655080818E-02
   -1.120683729805E-01
   -1.281705496310E-01
   -1.414386879308E-01
   -1.481087187804E-01
   -1.521799251276E-01
   -1.552817722401E-01
   -1.774720161334E-01
   -1.737120870977E-01
   -1.653228153932E-01
   -1.567066792227E-01
   -1.504200508520E-01
   -1.414386879308E-01
   -1.255056007666E-01
   -1.077428617633E-01
   -9.447707479303E-02
   -8.235534538829E-02
   -6.822575565639E-02
   -5.838096537856E-02
   -4.723762307469E-02
   -3.886063780595E-02
   -3.377007563966E-02
   -2.777950358844E-02
   -3.377007563967E-02
   -3.886063780595E-02
   -4.723762307470E-02
   -5.838096537856E-02
   -6.822575565638E-02
   -8.235534538827E-02
   -9.447707479303E-02
   -1.077428617633E-01
   -1.255056007666E-01
   -1.414386879308E-01
   -1.504200508520E-01
   -1.567066792227E-01
   -1.653228153932E-01
   -1.737120870977E-01
   -2.019878367827E-01
   -1.984849509406E-01
   -1.873146144560E-01
   -1.705829032749E-01
   -1.567066792227E-01
   -1.481087187804E-01
   -1.357416338938E-01
   -1.157496280504E-01
   -9.996716113434E-02
   -8.822007364616E-02
   -7.231008086618E-02
   -6.140554483903E-02
   -5.092421123907E-02
   -4.225290042122E-02
   -3.541915330872E-02
   -2.739621557750E-02
   -3.541915330873E-02
   -4.225290042121E-02
   -5.092421123908E-02
   -6.140554483903E-02
   -7.231008086615E-02
   -8.822007364614E-02
   -9.996716113433E-02
   -1.157496280504E-01
   -1.357416338938E-01
   -1.481087187804E-01
   -1.567066792227E-01
   -1.705829032749E-01
   -1.873146144560E-01
   -1.984849509406E-01
   -2.126511803458E-01
   -2.114724492960E-01
   -2.049105658935E-01
   -1.873146144560E-01
   -1.653228153932E-01
   -1.521799251276E-01
   -1.429316265640E-01
   -1.234760288213E-01
   -1.036089977791E-01
   -9.152284359956E-02
   -7.646715949099E-02
   -6.450317819562E-02
   -5.321936466125E-02
   -4.369980316660E-02
   -3.635880128266E-02
   -2.752559919650E-02
   -3.635880128267E-02
   -4.369980316660E-02
   -5.321936466127E-02
   -6.450317819562E-02
   -7.646715949095E-02
   -9.152284359954E-02
   -1.036089977791E-01
   -1.234760288212E-01
   -1.429316265640E-01
   -1.521799251276E-01
   -1.653228153932E-01
   -1.873146144560E-01
   -2.049105658935E-01
   -2.114724492960E-01
   -2.087165381750E-01
   -2.105203735595E-01
   -2.114724492960E-01
   -1.984849509406E-01
   -1.737120870977E-01
   -1.552817722401E-01
   -1.458115681750E-01
   -1.288705175761E-01
   -1.069533551000E-01
   -9.385159272539E-02
   -7.915658078834E-02
   -6.558861563626E-02
   -5.400463896848E-02
   -4.416023546081E-02
   -3.707810121099E-02
   -2.884136722284E-02
   -3.707810121099E-02
   -4.416023546081E-02
   -5.400463896850E-02
   -6.558861563626E-02
   -7.915658078836E-02
   -9.385159272536E-02
   -1.069533551000E-01
   -1.288705175761E-01
   -1.458115681750E-01
   -1.552817722401E-01
   -1.737120870977E-01
   -1.984849509406E-01
   -2.114724492960E-01
   -2.105203735595E-01
   -4.253331593546E-02
   -5.956703818861E-02
   -1.099892874825E-01
   -1.759446564420E-01
   -2.118414801719E-01
   -1.918545612698E-01
   -1.590937783845E-01
   -1.460078788010E-01
   -1.264207885024E-01
   -1.042056225481E-01
   -8.956465006055E-02
   -7.393353774295E-02
   -6.179113084364E-02
   -5.193833629920E-02
   -3.997665693431E-02
   -2.528779159231E-02
   -3.997665693431E-02
   -5.193833629921E-02
   -6.179113084360E-02
   -7.393353774296E-02
   -8.956465006059E-02
   -1.042056225481E-01
   -1.264207885024E-01
   -1.460078788009E-01
   -1.590937783845E-01
   -1.918545612698E-01
   -2.118414801719E-01
   -1.759446564419E-01
   -1.099892874826E-01
   -5.956703818861E-02
   -5.956703818861E-02
   -7.666315541145E-02
   -1.257440770697E-01
   -1.859911571943E-01
   -2.119008775671E-01
   -1.871052498387E-01
   -1.577807724337E-01
   -1.458115681749E-01
   -1.248786765423E-01
   -1.031906682836E-01
   -8.929970978023E-02
   -7.364639680110E-02
   -6.016296588715E-02
   -5.042250895607E-02
   -4.030792091064E-02
   -2.774981637822E-02
   -4.030792091064E-02
   -5.042250895608E-02
   -6.016296588712E-02
   -7.364639680111E-02
   -8.929970978027E-02
   -1.031906682835E-01
   -1.248786765423E-01
   -1.458115681749E-01
   -1.577807724337E-01
   -1.871052498387E-01
   -2.119008775671E-01
   -1.859911571943E-01
   -1.257440770697E-01
   -7.666315541146E-02
   -1.099892874825E-01
   -1.257440770696E-01
   -1.656810989935E-01
   -2.050785134998E-01
   -2.082170619574E-01
   -1.770731666415E-01
   -1.546566672167E-01
   -1.429316265639E-01
   -1.202495661103E-01
   -1.005348981501E-01
   -8.667855299724E-02
   -7.180753345916E-02
   -5.905087992255E-02
   -4.944181251635E-02
   -3.909806919038E-02
   -2.670691600412E-02
   -3.909806919037E-02
   -4.944181251636E-02
   -5.905087992253E-02
   -7.180753345917E-02
   -8.667855299728E-02
   -1.005348981500E-01
   -1.202495661103E-01
   -1.429316265639E-01
   -1.546566672166E-01
   -1.770731666415E-01
   -2.082170619574E-01
   -2.050785134998E-01
   -1.656810989935E-01
   -1.257440770696E-01
   -1.759446564419E-01
   -1.859911571943E-01
   -2.050785134998E-01
   -2.108156859582E-01
   -1.913374127158E-01
   -1.634420486853E-01
   -1.494913316464E-01
   -1.357416338938E-01
   -1.131723190225E-01
   -9.735479684624E-02
   -8.295815052320E-02
   -6.866485984861E-02
   -5.674414433058E-02
   -4.697282984973E-02
   -3.793994445862E-02
   -2.717402023527E-02
   -3.793994445861E-02
   -4.697282984974E-02
   -5.674414433057E-02
   -6.866485984867E-02
   -8.295815052323E-02
   -9.735479684621E-02
   -1.131723190225E-01
   -1.357416338938E-01
   -1.494913316464E-01
   -1.634420486853E-01
   -1.913374127158E-01
   -2.108156859582E-01
   -2.050785134998E-01
   -1.859911571943E-01
   -2.118414801719E-01
   -2.119008775671E-01
   -2.082170619574E-01
   -1.913374127158E-01
   -1.678142720299E-01
   -1.529781397316E-01
   -1.436286492058E-01
   -1.255056007666E-01
   -1.046374805096E-01
   -9.187331175591E-02
   -7.746759350026E-02
   -6.553809878019E-02
   -5.353517034459E-02
   -4.305491255565E-02
   -3.647263060384E-02
   -2.820741962784E-02
   -3.647263060383E-02
   -4.305491255566E-02
   -5.353517034461E-02
   -6.553809878019E-02
   -7.746759350029E-02
   -9.187331175588E-02
   -1.046374805096E-01
   -1.255056007666E-01
   -1.436286492058E-01
   -1.529781397316E-01
   -1.678142720299E-01
   -1.913374127158E-01
   -2.082170619574E-01
   -2.119008775671E-01
   -1.918545612698E-01
   -1.871052498387E-01
   -1.770731666415E-01
   -1.634420486853E-01
   -1.529781397316E-01
   -1.455566774617E-01
   -1.312458148424E-01
   -1.120683729805E-01
   -9.741174359664E-02
   -8.585689136741E-02
   -7.038915850736E-02
   -6.035601279879E-02
   -4.914503986646E-02
   -4.040991122043E-02
   -3.516382402615E-02
   -2.744860894014E-02
   -3.516382402615E-02
   -4.040991122043E-02
   -4.914503986647E-02
   -6.035601279880E-02
   -7.038915850734E-02
   -8.585689136739E-02
   -9.741174359664E-02
   -1.120683729805E-01
   -1.312458148424E-01
   -1.455566774617E-01
   -1.529781397316E-01
   -1.634420486853E-01
   -1.770731666415E-01
   -1.871052498387E-01
   -1.590937783845E-01
   -1.577807724338E-01
   -1.546566672167E-01
   -1.494913316464E-01
   -1.436286492058E-01
   -1.312458148424E-01
   -1.138615647573E-01
   -1.006047706580E-01
   -8.954292642567E-02
   -7.774906290530E-02
   -6.503280560225E-02
   -5.515913857376E-02
   -4.325313692184E-02
   -3.626433686226E-02
   -3.293410294261E-02
   -2.737489260825E-02
   -3.293410294262E-02
   -3.626433686226E-02
   -4.325313692184E-02
   -5.515913857377E-02
   -6.503280560224E-02
   -7.774906290529E-02
   -8.954292642567E-02
   -1.006047706580E-01
   -1.138615647573E-01
   -1.312458148424E-01
   -1.436286492058E-01
   -1.494913316464E-01
   -1.546566672167E-01
   -1.577807724338E-01
   -1.460078788010E-01
   -1.458115681750E-01
   -1.429316265640E-01
   -1.357416338938E-01
   -1.255056007666E-01
   -1.120683729805E-01
   -1.006047706580E-01
   -9.174616856325E-02
   -7.931823278477E-02
   -6.794333737694E-02
   -5.875506045517E-02
   -4.893715129955E-02
   -4.018148140388E-02
   -3.377307684720E-02
   -2.824978513868E-02
   -2.458456731966E-02
   -2.824978513868E-02
   -3.377307684720E-02
   -4.018148140388E-02
   -4.893715129955E-02
   -5.875506045517E-02
   -6.794333737694E-02
   -7.931823278477E-02
   -9.174616856325E-02
   -1.006047706580E-01
   -1.120683729805E-01
   -1.255056007666E-01
   -1.357416338938E-01
   -1.429316265640E-01
   -1.458115681750E-01
   -1.264207885024E-01
   -1.248786765424E-01
   -1.202495661104E-01
   -1.131723190225E-01
   -1.046374805096E-01
   -9.741174359664E-02
   -8.954292642567E-02
   -7.931823278477E-02
   -6.967981043302E-02
   -6.090975477189E-02
   -5.135011857110E-02
   -4.144753298931E-02
   -3.576410725289E-02
   -3.025840350066E-02
   -2.511764334814E-02
   -2.405654403654E-02
   -2.511764334814E-02
   -3.025840350066E-02
   -3.576410725289E-02
   -4.144753298931E-02
   -5.135011857110E-02
   -6.090975477189E-02
   -6.967981043302E-02
   -7.931823278477E-02
   -8.954292642568E-02
   -9.741174359664E-02
   -1.046374805096E-01
   -1.131723190225E-01
   -1.202495661104E-01
   -1.248786765424E-01
   -1.042056225482E-01
   -1.031906682836E-01
   -1.005348981501E-01
   -9.735479684626E-02
   -9.187331175592E-02
   -8.585689136741E-02
   -7.774906290530E-02
   -6.794333737694E-02
   -6.090975477189E-02
   -5.182167732656E-02
   -4.358021729367E-02
   -3.776118066937E-02
   -3.137347599936E-02
   -2.548736101660E-02
   -2.176319061987E-02
   -2.072045653501E-02
   -2.176319061986E-02
   -2.548736101661E-02
   -3.137347599935E-02
   -3.776118066937E-02
   -4.358021729367E-02
   -5.182167732656E-02
   -6.090975477189E-02
   -6.794333737694E-02
   -7.774906290530E-02
   -8.585689136741E-02
   -9.187331175592E-02
   -9.735479684626E-02
   -1.005348981501E-01
   -1.031906682836E-01
   -8.956465006058E-02
   -8.929970978028E-02
   -8.667855299728E-02
   -8.295815052323E-02
   -7.746759350029E-02
   -7.038915850738E-02
   -6.503280560226E-02
   -5.875506045518E-02
   -5.135011857110E-02
   -4.358021729367E-02
   -3.737107535436E-02
   -3.256776447030E-02
   -2.645804618445E-02
   -2.299500753299E-02
   -1.965636516102E-02
   -1.605533085968E-02
   -1.965636516102E-02
   -2.299500753300E-02
   -2.645804618445E-02
   -3.256776447030E-02
   -3.737107535435E-02
   -4.358021729367E-02
   -5.135011857110E-02
   -5.875506045518E-02
   -6.503280560226E-02
   -7.038915850738E-02
   -7.746759350029E-02
   -8.295815052323E-02
   -8.667855299728E-02
   -8.929970978028E-02
   -7.393353774291E-02
   -7.364639680111E-02
   -7.180753345917E-02
   -6.866485984867E-02
   -6.553809878023E-02
   -6.035601279882E-02
   -5.515913857377E-02
   -4.893715129955E-02
   -4.144753298930E-02
   -3.776118066937E-02
   -3.256776447030E-02
   -2.638333167187E-02
   -2.208740042716E-02
   -1.884946849356E-02
   -1.652937618366E-02
   -1.470127198500E-02
   -1.652937618364E-02
   -1.884946849357E-02
   -2.208740042716E-02
   -2.638333167187E-02
   -3.256776447030E-02
   -3.776118066937E-02
   -4.144753298930E-02
   -4.893715129955E-02
   -5.515913857377E-02
   -6.035601279882E-02
   -6.553809878023E-02
   -6.866485984867E-02
   -7.180753345916E-02
   -7.364639680111E-02
   -6.179113084358E-02
   -6.016296588713E-02
   -5.905087992253E-02
   -5.674414433058E-02
   -5.353517034462E-02
   -4.914503986647E-02
   -4.325313692185E-02
   -4.018148140388E-02
   -3.576410725288E-02
   -3.137347599935E-02
   -2.645804618445E-02
   -2.208740042716E-02
   -1.971654006736E-02
   -1.526307706443E-02
   -1.320003332305E-02
   -1.388002842899E-02
   -1.320003332303E-02
   -1.526307706444E-02
   -1.971654006736E-02
   -2.208740042716E-02
   -2.645804618444E-02
   -3.137347599935E-02
   -3.576410725289E-02
   -4.018148140388E-02
   -4.325313692184E-02
   -4.914503986647E-02
   -5.353517034462E-02
   -5.674414433058E-02
   -5.905087992255E-02
   -6.016296588714E-02
   -5.193833629920E-02
   -5.042250895611E-02
   -4.944181251638E-02
   -4.697282984975E-02
   -4.305491255566E-02
   -4.040991122043E-02
   -3.626433686227E-02
   -3.377307684720E-02
   -3.025840350066E-02
   -2.548736101660E-02
   -2.299500753299E-02
   -1.884946849356E-02
   -1.526307706442E-02
   -1.327212496968E-02
   -1.175899764229E-02
   -1.162671508147E-02
   -1.175899764228E-02
   -1.327212496969E-02
   -1.526307706443E-02
   -1.884946849356E-02
   -2.299500753298E-02
   -2.548736101660E-02
   -3.025840350066E-02
   -3.377307684720E-02
   -3.626433686227E-02
   -4.040991122043E-02
   -4.305491255566E-02
   -4.697282984974E-02
   -4.944181251637E-02
   -5.042250895609E-02
   -3.997665693431E-02
   -4.030792091062E-02
   -3.909806919034E-02
   -3.793994445862E-02
   -3.647263060383E-02
   -3.516382402615E-02
   -3.293410294263E-02
   -2.824978513869E-02
   -2.511764334815E-02
   -2.176319061986E-02
   -1.965636516102E-02
   -1.652937618364E-02
   -1.320003332298E-02
   -1.175899764227E-02
   -9.769222137448E-03
   -9.080726812617E-03
   -9.769222137428E-03
   -1.175899764229E-02
   -1.320003332302E-02
   -1.652937618365E-02
   -1.965636516101E-02
   -2.176319061986E-02
   -2.511764334814E-02
   -2.824978513868E-02
   -3.293410294263E-02
   -3.516382402616E-02
   -3.647263060384E-02
   -3.793994445863E-02
   -3.909806919037E-02
   -4.030792091061E-02
   -2.528779159216E-02
   -2.774981637818E-02
   -2.670691600423E-02
   -2.717402023535E-02
   -2.820741962796E-02
   -2.744860894004E-02
   -2.737489260833E-02
   -2.458456731964E-02
   -2.405654403659E-02
   -2.072045653499E-02
   -1.605533085970E-02
   -1.470127198497E-02
   -1.388002842890E-02
   -1.162671508149E-02
   -9.080726812674E-03
   -6.458033307544E-03
   -9.080726812666E-03
   -1.162671508143E-02
   -1.388002842897E-02
   -1.470127198500E-02
   -1.605533085967E-02
   -2.072045653497E-02
   -2.405654403652E-02
   -2.458456731966E-02
   -2.737489260830E-02
   -2.744860894009E-02
   -2.820741962781E-02
   -2.717402023534E-02
   -2.670691600412E-02
   -2.774981637816E-02
   -3.997665693429E-02
   -4.030792091061E-02
   -3.909806919039E-02
   -3.793994445863E-02
   -3.647263060384E-02
   -3.516382402616E-02
   -3.293410294263E-02
   -2.824978513868E-02
   -2.511764334816E-02
   -2.176319061986E-02
   -1.965636516103E-02
   -1.652937618364E-02
   -1.320003332299E-02
   -1.175899764227E-02
   -9.769222137424E-03
   -9.080726812647E-03
   -9.769222137442E-03
   -1.175899764227E-02
   -1.320003332302E-02
   -1.652937618365E-02
   -1.965636516102E-02
   -2.176319061986E-02
   -2.511764334814E-02
   -2.824978513868E-02
   -3.293410294264E-02
   -3.516382402615E-02
   -3.647263060384E-02
   -3.793994445863E-02
   -3.909806919034E-02
   -4.030792091060E-02
   -5.193833629923E-02
   -5.042250895610E-02
   -4.944181251635E-02
   -4.697282984974E-02
   -4.305491255566E-02
   -4.040991122043E-02
   -3.626433686227E-02
   -3.377307684720E-02
   -3.025840350066E-02
   -2.548736101661E-02
   -2.299500753299E-02
   -1.884946849357E-02
   -1.526307706442E-02
   -1.327212496968E-02
   -1.175899764227E-02
   -1.162671508138E-02
   -1.175899764228E-02
   -1.327212496968E-02
   -1.526307706443E-02
   -1.884946849357E-02
   -2.299500753299E-02
   -2.548736101661E-02
   -3.025840350066E-02
   -3.377307684720E-02
   -3.626433686227E-02
   -4.040991122044E-02
   -4.305491255566E-02
   -4.697282984974E-02
   -4.944181251637E-02
   -5.042250895613E-02
   -6.179113084357E-02
   -6.016296588713E-02
   -5.905087992255E-02
   -5.674414433058E-02
   -5.353517034462E-02
   -4.914503986647E-02
   -4.325313692185E-02
   -4.018148140388E-02
   -3.576410725289E-02
   -3.137347599936E-02
   -2.645804618445E-02
   -2.208740042716E-02
   -1.971654006736E-02
   -1.526307706443E-02
   -1.320003332303E-02
   -1.388002842898E-02
   -1.320003332303E-02
   -1.526307706442E-02
   -1.971654006736E-02
   -2.208740042716E-02
   -2.645804618445E-02
   -3.137347599936E-02
   -3.576410725289E-02
   -4.018148140388E-02
   -4.325313692185E-02
   -4.914503986647E-02
   -5.353517034462E-02
   -5.674414433058E-02
   -5.905087992255E-02
   -6.016296588713E-02
   -7.393353774296E-02
   -7.364639680111E-02
   -7.180753345916E-02
   -6.866485984867E-02
   -6.553809878023E-02
   -6.035601279882E-02
   -5.515913857378E-02
   -4.893715129956E-02
   -4.144753298931E-02
   -3.776118066937E-02
   -3.256776447030E-02
   -2.638333167187E-02
   -2.208740042716E-02
   -1.884946849356E-02
   -1.652937618364E-02
   -1.470127198497E-02
   -1.652937618364E-02
   -1.884946849356E-02
   -2.208740042716E-02
   -2.638333167187E-02
   -3.256776447030E-02
   -3.776118066937E-02
   -4.144753298931E-02
   -4.893715129956E-02
   -5.515913857378E-02
   -6.035601279882E-02
   -6.553809878023E-02
   -6.866485984867E-02
   -7.180753345917E-02
   -7.364639680112E-02
   -8.956465006059E-02
   -8.929970978028E-02
   -8.667855299728E-02
   -8.295815052323E-02
   -7.746759350029E-02
   -7.038915850738E-02
   -6.503280560226E-02
   -5.875506045518E-02
   -5.135011857110E-02
   -4.358021729367E-02
   -3.737107535436E-02
   -3.256776447030E-02
   -2.645804618445E-02
   -2.299500753298E-02
   -1.965636516102E-02
   -1.605533085966E-02
   -1.965636516101E-02
   -2.299500753299E-02
   -2.645804618444E-02
   -3.256776447030E-02
   -3.737107535436E-02
   -4.358021729367E-02
   -5.135011857110E-02
   -5.875506045518E-02
   -6.503280560226E-02
   -7.038915850738E-02
   -7.746759350029E-02
   -8.295815052323E-02
   -8.667855299728E-02
   -8.929970978027E-02
   -1.042056225482E-01
   -1.031906682836E-01
   -1.005348981501E-01
   -9.735479684626E-02
   -9.187331175592E-02
   -8.585689136741E-02
   -7.774906290530E-02
   -6.794333737694E-02
   -6.090975477190E-02
   -5.182167732656E-02
   -4.358021729367E-02
   -3.776118066937E-02
   -3.137347599935E-02
   -2.548736101660E-02
   -2.176319061987E-02
   -2.072045653500E-02
   -2.176319061986E-02
   -2.548736101660E-02
   -3.137347599935E-02
   -3.776118066937E-02
   -4.358021729367E-02
   -5.182167732656E-02
   -6.090975477189E-02
   -6.794333737694E-02
   -7.774906290530E-02
   -8.585689136741E-02
   -9.187331175592E-02
   -9.735479684626E-02
   -1.005348981501E-01
   -1.031906682836E-01
   -1.264207885025E-01
   -1.248786765424E-01
   -1.202495661104E-01
   -1.131723190225E-01
   -1.046374805096E-01
   -9.741174359664E-02
   -8.954292642568E-02
   -7.931823278477E-02
   -6.967981043302E-02
   -6.090975477189E-02
   -5.135011857110E-02
   -4.144753298931E-02
   -3.576410725289E-02
   -3.025840350066E-02
   -2.511764334815E-02
   -2.405654403655E-02
   -2.511764334815E-02
   -3.025840350066E-02
   -3.576410725288E-02
   -4.144753298931E-02
   -5.135011857110E-02
   -6.090975477189E-02
   -6.967981043302E-02
   -7.931823278477E-02
   -8.954292642567E-02
   -9.741174359664E-02
   -1.046374805096E-01
   -1.131723190225E-01
   -1.202495661104E-01
   -1.248786765424E-01
   -1.460078788010E-01
   -1.458115681750E-01
   -1.429316265640E-01
   -1.357416338938E-01
   -1.255056007666E-01
   -1.120683729805E-01
   -1.006047706580E-01
   -9.174616856325E-02
   -7.931823278477E-02
   -6.794333737694E-02
   -5.875506045517E-02
   -4.893715129955E-02
   -4.018148140388E-02
   -3.377307684720E-02
   -2.824978513868E-02
   -2.458456731966E-02
   -2.824978513869E-02
   -3.377307684720E-02
   -4.018148140388E-02
   -4.893715129956E-02
   -5.875506045517E-02
   -6.794333737694E-02
   -7.931823278477E-02
   -9.174616856325E-02
   -1.006047706580E-01
   -1.120683729805E-01
   -1.255056007666E-01
   -1.357416338938E-01
   -1.429316265640E-01
   -1.458115681750E-01
   -1.590937783845E-01
   -1.577807724338E-01
   -1.546566672167E-01
   -1.494913316464E-01
   -1.436286492058E-01
   -1.312458148424E-01
   -1.138615647574E-01
   -1.006047706580E-01
   -8.954292642567E-02
   -7.774906290530E-02
   -6.503280560225E-02
   -5.515913857376E-02
   -4.325313692184E-02
   -3.626433686227E-02
   -3.293410294262E-02
   -2.737489260823E-02
   -3.293410294262E-02
   -3.626433686227E-02
   -4.325313692184E-02
   -5.515913857377E-02
   -6.503280560224E-02
   -7.774906290529E-02
   -8.954292642567E-02
   -1.006047706580E-01
   -1.138615647573E-01
   -1.312458148424E-01
   -1.436286492058E-01
   -1.494913316464E-01
   -1.546566672167E-01
   -1.577807724338E-01
   -1.918545612698E-01
   -1.871052498387E-01
   -1.770731666415E-01
   -1.634420486853E-01
   -1.529781397316E-01
   -1.455566774617E-01
   -1.312458148424E-01
   -1.120683729805E-01
   -9.741174359664E-02
   -8.585689136741E-02
   -7.038915850737E-02
   -6.035601279880E-02
   -4.914503986646E-02
   -4.040991122043E-02
   -3.516382402615E-02
   -2.744860894009E-02
   -3.516382402615E-02
   -4.040991122044E-02
   -4.914503986647E-02
   -6.035601279881E-02
   -7.038915850734E-02
   -8.585689136739E-02
   -9.741174359663E-02
   -1.120683729805E-01
   -1.312458148424E-01
   -1.455566774617E-01
   -1.529781397316E-01
   -1.634420486853E-01
   -1.770731666415E-01
   -1.871052498387E-01
   -2.118414801719E-01
   -2.119008775671E-01
   -2.082170619574E-01
   -1.913374127158E-01
   -1.678142720299E-01
   -1.529781397316E-01
   -1.436286492058E-01
   -1.255056007666E-01
   -1.046374805096E-01
   -9.187331175591E-02
   -7.746759350027E-02
   -6.553809878019E-02
   -5.353517034459E-02
   -4.305491255566E-02
   -3.647263060385E-02
   -2.820741962779E-02
   -3.647263060384E-02
   -4.305491255567E-02
   -5.353517034461E-02
   -6.553809878020E-02
   -7.746759350029E-02
   -9.187331175589E-02
   -1.046374805096E-01
   -1.255056007666E-01
   -1.436286492058E-01
   -1.529781397316E-01
   -1.678142720299E-01
   -1.913374127158E-01
   -2.082170619574E-01
   -2.119008775671E-01
   -1.759446564419E-01
   -1.859911571943E-01
   -2.050785134998E-01
   -2.108156859582E-01
   -1.913374127158E-01
   -1.634420486853E-01
   -1.494913316464E-01
   -1.357416338938E-01
   -1.131723190225E-01
   -9.735479684624E-02
   -8.295815052321E-02
   -6.866485984861E-02
   -5.674414433058E-02
   -4.697282984973E-02
   -3.793994445863E-02
   -2.717402023512E-02
   -3.793994445861E-02
   -4.697282984975E-02
   -5.674414433057E-02
   -6.866485984868E-02
   -8.295815052323E-02
   -9.735479684622E-02
   -1.131723190225E-01
   -1.357416338938E-01
   -1.494913316464E-01
   -1.634420486853E-01
   -1.913374127158E-01
   -2.108156859582E-01
   -2.050785134998E-01
   -1.859911571943E-01
   -1.099892874825E-01
   -1.257440770697E-01
   -1.656810989935E-01
   -2.050785134998E-01
   -2.082170619574E-01
   -1.770731666415E-01
   -1.546566672167E-01
   -1.429316265639E-01
   -1.202495661103E-01
   -1.005348981501E-01
   -8.667855299724E-02
   -7.180753345916E-02
   -5.905087992255E-02
   -4.944181251635E-02
   -3.909806919038E-02
   -2.670691600401E-02
   -3.909806919037E-02
   -4.944181251637E-02
   -5.905087992253E-02
   -7.180753345917E-02
   -8.667855299728E-02
   -1.005348981500E-01
   -1.202495661103E-01
   -1.429316265639E-01
   -1.546566672166E-01
   -1.770731666415E-01
   -2.082170619574E-01
   -2.050785134998E-01
   -1.656810989935E-01
   -1.257440770697E-01
   -5.956703818861E-02
   -7.666315541145E-02
   -1.257440770697E-01
   -1.859911571943E-01
   -2.119008775671E-01
   -1.871052498387E-01
   -1.577807724337E-01
   -1.458115681749E-01
   -1.248786765423E-01
   -1.031906682836E-01
   -8.929970978024E-02
   -7.364639680110E-02
   -6.016296588715E-02
   -5.042250895607E-02
   -4.030792091064E-02
   -2.774981637816E-02
   -4.030792091064E-02
   -5.042250895609E-02
   -6.016296588711E-02
   -7.364639680112E-02
   -8.929970978027E-02
   -1.031906682835E-01
   -1.248786765423E-01
   -1.458115681749E-01
   -1.577807724337E-01
   -1.871052498387E-01
   -2.119008775671E-01
   -1.859911571943E-01
   -1.257440770697E-01
   -7.666315541145E-02
   -7.692701350752E-02
   -4.339835325535E-02
    9.352951754151E-03
   -1.394074259410E-02
   -1.260031799804E-01
   -2.099101634448E-01
   -1.918545612698E-01
   -1.568831717952E-01
   -1.426343771257E-01
   -1.173282569935E-01
   -9.763538717880E-02
   -8.227136438700E-02
   -6.655923762392E-02
   -5.754511683828E-02
   -4.399792149520E-02
   -2.439056601893E-02
   -4.399792149519E-02
   -5.754511683828E-02
   -6.655923762393E-02
   -8.227136438700E-02
   -9.763538717880E-02
   -1.173282569935E-01
   -1.426343771257E-01
   -1.568831717954E-01
   -1.918545612697E-01
   -2.099101634447E-01
   -1.260031799803E-01
   -1.394074259424E-02
    9.352951754220E-03
   -4.339835325535E-02
   -4.339835325535E-02
   -1.857887087256E-02
    1.326803222469E-02
   -2.853881335693E-02
   -1.402629972598E-01
   -2.102257210809E-01
   -1.871052498387E-01
   -1.552817722400E-01
   -1.415593059246E-01
   -1.161435276775E-01
   -9.701823470608E-02
   -8.180342434994E-02
   -6.582312487809E-02
   -5.669375937803E-02
   -4.410416570936E-02
   -2.433699886254E-02
   -4.410416570936E-02
   -5.669375937803E-02
   -6.582312487809E-02
   -8.180342434994E-02
   -9.701823470608E-02
   -1.161435276774E-01
   -1.415593059246E-01
   -1.552817722401E-01
   -1.871052498386E-01
   -2.102257210809E-01
   -1.402629972597E-01
   -2.853881335701E-02
    1.326803222474E-02
   -1.857887087256E-02
    9.352951754147E-03
    1.326803222469E-02
   -1.447091675756E-03
   -7.691514096025E-02
   -1.772671062139E-01
   -2.109763893531E-01
   -1.770731666415E-01
   -1.521799251275E-01
   -1.376150367261E-01
   -1.119850685098E-01
   -9.421866191167E-02
   -7.932511447247E-02
   -6.481343987447E-02
   -5.555776710380E-02
   -4.272624478811E-02
   -2.445736525511E-02
   -4.272624478812E-02
   -5.555776710383E-02
   -6.481343987447E-02
   -7.932511447248E-02
   -9.421866191174E-02
   -1.119850685098E-01
   -1.376150367261E-01
   -1.521799251276E-01
   -1.770731666414E-01
   -2.109763893531E-01
   -1.772671062139E-01
   -7.691514096024E-02
   -1.447091675742E-03
    1.326803222469E-02
   -1.394074259414E-02
   -2.853881335695E-02
   -7.691514096023E-02
   -1.536568774269E-01
   -2.086320469374E-01
   -1.985421536282E-01
   -1.634420486853E-01
   -1.481087187804E-01
   -1.300372173259E-01
   -1.063862136909E-01
   -9.125133056063E-02
   -7.521376843926E-02
   -6.168684948902E-02
   -5.246205624929E-02
   -4.121883260450E-02
   -2.693828461065E-02
   -4.121883260452E-02
   -5.246205624931E-02
   -6.168684948898E-02
   -7.521376843927E-02
   -9.125133056067E-02
   -1.063862136909E-01
   -1.300372173258E-01
   -1.481087187803E-01
   -1.634420486853E-01
   -1.985421536282E-01
   -2.086320469374E-01
   -1.536568774269E-01
   -7.691514096023E-02
   -2.853881335696E-02
   -1.260031799803E-01
   -1.402629972597E-01
   -1.772671062139E-01
   -2.086320469374E-01
   -2.044334157898E-01
   -1.741446837135E-01
   -1.529781397316E-01
   -1.414386879308E-01
   -1.188571423932E-01
   -9.979206197520E-02
   -8.635055961358E-02
   -7.083882655965E-02
   -5.870004388932E-02
   -4.887617747571E-02
   -3.881288033665E-02
   -2.739609057710E-02
   -3.881288033666E-02
   -4.887617747572E-02
   -5.870004388930E-02
   -7.083882655966E-02
   -8.635055961361E-02
   -9.979206197517E-02
   -1.188571423932E-01
   -1.414386879307E-01
   -1.529781397315E-01
   -1.741446837135E-01
   -2.044334157898E-01
   -2.086320469374E-01
   -1.772671062139E-01
   -1.402629972597E-01
   -2.099101634448E-01
   -2.102257210809E-01
   -2.109763893531E-01
   -1.985421536282E-01
   -1.741446837135E-01
   -1.565992012388E-01
   -1.455566774617E-01
   -1.281705496309E-01
   -1.072649242113E-01
   -9.385561393142E-02
   -7.849647501557E-02
   -6.548762588392E-02
   -5.509389806267E-02
   -4.550247628233E-02
   -3.650679799515E-02
   -2.601487873547E-02
   -3.650679799516E-02
   -4.550247628234E-02
   -5.509389806270E-02
   -6.548762588392E-02
   -7.849647501559E-02
   -9.385561393139E-02
   -1.072649242113E-01
   -1.281705496309E-01
   -1.455566774616E-01
   -1.565992012387E-01
   -1.741446837135E-01
   -1.985421536282E-01
   -2.109763893531E-01
   -2.102257210809E-01
   -1.918545612698E-01
   -1.871052498387E-01
   -1.770731666415E-01
   -1.634420486853E-01
   -1.529781397316E-01
   -1.455566774617E-01
   -1.312458148424E-01
   -1.120683729805E-01
   -9.741174359664E-02
   -8.585689136740E-02
   -7.038915850737E-02
   -6.035601279879E-02
   -4.914503986646E-02
   -4.040991122043E-02
   -3.516382402617E-02
   -2.744860894013E-02
   -3.516382402618E-02
   -4.040991122043E-02
   -4.914503986647E-02
   -6.035601279880E-02
   -7.038915850734E-02
   -8.585689136739E-02
   -9.741174359663E-02
   -1.120683729805E-01
   -1.312458148424E-01
   -1.455566774617E-01
   -1.529781397316E-01
   -1.634420486853E-01
   -1.770731666415E-01
   -1.871052498387E-01
   -1.568831717953E-01
   -1.552817722401E-01
   -1.521799251276E-01
   -1.481087187804E-01
   -1.414386879308E-01
   -1.281705496310E-01
   -1.120683729805E-01
   -9.957655080818E-02
   -8.796657727404E-02
   -7.539563530444E-02
   -6.324605479941E-02
   -5.407243165896E-02
   -4.426945706830E-02
   -3.696944656215E-02
   -3.111716859624E-02
   -2.550943168979E-02
   -3.111716859624E-02
   -3.696944656215E-02
   -4.426945706830E-02
   -5.407243165897E-02
   -6.324605479940E-02
   -7.539563530443E-02
   -8.796657727404E-02
   -9.957655080818E-02
   -1.120683729805E-01
   -1.281705496310E-01
   -1.414386879308E-01
   -1.481087187804E-01
   -1.521799251276E-01
   -1.552817722401E-01
   -1.426343771256E-01
   -1.415593059246E-01
   -1.376150367261E-01
   -1.300372173259E-01
   -1.188571423933E-01
   -1.072649242113E-01
   -9.741174359664E-02
   -8.796657727404E-02
   -7.672418450331E-02
   -6.625079021082E-02
   -5.707224491197E-02
   -4.603390446651E-02
   -3.892187694638E-02
   -3.345143985837E-02
   -2.700067159847E-02
   -2.434760096637E-02
   -2.700067159847E-02
   -3.345143985837E-02
   -3.892187694638E-02
   -4.603390446651E-02
   -5.707224491197E-02
   -6.625079021082E-02
   -7.672418450330E-02
   -8.796657727404E-02
   -9.741174359664E-02
   -1.072649242113E-01
   -1.188571423933E-01
   -1.300372173259E-01
   -1.376150367261E-01
   -1.415593059246E-01
   -1.173282569934E-01
   -1.161435276774E-01
   -1.119850685098E-01
   -1.063862136909E-01
   -9.979206197523E-02
   -9.385561393143E-02
   -8.585689136741E-02
   -7.539563530445E-02
   -6.625079021083E-02
   -5.695192424783E-02
   -4.856343640829E-02
   -3.997879594545E-02
   -3.446981740323E-02
   -2.883802852761E-02
   -2.338896709474E-02
   -2.263804950908E-02
   -2.338896709475E-02
   -2.883802852761E-02
   -3.446981740324E-02
   -3.997879594545E-02
   -4.856343640829E-02
   -5.695192424783E-02
   -6.625079021083E-02
   -7.539563530445E-02
   -8.585689136741E-02
   -9.385561393142E-02
   -9.979206197523E-02
   -1.063862136909E-01
   -1.119850685098E-01
   -1.161435276775E-01
   -9.763538717875E-02
   -9.701823470608E-02
   -9.421866191175E-02
   -9.125133056068E-02
   -8.635055961361E-02
   -7.849647501559E-02
   -7.038915850738E-02
   -6.324605479941E-02
   -5.707224491197E-02
   -4.856343640829E-02
   -4.112615091153E-02
   -3.543197027088E-02
   -2.912185162125E-02
   -2.420494888964E-02
   -2.091318271635E-02
   -1.919135456635E-02
   -2.091318271636E-02
   -2.420494888964E-02
   -2.912185162125E-02
   -3.543197027088E-02
   -4.112615091153E-02
   -4.856343640829E-02
   -5.707224491197E-02
   -6.324605479941E-02
   -7.038915850738E-02
   -7.849647501559E-02
   -8.635055961361E-02
   -9.125133056068E-02
   -9.421866191174E-02
   -9.701823470607E-02
   -8.227136438695E-02
   -8.180342434993E-02
   -7.932511447248E-02
   -7.521376843926E-02
   -7.083882655965E-02
   -6.548762588397E-02
   -6.035601279882E-02
   -5.407243165897E-02
   -4.603390446651E-02
   -3.997879594545E-02
   -3.543197027088E-02
   -3.038949335956E-02
   -2.384514709871E-02
   -2.000663802296E-02
   -1.849066517277E-02
   -1.656421821368E-02
   -1.849066517278E-02
   -2.000663802295E-02
   -2.384514709872E-02
   -3.038949335956E-02
   -3.543197027088E-02
   -3.997879594545E-02
   -4.603390446651E-02
   -5.407243165897E-02
   -6.035601279882E-02
   -6.548762588397E-02
   -7.083882655965E-02
   -7.521376843926E-02
   -7.932511447248E-02
   -8.180342434994E-02
   -6.655923762393E-02
   -6.582312487810E-02
   -6.481343987447E-02
   -6.168684948903E-02
   -5.870004388932E-02
   -5.509389806271E-02
   -4.914503986647E-02
   -4.426945706830E-02
   -3.892187694638E-02
   -3.446981740323E-02
   -2.912185162125E-02
   -2.384514709872E-02
   -2.034173732539E-02
   -1.708557534287E-02
   -1.498007397527E-02
   -1.393588905994E-02
   -1.498007397529E-02
   -1.708557534287E-02
   -2.034173732539E-02
   -2.384514709871E-02
   -2.912185162125E-02
   -3.446981740324E-02
   -3.892187694638E-02
   -4.426945706830E-02
   -4.914503986647E-02
   -5.509389806271E-02
   -5.870004388932E-02
   -6.168684948903E-02
   -6.481343987446E-02
   -6.582312487809E-02
   -5.754511683824E-02
   -5.669375937799E-02
   -5.555776710381E-02
   -5.246205624929E-02
   -4.887617747571E-02
   -4.550247628234E-02
   -4.040991122043E-02
   -3.696944656216E-02
   -3.345143985837E-02
   -2.883802852761E-02
   -2.420494888964E-02
   -2.000663802295E-02
   -1.708557534288E-02
   -1.418879995781E-02
   -1.258533399526E-02
   -1.268861262272E-02
   -1.258533399526E-02
   -1.418879995780E-02
   -1.708557534288E-02
   -2.000663802295E-02
   -2.420494888964E-02
   -2.883802852761E-02
   -3.345143985837E-02
   -3.696944656216E-02
   -4.040991122043E-02
   -4.550247628233E-02
   -4.887617747571E-02
   -5.246205624930E-02
   -5.555776710383E-02
   -5.669375937802E-02
   -4.399792149520E-02
   -4.410416570938E-02
   -4.272624478814E-02
   -4.121883260451E-02
   -3.881288033666E-02
   -3.650679799515E-02
   -3.516382402616E-02
   -3.111716859623E-02
   -2.700067159847E-02
   -2.338896709475E-02
   -2.091318271636E-02
   -1.849066517279E-02
   -1.498007397534E-02
   -1.258533399529E-02
   -1.100981571909E-02
   -1.038760349078E-02
   -1.100981571909E-02
   -1.258533399525E-02
   -1.498007397531E-02
   -1.849066517278E-02
   -2.091318271637E-02
   -2.338896709476E-02
   -2.700067159848E-02
   -3.111716859623E-02
   -3.516382402616E-02
   -3.650679799516E-02
   -3.881288033667E-02
   -4.121883260450E-02
   -4.272624478811E-02
   -4.410416570939E-02
   -2.439056601919E-02
   -2.433699886232E-02
   -2.445736525507E-02
   -2.693828461064E-02
   -2.739609057704E-02
   -2.601487873569E-02
   -2.744860894001E-02
   -2.550943168984E-02
   -2.434760096630E-02
   -2.263804950913E-02
   -1.919135456632E-02
   -1.656421821371E-02
   -1.393588906006E-02
   -1.268861262271E-02
   -1.038760349076E-02
   -9.640031786273E-03
   -1.038760349072E-02
   -1.268861262274E-02
   -1.393588905998E-02
   -1.656421821367E-02
   -1.919135456636E-02
   -2.263804950912E-02
   -2.434760096641E-02
   -2.550943168980E-02
   -2.744860894006E-02
   -2.601487873561E-02
   -2.739609057715E-02
   -2.693828461062E-02
   -2.445736525530E-02
   -2.433699886244E-02
   -4.399792149521E-02
   -4.410416570942E-02
   -4.272624478809E-02
   -4.121883260449E-02
   -3.881288033666E-02
   -3.650679799514E-02
   -3.516382402616E-02
   -3.111716859623E-02
   -2.700067159846E-02
   -2.338896709474E-02
   -2.091318271635E-02
   -1.849066517278E-02
   -1.498007397534E-02
   -1.258533399528E-02
   -1.100981571913E-02
   -1.038760349078E-02
   -1.100981571904E-02
   -1.258533399527E-02
   -1.498007397529E-02
   -1.849066517277E-02
   -2.091318271635E-02
   -2.338896709475E-02
   -2.700067159847E-02
   -3.111716859623E-02
   -3.516382402614E-02
   -3.650679799515E-02
   -3.881288033665E-02
   -4.121883260448E-02
   -4.272624478815E-02
   -4.410416570943E-02
   -5.754511683826E-02
   -5.669375937800E-02
   -5.555776710385E-02
   -5.246205624930E-02
   -4.887617747571E-02
   -4.550247628233E-02
   -4.040991122043E-02
   -3.696944656216E-02
   -3.345143985837E-02
   -2.883802852761E-02
   -2.420494888964E-02
   -2.000663802295E-02
   -1.708557534289E-02
   -1.418879995781E-02
   -1.258533399529E-02
   -1.268861262279E-02
   -1.258533399526E-02
   -1.418879995782E-02
   -1.708557534287E-02
   -2.000663802295E-02
   -2.420494888964E-02
   -2.883802852761E-02
   -3.345143985837E-02
   -3.696944656215E-02
   -4.040991122043E-02
   -4.550247628233E-02
   -4.887617747571E-02
   -5.246205624931E-02
   -5.555776710382E-02
   -5.669375937797E-02
   -6.655923762394E-02
   -6.582312487811E-02
   -6.481343987446E-02
   -6.168684948902E-02
   -5.870004388932E-02
   -5.509389806271E-02
   -4.914503986647E-02
   -4.426945706830E-02
   -3.892187694637E-02
   -3.446981740323E-02
   -2.912185162125E-02
   -2.384514709871E-02
   -2.034173732539E-02
   -1.708557534287E-02
   -1.498007397530E-02
   -1.393588905996E-02
   -1.498007397528E-02
   -1.708557534289E-02
   -2.034173732538E-02
   -2.384514709871E-02
   -2.912185162125E-02
   -3.446981740323E-02
   -3.892187694638E-02
   -4.426945706830E-02
   -4.914503986647E-02
   -5.509389806270E-02
   -5.870004388932E-02
   -6.168684948901E-02
   -6.481343987447E-02
   -6.582312487812E-02
   -8.227136438700E-02
   -8.180342434994E-02
   -7.932511447249E-02
   -7.521376843927E-02
   -7.083882655965E-02
   -6.548762588396E-02
   -6.035601279882E-02
   -5.407243165897E-02
   -4.603390446651E-02
   -3.997879594544E-02
   -3.543197027088E-02
   -3.038949335956E-02
   -2.384514709872E-02
   -2.000663802295E-02
   -1.849066517279E-02
   -1.656421821369E-02
   -1.849066517278E-02
   -2.000663802296E-02
   -2.384514709871E-02
   -3.038949335956E-02
   -3.543197027088E-02
   -3.997879594545E-02
   -4.603390446651E-02
   -5.407243165897E-02
   -6.035601279882E-02
   -6.548762588397E-02
   -7.083882655965E-02
   -7.521376843927E-02
   -7.932511447247E-02
   -8.180342434993E-02
   -9.763538717879E-02
   -9.701823470608E-02
   -9.421866191174E-02
   -9.125133056068E-02
   -8.635055961362E-02
   -7.849647501559E-02
   -7.038915850738E-02
   -6.324605479941E-02
   -5.707224491197E-02
   -4.856343640828E-02
   -4.112615091152E-02
   -3.543197027088E-02
   -2.912185162125E-02
   -2.420494888964E-02
   -2.091318271636E-02
   -1.919135456637E-02
   -2.091318271636E-02
   -2.420494888965E-02
   -2.912185162125E-02
   -3.543197027088E-02
   -4.112615091152E-02
   -4.856343640828E-02
   -5.707224491197E-02
   -6.324605479941E-02
   -7.038915850738E-02
   -7.849647501559E-02
   -8.635055961362E-02
   -9.125133056068E-02
   -9.421866191175E-02
   -9.701823470609E-02
   -1.173282569935E-01
   -1.161435276774E-01
   -1.119850685098E-01
   -1.063862136909E-01
   -9.979206197523E-02
   -9.385561393142E-02
   -8.585689136741E-02
   -7.539563530445E-02
   -6.625079021083E-02
   -5.695192424782E-02
   -4.856343640828E-02
   -3.997879594544E-02
   -3.446981740323E-02
   -2.883802852761E-02
   -2.338896709474E-02
   -2.263804950908E-02
   -2.338896709474E-02
   -2.883802852761E-02
   -3.446981740323E-02
   -3.997879594544E-02
   -4.856343640828E-02
   -5.695192424783E-02
   -6.625079021082E-02
   -7.539563530445E-02
   -8.585689136741E-02
   -9.385561393143E-02
   -9.979206197523E-02
   -1.063862136909E-01
   -1.119850685098E-01
   -1.161435276774E-01
   -1.426343771257E-01
   -1.415593059246E-01
   -1.376150367261E-01
   -1.300372173259E-01
   -1.188571423933E-01
   -1.072649242113E-01
   -9.741174359664E-02
   -8.796657727404E-02
   -7.672418450331E-02
   -6.625079021082E-02
   -5.707224491196E-02
   -4.603390446651E-02
   -3.892187694638E-02
   -3.345143985837E-02
   -2.700067159847E-02
   -2.434760096637E-02
   -2.700067159846E-02
   -3.345143985837E-02
   -3.892187694638E-02
   -4.603390446651E-02
   -5.707224491197E-02
   -6.625079021082E-02
   -7.672418450330E-02
   -8.796657727404E-02
   -9.741174359664E-02
   -1.072649242113E-01
   -1.188571423933E-01
   -1.300372173259E-01
   -1.376150367261E-01
   -1.415593059246E-01
   -1.568831717954E-01
   -1.552817722401E-01
   -1.521799251276E-01
   -1.481087187804E-01
   -1.414386879308E-01
   -1.281705496310E-01
   -1.120683729805E-01
   -9.957655080818E-02
   -8.796657727404E-02
   -7.539563530444E-02
   -6.324605479940E-02
   -5.407243165896E-02
   -4.426945706830E-02
   -3.696944656215E-02
   -3.111716859623E-02
   -2.550943168979E-02
   -3.111716859623E-02
   -3.696944656216E-02
   -4.426945706830E-02
   -5.407243165897E-02
   -6.324605479940E-02
   -7.539563530443E-02
   -8.796657727404E-02
   -9.957655080818E-02
   -1.120683729805E-01
   -1.281705496310E-01
   -1.414386879308E-01
   -1.481087187804E-01
   -1.521799251276E-01
   -1.552817722401E-01
   -1.918545612698E-01
   -1.871052498387E-01
   -1.770731666415E-01
   -1.634420486853E-01
   -1.529781397316E-01
   -1.455566774617E-01
   -1.312458148424E-01
   -1.120683729805E-01
   -9.741174359664E-02
   -8.585689136740E-02
   -7.038915850736E-02
   -6.035601279879E-02
   -4.914503986646E-02
   -4.040991122043E-02
   -3.516382402617E-02
   -2.744860894015E-02
   -3.516382402616E-02
   -4.040991122043E-02
   -4.914503986647E-02
   -6.035601279880E-02
   -7.038915850734E-02
   -8.585689136738E-02
   -9.741174359664E-02
   -1.120683729805E-01
   -1.312458148424E-01
   -1.455566774617E-01
   -1.529781397316E-01
   -1.634420486853E-01
   -1.770731666415E-01
   -1.871052498387E-01
   -2.099101634448E-01
   -2.102257210809E-01
   -2.109763893531E-01
   -1.985421536282E-01
   -1.741446837135E-01
   -1.565992012388E-01
   -1.455566774617E-01
   -1.281705496309E-01
   -1.072649242113E-01
   -9.385561393142E-02
   -7.849647501557E-02
   -6.548762588392E-02
   -5.509389806267E-02
   -4.550247628233E-02
   -3.650679799515E-02
   -2.601487873553E-02
   -3.650679799514E-02
   -4.550247628233E-02
   -5.509389806270E-02
   -6.548762588392E-02
   -7.849647501559E-02
   -9.385561393139E-02
   -1.072649242113E-01
   -1.281705496309E-01
   -1.455566774617E-01
   -1.565992012387E-01
   -1.741446837135E-01
   -1.985421536282E-01
   -2.109763893531E-01
   -2.102257210809E-01
   -1.260031799803E-01
   -1.402629972597E-01
   -1.772671062139E-01
   -2.086320469374E-01
   -2.044334157898E-01
   -1.741446837135E-01
   -1.529781397316E-01
   -1.414386879308E-01
   -1.188571423932E-01
   -9.979206197520E-02
   -8.635055961358E-02
   -7.083882655965E-02
   -5.870004388932E-02
   -4.887617747570E-02
   -3.881288033665E-02
   -2.739609057722E-02
   -3.881288033664E-02
   -4.887617747571E-02
   -5.870004388930E-02
   -7.083882655965E-02
   -8.635055961361E-02
   -9.979206197516E-02
   -1.188571423932E-01
   -1.414386879307E-01
   -1.529781397315E-01
   -1.741446837135E-01
   -2.044334157898E-01
   -2.086320469374E-01
   -1.772671062139E-01
   -1.402629972597E-01
   -1.394074259409E-02
   -2.853881335695E-02
   -7.691514096023E-02
   -1.536568774269E-01
   -2.086320469374E-01
   -1.985421536282E-01
   -1.634420486853E-01
   -1.481087187804E-01
   -1.300372173259E-01
   -1.063862136909E-01
   -9.125133056063E-02
   -7.521376843926E-02
   -6.168684948902E-02
   -5.246205624928E-02
   -4.121883260450E-02
   -2.693828461090E-02
   -4.121883260450E-02
   -5.246205624930E-02
   -6.168684948898E-02
   -7.521376843927E-02
   -9.125133056067E-02
   -1.063862136909E-01
   -1.300372173258E-01
   -1.481087187803E-01
   -1.634420486853E-01
   -1.985421536282E-01
   -2.086320469374E-01
   -1.536568774269E-01
   -7.691514096023E-02
   -2.853881335694E-02
    9.352951754007E-03
    1.326803222469E-02
   -1.447091675750E-03
   -7.691514096024E-02
   -1.772671062139E-01
   -2.109763893531E-01
   -1.770731666415E-01
   -1.521799251275E-01
   -1.376150367261E-01
   -1.119850685098E-01
   -9.421866191167E-02
   -7.932511447247E-02
   -6.481343987447E-02
   -5.555776710379E-02
   -4.272624478810E-02
   -2.445736525531E-02
   -4.272624478810E-02
   -5.555776710383E-02
   -6.481343987447E-02
   -7.932511447248E-02
   -9.421866191175E-02
   -1.119850685098E-01
   -1.376150367261E-01
   -1.521799251276E-01
   -1.770731666414E-01
   -2.109763893531E-01
   -1.772671062139E-01
   -7.691514096024E-02
   -1.447091675738E-03
    1.326803222469E-02
   -4.339835325535E-02
   -1.857887087256E-02
    1.326803222469E-02
   -2.853881335692E-02
   -1.402629972598E-01
   -2.102257210809E-01
   -1.871052498387E-01
   -1.552817722399E-01
   -1.415593059246E-01
   -1.161435276775E-01
   -9.701823470608E-02
   -8.180342434994E-02
   -6.582312487809E-02
   -5.669375937802E-02
   -4.410416570936E-02
   -2.433699886268E-02
   -4.410416570935E-02
   -5.669375937802E-02
   -6.582312487809E-02
   -8.180342434994E-02
   -9.701823470608E-02
   -1.161435276774E-01
   -1.415593059246E-01
   -1.552817722401E-01
   -1.871052498386E-01
   -2.102257210809E-01
   -1.402629972597E-01
   -2.853881335701E-02
    1.326803222474E-02
   -1.857887087256E-02
   -8.617492312360E-01
   -7.276042597095E-01
   -3.954650141461E-01
   -7.654623788199E-02
    7.630512315810E-03
   -1.260031799804E-01
   -2.118414801719E-01
   -1.774720161335E-01
   -1.507471708525E-01
   -1.309952944759E-01
   -1.053558717902E-01
   -8.905887014870E-02
   -7.156888389731E-02
   -6.264316087649E-02
   -4.915022719002E-02
   -1.984174982586E-02
   -4.915022719003E-02
   -6.264316087649E-02
   -7.156888389732E-02
   -8.905887014869E-02
   -1.053558717902E-01
   -1.309952944758E-01
   -1.507471708526E-01
   -1.774720161334E-01
   -2.118414801719E-01
   -1.260031799803E-01
    7.630512315587E-03
   -7.654623788180E-02
   -3.954650141462E-01
   -7.276042597095E-01
   -7.276042597095E-01
   -6.057875855865E-01
   -3.100907528014E-01
   -4.369497649358E-02
   -1.094816326725E-03
   -1.402629972596E-01
   -2.119008775672E-01
   -1.737120870977E-01
   -1.499233195692E-01
   -1.299612702908E-01
   -1.045775650711E-01
   -8.854392903821E-02
   -7.070607877301E-02
   -6.161541767644E-02
   -4.865373760916E-02
   -2.244178236381E-02
   -4.865373760915E-02
   -6.161541767645E-02
   -7.070607877300E-02
   -8.854392903821E-02
   -1.045775650710E-01
   -1.299612702908E-01
   -1.499233195692E-01
   -1.737120870977E-01
   -2.119008775672E-01
   -1.402629972597E-01
   -1.094816326878E-03
   -4.369497649345E-02
   -3.100907528015E-01
   -6.057875855866E-01
   -3.954650141461E-01
   -3.100907528015E-01
   -1.183935591098E-01
    9.439004007610E-03
   -4.255016649718E-02
   -1.772671062139E-01
   -2.082170619573E-01
   -1.653228153932E-01
   -1.473045970344E-01
   -1.251642044100E-01
   -1.014626505585E-01
   -8.640907120481E-02
   -6.953413627953E-02
   -6.016920178837E-02
   -4.647551911578E-02
   -2.262961996647E-02
   -4.647551911575E-02
   -6.016920178838E-02
   -6.953413627951E-02
   -8.640907120482E-02
   -1.014626505585E-01
   -1.251642044100E-01
   -1.473045970344E-01
   -1.653228153932E-01
   -2.082170619574E-01
   -1.772671062138E-01
   -4.255016649713E-02
    9.439004007606E-03
   -1.183935591098E-01
   -3.100907528015E-01
   -7.654623788192E-02
   -4.369497649352E-02
    9.439004007586E-03
   -1.393039100754E-02
   -1.258115693852E-01
   -2.086320469374E-01
   -1.913374127158E-01
   -1.567066792226E-01
   -1.424333583399E-01
   -1.172302180756E-01
   -9.788070271177E-02
   -8.232315596972E-02
   -6.674763302212E-02
   -5.750692423511E-02
   -4.386588344183E-02
   -2.417061768191E-02
   -4.386588344181E-02
   -5.750692423511E-02
   -6.674763302212E-02
   -8.232315596973E-02
   -9.788070271177E-02
   -1.172302180756E-01
   -1.424333583399E-01
   -1.567066792227E-01
   -1.913374127156E-01
   -2.086320469374E-01
   -1.258115693852E-01
   -1.393039100757E-02
    9.439004007586E-03
   -4.369497649352E-02
    7.630512315682E-03
   -1.094816326845E-03
   -4.255016649720E-02
   -1.258115693852E-01
   -2.002055512149E-01
   -2.044334157898E-01
   -1.678142720299E-01
   -1.504200508519E-01
   -1.330870688608E-01
   -1.078280181165E-01
   -9.292335825336E-02
   -7.642485233028E-02
   -6.287592347243E-02
   -5.396445413275E-02
   -4.165575205751E-02
   -2.678040925541E-02
   -4.165575205749E-02
   -5.396445413278E-02
   -6.287592347238E-02
   -7.642485233029E-02
   -9.292335825341E-02
   -1.078280181165E-01
   -1.330870688608E-01
   -1.504200508518E-01
   -1.678142720298E-01
   -2.044334157898E-01
   -2.002055512149E-01
   -1.258115693852E-01
   -4.255016649720E-02
   -1.094816326846E-03
   -1.260031799803E-01
   -1.402629972597E-01
   -1.772671062139E-01
   -2.086320469374E-01
   -2.044334157898E-01
   -1.741446837135E-01
   -1.529781397316E-01
   -1.414386879308E-01
   -1.188571423932E-01
   -9.979206197520E-02
   -8.635055961357E-02
   -7.083882655966E-02
   -5.870004388931E-02
   -4.887617747571E-02
   -3.881288033664E-02
   -2.739609057709E-02
   -3.881288033663E-02
   -4.887617747572E-02
   -5.870004388930E-02
   -7.083882655966E-02
   -8.635055961361E-02
   -9.979206197517E-02
   -1.188571423932E-01
   -1.414386879307E-01
   -1.529781397315E-01
   -1.741446837135E-01
   -2.044334157898E-01
   -2.086320469374E-01
   -1.772671062139E-01
   -1.402629972597E-01
   -2.118414801719E-01
   -2.119008775671E-01
   -2.082170619574E-01
   -1.913374127158E-01
   -1.678142720299E-01
   -1.529781397316E-01
   -1.436286492058E-01
   -1.255056007666E-01
   -1.046374805096E-01
   -9.187331175591E-02
   -7.746759350026E-02
   -6.553809878019E-02
   -5.353517034459E-02
   -4.305491255567E-02
   -3.647263060383E-02
   -2.820741962779E-02
   -3.647263060383E-02
   -4.305491255567E-02
   -5.353517034461E-02
   -6.553809878019E-02
   -7.746759350029E-02
   -9.187331175588E-02
   -1.046374805096E-01
   -1.255056007666E-01
   -1.436286492058E-01
   -1.529781397316E-01
   -1.678142720299E-01
   -1.913374127158E-01
   -2.082170619574E-01
   -2.119008775671E-01
   -1.774720161333E-01
   -1.737120870977E-01
   -1.653228153932E-01
   -1.567066792227E-01
   -1.504200508520E-01
   -1.414386879308E-01
   -1.255056007666E-01
   -1.077428617633E-01
   -9.447707479303E-02
   -8.235534538829E-02
   -6.822575565639E-02
   -5.838096537856E-02
   -4.723762307469E-02
   -3.886063780595E-02
   -3.377007563964E-02
   -2.777950358839E-02
   -3.377007563965E-02
   -3.886063780595E-02
   -4.723762307470E-02
   -5.838096537857E-02
   -6.822575565638E-02
   -8.235534538828E-02
   -9.447707479303E-02
   -1.077428617633E-01
   -1.255056007666E-01
   -1.414386879308E-01
   -1.504200508520E-01
   -1.567066792227E-01
   -1.653228153932E-01
   -1.737120870977E-01
   -1.507471708526E-01
   -1.499233195692E-01
   -1.473045970344E-01
   -1.424333583399E-01
   -1.330870688609E-01
   -1.188571423933E-01
   -1.046374805096E-01
   -9.447707479304E-02
   -8.336140269554E-02
   -7.121121444914E-02
   -6.201470906914E-02
   -5.107598902069E-02
   -4.106767118398E-02
   -3.485853949028E-02
   -2.942038785438E-02
   -2.628398486397E-02
   -2.942038785438E-02
   -3.485853949028E-02
   -4.106767118398E-02
   -5.107598902069E-02
   -6.201470906913E-02
   -7.121121444913E-02
   -8.336140269554E-02
   -9.447707479304E-02
   -1.046374805096E-01
   -1.188571423933E-01
   -1.330870688609E-01
   -1.424333583399E-01
   -1.473045970344E-01
   -1.499233195692E-01
   -1.309952944759E-01
   -1.299612702908E-01
   -1.251642044101E-01
   -1.172302180756E-01
   -1.078280181166E-01
   -9.979206197523E-02
   -9.187331175592E-02
   -8.235534538830E-02
   -7.121121444914E-02
   -6.086344830334E-02
   -5.325283432676E-02
   -4.304458730960E-02
   -3.710137553953E-02
   -3.170916686535E-02
   -2.506989149313E-02
   -2.382097752958E-02
   -2.506989149313E-02
   -3.170916686535E-02
   -3.710137553953E-02
   -4.304458730960E-02
   -5.325283432676E-02
   -6.086344830334E-02
   -7.121121444914E-02
   -8.235534538830E-02
   -9.187331175592E-02
   -9.979206197523E-02
   -1.078280181166E-01
   -1.172302180756E-01
   -1.251642044101E-01
   -1.299612702908E-01
   -1.053558717902E-01
   -1.045775650710E-01
   -1.014626505585E-01
   -9.788070271176E-02
   -9.292335825342E-02
   -8.635055961361E-02
   -7.746759350029E-02
   -6.822575565641E-02
   -6.201470906914E-02
   -5.325283432677E-02
   -4.368419704566E-02
   -3.661639495540E-02
   -3.190986788214E-02
   -2.665697111701E-02
   -2.176668579538E-02
   -2.033245528060E-02
   -2.176668579537E-02
   -2.665697111702E-02
   -3.190986788214E-02
   -3.661639495540E-02
   -4.368419704566E-02
   -5.325283432676E-02
   -6.201470906914E-02
   -6.822575565641E-02
   -7.746759350029E-02
   -8.635055961361E-02
   -9.292335825342E-02
   -9.788070271177E-02
   -1.014626505585E-01
   -1.045775650711E-01
   -8.905887014869E-02
   -8.854392903821E-02
   -8.640907120482E-02
   -8.232315596974E-02
   -7.642485233029E-02
   -7.083882655965E-02
   -6.553809878023E-02
   -5.838096537858E-02
   -5.107598902069E-02
   -4.304458730960E-02
   -3.661639495540E-02
   -3.287906330095E-02
   -2.640815085241E-02
   -2.192695686177E-02
   -1.959045562925E-02
   -1.690368000089E-02
   -1.959045562925E-02
   -2.192695686178E-02
   -2.640815085240E-02
   -3.287906330095E-02
   -3.661639495540E-02
   -4.304458730960E-02
   -5.107598902069E-02
   -5.838096537858E-02
   -6.553809878023E-02
   -7.083882655966E-02
   -7.642485233028E-02
   -8.232315596973E-02
   -8.640907120483E-02
   -8.854392903821E-02
   -7.156888389733E-02
   -7.070607877300E-02
   -6.953413627952E-02
   -6.674763302210E-02
   -6.287592347242E-02
   -5.870004388931E-02
   -5.353517034462E-02
   -4.723762307470E-02
   -4.106767118398E-02
   -3.710137553953E-02
   -3.190986788215E-02
   -2.640815085241E-02
   -2.128185137606E-02
   -1.871025101379E-02
   -1.678505576949E-02
   -1.403390182405E-02
   -1.678505576948E-02
   -1.871025101380E-02
   -2.128185137607E-02
   -2.640815085241E-02
   -3.190986788214E-02
   -3.710137553953E-02
   -4.106767118398E-02
   -4.723762307470E-02
   -5.353517034462E-02
   -5.870004388931E-02
   -6.287592347243E-02
   -6.674763302211E-02
   -6.953413627950E-02
   -7.070607877300E-02
   -6.264316087646E-02
   -6.161541767647E-02
   -6.016920178838E-02
   -5.750692423514E-02
   -5.396445413279E-02
   -4.887617747572E-02
   -4.305491255566E-02
   -3.886063780595E-02
   -3.485853949028E-02
   -3.170916686535E-02
   -2.665697111702E-02
   -2.192695686177E-02
   -1.871025101378E-02
   -1.510408996018E-02
   -1.373012374575E-02
   -1.386375089698E-02
   -1.373012374575E-02
   -1.510408996020E-02
   -1.871025101379E-02
   -2.192695686177E-02
   -2.665697111701E-02
   -3.170916686534E-02
   -3.485853949028E-02
   -3.886063780595E-02
   -4.305491255566E-02
   -4.887617747572E-02
   -5.396445413278E-02
   -5.750692423512E-02
   -6.016920178842E-02
   -6.161541767646E-02
   -4.915022719011E-02
   -4.865373760919E-02
   -4.647551911574E-02
   -4.386588344180E-02
   -4.165575205747E-02
   -3.881288033664E-02
   -3.647263060385E-02
   -3.377007563966E-02
   -2.942038785438E-02
   -2.506989149313E-02
   -2.176668579537E-02
   -1.959045562924E-02
   -1.678505576941E-02
   -1.373012374569E-02
   -1.187741998724E-02
   -1.121623188977E-02
   -1.187741998724E-02
   -1.373012374573E-02
   -1.678505576946E-02
   -1.959045562924E-02
   -2.176668579538E-02
   -2.506989149311E-02
   -2.942038785439E-02
   -3.377007563964E-02
   -3.647263060385E-02
   -3.881288033663E-02
   -4.165575205749E-02
   -4.386588344184E-02
   -4.647551911568E-02
   -4.865373760907E-02
   -1.984174982576E-02
   -2.244178236499E-02
   -2.262961996593E-02
   -2.417061768184E-02
   -2.678040925548E-02
   -2.739609057685E-02
   -2.820741962798E-02
   -2.777950358836E-02
   -2.628398486399E-02
   -2.382097752958E-02
   -2.033245528055E-02
   -1.690368000100E-02
   -1.403390182374E-02
   -1.386375089720E-02
   -1.121623188917E-02
    1.025873359920E-02
   -1.121623188990E-02
   -1.386375089682E-02
   -1.403390182411E-02
   -1.690368000082E-02
   -2.033245528068E-02
   -2.382097752948E-02
   -2.628398486402E-02
   -2.777950358830E-02
   -2.820741962802E-02
   -2.739609057694E-02
   -2.678040925532E-02
   -2.417061768210E-02
   -2.262961996609E-02
   -2.244178236418E-02
   -4.915022718993E-02
   -4.865373760905E-02
   -4.647551911578E-02
   -4.386588344189E-02
   -4.165575205751E-02
   -3.881288033666E-02
   -3.647263060385E-02
   -3.377007563965E-02
   -2.942038785439E-02
   -2.506989149312E-02
   -2.176668579537E-02
   -1.959045562925E-02
   -1.678505576939E-02
   -1.373012374572E-02
   -1.187741998709E-02
   -1.121623188919E-02
   -1.187741998726E-02
   -1.373012374569E-02
   -1.678505576947E-02
   -1.959045562922E-02
   -2.176668579538E-02
   -2.506989149311E-02
   -2.942038785439E-02
   -3.377007563965E-02
   -3.647263060388E-02
   -3.881288033663E-02
   -4.165575205752E-02
   -4.386588344184E-02
   -4.647551911582E-02
   -4.865373760910E-02
   -6.264316087655E-02
   -6.161541767651E-02
   -6.016920178836E-02
   -5.750692423510E-02
   -5.396445413277E-02
   -4.887617747572E-02
   -4.305491255566E-02
   -3.886063780595E-02
   -3.485853949028E-02
   -3.170916686535E-02
   -2.665697111701E-02
   -2.192695686178E-02
   -1.871025101377E-02
   -1.510408996017E-02
   -1.373012374571E-02
   -1.386375089717E-02
   -1.373012374576E-02
   -1.510408996017E-02
   -1.871025101379E-02
   -2.192695686177E-02
   -2.665697111702E-02
   -3.170916686534E-02
   -3.485853949028E-02
   -3.886063780595E-02
   -4.305491255567E-02
   -4.887617747572E-02
   -5.396445413280E-02
   -5.750692423511E-02
   -6.016920178837E-02
   -6.161541767652E-02
   -7.156888389728E-02
   -7.070607877297E-02
   -6.953413627952E-02
   -6.674763302213E-02
   -6.287592347243E-02
   -5.870004388932E-02
   -5.353517034462E-02
   -4.723762307470E-02
   -4.106767118398E-02
   -3.710137553953E-02
   -3.190986788214E-02
   -2.640815085241E-02
   -2.128185137606E-02
   -1.871025101378E-02
   -1.678505576944E-02
   -1.403390182385E-02
   -1.678505576947E-02
   -1.871025101378E-02
   -2.128185137607E-02
   -2.640815085241E-02
   -3.190986788215E-02
   -3.710137553953E-02
   -4.106767118398E-02
   -4.723762307470E-02
   -5.353517034463E-02
   -5.870004388932E-02
   -6.287592347242E-02
   -6.674763302212E-02
   -6.953413627954E-02
   -7.070607877297E-02
   -8.905887014873E-02
   -8.854392903822E-02
   -8.640907120482E-02
   -8.232315596972E-02
   -7.642485233028E-02
   -7.083882655966E-02
   -6.553809878023E-02
   -5.838096537858E-02
   -5.107598902069E-02
   -4.304458730960E-02
   -3.661639495540E-02
   -3.287906330095E-02
   -2.640815085240E-02
   -2.192695686176E-02
   -1.959045562925E-02
   -1.690368000103E-02
   -1.959045562925E-02
   -2.192695686176E-02
   -2.640815085241E-02
   -3.287906330095E-02
   -3.661639495541E-02
   -4.304458730960E-02
   -5.107598902069E-02
   -5.838096537858E-02
   -6.553809878024E-02
   -7.083882655965E-02
   -7.642485233029E-02
   -8.232315596972E-02
   -8.640907120481E-02
   -8.854392903823E-02
   -1.053558717902E-01
   -1.045775650710E-01
   -1.014626505585E-01
   -9.788070271178E-02
   -9.292335825342E-02
   -8.635055961362E-02
   -7.746759350029E-02
   -6.822575565641E-02
   -6.201470906914E-02
   -5.325283432676E-02
   -4.368419704566E-02
   -3.661639495540E-02
   -3.190986788214E-02
   -2.665697111701E-02
   -2.176668579536E-02
   -2.033245528051E-02
   -2.176668579537E-02
   -2.665697111701E-02
   -3.190986788215E-02
   -3.661639495541E-02
   -4.368419704567E-02
   -5.325283432676E-02
   -6.201470906915E-02
   -6.822575565641E-02
   -7.746759350029E-02
   -8.635055961361E-02
   -9.292335825342E-02
   -9.788070271177E-02
   -1.014626505585E-01
   -1.045775650710E-01
   -1.309952944759E-01
   -1.299612702909E-01
   -1.251642044100E-01
   -1.172302180756E-01
   -1.078280181166E-01
   -9.979206197523E-02
   -9.187331175592E-02
   -8.235534538830E-02
   -7.121121444914E-02
   -6.086344830334E-02
   -5.325283432676E-02
   -4.304458730960E-02
   -3.710137553953E-02
   -3.170916686534E-02
   -2.506989149313E-02
   -2.382097752965E-02
   -2.506989149313E-02
   -3.170916686534E-02
   -3.710137553953E-02
   -4.304458730961E-02
   -5.325283432676E-02
   -6.086344830334E-02
   -7.121121444914E-02
   -8.235534538829E-02
   -9.187331175592E-02
   -9.979206197523E-02
   -1.078280181166E-01
   -1.172302180756E-01
   -1.251642044100E-01
   -1.299612702909E-01
   -1.507471708526E-01
   -1.499233195692E-01
   -1.473045970344E-01
   -1.424333583399E-01
   -1.330870688609E-01
   -1.188571423933E-01
   -1.046374805096E-01
   -9.447707479304E-02
   -8.336140269554E-02
   -7.121121444914E-02
   -6.201470906914E-02
   -5.107598902069E-02
   -4.106767118397E-02
   -3.485853949028E-02
   -2.942038785437E-02
   -2.628398486391E-02
   -2.942038785439E-02
   -3.485853949027E-02
   -4.106767118398E-02
   -5.107598902069E-02
   -6.201470906913E-02
   -7.121121444913E-02
   -8.336140269554E-02
   -9.447707479304E-02
   -1.046374805096E-01
   -1.188571423933E-01
   -1.330870688609E-01
   -1.424333583399E-01
   -1.473045970344E-01
   -1.499233195692E-01
   -1.774720161335E-01
   -1.737120870977E-01
   -1.653228153932E-01
   -1.567066792227E-01
   -1.504200508520E-01
   -1.414386879308E-01
   -1.255056007666E-01
   -1.077428617633E-01
   -9.447707479303E-02
   -8.235534538829E-02
   -6.822575565639E-02
   -5.838096537856E-02
   -4.723762307469E-02
   -3.886063780594E-02
   -3.377007563964E-02
   -2.777950358844E-02
   -3.377007563965E-02
   -3.886063780594E-02
   -4.723762307470E-02
   -5.838096537857E-02
   -6.822575565638E-02
   -8.235534538827E-02
   -9.447707479303E-02
   -1.077428617633E-01
   -1.255056007666E-01
   -1.414386879308E-01
   -1.504200508520E-01
   -1.567066792227E-01
   -1.653228153932E-01
   -1.737120870977E-01
   -2.118414801719E-01
   -2.119008775671E-01
   -2.082170619574E-01
   -1.913374127158E-01
   -1.678142720299E-01
   -1.529781397316E-01
   -1.436286492058E-01
   -1.255056007666E-01
   -1.046374805096E-01
   -9.187331175591E-02
   -7.746759350027E-02
   -6.553809878019E-02
   -5.353517034459E-02
   -4.305491255566E-02
   -3.647263060382E-02
   -2.820741962776E-02
   -3.647263060384E-02
   -4.305491255566E-02
   -5.353517034462E-02
   -6.553809878019E-02
   -7.746759350029E-02
   -9.187331175588E-02
   -1.046374805096E-01
   -1.255056007666E-01
   -1.436286492058E-01
   -1.529781397316E-01
   -1.678142720299E-01
   -1.913374127158E-01
   -2.082170619574E-01
   -2.119008775671E-01
   -1.260031799803E-01
   -1.402629972597E-01
   -1.772671062139E-01
   -2.086320469374E-01
   -2.044334157898E-01
   -1.741446837135E-01
   -1.529781397316E-01
   -1.414386879308E-01
   -1.188571423932E-01
   -9.979206197520E-02
   -8.635055961358E-02
   -7.083882655966E-02
   -5.870004388931E-02
   -4.887617747571E-02
   -3.881288033663E-02
   -2.739609057714E-02
   -3.881288033665E-02
   -4.887617747572E-02
   -5.870004388930E-02
   -7.083882655966E-02
   -8.635055961361E-02
   -9.979206197517E-02
   -1.188571423932E-01
   -1.414386879307E-01
   -1.529781397315E-01
   -1.741446837135E-01
   -2.044334157899E-01
   -2.086320469374E-01
   -1.772671062139E-01
   -1.402629972597E-01
    7.630512315738E-03
   -1.094816326847E-03
   -4.255016649721E-02
   -1.258115693852E-01
   -2.002055512149E-01
   -2.044334157898E-01
   -1.678142720299E-01
   -1.504200508519E-01
   -1.330870688608E-01
   -1.078280181165E-01
   -9.292335825336E-02
   -7.642485233028E-02
   -6.287592347243E-02
   -5.396445413276E-02
   -4.165575205749E-02
   -2.678040925534E-02
   -4.165575205751E-02
   -5.396445413278E-02
   -6.287592347238E-02
   -7.642485233029E-02
   -9.292335825341E-02
   -1.078280181165E-01
   -1.330870688608E-01
   -1.504200508518E-01
   -1.678142720298E-01
   -2.044334157898E-01
   -2.002055512149E-01
   -1.258115693852E-01
   -4.255016649721E-02
   -1.094816326848E-03
   -7.654623788202E-02
   -4.369497649353E-02
    9.439004007582E-03
   -1.393039100754E-02
   -1.258115693852E-01
   -2.086320469374E-01
   -1.913374127157E-01
   -1.567066792226E-01
   -1.424333583399E-01
   -1.172302180756E-01
   -9.788070271177E-02
   -8.232315596973E-02
   -6.674763302211E-02
   -5.750692423512E-02
   -4.386588344181E-02
   -2.417061768173E-02
   -4.386588344184E-02
   -5.750692423511E-02
   -6.674763302212E-02
   -8.232315596972E-02
   -9.788070271177E-02
   -1.172302180756E-01
   -1.424333583399E-01
   -1.567066792227E-01
   -1.913374127156E-01
   -2.086320469374E-01
   -1.258115693852E-01
   -1.393039100757E-02
    9.439004007583E-03
   -4.369497649353E-02
   -3.954650141460E-01
   -3.100907528015E-01
   -1.183935591098E-01
    9.439004007606E-03
   -4.255016649718E-02
   -1.772671062139E-01
   -2.082170619573E-01
   -1.653228153932E-01
   -1.473045970344E-01
   -1.251642044100E-01
   -1.014626505585E-01
   -8.640907120482E-02
   -6.953413627952E-02
   -6.016920178838E-02
   -4.647551911575E-02
   -2.262961996618E-02
   -4.647551911578E-02
   -6.016920178838E-02
   -6.953413627952E-02
   -8.640907120482E-02
   -1.014626505585E-01
   -1.251642044100E-01
   -1.473045970344E-01
   -1.653228153932E-01
   -2.082170619574E-01
   -1.772671062138E-01
   -4.255016649713E-02
    9.439004007604E-03
   -1.183935591098E-01
   -3.100907528015E-01
   -7.276042597094E-01
   -6.057875855865E-01
   -3.100907528014E-01
   -4.369497649358E-02
   -1.094816326724E-03
   -1.402629972596E-01
   -2.119008775672E-01
   -1.737120870977E-01
   -1.499233195692E-01
   -1.299612702908E-01
   -1.045775650710E-01
   -8.854392903821E-02
   -7.070607877300E-02
   -6.161541767645E-02
   -4.865373760914E-02
   -2.244178236365E-02
   -4.865373760917E-02
   -6.161541767645E-02
   -7.070607877300E-02
   -8.854392903821E-02
   -1.045775650711E-01
   -1.299612702908E-01
   -1.499233195692E-01
   -1.737120870977E-01
   -2.119008775672E-01
   -1.402629972597E-01
   -1.094816326880E-03
   -4.369497649345E-02
   -3.100907528015E-01
   -6.057875855866E-01
   -2.071905902764E+00
   -1.880207805874E+00
   -1.331215512140E+00
   -6.051598404382E-01
   -7.654623788201E-02
   -1.394074259405E-02
   -1.759446564420E-01
   -2.019878367826E-01
   -1.579566038018E-01
   -1.410086903333E-01
   -1.133128983532E-01
   -9.457414538754E-02
   -7.737154406664E-02
   -6.614434457195E-02
   -5.263356402574E-02
   -4.506264330014E-02
   -5.263356402543E-02
   -6.614434457209E-02
   -7.737154406653E-02
   -9.457414538764E-02
   -1.133128983531E-01
   -1.410086903333E-01
   -1.579566038017E-01
   -2.019878367827E-01
   -1.759446564419E-01
   -1.394074259420E-02
   -7.654623788184E-02
   -6.051598404383E-01
   -1.331215512139E+00
   -1.880207805874E+00
   -1.880207805874E+00
   -1.692413818379E+00
   -1.165682738478E+00
   -4.959882486390E-01
   -4.369497649359E-02
   -2.853881335687E-02
   -1.859911571943E-01
   -1.984849509405E-01
   -1.566589203852E-01
   -1.400007152081E-01
   -1.121146024906E-01
   -9.391819040649E-02
   -7.587074676895E-02
   -6.509316647896E-02
   -5.215037549068E-02
   -3.363032241278E-02
   -5.215037549036E-02
   -6.509316647911E-02
   -7.587074676884E-02
   -9.391819040658E-02
   -1.121146024905E-01
   -1.400007152081E-01
   -1.566589203851E-01
   -1.984849509406E-01
   -1.859911571943E-01
   -2.853881335700E-02
   -4.369497649350E-02
   -4.959882486391E-01
   -1.165682738478E+00
   -1.692413818379E+00
   -1.331215512140E+00
   -1.165682738478E+00
   -7.272555203863E-01
   -2.358196765132E-01
    9.439004007580E-03
   -7.691514096018E-02
   -2.050785134998E-01
   -1.873146144559E-01
   -1.535520447895E-01
   -1.358086232131E-01
   -1.081015200321E-01
   -9.153999261354E-02
   -7.317872777175E-02
   -6.365254010947E-02
   -5.107849373974E-02
   -2.354231913269E-02
   -5.107849373952E-02
   -6.365254010956E-02
   -7.317872777167E-02
   -9.153999261360E-02
   -1.081015200320E-01
   -1.358086232131E-01
   -1.535520447894E-01
   -1.873146144560E-01
   -2.050785134998E-01
   -7.691514096023E-02
    9.439004007666E-03
   -2.358196765131E-01
   -7.272555203863E-01
   -1.165682738478E+00
   -6.051598404383E-01
   -4.959882486391E-01
   -2.358196765131E-01
   -1.947494967227E-02
   -1.393039100748E-02
   -1.536568774268E-01
   -2.108156859581E-01
   -1.705829032750E-01
   -1.492332083703E-01
   -1.281632616915E-01
   -1.036518455243E-01
   -8.814052585070E-02
   -7.032956213717E-02
   -6.100605285277E-02
   -4.756369522545E-02
   -2.197380387599E-02
   -4.756369522538E-02
   -6.100605285282E-02
   -7.032956213713E-02
   -8.814052585072E-02
   -1.036518455243E-01
   -1.281632616915E-01
   -1.492332083703E-01
   -1.705829032749E-01
   -2.108156859582E-01
   -1.536568774269E-01
   -1.393039100744E-02
   -1.947494967217E-02
   -2.358196765131E-01
   -4.959882486391E-01
   -7.654623788196E-02
   -4.369497649352E-02
    9.439004007575E-03
   -1.393039100755E-02
   -1.258115693852E-01
   -2.086320469374E-01
   -1.913374127158E-01
   -1.567066792226E-01
   -1.424333583399E-01
   -1.172302180756E-01
   -9.788070271177E-02
   -8.232315596972E-02
   -6.674763302212E-02
   -5.750692423511E-02
   -4.386588344182E-02
   -2.417061768199E-02
   -4.386588344185E-02
   -5.750692423510E-02
   -6.674763302212E-02
   -8.232315596972E-02
   -9.788070271177E-02
   -1.172302180756E-01
   -1.424333583399E-01
   -1.567066792227E-01
   -1.913374127156E-01
   -2.086320469374E-01
   -1.258115693852E-01
   -1.393039100757E-02
    9.439004007580E-03
   -4.369497649355E-02
   -1.394074259412E-02
   -2.853881335696E-02
   -7.691514096023E-02
   -1.536568774269E-01
   -2.086320469374E-01
   -1.985421536282E-01
   -1.634420486853E-01
   -1.481087187804E-01
   -1.300372173259E-01
   -1.063862136909E-01
   -9.125133056063E-02
   -7.521376843926E-02
   -6.168684948903E-02
   -5.246205624928E-02
   -4.121883260448E-02
   -2.693828461087E-02
   -4.121883260455E-02
   -5.246205624929E-02
   -6.168684948899E-02
   -7.521376843927E-02
   -9.125133056067E-02
   -1.063862136909E-01
   -1.300372173258E-01
   -1.481087187803E-01
   -1.634420486853E-01
   -1.985421536282E-01
   -2.086320469374E-01
   -1.536568774269E-01
   -7.691514096023E-02
   -2.853881335693E-02
   -1.759446564419E-01
   -1.859911571943E-01
   -2.050785134998E-01
   -2.108156859582E-01
   -1.913374127158E-01
   -1.634420486853E-01
   -1.494913316464E-01
   -1.357416338938E-01
   -1.131723190225E-01
   -9.735479684624E-02
   -8.295815052321E-02
   -6.866485984861E-02
   -5.674414433058E-02
   -4.697282984974E-02
   -3.793994445861E-02
   -2.717402023515E-02
   -3.793994445865E-02
   -4.697282984973E-02
   -5.674414433057E-02
   -6.866485984867E-02
   -8.295815052323E-02
   -9.735479684621E-02
   -1.131723190225E-01
   -1.357416338938E-01
   -1.494913316464E-01
   -1.634420486853E-01
   -1.913374127158E-01
   -2.108156859582E-01
   -2.050785134998E-01
   -1.859911571943E-01
   -2.019878367827E-01
   -1.984849509406E-01
   -1.873146144560E-01
   -1.705829032749E-01
   -1.567066792227E-01
   -1.481087187804E-01
   -1.357416338938E-01
   -1.157496280504E-01
   -9.996716113434E-02
   -8.822007364616E-02
   -7.231008086618E-02
   -6.140554483903E-02
   -5.092421123907E-02
   -4.225290042121E-02
   -3.541915330872E-02
   -2.739621557750E-02
   -3.541915330874E-02
   -4.225290042120E-02
   -5.092421123908E-02
   -6.140554483904E-02
   -7.231008086615E-02
   -8.822007364614E-02
   -9.996716113433E-02
   -1.157496280504E-01
   -1.357416338938E-01
   -1.481087187804E-01
   -1.567066792227E-01
   -1.705829032749E-01
   -1.873146144560E-01
   -1.984849509406E-01
   -1.579566038018E-01
   -1.566589203852E-01
   -1.535520447895E-01
   -1.492332083703E-01
   -1.424333583399E-01
   -1.300372173259E-01
   -1.131723190225E-01
   -9.996716113434E-02
   -8.944518448072E-02
   -7.598722823287E-02
   -6.423173062838E-02
   -5.468243567129E-02
   -4.391389371224E-02
   -3.658625605368E-02
   -3.134394022238E-02
   -2.704446220751E-02
   -3.134394022239E-02
   -3.658625605367E-02
   -4.391389371225E-02
   -5.468243567130E-02
   -6.423173062837E-02
   -7.598722823286E-02
   -8.944518448071E-02
   -9.996716113434E-02
   -1.131723190225E-01
   -1.300372173259E-01
   -1.424333583399E-01
   -1.492332083703E-01
   -1.535520447895E-01
   -1.566589203852E-01
   -1.410086903333E-01
   -1.400007152081E-01
   -1.358086232131E-01
   -1.281632616915E-01
   -1.172302180756E-01
   -1.063862136909E-01
   -9.735479684626E-02
   -8.822007364617E-02
   -7.598722823288E-02
   -6.445032323486E-02
   -5.675552086353E-02
   -4.614959286632E-02
   -3.863239797540E-02
   -3.308531728965E-02
   -2.679469110279E-02
   -2.487905041409E-02
   -2.679469110281E-02
   -3.308531728964E-02
   -3.863239797541E-02
   -4.614959286632E-02
   -5.675552086353E-02
   -6.445032323486E-02
   -7.598722823288E-02
   -8.822007364616E-02
   -9.735479684626E-02
   -1.063862136909E-01
   -1.172302180756E-01
   -1.281632616915E-01
   -1.358086232131E-01
   -1.400007152080E-01
   -1.133128983531E-01
   -1.121146024906E-01
   -1.081015200321E-01
   -1.036518455243E-01
   -9.788070271177E-02
   -9.125133056068E-02
   -8.295815052323E-02
   -7.231008086620E-02
   -6.423173062839E-02
   -5.675552086354E-02
   -4.775893474784E-02
   -3.873954860016E-02
   -3.343231896706E-02
   -2.814345773662E-02
   -2.317540331386E-02
   -2.211896019039E-02
   -2.317540331387E-02
   -2.814345773660E-02
   -3.343231896708E-02
   -3.873954860016E-02
   -4.775893474784E-02
   -5.675552086353E-02
   -6.423173062839E-02
   -7.231008086620E-02
   -8.295815052323E-02
   -9.125133056068E-02
   -9.788070271179E-02
   -1.036518455244E-01
   -1.081015200321E-01
   -1.121146024906E-01
   -9.457414538756E-02
   -9.391819040658E-02
   -9.153999261355E-02
   -8.814052585070E-02
   -8.232315596972E-02
   -7.521376843926E-02
   -6.866485984867E-02
   -6.140554483906E-02
   -5.468243567130E-02
   -4.614959286633E-02
   -3.873954860015E-02
   -3.486244828109E-02
   -2.837004991317E-02
   -2.315592066486E-02
   -2.046179239571E-02
   -1.806541179698E-02
   -2.046179239576E-02
   -2.315592066484E-02
   -2.837004991319E-02
   -3.486244828109E-02
   -3.873954860016E-02
   -4.614959286632E-02
   -5.468243567130E-02
   -6.140554483906E-02
   -6.866485984867E-02
   -7.521376843926E-02
   -8.232315596970E-02
   -8.814052585069E-02
   -9.153999261356E-02
   -9.391819040646E-02
   -7.737154406663E-02
   -7.587074676884E-02
   -7.317872777174E-02
   -7.032956213716E-02
   -6.674763302212E-02
   -6.168684948903E-02
   -5.674414433058E-02
   -5.092421123909E-02
   -4.391389371225E-02
   -3.863239797541E-02
   -3.343231896707E-02
   -2.837004991318E-02
   -2.273074183510E-02
   -1.994973784669E-02
   -1.781742484143E-02
   -1.458741439064E-02
   -1.781742484147E-02
   -1.994973784666E-02
   -2.273074183512E-02
   -2.837004991317E-02
   -3.343231896708E-02
   -3.863239797541E-02
   -4.391389371225E-02
   -5.092421123908E-02
   -5.674414433059E-02
   -6.168684948903E-02
   -6.674763302215E-02
   -7.032956213717E-02
   -7.317872777173E-02
   -7.587074676900E-02
   -6.614434457197E-02
   -6.509316647911E-02
   -6.365254010947E-02
   -6.100605285276E-02
   -5.750692423510E-02
   -5.246205624930E-02
   -4.697282984974E-02
   -4.225290042121E-02
   -3.658625605367E-02
   -3.308531728965E-02
   -2.814345773660E-02
   -2.315592066484E-02
   -1.994973784665E-02
   -1.590897961079E-02
   -1.444080593775E-02
   -1.490043711833E-02
   -1.444080593784E-02
   -1.590897961075E-02
   -1.994973784668E-02
   -2.315592066482E-02
   -2.814345773661E-02
   -3.308531728964E-02
   -3.658625605367E-02
   -4.225290042121E-02
   -4.697282984974E-02
   -5.246205624929E-02
   -5.750692423506E-02
   -6.100605285276E-02
   -6.365254010949E-02
   -6.509316647885E-02
   -5.263356402574E-02
   -5.215037549027E-02
   -5.107849373975E-02
   -4.756369522541E-02
   -4.386588344184E-02
   -4.121883260453E-02
   -3.793994445861E-02
   -3.541915330874E-02
   -3.134394022238E-02
   -2.679469110283E-02
   -2.317540331385E-02
   -2.046179239576E-02
   -1.781742484143E-02
   -1.444080593789E-02
   -1.234313789643E-02
   -1.187129946012E-02
   -1.234313789649E-02
   -1.444080593779E-02
   -1.781742484152E-02
   -2.046179239570E-02
   -2.317540331390E-02
   -2.679469110280E-02
   -3.134394022240E-02
   -3.541915330873E-02
   -3.793994445863E-02
   -4.121883260455E-02
   -4.386588344193E-02
   -4.756369522550E-02
   -5.107849373966E-02
   -5.215037549093E-02
   -4.506264330054E-02
   -3.363032241030E-02
   -2.354231913321E-02
   -2.197380387655E-02
   -2.417061768116E-02
   -2.693828461171E-02
   -2.717402023445E-02
   -2.739621557810E-02
   -2.704446220685E-02
   -2.487905041488E-02
   -2.211896018947E-02
   -1.806541179811E-02
   -1.458741438920E-02
   -1.490043712062E-02
   -1.187129945584E-02
    3.266393610352E-03
   -1.187129946482E-02
   -1.490043711611E-02
   -1.458741439225E-02
   -1.806541179582E-02
   -2.211896019126E-02
   -2.487905041343E-02
   -2.704446220813E-02
   -2.739621557701E-02
   -2.717402023536E-02
   -2.693828461087E-02
   -2.417061768206E-02
   -2.197380387510E-02
   -2.354231913317E-02
   -3.363032241185E-02
   -5.263356402556E-02
   -5.215037549074E-02
   -5.107849373952E-02
   -4.756369522539E-02
   -4.386588344182E-02
   -4.121883260453E-02
   -3.793994445858E-02
   -3.541915330874E-02
   -3.134394022237E-02
   -2.679469110283E-02
   -2.317540331384E-02
   -2.046179239576E-02
   -1.781742484142E-02
   -1.444080593788E-02
   -1.234313789650E-02
   -1.187129946052E-02
   -1.234313789651E-02
   -1.444080593779E-02
   -1.781742484152E-02
   -2.046179239570E-02
   -2.317540331390E-02
   -2.679469110279E-02
   -3.134394022240E-02
   -3.541915330871E-02
   -3.793994445859E-02
   -4.121883260451E-02
   -4.386588344172E-02
   -4.756369522532E-02
   -5.107849373964E-02
   -5.215037549016E-02
   -6.614434457207E-02
   -6.509316647895E-02
   -6.365254010959E-02
   -6.100605285282E-02
   -5.750692423511E-02
   -5.246205624931E-02
   -4.697282984974E-02
   -4.225290042122E-02
   -3.658625605367E-02
   -3.308531728965E-02
   -2.814345773660E-02
   -2.315592066484E-02
   -1.994973784666E-02
   -1.590897961077E-02
   -1.444080593777E-02
   -1.490043711821E-02
   -1.444080593781E-02
   -1.590897961078E-02
   -1.994973784667E-02
   -2.315592066483E-02
   -2.814345773661E-02
   -3.308531728964E-02
   -3.658625605367E-02
   -4.225290042121E-02
   -4.697282984975E-02
   -5.246205624932E-02
   -5.750692423515E-02
   -6.100605285283E-02
   -6.365254010956E-02
   -6.509316647916E-02
   -7.737154406654E-02
   -7.587074676896E-02
   -7.317872777168E-02
   -7.032956213713E-02
   -6.674763302212E-02
   -6.168684948902E-02
   -5.674414433058E-02
   -5.092421123908E-02
   -4.391389371225E-02
   -3.863239797541E-02
   -3.343231896707E-02
   -2.837004991318E-02
   -2.273074183510E-02
   -1.994973784668E-02
   -1.781742484146E-02
   -1.458741439076E-02
   -1.781742484149E-02
   -1.994973784669E-02
   -2.273074183511E-02
   -2.837004991317E-02
   -3.343231896707E-02
   -3.863239797541E-02
   -4.391389371225E-02
   -5.092421123908E-02
   -5.674414433058E-02
   -6.168684948901E-02
   -6.674763302210E-02
   -7.032956213712E-02
   -7.317872777168E-02
   -7.587074676881E-02
   -9.457414538762E-02
   -9.391819040650E-02
   -9.153999261360E-02
   -8.814052585072E-02
   -8.232315596972E-02
   -7.521376843926E-02
   -6.866485984867E-02
   -6.140554483906E-02
   -5.468243567130E-02
   -4.614959286633E-02
   -3.873954860016E-02
   -3.486244828109E-02
   -2.837004991318E-02
   -2.315592066485E-02
   -2.046179239572E-02
   -1.806541179690E-02
   -2.046179239575E-02
   -2.315592066486E-02
   -2.837004991318E-02
   -3.486244828109E-02
   -3.873954860016E-02
   -4.614959286633E-02
   -5.468243567130E-02
   -6.140554483906E-02
   -6.866485984867E-02
   -7.521376843928E-02
   -8.232315596974E-02
   -8.814052585072E-02
   -9.153999261359E-02
   -9.391819040661E-02
   -1.133128983531E-01
   -1.121146024906E-01
   -1.081015200320E-01
   -1.036518455243E-01
   -9.788070271177E-02
   -9.125133056068E-02
   -8.295815052323E-02
   -7.231008086619E-02
   -6.423173062839E-02
   -5.675552086353E-02
   -4.775893474785E-02
   -3.873954860016E-02
   -3.343231896707E-02
   -2.814345773661E-02
   -2.317540331387E-02
   -2.211896019044E-02
   -2.317540331389E-02
   -2.814345773661E-02
   -3.343231896707E-02
   -3.873954860015E-02
   -4.775893474784E-02
   -5.675552086353E-02
   -6.423173062839E-02
   -7.231008086619E-02
   -8.295815052323E-02
   -9.125133056067E-02
   -9.788070271176E-02
   -1.036518455243E-01
   -1.081015200320E-01
   -1.121146024905E-01
   -1.410086903333E-01
   -1.400007152081E-01
   -1.358086232131E-01
   -1.281632616915E-01
   -1.172302180756E-01
   -1.063862136909E-01
   -9.735479684626E-02
   -8.822007364616E-02
   -7.598722823288E-02
   -6.445032323486E-02
   -5.675552086354E-02
   -4.614959286632E-02
   -3.863239797541E-02
   -3.308531728965E-02
   -2.679469110280E-02
   -2.487905041405E-02
   -2.679469110280E-02
   -3.308531728965E-02
   -3.863239797541E-02
   -4.614959286632E-02
   -5.675552086353E-02
   -6.445032323486E-02
   -7.598722823288E-02
   -8.822007364617E-02
   -9.735479684626E-02
   -1.063862136909E-01
   -1.172302180756E-01
   -1.281632616915E-01
   -1.358086232131E-01
   -1.400007152081E-01
   -1.579566038018E-01
   -1.566589203852E-01
   -1.535520447894E-01
   -1.492332083703E-01
   -1.424333583399E-01
   -1.300372173259E-01
   -1.131723190225E-01
   -9.996716113434E-02
   -8.944518448072E-02
   -7.598722823287E-02
   -6.423173062838E-02
   -5.468243567129E-02
   -4.391389371225E-02
   -3.658625605368E-02
   -3.134394022240E-02
   -2.704446220756E-02
   -3.134394022240E-02
   -3.658625605368E-02
   -4.391389371225E-02
   -5.468243567130E-02
   -6.423173062837E-02
   -7.598722823286E-02
   -8.944518448071E-02
   -9.996716113434E-02
   -1.131723190225E-01
   -1.300372173259E-01
   -1.424333583399E-01
   -1.492332083703E-01
   -1.535520447894E-01
   -1.566589203851E-01
   -2.019878367827E-01
   -1.984849509406E-01
   -1.873146144560E-01
   -1.705829032749E-01
   -1.567066792227E-01
   -1.481087187804E-01
   -1.357416338938E-01
   -1.157496280504E-01
   -9.996716113434E-02
   -8.822007364616E-02
   -7.231008086619E-02
   -6.140554483902E-02
   -5.092421123908E-02
   -4.225290042121E-02
   -3.541915330874E-02
   -2.739621557748E-02
   -3.541915330873E-02
   -4.225290042122E-02
   -5.092421123908E-02
   -6.140554483904E-02
   -7.231008086615E-02
   -8.822007364614E-02
   -9.996716113434E-02
   -1.157496280504E-01
   -1.357416338938E-01
   -1.481087187804E-01
   -1.567066792227E-01
   -1.705829032749E-01
   -1.873146144560E-01
   -1.984849509406E-01
   -1.759446564419E-01
   -1.859911571943E-01
   -2.050785134998E-01
   -2.108156859582E-01
   -1.913374127158E-01
   -1.634420486853E-01
   -1.494913316464E-01
   -1.357416338938E-01
   -1.131723190225E-01
   -9.735479684624E-02
   -8.295815052321E-02
   -6.866485984861E-02
   -5.674414433059E-02
   -4.697282984973E-02
   -3.793994445864E-02
   -2.717402023516E-02
   -3.793994445862E-02
   -4.697282984975E-02
   -5.674414433056E-02
   -6.866485984868E-02
   -8.295815052323E-02
   -9.735479684621E-02
   -1.131723190225E-01
   -1.357416338938E-01
   -1.494913316464E-01
   -1.634420486853E-01
   -1.913374127158E-01
   -2.108156859582E-01
   -2.050785134998E-01
   -1.859911571943E-01
   -1.394074259414E-02
   -2.853881335694E-02
   -7.691514096024E-02
   -1.536568774269E-01
   -2.086320469374E-01
   -1.985421536282E-01
   -1.634420486853E-01
   -1.481087187804E-01
   -1.300372173259E-01
   -1.063862136909E-01
   -9.125133056063E-02
   -7.521376843926E-02
   -6.168684948903E-02
   -5.246205624927E-02
   -4.121883260452E-02
   -2.693828461078E-02
   -4.121883260450E-02
   -5.246205624932E-02
   -6.168684948898E-02
   -7.521376843927E-02
   -9.125133056067E-02
   -1.063862136909E-01
   -1.300372173258E-01
   -1.481087187803E-01
   -1.634420486853E-01
   -1.985421536282E-01
   -2.086320469374E-01
   -1.536568774269E-01
   -7.691514096023E-02
   -2.853881335697E-02
   -7.654623788195E-02
   -4.369497649353E-02
    9.439004007586E-03
   -1.393039100754E-02
   -1.258115693852E-01
   -2.086320469374E-01
   -1.913374127158E-01
   -1.567066792226E-01
   -1.424333583399E-01
   -1.172302180756E-01
   -9.788070271178E-02
   -8.232315596972E-02
   -6.674763302213E-02
   -5.750692423510E-02
   -4.386588344185E-02
   -2.417061768189E-02
   -4.386588344181E-02
   -5.750692423513E-02
   -6.674763302211E-02
   -8.232315596973E-02
   -9.788070271177E-02
   -1.172302180756E-01
   -1.424333583399E-01
   -1.567066792227E-01
   -1.913374127156E-01
   -2.086320469374E-01
   -1.258115693852E-01
   -1.393039100756E-02
    9.439004007589E-03
   -4.369497649351E-02
   -6.051598404383E-01
   -4.959882486391E-01
   -2.358196765131E-01
   -1.947494967227E-02
   -1.393039100748E-02
   -1.536568774268E-01
   -2.108156859581E-01
   -1.705829032750E-01
   -1.492332083703E-01
   -1.281632616915E-01
   -1.036518455243E-01
   -8.814052585070E-02
   -7.032956213716E-02
   -6.100605285278E-02
   -4.756369522545E-02
   -2.197380387601E-02
   -4.756369522537E-02
   -6.100605285283E-02
   -7.032956213713E-02
   -8.814052585072E-02
   -1.036518455243E-01
   -1.281632616915E-01
   -1.492332083703E-01
   -1.705829032749E-01
   -2.108156859582E-01
   -1.536568774269E-01
   -1.393039100745E-02
   -1.947494967218E-02
   -2.358196765131E-01
   -4.959882486391E-01
   -1.331215512139E+00
   -1.165682738478E+00
   -7.272555203863E-01
   -2.358196765132E-01
    9.439004007582E-03
   -7.691514096018E-02
   -2.050785134998E-01
   -1.873146144559E-01
   -1.535520447895E-01
   -1.358086232131E-01
   -1.081015200321E-01
   -9.153999261355E-02
   -7.317872777173E-02
   -6.365254010949E-02
   -5.107849373969E-02
   -2.354231913282E-02
   -5.107849373956E-02
   -6.365254010956E-02
   -7.317872777168E-02
   -9.153999261359E-02
   -1.081015200320E-01
   -1.358086232131E-01
   -1.535520447895E-01
   -1.873146144560E-01
   -2.050785134998E-01
   -7.691514096022E-02
    9.439004007667E-03
   -2.358196765131E-01
   -7.272555203863E-01
   -1.165682738478E+00
   -1.880207805874E+00
   -1.692413818379E+00
   -1.165682738478E+00
   -4.959882486390E-01
   -4.369497649359E-02
   -2.853881335687E-02
   -1.859911571943E-01
   -1.984849509405E-01
   -1.566589203852E-01
   -1.400007152081E-01
   -1.121146024906E-01
   -9.391819040650E-02
   -7.587074676894E-02
   -6.509316647898E-02
   -5.215037549064E-02
   -3.363032241295E-02
   -5.215037549040E-02
   -6.509316647910E-02
   -7.587074676885E-02
   -9.391819040657E-02
   -1.121146024906E-01
   -1.400007152081E-01
   -1.566589203851E-01
   -1.984849509406E-01
   -1.859911571943E-01
   -2.853881335699E-02
   -4.369497649350E-02
   -4.959882486391E-01
   -1.165682738478E+00
   -1.692413818379E+00
   -2.973429035016E+00
   -2.817488708368E+00
   -2.265597304058E+00
   -1.331215512140E+00
   -3.954650141462E-01
    9.352951754154E-03
   -1.099892874825E-01
   -2.126511803458E-01
   -1.681620728570E-01
   -1.471518455236E-01
   -1.202904037209E-01
   -9.718783186561E-02
   -8.041466545170E-02
   -6.845729876904E-02
   -5.604357111544E-02
   -7.248396064359E-02
   -5.604357111520E-02
   -6.845729876910E-02
   -8.041466545166E-02
   -9.718783186565E-02
   -1.202904037209E-01
   -1.471518455236E-01
   -1.681620728569E-01
   -2.126511803458E-01
   -1.099892874825E-01
    9.352951754142E-03
   -3.954650141461E-01
   -1.331215512140E+00
   -2.265597304057E+00
   -2.817488708368E+00
   -2.817488708368E+00
   -2.643755869207E+00
   -2.072559644289E+00
   -1.165682738477E+00
   -3.100907528015E-01
    1.326803222468E-02
   -1.257440770697E-01
   -2.114724492960E-01
   -1.653706269683E-01
   -1.459691302416E-01
   -1.190717489512E-01
   -9.737672578670E-02
   -8.001934361051E-02
   -6.796462390325E-02
   -5.475476299735E-02
   -7.244389363564E-02
   -5.475476299696E-02
   -6.796462390339E-02
   -8.001934361042E-02
   -9.737672578677E-02
   -1.190717489511E-01
   -1.459691302417E-01
   -1.653706269683E-01
   -2.114724492960E-01
   -1.257440770696E-01
    1.326803222469E-02
   -3.100907528014E-01
   -1.165682738478E+00
   -2.072559644289E+00
   -2.643755869207E+00
   -2.265597304057E+00
   -2.072559644289E+00
   -1.506305276899E+00
   -7.272555203863E-01
   -1.183935591100E-01
   -1.447091675677E-03
   -1.656810989935E-01
   -2.049105658935E-01
   -1.598728732964E-01
   -1.423086069552E-01
   -1.141499723756E-01
   -9.536076404318E-02
   -7.748671865743E-02
   -6.673751602290E-02
   -5.360945453697E-02
   -4.365040948230E-02
   -5.360945453657E-02
   -6.673751602306E-02
   -7.748671865731E-02
   -9.536076404327E-02
   -1.141499723755E-01
   -1.423086069552E-01
   -1.598728732963E-01
   -2.049105658936E-01
   -1.656810989934E-01
   -1.447091675803E-03
   -1.183935591098E-01
   -7.272555203864E-01
   -1.506305276899E+00
   -2.072559644289E+00
   -1.331215512140E+00
   -1.165682738478E+00
   -7.272555203863E-01
   -2.358196765132E-01
    9.439004007586E-03
   -7.691514096018E-02
   -2.050785134998E-01
   -1.873146144559E-01
   -1.535520447895E-01
   -1.358086232131E-01
   -1.081015200321E-01
   -9.153999261355E-02
   -7.317872777174E-02
   -6.365254010947E-02
   -5.107849373976E-02
   -2.354231913258E-02
   -5.107849373953E-02
   -6.365254010956E-02
   -7.317872777168E-02
   -9.153999261360E-02
   -1.081015200320E-01
   -1.358086232131E-01
   -1.535520447894E-01
   -1.873146144560E-01
   -2.050785134998E-01
   -7.691514096023E-02
    9.439004007670E-03
   -2.358196765131E-01
   -7.272555203863E-01
   -1.165682738478E+00
   -3.954650141461E-01
   -3.100907528015E-01
   -1.183935591098E-01
    9.439004007605E-03
   -4.255016649718E-02
   -1.772671062139E-01
   -2.082170619573E-01
   -1.653228153932E-01
   -1.473045970344E-01
   -1.251642044100E-01
   -1.014626505585E-01
   -8.640907120481E-02
   -6.953413627953E-02
   -6.016920178835E-02
   -4.647551911583E-02
   -2.262961996625E-02
   -4.647551911571E-02
   -6.016920178840E-02
   -6.953413627950E-02
   -8.640907120484E-02
   -1.014626505585E-01
   -1.251642044101E-01
   -1.473045970344E-01
   -1.653228153932E-01
   -2.082170619574E-01
   -1.772671062138E-01
   -4.255016649712E-02
    9.439004007598E-03
   -1.183935591098E-01
   -3.100907528014E-01
    9.352951754160E-03
    1.326803222469E-02
   -1.447091675750E-03
   -7.691514096023E-02
   -1.772671062139E-01
   -2.109763893531E-01
   -1.770731666415E-01
   -1.521799251275E-01
   -1.376150367261E-01
   -1.119850685098E-01
   -9.421866191168E-02
   -7.932511447247E-02
   -6.481343987448E-02
   -5.555776710377E-02
   -4.272624478815E-02
   -2.445736525527E-02
   -4.272624478808E-02
   -5.555776710385E-02
   -6.481343987445E-02
   -7.932511447249E-02
   -9.421866191173E-02
   -1.119850685098E-01
   -1.376150367261E-01
   -1.521799251276E-01
   -1.770731666414E-01
   -2.109763893531E-01
   -1.772671062139E-01
   -7.691514096024E-02
   -1.447091675747E-03
    1.326803222467E-02
   -1.099892874825E-01
   -1.257440770696E-01
   -1.656810989935E-01
   -2.050785134998E-01
   -2.082170619574E-01
   -1.770731666415E-01
   -1.546566672167E-01
   -1.429316265639E-01
   -1.202495661103E-01
   -1.005348981501E-01
   -8.667855299724E-02
   -7.180753345917E-02
   -5.905087992255E-02
   -4.944181251634E-02
   -3.909806919038E-02
   -2.670691600392E-02
   -3.909806919036E-02
   -4.944181251638E-02
   -5.905087992251E-02
   -7.180753345918E-02
   -8.667855299727E-02
   -1.005348981500E-01
   -1.202495661103E-01
   -1.429316265639E-01
   -1.546566672166E-01
   -1.770731666415E-01
   -2.082170619574E-01
   -2.050785134998E-01
   -1.656810989935E-01
   -1.257440770696E-01
   -2.126511803458E-01
   -2.114724492960E-01
   -2.049105658935E-01
   -1.873146144560E-01
   -1.653228153932E-01
   -1.521799251276E-01
   -1.429316265640E-01
   -1.234760288212E-01
   -1.036089977791E-01
   -9.152284359956E-02
   -7.646715949099E-02
   -6.450317819562E-02
   -5.321936466126E-02
   -4.369980316658E-02
   -3.635880128266E-02
   -2.752559919654E-02
   -3.635880128266E-02
   -4.369980316660E-02
   -5.321936466127E-02
   -6.450317819563E-02
   -7.646715949094E-02
   -9.152284359954E-02
   -1.036089977791E-01
   -1.234760288212E-01
   -1.429316265640E-01
   -1.521799251276E-01
   -1.653228153932E-01
   -1.873146144560E-01
   -2.049105658935E-01
   -2.114724492961E-01
   -1.681620728570E-01
   -1.653706269683E-01
   -1.598728732964E-01
   -1.535520447895E-01
   -1.473045970344E-01
   -1.376150367261E-01
   -1.202495661104E-01
   -1.036089977791E-01
   -9.274787100536E-02
   -8.007133596923E-02
   -6.647533577957E-02
   -5.746538422999E-02
   -4.636247607076E-02
   -3.804388891787E-02
   -3.280080270283E-02
   -2.746910079321E-02
   -3.280080270287E-02
   -3.804388891787E-02
   -4.636247607077E-02
   -5.746538423000E-02
   -6.647533577956E-02
   -8.007133596922E-02
   -9.274787100536E-02
   -1.036089977791E-01
   -1.202495661104E-01
   -1.376150367261E-01
   -1.473045970344E-01
   -1.535520447895E-01
   -1.598728732964E-01
   -1.653706269682E-01
   -1.471518455236E-01
   -1.459691302417E-01
   -1.423086069552E-01
   -1.358086232131E-01
   -1.251642044100E-01
   -1.119850685098E-01
   -1.005348981501E-01
   -9.152284359957E-02
   -8.007133596923E-02
   -6.800092069966E-02
   -5.873638722891E-02
   -4.832969400833E-02
   -4.016281802600E-02
   -3.454301294094E-02
   -2.827732747441E-02
   -2.481342690282E-02
   -2.827732747446E-02
   -3.454301294093E-02
   -4.016281802601E-02
   -4.832969400833E-02
   -5.873638722891E-02
   -6.800092069966E-02
   -8.007133596923E-02
   -9.152284359956E-02
   -1.005348981501E-01
   -1.119850685098E-01
   -1.251642044101E-01
   -1.358086232131E-01
   -1.423086069552E-01
   -1.459691302417E-01
   -1.202904037209E-01
   -1.190717489511E-01
   -1.141499723755E-01
   -1.081015200321E-01
   -1.014626505585E-01
   -9.421866191174E-02
   -8.667855299728E-02
   -7.646715949101E-02
   -6.647533577958E-02
   -5.873638722891E-02
   -5.016910868982E-02
   -4.045840192941E-02
   -3.485404452496E-02
   -2.947860487472E-02
   -2.429722134057E-02
   -2.314689846344E-02
   -2.429722134068E-02
   -2.947860487470E-02
   -3.485404452498E-02
   -4.045840192941E-02
   -5.016910868983E-02
   -5.873638722891E-02
   -6.647533577959E-02
   -7.646715949101E-02
   -8.667855299728E-02
   -9.421866191175E-02
   -1.014626505585E-01
   -1.081015200321E-01
   -1.141499723755E-01
   -1.190717489511E-01
   -9.718783186560E-02
   -9.737672578674E-02
   -9.536076404322E-02
   -9.153999261356E-02
   -8.640907120481E-02
   -7.932511447248E-02
   -7.180753345916E-02
   -6.450317819566E-02
   -5.746538423000E-02
   -4.832969400833E-02
   -4.045840192940E-02
   -3.568530911140E-02
   -2.935672336074E-02
   -2.390155778656E-02
   -2.116021686653E-02
   -1.944984084130E-02
   -2.116021686664E-02
   -2.390155778654E-02
   -2.935672336075E-02
   -3.568530911140E-02
   -4.045840192941E-02
   -4.832969400833E-02
   -5.746538423000E-02
   -6.450317819566E-02
   -7.180753345917E-02
   -7.932511447248E-02
   -8.640907120483E-02
   -9.153999261356E-02
   -9.536076404326E-02
   -9.737672578680E-02
   -8.041466545171E-02
   -8.001934361045E-02
   -7.748671865737E-02
   -7.317872777174E-02
   -6.953413627953E-02
   -6.481343987446E-02
   -5.905087992255E-02
   -5.321936466128E-02
   -4.636247607077E-02
   -4.016281802601E-02
   -3.485404452497E-02
   -2.935672336075E-02
   -2.359902146364E-02
   -2.080965360206E-02
   -1.831635133620E-02
   -1.536958676919E-02
   -1.831635133637E-02
   -2.080965360202E-02
   -2.359902146365E-02
   -2.935672336075E-02
   -3.485404452497E-02
   -4.016281802600E-02
   -4.636247607078E-02
   -5.321936466127E-02
   -5.905087992256E-02
   -6.481343987446E-02
   -6.953413627951E-02
   -7.317872777172E-02
   -7.748671865732E-02
   -8.001934361036E-02
   -6.845729876901E-02
   -6.796462390330E-02
   -6.673751602296E-02
   -6.365254010949E-02
   -6.016920178837E-02
   -5.555776710383E-02
   -4.944181251636E-02
   -4.369980316661E-02
   -3.804388891789E-02
   -3.454301294096E-02
   -2.947860487471E-02
   -2.390155778660E-02
   -2.080965360207E-02
   -1.690878956834E-02
   -1.484175749274E-02
   -1.507113332332E-02
   -1.484175749290E-02
   -1.690878956829E-02
   -2.080965360207E-02
   -2.390155778658E-02
   -2.947860487473E-02
   -3.454301294095E-02
   -3.804388891789E-02
   -4.369980316661E-02
   -4.944181251638E-02
   -5.555776710382E-02
   -6.016920178840E-02
   -6.365254010950E-02
   -6.673751602303E-02
   -6.796462390347E-02
   -5.604357111547E-02
   -5.475476299710E-02
   -5.360945453685E-02
   -5.107849373975E-02
   -4.647551911584E-02
   -4.272624478808E-02
   -3.909806919038E-02
   -3.635880128268E-02
   -3.280080270286E-02
   -2.827732747447E-02
   -2.429722134064E-02
   -2.116021686667E-02
   -1.831635133632E-02
   -1.484175749291E-02
   -1.256571208605E-02
   -1.220441804961E-02
   -1.256571208635E-02
   -1.484175749283E-02
   -1.831635133638E-02
   -2.116021686660E-02
   -2.429722134068E-02
   -2.827732747443E-02
   -3.280080270288E-02
   -3.635880128267E-02
   -3.909806919041E-02
   -4.272624478810E-02
   -4.647551911575E-02
   -5.107849373976E-02
   -5.360945453659E-02
   -5.475476299678E-02
   -7.248396064324E-02
   -7.244389363593E-02
   -4.365040948101E-02
   -2.354231913430E-02
   -2.262961996573E-02
   -2.445736525526E-02
   -2.670691600381E-02
   -2.752559919681E-02
   -2.746910079267E-02
   -2.481342690363E-02
   -2.314689846239E-02
   -1.944984084297E-02
   -1.536958676697E-02
   -1.507113332696E-02
   -1.220441804213E-02
   -6.125336562178E-03
   -1.220441805846E-02
   -1.507113331900E-02
   -1.536958677220E-02
   -1.944984083914E-02
   -2.314689846523E-02
   -2.481342690143E-02
   -2.746910079434E-02
   -2.752559919557E-02
   -2.670691600477E-02
   -2.445736525464E-02
   -2.262961996625E-02
   -2.354231913413E-02
   -4.365040948120E-02
   -7.244389363607E-02
   -5.604357111505E-02
   -5.475476299720E-02
   -5.360945453664E-02
   -5.107849373953E-02
   -4.647551911578E-02
   -4.272624478811E-02
   -3.909806919039E-02
   -3.635880128266E-02
   -3.280080270288E-02
   -2.827732747446E-02
   -2.429722134066E-02
   -2.116021686665E-02
   -1.831635133639E-02
   -1.484175749291E-02
   -1.256571208621E-02
   -1.220441805100E-02
   -1.256571208629E-02
   -1.484175749289E-02
   -1.831635133636E-02
   -2.116021686661E-02
   -2.429722134069E-02
   -2.827732747443E-02
   -3.280080270288E-02
   -3.635880128268E-02
   -3.909806919039E-02
   -4.272624478808E-02
   -4.647551911585E-02
   -5.107849373955E-02
   -5.360945453676E-02
   -5.475476299766E-02
   -6.845729876912E-02
   -6.796462390331E-02
   -6.673751602303E-02
   -6.365254010958E-02
   -6.016920178840E-02
   -5.555776710382E-02
   -4.944181251638E-02
   -4.369980316662E-02
   -3.804388891788E-02
   -3.454301294098E-02
   -2.947860487471E-02
   -2.390155778661E-02
   -2.080965360208E-02
   -1.690878956842E-02
   -1.484175749276E-02
   -1.507113332274E-02
   -1.484175749298E-02
   -1.690878956830E-02
   -2.080965360207E-02
   -2.390155778658E-02
   -2.947860487474E-02
   -3.454301294095E-02
   -3.804388891789E-02
   -4.369980316662E-02
   -4.944181251637E-02
   -5.555776710383E-02
   -6.016920178837E-02
   -6.365254010959E-02
   -6.673751602288E-02
   -6.796462390315E-02
   -8.041466545164E-02
   -8.001934361047E-02
   -7.748671865733E-02
   -7.317872777168E-02
   -6.953413627951E-02
   -6.481343987446E-02
   -5.905087992255E-02
   -5.321936466128E-02
   -4.636247607078E-02
   -4.016281802601E-02
   -3.485404452497E-02
   -2.935672336076E-02
   -2.359902146367E-02
   -2.080965360212E-02
   -1.831635133634E-02
   -1.536958676968E-02
   -1.831635133634E-02
   -2.080965360203E-02
   -2.359902146366E-02
   -2.935672336074E-02
   -3.485404452498E-02
   -4.016281802600E-02
   -4.636247607078E-02
   -5.321936466127E-02
   -5.905087992255E-02
   -6.481343987445E-02
   -6.953413627953E-02
   -7.317872777167E-02
   -7.748671865741E-02
   -8.001934361059E-02
   -9.718783186565E-02
   -9.737672578673E-02
   -9.536076404326E-02
   -9.153999261360E-02
   -8.640907120483E-02
   -7.932511447248E-02
   -7.180753345917E-02
   -6.450317819566E-02
   -5.746538423000E-02
   -4.832969400833E-02
   -4.045840192940E-02
   -3.568530911140E-02
   -2.935672336076E-02
   -2.390155778660E-02
   -2.116021686659E-02
   -1.944984084107E-02
   -2.116021686664E-02
   -2.390155778656E-02
   -2.935672336074E-02
   -3.568530911139E-02
   -4.045840192941E-02
   -4.832969400833E-02
   -5.746538422999E-02
   -6.450317819566E-02
   -7.180753345917E-02
   -7.932511447249E-02
   -8.640907120482E-02
   -9.153999261360E-02
   -9.536076404319E-02
   -9.737672578664E-02
   -1.202904037209E-01
   -1.190717489512E-01
   -1.141499723755E-01
   -1.081015200320E-01
   -1.014626505585E-01
   -9.421866191174E-02
   -8.667855299728E-02
   -7.646715949100E-02
   -6.647533577959E-02
   -5.873638722890E-02
   -5.016910868983E-02
   -4.045840192940E-02
   -3.485404452499E-02
   -2.947860487473E-02
   -2.429722134066E-02
   -2.314689846370E-02
   -2.429722134063E-02
   -2.947860487472E-02
   -3.485404452497E-02
   -4.045840192940E-02
   -5.016910868983E-02
   -5.873638722890E-02
   -6.647533577959E-02
   -7.646715949100E-02
   -8.667855299728E-02
   -9.421866191174E-02
   -1.014626505585E-01
   -1.081015200320E-01
   -1.141499723755E-01
   -1.190717489512E-01
   -1.471518455236E-01
   -1.459691302416E-01
   -1.423086069552E-01
   -1.358086232131E-01
   -1.251642044101E-01
   -1.119850685098E-01
   -1.005348981501E-01
   -9.152284359957E-02
   -8.007133596924E-02
   -6.800092069966E-02
   -5.873638722891E-02
   -4.832969400833E-02
   -4.016281802601E-02
   -3.454301294095E-02
   -2.827732747443E-02
   -2.481342690265E-02
   -2.827732747444E-02
   -3.454301294095E-02
   -4.016281802600E-02
   -4.832969400833E-02
   -5.873638722891E-02
   -6.800092069966E-02
   -8.007133596923E-02
   -9.152284359957E-02
   -1.005348981501E-01
   -1.119850685098E-01
   -1.251642044101E-01
   -1.358086232131E-01
   -1.423086069552E-01
   -1.459691302416E-01
   -1.681620728569E-01
   -1.653706269683E-01
   -1.598728732964E-01
   -1.535520447894E-01
   -1.473045970344E-01
   -1.376150367261E-01
   -1.202495661104E-01
   -1.036089977791E-01
   -9.274787100537E-02
   -8.007133596923E-02
   -6.647533577957E-02
   -5.746538422998E-02
   -4.636247607077E-02
   -3.804388891787E-02
   -3.280080270286E-02
   -2.746910079335E-02
   -3.280080270283E-02
   -3.804388891788E-02
   -4.636247607077E-02
   -5.746538422999E-02
   -6.647533577956E-02
   -8.007133596922E-02
   -9.274787100536E-02
   -1.036089977791E-01
   -1.202495661104E-01
   -1.376150367261E-01
   -1.473045970344E-01
   -1.535520447894E-01
   -1.598728732964E-01
   -1.653706269683E-01
   -2.126511803458E-01
   -2.114724492960E-01
   -2.049105658935E-01
   -1.873146144560E-01
   -1.653228153932E-01
   -1.521799251276E-01
   -1.429316265640E-01
   -1.234760288212E-01
   -1.036089977791E-01
   -9.152284359956E-02
   -7.646715949099E-02
   -6.450317819562E-02
   -5.321936466125E-02
   -4.369980316659E-02
   -3.635880128265E-02
   -2.752559919639E-02
   -3.635880128265E-02
   -4.369980316660E-02
   -5.321936466127E-02
   -6.450317819562E-02
   -7.646715949095E-02
   -9.152284359953E-02
   -1.036089977791E-01
   -1.234760288212E-01
   -1.429316265640E-01
   -1.521799251276E-01
   -1.653228153932E-01
   -1.873146144560E-01
   -2.049105658935E-01
   -2.114724492960E-01
   -1.099892874825E-01
   -1.257440770697E-01
   -1.656810989935E-01
   -2.050785134998E-01
   -2.082170619574E-01
   -1.770731666415E-01
   -1.546566672167E-01
   -1.429316265639E-01
   -1.202495661103E-01
   -1.005348981501E-01
   -8.667855299723E-02
   -7.180753345917E-02
   -5.905087992254E-02
   -4.944181251636E-02
   -3.909806919038E-02
   -2.670691600400E-02
   -3.909806919034E-02
   -4.944181251637E-02
   -5.905087992252E-02
   -7.180753345917E-02
   -8.667855299728E-02
   -1.005348981500E-01
   -1.202495661103E-01
   -1.429316265639E-01
   -1.546566672166E-01
   -1.770731666415E-01
   -2.082170619574E-01
   -2.050785134998E-01
   -1.656810989935E-01
   -1.257440770697E-01
    9.352951754145E-03
    1.326803222470E-02
   -1.447091675762E-03
   -7.691514096025E-02
   -1.772671062139E-01
   -2.109763893531E-01
   -1.770731666415E-01
   -1.521799251275E-01
   -1.376150367261E-01
   -1.119850685098E-01
   -9.421866191167E-02
   -7.932511447247E-02
   -6.481343987447E-02
   -5.555776710379E-02
   -4.272624478812E-02
   -2.445736525523E-02
   -4.272624478810E-02
   -5.555776710383E-02
   -6.481343987447E-02
   -7.932511447248E-02
   -9.421866191175E-02
   -1.119850685098E-01
   -1.376150367261E-01
   -1.521799251276E-01
   -1.770731666414E-01
   -2.109763893531E-01
   -1.772671062139E-01
   -7.691514096025E-02
   -1.447091675733E-03
    1.326803222472E-02
   -3.954650141461E-01
   -3.100907528015E-01
   -1.183935591098E-01
    9.439004007611E-03
   -4.255016649718E-02
   -1.772671062139E-01
   -2.082170619573E-01
   -1.653228153932E-01
   -1.473045970344E-01
   -1.251642044100E-01
   -1.014626505585E-01
   -8.640907120482E-02
   -6.953413627952E-02
   -6.016920178837E-02
   -4.647551911579E-02
   -2.262961996637E-02
   -4.647551911572E-02
   -6.016920178839E-02
   -6.953413627951E-02
   -8.640907120483E-02
   -1.014626505585E-01
   -1.251642044100E-01
   -1.473045970344E-01
   -1.653228153932E-01
   -2.082170619574E-01
   -1.772671062138E-01
   -4.255016649713E-02
    9.439004007609E-03
   -1.183935591098E-01
   -3.100907528015E-01
   -1.331215512140E+00
   -1.165682738478E+00
   -7.272555203863E-01
   -2.358196765132E-01
    9.439004007583E-03
   -7.691514096018E-02
   -2.050785134998E-01
   -1.873146144559E-01
   -1.535520447895E-01
   -1.358086232131E-01
   -1.081015200321E-01
   -9.153999261355E-02
   -7.317872777173E-02
   -6.365254010948E-02
   -5.107849373971E-02
   -2.354231913256E-02
   -5.107849373956E-02
   -6.365254010955E-02
   -7.317872777169E-02
   -9.153999261359E-02
   -1.081015200320E-01
   -1.358086232131E-01
   -1.535520447894E-01
   -1.873146144560E-01
   -2.050785134998E-01
   -7.691514096022E-02
    9.439004007668E-03
   -2.358196765131E-01
   -7.272555203863E-01
   -1.165682738478E+00
   -2.265597304058E+00
   -2.072559644289E+00
   -1.506305276899E+00
   -7.272555203863E-01
   -1.183935591100E-01
   -1.447091675677E-03
   -1.656810989935E-01
   -2.049105658935E-01
   -1.598728732964E-01
   -1.423086069552E-01
   -1.141499723756E-01
   -9.536076404318E-02
   -7.748671865742E-02
   -6.673751602290E-02
   -5.360945453694E-02
   -4.365040948231E-02
   -5.360945453658E-02
   -6.673751602306E-02
   -7.748671865732E-02
   -9.536076404327E-02
   -1.141499723755E-01
   -1.423086069552E-01
   -1.598728732964E-01
   -2.049105658936E-01
   -1.656810989934E-01
   -1.447091675800E-03
   -1.183935591098E-01
   -7.272555203864E-01
   -1.506305276899E+00
   -2.072559644289E+00
   -2.817488708368E+00
   -2.643755869207E+00
   -2.072559644289E+00
   -1.165682738477E+00
   -3.100907528015E-01
    1.326803222469E-02
   -1.257440770697E-01
   -2.114724492960E-01
   -1.653706269683E-01
   -1.459691302416E-01
   -1.190717489512E-01
   -9.737672578670E-02
   -8.001934361050E-02
   -6.796462390325E-02
   -5.475476299732E-02
   -7.244389363556E-02
   -5.475476299696E-02
   -6.796462390339E-02
   -8.001934361042E-02
   -9.737672578677E-02
   -1.190717489511E-01
   -1.459691302417E-01
   -1.653706269683E-01
   -2.114724492960E-01
   -1.257440770696E-01
    1.326803222470E-02
   -3.100907528014E-01
   -1.165682738478E+00
   -2.072559644289E+00
   -2.643755869207E+00
   -3.239573705260E+00
   -3.198704456980E+00
   -2.817488708368E+00
   -1.880207805874E+00
   -7.276042597095E-01
   -4.339835325538E-02
   -5.956703818860E-02
   -2.087165381750E-01
   -1.770518521408E-01
   -1.491791119101E-01
   -1.248907899427E-01
   -1.002433449665E-01
   -8.248301026879E-02
   -7.006711587828E-02
   -5.807177472603E-02
   -1.471352473048E-02
   -5.807177472629E-02
   -7.006711587811E-02
   -8.248301026891E-02
   -1.002433449664E-01
   -1.248907899427E-01
   -1.491791119100E-01
   -1.770518521408E-01
   -2.087165381750E-01
   -5.956703818863E-02
   -4.339835325534E-02
   -7.276042597095E-01
   -1.880207805874E+00
   -2.817488708368E+00
   -3.198704456980E+00
   -3.198704456980E+00
   -3.105692792050E+00
   -2.643755869207E+00
   -1.692413818379E+00
   -6.057875855865E-01
   -1.857887087253E-02
   -7.666315541145E-02
   -2.105203735595E-01
   -1.730491662338E-01
   -1.485142493922E-01
   -1.238071178379E-01
   -9.958096072955E-02
   -8.194745721544E-02
   -6.962729195975E-02
   -5.725693712047E-02
   -6.145809888635E-02
   -5.725693712059E-02
   -6.962729195966E-02
   -8.194745721549E-02
   -9.958096072951E-02
   -1.238071178379E-01
   -1.485142493922E-01
   -1.730491662338E-01
   -2.105203735595E-01
   -7.666315541146E-02
   -1.857887087255E-02
   -6.057875855865E-01
   -1.692413818379E+00
   -2.643755869208E+00
   -3.105692792050E+00
   -2.817488708368E+00
   -2.643755869207E+00
   -2.072559644289E+00
   -1.165682738477E+00
   -3.100907528015E-01
    1.326803222468E-02
   -1.257440770697E-01
   -2.114724492960E-01
   -1.653706269683E-01
   -1.459691302416E-01
   -1.190717489512E-01
   -9.737672578671E-02
   -8.001934361050E-02
   -6.796462390327E-02
   -5.475476299730E-02
   -7.244389363537E-02
   -5.475476299703E-02
   -6.796462390337E-02
   -8.001934361043E-02
   -9.737672578677E-02
   -1.190717489511E-01
   -1.459691302417E-01
   -1.653706269683E-01
   -2.114724492960E-01
   -1.257440770696E-01
    1.326803222469E-02
   -3.100907528014E-01
   -1.165682738478E+00
   -2.072559644289E+00
   -2.643755869207E+00
   -1.880207805874E+00
   -1.692413818379E+00
   -1.165682738478E+00
   -4.959882486390E-01
   -4.369497649359E-02
   -2.853881335688E-02
   -1.859911571943E-01
   -1.984849509406E-01
   -1.566589203852E-01
   -1.400007152081E-01
   -1.121146024906E-01
   -9.391819040650E-02
   -7.587074676895E-02
   -6.509316647897E-02
   -5.215037549065E-02
   -3.363032241256E-02
   -5.215037549044E-02
   -6.509316647906E-02
   -7.587074676887E-02
   -9.391819040657E-02
   -1.121146024905E-01
   -1.400007152081E-01
   -1.566589203851E-01
   -1.984849509406E-01
   -1.859911571943E-01
   -2.853881335699E-02
   -4.369497649349E-02
   -4.959882486391E-01
   -1.165682738478E+00
   -1.692413818379E+00
   -7.276042597095E-01
   -6.057875855865E-01
   -3.100907528014E-01
   -4.369497649357E-02
   -1.094816326723E-03
   -1.402629972596E-01
   -2.119008775672E-01
   -1.737120870977E-01
   -1.499233195692E-01
   -1.299612702908E-01
   -1.045775650711E-01
   -8.854392903819E-02
   -7.070607877303E-02
   -6.161541767641E-02
   -4.865373760925E-02
   -2.244178236361E-02
   -4.865373760907E-02
   -6.161541767646E-02
   -7.070607877298E-02
   -8.854392903823E-02
   -1.045775650710E-01
   -1.299612702909E-01
   -1.499233195692E-01
   -1.737120870977E-01
   -2.119008775671E-01
   -1.402629972597E-01
   -1.094816326879E-03
   -4.369497649344E-02
   -3.100907528015E-01
   -6.057875855865E-01
   -4.339835325532E-02
   -1.857887087255E-02
    1.326803222468E-02
   -2.853881335694E-02
   -1.402629972598E-01
   -2.102257210809E-01
   -1.871052498387E-01
   -1.552817722400E-01
   -1.415593059246E-01
   -1.161435276775E-01
   -9.701823470608E-02
   -8.180342434993E-02
   -6.582312487811E-02
   -5.669375937799E-02
   -4.410416570945E-02
   -2.433699886266E-02
   -4.410416570928E-02
   -5.669375937803E-02
   -6.582312487808E-02
   -8.180342434996E-02
   -9.701823470606E-02
   -1.161435276775E-01
   -1.415593059246E-01
   -1.552817722401E-01
   -1.871052498386E-01
   -2.102257210809E-01
   -1.402629972597E-01
   -2.853881335703E-02
    1.326803222473E-02
   -1.857887087257E-02
   -5.956703818863E-02
   -7.666315541146E-02
   -1.257440770696E-01
   -1.859911571943E-01
   -2.119008775671E-01
   -1.871052498387E-01
   -1.577807724338E-01
   -1.458115681749E-01
   -1.248786765423E-01
   -1.031906682836E-01
   -8.929970978024E-02
   -7.364639680110E-02
   -6.016296588715E-02
   -5.042250895606E-02
   -4.030792091071E-02
   -2.774981637808E-02
   -4.030792091053E-02
   -5.042250895612E-02
   -6.016296588709E-02
   -7.364639680114E-02
   -8.929970978026E-02
   -1.031906682836E-01
   -1.248786765423E-01
   -1.458115681749E-01
   -1.577807724337E-01
   -1.871052498387E-01
   -2.119008775671E-01
   -1.859911571943E-01
   -1.257440770697E-01
   -7.666315541144E-02
   -2.087165381750E-01
   -2.105203735595E-01
   -2.114724492960E-01
   -1.984849509406E-01
   -1.737120870977E-01
   -1.552817722401E-01
   -1.458115681750E-01
   -1.288705175761E-01
   -1.069533551000E-01
   -9.385159272539E-02
   -7.915658078834E-02
   -6.558861563626E-02
   -5.400463896848E-02
   -4.416023546080E-02
   -3.707810121103E-02
   -2.884136722275E-02
   -3.707810121093E-02
   -4.416023546082E-02
   -5.400463896850E-02
   -6.558861563627E-02
   -7.915658078836E-02
   -9.385159272536E-02
   -1.069533551000E-01
   -1.288705175761E-01
   -1.458115681750E-01
   -1.552817722401E-01
   -1.737120870977E-01
   -1.984849509406E-01
   -2.114724492960E-01
   -2.105203735595E-01
   -1.770518521408E-01
   -1.730491662338E-01
   -1.653706269683E-01
   -1.566589203852E-01
   -1.499233195692E-01
   -1.415593059246E-01
   -1.248786765424E-01
   -1.069533551000E-01
   -9.439155817776E-02
   -8.240922773210E-02
   -6.847972731673E-02
   -5.882733787589E-02
   -4.728942759684E-02
   -3.876915050434E-02
   -3.386312499143E-02
   -2.790101875457E-02
   -3.386312499133E-02
   -3.876915050435E-02
   -4.728942759685E-02
   -5.882733787590E-02
   -6.847972731672E-02
   -8.240922773209E-02
   -9.439155817776E-02
   -1.069533551000E-01
   -1.248786765424E-01
   -1.415593059246E-01
   -1.499233195692E-01
   -1.566589203851E-01
   -1.653706269683E-01
   -1.730491662338E-01
   -1.491791119100E-01
   -1.485142493922E-01
   -1.459691302417E-01
   -1.400007152081E-01
   -1.299612702909E-01
   -1.161435276775E-01
   -1.031906682836E-01
   -9.385159272540E-02
   -8.240922773211E-02
   -7.008233764744E-02
   -5.999872631411E-02
   -4.979111624564E-02
   -4.079621138035E-02
   -3.502145242805E-02
   -2.928174118657E-02
   -2.504165384427E-02
   -2.928174118651E-02
   -3.502145242806E-02
   -4.079621138036E-02
   -4.979111624564E-02
   -5.999872631410E-02
   -7.008233764744E-02
   -8.240922773210E-02
   -9.385159272540E-02
   -1.031906682836E-01
   -1.161435276774E-01
   -1.299612702908E-01
   -1.400007152081E-01
   -1.459691302417E-01
   -1.485142493922E-01
   -1.248907899427E-01
   -1.238071178379E-01
   -1.190717489511E-01
   -1.121146024905E-01
   -1.045775650710E-01
   -9.701823470607E-02
   -8.929970978028E-02
   -7.915658078836E-02
   -6.847972731675E-02
   -5.999872631411E-02
   -5.094359400585E-02
   -4.148994536502E-02
   -3.612021218095E-02
   -3.025959246593E-02
   -2.443136328556E-02
   -2.273101970476E-02
   -2.443136328541E-02
   -3.025959246596E-02
   -3.612021218095E-02
   -4.148994536503E-02
   -5.094359400584E-02
   -5.999872631411E-02
   -6.847972731674E-02
   -7.915658078837E-02
   -8.929970978027E-02
   -9.701823470609E-02
   -1.045775650711E-01
   -1.121146024905E-01
   -1.190717489511E-01
   -1.238071178379E-01
   -1.002433449665E-01
   -9.958096072952E-02
   -9.737672578677E-02
   -9.391819040660E-02
   -8.854392903822E-02
   -8.180342434995E-02
   -7.364639680111E-02
   -6.558861563630E-02
   -5.882733787591E-02
   -4.979111624564E-02
   -4.148994536504E-02
   -3.618493408636E-02
   -3.051195014398E-02
   -2.496823586123E-02
   -2.133455226296E-02
   -1.964980929573E-02
   -2.133455226291E-02
   -2.496823586127E-02
   -3.051195014400E-02
   -3.618493408638E-02
   -4.148994536501E-02
   -4.979111624564E-02
   -5.882733787590E-02
   -6.558861563631E-02
   -7.364639680111E-02
   -8.180342434994E-02
   -8.854392903819E-02
   -9.391819040662E-02
   -9.737672578677E-02
   -9.958096072956E-02
   -8.248301026890E-02
   -8.194745721547E-02
   -8.001934361042E-02
   -7.587074676881E-02
   -7.070607877299E-02
   -6.582312487807E-02
   -6.016296588715E-02
   -5.400463896850E-02
   -4.728942759685E-02
   -4.079621138035E-02
   -3.612021218097E-02
   -3.051195014398E-02
   -2.436188849662E-02
   -2.156844300794E-02
   -1.857350316942E-02
   -1.546757984120E-02
   -1.857350316938E-02
   -2.156844300797E-02
   -2.436188849665E-02
   -3.051195014399E-02
   -3.612021218096E-02
   -4.079621138035E-02
   -4.728942759686E-02
   -5.400463896851E-02
   -6.016296588714E-02
   -6.582312487810E-02
   -7.070607877305E-02
   -7.587074676878E-02
   -8.001934361043E-02
   -8.194745721541E-02
   -7.006711587813E-02
   -6.962729195970E-02
   -6.796462390337E-02
   -6.509316647916E-02
   -6.161541767644E-02
   -5.669375937805E-02
   -5.042250895608E-02
   -4.416023546080E-02
   -3.876915050433E-02
   -3.502145242804E-02
   -3.025959246596E-02
   -2.496823586125E-02
   -2.156844300792E-02
   -1.771989874078E-02
   -1.536543887636E-02
   -1.555519464560E-02
   -1.536543887679E-02
   -1.771989874077E-02
   -2.156844300797E-02
   -2.496823586124E-02
   -3.025959246594E-02
   -3.502145242805E-02
   -3.876915050434E-02
   -4.416023546080E-02
   -5.042250895608E-02
   -5.669375937803E-02
   -6.161541767637E-02
   -6.509316647919E-02
   -6.796462390340E-02
   -6.962729195980E-02
   -5.807177472627E-02
   -5.725693712048E-02
   -5.475476299702E-02
   -5.215037549022E-02
   -4.865373760904E-02
   -4.410416570934E-02
   -4.030792091065E-02
   -3.707810121099E-02
   -3.386312499137E-02
   -2.928174118651E-02
   -2.443136328550E-02
   -2.133455226285E-02
   -1.857350316934E-02
   -1.536543887640E-02
   -1.307506230167E-02
   -1.250471128722E-02
   -1.307506230221E-02
   -1.536543887654E-02
   -1.857350316926E-02
   -2.133455226293E-02
   -2.443136328546E-02
   -2.928174118654E-02
   -3.386312499139E-02
   -3.707810121100E-02
   -4.030792091062E-02
   -4.410416570939E-02
   -4.865373760928E-02
   -5.215037549015E-02
   -5.475476299693E-02
   -5.725693712018E-02
   -1.471352473007E-02
   -6.145809888795E-02
   -7.244389363613E-02
   -3.363032241168E-02
   -2.244178236363E-02
   -2.433699886318E-02
   -2.774981637658E-02
   -2.884136722478E-02
   -2.790101875220E-02
   -2.504165384714E-02
   -2.273101970114E-02
   -1.964980930031E-02
   -1.546757983478E-02
   -1.555519465495E-02
   -1.250471126677E-02
   -4.960798213306E-03
   -1.250471130628E-02
   -1.555519463652E-02
   -1.546757984701E-02
   -1.964980929138E-02
   -2.273101970802E-02
   -2.504165384171E-02
   -2.790101875649E-02
   -2.884136722154E-02
   -2.774981637918E-02
   -2.433699886119E-02
   -2.244178236517E-02
   -3.363032241130E-02
   -7.244389363645E-02
   -6.145809888693E-02
   -5.807177472614E-02
   -5.725693712044E-02
   -5.475476299738E-02
   -5.215037549076E-02
   -4.865373760909E-02
   -4.410416570943E-02
   -4.030792091061E-02
   -3.707810121100E-02
   -3.386312499139E-02
   -2.928174118653E-02
   -2.443136328547E-02
   -2.133455226288E-02
   -1.857350316926E-02
   -1.536543887648E-02
   -1.307506230145E-02
   -1.250471128638E-02
   -1.307506230233E-02
   -1.536543887640E-02
   -1.857350316934E-02
   -2.133455226283E-02
   -2.443136328548E-02
   -2.928174118653E-02
   -3.386312499136E-02
   -3.707810121100E-02
   -4.030792091065E-02
   -4.410416570936E-02
   -4.865373760893E-02
   -5.215037549086E-02
   -5.475476299756E-02
   -5.725693712056E-02
   -7.006711587822E-02
   -6.962729195975E-02
   -6.796462390327E-02
   -6.509316647890E-02
   -6.161541767641E-02
   -5.669375937803E-02
   -5.042250895610E-02
   -4.416023546080E-02
   -3.876915050433E-02
   -3.502145242804E-02
   -3.025959246595E-02
   -2.496823586122E-02
   -2.156844300793E-02
   -1.771989874080E-02
   -1.536543887625E-02
   -1.555519464599E-02
   -1.536543887674E-02
   -1.771989874069E-02
   -2.156844300794E-02
   -2.496823586122E-02
   -3.025959246596E-02
   -3.502145242805E-02
   -3.876915050435E-02
   -4.416023546078E-02
   -5.042250895610E-02
   -5.669375937804E-02
   -6.161541767652E-02
   -6.509316647889E-02
   -6.796462390325E-02
   -6.962729195960E-02
   -8.248301026883E-02
   -8.194745721542E-02
   -8.001934361050E-02
   -7.587074676899E-02
   -7.070607877300E-02
   -6.582312487811E-02
   -6.016296588713E-02
   -5.400463896852E-02
   -4.728942759684E-02
   -4.079621138036E-02
   -3.612021218095E-02
   -3.051195014397E-02
   -2.436188849661E-02
   -2.156844300797E-02
   -1.857350316928E-02
   -1.546757984083E-02
   -1.857350316942E-02
   -2.156844300792E-02
   -2.436188849664E-02
   -3.051195014397E-02
   -3.612021218096E-02
   -4.079621138036E-02
   -4.728942759685E-02
   -5.400463896851E-02
   -6.016296588715E-02
   -6.582312487808E-02
   -7.070607877295E-02
   -7.587074676898E-02
   -8.001934361054E-02
   -8.194745721553E-02
   -1.002433449665E-01
   -9.958096072955E-02
   -9.737672578670E-02
   -9.391819040647E-02
   -8.854392903820E-02
   -8.180342434995E-02
   -7.364639680111E-02
   -6.558861563632E-02
   -5.882733787590E-02
   -4.979111624564E-02
   -4.148994536502E-02
   -3.618493408636E-02
   -3.051195014398E-02
   -2.496823586123E-02
   -2.133455226288E-02
   -1.964980929589E-02
   -2.133455226294E-02
   -2.496823586125E-02
   -3.051195014397E-02
   -3.618493408637E-02
   -4.148994536502E-02
   -4.979111624565E-02
   -5.882733787591E-02
   -6.558861563631E-02
   -7.364639680111E-02
   -8.180342434995E-02
   -8.854392903825E-02
   -9.391819040648E-02
   -9.737672578669E-02
   -9.958096072950E-02
   -1.248907899427E-01
   -1.238071178379E-01
   -1.190717489512E-01
   -1.121146024906E-01
   -1.045775650711E-01
   -9.701823470608E-02
   -8.929970978028E-02
   -7.915658078836E-02
   -6.847972731675E-02
   -5.999872631411E-02
   -5.094359400585E-02
   -4.148994536501E-02
   -3.612021218095E-02
   -3.025959246593E-02
   -2.443136328548E-02
   -2.273101970454E-02
   -2.443136328547E-02
   -3.025959246595E-02
   -3.612021218095E-02
   -4.148994536502E-02
   -5.094359400585E-02
   -5.999872631411E-02
   -6.847972731675E-02
   -7.915658078836E-02
   -8.929970978029E-02
   -9.701823470607E-02
   -1.045775650710E-01
   -1.121146024906E-01
   -1.190717489512E-01
   -1.238071178379E-01
   -1.491791119101E-01
   -1.485142493922E-01
   -1.459691302416E-01
   -1.400007152080E-01
   -1.299612702908E-01
   -1.161435276775E-01
   -1.031906682836E-01
   -9.385159272540E-02
   -8.240922773211E-02
   -7.008233764743E-02
   -5.999872631411E-02
   -4.979111624563E-02
   -4.079621138035E-02
   -3.502145242804E-02
   -2.928174118653E-02
   -2.504165384439E-02
   -2.928174118653E-02
   -3.502145242806E-02
   -4.079621138034E-02
   -4.979111624565E-02
   -5.999872631410E-02
   -7.008233764744E-02
   -8.240922773211E-02
   -9.385159272539E-02
   -1.031906682836E-01
   -1.161435276775E-01
   -1.299612702909E-01
   -1.400007152080E-01
   -1.459691302416E-01
   -1.485142493921E-01
   -1.770518521408E-01
   -1.730491662338E-01
   -1.653706269683E-01
   -1.566589203852E-01
   -1.499233195692E-01
   -1.415593059246E-01
   -1.248786765424E-01
   -1.069533551000E-01
   -9.439155817777E-02
   -8.240922773210E-02
   -6.847972731674E-02
   -5.882733787588E-02
   -4.728942759683E-02
   -3.876915050434E-02
   -3.386312499137E-02
   -2.790101875446E-02
   -3.386312499138E-02
   -3.876915050434E-02
   -4.728942759685E-02
   -5.882733787590E-02
   -6.847972731671E-02
   -8.240922773209E-02
   -9.439155817776E-02
   -1.069533551000E-01
   -1.248786765424E-01
   -1.415593059246E-01
   -1.499233195692E-01
   -1.566589203852E-01
   -1.653706269683E-01
   -1.730491662339E-01
   -2.087165381750E-01
   -2.105203735595E-01
   -2.114724492960E-01
   -1.984849509405E-01
   -1.737120870977E-01
   -1.552817722401E-01
   -1.458115681750E-01
   -1.288705175761E-01
   -1.069533551000E-01
   -9.385159272539E-02
   -7.915658078834E-02
   -6.558861563627E-02
   -5.400463896847E-02
   -4.416023546080E-02
   -3.707810121095E-02
   -2.884136722287E-02
   -3.707810121099E-02
   -4.416023546080E-02
   -5.400463896851E-02
   -6.558861563626E-02
   -7.915658078837E-02
   -9.385159272536E-02
   -1.069533551000E-01
   -1.288705175761E-01
   -1.458115681750E-01
   -1.552817722401E-01
   -1.737120870977E-01
   -1.984849509406E-01
   -2.114724492960E-01
   -2.105203735595E-01
   -5.956703818861E-02
   -7.666315541145E-02
   -1.257440770697E-01
   -1.859911571943E-01
   -2.119008775671E-01
   -1.871052498387E-01
   -1.577807724337E-01
   -1.458115681749E-01
   -1.248786765423E-01
   -1.031906682836E-01
   -8.929970978023E-02
   -7.364639680111E-02
   -6.016296588713E-02
   -5.042250895607E-02
   -4.030792091061E-02
   -2.774981637804E-02
   -4.030792091061E-02
   -5.042250895608E-02
   -6.016296588712E-02
   -7.364639680111E-02
   -8.929970978027E-02
   -1.031906682835E-01
   -1.248786765423E-01
   -1.458115681749E-01
   -1.577807724337E-01
   -1.871052498387E-01
   -2.119008775671E-01
   -1.859911571943E-01
   -1.257440770697E-01
   -7.666315541147E-02
   -4.339835325535E-02
   -1.857887087256E-02
    1.326803222470E-02
   -2.853881335691E-02
   -1.402629972598E-01
   -2.102257210809E-01
   -1.871052498387E-01
   -1.552817722399E-01
   -1.415593059246E-01
   -1.161435276775E-01
   -9.701823470609E-02
   -8.180342434993E-02
   -6.582312487810E-02
   -5.669375937797E-02
   -4.410416570942E-02
   -2.433699886277E-02
   -4.410416570928E-02
   -5.669375937803E-02
   -6.582312487809E-02
   -8.180342434994E-02
   -9.701823470608E-02
   -1.161435276775E-01
   -1.415593059246E-01
   -1.552817722401E-01
   -1.871052498386E-01
   -2.102257210809E-01
   -1.402629972597E-01
   -2.853881335699E-02
    1.326803222475E-02
   -1.857887087254E-02
   -7.276042597095E-01
   -6.057875855865E-01
   -3.100907528015E-01
   -4.369497649359E-02
   -1.094816326733E-03
   -1.402629972596E-01
   -2.119008775672E-01
   -1.737120870977E-01
   -1.499233195692E-01
   -1.299612702908E-01
   -1.045775650711E-01
   -8.854392903818E-02
   -7.070607877305E-02
   -6.161541767636E-02
   -4.865373760935E-02
   -2.244178236353E-02
   -4.865373760894E-02
   -6.161541767652E-02
   -7.070607877296E-02
   -8.854392903824E-02
   -1.045775650710E-01
   -1.299612702909E-01
   -1.499233195692E-01
   -1.737120870977E-01
   -2.119008775671E-01
   -1.402629972597E-01
   -1.094816326864E-03
   -4.369497649347E-02
   -3.100907528015E-01
   -6.057875855866E-01
   -1.880207805874E+00
   -1.692413818379E+00
   -1.165682738478E+00
   -4.959882486390E-01
   -4.369497649359E-02
   -2.853881335686E-02
   -1.859911571944E-01
   -1.984849509405E-01
   -1.566589203852E-01
   -1.400007152080E-01
   -1.121146024906E-01
   -9.391819040646E-02
   -7.587074676899E-02
   -6.509316647888E-02
   -5.215037549089E-02
   -3.363032241281E-02
   -5.215037549020E-02
   -6.509316647917E-02
   -7.587074676881E-02
   -9.391819040660E-02
   -1.121146024905E-01
   -1.400007152081E-01
   -1.566589203851E-01
   -1.984849509406E-01
   -1.859911571943E-01
   -2.853881335701E-02
   -4.369497649350E-02
   -4.959882486391E-01
   -1.165682738478E+00
   -1.692413818379E+00
   -2.817488708368E+00
   -2.643755869207E+00
   -2.072559644289E+00
   -1.165682738477E+00
   -3.100907528015E-01
    1.326803222469E-02
   -1.257440770697E-01
   -2.114724492960E-01
   -1.653706269683E-01
   -1.459691302416E-01
   -1.190717489512E-01
   -9.737672578669E-02
   -8.001934361052E-02
   -6.796462390322E-02
   -5.475476299744E-02
   -7.244389363527E-02
   -5.475476299689E-02
   -6.796462390344E-02
   -8.001934361040E-02
   -9.737672578678E-02
   -1.190717489511E-01
   -1.459691302417E-01
   -1.653706269683E-01
   -2.114724492960E-01
   -1.257440770696E-01
    1.326803222469E-02
   -3.100907528014E-01
   -1.165682738478E+00
   -2.072559644289E+00
   -2.643755869207E+00
   -3.198704456980E+00
   -3.105692792050E+00
   -2.643755869207E+00
   -1.692413818379E+00
   -6.057875855865E-01
   -1.857887087253E-02
   -7.666315541145E-02
   -2.105203735595E-01
   -1.730491662338E-01
   -1.485142493922E-01
   -1.238071178379E-01
   -9.958096072956E-02
   -8.194745721542E-02
   -6.962729195977E-02
   -5.725693712045E-02
   -6.145809888634E-02
   -5.725693712061E-02
   -6.962729195965E-02
   -8.194745721551E-02
   -9.958096072950E-02
   -1.238071178379E-01
   -1.485142493921E-01
   -1.730491662339E-01
   -2.105203735595E-01
   -7.666315541147E-02
   -1.857887087255E-02
   -6.057875855865E-01
   -1.692413818379E+00
   -2.643755869208E+00
   -3.105692792050E+00
