 -1.454783348E+01 -1.357626620E+01 -7.987508670E+00 -2.895793292E+00 -2.277732907E+00
 -1.613591343E+00 -1.126992615E+00 -7.863090172E-01 -5.134510713E-01 -3.715834477E-01
 -2.101066226E-01 -1.092169781E-01 -2.041021540E-02 -1.059175518E-02  4.655047238E-02
 -4.326698324E-04  4.655047238E-02 -1.059175518E-02 -2.041021540E-02 -1.092169781E-01
 -2.101066226E-01 -3.715834477E-01 -5.134510713E-01 -7.863090172E-01 -1.126992615E+00
 -1.613591343E+00 -2.277732907E+00 -2.895793292E+00 -7.987508670E+00 -1.357626620E+01
 -1.357626620E+01 -1.182121087E+01 -6.357775746E+00 -2.589381058E+00 -2.247339510E+00
 -1.533657476E+00 -1.098013019E+00 -7.641323232E-01 -5.173620114E-01 -3.537411297E-01
 -2.019836157E-01 -1.235701585E-01 -2.660123063E-02 -4.054620929E-03  6.605674462E-02
  3.719229861E-02  6.605674462E-02 -4.054620929E-03 -2.660123063E-02 -1.235701585E-01
 -2.019836157E-01 -3.537411297E-01 -5.173620114E-01 -7.641323232E-01 -1.098013019E+00
 -1.533657476E+00 -2.247339510E+00 -2.589381058E+00 -6.357775746E+00 -1.182121087E+01
 -7.987508670E+00 -6.357775746E+00 -3.373567496E+00 -2.313198843E+00 -2.074712854E+00
 -1.344524414E+00 -1.030733762E+00 -6.835853974E-01 -4.900597698E-01 -3.129254663E-01
 -1.839173239E-01 -1.159482390E-01 -1.364189585E-02  6.263372995E-03  6.806389953E-02
  5.874239082E-02  6.806389953E-02  6.263372995E-03 -1.364189585E-02 -1.159482390E-01
 -1.839173239E-01 -3.129254663E-01 -4.900597698E-01 -6.835853974E-01 -1.030733762E+00
 -1.344524414E+00 -2.074712854E+00 -2.313198843E+00 -3.373567496E+00 -6.357775746E+00
 -2.895793292E+00 -2.589381058E+00 -2.313198843E+00 -2.197152953E+00 -1.619274254E+00
 -1.157006116E+00 -9.140868513E-01 -5.920269115E-01 -4.442882351E-01 -2.724903874E-01
 -1.597226380E-01 -7.214107466E-02  1.047508852E-02  3.194152414E-02  7.181700328E-02
  6.416320481E-02  7.181700328E-02  3.194152414E-02  1.047508852E-02 -7.214107466E-02
 -1.597226380E-01 -2.724903874E-01 -4.442882351E-01 -5.920269115E-01 -9.140868513E-01
 -1.157006116E+00 -1.619274254E+00 -2.197152953E+00 -2.313198843E+00 -2.589381058E+00
 -2.277732907E+00 -2.247339510E+00 -2.074712854E+00 -1.619274254E+00 -1.219542932E+00
 -1.002288640E+00 -7.103539785E-01 -5.078337703E-01 -3.629505147E-01 -2.159864961E-01
 -1.252283308E-01 -3.896511448E-02  1.570258987E-02  6.335130820E-02  9.093508570E-02
  8.663817721E-02  9.093508570E-02  6.335130820E-02  1.570258987E-02 -3.896511448E-02
 -1.252283308E-01 -2.159864961E-01 -3.629505147E-01 -5.078337703E-01 -7.103539785E-01
 -1.002288640E+00 -1.219542932E+00 -1.619274254E+00 -2.074712854E+00 -2.247339510E+00
 -1.613591343E+00 -1.533657476E+00 -1.344524414E+00 -1.157006116E+00 -1.002288640E+00
 -7.455447154E-01 -5.385902382E-01 -4.270451085E-01 -2.604530221E-01 -1.669976407E-01
 -7.541435619E-02 -2.528256958E-04  4.528814486E-02  9.009736755E-02  9.740512422E-02
  1.100668856E-01  9.740512422E-02  9.009736755E-02  4.528814486E-02 -2.528256958E-04
 -7.541435619E-02 -1.669976407E-01 -2.604530221E-01 -4.270451085E-01 -5.385902382E-01
 -7.455447154E-01 -1.002288640E+00 -1.157006116E+00 -1.344524414E+00 -1.533657476E+00
 -1.126992615E+00 -1.098013019E+00 -1.030733762E+00 -9.140868513E-01 -7.103539785E-01
 -5.385902382E-01 -4.539645948E-01 -3.097721602E-01 -1.854513879E-01 -1.152199496E-01
 -1.945620360E-02  2.822813665E-02  9.022971997E-02  1.246594923E-01  1.219932008E-01
  1.431225509E-01  1.219932008E-01  1.246594923E-01  9.022971997E-02  2.822813665E-02
 -1.945620360E-02 -1.152199496E-01 -1.854513879E-01 -3.097721602E-01 -4.539645948E-01
 -5.385902382E-01 -7.103539785E-01 -9.140868513E-01 -1.030733762E+00 -1.098013019E+00
 -7.863090172E-01 -7.641323232E-01 -6.835853974E-01 -5.920269115E-01 -5.078337703E-01
 -4.270451085E-01 -3.097721602E-01 -1.860002032E-01 -1.233655490E-01 -3.480008854E-02
  2.089367268E-02  5.943509145E-02  1.267738356E-01  1.493104580E-01  1.507668123E-01
  1.519640413E-01  1.507668123E-01  1.493104580E-01  1.267738356E-01  5.943509145E-02
  2.089367268E-02 -3.480008854E-02 -1.233655490E-01 -1.860002032E-01 -3.097721602E-01
 -4.270451085E-01 -5.078337703E-01 -5.920269115E-01 -6.835853974E-01 -7.641323232E-01
 -5.134510713E-01 -5.173620114E-01 -4.900597698E-01 -4.442882351E-01 -3.629505147E-01
 -2.604530221E-01 -1.854513879E-01 -1.233655490E-01 -5.310869875E-02  1.952788770E-02
  5.521548707E-02  1.193078792E-01  1.517181400E-01  1.681030095E-01  1.906379853E-01
  1.756114936E-01  1.906379853E-01  1.681030095E-01  1.517181400E-01  1.193078792E-01
  5.521548707E-02  1.952788770E-02 -5.310869875E-02 -1.233655490E-01 -1.854513879E-01
 -2.604530221E-01 -3.629505147E-01 -4.442882351E-01 -4.900597698E-01 -5.173620114E-01
 -3.715834477E-01 -3.537411297E-01 -3.129254663E-01 -2.724903874E-01 -2.159864961E-01
 -1.669976407E-01 -1.152199496E-01 -3.480008854E-02  1.952788770E-02  6.132833955E-02
  1.119466792E-01  1.533681321E-01  1.664180483E-01  1.940841058E-01  2.172358790E-01
  2.089070544E-01  2.172358790E-01  1.940841058E-01  1.664180483E-01  1.533681321E-01
  1.119466792E-01  6.132833955E-02  1.952788770E-02 -3.480008854E-02 -1.152199496E-01
 -1.669976407E-01 -2.159864961E-01 -2.724903874E-01 -3.129254663E-01 -3.537411297E-01
 -2.101066226E-01 -2.019836157E-01 -1.839173239E-01 -1.597226380E-01 -1.252283308E-01
 -7.541435619E-02 -1.945620360E-02  2.089367268E-02  5.521548707E-02  1.119466792E-01
  1.558797735E-01  1.741928094E-01  2.075300486E-01  2.196361628E-01  2.266041177E-01
  2.440510861E-01  2.266041177E-01  2.196361628E-01  2.075300486E-01  1.741928094E-01
  1.558797735E-01  1.119466792E-01  5.521548707E-02  2.089367268E-02 -1.945620360E-02
 -7.541435619E-02 -1.252283308E-01 -1.597226380E-01 -1.839173239E-01 -2.019836157E-01
 -1.092169781E-01 -1.235701585E-01 -1.159482390E-01 -7.214107466E-02 -3.896511448E-02
 -2.528256958E-04  2.822813665E-02  5.943509145E-02  1.193078792E-01  1.533681321E-01
  1.741928094E-01  2.020891042E-01  2.285014982E-01  2.396411101E-01  2.509950975E-01
  2.662683990E-01  2.509950975E-01  2.396411101E-01  2.285014982E-01  2.020891042E-01
  1.741928094E-01  1.533681321E-01  1.193078792E-01  5.943509145E-02  2.822813665E-02
 -2.528256958E-04 -3.896511448E-02 -7.214107466E-02 -1.159482390E-01 -1.235701585E-01
 -2.041021540E-02 -2.660123063E-02 -1.364189585E-02  1.047508852E-02  1.570258987E-02
  4.528814486E-02  9.022971997E-02  1.267738356E-01  1.517181400E-01  1.664180483E-01
  2.075300486E-01  2.285014982E-01  2.303686089E-01  2.598162627E-01  2.707425646E-01
  2.635460416E-01  2.707425646E-01  2.598162627E-01  2.303686089E-01  2.285014982E-01
  2.075300486E-01  1.664180483E-01  1.517181400E-01  1.267738356E-01  9.022971997E-02
  4.528814486E-02  1.570258987E-02  1.047508852E-02 -1.364189585E-02 -2.660123063E-02
 -1.059175518E-02 -4.054620929E-03  6.263372995E-03  3.194152414E-02  6.335130820E-02
  9.009736755E-02  1.246594923E-01  1.493104580E-01  1.681030095E-01  1.940841058E-01
  2.196361628E-01  2.396411101E-01  2.598162627E-01  2.670393243E-01  2.757036327E-01
  2.883561895E-01  2.757036327E-01  2.670393243E-01  2.598162627E-01  2.396411101E-01
  2.196361628E-01  1.940841058E-01  1.681030095E-01  1.493104580E-01  1.246594923E-01
  9.009736755E-02  6.335130820E-02  3.194152414E-02  6.263372995E-03 -4.054620929E-03
  4.655047238E-02  6.605674462E-02  6.806389953E-02  7.181700328E-02  9.093508570E-02
  9.740512422E-02  1.219932008E-01  1.507668123E-01  1.906379853E-01  2.172358790E-01
  2.266041177E-01  2.509950975E-01  2.707425646E-01  2.757036327E-01  2.847786440E-01
  2.941008804E-01  2.847786440E-01  2.757036327E-01  2.707425646E-01  2.509950975E-01
  2.266041177E-01  2.172358790E-01  1.906379853E-01  1.507668123E-01  1.219932008E-01
  9.740512422E-02  9.093508570E-02  7.181700328E-02  6.806389953E-02  6.605674462E-02
 -4.326698324E-04  3.719229861E-02  5.874239082E-02  6.416320481E-02  8.663817721E-02
  1.100668856E-01  1.431225509E-01  1.519640413E-01  1.756114936E-01  2.089070544E-01
  2.440510861E-01  2.662683990E-01  2.635460416E-01  2.883561895E-01  2.941008804E-01
  2.773564249E-01  2.941008804E-01  2.883561895E-01  2.635460416E-01  2.662683990E-01
  2.440510861E-01  2.089070544E-01  1.756114936E-01  1.519640413E-01  1.431225509E-01
  1.100668856E-01  8.663817721E-02  6.416320481E-02  5.874239082E-02  3.719229861E-02
  4.655047238E-02  6.605674462E-02  6.806389953E-02  7.181700328E-02  9.093508570E-02
  9.740512422E-02  1.219932008E-01  1.507668123E-01  1.906379853E-01  2.172358790E-01
  2.266041177E-01  2.509950975E-01  2.707425646E-01  2.757036327E-01  2.847786440E-01
  2.941008804E-01  2.847786440E-01  2.757036327E-01  2.707425646E-01  2.509950975E-01
  2.266041177E-01  2.172358790E-01  1.906379853E-01  1.507668123E-01  1.219932008E-01
  9.740512422E-02  9.093508570E-02  7.181700328E-02  6.806389953E-02  6.605674462E-02
 -1.059175518E-02 -4.054620929E-03  6.263372995E-03  3.194152414E-02  6.335130820E-02
  9.009736755E-02  1.246594923E-01  1.493104580E-01  1.681030095E-01  1.940841058E-01
  2.196361628E-01  2.396411101E-01  2.598162627E-01  2.670393243E-01  2.757036327E-01
  2.883561895E-01  2.757036327E-01  2.670393243E-01  2.598162627E-01  2.396411101E-01
  2.196361628E-01  1.940841058E-01  1.681030095E-01  1.493104580E-01  1.246594923E-01
  9.009736755E-02  6.335130820E-02  3.194152414E-02  6.263372995E-03 -4.054620929E-03
 -2.041021540E-02 -2.660123063E-02 -1.364189585E-02  1.047508852E-02  1.570258987E-02
  4.528814486E-02  9.022971997E-02  1.267738356E-01  1.517181400E-01  1.664180483E-01
  2.075300486E-01  2.285014982E-01  2.303686089E-01  2.598162627E-01  2.707425646E-01
  2.635460416E-01  2.707425646E-01  2.598162627E-01  2.303686089E-01  2.285014982E-01
  2.075300486E-01  1.664180483E-01  1.517181400E-01  1.267738356E-01  9.022971997E-02
  4.528814486E-02  1.570258987E-02  1.047508852E-02 -1.364189585E-02 -2.660123063E-02
 -1.092169781E-01 -1.235701585E-01 -1.159482390E-01 -7.214107466E-02 -3.896511448E-02
 -2.528256958E-04  2.822813665E-02  5.943509145E-02  1.193078792E-01  1.533681321E-01
  1.741928094E-01  2.020891042E-01  2.285014982E-01  2.396411101E-01  2.509950975E-01
  2.662683990E-01  2.509950975E-01  2.396411101E-01  2.285014982E-01  2.020891042E-01
  1.741928094E-01  1.533681321E-01  1.193078792E-01  5.943509145E-02  2.822813665E-02
 -2.528256958E-04 -3.896511448E-02 -7.214107466E-02 -1.159482390E-01 -1.235701585E-01
 -2.101066226E-01 -2.019836157E-01 -1.839173239E-01 -1.597226380E-01 -1.252283308E-01
 -7.541435619E-02 -1.945620360E-02  2.089367268E-02  5.521548707E-02  1.119466792E-01
  1.558797735E-01  1.741928094E-01  2.075300486E-01  2.196361628E-01  2.266041177E-01
  2.440510861E-01  2.266041177E-01  2.196361628E-01  2.075300486E-01  1.741928094E-01
  1.558797735E-01  1.119466792E-01  5.521548707E-02  2.089367268E-02 -1.945620360E-02
 -7.541435619E-02 -1.252283308E-01 -1.597226380E-01 -1.839173239E-01 -2.019836157E-01
 -3.715834477E-01 -3.537411297E-01 -3.129254663E-01 -2.724903874E-01 -2.159864961E-01
 -1.669976407E-01 -1.152199496E-01 -3.480008854E-02  1.952788770E-02  6.132833955E-02
  1.119466792E-01  1.533681321E-01  1.664180483E-01  1.940841058E-01  2.172358790E-01
  2.089070544E-01  2.172358790E-01  1.940841058E-01  1.664180483E-01  1.533681321E-01
  1.119466792E-01  6.132833955E-02  1.952788770E-02 -3.480008854E-02 -1.152199496E-01
 -1.669976407E-01 -2.159864961E-01 -2.724903874E-01 -3.129254663E-01 -3.537411297E-01
 -5.134510713E-01 -5.173620114E-01 -4.900597698E-01 -4.442882351E-01 -3.629505147E-01
 -2.604530221E-01 -1.854513879E-01 -1.233655490E-01 -5.310869875E-02  1.952788770E-02
  5.521548707E-02  1.193078792E-01  1.517181400E-01  1.681030095E-01  1.906379853E-01
  1.756114936E-01  1.906379853E-01  1.681030095E-01  1.517181400E-01  1.193078792E-01
  5.521548707E-02  1.952788770E-02 -5.310869875E-02 -1.233655490E-01 -1.854513879E-01
 -2.604530221E-01 -3.629505147E-01 -4.442882351E-01 -4.900597698E-01 -5.173620114E-01
 -7.863090172E-01 -7.641323232E-01 -6.835853974E-01 -5.920269115E-01 -5.078337703E-01
 -4.270451085E-01 -3.097721602E-01 -1.860002032E-01 -1.233655490E-01 -3.480008854E-02
  2.089367268E-02  5.943509145E-02  1.267738356E-01  1.493104580E-01  1.507668123E-01
  1.519640413E-01  1.507668123E-01  1.493104580E-01  1.267738356E-01  5.943509145E-02
  2.089367268E-02 -3.480008854E-02 -1.233655490E-01 -1.860002032E-01 -3.097721602E-01
 -4.270451085E-01 -5.078337703E-01 -5.920269115E-01 -6.835853974E-01 -7.641323232E-01
 -1.126992615E+00 -1.098013019E+00 -1.030733762E+00 -9.140868513E-01 -7.103539785E-01
 -5.385902382E-01 -4.539645948E-01 -3.097721602E-01 -1.854513879E-01 -1.152199496E-01
 -1.945620360E-02  2.822813665E-02  9.022971997E-02  1.246594923E-01  1.219932008E-01
  1.431225509E-01  1.219932008E-01  1.246594923E-01  9.022971997E-02  2.822813665E-02
 -1.945620360E-02 -1.152199496E-01 -1.854513879E-01 -3.097721602E-01 -4.539645948E-01
 -5.385902382E-01 -7.103539785E-01 -9.140868513E-01 -1.030733762E+00 -1.098013019E+00
 -1.613591343E+00 -1.533657476E+00 -1.344524414E+00 -1.157006116E+00 -1.002288640E+00
 -7.455447154E-01 -5.385902382E-01 -4.270451085E-01 -2.604530221E-01 -1.669976407E-01
 -7.541435619E-02 -2.528256958E-04  4.528814486E-02  9.009736755E-02  9.740512422E-02
  1.100668856E-01  9.740512422E-02  9.009736755E-02  4.528814486E-02 -2.528256958E-04
 -7.541435619E-02 -1.669976407E-01 -2.604530221E-01 -4.270451085E-01 -5.385902382E-01
 -7.455447154E-01 -1.002288640E+00 -1.157006116E+00 -1.344524414E+00 -1.533657476E+00
 -2.277732907E+00 -2.247339510E+00 -2.074712854E+00 -1.619274254E+00 -1.219542932E+00
 -1.002288640E+00 -7.103539785E-01 -5.078337703E-01 -3.629505147E-01 -2.159864961E-01
 -1.252283308E-01 -3.896511448E-02  1.570258987E-02  6.335130820E-02  9.093508570E-02
  8.663817721E-02  9.093508570E-02  6.335130820E-02  1.570258987E-02 -3.896511448E-02
 -1.252283308E-01 -2.159864961E-01 -3.629505147E-01 -5.078337703E-01 -7.103539785E-01
 -1.002288640E+00 -1.219542932E+00 -1.619274254E+00 -2.074712854E+00 -2.247339510E+00
 -2.895793292E+00 -2.589381058E+00 -2.313198843E+00 -2.197152953E+00 -1.619274254E+00
 -1.157006116E+00 -9.140868513E-01 -5.920269115E-01 -4.442882351E-01 -2.724903874E-01
 -1.597226380E-01 -7.214107466E-02  1.047508852E-02  3.194152414E-02  7.181700328E-02
  6.416320481E-02  7.181700328E-02  3.194152414E-02  1.047508852E-02 -7.214107466E-02
 -1.597226380E-01 -2.724903874E-01 -4.442882351E-01 -5.920269115E-01 -9.140868513E-01
 -1.157006116E+00 -1.619274254E+00 -2.197152953E+00 -2.313198843E+00 -2.589381058E+00
 -7.987508670E+00 -6.357775746E+00 -3.373567496E+00 -2.313198843E+00 -2.074712854E+00
 -1.344524414E+00 -1.030733762E+00 -6.835853974E-01 -4.900597698E-01 -3.129254663E-01
 -1.839173239E-01 -1.159482390E-01 -1.364189585E-02  6.263372995E-03  6.806389953E-02
  5.874239082E-02  6.806389953E-02  6.263372995E-03 -1.364189585E-02 -1.159482390E-01
 -1.839173239E-01 -3.129254663E-01 -4.900597698E-01 -6.835853974E-01 -1.030733762E+00
 -1.344524414E+00 -2.074712854E+00 -2.313198843E+00 -3.373567496E+00 -6.357775746E+00
 -1.357626620E+01 -1.182121087E+01 -6.357775746E+00 -2.589381058E+00 -2.247339510E+00
 -1.533657476E+00 -1.098013019E+00 -7.641323232E-01 -5.173620114E-01 -3.537411297E-01
 -2.019836157E-01 -1.235701585E-01 -2.660123063E-02 -4.054620929E-03  6.605674462E-02
  3.719229861E-02  6.605674462E-02 -4.054620929E-03 -2.660123063E-02 -1.235701585E-01
 -2.019836157E-01 -3.537411297E-01 -5.173620114E-01 -7.641323232E-01 -1.098013019E+00
 -1.533657476E+00 -2.247339510E+00 -2.589381058E+00 -6.357775746E+00 -1.182121087E+01
 -1.357626620E+01 -1.182121087E+01 -6.357775746E+00 -2.589381058E+00 -2.247339510E+00
 -1.533657476E+00 -1.098013019E+00 -7.641323232E-01 -5.173620114E-01 -3.537411297E-01
 -2.019836157E-01 -1.235701585E-01 -2.660123063E-02 -4.054620929E-03  6.605674462E-02
  3.719229861E-02  6.605674462E-02 -4.054620929E-03 -2.660123063E-02 -1.235701585E-01
 -2.019836157E-01 -3.537411297E-01 -5.173620114E-01 -7.641323232E-01 -1.098013019E+00
 -1.533657476E+00 -2.247339510E+00 -2.589381058E+00 -6.357775746E+00 -1.182121087E+01
 -1.182121087E+01 -9.841429218E+00 -5.045922098E+00 -2.407637351E+00 -2.194002701E+00
 -1.458383918E+00 -1.073465455E+00 -7.432234927E-01 -5.182075758E-01 -3.408929503E-01
 -1.912048104E-01 -1.171308019E-01 -1.863718444E-02  2.005846479E-03  6.402104632E-02
  3.733534029E-02  6.402104632E-02  2.005846479E-03 -1.863718444E-02 -1.171308019E-01
 -1.912048104E-01 -3.408929503E-01 -5.182075758E-01 -7.432234927E-01 -1.073465455E+00
 -1.458383918E+00 -2.194002701E+00 -2.407637351E+00 -5.045922098E+00 -9.841429218E+00
 -6.357775746E+00 -5.045922098E+00 -2.890913885E+00 -2.286446275E+00 -1.978760387E+00
 -1.290098384E+00 -1.005697543E+00 -6.655005183E-01 -4.844096751E-01 -3.053637372E-01
 -1.763661933E-01 -9.797599791E-02 -4.143746528E-03  1.218813204E-02  6.085113400E-02
  4.158141904E-02  6.085113400E-02  1.218813204E-02 -4.143746528E-03 -9.797599791E-02
 -1.763661933E-01 -3.053637372E-01 -4.844096751E-01 -6.655005183E-01 -1.005697543E+00
 -1.290098384E+00 -1.978760387E+00 -2.286446275E+00 -2.890913885E+00 -5.045922098E+00
 -2.589381058E+00 -2.407637351E+00 -2.286446275E+00 -2.123126524E+00 -1.530849040E+00
 -1.124478547E+00 -8.749143396E-01 -5.774883919E-01 -4.311920388E-01 -2.591836628E-01
 -1.548645303E-01 -6.576146435E-02  4.268460495E-03  3.121002022E-02  7.532415885E-02
  6.620357492E-02  7.532415885E-02  3.121002022E-02  4.268460495E-03 -6.576146435E-02
 -1.548645303E-01 -2.591836628E-01 -4.311920388E-01 -5.774883919E-01 -8.749143396E-01
 -1.124478547E+00 -1.530849040E+00 -2.123126524E+00 -2.286446275E+00 -2.407637351E+00
 -2.247339510E+00 -2.194002701E+00 -1.978760387E+00 -1.530849040E+00 -1.191186496E+00
 -9.834181890E-01 -6.862402181E-01 -5.061231895E-01 -3.513182561E-01 -2.033657825E-01
 -1.187817513E-01 -3.135958637E-02  1.708566499E-02  6.272199650E-02  9.304341735E-02
  9.313742278E-02  9.304341735E-02  6.272199650E-02  1.708566499E-02 -3.135958637E-02
 -1.187817513E-01 -2.033657825E-01 -3.513182561E-01 -5.061231895E-01 -6.862402181E-01
 -9.834181890E-01 -1.191186496E+00 -1.530849040E+00 -1.978760387E+00 -2.194002701E+00
 -1.533657476E+00 -1.458383918E+00 -1.290098384E+00 -1.124478547E+00 -9.834181890E-01
 -7.425660866E-01 -5.405316133E-01 -4.208351391E-01 -2.502899659E-01 -1.607669337E-01
 -6.929098155E-02  6.664503408E-03  4.690957458E-02  9.045655692E-02  1.060394571E-01
  1.248014480E-01  1.060394571E-01  9.045655692E-02  4.690957458E-02  6.664503408E-03
 -6.929098155E-02 -1.607669337E-01 -2.502899659E-01 -4.208351391E-01 -5.405316133E-01
 -7.425660866E-01 -9.834181890E-01 -1.124478547E+00 -1.290098384E+00 -1.458383918E+00
 -1.098013019E+00 -1.073465455E+00 -1.005697543E+00 -8.749143396E-01 -6.862402181E-01
 -5.405316133E-01 -4.395073559E-01 -2.891366506E-01 -1.802906191E-01 -1.104844354E-01
 -8.431302342E-03  3.562925134E-02  7.814824860E-02  1.140545680E-01  1.320270464E-01
  1.597008441E-01  1.320270464E-01  1.140545680E-01  7.814824860E-02  3.562925134E-02
 -8.431302342E-03 -1.104844354E-01 -1.802906191E-01 -2.891366506E-01 -4.395073559E-01
 -5.405316133E-01 -6.862402181E-01 -8.749143396E-01 -1.005697543E+00 -1.073465455E+00
 -7.641323232E-01 -7.432234927E-01 -6.655005183E-01 -5.774883919E-01 -5.061231895E-01
 -4.208351391E-01 -2.891366506E-01 -1.814243730E-01 -1.260979434E-01 -2.904302551E-02
  3.394237540E-02  7.023279881E-02  1.133012459E-01  1.358862075E-01  1.629149024E-01
  1.742589525E-01  1.629149024E-01  1.358862075E-01  1.133012459E-01  7.023279881E-02
  3.394237540E-02 -2.904302551E-02 -1.260979434E-01 -1.814243730E-01 -2.891366506E-01
 -4.208351391E-01 -5.061231895E-01 -5.774883919E-01 -6.655005183E-01 -7.432234927E-01
 -5.173620114E-01 -5.182075758E-01 -4.844096751E-01 -4.311920388E-01 -3.513182561E-01
 -2.502899659E-01 -1.802906191E-01 -1.260979434E-01 -4.662119128E-02  2.848456521E-02
  6.177426627E-02  1.236439502E-01  1.469995044E-01  1.623726266E-01  1.958401678E-01
  1.891591463E-01  1.958401678E-01  1.623726266E-01  1.469995044E-01  1.236439502E-01
  6.177426627E-02  2.848456521E-02 -4.662119128E-02 -1.260979434E-01 -1.802906191E-01
 -2.502899659E-01 -3.513182561E-01 -4.311920388E-01 -4.844096751E-01 -5.182075758E-01
 -3.537411297E-01 -3.408929503E-01 -3.053637372E-01 -2.591836628E-01 -2.033657825E-01
 -1.607669337E-01 -1.104844354E-01 -2.904302551E-02  2.848456521E-02  6.633269226E-02
  1.114046064E-01  1.503610942E-01  1.714644083E-01  2.009468979E-01  2.153684151E-01
  2.057667260E-01  2.153684151E-01  2.009468979E-01  1.714644083E-01  1.503610942E-01
  1.114046064E-01  6.633269226E-02  2.848456521E-02 -2.904302551E-02 -1.104844354E-01
 -1.607669337E-01 -2.033657825E-01 -2.591836628E-01 -3.053637372E-01 -3.408929503E-01
 -2.019836157E-01 -1.912048104E-01 -1.763661933E-01 -1.548645303E-01 -1.187817513E-01
 -6.929098155E-02 -8.431302342E-03  3.394237540E-02  6.177426627E-02  1.114046064E-01
  1.539636375E-01  1.725675444E-01  2.110394718E-01  2.257918180E-01  2.256104659E-01
  2.389415294E-01  2.256104659E-01  2.257918180E-01  2.110394718E-01  1.725675444E-01
  1.539636375E-01  1.114046064E-01  6.177426627E-02  3.394237540E-02 -8.431302342E-03
 -6.929098155E-02 -1.187817513E-01 -1.548645303E-01 -1.763661933E-01 -1.912048104E-01
 -1.235701585E-01 -1.171308019E-01 -9.797599791E-02 -6.576146435E-02 -3.135958637E-02
  6.664503408E-03  3.562925134E-02  7.023279881E-02  1.236439502E-01  1.503610942E-01
  1.725675444E-01  2.075106313E-01  2.339142199E-01  2.416579164E-01  2.485834296E-01
  2.593661081E-01  2.485834296E-01  2.416579164E-01  2.339142199E-01  2.075106313E-01
  1.725675444E-01  1.503610942E-01  1.236439502E-01  7.023279881E-02  3.562925134E-02
  6.664503408E-03 -3.135958637E-02 -6.576146435E-02 -9.797599791E-02 -1.171308019E-01
 -2.660123063E-02 -1.863718444E-02 -4.143746528E-03  4.268460495E-03  1.708566499E-02
  4.690957458E-02  7.814824860E-02  1.133012459E-01  1.469995044E-01  1.714644083E-01
  2.110394718E-01  2.339142199E-01  2.408540020E-01  2.676673554E-01  2.718599749E-01
  2.593088493E-01  2.718599749E-01  2.676673554E-01  2.408540020E-01  2.339142199E-01
  2.110394718E-01  1.714644083E-01  1.469995044E-01  1.133012459E-01  7.814824860E-02
  4.690957458E-02  1.708566499E-02  4.268460495E-03 -4.143746528E-03 -1.863718444E-02
 -4.054620929E-03  2.005846479E-03  1.218813204E-02  3.121002022E-02  6.272199650E-02
  9.045655692E-02  1.140545680E-01  1.358862075E-01  1.623726266E-01  2.009468979E-01
  2.257918180E-01  2.416579164E-01  2.676673554E-01  2.743692645E-01  2.771558153E-01
  2.867845829E-01  2.771558153E-01  2.743692645E-01  2.676673554E-01  2.416579164E-01
  2.257918180E-01  2.009468979E-01  1.623726266E-01  1.358862075E-01  1.140545680E-01
  9.045655692E-02  6.272199650E-02  3.121002022E-02  1.218813204E-02  2.005846479E-03
  6.605674462E-02  6.402104632E-02  6.085113400E-02  7.532415885E-02  9.304341735E-02
  1.060394571E-01  1.320270464E-01  1.629149024E-01  1.958401678E-01  2.153684151E-01
  2.256104659E-01  2.485834296E-01  2.718599749E-01  2.771558153E-01  2.843831752E-01
  2.944730587E-01  2.843831752E-01  2.771558153E-01  2.718599749E-01  2.485834296E-01
  2.256104659E-01  2.153684151E-01  1.958401678E-01  1.629149024E-01  1.320270464E-01
  1.060394571E-01  9.304341735E-02  7.532415885E-02  6.085113400E-02  6.402104632E-02
  3.719229861E-02  3.733534029E-02  4.158141904E-02  6.620357492E-02  9.313742278E-02
  1.248014480E-01  1.597008441E-01  1.742589525E-01  1.891591463E-01  2.057667260E-01
  2.389415294E-01  2.593661081E-01  2.593088493E-01  2.867845829E-01  2.944730587E-01
  2.807633725E-01  2.944730587E-01  2.867845829E-01  2.593088493E-01  2.593661081E-01
  2.389415294E-01  2.057667260E-01  1.891591463E-01  1.742589525E-01  1.597008441E-01
  1.248014480E-01  9.313742278E-02  6.620357492E-02  4.158141904E-02  3.733534029E-02
  6.605674462E-02  6.402104632E-02  6.085113400E-02  7.532415885E-02  9.304341735E-02
  1.060394571E-01  1.320270464E-01  1.629149024E-01  1.958401678E-01  2.153684151E-01
  2.256104659E-01  2.485834296E-01  2.718599749E-01  2.771558153E-01  2.843831752E-01
  2.944730587E-01  2.843831752E-01  2.771558153E-01  2.718599749E-01  2.485834296E-01
  2.256104659E-01  2.153684151E-01  1.958401678E-01  1.629149024E-01  1.320270464E-01
  1.060394571E-01  9.304341735E-02  7.532415885E-02  6.085113400E-02  6.402104632E-02
 -4.054620929E-03  2.005846479E-03  1.218813204E-02  3.121002022E-02  6.272199650E-02
  9.045655692E-02  1.140545680E-01  1.358862075E-01  1.623726266E-01  2.009468979E-01
  2.257918180E-01  2.416579164E-01  2.676673554E-01  2.743692645E-01  2.771558153E-01
  2.867845829E-01  2.771558153E-01  2.743692645E-01  2.676673554E-01  2.416579164E-01
  2.257918180E-01  2.009468979E-01  1.623726266E-01  1.358862075E-01  1.140545680E-01
  9.045655692E-02  6.272199650E-02  3.121002022E-02  1.218813204E-02  2.005846479E-03
 -2.660123063E-02 -1.863718444E-02 -4.143746528E-03  4.268460495E-03  1.708566499E-02
  4.690957458E-02  7.814824860E-02  1.133012459E-01  1.469995044E-01  1.714644083E-01
  2.110394718E-01  2.339142199E-01  2.408540020E-01  2.676673554E-01  2.718599749E-01
  2.593088493E-01  2.718599749E-01  2.676673554E-01  2.408540020E-01  2.339142199E-01
  2.110394718E-01  1.714644083E-01  1.469995044E-01  1.133012459E-01  7.814824860E-02
  4.690957458E-02  1.708566499E-02  4.268460495E-03 -4.143746528E-03 -1.863718444E-02
 -1.235701585E-01 -1.171308019E-01 -9.797599791E-02 -6.576146435E-02 -3.135958637E-02
  6.664503408E-03  3.562925134E-02  7.023279881E-02  1.236439502E-01  1.503610942E-01
  1.725675444E-01  2.075106313E-01  2.339142199E-01  2.416579164E-01  2.485834296E-01
  2.593661081E-01  2.485834296E-01  2.416579164E-01  2.339142199E-01  2.075106313E-01
  1.725675444E-01  1.503610942E-01  1.236439502E-01  7.023279881E-02  3.562925134E-02
  6.664503408E-03 -3.135958637E-02 -6.576146435E-02 -9.797599791E-02 -1.171308019E-01
 -2.019836157E-01 -1.912048104E-01 -1.763661933E-01 -1.548645303E-01 -1.187817513E-01
 -6.929098155E-02 -8.431302342E-03  3.394237540E-02  6.177426627E-02  1.114046064E-01
  1.539636375E-01  1.725675444E-01  2.110394718E-01  2.257918180E-01  2.256104659E-01
  2.389415294E-01  2.256104659E-01  2.257918180E-01  2.110394718E-01  1.725675444E-01
  1.539636375E-01  1.114046064E-01  6.177426627E-02  3.394237540E-02 -8.431302342E-03
 -6.929098155E-02 -1.187817513E-01 -1.548645303E-01 -1.763661933E-01 -1.912048104E-01
 -3.537411297E-01 -3.408929503E-01 -3.053637372E-01 -2.591836628E-01 -2.033657825E-01
 -1.607669337E-01 -1.104844354E-01 -2.904302551E-02  2.848456521E-02  6.633269226E-02
  1.114046064E-01  1.503610942E-01  1.714644083E-01  2.009468979E-01  2.153684151E-01
  2.057667260E-01  2.153684151E-01  2.009468979E-01  1.714644083E-01  1.503610942E-01
  1.114046064E-01  6.633269226E-02  2.848456521E-02 -2.904302551E-02 -1.104844354E-01
 -1.607669337E-01 -2.033657825E-01 -2.591836628E-01 -3.053637372E-01 -3.408929503E-01
 -5.173620114E-01 -5.182075758E-01 -4.844096751E-01 -4.311920388E-01 -3.513182561E-01
 -2.502899659E-01 -1.802906191E-01 -1.260979434E-01 -4.662119128E-02  2.848456521E-02
  6.177426627E-02  1.236439502E-01  1.469995044E-01  1.623726266E-01  1.958401678E-01
  1.891591463E-01  1.958401678E-01  1.623726266E-01  1.469995044E-01  1.236439502E-01
  6.177426627E-02  2.848456521E-02 -4.662119128E-02 -1.260979434E-01 -1.802906191E-01
 -2.502899659E-01 -3.513182561E-01 -4.311920388E-01 -4.844096751E-01 -5.182075758E-01
 -7.641323232E-01 -7.432234927E-01 -6.655005183E-01 -5.774883919E-01 -5.061231895E-01
 -4.208351391E-01 -2.891366506E-01 -1.814243730E-01 -1.260979434E-01 -2.904302551E-02
  3.394237540E-02  7.023279881E-02  1.133012459E-01  1.358862075E-01  1.629149024E-01
  1.742589525E-01  1.629149024E-01  1.358862075E-01  1.133012459E-01  7.023279881E-02
  3.394237540E-02 -2.904302551E-02 -1.260979434E-01 -1.814243730E-01 -2.891366506E-01
 -4.208351391E-01 -5.061231895E-01 -5.774883919E-01 -6.655005183E-01 -7.432234927E-01
 -1.098013019E+00 -1.073465455E+00 -1.005697543E+00 -8.749143396E-01 -6.862402181E-01
 -5.405316133E-01 -4.395073559E-01 -2.891366506E-01 -1.802906191E-01 -1.104844354E-01
 -8.431302342E-03  3.562925134E-02  7.814824860E-02  1.140545680E-01  1.320270464E-01
  1.597008441E-01  1.320270464E-01  1.140545680E-01  7.814824860E-02  3.562925134E-02
 -8.431302342E-03 -1.104844354E-01 -1.802906191E-01 -2.891366506E-01 -4.395073559E-01
 -5.405316133E-01 -6.862402181E-01 -8.749143396E-01 -1.005697543E+00 -1.073465455E+00
 -1.533657476E+00 -1.458383918E+00 -1.290098384E+00 -1.124478547E+00 -9.834181890E-01
 -7.425660866E-01 -5.405316133E-01 -4.208351391E-01 -2.502899659E-01 -1.607669337E-01
 -6.929098155E-02  6.664503408E-03  4.690957458E-02  9.045655692E-02  1.060394571E-01
  1.248014480E-01  1.060394571E-01  9.045655692E-02  4.690957458E-02  6.664503408E-03
 -6.929098155E-02 -1.607669337E-01 -2.502899659E-01 -4.208351391E-01 -5.405316133E-01
 -7.425660866E-01 -9.834181890E-01 -1.124478547E+00 -1.290098384E+00 -1.458383918E+00
 -2.247339510E+00 -2.194002701E+00 -1.978760387E+00 -1.530849040E+00 -1.191186496E+00
 -9.834181890E-01 -6.862402181E-01 -5.061231895E-01 -3.513182561E-01 -2.033657825E-01
 -1.187817513E-01 -3.135958637E-02  1.708566499E-02  6.272199650E-02  9.304341735E-02
  9.313742278E-02  9.304341735E-02  6.272199650E-02  1.708566499E-02 -3.135958637E-02
 -1.187817513E-01 -2.033657825E-01 -3.513182561E-01 -5.061231895E-01 -6.862402181E-01
 -9.834181890E-01 -1.191186496E+00 -1.530849040E+00 -1.978760387E+00 -2.194002701E+00
 -2.589381058E+00 -2.407637351E+00 -2.286446275E+00 -2.123126524E+00 -1.530849040E+00
 -1.124478547E+00 -8.749143396E-01 -5.774883919E-01 -4.311920388E-01 -2.591836628E-01
 -1.548645303E-01 -6.576146435E-02  4.268460495E-03  3.121002022E-02  7.532415885E-02
  6.620357492E-02  7.532415885E-02  3.121002022E-02  4.268460495E-03 -6.576146435E-02
 -1.548645303E-01 -2.591836628E-01 -4.311920388E-01 -5.774883919E-01 -8.749143396E-01
 -1.124478547E+00 -1.530849040E+00 -2.123126524E+00 -2.286446275E+00 -2.407637351E+00
 -6.357775746E+00 -5.045922098E+00 -2.890913885E+00 -2.286446275E+00 -1.978760387E+00
 -1.290098384E+00 -1.005697543E+00 -6.655005183E-01 -4.844096751E-01 -3.053637372E-01
 -1.763661933E-01 -9.797599791E-02 -4.143746528E-03  1.218813204E-02  6.085113400E-02
  4.158141904E-02  6.085113400E-02  1.218813204E-02 -4.143746528E-03 -9.797599791E-02
 -1.763661933E-01 -3.053637372E-01 -4.844096751E-01 -6.655005183E-01 -1.005697543E+00
 -1.290098384E+00 -1.978760387E+00 -2.286446275E+00 -2.890913885E+00 -5.045922098E+00
 -1.182121087E+01 -9.841429218E+00 -5.045922098E+00 -2.407637351E+00 -2.194002701E+00
 -1.458383918E+00 -1.073465455E+00 -7.432234927E-01 -5.182075758E-01 -3.408929503E-01
 -1.912048104E-01 -1.171308019E-01 -1.863718444E-02  2.005846479E-03  6.402104632E-02
  3.733534029E-02  6.402104632E-02  2.005846479E-03 -1.863718444E-02 -1.171308019E-01
 -1.912048104E-01 -3.408929503E-01 -5.182075758E-01 -7.432234927E-01 -1.073465455E+00
 -1.458383918E+00 -2.194002701E+00 -2.407637351E+00 -5.045922098E+00 -9.841429218E+00
 -7.987508670E+00 -6.357775746E+00 -3.373567496E+00 -2.313198843E+00 -2.074712854E+00
 -1.344524414E+00 -1.030733762E+00 -6.835853974E-01 -4.900597698E-01 -3.129254663E-01
 -1.839173239E-01 -1.159482390E-01 -1.364189585E-02  6.263372995E-03  6.806389953E-02
  5.874239082E-02  6.806389953E-02  6.263372995E-03 -1.364189585E-02 -1.159482390E-01
 -1.839173239E-01 -3.129254663E-01 -4.900597698E-01 -6.835853974E-01 -1.030733762E+00
 -1.344524414E+00 -2.074712854E+00 -2.313198843E+00 -3.373567496E+00 -6.357775746E+00
 -6.357775746E+00 -5.045922098E+00 -2.890913885E+00 -2.286446275E+00 -1.978760387E+00
 -1.290098384E+00 -1.005697543E+00 -6.655005183E-01 -4.844096751E-01 -3.053637372E-01
 -1.763661933E-01 -9.797599791E-02 -4.143746528E-03  1.218813204E-02  6.085113400E-02
  4.158141904E-02  6.085113400E-02  1.218813204E-02 -4.143746528E-03 -9.797599791E-02
 -1.763661933E-01 -3.053637372E-01 -4.844096751E-01 -6.655005183E-01 -1.005697543E+00
 -1.290098384E+00 -1.978760387E+00 -2.286446275E+00 -2.890913885E+00 -5.045922098E+00
 -3.373567496E+00 -2.890913885E+00 -2.358652078E+00 -2.246734322E+00 -1.714179776E+00
 -1.190430131E+00 -9.348675161E-01 -6.087112178E-01 -4.486029138E-01 -2.790875767E-01
 -1.697478595E-01 -7.690536531E-02  1.843749656E-04  2.936223009E-02  7.696249135E-02
  5.546648470E-02  7.696249135E-02  2.936223009E-02  1.843749656E-04 -7.690536531E-02
 -1.697478595E-01 -2.790875767E-01 -4.486029138E-01 -6.087112178E-01 -9.348675161E-01
 -1.190430131E+00 -1.714179776E+00 -2.246734322E+00 -2.358652078E+00 -2.890913885E+00
 -2.313198843E+00 -2.286446275E+00 -2.246734322E+00 -1.885130548E+00 -1.343752563E+00
 -1.067872280E+00 -7.870356467E-01 -5.430950697E-01 -3.943981706E-01 -2.330300147E-01
 -1.450591976E-01 -5.050746850E-02  3.568973806E-03  4.596610715E-02  9.143243296E-02
  8.307526763E-02  9.143243296E-02  4.596610715E-02  3.568973806E-03 -5.050746850E-02
 -1.450591976E-01 -2.330300147E-01 -3.943981706E-01 -5.430950697E-01 -7.870356467E-01
 -1.067872280E+00 -1.343752563E+00 -1.885130548E+00 -2.246734322E+00 -2.286446275E+00
 -2.074712854E+00 -1.978760387E+00 -1.714179776E+00 -1.343752563E+00 -1.117965590E+00
 -8.973516931E-01 -6.120640413E-01 -4.823554652E-01 -3.173392121E-01 -1.860057039E-01
 -1.061641257E-01 -1.524207203E-02  3.323748148E-02  7.532460422E-02  9.139123661E-02
  9.540565135E-02  9.139123661E-02  7.532460422E-02  3.323748148E-02 -1.524207203E-02
 -1.061641257E-01 -1.860057039E-01 -3.173392121E-01 -4.823554652E-01 -6.120640413E-01
 -8.973516931E-01 -1.117965590E+00 -1.343752563E+00 -1.714179776E+00 -1.978760387E+00
 -1.344524414E+00 -1.290098384E+00 -1.190430131E+00 -1.067872280E+00 -8.973516931E-01
 -6.655543977E-01 -5.064263312E-01 -3.870213016E-01 -2.233178414E-01 -1.482406506E-01
 -5.908369368E-02  1.406110060E-02  6.246965580E-02  1.045779195E-01  1.107657003E-01
  1.290229052E-01  1.107657003E-01  1.045779195E-01  6.246965580E-02  1.406110060E-02
 -5.908369368E-02 -1.482406506E-01 -2.233178414E-01 -3.870213016E-01 -5.064263312E-01
 -6.655543977E-01 -8.973516931E-01 -1.067872280E+00 -1.190430131E+00 -1.290098384E+00
 -1.030733762E+00 -1.005697543E+00 -9.348675161E-01 -7.870356467E-01 -6.120640413E-01
 -5.064263312E-01 -3.991437303E-01 -2.530866407E-01 -1.646952031E-01 -9.360153716E-02
 -4.930488508E-05  4.564897138E-02  9.111824532E-02  1.275131106E-01  1.345120335E-01
  1.442584380E-01  1.345120335E-01  1.275131106E-01  9.111824532E-02  4.564897138E-02
 -4.930488508E-05 -9.360153716E-02 -1.646952031E-01 -2.530866407E-01 -3.991437303E-01
 -5.064263312E-01 -6.120640413E-01 -7.870356467E-01 -9.348675161E-01 -1.005697543E+00
 -6.835853974E-01 -6.655005183E-01 -6.087112178E-01 -5.430950697E-01 -4.823554652E-01
 -3.870213016E-01 -2.530866407E-01 -1.734896561E-01 -1.132770092E-01 -1.516430081E-02
  3.508091821E-02  8.482695118E-02  1.287495192E-01  1.516100905E-01  1.698186221E-01
  1.645196653E-01  1.698186221E-01  1.516100905E-01  1.287495192E-01  8.482695118E-02
  3.508091821E-02 -1.516430081E-02 -1.132770092E-01 -1.734896561E-01 -2.530866407E-01
 -3.870213016E-01 -4.823554652E-01 -5.430950697E-01 -6.087112178E-01 -6.655005183E-01
 -4.900597698E-01 -4.844096751E-01 -4.486029138E-01 -3.943981706E-01 -3.173392121E-01
 -2.233178414E-01 -1.646952031E-01 -1.132770092E-01 -2.304217392E-02  3.721873021E-02
  6.551834208E-02  1.333226025E-01  1.577208738E-01  1.708948192E-01  1.970914862E-01
  1.911757170E-01  1.970914862E-01  1.708948192E-01  1.577208738E-01  1.333226025E-01
  6.551834208E-02  3.721873021E-02 -2.304217392E-02 -1.132770092E-01 -1.646952031E-01
 -2.233178414E-01 -3.173392121E-01 -3.943981706E-01 -4.486029138E-01 -4.844096751E-01
 -3.129254663E-01 -3.053637372E-01 -2.790875767E-01 -2.330300147E-01 -1.860057039E-01
 -1.482406506E-01 -9.360153716E-02 -1.516430081E-02  3.721873021E-02  7.125297902E-02
  1.227416192E-01  1.554316034E-01  1.819277106E-01  2.110673553E-01  2.156071732E-01
  2.127688957E-01  2.156071732E-01  2.110673553E-01  1.819277106E-01  1.554316034E-01
  1.227416192E-01  7.125297902E-02  3.721873021E-02 -1.516430081E-02 -9.360153716E-02
 -1.482406506E-01 -1.860057039E-01 -2.330300147E-01 -2.790875767E-01 -3.053637372E-01
 -1.839173239E-01 -1.763661933E-01 -1.697478595E-01 -1.450591976E-01 -1.061641257E-01
 -5.908369368E-02 -4.930488508E-05  3.508091821E-02  6.551834208E-02  1.227416192E-01
  1.687208240E-01  1.781271723E-01  2.110317216E-01  2.300139557E-01  2.349662910E-01
  2.537252913E-01  2.349662910E-01  2.300139557E-01  2.110317216E-01  1.781271723E-01
  1.687208240E-01  1.227416192E-01  6.551834208E-02  3.508091821E-02 -4.930488508E-05
 -5.908369368E-02 -1.061641257E-01 -1.450591976E-01 -1.697478595E-01 -1.763661933E-01
 -1.159482390E-01 -9.797599791E-02 -7.690536531E-02 -5.050746850E-02 -1.524207203E-02
  1.406110060E-02  4.564897138E-02  8.482695118E-02  1.333226025E-01  1.554316034E-01
  1.781271723E-01  2.179983424E-01  2.337780046E-01  2.402288768E-01  2.563611215E-01
  2.661058149E-01  2.563611215E-01  2.402288768E-01  2.337780046E-01  2.179983424E-01
  1.781271723E-01  1.554316034E-01  1.333226025E-01  8.482695118E-02  4.564897138E-02
  1.406110060E-02 -1.524207203E-02 -5.050746850E-02 -7.690536531E-02 -9.797599791E-02
 -1.364189585E-02 -4.143746528E-03  1.843749656E-04  3.568973806E-03  3.323748148E-02
  6.246965580E-02  9.111824532E-02  1.287495192E-01  1.577208738E-01  1.819277106E-01
  2.110317216E-01  2.337780046E-01  2.415588055E-01  2.686081674E-01  2.793624316E-01
  2.648694028E-01  2.793624316E-01  2.686081674E-01  2.415588055E-01  2.337780046E-01
  2.110317216E-01  1.819277106E-01  1.577208738E-01  1.287495192E-01  9.111824532E-02
  6.246965580E-02  3.323748148E-02  3.568973806E-03  1.843749656E-04 -4.143746528E-03
  6.263372995E-03  1.218813204E-02  2.936223009E-02  4.596610715E-02  7.532460422E-02
  1.045779195E-01  1.275131106E-01  1.516100905E-01  1.708948192E-01  2.110673553E-01
  2.300139557E-01  2.402288768E-01  2.686081674E-01  2.735015842E-01  2.805614050E-01
  2.925398264E-01  2.805614050E-01  2.735015842E-01  2.686081674E-01  2.402288768E-01
  2.300139557E-01  2.110673553E-01  1.708948192E-01  1.516100905E-01  1.275131106E-01
  1.045779195E-01  7.532460422E-02  4.596610715E-02  2.936223009E-02  1.218813204E-02
  6.806389953E-02  6.085113400E-02  7.696249135E-02  9.143243296E-02  9.139123661E-02
  1.107657003E-01  1.345120335E-01  1.698186221E-01  1.970914862E-01  2.156071732E-01
  2.349662910E-01  2.563611215E-01  2.793624316E-01  2.805614050E-01  2.868398816E-01
  2.995204251E-01  2.868398816E-01  2.805614050E-01  2.793624316E-01  2.563611215E-01
  2.349662910E-01  2.156071732E-01  1.970914862E-01  1.698186221E-01  1.345120335E-01
  1.107657003E-01  9.139123661E-02  9.143243296E-02  7.696249135E-02  6.085113400E-02
  5.874239082E-02  4.158141904E-02  5.546648470E-02  8.307526763E-02  9.540565135E-02
  1.290229052E-01  1.442584380E-01  1.645196653E-01  1.911757170E-01  2.127688957E-01
  2.537252913E-01  2.661058149E-01  2.648694028E-01  2.925398264E-01  2.995204251E-01
  2.883576231E-01  2.995204251E-01  2.925398264E-01  2.648694028E-01  2.661058149E-01
  2.537252913E-01  2.127688957E-01  1.911757170E-01  1.645196653E-01  1.442584380E-01
  1.290229052E-01  9.540565135E-02  8.307526763E-02  5.546648470E-02  4.158141904E-02
  6.806389953E-02  6.085113400E-02  7.696249135E-02  9.143243296E-02  9.139123661E-02
  1.107657003E-01  1.345120335E-01  1.698186221E-01  1.970914862E-01  2.156071732E-01
  2.349662910E-01  2.563611215E-01  2.793624316E-01  2.805614050E-01  2.868398816E-01
  2.995204251E-01  2.868398816E-01  2.805614050E-01  2.793624316E-01  2.563611215E-01
  2.349662910E-01  2.156071732E-01  1.970914862E-01  1.698186221E-01  1.345120335E-01
  1.107657003E-01  9.139123661E-02  9.143243296E-02  7.696249135E-02  6.085113400E-02
  6.263372995E-03  1.218813204E-02  2.936223009E-02  4.596610715E-02  7.532460422E-02
  1.045779195E-01  1.275131106E-01  1.516100905E-01  1.708948192E-01  2.110673553E-01
  2.300139557E-01  2.402288768E-01  2.686081674E-01  2.735015842E-01  2.805614050E-01
  2.925398264E-01  2.805614050E-01  2.735015842E-01  2.686081674E-01  2.402288768E-01
  2.300139557E-01  2.110673553E-01  1.708948192E-01  1.516100905E-01  1.275131106E-01
  1.045779195E-01  7.532460422E-02  4.596610715E-02  2.936223009E-02  1.218813204E-02
 -1.364189585E-02 -4.143746528E-03  1.843749656E-04  3.568973806E-03  3.323748148E-02
  6.246965580E-02  9.111824532E-02  1.287495192E-01  1.577208738E-01  1.819277106E-01
  2.110317216E-01  2.337780046E-01  2.415588055E-01  2.686081674E-01  2.793624316E-01
  2.648694028E-01  2.793624316E-01  2.686081674E-01  2.415588055E-01  2.337780046E-01
  2.110317216E-01  1.819277106E-01  1.577208738E-01  1.287495192E-01  9.111824532E-02
  6.246965580E-02  3.323748148E-02  3.568973806E-03  1.843749656E-04 -4.143746528E-03
 -1.159482390E-01 -9.797599791E-02 -7.690536531E-02 -5.050746850E-02 -1.524207203E-02
  1.406110060E-02  4.564897138E-02  8.482695118E-02  1.333226025E-01  1.554316034E-01
  1.781271723E-01  2.179983424E-01  2.337780046E-01  2.402288768E-01  2.563611215E-01
  2.661058149E-01  2.563611215E-01  2.402288768E-01  2.337780046E-01  2.179983424E-01
  1.781271723E-01  1.554316034E-01  1.333226025E-01  8.482695118E-02  4.564897138E-02
  1.406110060E-02 -1.524207203E-02 -5.050746850E-02 -7.690536531E-02 -9.797599791E-02
 -1.839173239E-01 -1.763661933E-01 -1.697478595E-01 -1.450591976E-01 -1.061641257E-01
 -5.908369368E-02 -4.930488508E-05  3.508091821E-02  6.551834208E-02  1.227416192E-01
  1.687208240E-01  1.781271723E-01  2.110317216E-01  2.300139557E-01  2.349662910E-01
  2.537252913E-01  2.349662910E-01  2.300139557E-01  2.110317216E-01  1.781271723E-01
  1.687208240E-01  1.227416192E-01  6.551834208E-02  3.508091821E-02 -4.930488508E-05
 -5.908369368E-02 -1.061641257E-01 -1.450591976E-01 -1.697478595E-01 -1.763661933E-01
 -3.129254663E-01 -3.053637372E-01 -2.790875767E-01 -2.330300147E-01 -1.860057039E-01
 -1.482406506E-01 -9.360153716E-02 -1.516430081E-02  3.721873021E-02  7.125297902E-02
  1.227416192E-01  1.554316034E-01  1.819277106E-01  2.110673553E-01  2.156071732E-01
  2.127688957E-01  2.156071732E-01  2.110673553E-01  1.819277106E-01  1.554316034E-01
  1.227416192E-01  7.125297902E-02  3.721873021E-02 -1.516430081E-02 -9.360153716E-02
 -1.482406506E-01 -1.860057039E-01 -2.330300147E-01 -2.790875767E-01 -3.053637372E-01
 -4.900597698E-01 -4.844096751E-01 -4.486029138E-01 -3.943981706E-01 -3.173392121E-01
 -2.233178414E-01 -1.646952031E-01 -1.132770092E-01 -2.304217392E-02  3.721873021E-02
  6.551834208E-02  1.333226025E-01  1.577208738E-01  1.708948192E-01  1.970914862E-01
  1.911757170E-01  1.970914862E-01  1.708948192E-01  1.577208738E-01  1.333226025E-01
  6.551834208E-02  3.721873021E-02 -2.304217392E-02 -1.132770092E-01 -1.646952031E-01
 -2.233178414E-01 -3.173392121E-01 -3.943981706E-01 -4.486029138E-01 -4.844096751E-01
 -6.835853974E-01 -6.655005183E-01 -6.087112178E-01 -5.430950697E-01 -4.823554652E-01
 -3.870213016E-01 -2.530866407E-01 -1.734896561E-01 -1.132770092E-01 -1.516430081E-02
  3.508091821E-02  8.482695118E-02  1.287495192E-01  1.516100905E-01  1.698186221E-01
  1.645196653E-01  1.698186221E-01  1.516100905E-01  1.287495192E-01  8.482695118E-02
  3.508091821E-02 -1.516430081E-02 -1.132770092E-01 -1.734896561E-01 -2.530866407E-01
 -3.870213016E-01 -4.823554652E-01 -5.430950697E-01 -6.087112178E-01 -6.655005183E-01
 -1.030733762E+00 -1.005697543E+00 -9.348675161E-01 -7.870356467E-01 -6.120640413E-01
 -5.064263312E-01 -3.991437303E-01 -2.530866407E-01 -1.646952031E-01 -9.360153716E-02
 -4.930488508E-05  4.564897138E-02  9.111824532E-02  1.275131106E-01  1.345120335E-01
  1.442584380E-01  1.345120335E-01  1.275131106E-01  9.111824532E-02  4.564897138E-02
 -4.930488508E-05 -9.360153716E-02 -1.646952031E-01 -2.530866407E-01 -3.991437303E-01
 -5.064263312E-01 -6.120640413E-01 -7.870356467E-01 -9.348675161E-01 -1.005697543E+00
 -1.344524414E+00 -1.290098384E+00 -1.190430131E+00 -1.067872280E+00 -8.973516931E-01
 -6.655543977E-01 -5.064263312E-01 -3.870213016E-01 -2.233178414E-01 -1.482406506E-01
 -5.908369368E-02  1.406110060E-02  6.246965580E-02  1.045779195E-01  1.107657003E-01
  1.290229052E-01  1.107657003E-01  1.045779195E-01  6.246965580E-02  1.406110060E-02
 -5.908369368E-02 -1.482406506E-01 -2.233178414E-01 -3.870213016E-01 -5.064263312E-01
 -6.655543977E-01 -8.973516931E-01 -1.067872280E+00 -1.190430131E+00 -1.290098384E+00
 -2.074712854E+00 -1.978760387E+00 -1.714179776E+00 -1.343752563E+00 -1.117965590E+00
 -8.973516931E-01 -6.120640413E-01 -4.823554652E-01 -3.173392121E-01 -1.860057039E-01
 -1.061641257E-01 -1.524207203E-02  3.323748148E-02  7.532460422E-02  9.139123661E-02
  9.540565135E-02  9.139123661E-02  7.532460422E-02  3.323748148E-02 -1.524207203E-02
 -1.061641257E-01 -1.860057039E-01 -3.173392121E-01 -4.823554652E-01 -6.120640413E-01
 -8.973516931E-01 -1.117965590E+00 -1.343752563E+00 -1.714179776E+00 -1.978760387E+00
 -2.313198843E+00 -2.286446275E+00 -2.246734322E+00 -1.885130548E+00 -1.343752563E+00
 -1.067872280E+00 -7.870356467E-01 -5.430950697E-01 -3.943981706E-01 -2.330300147E-01
 -1.450591976E-01 -5.050746850E-02  3.568973806E-03  4.596610715E-02  9.143243296E-02
  8.307526763E-02  9.143243296E-02  4.596610715E-02  3.568973806E-03 -5.050746850E-02
 -1.450591976E-01 -2.330300147E-01 -3.943981706E-01 -5.430950697E-01 -7.870356467E-01
 -1.067872280E+00 -1.343752563E+00 -1.885130548E+00 -2.246734322E+00 -2.286446275E+00
 -3.373567496E+00 -2.890913885E+00 -2.358652078E+00 -2.246734322E+00 -1.714179776E+00
 -1.190430131E+00 -9.348675161E-01 -6.087112178E-01 -4.486029138E-01 -2.790875767E-01
 -1.697478595E-01 -7.690536531E-02  1.843749656E-04  2.936223009E-02  7.696249135E-02
  5.546648470E-02  7.696249135E-02  2.936223009E-02  1.843749656E-04 -7.690536531E-02
 -1.697478595E-01 -2.790875767E-01 -4.486029138E-01 -6.087112178E-01 -9.348675161E-01
 -1.190430131E+00 -1.714179776E+00 -2.246734322E+00 -2.358652078E+00 -2.890913885E+00
 -6.357775746E+00 -5.045922098E+00 -2.890913885E+00 -2.286446275E+00 -1.978760387E+00
 -1.290098384E+00 -1.005697543E+00 -6.655005183E-01 -4.844096751E-01 -3.053637372E-01
 -1.763661933E-01 -9.797599791E-02 -4.143746528E-03  1.218813204E-02  6.085113400E-02
  4.158141904E-02  6.085113400E-02  1.218813204E-02 -4.143746528E-03 -9.797599791E-02
 -1.763661933E-01 -3.053637372E-01 -4.844096751E-01 -6.655005183E-01 -1.005697543E+00
 -1.290098384E+00 -1.978760387E+00 -2.286446275E+00 -2.890913885E+00 -5.045922098E+00
 -2.895793292E+00 -2.589381058E+00 -2.313198843E+00 -2.197152953E+00 -1.619274254E+00
 -1.157006116E+00 -9.140868513E-01 -5.920269115E-01 -4.442882351E-01 -2.724903874E-01
 -1.597226380E-01 -7.214107466E-02  1.047508852E-02  3.194152414E-02  7.181700328E-02
  6.416320481E-02  7.181700328E-02  3.194152414E-02  1.047508852E-02 -7.214107466E-02
 -1.597226380E-01 -2.724903874E-01 -4.442882351E-01 -5.920269115E-01 -9.140868513E-01
 -1.157006116E+00 -1.619274254E+00 -2.197152953E+00 -2.313198843E+00 -2.589381058E+00
 -2.589381058E+00 -2.407637351E+00 -2.286446275E+00 -2.123126524E+00 -1.530849040E+00
 -1.124478547E+00 -8.749143396E-01 -5.774883919E-01 -4.311920388E-01 -2.591836628E-01
 -1.548645303E-01 -6.576146435E-02  4.268460495E-03  3.121002022E-02  7.532415885E-02
  6.620357492E-02  7.532415885E-02  3.121002022E-02  4.268460495E-03 -6.576146435E-02
 -1.548645303E-01 -2.591836628E-01 -4.311920388E-01 -5.774883919E-01 -8.749143396E-01
 -1.124478547E+00 -1.530849040E+00 -2.123126524E+00 -2.286446275E+00 -2.407637351E+00
 -2.313198843E+00 -2.286446275E+00 -2.246734322E+00 -1.885130548E+00 -1.343752563E+00
 -1.067872280E+00 -7.870356467E-01 -5.430950697E-01 -3.943981706E-01 -2.330300147E-01
 -1.450591976E-01 -5.050746850E-02  3.568973806E-03  4.596610715E-02  9.143243296E-02
  8.307526763E-02  9.143243296E-02  4.596610715E-02  3.568973806E-03 -5.050746850E-02
 -1.450591976E-01 -2.330300147E-01 -3.943981706E-01 -5.430950697E-01 -7.870356467E-01
 -1.067872280E+00 -1.343752563E+00 -1.885130548E+00 -2.246734322E+00 -2.286446275E+00
 -2.197152953E+00 -2.123126524E+00 -1.885130548E+00 -1.450454404E+00 -1.152722137E+00
 -9.596941250E-01 -6.656346663E-01 -4.977919536E-01 -3.384398081E-01 -2.000897220E-01
 -1.115740382E-01 -2.022753095E-02  2.297904003E-02  6.672838704E-02  8.993504505E-02
  9.098456736E-02  8.993504505E-02  6.672838704E-02  2.297904003E-02 -2.022753095E-02
 -1.115740382E-01 -2.000897220E-01 -3.384398081E-01 -4.977919536E-01 -6.656346663E-01
 -9.596941250E-01 -1.152722137E+00 -1.450454404E+00 -1.885130548E+00 -2.123126524E+00
 -1.619274254E+00 -1.530849040E+00 -1.343752563E+00 -1.152722137E+00 -1.001923448E+00
 -7.597572401E-01 -5.431584660E-01 -4.280285141E-01 -2.617005999E-01 -1.669011458E-01
 -7.218720614E-02  1.155006667E-03  4.904635017E-02  9.245447179E-02  9.734530777E-02
  1.173616899E-01  9.734530777E-02  9.245447179E-02  4.904635017E-02  1.155006667E-03
 -7.218720614E-02 -1.669011458E-01 -2.617005999E-01 -4.280285141E-01 -5.431584660E-01
 -7.597572401E-01 -1.001923448E+00 -1.152722137E+00 -1.343752563E+00 -1.530849040E+00
 -1.157006116E+00 -1.124478547E+00 -1.067872280E+00 -9.596941250E-01 -7.597572401E-01
 -5.689725695E-01 -4.643306160E-01 -3.269946463E-01 -1.895090318E-01 -1.215917096E-01
 -2.362385523E-02  2.303861752E-02  6.966015284E-02  1.119438366E-01  1.257855546E-01
  1.571975379E-01  1.257855546E-01  1.119438366E-01  6.966015284E-02  2.303861752E-02
 -2.362385523E-02 -1.215917096E-01 -1.895090318E-01 -3.269946463E-01 -4.643306160E-01
 -5.689725695E-01 -7.597572401E-01 -9.596941250E-01 -1.067872280E+00 -1.124478547E+00
 -9.140868513E-01 -8.749143396E-01 -7.870356467E-01 -6.656346663E-01 -5.431584660E-01
 -4.643306160E-01 -3.505894432E-01 -2.181389258E-01 -1.427420912E-01 -5.669888447E-02
  1.996998803E-02  6.024104024E-02  1.078983007E-01  1.376763707E-01  1.483149625E-01
  1.548283994E-01  1.483149625E-01  1.376763707E-01  1.078983007E-01  6.024104024E-02
  1.996998803E-02 -5.669888447E-02 -1.427420912E-01 -2.181389258E-01 -3.505894432E-01
 -4.643306160E-01 -5.431584660E-01 -6.656346663E-01 -7.870356467E-01 -8.749143396E-01
 -5.920269115E-01 -5.774883919E-01 -5.430950697E-01 -4.977919536E-01 -4.280285141E-01
 -3.269946463E-01 -2.181389258E-01 -1.535882946E-01 -7.616363585E-02  1.312094716E-02
  4.034603481E-02  9.467641746E-02  1.417788734E-01  1.670156861E-01  1.841544451E-01
  1.717799756E-01  1.841544451E-01  1.670156861E-01  1.417788734E-01  9.467641746E-02
  4.034603481E-02  1.312094716E-02 -7.616363585E-02 -1.535882946E-01 -2.181389258E-01
 -3.269946463E-01 -4.280285141E-01 -4.977919536E-01 -5.430950697E-01 -5.774883919E-01
 -4.442882351E-01 -4.311920388E-01 -3.943981706E-01 -3.384398081E-01 -2.617005999E-01
 -1.895090318E-01 -1.427420912E-01 -7.616363585E-02  6.761859023E-03  4.719367282E-02
  8.700572044E-02  1.435684308E-01  1.607762416E-01  1.800853639E-01  2.048395181E-01
  2.057108145E-01  2.048395181E-01  1.800853639E-01  1.607762416E-01  1.435684308E-01
  8.700572044E-02  4.719367282E-02  6.761859023E-03 -7.616363585E-02 -1.427420912E-01
 -1.895090318E-01 -2.617005999E-01 -3.384398081E-01 -3.943981706E-01 -4.311920388E-01
 -2.724903874E-01 -2.591836628E-01 -2.330300147E-01 -2.000897220E-01 -1.669011458E-01
 -1.215917096E-01 -5.669888447E-02  1.312094716E-02  4.719367282E-02  7.710425888E-02
  1.441151466E-01  1.657984364E-01  1.915449414E-01  2.188989517E-01  2.196258257E-01
  2.310936962E-01  2.196258257E-01  2.188989517E-01  1.915449414E-01  1.657984364E-01
  1.441151466E-01  7.710425888E-02  4.719367282E-02  1.312094716E-02 -5.669888447E-02
 -1.215917096E-01 -1.669011458E-01 -2.000897220E-01 -2.330300147E-01 -2.591836628E-01
 -1.597226380E-01 -1.548645303E-01 -1.450591976E-01 -1.115740382E-01 -7.218720614E-02
 -2.362385523E-02  1.996998803E-02  4.034603481E-02  8.700572044E-02  1.441151466E-01
  1.774664037E-01  1.851356607E-01  2.200703016E-01  2.368148214E-01  2.392726307E-01
  2.606561642E-01  2.392726307E-01  2.368148214E-01  2.200703016E-01  1.851356607E-01
  1.774664037E-01  1.441151466E-01  8.700572044E-02  4.034603481E-02  1.996998803E-02
 -2.362385523E-02 -7.218720614E-02 -1.115740382E-01 -1.450591976E-01 -1.548645303E-01
 -7.214107466E-02 -6.576146435E-02 -5.050746850E-02 -2.022753095E-02  1.155006667E-03
  2.303861752E-02  6.024104024E-02  9.467641746E-02  1.435684308E-01  1.657984364E-01
  1.851356607E-01  2.327295982E-01  2.452329418E-01  2.513162671E-01  2.648560881E-01
  2.640816423E-01  2.648560881E-01  2.513162671E-01  2.452329418E-01  2.327295982E-01
  1.851356607E-01  1.657984364E-01  1.435684308E-01  9.467641746E-02  6.024104024E-02
  2.303861752E-02  1.155006667E-03 -2.022753095E-02 -5.050746850E-02 -6.576146435E-02
  1.047508852E-02  4.268460495E-03  3.568973806E-03  2.297904003E-02  4.904635017E-02
  6.966015284E-02  1.078983007E-01  1.417788734E-01  1.607762416E-01  1.915449414E-01
  2.200703016E-01  2.452329418E-01  2.498798097E-01  2.759345968E-01  2.889326158E-01
  2.680222618E-01  2.889326158E-01  2.759345968E-01  2.498798097E-01  2.452329418E-01
  2.200703016E-01  1.915449414E-01  1.607762416E-01  1.417788734E-01  1.078983007E-01
  6.966015284E-02  4.904635017E-02  2.297904003E-02  3.568973806E-03  4.268460495E-03
  3.194152414E-02  3.121002022E-02  4.596610715E-02  6.672838704E-02  9.245447179E-02
  1.119438366E-01  1.376763707E-01  1.670156861E-01  1.800853639E-01  2.188989517E-01
  2.368148214E-01  2.513162671E-01  2.759345968E-01  2.758909529E-01  2.880180456E-01
  2.998328753E-01  2.880180456E-01  2.758909529E-01  2.759345968E-01  2.513162671E-01
  2.368148214E-01  2.188989517E-01  1.800853639E-01  1.670156861E-01  1.376763707E-01
  1.119438366E-01  9.245447179E-02  6.672838704E-02  4.596610715E-02  3.121002022E-02
  7.181700328E-02  7.532415885E-02  9.143243296E-02  8.993504505E-02  9.734530777E-02
  1.257855546E-01  1.483149625E-01  1.841544451E-01  2.048395181E-01  2.196258257E-01
  2.392726307E-01  2.648560881E-01  2.889326158E-01  2.880180456E-01  2.936972677E-01
  3.040881485E-01  2.936972677E-01  2.880180456E-01  2.889326158E-01  2.648560881E-01
  2.392726307E-01  2.196258257E-01  2.048395181E-01  1.841544451E-01  1.483149625E-01
  1.257855546E-01  9.734530777E-02  8.993504505E-02  9.143243296E-02  7.532415885E-02
  6.416320481E-02  6.620357492E-02  8.307526763E-02  9.098456736E-02  1.173616899E-01
  1.571975379E-01  1.548283994E-01  1.717799756E-01  2.057108145E-01  2.310936962E-01
  2.606561642E-01  2.640816423E-01  2.680222618E-01  2.998328753E-01  3.040881485E-01
  2.893009575E-01  3.040881485E-01  2.998328753E-01  2.680222618E-01  2.640816423E-01
  2.606561642E-01  2.310936962E-01  2.057108145E-01  1.717799756E-01  1.548283994E-01
  1.571975379E-01  1.173616899E-01  9.098456736E-02  8.307526763E-02  6.620357492E-02
  7.181700328E-02  7.532415885E-02  9.143243296E-02  8.993504505E-02  9.734530777E-02
  1.257855546E-01  1.483149625E-01  1.841544451E-01  2.048395181E-01  2.196258257E-01
  2.392726307E-01  2.648560881E-01  2.889326158E-01  2.880180456E-01  2.936972677E-01
  3.040881485E-01  2.936972677E-01  2.880180456E-01  2.889326158E-01  2.648560881E-01
  2.392726307E-01  2.196258257E-01  2.048395181E-01  1.841544451E-01  1.483149625E-01
  1.257855546E-01  9.734530777E-02  8.993504505E-02  9.143243296E-02  7.532415885E-02
  3.194152414E-02  3.121002022E-02  4.596610715E-02  6.672838704E-02  9.245447179E-02
  1.119438366E-01  1.376763707E-01  1.670156861E-01  1.800853639E-01  2.188989517E-01
  2.368148214E-01  2.513162671E-01  2.759345968E-01  2.758909529E-01  2.880180456E-01
  2.998328753E-01  2.880180456E-01  2.758909529E-01  2.759345968E-01  2.513162671E-01
  2.368148214E-01  2.188989517E-01  1.800853639E-01  1.670156861E-01  1.376763707E-01
  1.119438366E-01  9.245447179E-02  6.672838704E-02  4.596610715E-02  3.121002022E-02
  1.047508852E-02  4.268460495E-03  3.568973806E-03  2.297904003E-02  4.904635017E-02
  6.966015284E-02  1.078983007E-01  1.417788734E-01  1.607762416E-01  1.915449414E-01
  2.200703016E-01  2.452329418E-01  2.498798097E-01  2.759345968E-01  2.889326158E-01
  2.680222618E-01  2.889326158E-01  2.759345968E-01  2.498798097E-01  2.452329418E-01
  2.200703016E-01  1.915449414E-01  1.607762416E-01  1.417788734E-01  1.078983007E-01
  6.966015284E-02  4.904635017E-02  2.297904003E-02  3.568973806E-03  4.268460495E-03
 -7.214107466E-02 -6.576146435E-02 -5.050746850E-02 -2.022753095E-02  1.155006667E-03
  2.303861752E-02  6.024104024E-02  9.467641746E-02  1.435684308E-01  1.657984364E-01
  1.851356607E-01  2.327295982E-01  2.452329418E-01  2.513162671E-01  2.648560881E-01
  2.640816423E-01  2.648560881E-01  2.513162671E-01  2.452329418E-01  2.327295982E-01
  1.851356607E-01  1.657984364E-01  1.435684308E-01  9.467641746E-02  6.024104024E-02
  2.303861752E-02  1.155006667E-03 -2.022753095E-02 -5.050746850E-02 -6.576146435E-02
 -1.597226380E-01 -1.548645303E-01 -1.450591976E-01 -1.115740382E-01 -7.218720614E-02
 -2.362385523E-02  1.996998803E-02  4.034603481E-02  8.700572044E-02  1.441151466E-01
  1.774664037E-01  1.851356607E-01  2.200703016E-01  2.368148214E-01  2.392726307E-01
  2.606561642E-01  2.392726307E-01  2.368148214E-01  2.200703016E-01  1.851356607E-01
  1.774664037E-01  1.441151466E-01  8.700572044E-02  4.034603481E-02  1.996998803E-02
 -2.362385523E-02 -7.218720614E-02 -1.115740382E-01 -1.450591976E-01 -1.548645303E-01
 -2.724903874E-01 -2.591836628E-01 -2.330300147E-01 -2.000897220E-01 -1.669011458E-01
 -1.215917096E-01 -5.669888447E-02  1.312094716E-02  4.719367282E-02  7.710425888E-02
  1.441151466E-01  1.657984364E-01  1.915449414E-01  2.188989517E-01  2.196258257E-01
  2.310936962E-01  2.196258257E-01  2.188989517E-01  1.915449414E-01  1.657984364E-01
  1.441151466E-01  7.710425888E-02  4.719367282E-02  1.312094716E-02 -5.669888447E-02
 -1.215917096E-01 -1.669011458E-01 -2.000897220E-01 -2.330300147E-01 -2.591836628E-01
 -4.442882351E-01 -4.311920388E-01 -3.943981706E-01 -3.384398081E-01 -2.617005999E-01
 -1.895090318E-01 -1.427420912E-01 -7.616363585E-02  6.761859023E-03  4.719367282E-02
  8.700572044E-02  1.435684308E-01  1.607762416E-01  1.800853639E-01  2.048395181E-01
  2.057108145E-01  2.048395181E-01  1.800853639E-01  1.607762416E-01  1.435684308E-01
  8.700572044E-02  4.719367282E-02  6.761859023E-03 -7.616363585E-02 -1.427420912E-01
 -1.895090318E-01 -2.617005999E-01 -3.384398081E-01 -3.943981706E-01 -4.311920388E-01
 -5.920269115E-01 -5.774883919E-01 -5.430950697E-01 -4.977919536E-01 -4.280285141E-01
 -3.269946463E-01 -2.181389258E-01 -1.535882946E-01 -7.616363585E-02  1.312094716E-02
  4.034603481E-02  9.467641746E-02  1.417788734E-01  1.670156861E-01  1.841544451E-01
  1.717799756E-01  1.841544451E-01  1.670156861E-01  1.417788734E-01  9.467641746E-02
  4.034603481E-02  1.312094716E-02 -7.616363585E-02 -1.535882946E-01 -2.181389258E-01
 -3.269946463E-01 -4.280285141E-01 -4.977919536E-01 -5.430950697E-01 -5.774883919E-01
 -9.140868513E-01 -8.749143396E-01 -7.870356467E-01 -6.656346663E-01 -5.431584660E-01
 -4.643306160E-01 -3.505894432E-01 -2.181389258E-01 -1.427420912E-01 -5.669888447E-02
  1.996998803E-02  6.024104024E-02  1.078983007E-01  1.376763707E-01  1.483149625E-01
  1.548283994E-01  1.483149625E-01  1.376763707E-01  1.078983007E-01  6.024104024E-02
  1.996998803E-02 -5.669888447E-02 -1.427420912E-01 -2.181389258E-01 -3.505894432E-01
 -4.643306160E-01 -5.431584660E-01 -6.656346663E-01 -7.870356467E-01 -8.749143396E-01
 -1.157006116E+00 -1.124478547E+00 -1.067872280E+00 -9.596941250E-01 -7.597572401E-01
 -5.689725695E-01 -4.643306160E-01 -3.269946463E-01 -1.895090318E-01 -1.215917096E-01
 -2.362385523E-02  2.303861752E-02  6.966015284E-02  1.119438366E-01  1.257855546E-01
  1.571975379E-01  1.257855546E-01  1.119438366E-01  6.966015284E-02  2.303861752E-02
 -2.362385523E-02 -1.215917096E-01 -1.895090318E-01 -3.269946463E-01 -4.643306160E-01
 -5.689725695E-01 -7.597572401E-01 -9.596941250E-01 -1.067872280E+00 -1.124478547E+00
 -1.619274254E+00 -1.530849040E+00 -1.343752563E+00 -1.152722137E+00 -1.001923448E+00
 -7.597572401E-01 -5.431584660E-01 -4.280285141E-01 -2.617005999E-01 -1.669011458E-01
 -7.218720614E-02  1.155006667E-03  4.904635017E-02  9.245447179E-02  9.734530777E-02
  1.173616899E-01  9.734530777E-02  9.245447179E-02  4.904635017E-02  1.155006667E-03
 -7.218720614E-02 -1.669011458E-01 -2.617005999E-01 -4.280285141E-01 -5.431584660E-01
 -7.597572401E-01 -1.001923448E+00 -1.152722137E+00 -1.343752563E+00 -1.530849040E+00
 -2.197152953E+00 -2.123126524E+00 -1.885130548E+00 -1.450454404E+00 -1.152722137E+00
 -9.596941250E-01 -6.656346663E-01 -4.977919536E-01 -3.384398081E-01 -2.000897220E-01
 -1.115740382E-01 -2.022753095E-02  2.297904003E-02  6.672838704E-02  8.993504505E-02
  9.098456736E-02  8.993504505E-02  6.672838704E-02  2.297904003E-02 -2.022753095E-02
 -1.115740382E-01 -2.000897220E-01 -3.384398081E-01 -4.977919536E-01 -6.656346663E-01
 -9.596941250E-01 -1.152722137E+00 -1.450454404E+00 -1.885130548E+00 -2.123126524E+00
 -2.313198843E+00 -2.286446275E+00 -2.246734322E+00 -1.885130548E+00 -1.343752563E+00
 -1.067872280E+00 -7.870356467E-01 -5.430950697E-01 -3.943981706E-01 -2.330300147E-01
 -1.450591976E-01 -5.050746850E-02  3.568973806E-03  4.596610715E-02  9.143243296E-02
  8.307526763E-02  9.143243296E-02  4.596610715E-02  3.568973806E-03 -5.050746850E-02
 -1.450591976E-01 -2.330300147E-01 -3.943981706E-01 -5.430950697E-01 -7.870356467E-01
 -1.067872280E+00 -1.343752563E+00 -1.885130548E+00 -2.246734322E+00 -2.286446275E+00
 -2.589381058E+00 -2.407637351E+00 -2.286446275E+00 -2.123126524E+00 -1.530849040E+00
 -1.124478547E+00 -8.749143396E-01 -5.774883919E-01 -4.311920388E-01 -2.591836628E-01
 -1.548645303E-01 -6.576146435E-02  4.268460495E-03  3.121002022E-02  7.532415885E-02
  6.620357492E-02  7.532415885E-02  3.121002022E-02  4.268460495E-03 -6.576146435E-02
 -1.548645303E-01 -2.591836628E-01 -4.311920388E-01 -5.774883919E-01 -8.749143396E-01
 -1.124478547E+00 -1.530849040E+00 -2.123126524E+00 -2.286446275E+00 -2.407637351E+00
 -2.277732907E+00 -2.247339510E+00 -2.074712854E+00 -1.619274254E+00 -1.219542932E+00
 -1.002288640E+00 -7.103539785E-01 -5.078337703E-01 -3.629505147E-01 -2.159864961E-01
 -1.252283308E-01 -3.896511448E-02  1.570258987E-02  6.335130820E-02  9.093508570E-02
  8.663817721E-02  9.093508570E-02  6.335130820E-02  1.570258987E-02 -3.896511448E-02
 -1.252283308E-01 -2.159864961E-01 -3.629505147E-01 -5.078337703E-01 -7.103539785E-01
 -1.002288640E+00 -1.219542932E+00 -1.619274254E+00 -2.074712854E+00 -2.247339510E+00
 -2.247339510E+00 -2.194002701E+00 -1.978760387E+00 -1.530849040E+00 -1.191186496E+00
 -9.834181890E-01 -6.862402181E-01 -5.061231895E-01 -3.513182561E-01 -2.033657825E-01
 -1.187817513E-01 -3.135958637E-02  1.708566499E-02  6.272199650E-02  9.304341735E-02
  9.313742278E-02  9.304341735E-02  6.272199650E-02  1.708566499E-02 -3.135958637E-02
 -1.187817513E-01 -2.033657825E-01 -3.513182561E-01 -5.061231895E-01 -6.862402181E-01
 -9.834181890E-01 -1.191186496E+00 -1.530849040E+00 -1.978760387E+00 -2.194002701E+00
 -2.074712854E+00 -1.978760387E+00 -1.714179776E+00 -1.343752563E+00 -1.117965590E+00
 -8.973516931E-01 -6.120640413E-01 -4.823554652E-01 -3.173392121E-01 -1.860057039E-01
 -1.061641257E-01 -1.524207203E-02  3.323748148E-02  7.532460422E-02  9.139123661E-02
  9.540565135E-02  9.139123661E-02  7.532460422E-02  3.323748148E-02 -1.524207203E-02
 -1.061641257E-01 -1.860057039E-01 -3.173392121E-01 -4.823554652E-01 -6.120640413E-01
 -8.973516931E-01 -1.117965590E+00 -1.343752563E+00 -1.714179776E+00 -1.978760387E+00
 -1.619274254E+00 -1.530849040E+00 -1.343752563E+00 -1.152722137E+00 -1.001923448E+00
 -7.597572401E-01 -5.431584660E-01 -4.280285141E-01 -2.617005999E-01 -1.669011458E-01
 -7.218720614E-02  1.155006667E-03  4.904635017E-02  9.245447179E-02  9.734530777E-02
  1.173616899E-01  9.734530777E-02  9.245447179E-02  4.904635017E-02  1.155006667E-03
 -7.218720614E-02 -1.669011458E-01 -2.617005999E-01 -4.280285141E-01 -5.431584660E-01
 -7.597572401E-01 -1.001923448E+00 -1.152722137E+00 -1.343752563E+00 -1.530849040E+00
 -1.219542932E+00 -1.191186496E+00 -1.117965590E+00 -1.001923448E+00 -8.170447348E-01
 -6.068216751E-01 -4.853135975E-01 -3.415991552E-01 -2.008030164E-01 -1.391990620E-01
 -3.179220405E-02  1.404724323E-02  6.824150989E-02  1.151345171E-01  1.178501746E-01
  1.498983050E-01  1.178501746E-01  1.151345171E-01  6.824150989E-02  1.404724323E-02
 -3.179220405E-02 -1.391990620E-01 -2.008030164E-01 -3.415991552E-01 -4.853135975E-01
 -6.068216751E-01 -8.170447348E-01 -1.001923448E+00 -1.117965590E+00 -1.191186496E+00
 -1.002288640E+00 -9.834181890E-01 -8.973516931E-01 -7.597572401E-01 -6.068216751E-01
 -4.928577009E-01 -3.955943640E-01 -2.467441656E-01 -1.581319224E-01 -8.586384541E-02
  1.147024464E-02  4.644418521E-02  9.713134140E-02  1.285628193E-01  1.373806037E-01
  1.611447031E-01  1.373806037E-01  1.285628193E-01  9.713134140E-02  4.644418521E-02
  1.147024464E-02 -8.586384541E-02 -1.581319224E-01 -2.467441656E-01 -3.955943640E-01
 -4.928577009E-01 -6.068216751E-01 -7.597572401E-01 -8.973516931E-01 -9.834181890E-01
 -7.103539785E-01 -6.862402181E-01 -6.120640413E-01 -5.431584660E-01 -4.853135975E-01
 -3.955943640E-01 -2.632059481E-01 -1.672771990E-01 -1.150377030E-01 -2.262519252E-02
  3.854461391E-02  9.060055926E-02  1.282473775E-01  1.404770802E-01  1.681140392E-01
  1.758511033E-01  1.681140392E-01  1.404770802E-01  1.282473775E-01  9.060055926E-02
  3.854461391E-02 -2.262519252E-02 -1.150377030E-01 -1.672771990E-01 -2.632059481E-01
 -3.955943640E-01 -4.853135975E-01 -5.431584660E-01 -6.120640413E-01 -6.862402181E-01
 -5.078337703E-01 -5.061231895E-01 -4.823554652E-01 -4.280285141E-01 -3.415991552E-01
 -2.467441656E-01 -1.672771990E-01 -1.119581206E-01 -4.005611882E-02  3.417992554E-02
  6.431939405E-02  1.225540813E-01  1.504696936E-01  1.677704326E-01  1.992776151E-01
  1.944228595E-01  1.992776151E-01  1.677704326E-01  1.504696936E-01  1.225540813E-01
  6.431939405E-02  3.417992554E-02 -4.005611882E-02 -1.119581206E-01 -1.672771990E-01
 -2.467441656E-01 -3.415991552E-01 -4.280285141E-01 -4.823554652E-01 -5.061231895E-01
 -3.629505147E-01 -3.513182561E-01 -3.173392121E-01 -2.617005999E-01 -2.008030164E-01
 -1.581319224E-01 -1.150377030E-01 -4.005611882E-02  2.297711140E-02  6.520697838E-02
  1.260390166E-01  1.595813489E-01  1.711111883E-01  1.964687623E-01  2.148054590E-01
  2.204547883E-01  2.148054590E-01  1.964687623E-01  1.711111883E-01  1.595813489E-01
  1.260390166E-01  6.520697838E-02  2.297711140E-02 -4.005611882E-02 -1.150377030E-01
 -1.581319224E-01 -2.008030164E-01 -2.617005999E-01 -3.173392121E-01 -3.513182561E-01
 -2.159864961E-01 -2.033657825E-01 -1.860057039E-01 -1.669011458E-01 -1.391990620E-01
 -8.586384541E-02 -2.262519252E-02  3.417992554E-02  6.520697838E-02  9.739865185E-02
  1.615557504E-01  1.754736477E-01  2.108741113E-01  2.366677564E-01  2.286186534E-01
  2.456861584E-01  2.286186534E-01  2.366677564E-01  2.108741113E-01  1.754736477E-01
  1.615557504E-01  9.739865185E-02  6.520697838E-02  3.417992554E-02 -2.262519252E-02
 -8.586384541E-02 -1.391990620E-01 -1.669011458E-01 -1.860057039E-01 -2.033657825E-01
 -1.252283308E-01 -1.187817513E-01 -1.061641257E-01 -7.218720614E-02 -3.179220405E-02
  1.147024464E-02  3.854461391E-02  6.431939405E-02  1.260390166E-01  1.615557504E-01
  1.773356861E-01  1.971071034E-01  2.358399153E-01  2.480659533E-01  2.472062832E-01
  2.656910631E-01  2.472062832E-01  2.480659533E-01  2.358399153E-01  1.971071034E-01
  1.773356861E-01  1.615557504E-01  1.260390166E-01  6.431939405E-02  3.854461391E-02
  1.147024464E-02 -3.179220405E-02 -7.218720614E-02 -1.061641257E-01 -1.187817513E-01
 -3.896511448E-02 -3.135958637E-02 -1.524207203E-02  1.155006667E-03  1.404724323E-02
  4.644418521E-02  9.060055926E-02  1.225540813E-01  1.595813489E-01  1.754736477E-01
  1.971071034E-01  2.435861834E-01  2.523172909E-01  2.623907519E-01  2.773340116E-01
  2.720373164E-01  2.773340116E-01  2.623907519E-01  2.523172909E-01  2.435861834E-01
  1.971071034E-01  1.754736477E-01  1.595813489E-01  1.225540813E-01  9.060055926E-02
  4.644418521E-02  1.404724323E-02  1.155006667E-03 -1.524207203E-02 -3.135958637E-02
  1.570258987E-02  1.708566499E-02  3.323748148E-02  4.904635017E-02  6.824150989E-02
  9.713134140E-02  1.282473775E-01  1.504696936E-01  1.711111883E-01  2.108741113E-01
  2.358399153E-01  2.523172909E-01  2.600667294E-01  2.863015340E-01  2.958847280E-01
  2.745084766E-01  2.958847280E-01  2.863015340E-01  2.600667294E-01  2.523172909E-01
  2.358399153E-01  2.108741113E-01  1.711111883E-01  1.504696936E-01  1.282473775E-01
  9.713134140E-02  6.824150989E-02  4.904635017E-02  3.323748148E-02  1.708566499E-02
  6.335130820E-02  6.272199650E-02  7.532460422E-02  9.245447179E-02  1.151345171E-01
  1.285628193E-01  1.404770802E-01  1.677704326E-01  1.964687623E-01  2.366677564E-01
  2.480659533E-01  2.623907519E-01  2.863015340E-01  2.874279528E-01  2.966612749E-01
  3.042263977E-01  2.966612749E-01  2.874279528E-01  2.863015340E-01  2.623907519E-01
  2.480659533E-01  2.366677564E-01  1.964687623E-01  1.677704326E-01  1.404770802E-01
  1.285628193E-01  1.151345171E-01  9.245447179E-02  7.532460422E-02  6.272199650E-02
  9.093508570E-02  9.304341735E-02  9.139123661E-02  9.734530777E-02  1.178501746E-01
  1.373806037E-01  1.681140392E-01  1.992776151E-01  2.148054590E-01  2.286186534E-01
  2.472062832E-01  2.773340116E-01  2.958847280E-01  2.966612749E-01  3.047801659E-01
  3.116774909E-01  3.047801659E-01  2.966612749E-01  2.958847280E-01  2.773340116E-01
  2.472062832E-01  2.286186534E-01  2.148054590E-01  1.992776151E-01  1.681140392E-01
  1.373806037E-01  1.178501746E-01  9.734530777E-02  9.139123661E-02  9.304341735E-02
  8.663817721E-02  9.313742278E-02  9.540565135E-02  1.173616899E-01  1.498983050E-01
  1.611447031E-01  1.758511033E-01  1.944228595E-01  2.204547883E-01  2.456861584E-01
  2.656910631E-01  2.720373164E-01  2.745084766E-01  3.042263977E-01  3.116774909E-01
  2.975788387E-01  3.116774909E-01  3.042263977E-01  2.745084766E-01  2.720373164E-01
  2.656910631E-01  2.456861584E-01  2.204547883E-01  1.944228595E-01  1.758511033E-01
  1.611447031E-01  1.498983050E-01  1.173616899E-01  9.540565135E-02  9.313742278E-02
  9.093508570E-02  9.304341735E-02  9.139123661E-02  9.734530777E-02  1.178501746E-01
  1.373806037E-01  1.681140392E-01  1.992776151E-01  2.148054590E-01  2.286186534E-01
  2.472062832E-01  2.773340116E-01  2.958847280E-01  2.966612749E-01  3.047801659E-01
  3.116774909E-01  3.047801659E-01  2.966612749E-01  2.958847280E-01  2.773340116E-01
  2.472062832E-01  2.286186534E-01  2.148054590E-01  1.992776151E-01  1.681140392E-01
  1.373806037E-01  1.178501746E-01  9.734530777E-02  9.139123661E-02  9.304341735E-02
  6.335130820E-02  6.272199650E-02  7.532460422E-02  9.245447179E-02  1.151345171E-01
  1.285628193E-01  1.404770802E-01  1.677704326E-01  1.964687623E-01  2.366677564E-01
  2.480659533E-01  2.623907519E-01  2.863015340E-01  2.874279528E-01  2.966612749E-01
  3.042263977E-01  2.966612749E-01  2.874279528E-01  2.863015340E-01  2.623907519E-01
  2.480659533E-01  2.366677564E-01  1.964687623E-01  1.677704326E-01  1.404770802E-01
  1.285628193E-01  1.151345171E-01  9.245447179E-02  7.532460422E-02  6.272199650E-02
  1.570258987E-02  1.708566499E-02  3.323748148E-02  4.904635017E-02  6.824150989E-02
  9.713134140E-02  1.282473775E-01  1.504696936E-01  1.711111883E-01  2.108741113E-01
  2.358399153E-01  2.523172909E-01  2.600667294E-01  2.863015340E-01  2.958847280E-01
  2.745084766E-01  2.958847280E-01  2.863015340E-01  2.600667294E-01  2.523172909E-01
  2.358399153E-01  2.108741113E-01  1.711111883E-01  1.504696936E-01  1.282473775E-01
  9.713134140E-02  6.824150989E-02  4.904635017E-02  3.323748148E-02  1.708566499E-02
 -3.896511448E-02 -3.135958637E-02 -1.524207203E-02  1.155006667E-03  1.404724323E-02
  4.644418521E-02  9.060055926E-02  1.225540813E-01  1.595813489E-01  1.754736477E-01
  1.971071034E-01  2.435861834E-01  2.523172909E-01  2.623907519E-01  2.773340116E-01
  2.720373164E-01  2.773340116E-01  2.623907519E-01  2.523172909E-01  2.435861834E-01
  1.971071034E-01  1.754736477E-01  1.595813489E-01  1.225540813E-01  9.060055926E-02
  4.644418521E-02  1.404724323E-02  1.155006667E-03 -1.524207203E-02 -3.135958637E-02
 -1.252283308E-01 -1.187817513E-01 -1.061641257E-01 -7.218720614E-02 -3.179220405E-02
  1.147024464E-02  3.854461391E-02  6.431939405E-02  1.260390166E-01  1.615557504E-01
  1.773356861E-01  1.971071034E-01  2.358399153E-01  2.480659533E-01  2.472062832E-01
  2.656910631E-01  2.472062832E-01  2.480659533E-01  2.358399153E-01  1.971071034E-01
  1.773356861E-01  1.615557504E-01  1.260390166E-01  6.431939405E-02  3.854461391E-02
  1.147024464E-02 -3.179220405E-02 -7.218720614E-02 -1.061641257E-01 -1.187817513E-01
 -2.159864961E-01 -2.033657825E-01 -1.860057039E-01 -1.669011458E-01 -1.391990620E-01
 -8.586384541E-02 -2.262519252E-02  3.417992554E-02  6.520697838E-02  9.739865185E-02
  1.615557504E-01  1.754736477E-01  2.108741113E-01  2.366677564E-01  2.286186534E-01
  2.456861584E-01  2.286186534E-01  2.366677564E-01  2.108741113E-01  1.754736477E-01
  1.615557504E-01  9.739865185E-02  6.520697838E-02  3.417992554E-02 -2.262519252E-02
 -8.586384541E-02 -1.391990620E-01 -1.669011458E-01 -1.860057039E-01 -2.033657825E-01
 -3.629505147E-01 -3.513182561E-01 -3.173392121E-01 -2.617005999E-01 -2.008030164E-01
 -1.581319224E-01 -1.150377030E-01 -4.005611882E-02  2.297711140E-02  6.520697838E-02
  1.260390166E-01  1.595813489E-01  1.711111883E-01  1.964687623E-01  2.148054590E-01
  2.204547883E-01  2.148054590E-01  1.964687623E-01  1.711111883E-01  1.595813489E-01
  1.260390166E-01  6.520697838E-02  2.297711140E-02 -4.005611882E-02 -1.150377030E-01
 -1.581319224E-01 -2.008030164E-01 -2.617005999E-01 -3.173392121E-01 -3.513182561E-01
 -5.078337703E-01 -5.061231895E-01 -4.823554652E-01 -4.280285141E-01 -3.415991552E-01
 -2.467441656E-01 -1.672771990E-01 -1.119581206E-01 -4.005611882E-02  3.417992554E-02
  6.431939405E-02  1.225540813E-01  1.504696936E-01  1.677704326E-01  1.992776151E-01
  1.944228595E-01  1.992776151E-01  1.677704326E-01  1.504696936E-01  1.225540813E-01
  6.431939405E-02  3.417992554E-02 -4.005611882E-02 -1.119581206E-01 -1.672771990E-01
 -2.467441656E-01 -3.415991552E-01 -4.280285141E-01 -4.823554652E-01 -5.061231895E-01
 -7.103539785E-01 -6.862402181E-01 -6.120640413E-01 -5.431584660E-01 -4.853135975E-01
 -3.955943640E-01 -2.632059481E-01 -1.672771990E-01 -1.150377030E-01 -2.262519252E-02
  3.854461391E-02  9.060055926E-02  1.282473775E-01  1.404770802E-01  1.681140392E-01
  1.758511033E-01  1.681140392E-01  1.404770802E-01  1.282473775E-01  9.060055926E-02
  3.854461391E-02 -2.262519252E-02 -1.150377030E-01 -1.672771990E-01 -2.632059481E-01
 -3.955943640E-01 -4.853135975E-01 -5.431584660E-01 -6.120640413E-01 -6.862402181E-01
 -1.002288640E+00 -9.834181890E-01 -8.973516931E-01 -7.597572401E-01 -6.068216751E-01
 -4.928577009E-01 -3.955943640E-01 -2.467441656E-01 -1.581319224E-01 -8.586384541E-02
  1.147024464E-02  4.644418521E-02  9.713134140E-02  1.285628193E-01  1.373806037E-01
  1.611447031E-01  1.373806037E-01  1.285628193E-01  9.713134140E-02  4.644418521E-02
  1.147024464E-02 -8.586384541E-02 -1.581319224E-01 -2.467441656E-01 -3.955943640E-01
 -4.928577009E-01 -6.068216751E-01 -7.597572401E-01 -8.973516931E-01 -9.834181890E-01
 -1.219542932E+00 -1.191186496E+00 -1.117965590E+00 -1.001923448E+00 -8.170447348E-01
 -6.068216751E-01 -4.853135975E-01 -3.415991552E-01 -2.008030164E-01 -1.391990620E-01
 -3.179220405E-02  1.404724323E-02  6.824150989E-02  1.151345171E-01  1.178501746E-01
  1.498983050E-01  1.178501746E-01  1.151345171E-01  6.824150989E-02  1.404724323E-02
 -3.179220405E-02 -1.391990620E-01 -2.008030164E-01 -3.415991552E-01 -4.853135975E-01
 -6.068216751E-01 -8.170447348E-01 -1.001923448E+00 -1.117965590E+00 -1.191186496E+00
 -1.619274254E+00 -1.530849040E+00 -1.343752563E+00 -1.152722137E+00 -1.001923448E+00
 -7.597572401E-01 -5.431584660E-01 -4.280285141E-01 -2.617005999E-01 -1.669011458E-01
 -7.218720614E-02  1.155006667E-03  4.904635017E-02  9.245447179E-02  9.734530777E-02
  1.173616899E-01  9.734530777E-02  9.245447179E-02  4.904635017E-02  1.155006667E-03
 -7.218720614E-02 -1.669011458E-01 -2.617005999E-01 -4.280285141E-01 -5.431584660E-01
 -7.597572401E-01 -1.001923448E+00 -1.152722137E+00 -1.343752563E+00 -1.530849040E+00
 -2.074712854E+00 -1.978760387E+00 -1.714179776E+00 -1.343752563E+00 -1.117965590E+00
 -8.973516931E-01 -6.120640413E-01 -4.823554652E-01 -3.173392121E-01 -1.860057039E-01
 -1.061641257E-01 -1.524207203E-02  3.323748148E-02  7.532460422E-02  9.139123661E-02
  9.540565135E-02  9.139123661E-02  7.532460422E-02  3.323748148E-02 -1.524207203E-02
 -1.061641257E-01 -1.860057039E-01 -3.173392121E-01 -4.823554652E-01 -6.120640413E-01
 -8.973516931E-01 -1.117965590E+00 -1.343752563E+00 -1.714179776E+00 -1.978760387E+00
 -2.247339510E+00 -2.194002701E+00 -1.978760387E+00 -1.530849040E+00 -1.191186496E+00
 -9.834181890E-01 -6.862402181E-01 -5.061231895E-01 -3.513182561E-01 -2.033657825E-01
 -1.187817513E-01 -3.135958637E-02  1.708566499E-02  6.272199650E-02  9.304341735E-02
  9.313742278E-02  9.304341735E-02  6.272199650E-02  1.708566499E-02 -3.135958637E-02
 -1.187817513E-01 -2.033657825E-01 -3.513182561E-01 -5.061231895E-01 -6.862402181E-01
 -9.834181890E-01 -1.191186496E+00 -1.530849040E+00 -1.978760387E+00 -2.194002701E+00
 -1.613591343E+00 -1.533657476E+00 -1.344524414E+00 -1.157006116E+00 -1.002288640E+00
 -7.455447154E-01 -5.385902382E-01 -4.270451085E-01 -2.604530221E-01 -1.669976407E-01
 -7.541435619E-02 -2.528256958E-04  4.528814486E-02  9.009736755E-02  9.740512422E-02
  1.100668856E-01  9.740512422E-02  9.009736755E-02  4.528814486E-02 -2.528256958E-04
 -7.541435619E-02 -1.669976407E-01 -2.604530221E-01 -4.270451085E-01 -5.385902382E-01
 -7.455447154E-01 -1.002288640E+00 -1.157006116E+00 -1.344524414E+00 -1.533657476E+00
 -1.533657476E+00 -1.458383918E+00 -1.290098384E+00 -1.124478547E+00 -9.834181890E-01
 -7.425660866E-01 -5.405316133E-01 -4.208351391E-01 -2.502899659E-01 -1.607669337E-01
 -6.929098155E-02  6.664503408E-03  4.690957458E-02  9.045655692E-02  1.060394571E-01
  1.248014480E-01  1.060394571E-01  9.045655692E-02  4.690957458E-02  6.664503408E-03
 -6.929098155E-02 -1.607669337E-01 -2.502899659E-01 -4.208351391E-01 -5.405316133E-01
 -7.425660866E-01 -9.834181890E-01 -1.124478547E+00 -1.290098384E+00 -1.458383918E+00
 -1.344524414E+00 -1.290098384E+00 -1.190430131E+00 -1.067872280E+00 -8.973516931E-01
 -6.655543977E-01 -5.064263312E-01 -3.870213016E-01 -2.233178414E-01 -1.482406506E-01
 -5.908369368E-02  1.406110060E-02  6.246965580E-02  1.045779195E-01  1.107657003E-01
  1.290229052E-01  1.107657003E-01  1.045779195E-01  6.246965580E-02  1.406110060E-02
 -5.908369368E-02 -1.482406506E-01 -2.233178414E-01 -3.870213016E-01 -5.064263312E-01
 -6.655543977E-01 -8.973516931E-01 -1.067872280E+00 -1.190430131E+00 -1.290098384E+00
 -1.157006116E+00 -1.124478547E+00 -1.067872280E+00 -9.596941250E-01 -7.597572401E-01
 -5.689725695E-01 -4.643306160E-01 -3.269946463E-01 -1.895090318E-01 -1.215917096E-01
 -2.362385523E-02  2.303861752E-02  6.966015284E-02  1.119438366E-01  1.257855546E-01
  1.571975379E-01  1.257855546E-01  1.119438366E-01  6.966015284E-02  2.303861752E-02
 -2.362385523E-02 -1.215917096E-01 -1.895090318E-01 -3.269946463E-01 -4.643306160E-01
 -5.689725695E-01 -7.597572401E-01 -9.596941250E-01 -1.067872280E+00 -1.124478547E+00
 -1.002288640E+00 -9.834181890E-01 -8.973516931E-01 -7.597572401E-01 -6.068216751E-01
 -4.928577009E-01 -3.955943640E-01 -2.467441656E-01 -1.581319224E-01 -8.586384541E-02
  1.147024464E-02  4.644418521E-02  9.713134140E-02  1.285628193E-01  1.373806037E-01
  1.611447031E-01  1.373806037E-01  1.285628193E-01  9.713134140E-02  4.644418521E-02
  1.147024464E-02 -8.586384541E-02 -1.581319224E-01 -2.467441656E-01 -3.955943640E-01
 -4.928577009E-01 -6.068216751E-01 -7.597572401E-01 -8.973516931E-01 -9.834181890E-01
 -7.455447154E-01 -7.425660866E-01 -6.655543977E-01 -5.689725695E-01 -4.928577009E-01
 -3.988189533E-01 -2.876552509E-01 -1.847804107E-01 -1.178546978E-01 -2.563588864E-02
  2.926705734E-02  7.298660637E-02  1.313912621E-01  1.550390537E-01  1.574277285E-01
  1.482797833E-01  1.574277285E-01  1.550390537E-01  1.313912621E-01  7.298660637E-02
  2.926705734E-02 -2.563588864E-02 -1.178546978E-01 -1.847804107E-01 -2.876552509E-01
 -3.988189533E-01 -4.928577009E-01 -5.689725695E-01 -6.655543977E-01 -7.425660866E-01
 -5.385902382E-01 -5.405316133E-01 -5.064263312E-01 -4.643306160E-01 -3.955943640E-01
 -2.876552509E-01 -1.933611634E-01 -1.322971413E-01 -6.011029474E-02  2.641372736E-02
  5.063952870E-02  1.119119209E-01  1.463947783E-01  1.650196726E-01  1.978901673E-01
  1.832130050E-01  1.978901673E-01  1.650196726E-01  1.463947783E-01  1.119119209E-01
  5.063952870E-02  2.641372736E-02 -6.011029474E-02 -1.322971413E-01 -1.933611634E-01
 -2.876552509E-01 -3.955943640E-01 -4.643306160E-01 -5.064263312E-01 -5.405316133E-01
 -4.270451085E-01 -4.208351391E-01 -3.870213016E-01 -3.269946463E-01 -2.467441656E-01
 -1.847804107E-01 -1.322971413E-01 -6.301067656E-02  5.588793226E-03  5.720324481E-02
  8.773997072E-02  1.481420963E-01  1.770289591E-01  1.950621995E-01  2.103598695E-01
  1.926915239E-01  2.103598695E-01  1.950621995E-01  1.770289591E-01  1.481420963E-01
  8.773997072E-02  5.720324481E-02  5.588793226E-03 -6.301067656E-02 -1.322971413E-01
 -1.847804107E-01 -2.467441656E-01 -3.269946463E-01 -3.870213016E-01 -4.208351391E-01
 -2.604530221E-01 -2.502899659E-01 -2.233178414E-01 -1.895090318E-01 -1.581319224E-01
 -1.178546978E-01 -6.011029474E-02  5.588793226E-03  5.254990046E-02  9.521469303E-02
  1.439412390E-01  1.648616769E-01  1.976008864E-01  2.251534032E-01  2.244354670E-01
  2.271521045E-01  2.244354670E-01  2.251534032E-01  1.976008864E-01  1.648616769E-01
  1.439412390E-01  9.521469303E-02  5.254990046E-02  5.588793226E-03 -6.011029474E-02
 -1.178546978E-01 -1.581319224E-01 -1.895090318E-01 -2.233178414E-01 -2.502899659E-01
 -1.669976407E-01 -1.607669337E-01 -1.482406506E-01 -1.215917096E-01 -8.586384541E-02
 -2.563588864E-02  2.641372736E-02  5.720324481E-02  9.521469303E-02  1.309608420E-01
  1.744018779E-01  1.907191701E-01  2.253891854E-01  2.433776541E-01  2.415693531E-01
  2.622382830E-01  2.415693531E-01  2.433776541E-01  2.253891854E-01  1.907191701E-01
  1.744018779E-01  1.309608420E-01  9.521469303E-02  5.720324481E-02  2.641372736E-02
 -2.563588864E-02 -8.586384541E-02 -1.215917096E-01 -1.482406506E-01 -1.607669337E-01
 -7.541435619E-02 -6.929098155E-02 -5.908369368E-02 -2.362385523E-02  1.147024464E-02
  2.926705734E-02  5.063952870E-02  8.773997072E-02  1.439412390E-01  1.744018779E-01
  2.019200024E-01  2.289906970E-01  2.447821422E-01  2.556353045E-01  2.663118816E-01
  2.783081923E-01  2.663118816E-01  2.556353045E-01  2.447821422E-01  2.289906970E-01
  2.019200024E-01  1.744018779E-01  1.439412390E-01  8.773997072E-02  5.063952870E-02
  2.926705734E-02  1.147024464E-02 -2.362385523E-02 -5.908369368E-02 -6.929098155E-02
 -2.528256958E-04  6.664503408E-03  1.406110060E-02  2.303861752E-02  4.644418521E-02
  7.298660637E-02  1.119119209E-01  1.481420963E-01  1.648616769E-01  1.907191701E-01
  2.289906970E-01  2.573627094E-01  2.572231588E-01  2.706842391E-01  2.922991636E-01
  2.921350960E-01  2.922991636E-01  2.706842391E-01  2.572231588E-01  2.573627094E-01
  2.289906970E-01  1.907191701E-01  1.648616769E-01  1.481420963E-01  1.119119209E-01
  7.298660637E-02  4.644418521E-02  2.303861752E-02  1.406110060E-02  6.664503408E-03
  4.528814486E-02  4.690957458E-02  6.246965580E-02  6.966015284E-02  9.713134140E-02
  1.313912621E-01  1.463947783E-01  1.770289591E-01  1.976008864E-01  2.253891854E-01
  2.447821422E-01  2.572231588E-01  2.786769082E-01  2.938713292E-01  2.992964833E-01
  2.950452919E-01  2.992964833E-01  2.938713292E-01  2.786769082E-01  2.572231588E-01
  2.447821422E-01  2.253891854E-01  1.976008864E-01  1.770289591E-01  1.463947783E-01
  1.313912621E-01  9.713134140E-02  6.966015284E-02  6.246965580E-02  4.690957458E-02
  9.009736755E-02  9.045655692E-02  1.045779195E-01  1.119438366E-01  1.285628193E-01
  1.550390537E-01  1.650196726E-01  1.950621995E-01  2.251534032E-01  2.433776541E-01
  2.556353045E-01  2.706842391E-01  2.938713292E-01  2.992462563E-01  3.058244730E-01
  3.157676175E-01  3.058244730E-01  2.992462563E-01  2.938713292E-01  2.706842391E-01
  2.556353045E-01  2.433776541E-01  2.251534032E-01  1.950621995E-01  1.650196726E-01
  1.550390537E-01  1.285628193E-01  1.119438366E-01  1.045779195E-01  9.045655692E-02
  9.740512422E-02  1.060394571E-01  1.107657003E-01  1.257855546E-01  1.373806037E-01
  1.574277285E-01  1.978901673E-01  2.103598695E-01  2.244354670E-01  2.415693531E-01
  2.663118816E-01  2.922991636E-01  2.992964833E-01  3.058244730E-01  3.145144189E-01
  3.199833698E-01  3.145144189E-01  3.058244730E-01  2.992964833E-01  2.922991636E-01
  2.663118816E-01  2.415693531E-01  2.244354670E-01  2.103598695E-01  1.978901673E-01
  1.574277285E-01  1.373806037E-01  1.257855546E-01  1.107657003E-01  1.060394571E-01
  1.100668856E-01  1.248014480E-01  1.290229052E-01  1.571975379E-01  1.611447031E-01
  1.482797833E-01  1.832130050E-01  1.926915239E-01  2.271521045E-01  2.622382830E-01
  2.783081923E-01  2.921350960E-01  2.950452919E-01  3.157676175E-01  3.199833698E-01
  3.115834500E-01  3.199833698E-01  3.157676175E-01  2.950452919E-01  2.921350960E-01
  2.783081923E-01  2.622382830E-01  2.271521045E-01  1.926915239E-01  1.832130050E-01
  1.482797833E-01  1.611447031E-01  1.571975379E-01  1.290229052E-01  1.248014480E-01
  9.740512422E-02  1.060394571E-01  1.107657003E-01  1.257855546E-01  1.373806037E-01
  1.574277285E-01  1.978901673E-01  2.103598695E-01  2.244354670E-01  2.415693531E-01
  2.663118816E-01  2.922991636E-01  2.992964833E-01  3.058244730E-01  3.145144189E-01
  3.199833698E-01  3.145144189E-01  3.058244730E-01  2.992964833E-01  2.922991636E-01
  2.663118816E-01  2.415693531E-01  2.244354670E-01  2.103598695E-01  1.978901673E-01
  1.574277285E-01  1.373806037E-01  1.257855546E-01  1.107657003E-01  1.060394571E-01
  9.009736755E-02  9.045655692E-02  1.045779195E-01  1.119438366E-01  1.285628193E-01
  1.550390537E-01  1.650196726E-01  1.950621995E-01  2.251534032E-01  2.433776541E-01
  2.556353045E-01  2.706842391E-01  2.938713292E-01  2.992462563E-01  3.058244730E-01
  3.157676175E-01  3.058244730E-01  2.992462563E-01  2.938713292E-01  2.706842391E-01
  2.556353045E-01  2.433776541E-01  2.251534032E-01  1.950621995E-01  1.650196726E-01
  1.550390537E-01  1.285628193E-01  1.119438366E-01  1.045779195E-01  9.045655692E-02
  4.528814486E-02  4.690957458E-02  6.246965580E-02  6.966015284E-02  9.713134140E-02
  1.313912621E-01  1.463947783E-01  1.770289591E-01  1.976008864E-01  2.253891854E-01
  2.447821422E-01  2.572231588E-01  2.786769082E-01  2.938713292E-01  2.992964833E-01
  2.950452919E-01  2.992964833E-01  2.938713292E-01  2.786769082E-01  2.572231588E-01
  2.447821422E-01  2.253891854E-01  1.976008864E-01  1.770289591E-01  1.463947783E-01
  1.313912621E-01  9.713134140E-02  6.966015284E-02  6.246965580E-02  4.690957458E-02
 -2.528256958E-04  6.664503408E-03  1.406110060E-02  2.303861752E-02  4.644418521E-02
  7.298660637E-02  1.119119209E-01  1.481420963E-01  1.648616769E-01  1.907191701E-01
  2.289906970E-01  2.573627094E-01  2.572231588E-01  2.706842391E-01  2.922991636E-01
  2.921350960E-01  2.922991636E-01  2.706842391E-01  2.572231588E-01  2.573627094E-01
  2.289906970E-01  1.907191701E-01  1.648616769E-01  1.481420963E-01  1.119119209E-01
  7.298660637E-02  4.644418521E-02  2.303861752E-02  1.406110060E-02  6.664503408E-03
 -7.541435619E-02 -6.929098155E-02 -5.908369368E-02 -2.362385523E-02  1.147024464E-02
  2.926705734E-02  5.063952870E-02  8.773997072E-02  1.439412390E-01  1.744018779E-01
  2.019200024E-01  2.289906970E-01  2.447821422E-01  2.556353045E-01  2.663118816E-01
  2.783081923E-01  2.663118816E-01  2.556353045E-01  2.447821422E-01  2.289906970E-01
  2.019200024E-01  1.744018779E-01  1.439412390E-01  8.773997072E-02  5.063952870E-02
  2.926705734E-02  1.147024464E-02 -2.362385523E-02 -5.908369368E-02 -6.929098155E-02
 -1.669976407E-01 -1.607669337E-01 -1.482406506E-01 -1.215917096E-01 -8.586384541E-02
 -2.563588864E-02  2.641372736E-02  5.720324481E-02  9.521469303E-02  1.309608420E-01
  1.744018779E-01  1.907191701E-01  2.253891854E-01  2.433776541E-01  2.415693531E-01
  2.622382830E-01  2.415693531E-01  2.433776541E-01  2.253891854E-01  1.907191701E-01
  1.744018779E-01  1.309608420E-01  9.521469303E-02  5.720324481E-02  2.641372736E-02
 -2.563588864E-02 -8.586384541E-02 -1.215917096E-01 -1.482406506E-01 -1.607669337E-01
 -2.604530221E-01 -2.502899659E-01 -2.233178414E-01 -1.895090318E-01 -1.581319224E-01
 -1.178546978E-01 -6.011029474E-02  5.588793226E-03  5.254990046E-02  9.521469303E-02
  1.439412390E-01  1.648616769E-01  1.976008864E-01  2.251534032E-01  2.244354670E-01
  2.271521045E-01  2.244354670E-01  2.251534032E-01  1.976008864E-01  1.648616769E-01
  1.439412390E-01  9.521469303E-02  5.254990046E-02  5.588793226E-03 -6.011029474E-02
 -1.178546978E-01 -1.581319224E-01 -1.895090318E-01 -2.233178414E-01 -2.502899659E-01
 -4.270451085E-01 -4.208351391E-01 -3.870213016E-01 -3.269946463E-01 -2.467441656E-01
 -1.847804107E-01 -1.322971413E-01 -6.301067656E-02  5.588793226E-03  5.720324481E-02
  8.773997072E-02  1.481420963E-01  1.770289591E-01  1.950621995E-01  2.103598695E-01
  1.926915239E-01  2.103598695E-01  1.950621995E-01  1.770289591E-01  1.481420963E-01
  8.773997072E-02  5.720324481E-02  5.588793226E-03 -6.301067656E-02 -1.322971413E-01
 -1.847804107E-01 -2.467441656E-01 -3.269946463E-01 -3.870213016E-01 -4.208351391E-01
 -5.385902382E-01 -5.405316133E-01 -5.064263312E-01 -4.643306160E-01 -3.955943640E-01
 -2.876552509E-01 -1.933611634E-01 -1.322971413E-01 -6.011029474E-02  2.641372736E-02
  5.063952870E-02  1.119119209E-01  1.463947783E-01  1.650196726E-01  1.978901673E-01
  1.832130050E-01  1.978901673E-01  1.650196726E-01  1.463947783E-01  1.119119209E-01
  5.063952870E-02  2.641372736E-02 -6.011029474E-02 -1.322971413E-01 -1.933611634E-01
 -2.876552509E-01 -3.955943640E-01 -4.643306160E-01 -5.064263312E-01 -5.405316133E-01
 -7.455447154E-01 -7.425660866E-01 -6.655543977E-01 -5.689725695E-01 -4.928577009E-01
 -3.988189533E-01 -2.876552509E-01 -1.847804107E-01 -1.178546978E-01 -2.563588864E-02
  2.926705734E-02  7.298660637E-02  1.313912621E-01  1.550390537E-01  1.574277285E-01
  1.482797833E-01  1.574277285E-01  1.550390537E-01  1.313912621E-01  7.298660637E-02
  2.926705734E-02 -2.563588864E-02 -1.178546978E-01 -1.847804107E-01 -2.876552509E-01
 -3.988189533E-01 -4.928577009E-01 -5.689725695E-01 -6.655543977E-01 -7.425660866E-01
 -1.002288640E+00 -9.834181890E-01 -8.973516931E-01 -7.597572401E-01 -6.068216751E-01
 -4.928577009E-01 -3.955943640E-01 -2.467441656E-01 -1.581319224E-01 -8.586384541E-02
  1.147024464E-02  4.644418521E-02  9.713134140E-02  1.285628193E-01  1.373806037E-01
  1.611447031E-01  1.373806037E-01  1.285628193E-01  9.713134140E-02  4.644418521E-02
  1.147024464E-02 -8.586384541E-02 -1.581319224E-01 -2.467441656E-01 -3.955943640E-01
 -4.928577009E-01 -6.068216751E-01 -7.597572401E-01 -8.973516931E-01 -9.834181890E-01
 -1.157006116E+00 -1.124478547E+00 -1.067872280E+00 -9.596941250E-01 -7.597572401E-01
 -5.689725695E-01 -4.643306160E-01 -3.269946463E-01 -1.895090318E-01 -1.215917096E-01
 -2.362385523E-02  2.303861752E-02  6.966015284E-02  1.119438366E-01  1.257855546E-01
  1.571975379E-01  1.257855546E-01  1.119438366E-01  6.966015284E-02  2.303861752E-02
 -2.362385523E-02 -1.215917096E-01 -1.895090318E-01 -3.269946463E-01 -4.643306160E-01
 -5.689725695E-01 -7.597572401E-01 -9.596941250E-01 -1.067872280E+00 -1.124478547E+00
 -1.344524414E+00 -1.290098384E+00 -1.190430131E+00 -1.067872280E+00 -8.973516931E-01
 -6.655543977E-01 -5.064263312E-01 -3.870213016E-01 -2.233178414E-01 -1.482406506E-01
 -5.908369368E-02  1.406110060E-02  6.246965580E-02  1.045779195E-01  1.107657003E-01
  1.290229052E-01  1.107657003E-01  1.045779195E-01  6.246965580E-02  1.406110060E-02
 -5.908369368E-02 -1.482406506E-01 -2.233178414E-01 -3.870213016E-01 -5.064263312E-01
 -6.655543977E-01 -8.973516931E-01 -1.067872280E+00 -1.190430131E+00 -1.290098384E+00
 -1.533657476E+00 -1.458383918E+00 -1.290098384E+00 -1.124478547E+00 -9.834181890E-01
 -7.425660866E-01 -5.405316133E-01 -4.208351391E-01 -2.502899659E-01 -1.607669337E-01
 -6.929098155E-02  6.664503408E-03  4.690957458E-02  9.045655692E-02  1.060394571E-01
  1.248014480E-01  1.060394571E-01  9.045655692E-02  4.690957458E-02  6.664503408E-03
 -6.929098155E-02 -1.607669337E-01 -2.502899659E-01 -4.208351391E-01 -5.405316133E-01
 -7.425660866E-01 -9.834181890E-01 -1.124478547E+00 -1.290098384E+00 -1.458383918E+00
 -1.126992615E+00 -1.098013019E+00 -1.030733762E+00 -9.140868513E-01 -7.103539785E-01
 -5.385902382E-01 -4.539645948E-01 -3.097721602E-01 -1.854513879E-01 -1.152199496E-01
 -1.945620360E-02  2.822813665E-02  9.022971997E-02  1.246594923E-01  1.219932008E-01
  1.431225509E-01  1.219932008E-01  1.246594923E-01  9.022971997E-02  2.822813665E-02
 -1.945620360E-02 -1.152199496E-01 -1.854513879E-01 -3.097721602E-01 -4.539645948E-01
 -5.385902382E-01 -7.103539785E-01 -9.140868513E-01 -1.030733762E+00 -1.098013019E+00
 -1.098013019E+00 -1.073465455E+00 -1.005697543E+00 -8.749143396E-01 -6.862402181E-01
 -5.405316133E-01 -4.395073559E-01 -2.891366506E-01 -1.802906191E-01 -1.104844354E-01
 -8.431302342E-03  3.562925134E-02  7.814824860E-02  1.140545680E-01  1.320270464E-01
  1.597008441E-01  1.320270464E-01  1.140545680E-01  7.814824860E-02  3.562925134E-02
 -8.431302342E-03 -1.104844354E-01 -1.802906191E-01 -2.891366506E-01 -4.395073559E-01
 -5.405316133E-01 -6.862402181E-01 -8.749143396E-01 -1.005697543E+00 -1.073465455E+00
 -1.030733762E+00 -1.005697543E+00 -9.348675161E-01 -7.870356467E-01 -6.120640413E-01
 -5.064263312E-01 -3.991437303E-01 -2.530866407E-01 -1.646952031E-01 -9.360153716E-02
 -4.930488508E-05  4.564897138E-02  9.111824532E-02  1.275131106E-01  1.345120335E-01
  1.442584380E-01  1.345120335E-01  1.275131106E-01  9.111824532E-02  4.564897138E-02
 -4.930488508E-05 -9.360153716E-02 -1.646952031E-01 -2.530866407E-01 -3.991437303E-01
 -5.064263312E-01 -6.120640413E-01 -7.870356467E-01 -9.348675161E-01 -1.005697543E+00
 -9.140868513E-01 -8.749143396E-01 -7.870356467E-01 -6.656346663E-01 -5.431584660E-01
 -4.643306160E-01 -3.505894432E-01 -2.181389258E-01 -1.427420912E-01 -5.669888447E-02
  1.996998803E-02  6.024104024E-02  1.078983007E-01  1.376763707E-01  1.483149625E-01
  1.548283994E-01  1.483149625E-01  1.376763707E-01  1.078983007E-01  6.024104024E-02
  1.996998803E-02 -5.669888447E-02 -1.427420912E-01 -2.181389258E-01 -3.505894432E-01
 -4.643306160E-01 -5.431584660E-01 -6.656346663E-01 -7.870356467E-01 -8.749143396E-01
 -7.103539785E-01 -6.862402181E-01 -6.120640413E-01 -5.431584660E-01 -4.853135975E-01
 -3.955943640E-01 -2.632059481E-01 -1.672771990E-01 -1.150377030E-01 -2.262519252E-02
  3.854461391E-02  9.060055926E-02  1.282473775E-01  1.404770802E-01  1.681140392E-01
  1.758511033E-01  1.681140392E-01  1.404770802E-01  1.282473775E-01  9.060055926E-02
  3.854461391E-02 -2.262519252E-02 -1.150377030E-01 -1.672771990E-01 -2.632059481E-01
 -3.955943640E-01 -4.853135975E-01 -5.431584660E-01 -6.120640413E-01 -6.862402181E-01
 -5.385902382E-01 -5.405316133E-01 -5.064263312E-01 -4.643306160E-01 -3.955943640E-01
 -2.876552509E-01 -1.933611634E-01 -1.322971413E-01 -6.011029474E-02  2.641372736E-02
  5.063952870E-02  1.119119209E-01  1.463947783E-01  1.650196726E-01  1.978901673E-01
  1.832130050E-01  1.978901673E-01  1.650196726E-01  1.463947783E-01  1.119119209E-01
  5.063952870E-02  2.641372736E-02 -6.011029474E-02 -1.322971413E-01 -1.933611634E-01
 -2.876552509E-01 -3.955943640E-01 -4.643306160E-01 -5.064263312E-01 -5.405316133E-01
 -4.539645948E-01 -4.395073559E-01 -3.991437303E-01 -3.505894432E-01 -2.632059481E-01
 -1.933611634E-01 -1.495994883E-01 -7.925197064E-02 -1.834483695E-03  6.251752199E-02
  9.309101067E-02  1.474011630E-01  1.521161589E-01  1.755536101E-01  2.232828146E-01
  2.099233490E-01  2.232828146E-01  1.755536101E-01  1.521161589E-01  1.474011630E-01
  9.309101067E-02  6.251752199E-02 -1.834483695E-03 -7.925197064E-02 -1.495994883E-01
 -1.933611634E-01 -2.632059481E-01 -3.505894432E-01 -3.991437303E-01 -4.395073559E-01
 -3.097721602E-01 -2.891366506E-01 -2.530866407E-01 -2.181389258E-01 -1.672771990E-01
 -1.322971413E-01 -7.925197064E-02  3.092841059E-04  3.955975139E-02  8.005584039E-02
  1.330250452E-01  1.742925665E-01  1.922901907E-01  2.109573549E-01  2.242653705E-01
  2.171922783E-01  2.242653705E-01  2.109573549E-01  1.922901907E-01  1.742925665E-01
  1.330250452E-01  8.005584039E-02  3.955975139E-02  3.092841059E-04 -7.925197064E-02
 -1.322971413E-01 -1.672771990E-01 -2.181389258E-01 -2.530866407E-01 -2.891366506E-01
 -1.854513879E-01 -1.802906191E-01 -1.646952031E-01 -1.427420912E-01 -1.150377030E-01
 -6.011029474E-02 -1.834483695E-03  3.955975139E-02  8.262890288E-02  1.306782932E-01
  1.675438927E-01  1.810428778E-01  2.152040314E-01  2.352144655E-01  2.449098596E-01
  2.652824399E-01  2.449098596E-01  2.352144655E-01  2.152040314E-01  1.810428778E-01
  1.675438927E-01  1.306782932E-01  8.262890288E-02  3.955975139E-02 -1.834483695E-03
 -6.011029474E-02 -1.150377030E-01 -1.427420912E-01 -1.646952031E-01 -1.802906191E-01
 -1.152199496E-01 -1.104844354E-01 -9.360153716E-02 -5.669888447E-02 -2.262519252E-02
  2.641372736E-02  6.251752199E-02  8.005584039E-02  1.306782932E-01  1.609651313E-01
  1.898061646E-01  2.229419318E-01  2.403065814E-01  2.463877547E-01  2.587062588E-01
  2.771940997E-01  2.587062588E-01  2.463877547E-01  2.403065814E-01  2.229419318E-01
  1.898061646E-01  1.609651313E-01  1.306782932E-01  8.005584039E-02  6.251752199E-02
  2.641372736E-02 -2.262519252E-02 -5.669888447E-02 -9.360153716E-02 -1.104844354E-01
 -1.945620360E-02 -8.431302342E-03 -4.930488508E-05  1.996998803E-02  3.854461391E-02
  5.063952870E-02  9.309101067E-02  1.330250452E-01  1.675438927E-01  1.898061646E-01
  2.139832716E-01  2.460790513E-01  2.584947240E-01  2.818860800E-01  2.858468935E-01
  2.695048884E-01  2.858468935E-01  2.818860800E-01  2.584947240E-01  2.460790513E-01
  2.139832716E-01  1.898061646E-01  1.675438927E-01  1.330250452E-01  9.309101067E-02
  5.063952870E-02  3.854461391E-02  1.996998803E-02 -4.930488508E-05 -8.431302342E-03
  2.822813665E-02  3.562925134E-02  4.564897138E-02  6.024104024E-02  9.060055926E-02
  1.119119209E-01  1.474011630E-01  1.742925665E-01  1.810428778E-01  2.229419318E-01
  2.460790513E-01  2.568793301E-01  2.758784910E-01  2.922126738E-01  2.993258341E-01
  2.919646031E-01  2.993258341E-01  2.922126738E-01  2.758784910E-01  2.568793301E-01
  2.460790513E-01  2.229419318E-01  1.810428778E-01  1.742925665E-01  1.474011630E-01
  1.119119209E-01  9.060055926E-02  6.024104024E-02  4.564897138E-02  3.562925134E-02
  9.022971997E-02  7.814824860E-02  9.111824532E-02  1.078983007E-01  1.282473775E-01
  1.463947783E-01  1.521161589E-01  1.922901907E-01  2.152040314E-01  2.403065814E-01
  2.584947240E-01  2.758784910E-01  3.087326061E-01  3.034438101E-01  3.034166985E-01
  3.161686016E-01  3.034166985E-01  3.034438101E-01  3.087326061E-01  2.758784910E-01
  2.584947240E-01  2.403065814E-01  2.152040314E-01  1.922901907E-01  1.521161589E-01
  1.463947783E-01  1.282473775E-01  1.078983007E-01  9.111824532E-02  7.814824860E-02
  1.246594923E-01  1.140545680E-01  1.275131106E-01  1.376763707E-01  1.404770802E-01
  1.650196726E-01  1.755536101E-01  2.109573549E-01  2.352144655E-01  2.463877547E-01
  2.818860800E-01  2.922126738E-01  3.034438101E-01  3.159107556E-01  3.201977317E-01
  3.287929684E-01  3.201977317E-01  3.159107556E-01  3.034438101E-01  2.922126738E-01
  2.818860800E-01  2.463877547E-01  2.352144655E-01  2.109573549E-01  1.755536101E-01
  1.650196726E-01  1.404770802E-01  1.376763707E-01  1.275131106E-01  1.140545680E-01
  1.219932008E-01  1.320270464E-01  1.345120335E-01  1.483149625E-01  1.681140392E-01
  1.978901673E-01  2.232828146E-01  2.242653705E-01  2.449098596E-01  2.587062588E-01
  2.858468935E-01  2.993258341E-01  3.034166985E-01  3.201977317E-01  3.223387922E-01
  3.253807203E-01  3.223387922E-01  3.201977317E-01  3.034166985E-01  2.993258341E-01
  2.858468935E-01  2.587062588E-01  2.449098596E-01  2.242653705E-01  2.232828146E-01
  1.978901673E-01  1.681140392E-01  1.483149625E-01  1.345120335E-01  1.320270464E-01
  1.431225509E-01  1.597008441E-01  1.442584380E-01  1.548283994E-01  1.758511033E-01
  1.832130050E-01  2.099233490E-01  2.171922783E-01  2.652824399E-01  2.771940997E-01
  2.695048884E-01  2.919646031E-01  3.161686016E-01  3.287929684E-01  3.253807203E-01
  3.300892356E-01  3.253807203E-01  3.287929684E-01  3.161686016E-01  2.919646031E-01
  2.695048884E-01  2.771940997E-01  2.652824399E-01  2.171922783E-01  2.099233490E-01
  1.832130050E-01  1.758511033E-01  1.548283994E-01  1.442584380E-01  1.597008441E-01
  1.219932008E-01  1.320270464E-01  1.345120335E-01  1.483149625E-01  1.681140392E-01
  1.978901673E-01  2.232828146E-01  2.242653705E-01  2.449098596E-01  2.587062588E-01
  2.858468935E-01  2.993258341E-01  3.034166985E-01  3.201977317E-01  3.223387922E-01
  3.253807203E-01  3.223387922E-01  3.201977317E-01  3.034166985E-01  2.993258341E-01
  2.858468935E-01  2.587062588E-01  2.449098596E-01  2.242653705E-01  2.232828146E-01
  1.978901673E-01  1.681140392E-01  1.483149625E-01  1.345120335E-01  1.320270464E-01
  1.246594923E-01  1.140545680E-01  1.275131106E-01  1.376763707E-01  1.404770802E-01
  1.650196726E-01  1.755536101E-01  2.109573549E-01  2.352144655E-01  2.463877547E-01
  2.818860800E-01  2.922126738E-01  3.034438101E-01  3.159107556E-01  3.201977317E-01
  3.287929684E-01  3.201977317E-01  3.159107556E-01  3.034438101E-01  2.922126738E-01
  2.818860800E-01  2.463877547E-01  2.352144655E-01  2.109573549E-01  1.755536101E-01
  1.650196726E-01  1.404770802E-01  1.376763707E-01  1.275131106E-01  1.140545680E-01
  9.022971997E-02  7.814824860E-02  9.111824532E-02  1.078983007E-01  1.282473775E-01
  1.463947783E-01  1.521161589E-01  1.922901907E-01  2.152040314E-01  2.403065814E-01
  2.584947240E-01  2.758784910E-01  3.087326061E-01  3.034438101E-01  3.034166985E-01
  3.161686016E-01  3.034166985E-01  3.034438101E-01  3.087326061E-01  2.758784910E-01
  2.584947240E-01  2.403065814E-01  2.152040314E-01  1.922901907E-01  1.521161589E-01
  1.463947783E-01  1.282473775E-01  1.078983007E-01  9.111824532E-02  7.814824860E-02
  2.822813665E-02  3.562925134E-02  4.564897138E-02  6.024104024E-02  9.060055926E-02
  1.119119209E-01  1.474011630E-01  1.742925665E-01  1.810428778E-01  2.229419318E-01
  2.460790513E-01  2.568793301E-01  2.758784910E-01  2.922126738E-01  2.993258341E-01
  2.919646031E-01  2.993258341E-01  2.922126738E-01  2.758784910E-01  2.568793301E-01
  2.460790513E-01  2.229419318E-01  1.810428778E-01  1.742925665E-01  1.474011630E-01
  1.119119209E-01  9.060055926E-02  6.024104024E-02  4.564897138E-02  3.562925134E-02
 -1.945620360E-02 -8.431302342E-03 -4.930488508E-05  1.996998803E-02  3.854461391E-02
  5.063952870E-02  9.309101067E-02  1.330250452E-01  1.675438927E-01  1.898061646E-01
  2.139832716E-01  2.460790513E-01  2.584947240E-01  2.818860800E-01  2.858468935E-01
  2.695048884E-01  2.858468935E-01  2.818860800E-01  2.584947240E-01  2.460790513E-01
  2.139832716E-01  1.898061646E-01  1.675438927E-01  1.330250452E-01  9.309101067E-02
  5.063952870E-02  3.854461391E-02  1.996998803E-02 -4.930488508E-05 -8.431302342E-03
 -1.152199496E-01 -1.104844354E-01 -9.360153716E-02 -5.669888447E-02 -2.262519252E-02
  2.641372736E-02  6.251752199E-02  8.005584039E-02  1.306782932E-01  1.609651313E-01
  1.898061646E-01  2.229419318E-01  2.403065814E-01  2.463877547E-01  2.587062588E-01
  2.771940997E-01  2.587062588E-01  2.463877547E-01  2.403065814E-01  2.229419318E-01
  1.898061646E-01  1.609651313E-01  1.306782932E-01  8.005584039E-02  6.251752199E-02
  2.641372736E-02 -2.262519252E-02 -5.669888447E-02 -9.360153716E-02 -1.104844354E-01
 -1.854513879E-01 -1.802906191E-01 -1.646952031E-01 -1.427420912E-01 -1.150377030E-01
 -6.011029474E-02 -1.834483695E-03  3.955975139E-02  8.262890288E-02  1.306782932E-01
  1.675438927E-01  1.810428778E-01  2.152040314E-01  2.352144655E-01  2.449098596E-01
  2.652824399E-01  2.449098596E-01  2.352144655E-01  2.152040314E-01  1.810428778E-01
  1.675438927E-01  1.306782932E-01  8.262890288E-02  3.955975139E-02 -1.834483695E-03
 -6.011029474E-02 -1.150377030E-01 -1.427420912E-01 -1.646952031E-01 -1.802906191E-01
 -3.097721602E-01 -2.891366506E-01 -2.530866407E-01 -2.181389258E-01 -1.672771990E-01
 -1.322971413E-01 -7.925197064E-02  3.092841059E-04  3.955975139E-02  8.005584039E-02
  1.330250452E-01  1.742925665E-01  1.922901907E-01  2.109573549E-01  2.242653705E-01
  2.171922783E-01  2.242653705E-01  2.109573549E-01  1.922901907E-01  1.742925665E-01
  1.330250452E-01  8.005584039E-02  3.955975139E-02  3.092841059E-04 -7.925197064E-02
 -1.322971413E-01 -1.672771990E-01 -2.181389258E-01 -2.530866407E-01 -2.891366506E-01
 -4.539645948E-01 -4.395073559E-01 -3.991437303E-01 -3.505894432E-01 -2.632059481E-01
 -1.933611634E-01 -1.495994883E-01 -7.925197064E-02 -1.834483695E-03  6.251752199E-02
  9.309101067E-02  1.474011630E-01  1.521161589E-01  1.755536101E-01  2.232828146E-01
  2.099233490E-01  2.232828146E-01  1.755536101E-01  1.521161589E-01  1.474011630E-01
  9.309101067E-02  6.251752199E-02 -1.834483695E-03 -7.925197064E-02 -1.495994883E-01
 -1.933611634E-01 -2.632059481E-01 -3.505894432E-01 -3.991437303E-01 -4.395073559E-01
 -5.385902382E-01 -5.405316133E-01 -5.064263312E-01 -4.643306160E-01 -3.955943640E-01
 -2.876552509E-01 -1.933611634E-01 -1.322971413E-01 -6.011029474E-02  2.641372736E-02
  5.063952870E-02  1.119119209E-01  1.463947783E-01  1.650196726E-01  1.978901673E-01
  1.832130050E-01  1.978901673E-01  1.650196726E-01  1.463947783E-01  1.119119209E-01
  5.063952870E-02  2.641372736E-02 -6.011029474E-02 -1.322971413E-01 -1.933611634E-01
 -2.876552509E-01 -3.955943640E-01 -4.643306160E-01 -5.064263312E-01 -5.405316133E-01
 -7.103539785E-01 -6.862402181E-01 -6.120640413E-01 -5.431584660E-01 -4.853135975E-01
 -3.955943640E-01 -2.632059481E-01 -1.672771990E-01 -1.150377030E-01 -2.262519252E-02
  3.854461391E-02  9.060055926E-02  1.282473775E-01  1.404770802E-01  1.681140392E-01
  1.758511033E-01  1.681140392E-01  1.404770802E-01  1.282473775E-01  9.060055926E-02
  3.854461391E-02 -2.262519252E-02 -1.150377030E-01 -1.672771990E-01 -2.632059481E-01
 -3.955943640E-01 -4.853135975E-01 -5.431584660E-01 -6.120640413E-01 -6.862402181E-01
 -9.140868513E-01 -8.749143396E-01 -7.870356467E-01 -6.656346663E-01 -5.431584660E-01
 -4.643306160E-01 -3.505894432E-01 -2.181389258E-01 -1.427420912E-01 -5.669888447E-02
  1.996998803E-02  6.024104024E-02  1.078983007E-01  1.376763707E-01  1.483149625E-01
  1.548283994E-01  1.483149625E-01  1.376763707E-01  1.078983007E-01  6.024104024E-02
  1.996998803E-02 -5.669888447E-02 -1.427420912E-01 -2.181389258E-01 -3.505894432E-01
 -4.643306160E-01 -5.431584660E-01 -6.656346663E-01 -7.870356467E-01 -8.749143396E-01
 -1.030733762E+00 -1.005697543E+00 -9.348675161E-01 -7.870356467E-01 -6.120640413E-01
 -5.064263312E-01 -3.991437303E-01 -2.530866407E-01 -1.646952031E-01 -9.360153716E-02
 -4.930488508E-05  4.564897138E-02  9.111824532E-02  1.275131106E-01  1.345120335E-01
  1.442584380E-01  1.345120335E-01  1.275131106E-01  9.111824532E-02  4.564897138E-02
 -4.930488508E-05 -9.360153716E-02 -1.646952031E-01 -2.530866407E-01 -3.991437303E-01
 -5.064263312E-01 -6.120640413E-01 -7.870356467E-01 -9.348675161E-01 -1.005697543E+00
 -1.098013019E+00 -1.073465455E+00 -1.005697543E+00 -8.749143396E-01 -6.862402181E-01
 -5.405316133E-01 -4.395073559E-01 -2.891366506E-01 -1.802906191E-01 -1.104844354E-01
 -8.431302342E-03  3.562925134E-02  7.814824860E-02  1.140545680E-01  1.320270464E-01
  1.597008441E-01  1.320270464E-01  1.140545680E-01  7.814824860E-02  3.562925134E-02
 -8.431302342E-03 -1.104844354E-01 -1.802906191E-01 -2.891366506E-01 -4.395073559E-01
 -5.405316133E-01 -6.862402181E-01 -8.749143396E-01 -1.005697543E+00 -1.073465455E+00
 -7.863090172E-01 -7.641323232E-01 -6.835853974E-01 -5.920269115E-01 -5.078337703E-01
 -4.270451085E-01 -3.097721602E-01 -1.860002032E-01 -1.233655490E-01 -3.480008854E-02
  2.089367268E-02  5.943509145E-02  1.267738356E-01  1.493104580E-01  1.507668123E-01
  1.519640413E-01  1.507668123E-01  1.493104580E-01  1.267738356E-01  5.943509145E-02
  2.089367268E-02 -3.480008854E-02 -1.233655490E-01 -1.860002032E-01 -3.097721602E-01
 -4.270451085E-01 -5.078337703E-01 -5.920269115E-01 -6.835853974E-01 -7.641323232E-01
 -7.641323232E-01 -7.432234927E-01 -6.655005183E-01 -5.774883919E-01 -5.061231895E-01
 -4.208351391E-01 -2.891366506E-01 -1.814243730E-01 -1.260979434E-01 -2.904302551E-02
  3.394237540E-02  7.023279881E-02  1.133012459E-01  1.358862075E-01  1.629149024E-01
  1.742589525E-01  1.629149024E-01  1.358862075E-01  1.133012459E-01  7.023279881E-02
  3.394237540E-02 -2.904302551E-02 -1.260979434E-01 -1.814243730E-01 -2.891366506E-01
 -4.208351391E-01 -5.061231895E-01 -5.774883919E-01 -6.655005183E-01 -7.432234927E-01
 -6.835853974E-01 -6.655005183E-01 -6.087112178E-01 -5.430950697E-01 -4.823554652E-01
 -3.870213016E-01 -2.530866407E-01 -1.734896561E-01 -1.132770092E-01 -1.516430081E-02
  3.508091821E-02  8.482695118E-02  1.287495192E-01  1.516100905E-01  1.698186221E-01
  1.645196653E-01  1.698186221E-01  1.516100905E-01  1.287495192E-01  8.482695118E-02
  3.508091821E-02 -1.516430081E-02 -1.132770092E-01 -1.734896561E-01 -2.530866407E-01
 -3.870213016E-01 -4.823554652E-01 -5.430950697E-01 -6.087112178E-01 -6.655005183E-01
 -5.920269115E-01 -5.774883919E-01 -5.430950697E-01 -4.977919536E-01 -4.280285141E-01
 -3.269946463E-01 -2.181389258E-01 -1.535882946E-01 -7.616363585E-02  1.312094716E-02
  4.034603481E-02  9.467641746E-02  1.417788734E-01  1.670156861E-01  1.841544451E-01
  1.717799756E-01  1.841544451E-01  1.670156861E-01  1.417788734E-01  9.467641746E-02
  4.034603481E-02  1.312094716E-02 -7.616363585E-02 -1.535882946E-01 -2.181389258E-01
 -3.269946463E-01 -4.280285141E-01 -4.977919536E-01 -5.430950697E-01 -5.774883919E-01
 -5.078337703E-01 -5.061231895E-01 -4.823554652E-01 -4.280285141E-01 -3.415991552E-01
 -2.467441656E-01 -1.672771990E-01 -1.119581206E-01 -4.005611882E-02  3.417992554E-02
  6.431939405E-02  1.225540813E-01  1.504696936E-01  1.677704326E-01  1.992776151E-01
  1.944228595E-01  1.992776151E-01  1.677704326E-01  1.504696936E-01  1.225540813E-01
  6.431939405E-02  3.417992554E-02 -4.005611882E-02 -1.119581206E-01 -1.672771990E-01
 -2.467441656E-01 -3.415991552E-01 -4.280285141E-01 -4.823554652E-01 -5.061231895E-01
 -4.270451085E-01 -4.208351391E-01 -3.870213016E-01 -3.269946463E-01 -2.467441656E-01
 -1.847804107E-01 -1.322971413E-01 -6.301067656E-02  5.588793226E-03  5.720324481E-02
  8.773997072E-02  1.481420963E-01  1.770289591E-01  1.950621995E-01  2.103598695E-01
  1.926915239E-01  2.103598695E-01  1.950621995E-01  1.770289591E-01  1.481420963E-01
  8.773997072E-02  5.720324481E-02  5.588793226E-03 -6.301067656E-02 -1.322971413E-01
 -1.847804107E-01 -2.467441656E-01 -3.269946463E-01 -3.870213016E-01 -4.208351391E-01
 -3.097721602E-01 -2.891366506E-01 -2.530866407E-01 -2.181389258E-01 -1.672771990E-01
 -1.322971413E-01 -7.925197064E-02  3.092841059E-04  3.955975139E-02  8.005584039E-02
  1.330250452E-01  1.742925665E-01  1.922901907E-01  2.109573549E-01  2.242653705E-01
  2.171922783E-01  2.242653705E-01  2.109573549E-01  1.922901907E-01  1.742925665E-01
  1.330250452E-01  8.005584039E-02  3.955975139E-02  3.092841059E-04 -7.925197064E-02
 -1.322971413E-01 -1.672771990E-01 -2.181389258E-01 -2.530866407E-01 -2.891366506E-01
 -1.860002032E-01 -1.814243730E-01 -1.734896561E-01 -1.535882946E-01 -1.119581206E-01
 -6.301067656E-02  3.092841059E-04  5.515497921E-02  6.895281509E-02  1.102819316E-01
  1.666353973E-01  1.852800580E-01  2.205672258E-01  2.395183499E-01  2.357149566E-01
  2.430396519E-01  2.357149566E-01  2.395183499E-01  2.205672258E-01  1.852800580E-01
  1.666353973E-01  1.102819316E-01  6.895281509E-02  5.515497921E-02  3.092841059E-04
 -6.301067656E-02 -1.119581206E-01 -1.535882946E-01 -1.734896561E-01 -1.814243730E-01
 -1.233655490E-01 -1.260979434E-01 -1.132770092E-01 -7.616363585E-02 -4.005611882E-02
  5.588793226E-03  3.955975139E-02  6.895281509E-02  1.199920115E-01  1.636219145E-01
  1.924059067E-01  2.038054065E-01  2.397632973E-01  2.550886114E-01  2.574566981E-01
  2.787316020E-01  2.574566981E-01  2.550886114E-01  2.397632973E-01  2.038054065E-01
  1.924059067E-01  1.636219145E-01  1.199920115E-01  6.895281509E-02  3.955975139E-02
  5.588793226E-03 -4.005611882E-02 -7.616363585E-02 -1.132770092E-01 -1.260979434E-01
 -3.480008854E-02 -2.904302551E-02 -1.516430081E-02  1.312094716E-02  3.417992554E-02
  5.720324481E-02  8.005584039E-02  1.102819316E-01  1.636219145E-01  1.811562394E-01
  2.129382312E-01  2.561152218E-01  2.604099582E-01  2.656586967E-01  2.761110746E-01
  2.805186868E-01  2.761110746E-01  2.656586967E-01  2.604099582E-01  2.561152218E-01
  2.129382312E-01  1.811562394E-01  1.636219145E-01  1.102819316E-01  8.005584039E-02
  5.720324481E-02  3.417992554E-02  1.312094716E-02 -1.516430081E-02 -2.904302551E-02
  2.089367268E-02  3.394237540E-02  3.508091821E-02  4.034603481E-02  6.431939405E-02
  8.773997072E-02  1.330250452E-01  1.666353973E-01  1.924059067E-01  2.129382312E-01
  2.300927164E-01  2.606072762E-01  2.691100066E-01  2.989945104E-01  3.092732735E-01
  2.851006019E-01  3.092732735E-01  2.989945104E-01  2.691100066E-01  2.606072762E-01
  2.300927164E-01  2.129382312E-01  1.924059067E-01  1.666353973E-01  1.330250452E-01
  8.773997072E-02  6.431939405E-02  4.034603481E-02  3.508091821E-02  3.394237540E-02
  5.943509145E-02  7.023279881E-02  8.482695118E-02  9.467641746E-02  1.225540813E-01
  1.481420963E-01  1.742925665E-01  1.852800580E-01  2.038054065E-01  2.561152218E-01
  2.606072762E-01  2.724217852E-01  2.921613701E-01  2.981068928E-01  3.145133370E-01
  3.150065282E-01  3.145133370E-01  2.981068928E-01  2.921613701E-01  2.724217852E-01
  2.606072762E-01  2.561152218E-01  2.038054065E-01  1.852800580E-01  1.742925665E-01
  1.481420963E-01  1.225540813E-01  9.467641746E-02  8.482695118E-02  7.023279881E-02
  1.267738356E-01  1.133012459E-01  1.287495192E-01  1.417788734E-01  1.504696936E-01
  1.770289591E-01  1.922901907E-01  2.205672258E-01  2.397632973E-01  2.604099582E-01
  2.691100066E-01  2.921613701E-01  3.170214496E-01  3.051640197E-01  3.182081180E-01
  3.371750814E-01  3.182081180E-01  3.051640197E-01  3.170214496E-01  2.921613701E-01
  2.691100066E-01  2.604099582E-01  2.397632973E-01  2.205672258E-01  1.922901907E-01
  1.770289591E-01  1.504696936E-01  1.417788734E-01  1.287495192E-01  1.133012459E-01
  1.493104580E-01  1.358862075E-01  1.516100905E-01  1.670156861E-01  1.677704326E-01
  1.950621995E-01  2.109573549E-01  2.395183499E-01  2.550886114E-01  2.656586967E-01
  2.989945104E-01  2.981068928E-01  3.051640197E-01  3.336301890E-01  3.352258250E-01
  3.291757040E-01  3.352258250E-01  3.336301890E-01  3.051640197E-01  2.981068928E-01
  2.989945104E-01  2.656586967E-01  2.550886114E-01  2.395183499E-01  2.109573549E-01
  1.950621995E-01  1.677704326E-01  1.670156861E-01  1.516100905E-01  1.358862075E-01
  1.507668123E-01  1.629149024E-01  1.698186221E-01  1.841544451E-01  1.992776151E-01
  2.103598695E-01  2.242653705E-01  2.357149566E-01  2.574566981E-01  2.761110746E-01
  3.092732735E-01  3.145133370E-01  3.182081180E-01  3.352258250E-01  3.327086368E-01
  3.347946603E-01  3.327086368E-01  3.352258250E-01  3.182081180E-01  3.145133370E-01
  3.092732735E-01  2.761110746E-01  2.574566981E-01  2.357149566E-01  2.242653705E-01
  2.103598695E-01  1.992776151E-01  1.841544451E-01  1.698186221E-01  1.629149024E-01
  1.519640413E-01  1.742589525E-01  1.645196653E-01  1.717799756E-01  1.944228595E-01
  1.926915239E-01  2.171922783E-01  2.430396519E-01  2.787316020E-01  2.805186868E-01
  2.851006019E-01  3.150065282E-01  3.371750814E-01  3.291757040E-01  3.347946603E-01
  3.628954927E-01  3.347946603E-01  3.291757040E-01  3.371750814E-01  3.150065282E-01
  2.851006019E-01  2.805186868E-01  2.787316020E-01  2.430396519E-01  2.171922783E-01
  1.926915239E-01  1.944228595E-01  1.717799756E-01  1.645196653E-01  1.742589525E-01
  1.507668123E-01  1.629149024E-01  1.698186221E-01  1.841544451E-01  1.992776151E-01
  2.103598695E-01  2.242653705E-01  2.357149566E-01  2.574566981E-01  2.761110746E-01
  3.092732735E-01  3.145133370E-01  3.182081180E-01  3.352258250E-01  3.327086368E-01
  3.347946603E-01  3.327086368E-01  3.352258250E-01  3.182081180E-01  3.145133370E-01
  3.092732735E-01  2.761110746E-01  2.574566981E-01  2.357149566E-01  2.242653705E-01
  2.103598695E-01  1.992776151E-01  1.841544451E-01  1.698186221E-01  1.629149024E-01
  1.493104580E-01  1.358862075E-01  1.516100905E-01  1.670156861E-01  1.677704326E-01
  1.950621995E-01  2.109573549E-01  2.395183499E-01  2.550886114E-01  2.656586967E-01
  2.989945104E-01  2.981068928E-01  3.051640197E-01  3.336301890E-01  3.352258250E-01
  3.291757040E-01  3.352258250E-01  3.336301890E-01  3.051640197E-01  2.981068928E-01
  2.989945104E-01  2.656586967E-01  2.550886114E-01  2.395183499E-01  2.109573549E-01
  1.950621995E-01  1.677704326E-01  1.670156861E-01  1.516100905E-01  1.358862075E-01
  1.267738356E-01  1.133012459E-01  1.287495192E-01  1.417788734E-01  1.504696936E-01
  1.770289591E-01  1.922901907E-01  2.205672258E-01  2.397632973E-01  2.604099582E-01
  2.691100066E-01  2.921613701E-01  3.170214496E-01  3.051640197E-01  3.182081180E-01
  3.371750814E-01  3.182081180E-01  3.051640197E-01  3.170214496E-01  2.921613701E-01
  2.691100066E-01  2.604099582E-01  2.397632973E-01  2.205672258E-01  1.922901907E-01
  1.770289591E-01  1.504696936E-01  1.417788734E-01  1.287495192E-01  1.133012459E-01
  5.943509145E-02  7.023279881E-02  8.482695118E-02  9.467641746E-02  1.225540813E-01
  1.481420963E-01  1.742925665E-01  1.852800580E-01  2.038054065E-01  2.561152218E-01
  2.606072762E-01  2.724217852E-01  2.921613701E-01  2.981068928E-01  3.145133370E-01
  3.150065282E-01  3.145133370E-01  2.981068928E-01  2.921613701E-01  2.724217852E-01
  2.606072762E-01  2.561152218E-01  2.038054065E-01  1.852800580E-01  1.742925665E-01
  1.481420963E-01  1.225540813E-01  9.467641746E-02  8.482695118E-02  7.023279881E-02
  2.089367268E-02  3.394237540E-02  3.508091821E-02  4.034603481E-02  6.431939405E-02
  8.773997072E-02  1.330250452E-01  1.666353973E-01  1.924059067E-01  2.129382312E-01
  2.300927164E-01  2.606072762E-01  2.691100066E-01  2.989945104E-01  3.092732735E-01
  2.851006019E-01  3.092732735E-01  2.989945104E-01  2.691100066E-01  2.606072762E-01
  2.300927164E-01  2.129382312E-01  1.924059067E-01  1.666353973E-01  1.330250452E-01
  8.773997072E-02  6.431939405E-02  4.034603481E-02  3.508091821E-02  3.394237540E-02
 -3.480008854E-02 -2.904302551E-02 -1.516430081E-02  1.312094716E-02  3.417992554E-02
  5.720324481E-02  8.005584039E-02  1.102819316E-01  1.636219145E-01  1.811562394E-01
  2.129382312E-01  2.561152218E-01  2.604099582E-01  2.656586967E-01  2.761110746E-01
  2.805186868E-01  2.761110746E-01  2.656586967E-01  2.604099582E-01  2.561152218E-01
  2.129382312E-01  1.811562394E-01  1.636219145E-01  1.102819316E-01  8.005584039E-02
  5.720324481E-02  3.417992554E-02  1.312094716E-02 -1.516430081E-02 -2.904302551E-02
 -1.233655490E-01 -1.260979434E-01 -1.132770092E-01 -7.616363585E-02 -4.005611882E-02
  5.588793226E-03  3.955975139E-02  6.895281509E-02  1.199920115E-01  1.636219145E-01
  1.924059067E-01  2.038054065E-01  2.397632973E-01  2.550886114E-01  2.574566981E-01
  2.787316020E-01  2.574566981E-01  2.550886114E-01  2.397632973E-01  2.038054065E-01
  1.924059067E-01  1.636219145E-01  1.199920115E-01  6.895281509E-02  3.955975139E-02
  5.588793226E-03 -4.005611882E-02 -7.616363585E-02 -1.132770092E-01 -1.260979434E-01
 -1.860002032E-01 -1.814243730E-01 -1.734896561E-01 -1.535882946E-01 -1.119581206E-01
 -6.301067656E-02  3.092841059E-04  5.515497921E-02  6.895281509E-02  1.102819316E-01
  1.666353973E-01  1.852800580E-01  2.205672258E-01  2.395183499E-01  2.357149566E-01
  2.430396519E-01  2.357149566E-01  2.395183499E-01  2.205672258E-01  1.852800580E-01
  1.666353973E-01  1.102819316E-01  6.895281509E-02  5.515497921E-02  3.092841059E-04
 -6.301067656E-02 -1.119581206E-01 -1.535882946E-01 -1.734896561E-01 -1.814243730E-01
 -3.097721602E-01 -2.891366506E-01 -2.530866407E-01 -2.181389258E-01 -1.672771990E-01
 -1.322971413E-01 -7.925197064E-02  3.092841059E-04  3.955975139E-02  8.005584039E-02
  1.330250452E-01  1.742925665E-01  1.922901907E-01  2.109573549E-01  2.242653705E-01
  2.171922783E-01  2.242653705E-01  2.109573549E-01  1.922901907E-01  1.742925665E-01
  1.330250452E-01  8.005584039E-02  3.955975139E-02  3.092841059E-04 -7.925197064E-02
 -1.322971413E-01 -1.672771990E-01 -2.181389258E-01 -2.530866407E-01 -2.891366506E-01
 -4.270451085E-01 -4.208351391E-01 -3.870213016E-01 -3.269946463E-01 -2.467441656E-01
 -1.847804107E-01 -1.322971413E-01 -6.301067656E-02  5.588793226E-03  5.720324481E-02
  8.773997072E-02  1.481420963E-01  1.770289591E-01  1.950621995E-01  2.103598695E-01
  1.926915239E-01  2.103598695E-01  1.950621995E-01  1.770289591E-01  1.481420963E-01
  8.773997072E-02  5.720324481E-02  5.588793226E-03 -6.301067656E-02 -1.322971413E-01
 -1.847804107E-01 -2.467441656E-01 -3.269946463E-01 -3.870213016E-01 -4.208351391E-01
 -5.078337703E-01 -5.061231895E-01 -4.823554652E-01 -4.280285141E-01 -3.415991552E-01
 -2.467441656E-01 -1.672771990E-01 -1.119581206E-01 -4.005611882E-02  3.417992554E-02
  6.431939405E-02  1.225540813E-01  1.504696936E-01  1.677704326E-01  1.992776151E-01
  1.944228595E-01  1.992776151E-01  1.677704326E-01  1.504696936E-01  1.225540813E-01
  6.431939405E-02  3.417992554E-02 -4.005611882E-02 -1.119581206E-01 -1.672771990E-01
 -2.467441656E-01 -3.415991552E-01 -4.280285141E-01 -4.823554652E-01 -5.061231895E-01
 -5.920269115E-01 -5.774883919E-01 -5.430950697E-01 -4.977919536E-01 -4.280285141E-01
 -3.269946463E-01 -2.181389258E-01 -1.535882946E-01 -7.616363585E-02  1.312094716E-02
  4.034603481E-02  9.467641746E-02  1.417788734E-01  1.670156861E-01  1.841544451E-01
  1.717799756E-01  1.841544451E-01  1.670156861E-01  1.417788734E-01  9.467641746E-02
  4.034603481E-02  1.312094716E-02 -7.616363585E-02 -1.535882946E-01 -2.181389258E-01
 -3.269946463E-01 -4.280285141E-01 -4.977919536E-01 -5.430950697E-01 -5.774883919E-01
 -6.835853974E-01 -6.655005183E-01 -6.087112178E-01 -5.430950697E-01 -4.823554652E-01
 -3.870213016E-01 -2.530866407E-01 -1.734896561E-01 -1.132770092E-01 -1.516430081E-02
  3.508091821E-02  8.482695118E-02  1.287495192E-01  1.516100905E-01  1.698186221E-01
  1.645196653E-01  1.698186221E-01  1.516100905E-01  1.287495192E-01  8.482695118E-02
  3.508091821E-02 -1.516430081E-02 -1.132770092E-01 -1.734896561E-01 -2.530866407E-01
 -3.870213016E-01 -4.823554652E-01 -5.430950697E-01 -6.087112178E-01 -6.655005183E-01
 -7.641323232E-01 -7.432234927E-01 -6.655005183E-01 -5.774883919E-01 -5.061231895E-01
 -4.208351391E-01 -2.891366506E-01 -1.814243730E-01 -1.260979434E-01 -2.904302551E-02
  3.394237540E-02  7.023279881E-02  1.133012459E-01  1.358862075E-01  1.629149024E-01
  1.742589525E-01  1.629149024E-01  1.358862075E-01  1.133012459E-01  7.023279881E-02
  3.394237540E-02 -2.904302551E-02 -1.260979434E-01 -1.814243730E-01 -2.891366506E-01
 -4.208351391E-01 -5.061231895E-01 -5.774883919E-01 -6.655005183E-01 -7.432234927E-01
 -5.134510713E-01 -5.173620114E-01 -4.900597698E-01 -4.442882351E-01 -3.629505147E-01
 -2.604530221E-01 -1.854513879E-01 -1.233655490E-01 -5.310869875E-02  1.952788770E-02
  5.521548707E-02  1.193078792E-01  1.517181400E-01  1.681030095E-01  1.906379853E-01
  1.756114936E-01  1.906379853E-01  1.681030095E-01  1.517181400E-01  1.193078792E-01
  5.521548707E-02  1.952788770E-02 -5.310869875E-02 -1.233655490E-01 -1.854513879E-01
 -2.604530221E-01 -3.629505147E-01 -4.442882351E-01 -4.900597698E-01 -5.173620114E-01
 -5.173620114E-01 -5.182075758E-01 -4.844096751E-01 -4.311920388E-01 -3.513182561E-01
 -2.502899659E-01 -1.802906191E-01 -1.260979434E-01 -4.662119128E-02  2.848456521E-02
  6.177426627E-02  1.236439502E-01  1.469995044E-01  1.623726266E-01  1.958401678E-01
  1.891591463E-01  1.958401678E-01  1.623726266E-01  1.469995044E-01  1.236439502E-01
  6.177426627E-02  2.848456521E-02 -4.662119128E-02 -1.260979434E-01 -1.802906191E-01
 -2.502899659E-01 -3.513182561E-01 -4.311920388E-01 -4.844096751E-01 -5.182075758E-01
 -4.900597698E-01 -4.844096751E-01 -4.486029138E-01 -3.943981706E-01 -3.173392121E-01
 -2.233178414E-01 -1.646952031E-01 -1.132770092E-01 -2.304217392E-02  3.721873021E-02
  6.551834208E-02  1.333226025E-01  1.577208738E-01  1.708948192E-01  1.970914862E-01
  1.911757170E-01  1.970914862E-01  1.708948192E-01  1.577208738E-01  1.333226025E-01
  6.551834208E-02  3.721873021E-02 -2.304217392E-02 -1.132770092E-01 -1.646952031E-01
 -2.233178414E-01 -3.173392121E-01 -3.943981706E-01 -4.486029138E-01 -4.844096751E-01
 -4.442882351E-01 -4.311920388E-01 -3.943981706E-01 -3.384398081E-01 -2.617005999E-01
 -1.895090318E-01 -1.427420912E-01 -7.616363585E-02  6.761859023E-03  4.719367282E-02
  8.700572044E-02  1.435684308E-01  1.607762416E-01  1.800853639E-01  2.048395181E-01
  2.057108145E-01  2.048395181E-01  1.800853639E-01  1.607762416E-01  1.435684308E-01
  8.700572044E-02  4.719367282E-02  6.761859023E-03 -7.616363585E-02 -1.427420912E-01
 -1.895090318E-01 -2.617005999E-01 -3.384398081E-01 -3.943981706E-01 -4.311920388E-01
 -3.629505147E-01 -3.513182561E-01 -3.173392121E-01 -2.617005999E-01 -2.008030164E-01
 -1.581319224E-01 -1.150377030E-01 -4.005611882E-02  2.297711140E-02  6.520697838E-02
  1.260390166E-01  1.595813489E-01  1.711111883E-01  1.964687623E-01  2.148054590E-01
  2.204547883E-01  2.148054590E-01  1.964687623E-01  1.711111883E-01  1.595813489E-01
  1.260390166E-01  6.520697838E-02  2.297711140E-02 -4.005611882E-02 -1.150377030E-01
 -1.581319224E-01 -2.008030164E-01 -2.617005999E-01 -3.173392121E-01 -3.513182561E-01
 -2.604530221E-01 -2.502899659E-01 -2.233178414E-01 -1.895090318E-01 -1.581319224E-01
 -1.178546978E-01 -6.011029474E-02  5.588793226E-03  5.254990046E-02  9.521469303E-02
  1.439412390E-01  1.648616769E-01  1.976008864E-01  2.251534032E-01  2.244354670E-01
  2.271521045E-01  2.244354670E-01  2.251534032E-01  1.976008864E-01  1.648616769E-01
  1.439412390E-01  9.521469303E-02  5.254990046E-02  5.588793226E-03 -6.011029474E-02
 -1.178546978E-01 -1.581319224E-01 -1.895090318E-01 -2.233178414E-01 -2.502899659E-01
 -1.854513879E-01 -1.802906191E-01 -1.646952031E-01 -1.427420912E-01 -1.150377030E-01
 -6.011029474E-02 -1.834483695E-03  3.955975139E-02  8.262890288E-02  1.306782932E-01
  1.675438927E-01  1.810428778E-01  2.152040314E-01  2.352144655E-01  2.449098596E-01
  2.652824399E-01  2.449098596E-01  2.352144655E-01  2.152040314E-01  1.810428778E-01
  1.675438927E-01  1.306782932E-01  8.262890288E-02  3.955975139E-02 -1.834483695E-03
 -6.011029474E-02 -1.150377030E-01 -1.427420912E-01 -1.646952031E-01 -1.802906191E-01
 -1.233655490E-01 -1.260979434E-01 -1.132770092E-01 -7.616363585E-02 -4.005611882E-02
  5.588793226E-03  3.955975139E-02  6.895281509E-02  1.199920115E-01  1.636219145E-01
  1.924059067E-01  2.038054065E-01  2.397632973E-01  2.550886114E-01  2.574566981E-01
  2.787316020E-01  2.574566981E-01  2.550886114E-01  2.397632973E-01  2.038054065E-01
  1.924059067E-01  1.636219145E-01  1.199920115E-01  6.895281509E-02  3.955975139E-02
  5.588793226E-03 -4.005611882E-02 -7.616363585E-02 -1.132770092E-01 -1.260979434E-01
 -5.310869875E-02 -4.662119128E-02 -2.304217392E-02  6.761859023E-03  2.297711140E-02
  5.254990046E-02  8.262890288E-02  1.199920115E-01  1.669203638E-01  1.876594602E-01
  2.124101028E-01  2.271924658E-01  2.574213444E-01  2.764475009E-01  2.724989661E-01
  2.825565230E-01  2.724989661E-01  2.764475009E-01  2.574213444E-01  2.271924658E-01
  2.124101028E-01  1.876594602E-01  1.669203638E-01  1.199920115E-01  8.262890288E-02
  5.254990046E-02  2.297711140E-02  6.761859023E-03 -2.304217392E-02 -4.662119128E-02
  1.952788770E-02  2.848456521E-02  3.721873021E-02  4.719367282E-02  6.520697838E-02
  9.521469303E-02  1.306782932E-01  1.636219145E-01  1.876594602E-01  2.011065077E-01
  2.395006072E-01  2.649223392E-01  2.719766497E-01  2.887803368E-01  2.959199059E-01
  2.972010789E-01  2.959199059E-01  2.887803368E-01  2.719766497E-01  2.649223392E-01
  2.395006072E-01  2.011065077E-01  1.876594602E-01  1.636219145E-01  1.306782932E-01
  9.521469303E-02  6.520697838E-02  4.719367282E-02  3.721873021E-02  2.848456521E-02
  5.521548707E-02  6.177426627E-02  6.551834208E-02  8.700572044E-02  1.260390166E-01
  1.439412390E-01  1.675438927E-01  1.924059067E-01  2.124101028E-01  2.395006072E-01
  2.603616002E-01  2.787505244E-01  2.841672821E-01  3.020305499E-01  3.164669796E-01
  3.094122917E-01  3.164669796E-01  3.020305499E-01  2.841672821E-01  2.787505244E-01
  2.603616002E-01  2.395006072E-01  2.124101028E-01  1.924059067E-01  1.675438927E-01
  1.439412390E-01  1.260390166E-01  8.700572044E-02  6.551834208E-02  6.177426627E-02
  1.193078792E-01  1.236439502E-01  1.333226025E-01  1.435684308E-01  1.595813489E-01
  1.648616769E-01  1.810428778E-01  2.038054065E-01  2.271924658E-01  2.649223392E-01
  2.787505244E-01  3.064729573E-01  3.161087011E-01  3.113171682E-01  3.254171651E-01
  3.249553925E-01  3.254171651E-01  3.113171682E-01  3.161087011E-01  3.064729573E-01
  2.787505244E-01  2.649223392E-01  2.271924658E-01  2.038054065E-01  1.810428778E-01
  1.648616769E-01  1.595813489E-01  1.435684308E-01  1.333226025E-01  1.236439502E-01
  1.517181400E-01  1.469995044E-01  1.577208738E-01  1.607762416E-01  1.711111883E-01
  1.976008864E-01  2.152040314E-01  2.397632973E-01  2.574213444E-01  2.719766497E-01
  2.841672821E-01  3.161087011E-01  3.279397360E-01  3.245793838E-01  3.376646958E-01
  3.385671148E-01  3.376646958E-01  3.245793838E-01  3.279397360E-01  3.161087011E-01
  2.841672821E-01  2.719766497E-01  2.574213444E-01  2.397632973E-01  2.152040314E-01
  1.976008864E-01  1.711111883E-01  1.607762416E-01  1.577208738E-01  1.469995044E-01
  1.681030095E-01  1.623726266E-01  1.708948192E-01  1.800853639E-01  1.964687623E-01
  2.251534032E-01  2.352144655E-01  2.550886114E-01  2.764475009E-01  2.887803368E-01
  3.020305499E-01  3.113171682E-01  3.245793838E-01  3.482191865E-01  3.480139187E-01
  3.333684170E-01  3.480139187E-01  3.482191865E-01  3.245793838E-01  3.113171682E-01
  3.020305499E-01  2.887803368E-01  2.764475009E-01  2.550886114E-01  2.352144655E-01
  2.251534032E-01  1.964687623E-01  1.800853639E-01  1.708948192E-01  1.623726266E-01
  1.906379853E-01  1.958401678E-01  1.970914862E-01  2.048395181E-01  2.148054590E-01
  2.244354670E-01  2.449098596E-01  2.574566981E-01  2.724989661E-01  2.959199059E-01
  3.164669796E-01  3.254171651E-01  3.376646958E-01  3.480139187E-01  3.462391123E-01
  3.461454209E-01  3.462391123E-01  3.480139187E-01  3.376646958E-01  3.254171651E-01
  3.164669796E-01  2.959199059E-01  2.724989661E-01  2.574566981E-01  2.449098596E-01
  2.244354670E-01  2.148054590E-01  2.048395181E-01  1.970914862E-01  1.958401678E-01
  1.756114936E-01  1.891591463E-01  1.911757170E-01  2.057108145E-01  2.204547883E-01
  2.271521045E-01  2.652824399E-01  2.787316020E-01  2.825565230E-01  2.972010789E-01
  3.094122917E-01  3.249553925E-01  3.385671148E-01  3.333684170E-01  3.461454209E-01
  3.702429733E-01  3.461454209E-01  3.333684170E-01  3.385671148E-01  3.249553925E-01
  3.094122917E-01  2.972010789E-01  2.825565230E-01  2.787316020E-01  2.652824399E-01
  2.271521045E-01  2.204547883E-01  2.057108145E-01  1.911757170E-01  1.891591463E-01
  1.906379853E-01  1.958401678E-01  1.970914862E-01  2.048395181E-01  2.148054590E-01
  2.244354670E-01  2.449098596E-01  2.574566981E-01  2.724989661E-01  2.959199059E-01
  3.164669796E-01  3.254171651E-01  3.376646958E-01  3.480139187E-01  3.462391123E-01
  3.461454209E-01  3.462391123E-01  3.480139187E-01  3.376646958E-01  3.254171651E-01
  3.164669796E-01  2.959199059E-01  2.724989661E-01  2.574566981E-01  2.449098596E-01
  2.244354670E-01  2.148054590E-01  2.048395181E-01  1.970914862E-01  1.958401678E-01
  1.681030095E-01  1.623726266E-01  1.708948192E-01  1.800853639E-01  1.964687623E-01
  2.251534032E-01  2.352144655E-01  2.550886114E-01  2.764475009E-01  2.887803368E-01
  3.020305499E-01  3.113171682E-01  3.245793838E-01  3.482191865E-01  3.480139187E-01
  3.333684170E-01  3.480139187E-01  3.482191865E-01  3.245793838E-01  3.113171682E-01
  3.020305499E-01  2.887803368E-01  2.764475009E-01  2.550886114E-01  2.352144655E-01
  2.251534032E-01  1.964687623E-01  1.800853639E-01  1.708948192E-01  1.623726266E-01
  1.517181400E-01  1.469995044E-01  1.577208738E-01  1.607762416E-01  1.711111883E-01
  1.976008864E-01  2.152040314E-01  2.397632973E-01  2.574213444E-01  2.719766497E-01
  2.841672821E-01  3.161087011E-01  3.279397360E-01  3.245793838E-01  3.376646958E-01
  3.385671148E-01  3.376646958E-01  3.245793838E-01  3.279397360E-01  3.161087011E-01
  2.841672821E-01  2.719766497E-01  2.574213444E-01  2.397632973E-01  2.152040314E-01
  1.976008864E-01  1.711111883E-01  1.607762416E-01  1.577208738E-01  1.469995044E-01
  1.193078792E-01  1.236439502E-01  1.333226025E-01  1.435684308E-01  1.595813489E-01
  1.648616769E-01  1.810428778E-01  2.038054065E-01  2.271924658E-01  2.649223392E-01
  2.787505244E-01  3.064729573E-01  3.161087011E-01  3.113171682E-01  3.254171651E-01
  3.249553925E-01  3.254171651E-01  3.113171682E-01  3.161087011E-01  3.064729573E-01
  2.787505244E-01  2.649223392E-01  2.271924658E-01  2.038054065E-01  1.810428778E-01
  1.648616769E-01  1.595813489E-01  1.435684308E-01  1.333226025E-01  1.236439502E-01
  5.521548707E-02  6.177426627E-02  6.551834208E-02  8.700572044E-02  1.260390166E-01
  1.439412390E-01  1.675438927E-01  1.924059067E-01  2.124101028E-01  2.395006072E-01
  2.603616002E-01  2.787505244E-01  2.841672821E-01  3.020305499E-01  3.164669796E-01
  3.094122917E-01  3.164669796E-01  3.020305499E-01  2.841672821E-01  2.787505244E-01
  2.603616002E-01  2.395006072E-01  2.124101028E-01  1.924059067E-01  1.675438927E-01
  1.439412390E-01  1.260390166E-01  8.700572044E-02  6.551834208E-02  6.177426627E-02
  1.952788770E-02  2.848456521E-02  3.721873021E-02  4.719367282E-02  6.520697838E-02
  9.521469303E-02  1.306782932E-01  1.636219145E-01  1.876594602E-01  2.011065077E-01
  2.395006072E-01  2.649223392E-01  2.719766497E-01  2.887803368E-01  2.959199059E-01
  2.972010789E-01  2.959199059E-01  2.887803368E-01  2.719766497E-01  2.649223392E-01
  2.395006072E-01  2.011065077E-01  1.876594602E-01  1.636219145E-01  1.306782932E-01
  9.521469303E-02  6.520697838E-02  4.719367282E-02  3.721873021E-02  2.848456521E-02
 -5.310869875E-02 -4.662119128E-02 -2.304217392E-02  6.761859023E-03  2.297711140E-02
  5.254990046E-02  8.262890288E-02  1.199920115E-01  1.669203638E-01  1.876594602E-01
  2.124101028E-01  2.271924658E-01  2.574213444E-01  2.764475009E-01  2.724989661E-01
  2.825565230E-01  2.724989661E-01  2.764475009E-01  2.574213444E-01  2.271924658E-01
  2.124101028E-01  1.876594602E-01  1.669203638E-01  1.199920115E-01  8.262890288E-02
  5.254990046E-02  2.297711140E-02  6.761859023E-03 -2.304217392E-02 -4.662119128E-02
 -1.233655490E-01 -1.260979434E-01 -1.132770092E-01 -7.616363585E-02 -4.005611882E-02
  5.588793226E-03  3.955975139E-02  6.895281509E-02  1.199920115E-01  1.636219145E-01
  1.924059067E-01  2.038054065E-01  2.397632973E-01  2.550886114E-01  2.574566981E-01
  2.787316020E-01  2.574566981E-01  2.550886114E-01  2.397632973E-01  2.038054065E-01
  1.924059067E-01  1.636219145E-01  1.199920115E-01  6.895281509E-02  3.955975139E-02
  5.588793226E-03 -4.005611882E-02 -7.616363585E-02 -1.132770092E-01 -1.260979434E-01
 -1.854513879E-01 -1.802906191E-01 -1.646952031E-01 -1.427420912E-01 -1.150377030E-01
 -6.011029474E-02 -1.834483695E-03  3.955975139E-02  8.262890288E-02  1.306782932E-01
  1.675438927E-01  1.810428778E-01  2.152040314E-01  2.352144655E-01  2.449098596E-01
  2.652824399E-01  2.449098596E-01  2.352144655E-01  2.152040314E-01  1.810428778E-01
  1.675438927E-01  1.306782932E-01  8.262890288E-02  3.955975139E-02 -1.834483695E-03
 -6.011029474E-02 -1.150377030E-01 -1.427420912E-01 -1.646952031E-01 -1.802906191E-01
 -2.604530221E-01 -2.502899659E-01 -2.233178414E-01 -1.895090318E-01 -1.581319224E-01
 -1.178546978E-01 -6.011029474E-02  5.588793226E-03  5.254990046E-02  9.521469303E-02
  1.439412390E-01  1.648616769E-01  1.976008864E-01  2.251534032E-01  2.244354670E-01
  2.271521045E-01  2.244354670E-01  2.251534032E-01  1.976008864E-01  1.648616769E-01
  1.439412390E-01  9.521469303E-02  5.254990046E-02  5.588793226E-03 -6.011029474E-02
 -1.178546978E-01 -1.581319224E-01 -1.895090318E-01 -2.233178414E-01 -2.502899659E-01
 -3.629505147E-01 -3.513182561E-01 -3.173392121E-01 -2.617005999E-01 -2.008030164E-01
 -1.581319224E-01 -1.150377030E-01 -4.005611882E-02  2.297711140E-02  6.520697838E-02
  1.260390166E-01  1.595813489E-01  1.711111883E-01  1.964687623E-01  2.148054590E-01
  2.204547883E-01  2.148054590E-01  1.964687623E-01  1.711111883E-01  1.595813489E-01
  1.260390166E-01  6.520697838E-02  2.297711140E-02 -4.005611882E-02 -1.150377030E-01
 -1.581319224E-01 -2.008030164E-01 -2.617005999E-01 -3.173392121E-01 -3.513182561E-01
 -4.442882351E-01 -4.311920388E-01 -3.943981706E-01 -3.384398081E-01 -2.617005999E-01
 -1.895090318E-01 -1.427420912E-01 -7.616363585E-02  6.761859023E-03  4.719367282E-02
  8.700572044E-02  1.435684308E-01  1.607762416E-01  1.800853639E-01  2.048395181E-01
  2.057108145E-01  2.048395181E-01  1.800853639E-01  1.607762416E-01  1.435684308E-01
  8.700572044E-02  4.719367282E-02  6.761859023E-03 -7.616363585E-02 -1.427420912E-01
 -1.895090318E-01 -2.617005999E-01 -3.384398081E-01 -3.943981706E-01 -4.311920388E-01
 -4.900597698E-01 -4.844096751E-01 -4.486029138E-01 -3.943981706E-01 -3.173392121E-01
 -2.233178414E-01 -1.646952031E-01 -1.132770092E-01 -2.304217392E-02  3.721873021E-02
  6.551834208E-02  1.333226025E-01  1.577208738E-01  1.708948192E-01  1.970914862E-01
  1.911757170E-01  1.970914862E-01  1.708948192E-01  1.577208738E-01  1.333226025E-01
  6.551834208E-02  3.721873021E-02 -2.304217392E-02 -1.132770092E-01 -1.646952031E-01
 -2.233178414E-01 -3.173392121E-01 -3.943981706E-01 -4.486029138E-01 -4.844096751E-01
 -5.173620114E-01 -5.182075758E-01 -4.844096751E-01 -4.311920388E-01 -3.513182561E-01
 -2.502899659E-01 -1.802906191E-01 -1.260979434E-01 -4.662119128E-02  2.848456521E-02
  6.177426627E-02  1.236439502E-01  1.469995044E-01  1.623726266E-01  1.958401678E-01
  1.891591463E-01  1.958401678E-01  1.623726266E-01  1.469995044E-01  1.236439502E-01
  6.177426627E-02  2.848456521E-02 -4.662119128E-02 -1.260979434E-01 -1.802906191E-01
 -2.502899659E-01 -3.513182561E-01 -4.311920388E-01 -4.844096751E-01 -5.182075758E-01
 -3.715834477E-01 -3.537411297E-01 -3.129254663E-01 -2.724903874E-01 -2.159864961E-01
 -1.669976407E-01 -1.152199496E-01 -3.480008854E-02  1.952788770E-02  6.132833955E-02
  1.119466792E-01  1.533681321E-01  1.664180483E-01  1.940841058E-01  2.172358790E-01
  2.089070544E-01  2.172358790E-01  1.940841058E-01  1.664180483E-01  1.533681321E-01
  1.119466792E-01  6.132833955E-02  1.952788770E-02 -3.480008854E-02 -1.152199496E-01
 -1.669976407E-01 -2.159864961E-01 -2.724903874E-01 -3.129254663E-01 -3.537411297E-01
 -3.537411297E-01 -3.408929503E-01 -3.053637372E-01 -2.591836628E-01 -2.033657825E-01
 -1.607669337E-01 -1.104844354E-01 -2.904302551E-02  2.848456521E-02  6.633269226E-02
  1.114046064E-01  1.503610942E-01  1.714644083E-01  2.009468979E-01  2.153684151E-01
  2.057667260E-01  2.153684151E-01  2.009468979E-01  1.714644083E-01  1.503610942E-01
  1.114046064E-01  6.633269226E-02  2.848456521E-02 -2.904302551E-02 -1.104844354E-01
 -1.607669337E-01 -2.033657825E-01 -2.591836628E-01 -3.053637372E-01 -3.408929503E-01
 -3.129254663E-01 -3.053637372E-01 -2.790875767E-01 -2.330300147E-01 -1.860057039E-01
 -1.482406506E-01 -9.360153716E-02 -1.516430081E-02  3.721873021E-02  7.125297902E-02
  1.227416192E-01  1.554316034E-01  1.819277106E-01  2.110673553E-01  2.156071732E-01
  2.127688957E-01  2.156071732E-01  2.110673553E-01  1.819277106E-01  1.554316034E-01
  1.227416192E-01  7.125297902E-02  3.721873021E-02 -1.516430081E-02 -9.360153716E-02
 -1.482406506E-01 -1.860057039E-01 -2.330300147E-01 -2.790875767E-01 -3.053637372E-01
 -2.724903874E-01 -2.591836628E-01 -2.330300147E-01 -2.000897220E-01 -1.669011458E-01
 -1.215917096E-01 -5.669888447E-02  1.312094716E-02  4.719367282E-02  7.710425888E-02
  1.441151466E-01  1.657984364E-01  1.915449414E-01  2.188989517E-01  2.196258257E-01
  2.310936962E-01  2.196258257E-01  2.188989517E-01  1.915449414E-01  1.657984364E-01
  1.441151466E-01  7.710425888E-02  4.719367282E-02  1.312094716E-02 -5.669888447E-02
 -1.215917096E-01 -1.669011458E-01 -2.000897220E-01 -2.330300147E-01 -2.591836628E-01
 -2.159864961E-01 -2.033657825E-01 -1.860057039E-01 -1.669011458E-01 -1.391990620E-01
 -8.586384541E-02 -2.262519252E-02  3.417992554E-02  6.520697838E-02  9.739865185E-02
  1.615557504E-01  1.754736477E-01  2.108741113E-01  2.366677564E-01  2.286186534E-01
  2.456861584E-01  2.286186534E-01  2.366677564E-01  2.108741113E-01  1.754736477E-01
  1.615557504E-01  9.739865185E-02  6.520697838E-02  3.417992554E-02 -2.262519252E-02
 -8.586384541E-02 -1.391990620E-01 -1.669011458E-01 -1.860057039E-01 -2.033657825E-01
 -1.669976407E-01 -1.607669337E-01 -1.482406506E-01 -1.215917096E-01 -8.586384541E-02
 -2.563588864E-02  2.641372736E-02  5.720324481E-02  9.521469303E-02  1.309608420E-01
  1.744018779E-01  1.907191701E-01  2.253891854E-01  2.433776541E-01  2.415693531E-01
  2.622382830E-01  2.415693531E-01  2.433776541E-01  2.253891854E-01  1.907191701E-01
  1.744018779E-01  1.309608420E-01  9.521469303E-02  5.720324481E-02  2.641372736E-02
 -2.563588864E-02 -8.586384541E-02 -1.215917096E-01 -1.482406506E-01 -1.607669337E-01
 -1.152199496E-01 -1.104844354E-01 -9.360153716E-02 -5.669888447E-02 -2.262519252E-02
  2.641372736E-02  6.251752199E-02  8.005584039E-02  1.306782932E-01  1.609651313E-01
  1.898061646E-01  2.229419318E-01  2.403065814E-01  2.463877547E-01  2.587062588E-01
  2.771940997E-01  2.587062588E-01  2.463877547E-01  2.403065814E-01  2.229419318E-01
  1.898061646E-01  1.609651313E-01  1.306782932E-01  8.005584039E-02  6.251752199E-02
  2.641372736E-02 -2.262519252E-02 -5.669888447E-02 -9.360153716E-02 -1.104844354E-01
 -3.480008854E-02 -2.904302551E-02 -1.516430081E-02  1.312094716E-02  3.417992554E-02
  5.720324481E-02  8.005584039E-02  1.102819316E-01  1.636219145E-01  1.811562394E-01
  2.129382312E-01  2.561152218E-01  2.604099582E-01  2.656586967E-01  2.761110746E-01
  2.805186868E-01  2.761110746E-01  2.656586967E-01  2.604099582E-01  2.561152218E-01
  2.129382312E-01  1.811562394E-01  1.636219145E-01  1.102819316E-01  8.005584039E-02
  5.720324481E-02  3.417992554E-02  1.312094716E-02 -1.516430081E-02 -2.904302551E-02
  1.952788770E-02  2.848456521E-02  3.721873021E-02  4.719367282E-02  6.520697838E-02
  9.521469303E-02  1.306782932E-01  1.636219145E-01  1.876594602E-01  2.011065077E-01
  2.395006072E-01  2.649223392E-01  2.719766497E-01  2.887803368E-01  2.959199059E-01
  2.972010789E-01  2.959199059E-01  2.887803368E-01  2.719766497E-01  2.649223392E-01
  2.395006072E-01  2.011065077E-01  1.876594602E-01  1.636219145E-01  1.306782932E-01
  9.521469303E-02  6.520697838E-02  4.719367282E-02  3.721873021E-02  2.848456521E-02
  6.132833955E-02  6.633269226E-02  7.125297902E-02  7.710425888E-02  9.739865185E-02
  1.309608420E-01  1.609651313E-01  1.811562394E-01  2.011065077E-01  2.368403176E-01
  2.677753486E-01  2.734635342E-01  2.948684967E-01  3.088739980E-01  3.125582690E-01
  3.237153433E-01  3.125582690E-01  3.088739980E-01  2.948684967E-01  2.734635342E-01
  2.677753486E-01  2.368403176E-01  2.011065077E-01  1.811562394E-01  1.609651313E-01
  1.309608420E-01  9.739865185E-02  7.710425888E-02  7.125297902E-02  6.633269226E-02
  1.119466792E-01  1.114046064E-01  1.227416192E-01  1.441151466E-01  1.615557504E-01
  1.744018779E-01  1.898061646E-01  2.129382312E-01  2.395006072E-01  2.677753486E-01
  2.780566468E-01  2.871320430E-01  3.146766175E-01  3.190537553E-01  3.188688177E-01
  3.287171079E-01  3.188688177E-01  3.190537553E-01  3.146766175E-01  2.871320430E-01
  2.780566468E-01  2.677753486E-01  2.395006072E-01  2.129382312E-01  1.898061646E-01
  1.744018779E-01  1.615557504E-01  1.441151466E-01  1.227416192E-01  1.114046064E-01
  1.533681321E-01  1.503610942E-01  1.554316034E-01  1.657984364E-01  1.754736477E-01
  1.907191701E-01  2.229419318E-01  2.561152218E-01  2.649223392E-01  2.734635342E-01
  2.871320430E-01  3.046567504E-01  3.228909117E-01  3.392167017E-01  3.405169032E-01
  3.313250748E-01  3.405169032E-01  3.392167017E-01  3.228909117E-01  3.046567504E-01
  2.871320430E-01  2.734635342E-01  2.649223392E-01  2.561152218E-01  2.229419318E-01
  1.907191701E-01  1.754736477E-01  1.657984364E-01  1.554316034E-01  1.503610942E-01
  1.664180483E-01  1.714644083E-01  1.819277106E-01  1.915449414E-01  2.108741113E-01
  2.253891854E-01  2.403065814E-01  2.604099582E-01  2.719766497E-01  2.948684967E-01
  3.146766175E-01  3.228909117E-01  3.246438267E-01  3.437991928E-01  3.540507227E-01
  3.425962988E-01  3.540507227E-01  3.437991928E-01  3.246438267E-01  3.228909117E-01
  3.146766175E-01  2.948684967E-01  2.719766497E-01  2.604099582E-01  2.403065814E-01
  2.253891854E-01  2.108741113E-01  1.915449414E-01  1.819277106E-01  1.714644083E-01
  1.940841058E-01  2.009468979E-01  2.110673553E-01  2.188989517E-01  2.366677564E-01
  2.433776541E-01  2.463877547E-01  2.656586967E-01  2.887803368E-01  3.088739980E-01
  3.190537553E-01  3.392167017E-01  3.437991928E-01  3.402825529E-01  3.552566361E-01
  3.615987743E-01  3.552566361E-01  3.402825529E-01  3.437991928E-01  3.392167017E-01
  3.190537553E-01  3.088739980E-01  2.887803368E-01  2.656586967E-01  2.463877547E-01
  2.433776541E-01  2.366677564E-01  2.188989517E-01  2.110673553E-01  2.009468979E-01
  2.172358790E-01  2.153684151E-01  2.156071732E-01  2.196258257E-01  2.286186534E-01
  2.415693531E-01  2.587062588E-01  2.761110746E-01  2.959199059E-01  3.125582690E-01
  3.188688177E-01  3.405169032E-01  3.540507227E-01  3.552566361E-01  3.624928655E-01
  3.637517199E-01  3.624928655E-01  3.552566361E-01  3.540507227E-01  3.405169032E-01
  3.188688177E-01  3.125582690E-01  2.959199059E-01  2.761110746E-01  2.587062588E-01
  2.415693531E-01  2.286186534E-01  2.196258257E-01  2.156071732E-01  2.153684151E-01
  2.089070544E-01  2.057667260E-01  2.127688957E-01  2.310936962E-01  2.456861584E-01
  2.622382830E-01  2.771940997E-01  2.805186868E-01  2.972010789E-01  3.237153433E-01
  3.287171079E-01  3.313250748E-01  3.425962988E-01  3.615987743E-01  3.637517199E-01
  3.522246042E-01  3.637517199E-01  3.615987743E-01  3.425962988E-01  3.313250748E-01
  3.287171079E-01  3.237153433E-01  2.972010789E-01  2.805186868E-01  2.771940997E-01
  2.622382830E-01  2.456861584E-01  2.310936962E-01  2.127688957E-01  2.057667260E-01
  2.172358790E-01  2.153684151E-01  2.156071732E-01  2.196258257E-01  2.286186534E-01
  2.415693531E-01  2.587062588E-01  2.761110746E-01  2.959199059E-01  3.125582690E-01
  3.188688177E-01  3.405169032E-01  3.540507227E-01  3.552566361E-01  3.624928655E-01
  3.637517199E-01  3.624928655E-01  3.552566361E-01  3.540507227E-01  3.405169032E-01
  3.188688177E-01  3.125582690E-01  2.959199059E-01  2.761110746E-01  2.587062588E-01
  2.415693531E-01  2.286186534E-01  2.196258257E-01  2.156071732E-01  2.153684151E-01
  1.940841058E-01  2.009468979E-01  2.110673553E-01  2.188989517E-01  2.366677564E-01
  2.433776541E-01  2.463877547E-01  2.656586967E-01  2.887803368E-01  3.088739980E-01
  3.190537553E-01  3.392167017E-01  3.437991928E-01  3.402825529E-01  3.552566361E-01
  3.615987743E-01  3.552566361E-01  3.402825529E-01  3.437991928E-01  3.392167017E-01
  3.190537553E-01  3.088739980E-01  2.887803368E-01  2.656586967E-01  2.463877547E-01
  2.433776541E-01  2.366677564E-01  2.188989517E-01  2.110673553E-01  2.009468979E-01
  1.664180483E-01  1.714644083E-01  1.819277106E-01  1.915449414E-01  2.108741113E-01
  2.253891854E-01  2.403065814E-01  2.604099582E-01  2.719766497E-01  2.948684967E-01
  3.146766175E-01  3.228909117E-01  3.246438267E-01  3.437991928E-01  3.540507227E-01
  3.425962988E-01  3.540507227E-01  3.437991928E-01  3.246438267E-01  3.228909117E-01
  3.146766175E-01  2.948684967E-01  2.719766497E-01  2.604099582E-01  2.403065814E-01
  2.253891854E-01  2.108741113E-01  1.915449414E-01  1.819277106E-01  1.714644083E-01
  1.533681321E-01  1.503610942E-01  1.554316034E-01  1.657984364E-01  1.754736477E-01
  1.907191701E-01  2.229419318E-01  2.561152218E-01  2.649223392E-01  2.734635342E-01
  2.871320430E-01  3.046567504E-01  3.228909117E-01  3.392167017E-01  3.405169032E-01
  3.313250748E-01  3.405169032E-01  3.392167017E-01  3.228909117E-01  3.046567504E-01
  2.871320430E-01  2.734635342E-01  2.649223392E-01  2.561152218E-01  2.229419318E-01
  1.907191701E-01  1.754736477E-01  1.657984364E-01  1.554316034E-01  1.503610942E-01
  1.119466792E-01  1.114046064E-01  1.227416192E-01  1.441151466E-01  1.615557504E-01
  1.744018779E-01  1.898061646E-01  2.129382312E-01  2.395006072E-01  2.677753486E-01
  2.780566468E-01  2.871320430E-01  3.146766175E-01  3.190537553E-01  3.188688177E-01
  3.287171079E-01  3.188688177E-01  3.190537553E-01  3.146766175E-01  2.871320430E-01
  2.780566468E-01  2.677753486E-01  2.395006072E-01  2.129382312E-01  1.898061646E-01
  1.744018779E-01  1.615557504E-01  1.441151466E-01  1.227416192E-01  1.114046064E-01
  6.132833955E-02  6.633269226E-02  7.125297902E-02  7.710425888E-02  9.739865185E-02
  1.309608420E-01  1.609651313E-01  1.811562394E-01  2.011065077E-01  2.368403176E-01
  2.677753486E-01  2.734635342E-01  2.948684967E-01  3.088739980E-01  3.125582690E-01
  3.237153433E-01  3.125582690E-01  3.088739980E-01  2.948684967E-01  2.734635342E-01
  2.677753486E-01  2.368403176E-01  2.011065077E-01  1.811562394E-01  1.609651313E-01
  1.309608420E-01  9.739865185E-02  7.710425888E-02  7.125297902E-02  6.633269226E-02
  1.952788770E-02  2.848456521E-02  3.721873021E-02  4.719367282E-02  6.520697838E-02
  9.521469303E-02  1.306782932E-01  1.636219145E-01  1.876594602E-01  2.011065077E-01
  2.395006072E-01  2.649223392E-01  2.719766497E-01  2.887803368E-01  2.959199059E-01
  2.972010789E-01  2.959199059E-01  2.887803368E-01  2.719766497E-01  2.649223392E-01
  2.395006072E-01  2.011065077E-01  1.876594602E-01  1.636219145E-01  1.306782932E-01
  9.521469303E-02  6.520697838E-02  4.719367282E-02  3.721873021E-02  2.848456521E-02
 -3.480008854E-02 -2.904302551E-02 -1.516430081E-02  1.312094716E-02  3.417992554E-02
  5.720324481E-02  8.005584039E-02  1.102819316E-01  1.636219145E-01  1.811562394E-01
  2.129382312E-01  2.561152218E-01  2.604099582E-01  2.656586967E-01  2.761110746E-01
  2.805186868E-01  2.761110746E-01  2.656586967E-01  2.604099582E-01  2.561152218E-01
  2.129382312E-01  1.811562394E-01  1.636219145E-01  1.102819316E-01  8.005584039E-02
  5.720324481E-02  3.417992554E-02  1.312094716E-02 -1.516430081E-02 -2.904302551E-02
 -1.152199496E-01 -1.104844354E-01 -9.360153716E-02 -5.669888447E-02 -2.262519252E-02
  2.641372736E-02  6.251752199E-02  8.005584039E-02  1.306782932E-01  1.609651313E-01
  1.898061646E-01  2.229419318E-01  2.403065814E-01  2.463877547E-01  2.587062588E-01
  2.771940997E-01  2.587062588E-01  2.463877547E-01  2.403065814E-01  2.229419318E-01
  1.898061646E-01  1.609651313E-01  1.306782932E-01  8.005584039E-02  6.251752199E-02
  2.641372736E-02 -2.262519252E-02 -5.669888447E-02 -9.360153716E-02 -1.104844354E-01
 -1.669976407E-01 -1.607669337E-01 -1.482406506E-01 -1.215917096E-01 -8.586384541E-02
 -2.563588864E-02  2.641372736E-02  5.720324481E-02  9.521469303E-02  1.309608420E-01
  1.744018779E-01  1.907191701E-01  2.253891854E-01  2.433776541E-01  2.415693531E-01
  2.622382830E-01  2.415693531E-01  2.433776541E-01  2.253891854E-01  1.907191701E-01
  1.744018779E-01  1.309608420E-01  9.521469303E-02  5.720324481E-02  2.641372736E-02
 -2.563588864E-02 -8.586384541E-02 -1.215917096E-01 -1.482406506E-01 -1.607669337E-01
 -2.159864961E-01 -2.033657825E-01 -1.860057039E-01 -1.669011458E-01 -1.391990620E-01
 -8.586384541E-02 -2.262519252E-02  3.417992554E-02  6.520697838E-02  9.739865185E-02
  1.615557504E-01  1.754736477E-01  2.108741113E-01  2.366677564E-01  2.286186534E-01
  2.456861584E-01  2.286186534E-01  2.366677564E-01  2.108741113E-01  1.754736477E-01
  1.615557504E-01  9.739865185E-02  6.520697838E-02  3.417992554E-02 -2.262519252E-02
 -8.586384541E-02 -1.391990620E-01 -1.669011458E-01 -1.860057039E-01 -2.033657825E-01
 -2.724903874E-01 -2.591836628E-01 -2.330300147E-01 -2.000897220E-01 -1.669011458E-01
 -1.215917096E-01 -5.669888447E-02  1.312094716E-02  4.719367282E-02  7.710425888E-02
  1.441151466E-01  1.657984364E-01  1.915449414E-01  2.188989517E-01  2.196258257E-01
  2.310936962E-01  2.196258257E-01  2.188989517E-01  1.915449414E-01  1.657984364E-01
  1.441151466E-01  7.710425888E-02  4.719367282E-02  1.312094716E-02 -5.669888447E-02
 -1.215917096E-01 -1.669011458E-01 -2.000897220E-01 -2.330300147E-01 -2.591836628E-01
 -3.129254663E-01 -3.053637372E-01 -2.790875767E-01 -2.330300147E-01 -1.860057039E-01
 -1.482406506E-01 -9.360153716E-02 -1.516430081E-02  3.721873021E-02  7.125297902E-02
  1.227416192E-01  1.554316034E-01  1.819277106E-01  2.110673553E-01  2.156071732E-01
  2.127688957E-01  2.156071732E-01  2.110673553E-01  1.819277106E-01  1.554316034E-01
  1.227416192E-01  7.125297902E-02  3.721873021E-02 -1.516430081E-02 -9.360153716E-02
 -1.482406506E-01 -1.860057039E-01 -2.330300147E-01 -2.790875767E-01 -3.053637372E-01
 -3.537411297E-01 -3.408929503E-01 -3.053637372E-01 -2.591836628E-01 -2.033657825E-01
 -1.607669337E-01 -1.104844354E-01 -2.904302551E-02  2.848456521E-02  6.633269226E-02
  1.114046064E-01  1.503610942E-01  1.714644083E-01  2.009468979E-01  2.153684151E-01
  2.057667260E-01  2.153684151E-01  2.009468979E-01  1.714644083E-01  1.503610942E-01
  1.114046064E-01  6.633269226E-02  2.848456521E-02 -2.904302551E-02 -1.104844354E-01
 -1.607669337E-01 -2.033657825E-01 -2.591836628E-01 -3.053637372E-01 -3.408929503E-01
 -2.101066226E-01 -2.019836157E-01 -1.839173239E-01 -1.597226380E-01 -1.252283308E-01
 -7.541435619E-02 -1.945620360E-02  2.089367268E-02  5.521548707E-02  1.119466792E-01
  1.558797735E-01  1.741928094E-01  2.075300486E-01  2.196361628E-01  2.266041177E-01
  2.440510861E-01  2.266041177E-01  2.196361628E-01  2.075300486E-01  1.741928094E-01
  1.558797735E-01  1.119466792E-01  5.521548707E-02  2.089367268E-02 -1.945620360E-02
 -7.541435619E-02 -1.252283308E-01 -1.597226380E-01 -1.839173239E-01 -2.019836157E-01
 -2.019836157E-01 -1.912048104E-01 -1.763661933E-01 -1.548645303E-01 -1.187817513E-01
 -6.929098155E-02 -8.431302342E-03  3.394237540E-02  6.177426627E-02  1.114046064E-01
  1.539636375E-01  1.725675444E-01  2.110394718E-01  2.257918180E-01  2.256104659E-01
  2.389415294E-01  2.256104659E-01  2.257918180E-01  2.110394718E-01  1.725675444E-01
  1.539636375E-01  1.114046064E-01  6.177426627E-02  3.394237540E-02 -8.431302342E-03
 -6.929098155E-02 -1.187817513E-01 -1.548645303E-01 -1.763661933E-01 -1.912048104E-01
 -1.839173239E-01 -1.763661933E-01 -1.697478595E-01 -1.450591976E-01 -1.061641257E-01
 -5.908369368E-02 -4.930488508E-05  3.508091821E-02  6.551834208E-02  1.227416192E-01
  1.687208240E-01  1.781271723E-01  2.110317216E-01  2.300139557E-01  2.349662910E-01
  2.537252913E-01  2.349662910E-01  2.300139557E-01  2.110317216E-01  1.781271723E-01
  1.687208240E-01  1.227416192E-01  6.551834208E-02  3.508091821E-02 -4.930488508E-05
 -5.908369368E-02 -1.061641257E-01 -1.450591976E-01 -1.697478595E-01 -1.763661933E-01
 -1.597226380E-01 -1.548645303E-01 -1.450591976E-01 -1.115740382E-01 -7.218720614E-02
 -2.362385523E-02  1.996998803E-02  4.034603481E-02  8.700572044E-02  1.441151466E-01
  1.774664037E-01  1.851356607E-01  2.200703016E-01  2.368148214E-01  2.392726307E-01
  2.606561642E-01  2.392726307E-01  2.368148214E-01  2.200703016E-01  1.851356607E-01
  1.774664037E-01  1.441151466E-01  8.700572044E-02  4.034603481E-02  1.996998803E-02
 -2.362385523E-02 -7.218720614E-02 -1.115740382E-01 -1.450591976E-01 -1.548645303E-01
 -1.252283308E-01 -1.187817513E-01 -1.061641257E-01 -7.218720614E-02 -3.179220405E-02
  1.147024464E-02  3.854461391E-02  6.431939405E-02  1.260390166E-01  1.615557504E-01
  1.773356861E-01  1.971071034E-01  2.358399153E-01  2.480659533E-01  2.472062832E-01
  2.656910631E-01  2.472062832E-01  2.480659533E-01  2.358399153E-01  1.971071034E-01
  1.773356861E-01  1.615557504E-01  1.260390166E-01  6.431939405E-02  3.854461391E-02
  1.147024464E-02 -3.179220405E-02 -7.218720614E-02 -1.061641257E-01 -1.187817513E-01
 -7.541435619E-02 -6.929098155E-02 -5.908369368E-02 -2.362385523E-02  1.147024464E-02
  2.926705734E-02  5.063952870E-02  8.773997072E-02  1.439412390E-01  1.744018779E-01
  2.019200024E-01  2.289906970E-01  2.447821422E-01  2.556353045E-01  2.663118816E-01
  2.783081923E-01  2.663118816E-01  2.556353045E-01  2.447821422E-01  2.289906970E-01
  2.019200024E-01  1.744018779E-01  1.439412390E-01  8.773997072E-02  5.063952870E-02
  2.926705734E-02  1.147024464E-02 -2.362385523E-02 -5.908369368E-02 -6.929098155E-02
 -1.945620360E-02 -8.431302342E-03 -4.930488508E-05  1.996998803E-02  3.854461391E-02
  5.063952870E-02  9.309101067E-02  1.330250452E-01  1.675438927E-01  1.898061646E-01
  2.139832716E-01  2.460790513E-01  2.584947240E-01  2.818860800E-01  2.858468935E-01
  2.695048884E-01  2.858468935E-01  2.818860800E-01  2.584947240E-01  2.460790513E-01
  2.139832716E-01  1.898061646E-01  1.675438927E-01  1.330250452E-01  9.309101067E-02
  5.063952870E-02  3.854461391E-02  1.996998803E-02 -4.930488508E-05 -8.431302342E-03
  2.089367268E-02  3.394237540E-02  3.508091821E-02  4.034603481E-02  6.431939405E-02
  8.773997072E-02  1.330250452E-01  1.666353973E-01  1.924059067E-01  2.129382312E-01
  2.300927164E-01  2.606072762E-01  2.691100066E-01  2.989945104E-01  3.092732735E-01
  2.851006019E-01  3.092732735E-01  2.989945104E-01  2.691100066E-01  2.606072762E-01
  2.300927164E-01  2.129382312E-01  1.924059067E-01  1.666353973E-01  1.330250452E-01
  8.773997072E-02  6.431939405E-02  4.034603481E-02  3.508091821E-02  3.394237540E-02
  5.521548707E-02  6.177426627E-02  6.551834208E-02  8.700572044E-02  1.260390166E-01
  1.439412390E-01  1.675438927E-01  1.924059067E-01  2.124101028E-01  2.395006072E-01
  2.603616002E-01  2.787505244E-01  2.841672821E-01  3.020305499E-01  3.164669796E-01
  3.094122917E-01  3.164669796E-01  3.020305499E-01  2.841672821E-01  2.787505244E-01
  2.603616002E-01  2.395006072E-01  2.124101028E-01  1.924059067E-01  1.675438927E-01
  1.439412390E-01  1.260390166E-01  8.700572044E-02  6.551834208E-02  6.177426627E-02
  1.119466792E-01  1.114046064E-01  1.227416192E-01  1.441151466E-01  1.615557504E-01
  1.744018779E-01  1.898061646E-01  2.129382312E-01  2.395006072E-01  2.677753486E-01
  2.780566468E-01  2.871320430E-01  3.146766175E-01  3.190537553E-01  3.188688177E-01
  3.287171079E-01  3.188688177E-01  3.190537553E-01  3.146766175E-01  2.871320430E-01
  2.780566468E-01  2.677753486E-01  2.395006072E-01  2.129382312E-01  1.898061646E-01
  1.744018779E-01  1.615557504E-01  1.441151466E-01  1.227416192E-01  1.114046064E-01
  1.558797735E-01  1.539636375E-01  1.687208240E-01  1.774664037E-01  1.773356861E-01
  2.019200024E-01  2.139832716E-01  2.300927164E-01  2.603616002E-01  2.780566468E-01
  2.960389262E-01  3.148735208E-01  3.349088111E-01  3.266229825E-01  3.300466107E-01
  3.526794131E-01  3.300466107E-01  3.266229825E-01  3.349088111E-01  3.148735208E-01
  2.960389262E-01  2.780566468E-01  2.603616002E-01  2.300927164E-01  2.139832716E-01
  2.019200024E-01  1.773356861E-01  1.774664037E-01  1.687208240E-01  1.539636375E-01
  1.741928094E-01  1.725675444E-01  1.781271723E-01  1.851356607E-01  1.971071034E-01
  2.289906970E-01  2.460790513E-01  2.606072762E-01  2.787505244E-01  2.871320430E-01
  3.148735208E-01  3.275850414E-01  3.314708233E-01  3.449154455E-01  3.524069885E-01
  3.579557612E-01  3.524069885E-01  3.449154455E-01  3.314708233E-01  3.275850414E-01
  3.148735208E-01  2.871320430E-01  2.787505244E-01  2.606072762E-01  2.460790513E-01
  2.289906970E-01  1.971071034E-01  1.851356607E-01  1.781271723E-01  1.725675444E-01
  2.075300486E-01  2.110394718E-01  2.110317216E-01  2.200703016E-01  2.358399153E-01
  2.447821422E-01  2.584947240E-01  2.691100066E-01  2.841672821E-01  3.146766175E-01
  3.349088111E-01  3.314708233E-01  3.422425983E-01  3.634328836E-01  3.601480058E-01
  3.520316714E-01  3.601480058E-01  3.634328836E-01  3.422425983E-01  3.314708233E-01
  3.349088111E-01  3.146766175E-01  2.841672821E-01  2.691100066E-01  2.584947240E-01
  2.447821422E-01  2.358399153E-01  2.200703016E-01  2.110317216E-01  2.110394718E-01
  2.196361628E-01  2.257918180E-01  2.300139557E-01  2.368148214E-01  2.480659533E-01
  2.556353045E-01  2.818860800E-01  2.989945104E-01  3.020305499E-01  3.190537553E-01
  3.266229825E-01  3.449154455E-01  3.634328836E-01  3.535627654E-01  3.612900197E-01
  3.767841714E-01  3.612900197E-01  3.535627654E-01  3.634328836E-01  3.449154455E-01
  3.266229825E-01  3.190537553E-01  3.020305499E-01  2.989945104E-01  2.818860800E-01
  2.556353045E-01  2.480659533E-01  2.368148214E-01  2.300139557E-01  2.257918180E-01
  2.266041177E-01  2.256104659E-01  2.349662910E-01  2.392726307E-01  2.472062832E-01
  2.663118816E-01  2.858468935E-01  3.092732735E-01  3.164669796E-01  3.188688177E-01
  3.300466107E-01  3.524069885E-01  3.601480058E-01  3.612900197E-01  3.735680908E-01
  3.770342715E-01  3.735680908E-01  3.612900197E-01  3.601480058E-01  3.524069885E-01
  3.300466107E-01  3.188688177E-01  3.164669796E-01  3.092732735E-01  2.858468935E-01
  2.663118816E-01  2.472062832E-01  2.392726307E-01  2.349662910E-01  2.256104659E-01
  2.440510861E-01  2.389415294E-01  2.537252913E-01  2.606561642E-01  2.656910631E-01
  2.783081923E-01  2.695048884E-01  2.851006019E-01  3.094122917E-01  3.287171079E-01
  3.526794131E-01  3.579557612E-01  3.520316714E-01  3.767841714E-01  3.770342715E-01
  3.512818104E-01  3.770342715E-01  3.767841714E-01  3.520316714E-01  3.579557612E-01
  3.526794131E-01  3.287171079E-01  3.094122917E-01  2.851006019E-01  2.695048884E-01
  2.783081923E-01  2.656910631E-01  2.606561642E-01  2.537252913E-01  2.389415294E-01
  2.266041177E-01  2.256104659E-01  2.349662910E-01  2.392726307E-01  2.472062832E-01
  2.663118816E-01  2.858468935E-01  3.092732735E-01  3.164669796E-01  3.188688177E-01
  3.300466107E-01  3.524069885E-01  3.601480058E-01  3.612900197E-01  3.735680908E-01
  3.770342715E-01  3.735680908E-01  3.612900197E-01  3.601480058E-01  3.524069885E-01
  3.300466107E-01  3.188688177E-01  3.164669796E-01  3.092732735E-01  2.858468935E-01
  2.663118816E-01  2.472062832E-01  2.392726307E-01  2.349662910E-01  2.256104659E-01
  2.196361628E-01  2.257918180E-01  2.300139557E-01  2.368148214E-01  2.480659533E-01
  2.556353045E-01  2.818860800E-01  2.989945104E-01  3.020305499E-01  3.190537553E-01
  3.266229825E-01  3.449154455E-01  3.634328836E-01  3.535627654E-01  3.612900197E-01
  3.767841714E-01  3.612900197E-01  3.535627654E-01  3.634328836E-01  3.449154455E-01
  3.266229825E-01  3.190537553E-01  3.020305499E-01  2.989945104E-01  2.818860800E-01
  2.556353045E-01  2.480659533E-01  2.368148214E-01  2.300139557E-01  2.257918180E-01
  2.075300486E-01  2.110394718E-01  2.110317216E-01  2.200703016E-01  2.358399153E-01
  2.447821422E-01  2.584947240E-01  2.691100066E-01  2.841672821E-01  3.146766175E-01
  3.349088111E-01  3.314708233E-01  3.422425983E-01  3.634328836E-01  3.601480058E-01
  3.520316714E-01  3.601480058E-01  3.634328836E-01  3.422425983E-01  3.314708233E-01
  3.349088111E-01  3.146766175E-01  2.841672821E-01  2.691100066E-01  2.584947240E-01
  2.447821422E-01  2.358399153E-01  2.200703016E-01  2.110317216E-01  2.110394718E-01
  1.741928094E-01  1.725675444E-01  1.781271723E-01  1.851356607E-01  1.971071034E-01
  2.289906970E-01  2.460790513E-01  2.606072762E-01  2.787505244E-01  2.871320430E-01
  3.148735208E-01  3.275850414E-01  3.314708233E-01  3.449154455E-01  3.524069885E-01
  3.579557612E-01  3.524069885E-01  3.449154455E-01  3.314708233E-01  3.275850414E-01
  3.148735208E-01  2.871320430E-01  2.787505244E-01  2.606072762E-01  2.460790513E-01
  2.289906970E-01  1.971071034E-01  1.851356607E-01  1.781271723E-01  1.725675444E-01
  1.558797735E-01  1.539636375E-01  1.687208240E-01  1.774664037E-01  1.773356861E-01
  2.019200024E-01  2.139832716E-01  2.300927164E-01  2.603616002E-01  2.780566468E-01
  2.960389262E-01  3.148735208E-01  3.349088111E-01  3.266229825E-01  3.300466107E-01
  3.526794131E-01  3.300466107E-01  3.266229825E-01  3.349088111E-01  3.148735208E-01
  2.960389262E-01  2.780566468E-01  2.603616002E-01  2.300927164E-01  2.139832716E-01
  2.019200024E-01  1.773356861E-01  1.774664037E-01  1.687208240E-01  1.539636375E-01
  1.119466792E-01  1.114046064E-01  1.227416192E-01  1.441151466E-01  1.615557504E-01
  1.744018779E-01  1.898061646E-01  2.129382312E-01  2.395006072E-01  2.677753486E-01
  2.780566468E-01  2.871320430E-01  3.146766175E-01  3.190537553E-01  3.188688177E-01
  3.287171079E-01  3.188688177E-01  3.190537553E-01  3.146766175E-01  2.871320430E-01
  2.780566468E-01  2.677753486E-01  2.395006072E-01  2.129382312E-01  1.898061646E-01
  1.744018779E-01  1.615557504E-01  1.441151466E-01  1.227416192E-01  1.114046064E-01
  5.521548707E-02  6.177426627E-02  6.551834208E-02  8.700572044E-02  1.260390166E-01
  1.439412390E-01  1.675438927E-01  1.924059067E-01  2.124101028E-01  2.395006072E-01
  2.603616002E-01  2.787505244E-01  2.841672821E-01  3.020305499E-01  3.164669796E-01
  3.094122917E-01  3.164669796E-01  3.020305499E-01  2.841672821E-01  2.787505244E-01
  2.603616002E-01  2.395006072E-01  2.124101028E-01  1.924059067E-01  1.675438927E-01
  1.439412390E-01  1.260390166E-01  8.700572044E-02  6.551834208E-02  6.177426627E-02
  2.089367268E-02  3.394237540E-02  3.508091821E-02  4.034603481E-02  6.431939405E-02
  8.773997072E-02  1.330250452E-01  1.666353973E-01  1.924059067E-01  2.129382312E-01
  2.300927164E-01  2.606072762E-01  2.691100066E-01  2.989945104E-01  3.092732735E-01
  2.851006019E-01  3.092732735E-01  2.989945104E-01  2.691100066E-01  2.606072762E-01
  2.300927164E-01  2.129382312E-01  1.924059067E-01  1.666353973E-01  1.330250452E-01
  8.773997072E-02  6.431939405E-02  4.034603481E-02  3.508091821E-02  3.394237540E-02
 -1.945620360E-02 -8.431302342E-03 -4.930488508E-05  1.996998803E-02  3.854461391E-02
  5.063952870E-02  9.309101067E-02  1.330250452E-01  1.675438927E-01  1.898061646E-01
  2.139832716E-01  2.460790513E-01  2.584947240E-01  2.818860800E-01  2.858468935E-01
  2.695048884E-01  2.858468935E-01  2.818860800E-01  2.584947240E-01  2.460790513E-01
  2.139832716E-01  1.898061646E-01  1.675438927E-01  1.330250452E-01  9.309101067E-02
  5.063952870E-02  3.854461391E-02  1.996998803E-02 -4.930488508E-05 -8.431302342E-03
 -7.541435619E-02 -6.929098155E-02 -5.908369368E-02 -2.362385523E-02  1.147024464E-02
  2.926705734E-02  5.063952870E-02  8.773997072E-02  1.439412390E-01  1.744018779E-01
  2.019200024E-01  2.289906970E-01  2.447821422E-01  2.556353045E-01  2.663118816E-01
  2.783081923E-01  2.663118816E-01  2.556353045E-01  2.447821422E-01  2.289906970E-01
  2.019200024E-01  1.744018779E-01  1.439412390E-01  8.773997072E-02  5.063952870E-02
  2.926705734E-02  1.147024464E-02 -2.362385523E-02 -5.908369368E-02 -6.929098155E-02
 -1.252283308E-01 -1.187817513E-01 -1.061641257E-01 -7.218720614E-02 -3.179220405E-02
  1.147024464E-02  3.854461391E-02  6.431939405E-02  1.260390166E-01  1.615557504E-01
  1.773356861E-01  1.971071034E-01  2.358399153E-01  2.480659533E-01  2.472062832E-01
  2.656910631E-01  2.472062832E-01  2.480659533E-01  2.358399153E-01  1.971071034E-01
  1.773356861E-01  1.615557504E-01  1.260390166E-01  6.431939405E-02  3.854461391E-02
  1.147024464E-02 -3.179220405E-02 -7.218720614E-02 -1.061641257E-01 -1.187817513E-01
 -1.597226380E-01 -1.548645303E-01 -1.450591976E-01 -1.115740382E-01 -7.218720614E-02
 -2.362385523E-02  1.996998803E-02  4.034603481E-02  8.700572044E-02  1.441151466E-01
  1.774664037E-01  1.851356607E-01  2.200703016E-01  2.368148214E-01  2.392726307E-01
  2.606561642E-01  2.392726307E-01  2.368148214E-01  2.200703016E-01  1.851356607E-01
  1.774664037E-01  1.441151466E-01  8.700572044E-02  4.034603481E-02  1.996998803E-02
 -2.362385523E-02 -7.218720614E-02 -1.115740382E-01 -1.450591976E-01 -1.548645303E-01
 -1.839173239E-01 -1.763661933E-01 -1.697478595E-01 -1.450591976E-01 -1.061641257E-01
 -5.908369368E-02 -4.930488508E-05  3.508091821E-02  6.551834208E-02  1.227416192E-01
  1.687208240E-01  1.781271723E-01  2.110317216E-01  2.300139557E-01  2.349662910E-01
  2.537252913E-01  2.349662910E-01  2.300139557E-01  2.110317216E-01  1.781271723E-01
  1.687208240E-01  1.227416192E-01  6.551834208E-02  3.508091821E-02 -4.930488508E-05
 -5.908369368E-02 -1.061641257E-01 -1.450591976E-01 -1.697478595E-01 -1.763661933E-01
 -2.019836157E-01 -1.912048104E-01 -1.763661933E-01 -1.548645303E-01 -1.187817513E-01
 -6.929098155E-02 -8.431302342E-03  3.394237540E-02  6.177426627E-02  1.114046064E-01
  1.539636375E-01  1.725675444E-01  2.110394718E-01  2.257918180E-01  2.256104659E-01
  2.389415294E-01  2.256104659E-01  2.257918180E-01  2.110394718E-01  1.725675444E-01
  1.539636375E-01  1.114046064E-01  6.177426627E-02  3.394237540E-02 -8.431302342E-03
 -6.929098155E-02 -1.187817513E-01 -1.548645303E-01 -1.763661933E-01 -1.912048104E-01
 -1.092169781E-01 -1.235701585E-01 -1.159482390E-01 -7.214107466E-02 -3.896511448E-02
 -2.528256958E-04  2.822813665E-02  5.943509145E-02  1.193078792E-01  1.533681321E-01
  1.741928094E-01  2.020891042E-01  2.285014982E-01  2.396411101E-01  2.509950975E-01
  2.662683990E-01  2.509950975E-01  2.396411101E-01  2.285014982E-01  2.020891042E-01
  1.741928094E-01  1.533681321E-01  1.193078792E-01  5.943509145E-02  2.822813665E-02
 -2.528256958E-04 -3.896511448E-02 -7.214107466E-02 -1.159482390E-01 -1.235701585E-01
 -1.235701585E-01 -1.171308019E-01 -9.797599791E-02 -6.576146435E-02 -3.135958637E-02
  6.664503408E-03  3.562925134E-02  7.023279881E-02  1.236439502E-01  1.503610942E-01
  1.725675444E-01  2.075106313E-01  2.339142199E-01  2.416579164E-01  2.485834296E-01
  2.593661081E-01  2.485834296E-01  2.416579164E-01  2.339142199E-01  2.075106313E-01
  1.725675444E-01  1.503610942E-01  1.236439502E-01  7.023279881E-02  3.562925134E-02
  6.664503408E-03 -3.135958637E-02 -6.576146435E-02 -9.797599791E-02 -1.171308019E-01
 -1.159482390E-01 -9.797599791E-02 -7.690536531E-02 -5.050746850E-02 -1.524207203E-02
  1.406110060E-02  4.564897138E-02  8.482695118E-02  1.333226025E-01  1.554316034E-01
  1.781271723E-01  2.179983424E-01  2.337780046E-01  2.402288768E-01  2.563611215E-01
  2.661058149E-01  2.563611215E-01  2.402288768E-01  2.337780046E-01  2.179983424E-01
  1.781271723E-01  1.554316034E-01  1.333226025E-01  8.482695118E-02  4.564897138E-02
  1.406110060E-02 -1.524207203E-02 -5.050746850E-02 -7.690536531E-02 -9.797599791E-02
 -7.214107466E-02 -6.576146435E-02 -5.050746850E-02 -2.022753095E-02  1.155006667E-03
  2.303861752E-02  6.024104024E-02  9.467641746E-02  1.435684308E-01  1.657984364E-01
  1.851356607E-01  2.327295982E-01  2.452329418E-01  2.513162671E-01  2.648560881E-01
  2.640816423E-01  2.648560881E-01  2.513162671E-01  2.452329418E-01  2.327295982E-01
  1.851356607E-01  1.657984364E-01  1.435684308E-01  9.467641746E-02  6.024104024E-02
  2.303861752E-02  1.155006667E-03 -2.022753095E-02 -5.050746850E-02 -6.576146435E-02
 -3.896511448E-02 -3.135958637E-02 -1.524207203E-02  1.155006667E-03  1.404724323E-02
  4.644418521E-02  9.060055926E-02  1.225540813E-01  1.595813489E-01  1.754736477E-01
  1.971071034E-01  2.435861834E-01  2.523172909E-01  2.623907519E-01  2.773340116E-01
  2.720373164E-01  2.773340116E-01  2.623907519E-01  2.523172909E-01  2.435861834E-01
  1.971071034E-01  1.754736477E-01  1.595813489E-01  1.225540813E-01  9.060055926E-02
  4.644418521E-02  1.404724323E-02  1.155006667E-03 -1.524207203E-02 -3.135958637E-02
 -2.528256958E-04  6.664503408E-03  1.406110060E-02  2.303861752E-02  4.644418521E-02
  7.298660637E-02  1.119119209E-01  1.481420963E-01  1.648616769E-01  1.907191701E-01
  2.289906970E-01  2.573627094E-01  2.572231588E-01  2.706842391E-01  2.922991636E-01
  2.921350960E-01  2.922991636E-01  2.706842391E-01  2.572231588E-01  2.573627094E-01
  2.289906970E-01  1.907191701E-01  1.648616769E-01  1.481420963E-01  1.119119209E-01
  7.298660637E-02  4.644418521E-02  2.303861752E-02  1.406110060E-02  6.664503408E-03
  2.822813665E-02  3.562925134E-02  4.564897138E-02  6.024104024E-02  9.060055926E-02
  1.119119209E-01  1.474011630E-01  1.742925665E-01  1.810428778E-01  2.229419318E-01
  2.460790513E-01  2.568793301E-01  2.758784910E-01  2.922126738E-01  2.993258341E-01
  2.919646031E-01  2.993258341E-01  2.922126738E-01  2.758784910E-01  2.568793301E-01
  2.460790513E-01  2.229419318E-01  1.810428778E-01  1.742925665E-01  1.474011630E-01
  1.119119209E-01  9.060055926E-02  6.024104024E-02  4.564897138E-02  3.562925134E-02
  5.943509145E-02  7.023279881E-02  8.482695118E-02  9.467641746E-02  1.225540813E-01
  1.481420963E-01  1.742925665E-01  1.852800580E-01  2.038054065E-01  2.561152218E-01
  2.606072762E-01  2.724217852E-01  2.921613701E-01  2.981068928E-01  3.145133370E-01
  3.150065282E-01  3.145133370E-01  2.981068928E-01  2.921613701E-01  2.724217852E-01
  2.606072762E-01  2.561152218E-01  2.038054065E-01  1.852800580E-01  1.742925665E-01
  1.481420963E-01  1.225540813E-01  9.467641746E-02  8.482695118E-02  7.023279881E-02
  1.193078792E-01  1.236439502E-01  1.333226025E-01  1.435684308E-01  1.595813489E-01
  1.648616769E-01  1.810428778E-01  2.038054065E-01  2.271924658E-01  2.649223392E-01
  2.787505244E-01  3.064729573E-01  3.161087011E-01  3.113171682E-01  3.254171651E-01
  3.249553925E-01  3.254171651E-01  3.113171682E-01  3.161087011E-01  3.064729573E-01
  2.787505244E-01  2.649223392E-01  2.271924658E-01  2.038054065E-01  1.810428778E-01
  1.648616769E-01  1.595813489E-01  1.435684308E-01  1.333226025E-01  1.236439502E-01
  1.533681321E-01  1.503610942E-01  1.554316034E-01  1.657984364E-01  1.754736477E-01
  1.907191701E-01  2.229419318E-01  2.561152218E-01  2.649223392E-01  2.734635342E-01
  2.871320430E-01  3.046567504E-01  3.228909117E-01  3.392167017E-01  3.405169032E-01
  3.313250748E-01  3.405169032E-01  3.392167017E-01  3.228909117E-01  3.046567504E-01
  2.871320430E-01  2.734635342E-01  2.649223392E-01  2.561152218E-01  2.229419318E-01
  1.907191701E-01  1.754736477E-01  1.657984364E-01  1.554316034E-01  1.503610942E-01
  1.741928094E-01  1.725675444E-01  1.781271723E-01  1.851356607E-01  1.971071034E-01
  2.289906970E-01  2.460790513E-01  2.606072762E-01  2.787505244E-01  2.871320430E-01
  3.148735208E-01  3.275850414E-01  3.314708233E-01  3.449154455E-01  3.524069885E-01
  3.579557612E-01  3.524069885E-01  3.449154455E-01  3.314708233E-01  3.275850414E-01
  3.148735208E-01  2.871320430E-01  2.787505244E-01  2.606072762E-01  2.460790513E-01
  2.289906970E-01  1.971071034E-01  1.851356607E-01  1.781271723E-01  1.725675444E-01
  2.020891042E-01  2.075106313E-01  2.179983424E-01  2.327295982E-01  2.435861834E-01
  2.573627094E-01  2.568793301E-01  2.724217852E-01  3.064729573E-01  3.046567504E-01
  3.275850414E-01  3.466913591E-01  3.441541641E-01  3.487643578E-01  3.560827793E-01
  3.673323175E-01  3.560827793E-01  3.487643578E-01  3.441541641E-01  3.466913591E-01
  3.275850414E-01  3.046567504E-01  3.064729573E-01  2.724217852E-01  2.568793301E-01
  2.573627094E-01  2.435861834E-01  2.327295982E-01  2.179983424E-01  2.075106313E-01
  2.285014982E-01  2.339142199E-01  2.337780046E-01  2.452329418E-01  2.523172909E-01
  2.572231588E-01  2.758784910E-01  2.921613701E-01  3.161087011E-01  3.228909117E-01
  3.314708233E-01  3.441541641E-01  3.620388501E-01  3.724715474E-01  3.658757247E-01
  3.673406419E-01  3.658757247E-01  3.724715474E-01  3.620388501E-01  3.441541641E-01
  3.314708233E-01  3.228909117E-01  3.161087011E-01  2.921613701E-01  2.758784910E-01
  2.572231588E-01  2.523172909E-01  2.452329418E-01  2.337780046E-01  2.339142199E-01
  2.396411101E-01  2.416579164E-01  2.402288768E-01  2.513162671E-01  2.623907519E-01
  2.706842391E-01  2.922126738E-01  2.981068928E-01  3.113171682E-01  3.392167017E-01
  3.449154455E-01  3.487643578E-01  3.724715474E-01  3.767763589E-01  3.730432310E-01
  3.797550316E-01  3.730432310E-01  3.767763589E-01  3.724715474E-01  3.487643578E-01
  3.449154455E-01  3.392167017E-01  3.113171682E-01  2.981068928E-01  2.922126738E-01
  2.706842391E-01  2.623907519E-01  2.513162671E-01  2.402288768E-01  2.416579164E-01
  2.509950975E-01  2.485834296E-01  2.563611215E-01  2.648560881E-01  2.773340116E-01
  2.922991636E-01  2.993258341E-01  3.145133370E-01  3.254171651E-01  3.405169032E-01
  3.524069885E-01  3.560827793E-01  3.658757247E-01  3.730432310E-01  3.796713076E-01
  3.839895406E-01  3.796713076E-01  3.730432310E-01  3.658757247E-01  3.560827793E-01
  3.524069885E-01  3.405169032E-01  3.254171651E-01  3.145133370E-01  2.993258341E-01
  2.922991636E-01  2.773340116E-01  2.648560881E-01  2.563611215E-01  2.485834296E-01
  2.662683990E-01  2.593661081E-01  2.661058149E-01  2.640816423E-01  2.720373164E-01
  2.921350960E-01  2.919646031E-01  3.150065282E-01  3.249553925E-01  3.313250748E-01
  3.579557612E-01  3.673323175E-01  3.673406419E-01  3.797550316E-01  3.839895406E-01
  3.769629434E-01  3.839895406E-01  3.797550316E-01  3.673406419E-01  3.673323175E-01
  3.579557612E-01  3.313250748E-01  3.249553925E-01  3.150065282E-01  2.919646031E-01
  2.921350960E-01  2.720373164E-01  2.640816423E-01  2.661058149E-01  2.593661081E-01
  2.509950975E-01  2.485834296E-01  2.563611215E-01  2.648560881E-01  2.773340116E-01
  2.922991636E-01  2.993258341E-01  3.145133370E-01  3.254171651E-01  3.405169032E-01
  3.524069885E-01  3.560827793E-01  3.658757247E-01  3.730432310E-01  3.796713076E-01
  3.839895406E-01  3.796713076E-01  3.730432310E-01  3.658757247E-01  3.560827793E-01
  3.524069885E-01  3.405169032E-01  3.254171651E-01  3.145133370E-01  2.993258341E-01
  2.922991636E-01  2.773340116E-01  2.648560881E-01  2.563611215E-01  2.485834296E-01
  2.396411101E-01  2.416579164E-01  2.402288768E-01  2.513162671E-01  2.623907519E-01
  2.706842391E-01  2.922126738E-01  2.981068928E-01  3.113171682E-01  3.392167017E-01
  3.449154455E-01  3.487643578E-01  3.724715474E-01  3.767763589E-01  3.730432310E-01
  3.797550316E-01  3.730432310E-01  3.767763589E-01  3.724715474E-01  3.487643578E-01
  3.449154455E-01  3.392167017E-01  3.113171682E-01  2.981068928E-01  2.922126738E-01
  2.706842391E-01  2.623907519E-01  2.513162671E-01  2.402288768E-01  2.416579164E-01
  2.285014982E-01  2.339142199E-01  2.337780046E-01  2.452329418E-01  2.523172909E-01
  2.572231588E-01  2.758784910E-01  2.921613701E-01  3.161087011E-01  3.228909117E-01
  3.314708233E-01  3.441541641E-01  3.620388501E-01  3.724715474E-01  3.658757247E-01
  3.673406419E-01  3.658757247E-01  3.724715474E-01  3.620388501E-01  3.441541641E-01
  3.314708233E-01  3.228909117E-01  3.161087011E-01  2.921613701E-01  2.758784910E-01
  2.572231588E-01  2.523172909E-01  2.452329418E-01  2.337780046E-01  2.339142199E-01
  2.020891042E-01  2.075106313E-01  2.179983424E-01  2.327295982E-01  2.435861834E-01
  2.573627094E-01  2.568793301E-01  2.724217852E-01  3.064729573E-01  3.046567504E-01
  3.275850414E-01  3.466913591E-01  3.441541641E-01  3.487643578E-01  3.560827793E-01
  3.673323175E-01  3.560827793E-01  3.487643578E-01  3.441541641E-01  3.466913591E-01
  3.275850414E-01  3.046567504E-01  3.064729573E-01  2.724217852E-01  2.568793301E-01
  2.573627094E-01  2.435861834E-01  2.327295982E-01  2.179983424E-01  2.075106313E-01
  1.741928094E-01  1.725675444E-01  1.781271723E-01  1.851356607E-01  1.971071034E-01
  2.289906970E-01  2.460790513E-01  2.606072762E-01  2.787505244E-01  2.871320430E-01
  3.148735208E-01  3.275850414E-01  3.314708233E-01  3.449154455E-01  3.524069885E-01
  3.579557612E-01  3.524069885E-01  3.449154455E-01  3.314708233E-01  3.275850414E-01
  3.148735208E-01  2.871320430E-01  2.787505244E-01  2.606072762E-01  2.460790513E-01
  2.289906970E-01  1.971071034E-01  1.851356607E-01  1.781271723E-01  1.725675444E-01
  1.533681321E-01  1.503610942E-01  1.554316034E-01  1.657984364E-01  1.754736477E-01
  1.907191701E-01  2.229419318E-01  2.561152218E-01  2.649223392E-01  2.734635342E-01
  2.871320430E-01  3.046567504E-01  3.228909117E-01  3.392167017E-01  3.405169032E-01
  3.313250748E-01  3.405169032E-01  3.392167017E-01  3.228909117E-01  3.046567504E-01
  2.871320430E-01  2.734635342E-01  2.649223392E-01  2.561152218E-01  2.229419318E-01
  1.907191701E-01  1.754736477E-01  1.657984364E-01  1.554316034E-01  1.503610942E-01
  1.193078792E-01  1.236439502E-01  1.333226025E-01  1.435684308E-01  1.595813489E-01
  1.648616769E-01  1.810428778E-01  2.038054065E-01  2.271924658E-01  2.649223392E-01
  2.787505244E-01  3.064729573E-01  3.161087011E-01  3.113171682E-01  3.254171651E-01
  3.249553925E-01  3.254171651E-01  3.113171682E-01  3.161087011E-01  3.064729573E-01
  2.787505244E-01  2.649223392E-01  2.271924658E-01  2.038054065E-01  1.810428778E-01
  1.648616769E-01  1.595813489E-01  1.435684308E-01  1.333226025E-01  1.236439502E-01
  5.943509145E-02  7.023279881E-02  8.482695118E-02  9.467641746E-02  1.225540813E-01
  1.481420963E-01  1.742925665E-01  1.852800580E-01  2.038054065E-01  2.561152218E-01
  2.606072762E-01  2.724217852E-01  2.921613701E-01  2.981068928E-01  3.145133370E-01
  3.150065282E-01  3.145133370E-01  2.981068928E-01  2.921613701E-01  2.724217852E-01
  2.606072762E-01  2.561152218E-01  2.038054065E-01  1.852800580E-01  1.742925665E-01
  1.481420963E-01  1.225540813E-01  9.467641746E-02  8.482695118E-02  7.023279881E-02
  2.822813665E-02  3.562925134E-02  4.564897138E-02  6.024104024E-02  9.060055926E-02
  1.119119209E-01  1.474011630E-01  1.742925665E-01  1.810428778E-01  2.229419318E-01
  2.460790513E-01  2.568793301E-01  2.758784910E-01  2.922126738E-01  2.993258341E-01
  2.919646031E-01  2.993258341E-01  2.922126738E-01  2.758784910E-01  2.568793301E-01
  2.460790513E-01  2.229419318E-01  1.810428778E-01  1.742925665E-01  1.474011630E-01
  1.119119209E-01  9.060055926E-02  6.024104024E-02  4.564897138E-02  3.562925134E-02
 -2.528256958E-04  6.664503408E-03  1.406110060E-02  2.303861752E-02  4.644418521E-02
  7.298660637E-02  1.119119209E-01  1.481420963E-01  1.648616769E-01  1.907191701E-01
  2.289906970E-01  2.573627094E-01  2.572231588E-01  2.706842391E-01  2.922991636E-01
  2.921350960E-01  2.922991636E-01  2.706842391E-01  2.572231588E-01  2.573627094E-01
  2.289906970E-01  1.907191701E-01  1.648616769E-01  1.481420963E-01  1.119119209E-01
  7.298660637E-02  4.644418521E-02  2.303861752E-02  1.406110060E-02  6.664503408E-03
 -3.896511448E-02 -3.135958637E-02 -1.524207203E-02  1.155006667E-03  1.404724323E-02
  4.644418521E-02  9.060055926E-02  1.225540813E-01  1.595813489E-01  1.754736477E-01
  1.971071034E-01  2.435861834E-01  2.523172909E-01  2.623907519E-01  2.773340116E-01
  2.720373164E-01  2.773340116E-01  2.623907519E-01  2.523172909E-01  2.435861834E-01
  1.971071034E-01  1.754736477E-01  1.595813489E-01  1.225540813E-01  9.060055926E-02
  4.644418521E-02  1.404724323E-02  1.155006667E-03 -1.524207203E-02 -3.135958637E-02
 -7.214107466E-02 -6.576146435E-02 -5.050746850E-02 -2.022753095E-02  1.155006667E-03
  2.303861752E-02  6.024104024E-02  9.467641746E-02  1.435684308E-01  1.657984364E-01
  1.851356607E-01  2.327295982E-01  2.452329418E-01  2.513162671E-01  2.648560881E-01
  2.640816423E-01  2.648560881E-01  2.513162671E-01  2.452329418E-01  2.327295982E-01
  1.851356607E-01  1.657984364E-01  1.435684308E-01  9.467641746E-02  6.024104024E-02
  2.303861752E-02  1.155006667E-03 -2.022753095E-02 -5.050746850E-02 -6.576146435E-02
 -1.159482390E-01 -9.797599791E-02 -7.690536531E-02 -5.050746850E-02 -1.524207203E-02
  1.406110060E-02  4.564897138E-02  8.482695118E-02  1.333226025E-01  1.554316034E-01
  1.781271723E-01  2.179983424E-01  2.337780046E-01  2.402288768E-01  2.563611215E-01
  2.661058149E-01  2.563611215E-01  2.402288768E-01  2.337780046E-01  2.179983424E-01
  1.781271723E-01  1.554316034E-01  1.333226025E-01  8.482695118E-02  4.564897138E-02
  1.406110060E-02 -1.524207203E-02 -5.050746850E-02 -7.690536531E-02 -9.797599791E-02
 -1.235701585E-01 -1.171308019E-01 -9.797599791E-02 -6.576146435E-02 -3.135958637E-02
  6.664503408E-03  3.562925134E-02  7.023279881E-02  1.236439502E-01  1.503610942E-01
  1.725675444E-01  2.075106313E-01  2.339142199E-01  2.416579164E-01  2.485834296E-01
  2.593661081E-01  2.485834296E-01  2.416579164E-01  2.339142199E-01  2.075106313E-01
  1.725675444E-01  1.503610942E-01  1.236439502E-01  7.023279881E-02  3.562925134E-02
  6.664503408E-03 -3.135958637E-02 -6.576146435E-02 -9.797599791E-02 -1.171308019E-01
 -2.041021540E-02 -2.660123063E-02 -1.364189585E-02  1.047508852E-02  1.570258987E-02
  4.528814486E-02  9.022971997E-02  1.267738356E-01  1.517181400E-01  1.664180483E-01
  2.075300486E-01  2.285014982E-01  2.303686089E-01  2.598162627E-01  2.707425646E-01
  2.635460416E-01  2.707425646E-01  2.598162627E-01  2.303686089E-01  2.285014982E-01
  2.075300486E-01  1.664180483E-01  1.517181400E-01  1.267738356E-01  9.022971997E-02
  4.528814486E-02  1.570258987E-02  1.047508852E-02 -1.364189585E-02 -2.660123063E-02
 -2.660123063E-02 -1.863718444E-02 -4.143746528E-03  4.268460495E-03  1.708566499E-02
  4.690957458E-02  7.814824860E-02  1.133012459E-01  1.469995044E-01  1.714644083E-01
  2.110394718E-01  2.339142199E-01  2.408540020E-01  2.676673554E-01  2.718599749E-01
  2.593088493E-01  2.718599749E-01  2.676673554E-01  2.408540020E-01  2.339142199E-01
  2.110394718E-01  1.714644083E-01  1.469995044E-01  1.133012459E-01  7.814824860E-02
  4.690957458E-02  1.708566499E-02  4.268460495E-03 -4.143746528E-03 -1.863718444E-02
 -1.364189585E-02 -4.143746528E-03  1.843749656E-04  3.568973806E-03  3.323748148E-02
  6.246965580E-02  9.111824532E-02  1.287495192E-01  1.577208738E-01  1.819277106E-01
  2.110317216E-01  2.337780046E-01  2.415588055E-01  2.686081674E-01  2.793624316E-01
  2.648694028E-01  2.793624316E-01  2.686081674E-01  2.415588055E-01  2.337780046E-01
  2.110317216E-01  1.819277106E-01  1.577208738E-01  1.287495192E-01  9.111824532E-02
  6.246965580E-02  3.323748148E-02  3.568973806E-03  1.843749656E-04 -4.143746528E-03
  1.047508852E-02  4.268460495E-03  3.568973806E-03  2.297904003E-02  4.904635017E-02
  6.966015284E-02  1.078983007E-01  1.417788734E-01  1.607762416E-01  1.915449414E-01
  2.200703016E-01  2.452329418E-01  2.498798097E-01  2.759345968E-01  2.889326158E-01
  2.680222618E-01  2.889326158E-01  2.759345968E-01  2.498798097E-01  2.452329418E-01
  2.200703016E-01  1.915449414E-01  1.607762416E-01  1.417788734E-01  1.078983007E-01
  6.966015284E-02  4.904635017E-02  2.297904003E-02  3.568973806E-03  4.268460495E-03
  1.570258987E-02  1.708566499E-02  3.323748148E-02  4.904635017E-02  6.824150989E-02
  9.713134140E-02  1.282473775E-01  1.504696936E-01  1.711111883E-01  2.108741113E-01
  2.358399153E-01  2.523172909E-01  2.600667294E-01  2.863015340E-01  2.958847280E-01
  2.745084766E-01  2.958847280E-01  2.863015340E-01  2.600667294E-01  2.523172909E-01
  2.358399153E-01  2.108741113E-01  1.711111883E-01  1.504696936E-01  1.282473775E-01
  9.713134140E-02  6.824150989E-02  4.904635017E-02  3.323748148E-02  1.708566499E-02
  4.528814486E-02  4.690957458E-02  6.246965580E-02  6.966015284E-02  9.713134140E-02
  1.313912621E-01  1.463947783E-01  1.770289591E-01  1.976008864E-01  2.253891854E-01
  2.447821422E-01  2.572231588E-01  2.786769082E-01  2.938713292E-01  2.992964833E-01
  2.950452919E-01  2.992964833E-01  2.938713292E-01  2.786769082E-01  2.572231588E-01
  2.447821422E-01  2.253891854E-01  1.976008864E-01  1.770289591E-01  1.463947783E-01
  1.313912621E-01  9.713134140E-02  6.966015284E-02  6.246965580E-02  4.690957458E-02
  9.022971997E-02  7.814824860E-02  9.111824532E-02  1.078983007E-01  1.282473775E-01
  1.463947783E-01  1.521161589E-01  1.922901907E-01  2.152040314E-01  2.403065814E-01
  2.584947240E-01  2.758784910E-01  3.087326061E-01  3.034438101E-01  3.034166985E-01
  3.161686016E-01  3.034166985E-01  3.034438101E-01  3.087326061E-01  2.758784910E-01
  2.584947240E-01  2.403065814E-01  2.152040314E-01  1.922901907E-01  1.521161589E-01
  1.463947783E-01  1.282473775E-01  1.078983007E-01  9.111824532E-02  7.814824860E-02
  1.267738356E-01  1.133012459E-01  1.287495192E-01  1.417788734E-01  1.504696936E-01
  1.770289591E-01  1.922901907E-01  2.205672258E-01  2.397632973E-01  2.604099582E-01
  2.691100066E-01  2.921613701E-01  3.170214496E-01  3.051640197E-01  3.182081180E-01
  3.371750814E-01  3.182081180E-01  3.051640197E-01  3.170214496E-01  2.921613701E-01
  2.691100066E-01  2.604099582E-01  2.397632973E-01  2.205672258E-01  1.922901907E-01
  1.770289591E-01  1.504696936E-01  1.417788734E-01  1.287495192E-01  1.133012459E-01
  1.517181400E-01  1.469995044E-01  1.577208738E-01  1.607762416E-01  1.711111883E-01
  1.976008864E-01  2.152040314E-01  2.397632973E-01  2.574213444E-01  2.719766497E-01
  2.841672821E-01  3.161087011E-01  3.279397360E-01  3.245793838E-01  3.376646958E-01
  3.385671148E-01  3.376646958E-01  3.245793838E-01  3.279397360E-01  3.161087011E-01
  2.841672821E-01  2.719766497E-01  2.574213444E-01  2.397632973E-01  2.152040314E-01
  1.976008864E-01  1.711111883E-01  1.607762416E-01  1.577208738E-01  1.469995044E-01
  1.664180483E-01  1.714644083E-01  1.819277106E-01  1.915449414E-01  2.108741113E-01
  2.253891854E-01  2.403065814E-01  2.604099582E-01  2.719766497E-01  2.948684967E-01
  3.146766175E-01  3.228909117E-01  3.246438267E-01  3.437991928E-01  3.540507227E-01
  3.425962988E-01  3.540507227E-01  3.437991928E-01  3.246438267E-01  3.228909117E-01
  3.146766175E-01  2.948684967E-01  2.719766497E-01  2.604099582E-01  2.403065814E-01
  2.253891854E-01  2.108741113E-01  1.915449414E-01  1.819277106E-01  1.714644083E-01
  2.075300486E-01  2.110394718E-01  2.110317216E-01  2.200703016E-01  2.358399153E-01
  2.447821422E-01  2.584947240E-01  2.691100066E-01  2.841672821E-01  3.146766175E-01
  3.349088111E-01  3.314708233E-01  3.422425983E-01  3.634328836E-01  3.601480058E-01
  3.520316714E-01  3.601480058E-01  3.634328836E-01  3.422425983E-01  3.314708233E-01
  3.349088111E-01  3.146766175E-01  2.841672821E-01  2.691100066E-01  2.584947240E-01
  2.447821422E-01  2.358399153E-01  2.200703016E-01  2.110317216E-01  2.110394718E-01
  2.285014982E-01  2.339142199E-01  2.337780046E-01  2.452329418E-01  2.523172909E-01
  2.572231588E-01  2.758784910E-01  2.921613701E-01  3.161087011E-01  3.228909117E-01
  3.314708233E-01  3.441541641E-01  3.620388501E-01  3.724715474E-01  3.658757247E-01
  3.673406419E-01  3.658757247E-01  3.724715474E-01  3.620388501E-01  3.441541641E-01
  3.314708233E-01  3.228909117E-01  3.161087011E-01  2.921613701E-01  2.758784910E-01
  2.572231588E-01  2.523172909E-01  2.452329418E-01  2.337780046E-01  2.339142199E-01
  2.303686089E-01  2.408540020E-01  2.415588055E-01  2.498798097E-01  2.600667294E-01
  2.786769082E-01  3.087326061E-01  3.170214496E-01  3.279397360E-01  3.246438267E-01
  3.422425983E-01  3.620388501E-01  3.594563796E-01  3.677788771E-01  3.801538459E-01
  3.888825640E-01  3.801538459E-01  3.677788771E-01  3.594563796E-01  3.620388501E-01
  3.422425983E-01  3.246438267E-01  3.279397360E-01  3.170214496E-01  3.087326061E-01
  2.786769082E-01  2.600667294E-01  2.498798097E-01  2.415588055E-01  2.408540020E-01
  2.598162627E-01  2.676673554E-01  2.686081674E-01  2.759345968E-01  2.863015340E-01
  2.938713292E-01  3.034438101E-01  3.051640197E-01  3.245793838E-01  3.437991928E-01
  3.634328836E-01  3.724715474E-01  3.677788771E-01  3.768527874E-01  3.843608103E-01
  3.853055379E-01  3.843608103E-01  3.768527874E-01  3.677788771E-01  3.724715474E-01
  3.634328836E-01  3.437991928E-01  3.245793838E-01  3.051640197E-01  3.034438101E-01
  2.938713292E-01  2.863015340E-01  2.759345968E-01  2.686081674E-01  2.676673554E-01
  2.707425646E-01  2.718599749E-01  2.793624316E-01  2.889326158E-01  2.958847280E-01
  2.992964833E-01  3.034166985E-01  3.182081180E-01  3.376646958E-01  3.540507227E-01
  3.601480058E-01  3.658757247E-01  3.801538459E-01  3.843608103E-01  3.843271294E-01
  3.874887349E-01  3.843271294E-01  3.843608103E-01  3.801538459E-01  3.658757247E-01
  3.601480058E-01  3.540507227E-01  3.376646958E-01  3.182081180E-01  3.034166985E-01
  2.992964833E-01  2.958847280E-01  2.889326158E-01  2.793624316E-01  2.718599749E-01
  2.635460416E-01  2.593088493E-01  2.648694028E-01  2.680222618E-01  2.745084766E-01
  2.950452919E-01  3.161686016E-01  3.371750814E-01  3.385671148E-01  3.425962988E-01
  3.520316714E-01  3.673406419E-01  3.888825640E-01  3.853055379E-01  3.874887349E-01
  3.989912479E-01  3.874887349E-01  3.853055379E-01  3.888825640E-01  3.673406419E-01
  3.520316714E-01  3.425962988E-01  3.385671148E-01  3.371750814E-01  3.161686016E-01
  2.950452919E-01  2.745084766E-01  2.680222618E-01  2.648694028E-01  2.593088493E-01
  2.707425646E-01  2.718599749E-01  2.793624316E-01  2.889326158E-01  2.958847280E-01
  2.992964833E-01  3.034166985E-01  3.182081180E-01  3.376646958E-01  3.540507227E-01
  3.601480058E-01  3.658757247E-01  3.801538459E-01  3.843608103E-01  3.843271294E-01
  3.874887349E-01  3.843271294E-01  3.843608103E-01  3.801538459E-01  3.658757247E-01
  3.601480058E-01  3.540507227E-01  3.376646958E-01  3.182081180E-01  3.034166985E-01
  2.992964833E-01  2.958847280E-01  2.889326158E-01  2.793624316E-01  2.718599749E-01
  2.598162627E-01  2.676673554E-01  2.686081674E-01  2.759345968E-01  2.863015340E-01
  2.938713292E-01  3.034438101E-01  3.051640197E-01  3.245793838E-01  3.437991928E-01
  3.634328836E-01  3.724715474E-01  3.677788771E-01  3.768527874E-01  3.843608103E-01
  3.853055379E-01  3.843608103E-01  3.768527874E-01  3.677788771E-01  3.724715474E-01
  3.634328836E-01  3.437991928E-01  3.245793838E-01  3.051640197E-01  3.034438101E-01
  2.938713292E-01  2.863015340E-01  2.759345968E-01  2.686081674E-01  2.676673554E-01
  2.303686089E-01  2.408540020E-01  2.415588055E-01  2.498798097E-01  2.600667294E-01
  2.786769082E-01  3.087326061E-01  3.170214496E-01  3.279397360E-01  3.246438267E-01
  3.422425983E-01  3.620388501E-01  3.594563796E-01  3.677788771E-01  3.801538459E-01
  3.888825640E-01  3.801538459E-01  3.677788771E-01  3.594563796E-01  3.620388501E-01
  3.422425983E-01  3.246438267E-01  3.279397360E-01  3.170214496E-01  3.087326061E-01
  2.786769082E-01  2.600667294E-01  2.498798097E-01  2.415588055E-01  2.408540020E-01
  2.285014982E-01  2.339142199E-01  2.337780046E-01  2.452329418E-01  2.523172909E-01
  2.572231588E-01  2.758784910E-01  2.921613701E-01  3.161087011E-01  3.228909117E-01
  3.314708233E-01  3.441541641E-01  3.620388501E-01  3.724715474E-01  3.658757247E-01
  3.673406419E-01  3.658757247E-01  3.724715474E-01  3.620388501E-01  3.441541641E-01
  3.314708233E-01  3.228909117E-01  3.161087011E-01  2.921613701E-01  2.758784910E-01
  2.572231588E-01  2.523172909E-01  2.452329418E-01  2.337780046E-01  2.339142199E-01
  2.075300486E-01  2.110394718E-01  2.110317216E-01  2.200703016E-01  2.358399153E-01
  2.447821422E-01  2.584947240E-01  2.691100066E-01  2.841672821E-01  3.146766175E-01
  3.349088111E-01  3.314708233E-01  3.422425983E-01  3.634328836E-01  3.601480058E-01
  3.520316714E-01  3.601480058E-01  3.634328836E-01  3.422425983E-01  3.314708233E-01
  3.349088111E-01  3.146766175E-01  2.841672821E-01  2.691100066E-01  2.584947240E-01
  2.447821422E-01  2.358399153E-01  2.200703016E-01  2.110317216E-01  2.110394718E-01
  1.664180483E-01  1.714644083E-01  1.819277106E-01  1.915449414E-01  2.108741113E-01
  2.253891854E-01  2.403065814E-01  2.604099582E-01  2.719766497E-01  2.948684967E-01
  3.146766175E-01  3.228909117E-01  3.246438267E-01  3.437991928E-01  3.540507227E-01
  3.425962988E-01  3.540507227E-01  3.437991928E-01  3.246438267E-01  3.228909117E-01
  3.146766175E-01  2.948684967E-01  2.719766497E-01  2.604099582E-01  2.403065814E-01
  2.253891854E-01  2.108741113E-01  1.915449414E-01  1.819277106E-01  1.714644083E-01
  1.517181400E-01  1.469995044E-01  1.577208738E-01  1.607762416E-01  1.711111883E-01
  1.976008864E-01  2.152040314E-01  2.397632973E-01  2.574213444E-01  2.719766497E-01
  2.841672821E-01  3.161087011E-01  3.279397360E-01  3.245793838E-01  3.376646958E-01
  3.385671148E-01  3.376646958E-01  3.245793838E-01  3.279397360E-01  3.161087011E-01
  2.841672821E-01  2.719766497E-01  2.574213444E-01  2.397632973E-01  2.152040314E-01
  1.976008864E-01  1.711111883E-01  1.607762416E-01  1.577208738E-01  1.469995044E-01
  1.267738356E-01  1.133012459E-01  1.287495192E-01  1.417788734E-01  1.504696936E-01
  1.770289591E-01  1.922901907E-01  2.205672258E-01  2.397632973E-01  2.604099582E-01
  2.691100066E-01  2.921613701E-01  3.170214496E-01  3.051640197E-01  3.182081180E-01
  3.371750814E-01  3.182081180E-01  3.051640197E-01  3.170214496E-01  2.921613701E-01
  2.691100066E-01  2.604099582E-01  2.397632973E-01  2.205672258E-01  1.922901907E-01
  1.770289591E-01  1.504696936E-01  1.417788734E-01  1.287495192E-01  1.133012459E-01
  9.022971997E-02  7.814824860E-02  9.111824532E-02  1.078983007E-01  1.282473775E-01
  1.463947783E-01  1.521161589E-01  1.922901907E-01  2.152040314E-01  2.403065814E-01
  2.584947240E-01  2.758784910E-01  3.087326061E-01  3.034438101E-01  3.034166985E-01
  3.161686016E-01  3.034166985E-01  3.034438101E-01  3.087326061E-01  2.758784910E-01
  2.584947240E-01  2.403065814E-01  2.152040314E-01  1.922901907E-01  1.521161589E-01
  1.463947783E-01  1.282473775E-01  1.078983007E-01  9.111824532E-02  7.814824860E-02
  4.528814486E-02  4.690957458E-02  6.246965580E-02  6.966015284E-02  9.713134140E-02
  1.313912621E-01  1.463947783E-01  1.770289591E-01  1.976008864E-01  2.253891854E-01
  2.447821422E-01  2.572231588E-01  2.786769082E-01  2.938713292E-01  2.992964833E-01
  2.950452919E-01  2.992964833E-01  2.938713292E-01  2.786769082E-01  2.572231588E-01
  2.447821422E-01  2.253891854E-01  1.976008864E-01  1.770289591E-01  1.463947783E-01
  1.313912621E-01  9.713134140E-02  6.966015284E-02  6.246965580E-02  4.690957458E-02
  1.570258987E-02  1.708566499E-02  3.323748148E-02  4.904635017E-02  6.824150989E-02
  9.713134140E-02  1.282473775E-01  1.504696936E-01  1.711111883E-01  2.108741113E-01
  2.358399153E-01  2.523172909E-01  2.600667294E-01  2.863015340E-01  2.958847280E-01
  2.745084766E-01  2.958847280E-01  2.863015340E-01  2.600667294E-01  2.523172909E-01
  2.358399153E-01  2.108741113E-01  1.711111883E-01  1.504696936E-01  1.282473775E-01
  9.713134140E-02  6.824150989E-02  4.904635017E-02  3.323748148E-02  1.708566499E-02
  1.047508852E-02  4.268460495E-03  3.568973806E-03  2.297904003E-02  4.904635017E-02
  6.966015284E-02  1.078983007E-01  1.417788734E-01  1.607762416E-01  1.915449414E-01
  2.200703016E-01  2.452329418E-01  2.498798097E-01  2.759345968E-01  2.889326158E-01
  2.680222618E-01  2.889326158E-01  2.759345968E-01  2.498798097E-01  2.452329418E-01
  2.200703016E-01  1.915449414E-01  1.607762416E-01  1.417788734E-01  1.078983007E-01
  6.966015284E-02  4.904635017E-02  2.297904003E-02  3.568973806E-03  4.268460495E-03
 -1.364189585E-02 -4.143746528E-03  1.843749656E-04  3.568973806E-03  3.323748148E-02
  6.246965580E-02  9.111824532E-02  1.287495192E-01  1.577208738E-01  1.819277106E-01
  2.110317216E-01  2.337780046E-01  2.415588055E-01  2.686081674E-01  2.793624316E-01
  2.648694028E-01  2.793624316E-01  2.686081674E-01  2.415588055E-01  2.337780046E-01
  2.110317216E-01  1.819277106E-01  1.577208738E-01  1.287495192E-01  9.111824532E-02
  6.246965580E-02  3.323748148E-02  3.568973806E-03  1.843749656E-04 -4.143746528E-03
 -2.660123063E-02 -1.863718444E-02 -4.143746528E-03  4.268460495E-03  1.708566499E-02
  4.690957458E-02  7.814824860E-02  1.133012459E-01  1.469995044E-01  1.714644083E-01
  2.110394718E-01  2.339142199E-01  2.408540020E-01  2.676673554E-01  2.718599749E-01
  2.593088493E-01  2.718599749E-01  2.676673554E-01  2.408540020E-01  2.339142199E-01
  2.110394718E-01  1.714644083E-01  1.469995044E-01  1.133012459E-01  7.814824860E-02
  4.690957458E-02  1.708566499E-02  4.268460495E-03 -4.143746528E-03 -1.863718444E-02
 -1.059175518E-02 -4.054620929E-03  6.263372995E-03  3.194152414E-02  6.335130820E-02
  9.009736755E-02  1.246594923E-01  1.493104580E-01  1.681030095E-01  1.940841058E-01
  2.196361628E-01  2.396411101E-01  2.598162627E-01  2.670393243E-01  2.757036327E-01
  2.883561895E-01  2.757036327E-01  2.670393243E-01  2.598162627E-01  2.396411101E-01
  2.196361628E-01  1.940841058E-01  1.681030095E-01  1.493104580E-01  1.246594923E-01
  9.009736755E-02  6.335130820E-02  3.194152414E-02  6.263372995E-03 -4.054620929E-03
 -4.054620929E-03  2.005846479E-03  1.218813204E-02  3.121002022E-02  6.272199650E-02
  9.045655692E-02  1.140545680E-01  1.358862075E-01  1.623726266E-01  2.009468979E-01
  2.257918180E-01  2.416579164E-01  2.676673554E-01  2.743692645E-01  2.771558153E-01
  2.867845829E-01  2.771558153E-01  2.743692645E-01  2.676673554E-01  2.416579164E-01
  2.257918180E-01  2.009468979E-01  1.623726266E-01  1.358862075E-01  1.140545680E-01
  9.045655692E-02  6.272199650E-02  3.121002022E-02  1.218813204E-02  2.005846479E-03
  6.263372995E-03  1.218813204E-02  2.936223009E-02  4.596610715E-02  7.532460422E-02
  1.045779195E-01  1.275131106E-01  1.516100905E-01  1.708948192E-01  2.110673553E-01
  2.300139557E-01  2.402288768E-01  2.686081674E-01  2.735015842E-01  2.805614050E-01
  2.925398264E-01  2.805614050E-01  2.735015842E-01  2.686081674E-01  2.402288768E-01
  2.300139557E-01  2.110673553E-01  1.708948192E-01  1.516100905E-01  1.275131106E-01
  1.045779195E-01  7.532460422E-02  4.596610715E-02  2.936223009E-02  1.218813204E-02
  3.194152414E-02  3.121002022E-02  4.596610715E-02  6.672838704E-02  9.245447179E-02
  1.119438366E-01  1.376763707E-01  1.670156861E-01  1.800853639E-01  2.188989517E-01
  2.368148214E-01  2.513162671E-01  2.759345968E-01  2.758909529E-01  2.880180456E-01
  2.998328753E-01  2.880180456E-01  2.758909529E-01  2.759345968E-01  2.513162671E-01
  2.368148214E-01  2.188989517E-01  1.800853639E-01  1.670156861E-01  1.376763707E-01
  1.119438366E-01  9.245447179E-02  6.672838704E-02  4.596610715E-02  3.121002022E-02
  6.335130820E-02  6.272199650E-02  7.532460422E-02  9.245447179E-02  1.151345171E-01
  1.285628193E-01  1.404770802E-01  1.677704326E-01  1.964687623E-01  2.366677564E-01
  2.480659533E-01  2.623907519E-01  2.863015340E-01  2.874279528E-01  2.966612749E-01
  3.042263977E-01  2.966612749E-01  2.874279528E-01  2.863015340E-01  2.623907519E-01
  2.480659533E-01  2.366677564E-01  1.964687623E-01  1.677704326E-01  1.404770802E-01
  1.285628193E-01  1.151345171E-01  9.245447179E-02  7.532460422E-02  6.272199650E-02
  9.009736755E-02  9.045655692E-02  1.045779195E-01  1.119438366E-01  1.285628193E-01
  1.550390537E-01  1.650196726E-01  1.950621995E-01  2.251534032E-01  2.433776541E-01
  2.556353045E-01  2.706842391E-01  2.938713292E-01  2.992462563E-01  3.058244730E-01
  3.157676175E-01  3.058244730E-01  2.992462563E-01  2.938713292E-01  2.706842391E-01
  2.556353045E-01  2.433776541E-01  2.251534032E-01  1.950621995E-01  1.650196726E-01
  1.550390537E-01  1.285628193E-01  1.119438366E-01  1.045779195E-01  9.045655692E-02
  1.246594923E-01  1.140545680E-01  1.275131106E-01  1.376763707E-01  1.404770802E-01
  1.650196726E-01  1.755536101E-01  2.109573549E-01  2.352144655E-01  2.463877547E-01
  2.818860800E-01  2.922126738E-01  3.034438101E-01  3.159107556E-01  3.201977317E-01
  3.287929684E-01  3.201977317E-01  3.159107556E-01  3.034438101E-01  2.922126738E-01
  2.818860800E-01  2.463877547E-01  2.352144655E-01  2.109573549E-01  1.755536101E-01
  1.650196726E-01  1.404770802E-01  1.376763707E-01  1.275131106E-01  1.140545680E-01
  1.493104580E-01  1.358862075E-01  1.516100905E-01  1.670156861E-01  1.677704326E-01
  1.950621995E-01  2.109573549E-01  2.395183499E-01  2.550886114E-01  2.656586967E-01
  2.989945104E-01  2.981068928E-01  3.051640197E-01  3.336301890E-01  3.352258250E-01
  3.291757040E-01  3.352258250E-01  3.336301890E-01  3.051640197E-01  2.981068928E-01
  2.989945104E-01  2.656586967E-01  2.550886114E-01  2.395183499E-01  2.109573549E-01
  1.950621995E-01  1.677704326E-01  1.670156861E-01  1.516100905E-01  1.358862075E-01
  1.681030095E-01  1.623726266E-01  1.708948192E-01  1.800853639E-01  1.964687623E-01
  2.251534032E-01  2.352144655E-01  2.550886114E-01  2.764475009E-01  2.887803368E-01
  3.020305499E-01  3.113171682E-01  3.245793838E-01  3.482191865E-01  3.480139187E-01
  3.333684170E-01  3.480139187E-01  3.482191865E-01  3.245793838E-01  3.113171682E-01
  3.020305499E-01  2.887803368E-01  2.764475009E-01  2.550886114E-01  2.352144655E-01
  2.251534032E-01  1.964687623E-01  1.800853639E-01  1.708948192E-01  1.623726266E-01
  1.940841058E-01  2.009468979E-01  2.110673553E-01  2.188989517E-01  2.366677564E-01
  2.433776541E-01  2.463877547E-01  2.656586967E-01  2.887803368E-01  3.088739980E-01
  3.190537553E-01  3.392167017E-01  3.437991928E-01  3.402825529E-01  3.552566361E-01
  3.615987743E-01  3.552566361E-01  3.402825529E-01  3.437991928E-01  3.392167017E-01
  3.190537553E-01  3.088739980E-01  2.887803368E-01  2.656586967E-01  2.463877547E-01
  2.433776541E-01  2.366677564E-01  2.188989517E-01  2.110673553E-01  2.009468979E-01
  2.196361628E-01  2.257918180E-01  2.300139557E-01  2.368148214E-01  2.480659533E-01
  2.556353045E-01  2.818860800E-01  2.989945104E-01  3.020305499E-01  3.190537553E-01
  3.266229825E-01  3.449154455E-01  3.634328836E-01  3.535627654E-01  3.612900197E-01
  3.767841714E-01  3.612900197E-01  3.535627654E-01  3.634328836E-01  3.449154455E-01
  3.266229825E-01  3.190537553E-01  3.020305499E-01  2.989945104E-01  2.818860800E-01
  2.556353045E-01  2.480659533E-01  2.368148214E-01  2.300139557E-01  2.257918180E-01
  2.396411101E-01  2.416579164E-01  2.402288768E-01  2.513162671E-01  2.623907519E-01
  2.706842391E-01  2.922126738E-01  2.981068928E-01  3.113171682E-01  3.392167017E-01
  3.449154455E-01  3.487643578E-01  3.724715474E-01  3.767763589E-01  3.730432310E-01
  3.797550316E-01  3.730432310E-01  3.767763589E-01  3.724715474E-01  3.487643578E-01
  3.449154455E-01  3.392167017E-01  3.113171682E-01  2.981068928E-01  2.922126738E-01
  2.706842391E-01  2.623907519E-01  2.513162671E-01  2.402288768E-01  2.416579164E-01
  2.598162627E-01  2.676673554E-01  2.686081674E-01  2.759345968E-01  2.863015340E-01
  2.938713292E-01  3.034438101E-01  3.051640197E-01  3.245793838E-01  3.437991928E-01
  3.634328836E-01  3.724715474E-01  3.677788771E-01  3.768527874E-01  3.843608103E-01
  3.853055379E-01  3.843608103E-01  3.768527874E-01  3.677788771E-01  3.724715474E-01
  3.634328836E-01  3.437991928E-01  3.245793838E-01  3.051640197E-01  3.034438101E-01
  2.938713292E-01  2.863015340E-01  2.759345968E-01  2.686081674E-01  2.676673554E-01
  2.670393243E-01  2.743692645E-01  2.735015842E-01  2.758909529E-01  2.874279528E-01
  2.992462563E-01  3.159107556E-01  3.336301890E-01  3.482191865E-01  3.402825529E-01
  3.535627654E-01  3.767763589E-01  3.768527874E-01  3.915288819E-01  3.931749393E-01
  3.808903542E-01  3.931749393E-01  3.915288819E-01  3.768527874E-01  3.767763589E-01
  3.535627654E-01  3.402825529E-01  3.482191865E-01  3.336301890E-01  3.159107556E-01
  2.992462563E-01  2.874279528E-01  2.758909529E-01  2.735015842E-01  2.743692645E-01
  2.757036327E-01  2.771558153E-01  2.805614050E-01  2.880180456E-01  2.966612749E-01
  3.058244730E-01  3.201977317E-01  3.352258250E-01  3.480139187E-01  3.552566361E-01
  3.612900197E-01  3.730432310E-01  3.843608103E-01  3.931749393E-01  3.942449578E-01
  3.909659385E-01  3.942449578E-01  3.931749393E-01  3.843608103E-01  3.730432310E-01
  3.612900197E-01  3.552566361E-01  3.480139187E-01  3.352258250E-01  3.201977317E-01
  3.058244730E-01  2.966612749E-01  2.880180456E-01  2.805614050E-01  2.771558153E-01
  2.883561895E-01  2.867845829E-01  2.925398264E-01  2.998328753E-01  3.042263977E-01
  3.157676175E-01  3.287929684E-01  3.291757040E-01  3.333684170E-01  3.615987743E-01
  3.767841714E-01  3.797550316E-01  3.853055379E-01  3.808903542E-01  3.909659385E-01
  4.047128250E-01  3.909659385E-01  3.808903542E-01  3.853055379E-01  3.797550316E-01
  3.767841714E-01  3.615987743E-01  3.333684170E-01  3.291757040E-01  3.287929684E-01
  3.157676175E-01  3.042263977E-01  2.998328753E-01  2.925398264E-01  2.867845829E-01
  2.757036327E-01  2.771558153E-01  2.805614050E-01  2.880180456E-01  2.966612749E-01
  3.058244730E-01  3.201977317E-01  3.352258250E-01  3.480139187E-01  3.552566361E-01
  3.612900197E-01  3.730432310E-01  3.843608103E-01  3.931749393E-01  3.942449578E-01
  3.909659385E-01  3.942449578E-01  3.931749393E-01  3.843608103E-01  3.730432310E-01
  3.612900197E-01  3.552566361E-01  3.480139187E-01  3.352258250E-01  3.201977317E-01
  3.058244730E-01  2.966612749E-01  2.880180456E-01  2.805614050E-01  2.771558153E-01
  2.670393243E-01  2.743692645E-01  2.735015842E-01  2.758909529E-01  2.874279528E-01
  2.992462563E-01  3.159107556E-01  3.336301890E-01  3.482191865E-01  3.402825529E-01
  3.535627654E-01  3.767763589E-01  3.768527874E-01  3.915288819E-01  3.931749393E-01
  3.808903542E-01  3.931749393E-01  3.915288819E-01  3.768527874E-01  3.767763589E-01
  3.535627654E-01  3.402825529E-01  3.482191865E-01  3.336301890E-01  3.159107556E-01
  2.992462563E-01  2.874279528E-01  2.758909529E-01  2.735015842E-01  2.743692645E-01
  2.598162627E-01  2.676673554E-01  2.686081674E-01  2.759345968E-01  2.863015340E-01
  2.938713292E-01  3.034438101E-01  3.051640197E-01  3.245793838E-01  3.437991928E-01
  3.634328836E-01  3.724715474E-01  3.677788771E-01  3.768527874E-01  3.843608103E-01
  3.853055379E-01  3.843608103E-01  3.768527874E-01  3.677788771E-01  3.724715474E-01
  3.634328836E-01  3.437991928E-01  3.245793838E-01  3.051640197E-01  3.034438101E-01
  2.938713292E-01  2.863015340E-01  2.759345968E-01  2.686081674E-01  2.676673554E-01
  2.396411101E-01  2.416579164E-01  2.402288768E-01  2.513162671E-01  2.623907519E-01
  2.706842391E-01  2.922126738E-01  2.981068928E-01  3.113171682E-01  3.392167017E-01
  3.449154455E-01  3.487643578E-01  3.724715474E-01  3.767763589E-01  3.730432310E-01
  3.797550316E-01  3.730432310E-01  3.767763589E-01  3.724715474E-01  3.487643578E-01
  3.449154455E-01  3.392167017E-01  3.113171682E-01  2.981068928E-01  2.922126738E-01
  2.706842391E-01  2.623907519E-01  2.513162671E-01  2.402288768E-01  2.416579164E-01
  2.196361628E-01  2.257918180E-01  2.300139557E-01  2.368148214E-01  2.480659533E-01
  2.556353045E-01  2.818860800E-01  2.989945104E-01  3.020305499E-01  3.190537553E-01
  3.266229825E-01  3.449154455E-01  3.634328836E-01  3.535627654E-01  3.612900197E-01
  3.767841714E-01  3.612900197E-01  3.535627654E-01  3.634328836E-01  3.449154455E-01
  3.266229825E-01  3.190537553E-01  3.020305499E-01  2.989945104E-01  2.818860800E-01
  2.556353045E-01  2.480659533E-01  2.368148214E-01  2.300139557E-01  2.257918180E-01
  1.940841058E-01  2.009468979E-01  2.110673553E-01  2.188989517E-01  2.366677564E-01
  2.433776541E-01  2.463877547E-01  2.656586967E-01  2.887803368E-01  3.088739980E-01
  3.190537553E-01  3.392167017E-01  3.437991928E-01  3.402825529E-01  3.552566361E-01
  3.615987743E-01  3.552566361E-01  3.402825529E-01  3.437991928E-01  3.392167017E-01
  3.190537553E-01  3.088739980E-01  2.887803368E-01  2.656586967E-01  2.463877547E-01
  2.433776541E-01  2.366677564E-01  2.188989517E-01  2.110673553E-01  2.009468979E-01
  1.681030095E-01  1.623726266E-01  1.708948192E-01  1.800853639E-01  1.964687623E-01
  2.251534032E-01  2.352144655E-01  2.550886114E-01  2.764475009E-01  2.887803368E-01
  3.020305499E-01  3.113171682E-01  3.245793838E-01  3.482191865E-01  3.480139187E-01
  3.333684170E-01  3.480139187E-01  3.482191865E-01  3.245793838E-01  3.113171682E-01
  3.020305499E-01  2.887803368E-01  2.764475009E-01  2.550886114E-01  2.352144655E-01
  2.251534032E-01  1.964687623E-01  1.800853639E-01  1.708948192E-01  1.623726266E-01
  1.493104580E-01  1.358862075E-01  1.516100905E-01  1.670156861E-01  1.677704326E-01
  1.950621995E-01  2.109573549E-01  2.395183499E-01  2.550886114E-01  2.656586967E-01
  2.989945104E-01  2.981068928E-01  3.051640197E-01  3.336301890E-01  3.352258250E-01
  3.291757040E-01  3.352258250E-01  3.336301890E-01  3.051640197E-01  2.981068928E-01
  2.989945104E-01  2.656586967E-01  2.550886114E-01  2.395183499E-01  2.109573549E-01
  1.950621995E-01  1.677704326E-01  1.670156861E-01  1.516100905E-01  1.358862075E-01
  1.246594923E-01  1.140545680E-01  1.275131106E-01  1.376763707E-01  1.404770802E-01
  1.650196726E-01  1.755536101E-01  2.109573549E-01  2.352144655E-01  2.463877547E-01
  2.818860800E-01  2.922126738E-01  3.034438101E-01  3.159107556E-01  3.201977317E-01
  3.287929684E-01  3.201977317E-01  3.159107556E-01  3.034438101E-01  2.922126738E-01
  2.818860800E-01  2.463877547E-01  2.352144655E-01  2.109573549E-01  1.755536101E-01
  1.650196726E-01  1.404770802E-01  1.376763707E-01  1.275131106E-01  1.140545680E-01
  9.009736755E-02  9.045655692E-02  1.045779195E-01  1.119438366E-01  1.285628193E-01
  1.550390537E-01  1.650196726E-01  1.950621995E-01  2.251534032E-01  2.433776541E-01
  2.556353045E-01  2.706842391E-01  2.938713292E-01  2.992462563E-01  3.058244730E-01
  3.157676175E-01  3.058244730E-01  2.992462563E-01  2.938713292E-01  2.706842391E-01
  2.556353045E-01  2.433776541E-01  2.251534032E-01  1.950621995E-01  1.650196726E-01
  1.550390537E-01  1.285628193E-01  1.119438366E-01  1.045779195E-01  9.045655692E-02
  6.335130820E-02  6.272199650E-02  7.532460422E-02  9.245447179E-02  1.151345171E-01
  1.285628193E-01  1.404770802E-01  1.677704326E-01  1.964687623E-01  2.366677564E-01
  2.480659533E-01  2.623907519E-01  2.863015340E-01  2.874279528E-01  2.966612749E-01
  3.042263977E-01  2.966612749E-01  2.874279528E-01  2.863015340E-01  2.623907519E-01
  2.480659533E-01  2.366677564E-01  1.964687623E-01  1.677704326E-01  1.404770802E-01
  1.285628193E-01  1.151345171E-01  9.245447179E-02  7.532460422E-02  6.272199650E-02
  3.194152414E-02  3.121002022E-02  4.596610715E-02  6.672838704E-02  9.245447179E-02
  1.119438366E-01  1.376763707E-01  1.670156861E-01  1.800853639E-01  2.188989517E-01
  2.368148214E-01  2.513162671E-01  2.759345968E-01  2.758909529E-01  2.880180456E-01
  2.998328753E-01  2.880180456E-01  2.758909529E-01  2.759345968E-01  2.513162671E-01
  2.368148214E-01  2.188989517E-01  1.800853639E-01  1.670156861E-01  1.376763707E-01
  1.119438366E-01  9.245447179E-02  6.672838704E-02  4.596610715E-02  3.121002022E-02
  6.263372995E-03  1.218813204E-02  2.936223009E-02  4.596610715E-02  7.532460422E-02
  1.045779195E-01  1.275131106E-01  1.516100905E-01  1.708948192E-01  2.110673553E-01
  2.300139557E-01  2.402288768E-01  2.686081674E-01  2.735015842E-01  2.805614050E-01
  2.925398264E-01  2.805614050E-01  2.735015842E-01  2.686081674E-01  2.402288768E-01
  2.300139557E-01  2.110673553E-01  1.708948192E-01  1.516100905E-01  1.275131106E-01
  1.045779195E-01  7.532460422E-02  4.596610715E-02  2.936223009E-02  1.218813204E-02
 -4.054620929E-03  2.005846479E-03  1.218813204E-02  3.121002022E-02  6.272199650E-02
  9.045655692E-02  1.140545680E-01  1.358862075E-01  1.623726266E-01  2.009468979E-01
  2.257918180E-01  2.416579164E-01  2.676673554E-01  2.743692645E-01  2.771558153E-01
  2.867845829E-01  2.771558153E-01  2.743692645E-01  2.676673554E-01  2.416579164E-01
  2.257918180E-01  2.009468979E-01  1.623726266E-01  1.358862075E-01  1.140545680E-01
  9.045655692E-02  6.272199650E-02  3.121002022E-02  1.218813204E-02  2.005846479E-03
  4.655047238E-02  6.605674462E-02  6.806389953E-02  7.181700328E-02  9.093508570E-02
  9.740512422E-02  1.219932008E-01  1.507668123E-01  1.906379853E-01  2.172358790E-01
  2.266041177E-01  2.509950975E-01  2.707425646E-01  2.757036327E-01  2.847786440E-01
  2.941008804E-01  2.847786440E-01  2.757036327E-01  2.707425646E-01  2.509950975E-01
  2.266041177E-01  2.172358790E-01  1.906379853E-01  1.507668123E-01  1.219932008E-01
  9.740512422E-02  9.093508570E-02  7.181700328E-02  6.806389953E-02  6.605674462E-02
  6.605674462E-02  6.402104632E-02  6.085113400E-02  7.532415885E-02  9.304341735E-02
  1.060394571E-01  1.320270464E-01  1.629149024E-01  1.958401678E-01  2.153684151E-01
  2.256104659E-01  2.485834296E-01  2.718599749E-01  2.771558153E-01  2.843831752E-01
  2.944730587E-01  2.843831752E-01  2.771558153E-01  2.718599749E-01  2.485834296E-01
  2.256104659E-01  2.153684151E-01  1.958401678E-01  1.629149024E-01  1.320270464E-01
  1.060394571E-01  9.304341735E-02  7.532415885E-02  6.085113400E-02  6.402104632E-02
  6.806389953E-02  6.085113400E-02  7.696249135E-02  9.143243296E-02  9.139123661E-02
  1.107657003E-01  1.345120335E-01  1.698186221E-01  1.970914862E-01  2.156071732E-01
  2.349662910E-01  2.563611215E-01  2.793624316E-01  2.805614050E-01  2.868398816E-01
  2.995204251E-01  2.868398816E-01  2.805614050E-01  2.793624316E-01  2.563611215E-01
  2.349662910E-01  2.156071732E-01  1.970914862E-01  1.698186221E-01  1.345120335E-01
  1.107657003E-01  9.139123661E-02  9.143243296E-02  7.696249135E-02  6.085113400E-02
  7.181700328E-02  7.532415885E-02  9.143243296E-02  8.993504505E-02  9.734530777E-02
  1.257855546E-01  1.483149625E-01  1.841544451E-01  2.048395181E-01  2.196258257E-01
  2.392726307E-01  2.648560881E-01  2.889326158E-01  2.880180456E-01  2.936972677E-01
  3.040881485E-01  2.936972677E-01  2.880180456E-01  2.889326158E-01  2.648560881E-01
  2.392726307E-01  2.196258257E-01  2.048395181E-01  1.841544451E-01  1.483149625E-01
  1.257855546E-01  9.734530777E-02  8.993504505E-02  9.143243296E-02  7.532415885E-02
  9.093508570E-02  9.304341735E-02  9.139123661E-02  9.734530777E-02  1.178501746E-01
  1.373806037E-01  1.681140392E-01  1.992776151E-01  2.148054590E-01  2.286186534E-01
  2.472062832E-01  2.773340116E-01  2.958847280E-01  2.966612749E-01  3.047801659E-01
  3.116774909E-01  3.047801659E-01  2.966612749E-01  2.958847280E-01  2.773340116E-01
  2.472062832E-01  2.286186534E-01  2.148054590E-01  1.992776151E-01  1.681140392E-01
  1.373806037E-01  1.178501746E-01  9.734530777E-02  9.139123661E-02  9.304341735E-02
  9.740512422E-02  1.060394571E-01  1.107657003E-01  1.257855546E-01  1.373806037E-01
  1.574277285E-01  1.978901673E-01  2.103598695E-01  2.244354670E-01  2.415693531E-01
  2.663118816E-01  2.922991636E-01  2.992964833E-01  3.058244730E-01  3.145144189E-01
  3.199833698E-01  3.145144189E-01  3.058244730E-01  2.992964833E-01  2.922991636E-01
  2.663118816E-01  2.415693531E-01  2.244354670E-01  2.103598695E-01  1.978901673E-01
  1.574277285E-01  1.373806037E-01  1.257855546E-01  1.107657003E-01  1.060394571E-01
  1.219932008E-01  1.320270464E-01  1.345120335E-01  1.483149625E-01  1.681140392E-01
  1.978901673E-01  2.232828146E-01  2.242653705E-01  2.449098596E-01  2.587062588E-01
  2.858468935E-01  2.993258341E-01  3.034166985E-01  3.201977317E-01  3.223387922E-01
  3.253807203E-01  3.223387922E-01  3.201977317E-01  3.034166985E-01  2.993258341E-01
  2.858468935E-01  2.587062588E-01  2.449098596E-01  2.242653705E-01  2.232828146E-01
  1.978901673E-01  1.681140392E-01  1.483149625E-01  1.345120335E-01  1.320270464E-01
  1.507668123E-01  1.629149024E-01  1.698186221E-01  1.841544451E-01  1.992776151E-01
  2.103598695E-01  2.242653705E-01  2.357149566E-01  2.574566981E-01  2.761110746E-01
  3.092732735E-01  3.145133370E-01  3.182081180E-01  3.352258250E-01  3.327086368E-01
  3.347946603E-01  3.327086368E-01  3.352258250E-01  3.182081180E-01  3.145133370E-01
  3.092732735E-01  2.761110746E-01  2.574566981E-01  2.357149566E-01  2.242653705E-01
  2.103598695E-01  1.992776151E-01  1.841544451E-01  1.698186221E-01  1.629149024E-01
  1.906379853E-01  1.958401678E-01  1.970914862E-01  2.048395181E-01  2.148054590E-01
  2.244354670E-01  2.449098596E-01  2.574566981E-01  2.724989661E-01  2.959199059E-01
  3.164669796E-01  3.254171651E-01  3.376646958E-01  3.480139187E-01  3.462391123E-01
  3.461454209E-01  3.462391123E-01  3.480139187E-01  3.376646958E-01  3.254171651E-01
  3.164669796E-01  2.959199059E-01  2.724989661E-01  2.574566981E-01  2.449098596E-01
  2.244354670E-01  2.148054590E-01  2.048395181E-01  1.970914862E-01  1.958401678E-01
  2.172358790E-01  2.153684151E-01  2.156071732E-01  2.196258257E-01  2.286186534E-01
  2.415693531E-01  2.587062588E-01  2.761110746E-01  2.959199059E-01  3.125582690E-01
  3.188688177E-01  3.405169032E-01  3.540507227E-01  3.552566361E-01  3.624928655E-01
  3.637517199E-01  3.624928655E-01  3.552566361E-01  3.540507227E-01  3.405169032E-01
  3.188688177E-01  3.125582690E-01  2.959199059E-01  2.761110746E-01  2.587062588E-01
  2.415693531E-01  2.286186534E-01  2.196258257E-01  2.156071732E-01  2.153684151E-01
  2.266041177E-01  2.256104659E-01  2.349662910E-01  2.392726307E-01  2.472062832E-01
  2.663118816E-01  2.858468935E-01  3.092732735E-01  3.164669796E-01  3.188688177E-01
  3.300466107E-01  3.524069885E-01  3.601480058E-01  3.612900197E-01  3.735680908E-01
  3.770342715E-01  3.735680908E-01  3.612900197E-01  3.601480058E-01  3.524069885E-01
  3.300466107E-01  3.188688177E-01  3.164669796E-01  3.092732735E-01  2.858468935E-01
  2.663118816E-01  2.472062832E-01  2.392726307E-01  2.349662910E-01  2.256104659E-01
  2.509950975E-01  2.485834296E-01  2.563611215E-01  2.648560881E-01  2.773340116E-01
  2.922991636E-01  2.993258341E-01  3.145133370E-01  3.254171651E-01  3.405169032E-01
  3.524069885E-01  3.560827793E-01  3.658757247E-01  3.730432310E-01  3.796713076E-01
  3.839895406E-01  3.796713076E-01  3.730432310E-01  3.658757247E-01  3.560827793E-01
  3.524069885E-01  3.405169032E-01  3.254171651E-01  3.145133370E-01  2.993258341E-01
  2.922991636E-01  2.773340116E-01  2.648560881E-01  2.563611215E-01  2.485834296E-01
  2.707425646E-01  2.718599749E-01  2.793624316E-01  2.889326158E-01  2.958847280E-01
  2.992964833E-01  3.034166985E-01  3.182081180E-01  3.376646958E-01  3.540507227E-01
  3.601480058E-01  3.658757247E-01  3.801538459E-01  3.843608103E-01  3.843271294E-01
  3.874887349E-01  3.843271294E-01  3.843608103E-01  3.801538459E-01  3.658757247E-01
  3.601480058E-01  3.540507227E-01  3.376646958E-01  3.182081180E-01  3.034166985E-01
  2.992964833E-01  2.958847280E-01  2.889326158E-01  2.793624316E-01  2.718599749E-01
  2.757036327E-01  2.771558153E-01  2.805614050E-01  2.880180456E-01  2.966612749E-01
  3.058244730E-01  3.201977317E-01  3.352258250E-01  3.480139187E-01  3.552566361E-01
  3.612900197E-01  3.730432310E-01  3.843608103E-01  3.931749393E-01  3.942449578E-01
  3.909659385E-01  3.942449578E-01  3.931749393E-01  3.843608103E-01  3.730432310E-01
  3.612900197E-01  3.552566361E-01  3.480139187E-01  3.352258250E-01  3.201977317E-01
  3.058244730E-01  2.966612749E-01  2.880180456E-01  2.805614050E-01  2.771558153E-01
  2.847786440E-01  2.843831752E-01  2.868398816E-01  2.936972677E-01  3.047801659E-01
  3.145144189E-01  3.223387922E-01  3.327086368E-01  3.462391123E-01  3.624928655E-01
  3.735680908E-01  3.796713076E-01  3.843271294E-01  3.942449578E-01  3.999287188E-01
  3.973971670E-01  3.999287188E-01  3.942449578E-01  3.843271294E-01  3.796713076E-01
  3.735680908E-01  3.624928655E-01  3.462391123E-01  3.327086368E-01  3.223387922E-01
  3.145144189E-01  3.047801659E-01  2.936972677E-01  2.868398816E-01  2.843831752E-01
  2.941008804E-01  2.944730587E-01  2.995204251E-01  3.040881485E-01  3.116774909E-01
  3.199833698E-01  3.253807203E-01  3.347946603E-01  3.461454209E-01  3.637517199E-01
  3.770342715E-01  3.839895406E-01  3.874887349E-01  3.909659385E-01  3.973971670E-01
  3.992964691E-01  3.973971670E-01  3.909659385E-01  3.874887349E-01  3.839895406E-01
  3.770342715E-01  3.637517199E-01  3.461454209E-01  3.347946603E-01  3.253807203E-01
  3.199833698E-01  3.116774909E-01  3.040881485E-01  2.995204251E-01  2.944730587E-01
  2.847786440E-01  2.843831752E-01  2.868398816E-01  2.936972677E-01  3.047801659E-01
  3.145144189E-01  3.223387922E-01  3.327086368E-01  3.462391123E-01  3.624928655E-01
  3.735680908E-01  3.796713076E-01  3.843271294E-01  3.942449578E-01  3.999287188E-01
  3.973971670E-01  3.999287188E-01  3.942449578E-01  3.843271294E-01  3.796713076E-01
  3.735680908E-01  3.624928655E-01  3.462391123E-01  3.327086368E-01  3.223387922E-01
  3.145144189E-01  3.047801659E-01  2.936972677E-01  2.868398816E-01  2.843831752E-01
  2.757036327E-01  2.771558153E-01  2.805614050E-01  2.880180456E-01  2.966612749E-01
  3.058244730E-01  3.201977317E-01  3.352258250E-01  3.480139187E-01  3.552566361E-01
  3.612900197E-01  3.730432310E-01  3.843608103E-01  3.931749393E-01  3.942449578E-01
  3.909659385E-01  3.942449578E-01  3.931749393E-01  3.843608103E-01  3.730432310E-01
  3.612900197E-01  3.552566361E-01  3.480139187E-01  3.352258250E-01  3.201977317E-01
  3.058244730E-01  2.966612749E-01  2.880180456E-01  2.805614050E-01  2.771558153E-01
  2.707425646E-01  2.718599749E-01  2.793624316E-01  2.889326158E-01  2.958847280E-01
  2.992964833E-01  3.034166985E-01  3.182081180E-01  3.376646958E-01  3.540507227E-01
  3.601480058E-01  3.658757247E-01  3.801538459E-01  3.843608103E-01  3.843271294E-01
  3.874887349E-01  3.843271294E-01  3.843608103E-01  3.801538459E-01  3.658757247E-01
  3.601480058E-01  3.540507227E-01  3.376646958E-01  3.182081180E-01  3.034166985E-01
  2.992964833E-01  2.958847280E-01  2.889326158E-01  2.793624316E-01  2.718599749E-01
  2.509950975E-01  2.485834296E-01  2.563611215E-01  2.648560881E-01  2.773340116E-01
  2.922991636E-01  2.993258341E-01  3.145133370E-01  3.254171651E-01  3.405169032E-01
  3.524069885E-01  3.560827793E-01  3.658757247E-01  3.730432310E-01  3.796713076E-01
  3.839895406E-01  3.796713076E-01  3.730432310E-01  3.658757247E-01  3.560827793E-01
  3.524069885E-01  3.405169032E-01  3.254171651E-01  3.145133370E-01  2.993258341E-01
  2.922991636E-01  2.773340116E-01  2.648560881E-01  2.563611215E-01  2.485834296E-01
  2.266041177E-01  2.256104659E-01  2.349662910E-01  2.392726307E-01  2.472062832E-01
  2.663118816E-01  2.858468935E-01  3.092732735E-01  3.164669796E-01  3.188688177E-01
  3.300466107E-01  3.524069885E-01  3.601480058E-01  3.612900197E-01  3.735680908E-01
  3.770342715E-01  3.735680908E-01  3.612900197E-01  3.601480058E-01  3.524069885E-01
  3.300466107E-01  3.188688177E-01  3.164669796E-01  3.092732735E-01  2.858468935E-01
  2.663118816E-01  2.472062832E-01  2.392726307E-01  2.349662910E-01  2.256104659E-01
  2.172358790E-01  2.153684151E-01  2.156071732E-01  2.196258257E-01  2.286186534E-01
  2.415693531E-01  2.587062588E-01  2.761110746E-01  2.959199059E-01  3.125582690E-01
  3.188688177E-01  3.405169032E-01  3.540507227E-01  3.552566361E-01  3.624928655E-01
  3.637517199E-01  3.624928655E-01  3.552566361E-01  3.540507227E-01  3.405169032E-01
  3.188688177E-01  3.125582690E-01  2.959199059E-01  2.761110746E-01  2.587062588E-01
  2.415693531E-01  2.286186534E-01  2.196258257E-01  2.156071732E-01  2.153684151E-01
  1.906379853E-01  1.958401678E-01  1.970914862E-01  2.048395181E-01  2.148054590E-01
  2.244354670E-01  2.449098596E-01  2.574566981E-01  2.724989661E-01  2.959199059E-01
  3.164669796E-01  3.254171651E-01  3.376646958E-01  3.480139187E-01  3.462391123E-01
  3.461454209E-01  3.462391123E-01  3.480139187E-01  3.376646958E-01  3.254171651E-01
  3.164669796E-01  2.959199059E-01  2.724989661E-01  2.574566981E-01  2.449098596E-01
  2.244354670E-01  2.148054590E-01  2.048395181E-01  1.970914862E-01  1.958401678E-01
  1.507668123E-01  1.629149024E-01  1.698186221E-01  1.841544451E-01  1.992776151E-01
  2.103598695E-01  2.242653705E-01  2.357149566E-01  2.574566981E-01  2.761110746E-01
  3.092732735E-01  3.145133370E-01  3.182081180E-01  3.352258250E-01  3.327086368E-01
  3.347946603E-01  3.327086368E-01  3.352258250E-01  3.182081180E-01  3.145133370E-01
  3.092732735E-01  2.761110746E-01  2.574566981E-01  2.357149566E-01  2.242653705E-01
  2.103598695E-01  1.992776151E-01  1.841544451E-01  1.698186221E-01  1.629149024E-01
  1.219932008E-01  1.320270464E-01  1.345120335E-01  1.483149625E-01  1.681140392E-01
  1.978901673E-01  2.232828146E-01  2.242653705E-01  2.449098596E-01  2.587062588E-01
  2.858468935E-01  2.993258341E-01  3.034166985E-01  3.201977317E-01  3.223387922E-01
  3.253807203E-01  3.223387922E-01  3.201977317E-01  3.034166985E-01  2.993258341E-01
  2.858468935E-01  2.587062588E-01  2.449098596E-01  2.242653705E-01  2.232828146E-01
  1.978901673E-01  1.681140392E-01  1.483149625E-01  1.345120335E-01  1.320270464E-01
  9.740512422E-02  1.060394571E-01  1.107657003E-01  1.257855546E-01  1.373806037E-01
  1.574277285E-01  1.978901673E-01  2.103598695E-01  2.244354670E-01  2.415693531E-01
  2.663118816E-01  2.922991636E-01  2.992964833E-01  3.058244730E-01  3.145144189E-01
  3.199833698E-01  3.145144189E-01  3.058244730E-01  2.992964833E-01  2.922991636E-01
  2.663118816E-01  2.415693531E-01  2.244354670E-01  2.103598695E-01  1.978901673E-01
  1.574277285E-01  1.373806037E-01  1.257855546E-01  1.107657003E-01  1.060394571E-01
  9.093508570E-02  9.304341735E-02  9.139123661E-02  9.734530777E-02  1.178501746E-01
  1.373806037E-01  1.681140392E-01  1.992776151E-01  2.148054590E-01  2.286186534E-01
  2.472062832E-01  2.773340116E-01  2.958847280E-01  2.966612749E-01  3.047801659E-01
  3.116774909E-01  3.047801659E-01  2.966612749E-01  2.958847280E-01  2.773340116E-01
  2.472062832E-01  2.286186534E-01  2.148054590E-01  1.992776151E-01  1.681140392E-01
  1.373806037E-01  1.178501746E-01  9.734530777E-02  9.139123661E-02  9.304341735E-02
  7.181700328E-02  7.532415885E-02  9.143243296E-02  8.993504505E-02  9.734530777E-02
  1.257855546E-01  1.483149625E-01  1.841544451E-01  2.048395181E-01  2.196258257E-01
  2.392726307E-01  2.648560881E-01  2.889326158E-01  2.880180456E-01  2.936972677E-01
  3.040881485E-01  2.936972677E-01  2.880180456E-01  2.889326158E-01  2.648560881E-01
  2.392726307E-01  2.196258257E-01  2.048395181E-01  1.841544451E-01  1.483149625E-01
  1.257855546E-01  9.734530777E-02  8.993504505E-02  9.143243296E-02  7.532415885E-02
  6.806389953E-02  6.085113400E-02  7.696249135E-02  9.143243296E-02  9.139123661E-02
  1.107657003E-01  1.345120335E-01  1.698186221E-01  1.970914862E-01  2.156071732E-01
  2.349662910E-01  2.563611215E-01  2.793624316E-01  2.805614050E-01  2.868398816E-01
  2.995204251E-01  2.868398816E-01  2.805614050E-01  2.793624316E-01  2.563611215E-01
  2.349662910E-01  2.156071732E-01  1.970914862E-01  1.698186221E-01  1.345120335E-01
  1.107657003E-01  9.139123661E-02  9.143243296E-02  7.696249135E-02  6.085113400E-02
  6.605674462E-02  6.402104632E-02  6.085113400E-02  7.532415885E-02  9.304341735E-02
  1.060394571E-01  1.320270464E-01  1.629149024E-01  1.958401678E-01  2.153684151E-01
  2.256104659E-01  2.485834296E-01  2.718599749E-01  2.771558153E-01  2.843831752E-01
  2.944730587E-01  2.843831752E-01  2.771558153E-01  2.718599749E-01  2.485834296E-01
  2.256104659E-01  2.153684151E-01  1.958401678E-01  1.629149024E-01  1.320270464E-01
  1.060394571E-01  9.304341735E-02  7.532415885E-02  6.085113400E-02  6.402104632E-02
 -4.326698324E-04  3.719229861E-02  5.874239082E-02  6.416320481E-02  8.663817721E-02
  1.100668856E-01  1.431225509E-01  1.519640413E-01  1.756114936E-01  2.089070544E-01
  2.440510861E-01  2.662683990E-01  2.635460416E-01  2.883561895E-01  2.941008804E-01
  2.773564249E-01  2.941008804E-01  2.883561895E-01  2.635460416E-01  2.662683990E-01
  2.440510861E-01  2.089070544E-01  1.756114936E-01  1.519640413E-01  1.431225509E-01
  1.100668856E-01  8.663817721E-02  6.416320481E-02  5.874239082E-02  3.719229861E-02
  3.719229861E-02  3.733534029E-02  4.158141904E-02  6.620357492E-02  9.313742278E-02
  1.248014480E-01  1.597008441E-01  1.742589525E-01  1.891591463E-01  2.057667260E-01
  2.389415294E-01  2.593661081E-01  2.593088493E-01  2.867845829E-01  2.944730587E-01
  2.807633725E-01  2.944730587E-01  2.867845829E-01  2.593088493E-01  2.593661081E-01
  2.389415294E-01  2.057667260E-01  1.891591463E-01  1.742589525E-01  1.597008441E-01
  1.248014480E-01  9.313742278E-02  6.620357492E-02  4.158141904E-02  3.733534029E-02
  5.874239082E-02  4.158141904E-02  5.546648470E-02  8.307526763E-02  9.540565135E-02
  1.290229052E-01  1.442584380E-01  1.645196653E-01  1.911757170E-01  2.127688957E-01
  2.537252913E-01  2.661058149E-01  2.648694028E-01  2.925398264E-01  2.995204251E-01
  2.883576231E-01  2.995204251E-01  2.925398264E-01  2.648694028E-01  2.661058149E-01
  2.537252913E-01  2.127688957E-01  1.911757170E-01  1.645196653E-01  1.442584380E-01
  1.290229052E-01  9.540565135E-02  8.307526763E-02  5.546648470E-02  4.158141904E-02
  6.416320481E-02  6.620357492E-02  8.307526763E-02  9.098456736E-02  1.173616899E-01
  1.571975379E-01  1.548283994E-01  1.717799756E-01  2.057108145E-01  2.310936962E-01
  2.606561642E-01  2.640816423E-01  2.680222618E-01  2.998328753E-01  3.040881485E-01
  2.893009575E-01  3.040881485E-01  2.998328753E-01  2.680222618E-01  2.640816423E-01
  2.606561642E-01  2.310936962E-01  2.057108145E-01  1.717799756E-01  1.548283994E-01
  1.571975379E-01  1.173616899E-01  9.098456736E-02  8.307526763E-02  6.620357492E-02
  8.663817721E-02  9.313742278E-02  9.540565135E-02  1.173616899E-01  1.498983050E-01
  1.611447031E-01  1.758511033E-01  1.944228595E-01  2.204547883E-01  2.456861584E-01
  2.656910631E-01  2.720373164E-01  2.745084766E-01  3.042263977E-01  3.116774909E-01
  2.975788387E-01  3.116774909E-01  3.042263977E-01  2.745084766E-01  2.720373164E-01
  2.656910631E-01  2.456861584E-01  2.204547883E-01  1.944228595E-01  1.758511033E-01
  1.611447031E-01  1.498983050E-01  1.173616899E-01  9.540565135E-02  9.313742278E-02
  1.100668856E-01  1.248014480E-01  1.290229052E-01  1.571975379E-01  1.611447031E-01
  1.482797833E-01  1.832130050E-01  1.926915239E-01  2.271521045E-01  2.622382830E-01
  2.783081923E-01  2.921350960E-01  2.950452919E-01  3.157676175E-01  3.199833698E-01
  3.115834500E-01  3.199833698E-01  3.157676175E-01  2.950452919E-01  2.921350960E-01
  2.783081923E-01  2.622382830E-01  2.271521045E-01  1.926915239E-01  1.832130050E-01
  1.482797833E-01  1.611447031E-01  1.571975379E-01  1.290229052E-01  1.248014480E-01
  1.431225509E-01  1.597008441E-01  1.442584380E-01  1.548283994E-01  1.758511033E-01
  1.832130050E-01  2.099233490E-01  2.171922783E-01  2.652824399E-01  2.771940997E-01
  2.695048884E-01  2.919646031E-01  3.161686016E-01  3.287929684E-01  3.253807203E-01
  3.300892356E-01  3.253807203E-01  3.287929684E-01  3.161686016E-01  2.919646031E-01
  2.695048884E-01  2.771940997E-01  2.652824399E-01  2.171922783E-01  2.099233490E-01
  1.832130050E-01  1.758511033E-01  1.548283994E-01  1.442584380E-01  1.597008441E-01
  1.519640413E-01  1.742589525E-01  1.645196653E-01  1.717799756E-01  1.944228595E-01
  1.926915239E-01  2.171922783E-01  2.430396519E-01  2.787316020E-01  2.805186868E-01
  2.851006019E-01  3.150065282E-01  3.371750814E-01  3.291757040E-01  3.347946603E-01
  3.628954927E-01  3.347946603E-01  3.291757040E-01  3.371750814E-01  3.150065282E-01
  2.851006019E-01  2.805186868E-01  2.787316020E-01  2.430396519E-01  2.171922783E-01
  1.926915239E-01  1.944228595E-01  1.717799756E-01  1.645196653E-01  1.742589525E-01
  1.756114936E-01  1.891591463E-01  1.911757170E-01  2.057108145E-01  2.204547883E-01
  2.271521045E-01  2.652824399E-01  2.787316020E-01  2.825565230E-01  2.972010789E-01
  3.094122917E-01  3.249553925E-01  3.385671148E-01  3.333684170E-01  3.461454209E-01
  3.702429733E-01  3.461454209E-01  3.333684170E-01  3.385671148E-01  3.249553925E-01
  3.094122917E-01  2.972010789E-01  2.825565230E-01  2.787316020E-01  2.652824399E-01
  2.271521045E-01  2.204547883E-01  2.057108145E-01  1.911757170E-01  1.891591463E-01
  2.089070544E-01  2.057667260E-01  2.127688957E-01  2.310936962E-01  2.456861584E-01
  2.622382830E-01  2.771940997E-01  2.805186868E-01  2.972010789E-01  3.237153433E-01
  3.287171079E-01  3.313250748E-01  3.425962988E-01  3.615987743E-01  3.637517199E-01
  3.522246042E-01  3.637517199E-01  3.615987743E-01  3.425962988E-01  3.313250748E-01
  3.287171079E-01  3.237153433E-01  2.972010789E-01  2.805186868E-01  2.771940997E-01
  2.622382830E-01  2.456861584E-01  2.310936962E-01  2.127688957E-01  2.057667260E-01
  2.440510861E-01  2.389415294E-01  2.537252913E-01  2.606561642E-01  2.656910631E-01
  2.783081923E-01  2.695048884E-01  2.851006019E-01  3.094122917E-01  3.287171079E-01
  3.526794131E-01  3.579557612E-01  3.520316714E-01  3.767841714E-01  3.770342715E-01
  3.512818104E-01  3.770342715E-01  3.767841714E-01  3.520316714E-01  3.579557612E-01
  3.526794131E-01  3.287171079E-01  3.094122917E-01  2.851006019E-01  2.695048884E-01
  2.783081923E-01  2.656910631E-01  2.606561642E-01  2.537252913E-01  2.389415294E-01
  2.662683990E-01  2.593661081E-01  2.661058149E-01  2.640816423E-01  2.720373164E-01
  2.921350960E-01  2.919646031E-01  3.150065282E-01  3.249553925E-01  3.313250748E-01
  3.579557612E-01  3.673323175E-01  3.673406419E-01  3.797550316E-01  3.839895406E-01
  3.769629434E-01  3.839895406E-01  3.797550316E-01  3.673406419E-01  3.673323175E-01
  3.579557612E-01  3.313250748E-01  3.249553925E-01  3.150065282E-01  2.919646031E-01
  2.921350960E-01  2.720373164E-01  2.640816423E-01  2.661058149E-01  2.593661081E-01
  2.635460416E-01  2.593088493E-01  2.648694028E-01  2.680222618E-01  2.745084766E-01
  2.950452919E-01  3.161686016E-01  3.371750814E-01  3.385671148E-01  3.425962988E-01
  3.520316714E-01  3.673406419E-01  3.888825640E-01  3.853055379E-01  3.874887349E-01
  3.989912479E-01  3.874887349E-01  3.853055379E-01  3.888825640E-01  3.673406419E-01
  3.520316714E-01  3.425962988E-01  3.385671148E-01  3.371750814E-01  3.161686016E-01
  2.950452919E-01  2.745084766E-01  2.680222618E-01  2.648694028E-01  2.593088493E-01
  2.883561895E-01  2.867845829E-01  2.925398264E-01  2.998328753E-01  3.042263977E-01
  3.157676175E-01  3.287929684E-01  3.291757040E-01  3.333684170E-01  3.615987743E-01
  3.767841714E-01  3.797550316E-01  3.853055379E-01  3.808903542E-01  3.909659385E-01
  4.047128250E-01  3.909659385E-01  3.808903542E-01  3.853055379E-01  3.797550316E-01
  3.767841714E-01  3.615987743E-01  3.333684170E-01  3.291757040E-01  3.287929684E-01
  3.157676175E-01  3.042263977E-01  2.998328753E-01  2.925398264E-01  2.867845829E-01
  2.941008804E-01  2.944730587E-01  2.995204251E-01  3.040881485E-01  3.116774909E-01
  3.199833698E-01  3.253807203E-01  3.347946603E-01  3.461454209E-01  3.637517199E-01
  3.770342715E-01  3.839895406E-01  3.874887349E-01  3.909659385E-01  3.973971670E-01
  3.992964691E-01  3.973971670E-01  3.909659385E-01  3.874887349E-01  3.839895406E-01
  3.770342715E-01  3.637517199E-01  3.461454209E-01  3.347946603E-01  3.253807203E-01
  3.199833698E-01  3.116774909E-01  3.040881485E-01  2.995204251E-01  2.944730587E-01
  2.773564249E-01  2.807633725E-01  2.883576231E-01  2.893009575E-01  2.975788387E-01
  3.115834500E-01  3.300892356E-01  3.628954927E-01  3.702429733E-01  3.522246042E-01
  3.512818104E-01  3.769629434E-01  3.989912479E-01  4.047128250E-01  3.992964691E-01
  3.921455304E-01  3.992964691E-01  4.047128250E-01  3.989912479E-01  3.769629434E-01
  3.512818104E-01  3.522246042E-01  3.702429733E-01  3.628954927E-01  3.300892356E-01
  3.115834500E-01  2.975788387E-01  2.893009575E-01  2.883576231E-01  2.807633725E-01
  2.941008804E-01  2.944730587E-01  2.995204251E-01  3.040881485E-01  3.116774909E-01
  3.199833698E-01  3.253807203E-01  3.347946603E-01  3.461454209E-01  3.637517199E-01
  3.770342715E-01  3.839895406E-01  3.874887349E-01  3.909659385E-01  3.973971670E-01
  3.992964691E-01  3.973971670E-01  3.909659385E-01  3.874887349E-01  3.839895406E-01
  3.770342715E-01  3.637517199E-01  3.461454209E-01  3.347946603E-01  3.253807203E-01
  3.199833698E-01  3.116774909E-01  3.040881485E-01  2.995204251E-01  2.944730587E-01
  2.883561895E-01  2.867845829E-01  2.925398264E-01  2.998328753E-01  3.042263977E-01
  3.157676175E-01  3.287929684E-01  3.291757040E-01  3.333684170E-01  3.615987743E-01
  3.767841714E-01  3.797550316E-01  3.853055379E-01  3.808903542E-01  3.909659385E-01
  4.047128250E-01  3.909659385E-01  3.808903542E-01  3.853055379E-01  3.797550316E-01
  3.767841714E-01  3.615987743E-01  3.333684170E-01  3.291757040E-01  3.287929684E-01
  3.157676175E-01  3.042263977E-01  2.998328753E-01  2.925398264E-01  2.867845829E-01
  2.635460416E-01  2.593088493E-01  2.648694028E-01  2.680222618E-01  2.745084766E-01
  2.950452919E-01  3.161686016E-01  3.371750814E-01  3.385671148E-01  3.425962988E-01
  3.520316714E-01  3.673406419E-01  3.888825640E-01  3.853055379E-01  3.874887349E-01
  3.989912479E-01  3.874887349E-01  3.853055379E-01  3.888825640E-01  3.673406419E-01
  3.520316714E-01  3.425962988E-01  3.385671148E-01  3.371750814E-01  3.161686016E-01
  2.950452919E-01  2.745084766E-01  2.680222618E-01  2.648694028E-01  2.593088493E-01
  2.662683990E-01  2.593661081E-01  2.661058149E-01  2.640816423E-01  2.720373164E-01
  2.921350960E-01  2.919646031E-01  3.150065282E-01  3.249553925E-01  3.313250748E-01
  3.579557612E-01  3.673323175E-01  3.673406419E-01  3.797550316E-01  3.839895406E-01
  3.769629434E-01  3.839895406E-01  3.797550316E-01  3.673406419E-01  3.673323175E-01
  3.579557612E-01  3.313250748E-01  3.249553925E-01  3.150065282E-01  2.919646031E-01
  2.921350960E-01  2.720373164E-01  2.640816423E-01  2.661058149E-01  2.593661081E-01
  2.440510861E-01  2.389415294E-01  2.537252913E-01  2.606561642E-01  2.656910631E-01
  2.783081923E-01  2.695048884E-01  2.851006019E-01  3.094122917E-01  3.287171079E-01
  3.526794131E-01  3.579557612E-01  3.520316714E-01  3.767841714E-01  3.770342715E-01
  3.512818104E-01  3.770342715E-01  3.767841714E-01  3.520316714E-01  3.579557612E-01
  3.526794131E-01  3.287171079E-01  3.094122917E-01  2.851006019E-01  2.695048884E-01
  2.783081923E-01  2.656910631E-01  2.606561642E-01  2.537252913E-01  2.389415294E-01
  2.089070544E-01  2.057667260E-01  2.127688957E-01  2.310936962E-01  2.456861584E-01
  2.622382830E-01  2.771940997E-01  2.805186868E-01  2.972010789E-01  3.237153433E-01
  3.287171079E-01  3.313250748E-01  3.425962988E-01  3.615987743E-01  3.637517199E-01
  3.522246042E-01  3.637517199E-01  3.615987743E-01  3.425962988E-01  3.313250748E-01
  3.287171079E-01  3.237153433E-01  2.972010789E-01  2.805186868E-01  2.771940997E-01
  2.622382830E-01  2.456861584E-01  2.310936962E-01  2.127688957E-01  2.057667260E-01
  1.756114936E-01  1.891591463E-01  1.911757170E-01  2.057108145E-01  2.204547883E-01
  2.271521045E-01  2.652824399E-01  2.787316020E-01  2.825565230E-01  2.972010789E-01
  3.094122917E-01  3.249553925E-01  3.385671148E-01  3.333684170E-01  3.461454209E-01
  3.702429733E-01  3.461454209E-01  3.333684170E-01  3.385671148E-01  3.249553925E-01
  3.094122917E-01  2.972010789E-01  2.825565230E-01  2.787316020E-01  2.652824399E-01
  2.271521045E-01  2.204547883E-01  2.057108145E-01  1.911757170E-01  1.891591463E-01
  1.519640413E-01  1.742589525E-01  1.645196653E-01  1.717799756E-01  1.944228595E-01
  1.926915239E-01  2.171922783E-01  2.430396519E-01  2.787316020E-01  2.805186868E-01
  2.851006019E-01  3.150065282E-01  3.371750814E-01  3.291757040E-01  3.347946603E-01
  3.628954927E-01  3.347946603E-01  3.291757040E-01  3.371750814E-01  3.150065282E-01
  2.851006019E-01  2.805186868E-01  2.787316020E-01  2.430396519E-01  2.171922783E-01
  1.926915239E-01  1.944228595E-01  1.717799756E-01  1.645196653E-01  1.742589525E-01
  1.431225509E-01  1.597008441E-01  1.442584380E-01  1.548283994E-01  1.758511033E-01
  1.832130050E-01  2.099233490E-01  2.171922783E-01  2.652824399E-01  2.771940997E-01
  2.695048884E-01  2.919646031E-01  3.161686016E-01  3.287929684E-01  3.253807203E-01
  3.300892356E-01  3.253807203E-01  3.287929684E-01  3.161686016E-01  2.919646031E-01
  2.695048884E-01  2.771940997E-01  2.652824399E-01  2.171922783E-01  2.099233490E-01
  1.832130050E-01  1.758511033E-01  1.548283994E-01  1.442584380E-01  1.597008441E-01
  1.100668856E-01  1.248014480E-01  1.290229052E-01  1.571975379E-01  1.611447031E-01
  1.482797833E-01  1.832130050E-01  1.926915239E-01  2.271521045E-01  2.622382830E-01
  2.783081923E-01  2.921350960E-01  2.950452919E-01  3.157676175E-01  3.199833698E-01
  3.115834500E-01  3.199833698E-01  3.157676175E-01  2.950452919E-01  2.921350960E-01
  2.783081923E-01  2.622382830E-01  2.271521045E-01  1.926915239E-01  1.832130050E-01
  1.482797833E-01  1.611447031E-01  1.571975379E-01  1.290229052E-01  1.248014480E-01
  8.663817721E-02  9.313742278E-02  9.540565135E-02  1.173616899E-01  1.498983050E-01
  1.611447031E-01  1.758511033E-01  1.944228595E-01  2.204547883E-01  2.456861584E-01
  2.656910631E-01  2.720373164E-01  2.745084766E-01  3.042263977E-01  3.116774909E-01
  2.975788387E-01  3.116774909E-01  3.042263977E-01  2.745084766E-01  2.720373164E-01
  2.656910631E-01  2.456861584E-01  2.204547883E-01  1.944228595E-01  1.758511033E-01
  1.611447031E-01  1.498983050E-01  1.173616899E-01  9.540565135E-02  9.313742278E-02
  6.416320481E-02  6.620357492E-02  8.307526763E-02  9.098456736E-02  1.173616899E-01
  1.571975379E-01  1.548283994E-01  1.717799756E-01  2.057108145E-01  2.310936962E-01
  2.606561642E-01  2.640816423E-01  2.680222618E-01  2.998328753E-01  3.040881485E-01
  2.893009575E-01  3.040881485E-01  2.998328753E-01  2.680222618E-01  2.640816423E-01
  2.606561642E-01  2.310936962E-01  2.057108145E-01  1.717799756E-01  1.548283994E-01
  1.571975379E-01  1.173616899E-01  9.098456736E-02  8.307526763E-02  6.620357492E-02
  5.874239082E-02  4.158141904E-02  5.546648470E-02  8.307526763E-02  9.540565135E-02
  1.290229052E-01  1.442584380E-01  1.645196653E-01  1.911757170E-01  2.127688957E-01
  2.537252913E-01  2.661058149E-01  2.648694028E-01  2.925398264E-01  2.995204251E-01
  2.883576231E-01  2.995204251E-01  2.925398264E-01  2.648694028E-01  2.661058149E-01
  2.537252913E-01  2.127688957E-01  1.911757170E-01  1.645196653E-01  1.442584380E-01
  1.290229052E-01  9.540565135E-02  8.307526763E-02  5.546648470E-02  4.158141904E-02
  3.719229861E-02  3.733534029E-02  4.158141904E-02  6.620357492E-02  9.313742278E-02
  1.248014480E-01  1.597008441E-01  1.742589525E-01  1.891591463E-01  2.057667260E-01
  2.389415294E-01  2.593661081E-01  2.593088493E-01  2.867845829E-01  2.944730587E-01
  2.807633725E-01  2.944730587E-01  2.867845829E-01  2.593088493E-01  2.593661081E-01
  2.389415294E-01  2.057667260E-01  1.891591463E-01  1.742589525E-01  1.597008441E-01
  1.248014480E-01  9.313742278E-02  6.620357492E-02  4.158141904E-02  3.733534029E-02
  4.655047238E-02  6.605674462E-02  6.806389953E-02  7.181700328E-02  9.093508570E-02
  9.740512422E-02  1.219932008E-01  1.507668123E-01  1.906379853E-01  2.172358790E-01
  2.266041177E-01  2.509950975E-01  2.707425646E-01  2.757036327E-01  2.847786440E-01
  2.941008804E-01  2.847786440E-01  2.757036327E-01  2.707425646E-01  2.509950975E-01
  2.266041177E-01  2.172358790E-01  1.906379853E-01  1.507668123E-01  1.219932008E-01
  9.740512422E-02  9.093508570E-02  7.181700328E-02  6.806389953E-02  6.605674462E-02
  6.605674462E-02  6.402104632E-02  6.085113400E-02  7.532415885E-02  9.304341735E-02
  1.060394571E-01  1.320270464E-01  1.629149024E-01  1.958401678E-01  2.153684151E-01
  2.256104659E-01  2.485834296E-01  2.718599749E-01  2.771558153E-01  2.843831752E-01
  2.944730587E-01  2.843831752E-01  2.771558153E-01  2.718599749E-01  2.485834296E-01
  2.256104659E-01  2.153684151E-01  1.958401678E-01  1.629149024E-01  1.320270464E-01
  1.060394571E-01  9.304341735E-02  7.532415885E-02  6.085113400E-02  6.402104632E-02
  6.806389953E-02  6.085113400E-02  7.696249135E-02  9.143243296E-02  9.139123661E-02
  1.107657003E-01  1.345120335E-01  1.698186221E-01  1.970914862E-01  2.156071732E-01
  2.349662910E-01  2.563611215E-01  2.793624316E-01  2.805614050E-01  2.868398816E-01
  2.995204251E-01  2.868398816E-01  2.805614050E-01  2.793624316E-01  2.563611215E-01
  2.349662910E-01  2.156071732E-01  1.970914862E-01  1.698186221E-01  1.345120335E-01
  1.107657003E-01  9.139123661E-02  9.143243296E-02  7.696249135E-02  6.085113400E-02
  7.181700328E-02  7.532415885E-02  9.143243296E-02  8.993504505E-02  9.734530777E-02
  1.257855546E-01  1.483149625E-01  1.841544451E-01  2.048395181E-01  2.196258257E-01
  2.392726307E-01  2.648560881E-01  2.889326158E-01  2.880180456E-01  2.936972677E-01
  3.040881485E-01  2.936972677E-01  2.880180456E-01  2.889326158E-01  2.648560881E-01
  2.392726307E-01  2.196258257E-01  2.048395181E-01  1.841544451E-01  1.483149625E-01
  1.257855546E-01  9.734530777E-02  8.993504505E-02  9.143243296E-02  7.532415885E-02
  9.093508570E-02  9.304341735E-02  9.139123661E-02  9.734530777E-02  1.178501746E-01
  1.373806037E-01  1.681140392E-01  1.992776151E-01  2.148054590E-01  2.286186534E-01
  2.472062832E-01  2.773340116E-01  2.958847280E-01  2.966612749E-01  3.047801659E-01
  3.116774909E-01  3.047801659E-01  2.966612749E-01  2.958847280E-01  2.773340116E-01
  2.472062832E-01  2.286186534E-01  2.148054590E-01  1.992776151E-01  1.681140392E-01
  1.373806037E-01  1.178501746E-01  9.734530777E-02  9.139123661E-02  9.304341735E-02
  9.740512422E-02  1.060394571E-01  1.107657003E-01  1.257855546E-01  1.373806037E-01
  1.574277285E-01  1.978901673E-01  2.103598695E-01  2.244354670E-01  2.415693531E-01
  2.663118816E-01  2.922991636E-01  2.992964833E-01  3.058244730E-01  3.145144189E-01
  3.199833698E-01  3.145144189E-01  3.058244730E-01  2.992964833E-01  2.922991636E-01
  2.663118816E-01  2.415693531E-01  2.244354670E-01  2.103598695E-01  1.978901673E-01
  1.574277285E-01  1.373806037E-01  1.257855546E-01  1.107657003E-01  1.060394571E-01
  1.219932008E-01  1.320270464E-01  1.345120335E-01  1.483149625E-01  1.681140392E-01
  1.978901673E-01  2.232828146E-01  2.242653705E-01  2.449098596E-01  2.587062588E-01
  2.858468935E-01  2.993258341E-01  3.034166985E-01  3.201977317E-01  3.223387922E-01
  3.253807203E-01  3.223387922E-01  3.201977317E-01  3.034166985E-01  2.993258341E-01
  2.858468935E-01  2.587062588E-01  2.449098596E-01  2.242653705E-01  2.232828146E-01
  1.978901673E-01  1.681140392E-01  1.483149625E-01  1.345120335E-01  1.320270464E-01
  1.507668123E-01  1.629149024E-01  1.698186221E-01  1.841544451E-01  1.992776151E-01
  2.103598695E-01  2.242653705E-01  2.357149566E-01  2.574566981E-01  2.761110746E-01
  3.092732735E-01  3.145133370E-01  3.182081180E-01  3.352258250E-01  3.327086368E-01
  3.347946603E-01  3.327086368E-01  3.352258250E-01  3.182081180E-01  3.145133370E-01
  3.092732735E-01  2.761110746E-01  2.574566981E-01  2.357149566E-01  2.242653705E-01
  2.103598695E-01  1.992776151E-01  1.841544451E-01  1.698186221E-01  1.629149024E-01
  1.906379853E-01  1.958401678E-01  1.970914862E-01  2.048395181E-01  2.148054590E-01
  2.244354670E-01  2.449098596E-01  2.574566981E-01  2.724989661E-01  2.959199059E-01
  3.164669796E-01  3.254171651E-01  3.376646958E-01  3.480139187E-01  3.462391123E-01
  3.461454209E-01  3.462391123E-01  3.480139187E-01  3.376646958E-01  3.254171651E-01
  3.164669796E-01  2.959199059E-01  2.724989661E-01  2.574566981E-01  2.449098596E-01
  2.244354670E-01  2.148054590E-01  2.048395181E-01  1.970914862E-01  1.958401678E-01
  2.172358790E-01  2.153684151E-01  2.156071732E-01  2.196258257E-01  2.286186534E-01
  2.415693531E-01  2.587062588E-01  2.761110746E-01  2.959199059E-01  3.125582690E-01
  3.188688177E-01  3.405169032E-01  3.540507227E-01  3.552566361E-01  3.624928655E-01
  3.637517199E-01  3.624928655E-01  3.552566361E-01  3.540507227E-01  3.405169032E-01
  3.188688177E-01  3.125582690E-01  2.959199059E-01  2.761110746E-01  2.587062588E-01
  2.415693531E-01  2.286186534E-01  2.196258257E-01  2.156071732E-01  2.153684151E-01
  2.266041177E-01  2.256104659E-01  2.349662910E-01  2.392726307E-01  2.472062832E-01
  2.663118816E-01  2.858468935E-01  3.092732735E-01  3.164669796E-01  3.188688177E-01
  3.300466107E-01  3.524069885E-01  3.601480058E-01  3.612900197E-01  3.735680908E-01
  3.770342715E-01  3.735680908E-01  3.612900197E-01  3.601480058E-01  3.524069885E-01
  3.300466107E-01  3.188688177E-01  3.164669796E-01  3.092732735E-01  2.858468935E-01
  2.663118816E-01  2.472062832E-01  2.392726307E-01  2.349662910E-01  2.256104659E-01
  2.509950975E-01  2.485834296E-01  2.563611215E-01  2.648560881E-01  2.773340116E-01
  2.922991636E-01  2.993258341E-01  3.145133370E-01  3.254171651E-01  3.405169032E-01
  3.524069885E-01  3.560827793E-01  3.658757247E-01  3.730432310E-01  3.796713076E-01
  3.839895406E-01  3.796713076E-01  3.730432310E-01  3.658757247E-01  3.560827793E-01
  3.524069885E-01  3.405169032E-01  3.254171651E-01  3.145133370E-01  2.993258341E-01
  2.922991636E-01  2.773340116E-01  2.648560881E-01  2.563611215E-01  2.485834296E-01
  2.707425646E-01  2.718599749E-01  2.793624316E-01  2.889326158E-01  2.958847280E-01
  2.992964833E-01  3.034166985E-01  3.182081180E-01  3.376646958E-01  3.540507227E-01
  3.601480058E-01  3.658757247E-01  3.801538459E-01  3.843608103E-01  3.843271294E-01
  3.874887349E-01  3.843271294E-01  3.843608103E-01  3.801538459E-01  3.658757247E-01
  3.601480058E-01  3.540507227E-01  3.376646958E-01  3.182081180E-01  3.034166985E-01
  2.992964833E-01  2.958847280E-01  2.889326158E-01  2.793624316E-01  2.718599749E-01
  2.757036327E-01  2.771558153E-01  2.805614050E-01  2.880180456E-01  2.966612749E-01
  3.058244730E-01  3.201977317E-01  3.352258250E-01  3.480139187E-01  3.552566361E-01
  3.612900197E-01  3.730432310E-01  3.843608103E-01  3.931749393E-01  3.942449578E-01
  3.909659385E-01  3.942449578E-01  3.931749393E-01  3.843608103E-01  3.730432310E-01
  3.612900197E-01  3.552566361E-01  3.480139187E-01  3.352258250E-01  3.201977317E-01
  3.058244730E-01  2.966612749E-01  2.880180456E-01  2.805614050E-01  2.771558153E-01
  2.847786440E-01  2.843831752E-01  2.868398816E-01  2.936972677E-01  3.047801659E-01
  3.145144189E-01  3.223387922E-01  3.327086368E-01  3.462391123E-01  3.624928655E-01
  3.735680908E-01  3.796713076E-01  3.843271294E-01  3.942449578E-01  3.999287188E-01
  3.973971670E-01  3.999287188E-01  3.942449578E-01  3.843271294E-01  3.796713076E-01
  3.735680908E-01  3.624928655E-01  3.462391123E-01  3.327086368E-01  3.223387922E-01
  3.145144189E-01  3.047801659E-01  2.936972677E-01  2.868398816E-01  2.843831752E-01
  2.941008804E-01  2.944730587E-01  2.995204251E-01  3.040881485E-01  3.116774909E-01
  3.199833698E-01  3.253807203E-01  3.347946603E-01  3.461454209E-01  3.637517199E-01
  3.770342715E-01  3.839895406E-01  3.874887349E-01  3.909659385E-01  3.973971670E-01
  3.992964691E-01  3.973971670E-01  3.909659385E-01  3.874887349E-01  3.839895406E-01
  3.770342715E-01  3.637517199E-01  3.461454209E-01  3.347946603E-01  3.253807203E-01
  3.199833698E-01  3.116774909E-01  3.040881485E-01  2.995204251E-01  2.944730587E-01
  2.847786440E-01  2.843831752E-01  2.868398816E-01  2.936972677E-01  3.047801659E-01
  3.145144189E-01  3.223387922E-01  3.327086368E-01  3.462391123E-01  3.624928655E-01
  3.735680908E-01  3.796713076E-01  3.843271294E-01  3.942449578E-01  3.999287188E-01
  3.973971670E-01  3.999287188E-01  3.942449578E-01  3.843271294E-01  3.796713076E-01
  3.735680908E-01  3.624928655E-01  3.462391123E-01  3.327086368E-01  3.223387922E-01
  3.145144189E-01  3.047801659E-01  2.936972677E-01  2.868398816E-01  2.843831752E-01
  2.757036327E-01  2.771558153E-01  2.805614050E-01  2.880180456E-01  2.966612749E-01
  3.058244730E-01  3.201977317E-01  3.352258250E-01  3.480139187E-01  3.552566361E-01
  3.612900197E-01  3.730432310E-01  3.843608103E-01  3.931749393E-01  3.942449578E-01
  3.909659385E-01  3.942449578E-01  3.931749393E-01  3.843608103E-01  3.730432310E-01
  3.612900197E-01  3.552566361E-01  3.480139187E-01  3.352258250E-01  3.201977317E-01
  3.058244730E-01  2.966612749E-01  2.880180456E-01  2.805614050E-01  2.771558153E-01
  2.707425646E-01  2.718599749E-01  2.793624316E-01  2.889326158E-01  2.958847280E-01
  2.992964833E-01  3.034166985E-01  3.182081180E-01  3.376646958E-01  3.540507227E-01
  3.601480058E-01  3.658757247E-01  3.801538459E-01  3.843608103E-01  3.843271294E-01
  3.874887349E-01  3.843271294E-01  3.843608103E-01  3.801538459E-01  3.658757247E-01
  3.601480058E-01  3.540507227E-01  3.376646958E-01  3.182081180E-01  3.034166985E-01
  2.992964833E-01  2.958847280E-01  2.889326158E-01  2.793624316E-01  2.718599749E-01
  2.509950975E-01  2.485834296E-01  2.563611215E-01  2.648560881E-01  2.773340116E-01
  2.922991636E-01  2.993258341E-01  3.145133370E-01  3.254171651E-01  3.405169032E-01
  3.524069885E-01  3.560827793E-01  3.658757247E-01  3.730432310E-01  3.796713076E-01
  3.839895406E-01  3.796713076E-01  3.730432310E-01  3.658757247E-01  3.560827793E-01
  3.524069885E-01  3.405169032E-01  3.254171651E-01  3.145133370E-01  2.993258341E-01
  2.922991636E-01  2.773340116E-01  2.648560881E-01  2.563611215E-01  2.485834296E-01
  2.266041177E-01  2.256104659E-01  2.349662910E-01  2.392726307E-01  2.472062832E-01
  2.663118816E-01  2.858468935E-01  3.092732735E-01  3.164669796E-01  3.188688177E-01
  3.300466107E-01  3.524069885E-01  3.601480058E-01  3.612900197E-01  3.735680908E-01
  3.770342715E-01  3.735680908E-01  3.612900197E-01  3.601480058E-01  3.524069885E-01
  3.300466107E-01  3.188688177E-01  3.164669796E-01  3.092732735E-01  2.858468935E-01
  2.663118816E-01  2.472062832E-01  2.392726307E-01  2.349662910E-01  2.256104659E-01
  2.172358790E-01  2.153684151E-01  2.156071732E-01  2.196258257E-01  2.286186534E-01
  2.415693531E-01  2.587062588E-01  2.761110746E-01  2.959199059E-01  3.125582690E-01
  3.188688177E-01  3.405169032E-01  3.540507227E-01  3.552566361E-01  3.624928655E-01
  3.637517199E-01  3.624928655E-01  3.552566361E-01  3.540507227E-01  3.405169032E-01
  3.188688177E-01  3.125582690E-01  2.959199059E-01  2.761110746E-01  2.587062588E-01
  2.415693531E-01  2.286186534E-01  2.196258257E-01  2.156071732E-01  2.153684151E-01
  1.906379853E-01  1.958401678E-01  1.970914862E-01  2.048395181E-01  2.148054590E-01
  2.244354670E-01  2.449098596E-01  2.574566981E-01  2.724989661E-01  2.959199059E-01
  3.164669796E-01  3.254171651E-01  3.376646958E-01  3.480139187E-01  3.462391123E-01
  3.461454209E-01  3.462391123E-01  3.480139187E-01  3.376646958E-01  3.254171651E-01
  3.164669796E-01  2.959199059E-01  2.724989661E-01  2.574566981E-01  2.449098596E-01
  2.244354670E-01  2.148054590E-01  2.048395181E-01  1.970914862E-01  1.958401678E-01
  1.507668123E-01  1.629149024E-01  1.698186221E-01  1.841544451E-01  1.992776151E-01
  2.103598695E-01  2.242653705E-01  2.357149566E-01  2.574566981E-01  2.761110746E-01
  3.092732735E-01  3.145133370E-01  3.182081180E-01  3.352258250E-01  3.327086368E-01
  3.347946603E-01  3.327086368E-01  3.352258250E-01  3.182081180E-01  3.145133370E-01
  3.092732735E-01  2.761110746E-01  2.574566981E-01  2.357149566E-01  2.242653705E-01
  2.103598695E-01  1.992776151E-01  1.841544451E-01  1.698186221E-01  1.629149024E-01
  1.219932008E-01  1.320270464E-01  1.345120335E-01  1.483149625E-01  1.681140392E-01
  1.978901673E-01  2.232828146E-01  2.242653705E-01  2.449098596E-01  2.587062588E-01
  2.858468935E-01  2.993258341E-01  3.034166985E-01  3.201977317E-01  3.223387922E-01
  3.253807203E-01  3.223387922E-01  3.201977317E-01  3.034166985E-01  2.993258341E-01
  2.858468935E-01  2.587062588E-01  2.449098596E-01  2.242653705E-01  2.232828146E-01
  1.978901673E-01  1.681140392E-01  1.483149625E-01  1.345120335E-01  1.320270464E-01
  9.740512422E-02  1.060394571E-01  1.107657003E-01  1.257855546E-01  1.373806037E-01
  1.574277285E-01  1.978901673E-01  2.103598695E-01  2.244354670E-01  2.415693531E-01
  2.663118816E-01  2.922991636E-01  2.992964833E-01  3.058244730E-01  3.145144189E-01
  3.199833698E-01  3.145144189E-01  3.058244730E-01  2.992964833E-01  2.922991636E-01
  2.663118816E-01  2.415693531E-01  2.244354670E-01  2.103598695E-01  1.978901673E-01
  1.574277285E-01  1.373806037E-01  1.257855546E-01  1.107657003E-01  1.060394571E-01
  9.093508570E-02  9.304341735E-02  9.139123661E-02  9.734530777E-02  1.178501746E-01
  1.373806037E-01  1.681140392E-01  1.992776151E-01  2.148054590E-01  2.286186534E-01
  2.472062832E-01  2.773340116E-01  2.958847280E-01  2.966612749E-01  3.047801659E-01
  3.116774909E-01  3.047801659E-01  2.966612749E-01  2.958847280E-01  2.773340116E-01
  2.472062832E-01  2.286186534E-01  2.148054590E-01  1.992776151E-01  1.681140392E-01
  1.373806037E-01  1.178501746E-01  9.734530777E-02  9.139123661E-02  9.304341735E-02
  7.181700328E-02  7.532415885E-02  9.143243296E-02  8.993504505E-02  9.734530777E-02
  1.257855546E-01  1.483149625E-01  1.841544451E-01  2.048395181E-01  2.196258257E-01
  2.392726307E-01  2.648560881E-01  2.889326158E-01  2.880180456E-01  2.936972677E-01
  3.040881485E-01  2.936972677E-01  2.880180456E-01  2.889326158E-01  2.648560881E-01
  2.392726307E-01  2.196258257E-01  2.048395181E-01  1.841544451E-01  1.483149625E-01
  1.257855546E-01  9.734530777E-02  8.993504505E-02  9.143243296E-02  7.532415885E-02
  6.806389953E-02  6.085113400E-02  7.696249135E-02  9.143243296E-02  9.139123661E-02
  1.107657003E-01  1.345120335E-01  1.698186221E-01  1.970914862E-01  2.156071732E-01
  2.349662910E-01  2.563611215E-01  2.793624316E-01  2.805614050E-01  2.868398816E-01
  2.995204251E-01  2.868398816E-01  2.805614050E-01  2.793624316E-01  2.563611215E-01
  2.349662910E-01  2.156071732E-01  1.970914862E-01  1.698186221E-01  1.345120335E-01
  1.107657003E-01  9.139123661E-02  9.143243296E-02  7.696249135E-02  6.085113400E-02
  6.605674462E-02  6.402104632E-02  6.085113400E-02  7.532415885E-02  9.304341735E-02
  1.060394571E-01  1.320270464E-01  1.629149024E-01  1.958401678E-01  2.153684151E-01
  2.256104659E-01  2.485834296E-01  2.718599749E-01  2.771558153E-01  2.843831752E-01
  2.944730587E-01  2.843831752E-01  2.771558153E-01  2.718599749E-01  2.485834296E-01
  2.256104659E-01  2.153684151E-01  1.958401678E-01  1.629149024E-01  1.320270464E-01
  1.060394571E-01  9.304341735E-02  7.532415885E-02  6.085113400E-02  6.402104632E-02
 -1.059175518E-02 -4.054620929E-03  6.263372995E-03  3.194152414E-02  6.335130820E-02
  9.009736755E-02  1.246594923E-01  1.493104580E-01  1.681030095E-01  1.940841058E-01
  2.196361628E-01  2.396411101E-01  2.598162627E-01  2.670393243E-01  2.757036327E-01
  2.883561895E-01  2.757036327E-01  2.670393243E-01  2.598162627E-01  2.396411101E-01
  2.196361628E-01  1.940841058E-01  1.681030095E-01  1.493104580E-01  1.246594923E-01
  9.009736755E-02  6.335130820E-02  3.194152414E-02  6.263372995E-03 -4.054620929E-03
 -4.054620929E-03  2.005846479E-03  1.218813204E-02  3.121002022E-02  6.272199650E-02
  9.045655692E-02  1.140545680E-01  1.358862075E-01  1.623726266E-01  2.009468979E-01
  2.257918180E-01  2.416579164E-01  2.676673554E-01  2.743692645E-01  2.771558153E-01
  2.867845829E-01  2.771558153E-01  2.743692645E-01  2.676673554E-01  2.416579164E-01
  2.257918180E-01  2.009468979E-01  1.623726266E-01  1.358862075E-01  1.140545680E-01
  9.045655692E-02  6.272199650E-02  3.121002022E-02  1.218813204E-02  2.005846479E-03
  6.263372995E-03  1.218813204E-02  2.936223009E-02  4.596610715E-02  7.532460422E-02
  1.045779195E-01  1.275131106E-01  1.516100905E-01  1.708948192E-01  2.110673553E-01
  2.300139557E-01  2.402288768E-01  2.686081674E-01  2.735015842E-01  2.805614050E-01
  2.925398264E-01  2.805614050E-01  2.735015842E-01  2.686081674E-01  2.402288768E-01
  2.300139557E-01  2.110673553E-01  1.708948192E-01  1.516100905E-01  1.275131106E-01
  1.045779195E-01  7.532460422E-02  4.596610715E-02  2.936223009E-02  1.218813204E-02
  3.194152414E-02  3.121002022E-02  4.596610715E-02  6.672838704E-02  9.245447179E-02
  1.119438366E-01  1.376763707E-01  1.670156861E-01  1.800853639E-01  2.188989517E-01
  2.368148214E-01  2.513162671E-01  2.759345968E-01  2.758909529E-01  2.880180456E-01
  2.998328753E-01  2.880180456E-01  2.758909529E-01  2.759345968E-01  2.513162671E-01
  2.368148214E-01  2.188989517E-01  1.800853639E-01  1.670156861E-01  1.376763707E-01
  1.119438366E-01  9.245447179E-02  6.672838704E-02  4.596610715E-02  3.121002022E-02
  6.335130820E-02  6.272199650E-02  7.532460422E-02  9.245447179E-02  1.151345171E-01
  1.285628193E-01  1.404770802E-01  1.677704326E-01  1.964687623E-01  2.366677564E-01
  2.480659533E-01  2.623907519E-01  2.863015340E-01  2.874279528E-01  2.966612749E-01
  3.042263977E-01  2.966612749E-01  2.874279528E-01  2.863015340E-01  2.623907519E-01
  2.480659533E-01  2.366677564E-01  1.964687623E-01  1.677704326E-01  1.404770802E-01
  1.285628193E-01  1.151345171E-01  9.245447179E-02  7.532460422E-02  6.272199650E-02
  9.009736755E-02  9.045655692E-02  1.045779195E-01  1.119438366E-01  1.285628193E-01
  1.550390537E-01  1.650196726E-01  1.950621995E-01  2.251534032E-01  2.433776541E-01
  2.556353045E-01  2.706842391E-01  2.938713292E-01  2.992462563E-01  3.058244730E-01
  3.157676175E-01  3.058244730E-01  2.992462563E-01  2.938713292E-01  2.706842391E-01
  2.556353045E-01  2.433776541E-01  2.251534032E-01  1.950621995E-01  1.650196726E-01
  1.550390537E-01  1.285628193E-01  1.119438366E-01  1.045779195E-01  9.045655692E-02
  1.246594923E-01  1.140545680E-01  1.275131106E-01  1.376763707E-01  1.404770802E-01
  1.650196726E-01  1.755536101E-01  2.109573549E-01  2.352144655E-01  2.463877547E-01
  2.818860800E-01  2.922126738E-01  3.034438101E-01  3.159107556E-01  3.201977317E-01
  3.287929684E-01  3.201977317E-01  3.159107556E-01  3.034438101E-01  2.922126738E-01
  2.818860800E-01  2.463877547E-01  2.352144655E-01  2.109573549E-01  1.755536101E-01
  1.650196726E-01  1.404770802E-01  1.376763707E-01  1.275131106E-01  1.140545680E-01
  1.493104580E-01  1.358862075E-01  1.516100905E-01  1.670156861E-01  1.677704326E-01
  1.950621995E-01  2.109573549E-01  2.395183499E-01  2.550886114E-01  2.656586967E-01
  2.989945104E-01  2.981068928E-01  3.051640197E-01  3.336301890E-01  3.352258250E-01
  3.291757040E-01  3.352258250E-01  3.336301890E-01  3.051640197E-01  2.981068928E-01
  2.989945104E-01  2.656586967E-01  2.550886114E-01  2.395183499E-01  2.109573549E-01
  1.950621995E-01  1.677704326E-01  1.670156861E-01  1.516100905E-01  1.358862075E-01
  1.681030095E-01  1.623726266E-01  1.708948192E-01  1.800853639E-01  1.964687623E-01
  2.251534032E-01  2.352144655E-01  2.550886114E-01  2.764475009E-01  2.887803368E-01
  3.020305499E-01  3.113171682E-01  3.245793838E-01  3.482191865E-01  3.480139187E-01
  3.333684170E-01  3.480139187E-01  3.482191865E-01  3.245793838E-01  3.113171682E-01
  3.020305499E-01  2.887803368E-01  2.764475009E-01  2.550886114E-01  2.352144655E-01
  2.251534032E-01  1.964687623E-01  1.800853639E-01  1.708948192E-01  1.623726266E-01
  1.940841058E-01  2.009468979E-01  2.110673553E-01  2.188989517E-01  2.366677564E-01
  2.433776541E-01  2.463877547E-01  2.656586967E-01  2.887803368E-01  3.088739980E-01
  3.190537553E-01  3.392167017E-01  3.437991928E-01  3.402825529E-01  3.552566361E-01
  3.615987743E-01  3.552566361E-01  3.402825529E-01  3.437991928E-01  3.392167017E-01
  3.190537553E-01  3.088739980E-01  2.887803368E-01  2.656586967E-01  2.463877547E-01
  2.433776541E-01  2.366677564E-01  2.188989517E-01  2.110673553E-01  2.009468979E-01
  2.196361628E-01  2.257918180E-01  2.300139557E-01  2.368148214E-01  2.480659533E-01
  2.556353045E-01  2.818860800E-01  2.989945104E-01  3.020305499E-01  3.190537553E-01
  3.266229825E-01  3.449154455E-01  3.634328836E-01  3.535627654E-01  3.612900197E-01
  3.767841714E-01  3.612900197E-01  3.535627654E-01  3.634328836E-01  3.449154455E-01
  3.266229825E-01  3.190537553E-01  3.020305499E-01  2.989945104E-01  2.818860800E-01
  2.556353045E-01  2.480659533E-01  2.368148214E-01  2.300139557E-01  2.257918180E-01
  2.396411101E-01  2.416579164E-01  2.402288768E-01  2.513162671E-01  2.623907519E-01
  2.706842391E-01  2.922126738E-01  2.981068928E-01  3.113171682E-01  3.392167017E-01
  3.449154455E-01  3.487643578E-01  3.724715474E-01  3.767763589E-01  3.730432310E-01
  3.797550316E-01  3.730432310E-01  3.767763589E-01  3.724715474E-01  3.487643578E-01
  3.449154455E-01  3.392167017E-01  3.113171682E-01  2.981068928E-01  2.922126738E-01
  2.706842391E-01  2.623907519E-01  2.513162671E-01  2.402288768E-01  2.416579164E-01
  2.598162627E-01  2.676673554E-01  2.686081674E-01  2.759345968E-01  2.863015340E-01
  2.938713292E-01  3.034438101E-01  3.051640197E-01  3.245793838E-01  3.437991928E-01
  3.634328836E-01  3.724715474E-01  3.677788771E-01  3.768527874E-01  3.843608103E-01
  3.853055379E-01  3.843608103E-01  3.768527874E-01  3.677788771E-01  3.724715474E-01
  3.634328836E-01  3.437991928E-01  3.245793838E-01  3.051640197E-01  3.034438101E-01
  2.938713292E-01  2.863015340E-01  2.759345968E-01  2.686081674E-01  2.676673554E-01
  2.670393243E-01  2.743692645E-01  2.735015842E-01  2.758909529E-01  2.874279528E-01
  2.992462563E-01  3.159107556E-01  3.336301890E-01  3.482191865E-01  3.402825529E-01
  3.535627654E-01  3.767763589E-01  3.768527874E-01  3.915288819E-01  3.931749393E-01
  3.808903542E-01  3.931749393E-01  3.915288819E-01  3.768527874E-01  3.767763589E-01
  3.535627654E-01  3.402825529E-01  3.482191865E-01  3.336301890E-01  3.159107556E-01
  2.992462563E-01  2.874279528E-01  2.758909529E-01  2.735015842E-01  2.743692645E-01
  2.757036327E-01  2.771558153E-01  2.805614050E-01  2.880180456E-01  2.966612749E-01
  3.058244730E-01  3.201977317E-01  3.352258250E-01  3.480139187E-01  3.552566361E-01
  3.612900197E-01  3.730432310E-01  3.843608103E-01  3.931749393E-01  3.942449578E-01
  3.909659385E-01  3.942449578E-01  3.931749393E-01  3.843608103E-01  3.730432310E-01
  3.612900197E-01  3.552566361E-01  3.480139187E-01  3.352258250E-01  3.201977317E-01
  3.058244730E-01  2.966612749E-01  2.880180456E-01  2.805614050E-01  2.771558153E-01
  2.883561895E-01  2.867845829E-01  2.925398264E-01  2.998328753E-01  3.042263977E-01
  3.157676175E-01  3.287929684E-01  3.291757040E-01  3.333684170E-01  3.615987743E-01
  3.767841714E-01  3.797550316E-01  3.853055379E-01  3.808903542E-01  3.909659385E-01
  4.047128250E-01  3.909659385E-01  3.808903542E-01  3.853055379E-01  3.797550316E-01
  3.767841714E-01  3.615987743E-01  3.333684170E-01  3.291757040E-01  3.287929684E-01
  3.157676175E-01  3.042263977E-01  2.998328753E-01  2.925398264E-01  2.867845829E-01
  2.757036327E-01  2.771558153E-01  2.805614050E-01  2.880180456E-01  2.966612749E-01
  3.058244730E-01  3.201977317E-01  3.352258250E-01  3.480139187E-01  3.552566361E-01
  3.612900197E-01  3.730432310E-01  3.843608103E-01  3.931749393E-01  3.942449578E-01
  3.909659385E-01  3.942449578E-01  3.931749393E-01  3.843608103E-01  3.730432310E-01
  3.612900197E-01  3.552566361E-01  3.480139187E-01  3.352258250E-01  3.201977317E-01
  3.058244730E-01  2.966612749E-01  2.880180456E-01  2.805614050E-01  2.771558153E-01
  2.670393243E-01  2.743692645E-01  2.735015842E-01  2.758909529E-01  2.874279528E-01
  2.992462563E-01  3.159107556E-01  3.336301890E-01  3.482191865E-01  3.402825529E-01
  3.535627654E-01  3.767763589E-01  3.768527874E-01  3.915288819E-01  3.931749393E-01
  3.808903542E-01  3.931749393E-01  3.915288819E-01  3.768527874E-01  3.767763589E-01
  3.535627654E-01  3.402825529E-01  3.482191865E-01  3.336301890E-01  3.159107556E-01
  2.992462563E-01  2.874279528E-01  2.758909529E-01  2.735015842E-01  2.743692645E-01
  2.598162627E-01  2.676673554E-01  2.686081674E-01  2.759345968E-01  2.863015340E-01
  2.938713292E-01  3.034438101E-01  3.051640197E-01  3.245793838E-01  3.437991928E-01
  3.634328836E-01  3.724715474E-01  3.677788771E-01  3.768527874E-01  3.843608103E-01
  3.853055379E-01  3.843608103E-01  3.768527874E-01  3.677788771E-01  3.724715474E-01
  3.634328836E-01  3.437991928E-01  3.245793838E-01  3.051640197E-01  3.034438101E-01
  2.938713292E-01  2.863015340E-01  2.759345968E-01  2.686081674E-01  2.676673554E-01
  2.396411101E-01  2.416579164E-01  2.402288768E-01  2.513162671E-01  2.623907519E-01
  2.706842391E-01  2.922126738E-01  2.981068928E-01  3.113171682E-01  3.392167017E-01
  3.449154455E-01  3.487643578E-01  3.724715474E-01  3.767763589E-01  3.730432310E-01
  3.797550316E-01  3.730432310E-01  3.767763589E-01  3.724715474E-01  3.487643578E-01
  3.449154455E-01  3.392167017E-01  3.113171682E-01  2.981068928E-01  2.922126738E-01
  2.706842391E-01  2.623907519E-01  2.513162671E-01  2.402288768E-01  2.416579164E-01
  2.196361628E-01  2.257918180E-01  2.300139557E-01  2.368148214E-01  2.480659533E-01
  2.556353045E-01  2.818860800E-01  2.989945104E-01  3.020305499E-01  3.190537553E-01
  3.266229825E-01  3.449154455E-01  3.634328836E-01  3.535627654E-01  3.612900197E-01
  3.767841714E-01  3.612900197E-01  3.535627654E-01  3.634328836E-01  3.449154455E-01
  3.266229825E-01  3.190537553E-01  3.020305499E-01  2.989945104E-01  2.818860800E-01
  2.556353045E-01  2.480659533E-01  2.368148214E-01  2.300139557E-01  2.257918180E-01
  1.940841058E-01  2.009468979E-01  2.110673553E-01  2.188989517E-01  2.366677564E-01
  2.433776541E-01  2.463877547E-01  2.656586967E-01  2.887803368E-01  3.088739980E-01
  3.190537553E-01  3.392167017E-01  3.437991928E-01  3.402825529E-01  3.552566361E-01
  3.615987743E-01  3.552566361E-01  3.402825529E-01  3.437991928E-01  3.392167017E-01
  3.190537553E-01  3.088739980E-01  2.887803368E-01  2.656586967E-01  2.463877547E-01
  2.433776541E-01  2.366677564E-01  2.188989517E-01  2.110673553E-01  2.009468979E-01
  1.681030095E-01  1.623726266E-01  1.708948192E-01  1.800853639E-01  1.964687623E-01
  2.251534032E-01  2.352144655E-01  2.550886114E-01  2.764475009E-01  2.887803368E-01
  3.020305499E-01  3.113171682E-01  3.245793838E-01  3.482191865E-01  3.480139187E-01
  3.333684170E-01  3.480139187E-01  3.482191865E-01  3.245793838E-01  3.113171682E-01
  3.020305499E-01  2.887803368E-01  2.764475009E-01  2.550886114E-01  2.352144655E-01
  2.251534032E-01  1.964687623E-01  1.800853639E-01  1.708948192E-01  1.623726266E-01
  1.493104580E-01  1.358862075E-01  1.516100905E-01  1.670156861E-01  1.677704326E-01
  1.950621995E-01  2.109573549E-01  2.395183499E-01  2.550886114E-01  2.656586967E-01
  2.989945104E-01  2.981068928E-01  3.051640197E-01  3.336301890E-01  3.352258250E-01
  3.291757040E-01  3.352258250E-01  3.336301890E-01  3.051640197E-01  2.981068928E-01
  2.989945104E-01  2.656586967E-01  2.550886114E-01  2.395183499E-01  2.109573549E-01
  1.950621995E-01  1.677704326E-01  1.670156861E-01  1.516100905E-01  1.358862075E-01
  1.246594923E-01  1.140545680E-01  1.275131106E-01  1.376763707E-01  1.404770802E-01
  1.650196726E-01  1.755536101E-01  2.109573549E-01  2.352144655E-01  2.463877547E-01
  2.818860800E-01  2.922126738E-01  3.034438101E-01  3.159107556E-01  3.201977317E-01
  3.287929684E-01  3.201977317E-01  3.159107556E-01  3.034438101E-01  2.922126738E-01
  2.818860800E-01  2.463877547E-01  2.352144655E-01  2.109573549E-01  1.755536101E-01
  1.650196726E-01  1.404770802E-01  1.376763707E-01  1.275131106E-01  1.140545680E-01
  9.009736755E-02  9.045655692E-02  1.045779195E-01  1.119438366E-01  1.285628193E-01
  1.550390537E-01  1.650196726E-01  1.950621995E-01  2.251534032E-01  2.433776541E-01
  2.556353045E-01  2.706842391E-01  2.938713292E-01  2.992462563E-01  3.058244730E-01
  3.157676175E-01  3.058244730E-01  2.992462563E-01  2.938713292E-01  2.706842391E-01
  2.556353045E-01  2.433776541E-01  2.251534032E-01  1.950621995E-01  1.650196726E-01
  1.550390537E-01  1.285628193E-01  1.119438366E-01  1.045779195E-01  9.045655692E-02
  6.335130820E-02  6.272199650E-02  7.532460422E-02  9.245447179E-02  1.151345171E-01
  1.285628193E-01  1.404770802E-01  1.677704326E-01  1.964687623E-01  2.366677564E-01
  2.480659533E-01  2.623907519E-01  2.863015340E-01  2.874279528E-01  2.966612749E-01
  3.042263977E-01  2.966612749E-01  2.874279528E-01  2.863015340E-01  2.623907519E-01
  2.480659533E-01  2.366677564E-01  1.964687623E-01  1.677704326E-01  1.404770802E-01
  1.285628193E-01  1.151345171E-01  9.245447179E-02  7.532460422E-02  6.272199650E-02
  3.194152414E-02  3.121002022E-02  4.596610715E-02  6.672838704E-02  9.245447179E-02
  1.119438366E-01  1.376763707E-01  1.670156861E-01  1.800853639E-01  2.188989517E-01
  2.368148214E-01  2.513162671E-01  2.759345968E-01  2.758909529E-01  2.880180456E-01
  2.998328753E-01  2.880180456E-01  2.758909529E-01  2.759345968E-01  2.513162671E-01
  2.368148214E-01  2.188989517E-01  1.800853639E-01  1.670156861E-01  1.376763707E-01
  1.119438366E-01  9.245447179E-02  6.672838704E-02  4.596610715E-02  3.121002022E-02
  6.263372995E-03  1.218813204E-02  2.936223009E-02  4.596610715E-02  7.532460422E-02
  1.045779195E-01  1.275131106E-01  1.516100905E-01  1.708948192E-01  2.110673553E-01
  2.300139557E-01  2.402288768E-01  2.686081674E-01  2.735015842E-01  2.805614050E-01
  2.925398264E-01  2.805614050E-01  2.735015842E-01  2.686081674E-01  2.402288768E-01
  2.300139557E-01  2.110673553E-01  1.708948192E-01  1.516100905E-01  1.275131106E-01
  1.045779195E-01  7.532460422E-02  4.596610715E-02  2.936223009E-02  1.218813204E-02
 -4.054620929E-03  2.005846479E-03  1.218813204E-02  3.121002022E-02  6.272199650E-02
  9.045655692E-02  1.140545680E-01  1.358862075E-01  1.623726266E-01  2.009468979E-01
  2.257918180E-01  2.416579164E-01  2.676673554E-01  2.743692645E-01  2.771558153E-01
  2.867845829E-01  2.771558153E-01  2.743692645E-01  2.676673554E-01  2.416579164E-01
  2.257918180E-01  2.009468979E-01  1.623726266E-01  1.358862075E-01  1.140545680E-01
  9.045655692E-02  6.272199650E-02  3.121002022E-02  1.218813204E-02  2.005846479E-03
 -2.041021540E-02 -2.660123063E-02 -1.364189585E-02  1.047508852E-02  1.570258987E-02
  4.528814486E-02  9.022971997E-02  1.267738356E-01  1.517181400E-01  1.664180483E-01
  2.075300486E-01  2.285014982E-01  2.303686089E-01  2.598162627E-01  2.707425646E-01
  2.635460416E-01  2.707425646E-01  2.598162627E-01  2.303686089E-01  2.285014982E-01
  2.075300486E-01  1.664180483E-01  1.517181400E-01  1.267738356E-01  9.022971997E-02
  4.528814486E-02  1.570258987E-02  1.047508852E-02 -1.364189585E-02 -2.660123063E-02
 -2.660123063E-02 -1.863718444E-02 -4.143746528E-03  4.268460495E-03  1.708566499E-02
  4.690957458E-02  7.814824860E-02  1.133012459E-01  1.469995044E-01  1.714644083E-01
  2.110394718E-01  2.339142199E-01  2.408540020E-01  2.676673554E-01  2.718599749E-01
  2.593088493E-01  2.718599749E-01  2.676673554E-01  2.408540020E-01  2.339142199E-01
  2.110394718E-01  1.714644083E-01  1.469995044E-01  1.133012459E-01  7.814824860E-02
  4.690957458E-02  1.708566499E-02  4.268460495E-03 -4.143746528E-03 -1.863718444E-02
 -1.364189585E-02 -4.143746528E-03  1.843749656E-04  3.568973806E-03  3.323748148E-02
  6.246965580E-02  9.111824532E-02  1.287495192E-01  1.577208738E-01  1.819277106E-01
  2.110317216E-01  2.337780046E-01  2.415588055E-01  2.686081674E-01  2.793624316E-01
  2.648694028E-01  2.793624316E-01  2.686081674E-01  2.415588055E-01  2.337780046E-01
  2.110317216E-01  1.819277106E-01  1.577208738E-01  1.287495192E-01  9.111824532E-02
  6.246965580E-02  3.323748148E-02  3.568973806E-03  1.843749656E-04 -4.143746528E-03
  1.047508852E-02  4.268460495E-03  3.568973806E-03  2.297904003E-02  4.904635017E-02
  6.966015284E-02  1.078983007E-01  1.417788734E-01  1.607762416E-01  1.915449414E-01
  2.200703016E-01  2.452329418E-01  2.498798097E-01  2.759345968E-01  2.889326158E-01
  2.680222618E-01  2.889326158E-01  2.759345968E-01  2.498798097E-01  2.452329418E-01
  2.200703016E-01  1.915449414E-01  1.607762416E-01  1.417788734E-01  1.078983007E-01
  6.966015284E-02  4.904635017E-02  2.297904003E-02  3.568973806E-03  4.268460495E-03
  1.570258987E-02  1.708566499E-02  3.323748148E-02  4.904635017E-02  6.824150989E-02
  9.713134140E-02  1.282473775E-01  1.504696936E-01  1.711111883E-01  2.108741113E-01
  2.358399153E-01  2.523172909E-01  2.600667294E-01  2.863015340E-01  2.958847280E-01
  2.745084766E-01  2.958847280E-01  2.863015340E-01  2.600667294E-01  2.523172909E-01
  2.358399153E-01  2.108741113E-01  1.711111883E-01  1.504696936E-01  1.282473775E-01
  9.713134140E-02  6.824150989E-02  4.904635017E-02  3.323748148E-02  1.708566499E-02
  4.528814486E-02  4.690957458E-02  6.246965580E-02  6.966015284E-02  9.713134140E-02
  1.313912621E-01  1.463947783E-01  1.770289591E-01  1.976008864E-01  2.253891854E-01
  2.447821422E-01  2.572231588E-01  2.786769082E-01  2.938713292E-01  2.992964833E-01
  2.950452919E-01  2.992964833E-01  2.938713292E-01  2.786769082E-01  2.572231588E-01
  2.447821422E-01  2.253891854E-01  1.976008864E-01  1.770289591E-01  1.463947783E-01
  1.313912621E-01  9.713134140E-02  6.966015284E-02  6.246965580E-02  4.690957458E-02
  9.022971997E-02  7.814824860E-02  9.111824532E-02  1.078983007E-01  1.282473775E-01
  1.463947783E-01  1.521161589E-01  1.922901907E-01  2.152040314E-01  2.403065814E-01
  2.584947240E-01  2.758784910E-01  3.087326061E-01  3.034438101E-01  3.034166985E-01
  3.161686016E-01  3.034166985E-01  3.034438101E-01  3.087326061E-01  2.758784910E-01
  2.584947240E-01  2.403065814E-01  2.152040314E-01  1.922901907E-01  1.521161589E-01
  1.463947783E-01  1.282473775E-01  1.078983007E-01  9.111824532E-02  7.814824860E-02
  1.267738356E-01  1.133012459E-01  1.287495192E-01  1.417788734E-01  1.504696936E-01
  1.770289591E-01  1.922901907E-01  2.205672258E-01  2.397632973E-01  2.604099582E-01
  2.691100066E-01  2.921613701E-01  3.170214496E-01  3.051640197E-01  3.182081180E-01
  3.371750814E-01  3.182081180E-01  3.051640197E-01  3.170214496E-01  2.921613701E-01
  2.691100066E-01  2.604099582E-01  2.397632973E-01  2.205672258E-01  1.922901907E-01
  1.770289591E-01  1.504696936E-01  1.417788734E-01  1.287495192E-01  1.133012459E-01
  1.517181400E-01  1.469995044E-01  1.577208738E-01  1.607762416E-01  1.711111883E-01
  1.976008864E-01  2.152040314E-01  2.397632973E-01  2.574213444E-01  2.719766497E-01
  2.841672821E-01  3.161087011E-01  3.279397360E-01  3.245793838E-01  3.376646958E-01
  3.385671148E-01  3.376646958E-01  3.245793838E-01  3.279397360E-01  3.161087011E-01
  2.841672821E-01  2.719766497E-01  2.574213444E-01  2.397632973E-01  2.152040314E-01
  1.976008864E-01  1.711111883E-01  1.607762416E-01  1.577208738E-01  1.469995044E-01
  1.664180483E-01  1.714644083E-01  1.819277106E-01  1.915449414E-01  2.108741113E-01
  2.253891854E-01  2.403065814E-01  2.604099582E-01  2.719766497E-01  2.948684967E-01
  3.146766175E-01  3.228909117E-01  3.246438267E-01  3.437991928E-01  3.540507227E-01
  3.425962988E-01  3.540507227E-01  3.437991928E-01  3.246438267E-01  3.228909117E-01
  3.146766175E-01  2.948684967E-01  2.719766497E-01  2.604099582E-01  2.403065814E-01
  2.253891854E-01  2.108741113E-01  1.915449414E-01  1.819277106E-01  1.714644083E-01
  2.075300486E-01  2.110394718E-01  2.110317216E-01  2.200703016E-01  2.358399153E-01
  2.447821422E-01  2.584947240E-01  2.691100066E-01  2.841672821E-01  3.146766175E-01
  3.349088111E-01  3.314708233E-01  3.422425983E-01  3.634328836E-01  3.601480058E-01
  3.520316714E-01  3.601480058E-01  3.634328836E-01  3.422425983E-01  3.314708233E-01
  3.349088111E-01  3.146766175E-01  2.841672821E-01  2.691100066E-01  2.584947240E-01
  2.447821422E-01  2.358399153E-01  2.200703016E-01  2.110317216E-01  2.110394718E-01
  2.285014982E-01  2.339142199E-01  2.337780046E-01  2.452329418E-01  2.523172909E-01
  2.572231588E-01  2.758784910E-01  2.921613701E-01  3.161087011E-01  3.228909117E-01
  3.314708233E-01  3.441541641E-01  3.620388501E-01  3.724715474E-01  3.658757247E-01
  3.673406419E-01  3.658757247E-01  3.724715474E-01  3.620388501E-01  3.441541641E-01
  3.314708233E-01  3.228909117E-01  3.161087011E-01  2.921613701E-01  2.758784910E-01
  2.572231588E-01  2.523172909E-01  2.452329418E-01  2.337780046E-01  2.339142199E-01
  2.303686089E-01  2.408540020E-01  2.415588055E-01  2.498798097E-01  2.600667294E-01
  2.786769082E-01  3.087326061E-01  3.170214496E-01  3.279397360E-01  3.246438267E-01
  3.422425983E-01  3.620388501E-01  3.594563796E-01  3.677788771E-01  3.801538459E-01
  3.888825640E-01  3.801538459E-01  3.677788771E-01  3.594563796E-01  3.620388501E-01
  3.422425983E-01  3.246438267E-01  3.279397360E-01  3.170214496E-01  3.087326061E-01
  2.786769082E-01  2.600667294E-01  2.498798097E-01  2.415588055E-01  2.408540020E-01
  2.598162627E-01  2.676673554E-01  2.686081674E-01  2.759345968E-01  2.863015340E-01
  2.938713292E-01  3.034438101E-01  3.051640197E-01  3.245793838E-01  3.437991928E-01
  3.634328836E-01  3.724715474E-01  3.677788771E-01  3.768527874E-01  3.843608103E-01
  3.853055379E-01  3.843608103E-01  3.768527874E-01  3.677788771E-01  3.724715474E-01
  3.634328836E-01  3.437991928E-01  3.245793838E-01  3.051640197E-01  3.034438101E-01
  2.938713292E-01  2.863015340E-01  2.759345968E-01  2.686081674E-01  2.676673554E-01
  2.707425646E-01  2.718599749E-01  2.793624316E-01  2.889326158E-01  2.958847280E-01
  2.992964833E-01  3.034166985E-01  3.182081180E-01  3.376646958E-01  3.540507227E-01
  3.601480058E-01  3.658757247E-01  3.801538459E-01  3.843608103E-01  3.843271294E-01
  3.874887349E-01  3.843271294E-01  3.843608103E-01  3.801538459E-01  3.658757247E-01
  3.601480058E-01  3.540507227E-01  3.376646958E-01  3.182081180E-01  3.034166985E-01
  2.992964833E-01  2.958847280E-01  2.889326158E-01  2.793624316E-01  2.718599749E-01
  2.635460416E-01  2.593088493E-01  2.648694028E-01  2.680222618E-01  2.745084766E-01
  2.950452919E-01  3.161686016E-01  3.371750814E-01  3.385671148E-01  3.425962988E-01
  3.520316714E-01  3.673406419E-01  3.888825640E-01  3.853055379E-01  3.874887349E-01
  3.989912479E-01  3.874887349E-01  3.853055379E-01  3.888825640E-01  3.673406419E-01
  3.520316714E-01  3.425962988E-01  3.385671148E-01  3.371750814E-01  3.161686016E-01
  2.950452919E-01  2.745084766E-01  2.680222618E-01  2.648694028E-01  2.593088493E-01
  2.707425646E-01  2.718599749E-01  2.793624316E-01  2.889326158E-01  2.958847280E-01
  2.992964833E-01  3.034166985E-01  3.182081180E-01  3.376646958E-01  3.540507227E-01
  3.601480058E-01  3.658757247E-01  3.801538459E-01  3.843608103E-01  3.843271294E-01
  3.874887349E-01  3.843271294E-01  3.843608103E-01  3.801538459E-01  3.658757247E-01
  3.601480058E-01  3.540507227E-01  3.376646958E-01  3.182081180E-01  3.034166985E-01
  2.992964833E-01  2.958847280E-01  2.889326158E-01  2.793624316E-01  2.718599749E-01
  2.598162627E-01  2.676673554E-01  2.686081674E-01  2.759345968E-01  2.863015340E-01
  2.938713292E-01  3.034438101E-01  3.051640197E-01  3.245793838E-01  3.437991928E-01
  3.634328836E-01  3.724715474E-01  3.677788771E-01  3.768527874E-01  3.843608103E-01
  3.853055379E-01  3.843608103E-01  3.768527874E-01  3.677788771E-01  3.724715474E-01
  3.634328836E-01  3.437991928E-01  3.245793838E-01  3.051640197E-01  3.034438101E-01
  2.938713292E-01  2.863015340E-01  2.759345968E-01  2.686081674E-01  2.676673554E-01
  2.303686089E-01  2.408540020E-01  2.415588055E-01  2.498798097E-01  2.600667294E-01
  2.786769082E-01  3.087326061E-01  3.170214496E-01  3.279397360E-01  3.246438267E-01
  3.422425983E-01  3.620388501E-01  3.594563796E-01  3.677788771E-01  3.801538459E-01
  3.888825640E-01  3.801538459E-01  3.677788771E-01  3.594563796E-01  3.620388501E-01
  3.422425983E-01  3.246438267E-01  3.279397360E-01  3.170214496E-01  3.087326061E-01
  2.786769082E-01  2.600667294E-01  2.498798097E-01  2.415588055E-01  2.408540020E-01
  2.285014982E-01  2.339142199E-01  2.337780046E-01  2.452329418E-01  2.523172909E-01
  2.572231588E-01  2.758784910E-01  2.921613701E-01  3.161087011E-01  3.228909117E-01
  3.314708233E-01  3.441541641E-01  3.620388501E-01  3.724715474E-01  3.658757247E-01
  3.673406419E-01  3.658757247E-01  3.724715474E-01  3.620388501E-01  3.441541641E-01
  3.314708233E-01  3.228909117E-01  3.161087011E-01  2.921613701E-01  2.758784910E-01
  2.572231588E-01  2.523172909E-01  2.452329418E-01  2.337780046E-01  2.339142199E-01
  2.075300486E-01  2.110394718E-01  2.110317216E-01  2.200703016E-01  2.358399153E-01
  2.447821422E-01  2.584947240E-01  2.691100066E-01  2.841672821E-01  3.146766175E-01
  3.349088111E-01  3.314708233E-01  3.422425983E-01  3.634328836E-01  3.601480058E-01
  3.520316714E-01  3.601480058E-01  3.634328836E-01  3.422425983E-01  3.314708233E-01
  3.349088111E-01  3.146766175E-01  2.841672821E-01  2.691100066E-01  2.584947240E-01
  2.447821422E-01  2.358399153E-01  2.200703016E-01  2.110317216E-01  2.110394718E-01
  1.664180483E-01  1.714644083E-01  1.819277106E-01  1.915449414E-01  2.108741113E-01
  2.253891854E-01  2.403065814E-01  2.604099582E-01  2.719766497E-01  2.948684967E-01
  3.146766175E-01  3.228909117E-01  3.246438267E-01  3.437991928E-01  3.540507227E-01
  3.425962988E-01  3.540507227E-01  3.437991928E-01  3.246438267E-01  3.228909117E-01
  3.146766175E-01  2.948684967E-01  2.719766497E-01  2.604099582E-01  2.403065814E-01
  2.253891854E-01  2.108741113E-01  1.915449414E-01  1.819277106E-01  1.714644083E-01
  1.517181400E-01  1.469995044E-01  1.577208738E-01  1.607762416E-01  1.711111883E-01
  1.976008864E-01  2.152040314E-01  2.397632973E-01  2.574213444E-01  2.719766497E-01
  2.841672821E-01  3.161087011E-01  3.279397360E-01  3.245793838E-01  3.376646958E-01
  3.385671148E-01  3.376646958E-01  3.245793838E-01  3.279397360E-01  3.161087011E-01
  2.841672821E-01  2.719766497E-01  2.574213444E-01  2.397632973E-01  2.152040314E-01
  1.976008864E-01  1.711111883E-01  1.607762416E-01  1.577208738E-01  1.469995044E-01
  1.267738356E-01  1.133012459E-01  1.287495192E-01  1.417788734E-01  1.504696936E-01
  1.770289591E-01  1.922901907E-01  2.205672258E-01  2.397632973E-01  2.604099582E-01
  2.691100066E-01  2.921613701E-01  3.170214496E-01  3.051640197E-01  3.182081180E-01
  3.371750814E-01  3.182081180E-01  3.051640197E-01  3.170214496E-01  2.921613701E-01
  2.691100066E-01  2.604099582E-01  2.397632973E-01  2.205672258E-01  1.922901907E-01
  1.770289591E-01  1.504696936E-01  1.417788734E-01  1.287495192E-01  1.133012459E-01
  9.022971997E-02  7.814824860E-02  9.111824532E-02  1.078983007E-01  1.282473775E-01
  1.463947783E-01  1.521161589E-01  1.922901907E-01  2.152040314E-01  2.403065814E-01
  2.584947240E-01  2.758784910E-01  3.087326061E-01  3.034438101E-01  3.034166985E-01
  3.161686016E-01  3.034166985E-01  3.034438101E-01  3.087326061E-01  2.758784910E-01
  2.584947240E-01  2.403065814E-01  2.152040314E-01  1.922901907E-01  1.521161589E-01
  1.463947783E-01  1.282473775E-01  1.078983007E-01  9.111824532E-02  7.814824860E-02
  4.528814486E-02  4.690957458E-02  6.246965580E-02  6.966015284E-02  9.713134140E-02
  1.313912621E-01  1.463947783E-01  1.770289591E-01  1.976008864E-01  2.253891854E-01
  2.447821422E-01  2.572231588E-01  2.786769082E-01  2.938713292E-01  2.992964833E-01
  2.950452919E-01  2.992964833E-01  2.938713292E-01  2.786769082E-01  2.572231588E-01
  2.447821422E-01  2.253891854E-01  1.976008864E-01  1.770289591E-01  1.463947783E-01
  1.313912621E-01  9.713134140E-02  6.966015284E-02  6.246965580E-02  4.690957458E-02
  1.570258987E-02  1.708566499E-02  3.323748148E-02  4.904635017E-02  6.824150989E-02
  9.713134140E-02  1.282473775E-01  1.504696936E-01  1.711111883E-01  2.108741113E-01
  2.358399153E-01  2.523172909E-01  2.600667294E-01  2.863015340E-01  2.958847280E-01
  2.745084766E-01  2.958847280E-01  2.863015340E-01  2.600667294E-01  2.523172909E-01
  2.358399153E-01  2.108741113E-01  1.711111883E-01  1.504696936E-01  1.282473775E-01
  9.713134140E-02  6.824150989E-02  4.904635017E-02  3.323748148E-02  1.708566499E-02
  1.047508852E-02  4.268460495E-03  3.568973806E-03  2.297904003E-02  4.904635017E-02
  6.966015284E-02  1.078983007E-01  1.417788734E-01  1.607762416E-01  1.915449414E-01
  2.200703016E-01  2.452329418E-01  2.498798097E-01  2.759345968E-01  2.889326158E-01
  2.680222618E-01  2.889326158E-01  2.759345968E-01  2.498798097E-01  2.452329418E-01
  2.200703016E-01  1.915449414E-01  1.607762416E-01  1.417788734E-01  1.078983007E-01
  6.966015284E-02  4.904635017E-02  2.297904003E-02  3.568973806E-03  4.268460495E-03
 -1.364189585E-02 -4.143746528E-03  1.843749656E-04  3.568973806E-03  3.323748148E-02
  6.246965580E-02  9.111824532E-02  1.287495192E-01  1.577208738E-01  1.819277106E-01
  2.110317216E-01  2.337780046E-01  2.415588055E-01  2.686081674E-01  2.793624316E-01
  2.648694028E-01  2.793624316E-01  2.686081674E-01  2.415588055E-01  2.337780046E-01
  2.110317216E-01  1.819277106E-01  1.577208738E-01  1.287495192E-01  9.111824532E-02
  6.246965580E-02  3.323748148E-02  3.568973806E-03  1.843749656E-04 -4.143746528E-03
 -2.660123063E-02 -1.863718444E-02 -4.143746528E-03  4.268460495E-03  1.708566499E-02
  4.690957458E-02  7.814824860E-02  1.133012459E-01  1.469995044E-01  1.714644083E-01
  2.110394718E-01  2.339142199E-01  2.408540020E-01  2.676673554E-01  2.718599749E-01
  2.593088493E-01  2.718599749E-01  2.676673554E-01  2.408540020E-01  2.339142199E-01
  2.110394718E-01  1.714644083E-01  1.469995044E-01  1.133012459E-01  7.814824860E-02
  4.690957458E-02  1.708566499E-02  4.268460495E-03 -4.143746528E-03 -1.863718444E-02
 -1.092169781E-01 -1.235701585E-01 -1.159482390E-01 -7.214107466E-02 -3.896511448E-02
 -2.528256958E-04  2.822813665E-02  5.943509145E-02  1.193078792E-01  1.533681321E-01
  1.741928094E-01  2.020891042E-01  2.285014982E-01  2.396411101E-01  2.509950975E-01
  2.662683990E-01  2.509950975E-01  2.396411101E-01  2.285014982E-01  2.020891042E-01
  1.741928094E-01  1.533681321E-01  1.193078792E-01  5.943509145E-02  2.822813665E-02
 -2.528256958E-04 -3.896511448E-02 -7.214107466E-02 -1.159482390E-01 -1.235701585E-01
 -1.235701585E-01 -1.171308019E-01 -9.797599791E-02 -6.576146435E-02 -3.135958637E-02
  6.664503408E-03  3.562925134E-02  7.023279881E-02  1.236439502E-01  1.503610942E-01
  1.725675444E-01  2.075106313E-01  2.339142199E-01  2.416579164E-01  2.485834296E-01
  2.593661081E-01  2.485834296E-01  2.416579164E-01  2.339142199E-01  2.075106313E-01
  1.725675444E-01  1.503610942E-01  1.236439502E-01  7.023279881E-02  3.562925134E-02
  6.664503408E-03 -3.135958637E-02 -6.576146435E-02 -9.797599791E-02 -1.171308019E-01
 -1.159482390E-01 -9.797599791E-02 -7.690536531E-02 -5.050746850E-02 -1.524207203E-02
  1.406110060E-02  4.564897138E-02  8.482695118E-02  1.333226025E-01  1.554316034E-01
  1.781271723E-01  2.179983424E-01  2.337780046E-01  2.402288768E-01  2.563611215E-01
  2.661058149E-01  2.563611215E-01  2.402288768E-01  2.337780046E-01  2.179983424E-01
  1.781271723E-01  1.554316034E-01  1.333226025E-01  8.482695118E-02  4.564897138E-02
  1.406110060E-02 -1.524207203E-02 -5.050746850E-02 -7.690536531E-02 -9.797599791E-02
 -7.214107466E-02 -6.576146435E-02 -5.050746850E-02 -2.022753095E-02  1.155006667E-03
  2.303861752E-02  6.024104024E-02  9.467641746E-02  1.435684308E-01  1.657984364E-01
  1.851356607E-01  2.327295982E-01  2.452329418E-01  2.513162671E-01  2.648560881E-01
  2.640816423E-01  2.648560881E-01  2.513162671E-01  2.452329418E-01  2.327295982E-01
  1.851356607E-01  1.657984364E-01  1.435684308E-01  9.467641746E-02  6.024104024E-02
  2.303861752E-02  1.155006667E-03 -2.022753095E-02 -5.050746850E-02 -6.576146435E-02
 -3.896511448E-02 -3.135958637E-02 -1.524207203E-02  1.155006667E-03  1.404724323E-02
  4.644418521E-02  9.060055926E-02  1.225540813E-01  1.595813489E-01  1.754736477E-01
  1.971071034E-01  2.435861834E-01  2.523172909E-01  2.623907519E-01  2.773340116E-01
  2.720373164E-01  2.773340116E-01  2.623907519E-01  2.523172909E-01  2.435861834E-01
  1.971071034E-01  1.754736477E-01  1.595813489E-01  1.225540813E-01  9.060055926E-02
  4.644418521E-02  1.404724323E-02  1.155006667E-03 -1.524207203E-02 -3.135958637E-02
 -2.528256958E-04  6.664503408E-03  1.406110060E-02  2.303861752E-02  4.644418521E-02
  7.298660637E-02  1.119119209E-01  1.481420963E-01  1.648616769E-01  1.907191701E-01
  2.289906970E-01  2.573627094E-01  2.572231588E-01  2.706842391E-01  2.922991636E-01
  2.921350960E-01  2.922991636E-01  2.706842391E-01  2.572231588E-01  2.573627094E-01
  2.289906970E-01  1.907191701E-01  1.648616769E-01  1.481420963E-01  1.119119209E-01
  7.298660637E-02  4.644418521E-02  2.303861752E-02  1.406110060E-02  6.664503408E-03
  2.822813665E-02  3.562925134E-02  4.564897138E-02  6.024104024E-02  9.060055926E-02
  1.119119209E-01  1.474011630E-01  1.742925665E-01  1.810428778E-01  2.229419318E-01
  2.460790513E-01  2.568793301E-01  2.758784910E-01  2.922126738E-01  2.993258341E-01
  2.919646031E-01  2.993258341E-01  2.922126738E-01  2.758784910E-01  2.568793301E-01
  2.460790513E-01  2.229419318E-01  1.810428778E-01  1.742925665E-01  1.474011630E-01
  1.119119209E-01  9.060055926E-02  6.024104024E-02  4.564897138E-02  3.562925134E-02
  5.943509145E-02  7.023279881E-02  8.482695118E-02  9.467641746E-02  1.225540813E-01
  1.481420963E-01  1.742925665E-01  1.852800580E-01  2.038054065E-01  2.561152218E-01
  2.606072762E-01  2.724217852E-01  2.921613701E-01  2.981068928E-01  3.145133370E-01
  3.150065282E-01  3.145133370E-01  2.981068928E-01  2.921613701E-01  2.724217852E-01
  2.606072762E-01  2.561152218E-01  2.038054065E-01  1.852800580E-01  1.742925665E-01
  1.481420963E-01  1.225540813E-01  9.467641746E-02  8.482695118E-02  7.023279881E-02
  1.193078792E-01  1.236439502E-01  1.333226025E-01  1.435684308E-01  1.595813489E-01
  1.648616769E-01  1.810428778E-01  2.038054065E-01  2.271924658E-01  2.649223392E-01
  2.787505244E-01  3.064729573E-01  3.161087011E-01  3.113171682E-01  3.254171651E-01
  3.249553925E-01  3.254171651E-01  3.113171682E-01  3.161087011E-01  3.064729573E-01
  2.787505244E-01  2.649223392E-01  2.271924658E-01  2.038054065E-01  1.810428778E-01
  1.648616769E-01  1.595813489E-01  1.435684308E-01  1.333226025E-01  1.236439502E-01
  1.533681321E-01  1.503610942E-01  1.554316034E-01  1.657984364E-01  1.754736477E-01
  1.907191701E-01  2.229419318E-01  2.561152218E-01  2.649223392E-01  2.734635342E-01
  2.871320430E-01  3.046567504E-01  3.228909117E-01  3.392167017E-01  3.405169032E-01
  3.313250748E-01  3.405169032E-01  3.392167017E-01  3.228909117E-01  3.046567504E-01
  2.871320430E-01  2.734635342E-01  2.649223392E-01  2.561152218E-01  2.229419318E-01
  1.907191701E-01  1.754736477E-01  1.657984364E-01  1.554316034E-01  1.503610942E-01
  1.741928094E-01  1.725675444E-01  1.781271723E-01  1.851356607E-01  1.971071034E-01
  2.289906970E-01  2.460790513E-01  2.606072762E-01  2.787505244E-01  2.871320430E-01
  3.148735208E-01  3.275850414E-01  3.314708233E-01  3.449154455E-01  3.524069885E-01
  3.579557612E-01  3.524069885E-01  3.449154455E-01  3.314708233E-01  3.275850414E-01
  3.148735208E-01  2.871320430E-01  2.787505244E-01  2.606072762E-01  2.460790513E-01
  2.289906970E-01  1.971071034E-01  1.851356607E-01  1.781271723E-01  1.725675444E-01
  2.020891042E-01  2.075106313E-01  2.179983424E-01  2.327295982E-01  2.435861834E-01
  2.573627094E-01  2.568793301E-01  2.724217852E-01  3.064729573E-01  3.046567504E-01
  3.275850414E-01  3.466913591E-01  3.441541641E-01  3.487643578E-01  3.560827793E-01
  3.673323175E-01  3.560827793E-01  3.487643578E-01  3.441541641E-01  3.466913591E-01
  3.275850414E-01  3.046567504E-01  3.064729573E-01  2.724217852E-01  2.568793301E-01
  2.573627094E-01  2.435861834E-01  2.327295982E-01  2.179983424E-01  2.075106313E-01
  2.285014982E-01  2.339142199E-01  2.337780046E-01  2.452329418E-01  2.523172909E-01
  2.572231588E-01  2.758784910E-01  2.921613701E-01  3.161087011E-01  3.228909117E-01
  3.314708233E-01  3.441541641E-01  3.620388501E-01  3.724715474E-01  3.658757247E-01
  3.673406419E-01  3.658757247E-01  3.724715474E-01  3.620388501E-01  3.441541641E-01
  3.314708233E-01  3.228909117E-01  3.161087011E-01  2.921613701E-01  2.758784910E-01
  2.572231588E-01  2.523172909E-01  2.452329418E-01  2.337780046E-01  2.339142199E-01
  2.396411101E-01  2.416579164E-01  2.402288768E-01  2.513162671E-01  2.623907519E-01
  2.706842391E-01  2.922126738E-01  2.981068928E-01  3.113171682E-01  3.392167017E-01
  3.449154455E-01  3.487643578E-01  3.724715474E-01  3.767763589E-01  3.730432310E-01
  3.797550316E-01  3.730432310E-01  3.767763589E-01  3.724715474E-01  3.487643578E-01
  3.449154455E-01  3.392167017E-01  3.113171682E-01  2.981068928E-01  2.922126738E-01
  2.706842391E-01  2.623907519E-01  2.513162671E-01  2.402288768E-01  2.416579164E-01
  2.509950975E-01  2.485834296E-01  2.563611215E-01  2.648560881E-01  2.773340116E-01
  2.922991636E-01  2.993258341E-01  3.145133370E-01  3.254171651E-01  3.405169032E-01
  3.524069885E-01  3.560827793E-01  3.658757247E-01  3.730432310E-01  3.796713076E-01
  3.839895406E-01  3.796713076E-01  3.730432310E-01  3.658757247E-01  3.560827793E-01
  3.524069885E-01  3.405169032E-01  3.254171651E-01  3.145133370E-01  2.993258341E-01
  2.922991636E-01  2.773340116E-01  2.648560881E-01  2.563611215E-01  2.485834296E-01
  2.662683990E-01  2.593661081E-01  2.661058149E-01  2.640816423E-01  2.720373164E-01
  2.921350960E-01  2.919646031E-01  3.150065282E-01  3.249553925E-01  3.313250748E-01
  3.579557612E-01  3.673323175E-01  3.673406419E-01  3.797550316E-01  3.839895406E-01
  3.769629434E-01  3.839895406E-01  3.797550316E-01  3.673406419E-01  3.673323175E-01
  3.579557612E-01  3.313250748E-01  3.249553925E-01  3.150065282E-01  2.919646031E-01
  2.921350960E-01  2.720373164E-01  2.640816423E-01  2.661058149E-01  2.593661081E-01
  2.509950975E-01  2.485834296E-01  2.563611215E-01  2.648560881E-01  2.773340116E-01
  2.922991636E-01  2.993258341E-01  3.145133370E-01  3.254171651E-01  3.405169032E-01
  3.524069885E-01  3.560827793E-01  3.658757247E-01  3.730432310E-01  3.796713076E-01
  3.839895406E-01  3.796713076E-01  3.730432310E-01  3.658757247E-01  3.560827793E-01
  3.524069885E-01  3.405169032E-01  3.254171651E-01  3.145133370E-01  2.993258341E-01
  2.922991636E-01  2.773340116E-01  2.648560881E-01  2.563611215E-01  2.485834296E-01
  2.396411101E-01  2.416579164E-01  2.402288768E-01  2.513162671E-01  2.623907519E-01
  2.706842391E-01  2.922126738E-01  2.981068928E-01  3.113171682E-01  3.392167017E-01
  3.449154455E-01  3.487643578E-01  3.724715474E-01  3.767763589E-01  3.730432310E-01
  3.797550316E-01  3.730432310E-01  3.767763589E-01  3.724715474E-01  3.487643578E-01
  3.449154455E-01  3.392167017E-01  3.113171682E-01  2.981068928E-01  2.922126738E-01
  2.706842391E-01  2.623907519E-01  2.513162671E-01  2.402288768E-01  2.416579164E-01
  2.285014982E-01  2.339142199E-01  2.337780046E-01  2.452329418E-01  2.523172909E-01
  2.572231588E-01  2.758784910E-01  2.921613701E-01  3.161087011E-01  3.228909117E-01
  3.314708233E-01  3.441541641E-01  3.620388501E-01  3.724715474E-01  3.658757247E-01
  3.673406419E-01  3.658757247E-01  3.724715474E-01  3.620388501E-01  3.441541641E-01
  3.314708233E-01  3.228909117E-01  3.161087011E-01  2.921613701E-01  2.758784910E-01
  2.572231588E-01  2.523172909E-01  2.452329418E-01  2.337780046E-01  2.339142199E-01
  2.020891042E-01  2.075106313E-01  2.179983424E-01  2.327295982E-01  2.435861834E-01
  2.573627094E-01  2.568793301E-01  2.724217852E-01  3.064729573E-01  3.046567504E-01
  3.275850414E-01  3.466913591E-01  3.441541641E-01  3.487643578E-01  3.560827793E-01
  3.673323175E-01  3.560827793E-01  3.487643578E-01  3.441541641E-01  3.466913591E-01
  3.275850414E-01  3.046567504E-01  3.064729573E-01  2.724217852E-01  2.568793301E-01
  2.573627094E-01  2.435861834E-01  2.327295982E-01  2.179983424E-01  2.075106313E-01
  1.741928094E-01  1.725675444E-01  1.781271723E-01  1.851356607E-01  1.971071034E-01
  2.289906970E-01  2.460790513E-01  2.606072762E-01  2.787505244E-01  2.871320430E-01
  3.148735208E-01  3.275850414E-01  3.314708233E-01  3.449154455E-01  3.524069885E-01
  3.579557612E-01  3.524069885E-01  3.449154455E-01  3.314708233E-01  3.275850414E-01
  3.148735208E-01  2.871320430E-01  2.787505244E-01  2.606072762E-01  2.460790513E-01
  2.289906970E-01  1.971071034E-01  1.851356607E-01  1.781271723E-01  1.725675444E-01
  1.533681321E-01  1.503610942E-01  1.554316034E-01  1.657984364E-01  1.754736477E-01
  1.907191701E-01  2.229419318E-01  2.561152218E-01  2.649223392E-01  2.734635342E-01
  2.871320430E-01  3.046567504E-01  3.228909117E-01  3.392167017E-01  3.405169032E-01
  3.313250748E-01  3.405169032E-01  3.392167017E-01  3.228909117E-01  3.046567504E-01
  2.871320430E-01  2.734635342E-01  2.649223392E-01  2.561152218E-01  2.229419318E-01
  1.907191701E-01  1.754736477E-01  1.657984364E-01  1.554316034E-01  1.503610942E-01
  1.193078792E-01  1.236439502E-01  1.333226025E-01  1.435684308E-01  1.595813489E-01
  1.648616769E-01  1.810428778E-01  2.038054065E-01  2.271924658E-01  2.649223392E-01
  2.787505244E-01  3.064729573E-01  3.161087011E-01  3.113171682E-01  3.254171651E-01
  3.249553925E-01  3.254171651E-01  3.113171682E-01  3.161087011E-01  3.064729573E-01
  2.787505244E-01  2.649223392E-01  2.271924658E-01  2.038054065E-01  1.810428778E-01
  1.648616769E-01  1.595813489E-01  1.435684308E-01  1.333226025E-01  1.236439502E-01
  5.943509145E-02  7.023279881E-02  8.482695118E-02  9.467641746E-02  1.225540813E-01
  1.481420963E-01  1.742925665E-01  1.852800580E-01  2.038054065E-01  2.561152218E-01
  2.606072762E-01  2.724217852E-01  2.921613701E-01  2.981068928E-01  3.145133370E-01
  3.150065282E-01  3.145133370E-01  2.981068928E-01  2.921613701E-01  2.724217852E-01
  2.606072762E-01  2.561152218E-01  2.038054065E-01  1.852800580E-01  1.742925665E-01
  1.481420963E-01  1.225540813E-01  9.467641746E-02  8.482695118E-02  7.023279881E-02
  2.822813665E-02  3.562925134E-02  4.564897138E-02  6.024104024E-02  9.060055926E-02
  1.119119209E-01  1.474011630E-01  1.742925665E-01  1.810428778E-01  2.229419318E-01
  2.460790513E-01  2.568793301E-01  2.758784910E-01  2.922126738E-01  2.993258341E-01
  2.919646031E-01  2.993258341E-01  2.922126738E-01  2.758784910E-01  2.568793301E-01
  2.460790513E-01  2.229419318E-01  1.810428778E-01  1.742925665E-01  1.474011630E-01
  1.119119209E-01  9.060055926E-02  6.024104024E-02  4.564897138E-02  3.562925134E-02
 -2.528256958E-04  6.664503408E-03  1.406110060E-02  2.303861752E-02  4.644418521E-02
  7.298660637E-02  1.119119209E-01  1.481420963E-01  1.648616769E-01  1.907191701E-01
  2.289906970E-01  2.573627094E-01  2.572231588E-01  2.706842391E-01  2.922991636E-01
  2.921350960E-01  2.922991636E-01  2.706842391E-01  2.572231588E-01  2.573627094E-01
  2.289906970E-01  1.907191701E-01  1.648616769E-01  1.481420963E-01  1.119119209E-01
  7.298660637E-02  4.644418521E-02  2.303861752E-02  1.406110060E-02  6.664503408E-03
 -3.896511448E-02 -3.135958637E-02 -1.524207203E-02  1.155006667E-03  1.404724323E-02
  4.644418521E-02  9.060055926E-02  1.225540813E-01  1.595813489E-01  1.754736477E-01
  1.971071034E-01  2.435861834E-01  2.523172909E-01  2.623907519E-01  2.773340116E-01
  2.720373164E-01  2.773340116E-01  2.623907519E-01  2.523172909E-01  2.435861834E-01
  1.971071034E-01  1.754736477E-01  1.595813489E-01  1.225540813E-01  9.060055926E-02
  4.644418521E-02  1.404724323E-02  1.155006667E-03 -1.524207203E-02 -3.135958637E-02
 -7.214107466E-02 -6.576146435E-02 -5.050746850E-02 -2.022753095E-02  1.155006667E-03
  2.303861752E-02  6.024104024E-02  9.467641746E-02  1.435684308E-01  1.657984364E-01
  1.851356607E-01  2.327295982E-01  2.452329418E-01  2.513162671E-01  2.648560881E-01
  2.640816423E-01  2.648560881E-01  2.513162671E-01  2.452329418E-01  2.327295982E-01
  1.851356607E-01  1.657984364E-01  1.435684308E-01  9.467641746E-02  6.024104024E-02
  2.303861752E-02  1.155006667E-03 -2.022753095E-02 -5.050746850E-02 -6.576146435E-02
 -1.159482390E-01 -9.797599791E-02 -7.690536531E-02 -5.050746850E-02 -1.524207203E-02
  1.406110060E-02  4.564897138E-02  8.482695118E-02  1.333226025E-01  1.554316034E-01
  1.781271723E-01  2.179983424E-01  2.337780046E-01  2.402288768E-01  2.563611215E-01
  2.661058149E-01  2.563611215E-01  2.402288768E-01  2.337780046E-01  2.179983424E-01
  1.781271723E-01  1.554316034E-01  1.333226025E-01  8.482695118E-02  4.564897138E-02
  1.406110060E-02 -1.524207203E-02 -5.050746850E-02 -7.690536531E-02 -9.797599791E-02
 -1.235701585E-01 -1.171308019E-01 -9.797599791E-02 -6.576146435E-02 -3.135958637E-02
  6.664503408E-03  3.562925134E-02  7.023279881E-02  1.236439502E-01  1.503610942E-01
  1.725675444E-01  2.075106313E-01  2.339142199E-01  2.416579164E-01  2.485834296E-01
  2.593661081E-01  2.485834296E-01  2.416579164E-01  2.339142199E-01  2.075106313E-01
  1.725675444E-01  1.503610942E-01  1.236439502E-01  7.023279881E-02  3.562925134E-02
  6.664503408E-03 -3.135958637E-02 -6.576146435E-02 -9.797599791E-02 -1.171308019E-01
 -2.101066226E-01 -2.019836157E-01 -1.839173239E-01 -1.597226380E-01 -1.252283308E-01
 -7.541435619E-02 -1.945620360E-02  2.089367268E-02  5.521548707E-02  1.119466792E-01
  1.558797735E-01  1.741928094E-01  2.075300486E-01  2.196361628E-01  2.266041177E-01
  2.440510861E-01  2.266041177E-01  2.196361628E-01  2.075300486E-01  1.741928094E-01
  1.558797735E-01  1.119466792E-01  5.521548707E-02  2.089367268E-02 -1.945620360E-02
 -7.541435619E-02 -1.252283308E-01 -1.597226380E-01 -1.839173239E-01 -2.019836157E-01
 -2.019836157E-01 -1.912048104E-01 -1.763661933E-01 -1.548645303E-01 -1.187817513E-01
 -6.929098155E-02 -8.431302342E-03  3.394237540E-02  6.177426627E-02  1.114046064E-01
  1.539636375E-01  1.725675444E-01  2.110394718E-01  2.257918180E-01  2.256104659E-01
  2.389415294E-01  2.256104659E-01  2.257918180E-01  2.110394718E-01  1.725675444E-01
  1.539636375E-01  1.114046064E-01  6.177426627E-02  3.394237540E-02 -8.431302342E-03
 -6.929098155E-02 -1.187817513E-01 -1.548645303E-01 -1.763661933E-01 -1.912048104E-01
 -1.839173239E-01 -1.763661933E-01 -1.697478595E-01 -1.450591976E-01 -1.061641257E-01
 -5.908369368E-02 -4.930488508E-05  3.508091821E-02  6.551834208E-02  1.227416192E-01
  1.687208240E-01  1.781271723E-01  2.110317216E-01  2.300139557E-01  2.349662910E-01
  2.537252913E-01  2.349662910E-01  2.300139557E-01  2.110317216E-01  1.781271723E-01
  1.687208240E-01  1.227416192E-01  6.551834208E-02  3.508091821E-02 -4.930488508E-05
 -5.908369368E-02 -1.061641257E-01 -1.450591976E-01 -1.697478595E-01 -1.763661933E-01
 -1.597226380E-01 -1.548645303E-01 -1.450591976E-01 -1.115740382E-01 -7.218720614E-02
 -2.362385523E-02  1.996998803E-02  4.034603481E-02  8.700572044E-02  1.441151466E-01
  1.774664037E-01  1.851356607E-01  2.200703016E-01  2.368148214E-01  2.392726307E-01
  2.606561642E-01  2.392726307E-01  2.368148214E-01  2.200703016E-01  1.851356607E-01
  1.774664037E-01  1.441151466E-01  8.700572044E-02  4.034603481E-02  1.996998803E-02
 -2.362385523E-02 -7.218720614E-02 -1.115740382E-01 -1.450591976E-01 -1.548645303E-01
 -1.252283308E-01 -1.187817513E-01 -1.061641257E-01 -7.218720614E-02 -3.179220405E-02
  1.147024464E-02  3.854461391E-02  6.431939405E-02  1.260390166E-01  1.615557504E-01
  1.773356861E-01  1.971071034E-01  2.358399153E-01  2.480659533E-01  2.472062832E-01
  2.656910631E-01  2.472062832E-01  2.480659533E-01  2.358399153E-01  1.971071034E-01
  1.773356861E-01  1.615557504E-01  1.260390166E-01  6.431939405E-02  3.854461391E-02
  1.147024464E-02 -3.179220405E-02 -7.218720614E-02 -1.061641257E-01 -1.187817513E-01
 -7.541435619E-02 -6.929098155E-02 -5.908369368E-02 -2.362385523E-02  1.147024464E-02
  2.926705734E-02  5.063952870E-02  8.773997072E-02  1.439412390E-01  1.744018779E-01
  2.019200024E-01  2.289906970E-01  2.447821422E-01  2.556353045E-01  2.663118816E-01
  2.783081923E-01  2.663118816E-01  2.556353045E-01  2.447821422E-01  2.289906970E-01
  2.019200024E-01  1.744018779E-01  1.439412390E-01  8.773997072E-02  5.063952870E-02
  2.926705734E-02  1.147024464E-02 -2.362385523E-02 -5.908369368E-02 -6.929098155E-02
 -1.945620360E-02 -8.431302342E-03 -4.930488508E-05  1.996998803E-02  3.854461391E-02
  5.063952870E-02  9.309101067E-02  1.330250452E-01  1.675438927E-01  1.898061646E-01
  2.139832716E-01  2.460790513E-01  2.584947240E-01  2.818860800E-01  2.858468935E-01
  2.695048884E-01  2.858468935E-01  2.818860800E-01  2.584947240E-01  2.460790513E-01
  2.139832716E-01  1.898061646E-01  1.675438927E-01  1.330250452E-01  9.309101067E-02
  5.063952870E-02  3.854461391E-02  1.996998803E-02 -4.930488508E-05 -8.431302342E-03
  2.089367268E-02  3.394237540E-02  3.508091821E-02  4.034603481E-02  6.431939405E-02
  8.773997072E-02  1.330250452E-01  1.666353973E-01  1.924059067E-01  2.129382312E-01
  2.300927164E-01  2.606072762E-01  2.691100066E-01  2.989945104E-01  3.092732735E-01
  2.851006019E-01  3.092732735E-01  2.989945104E-01  2.691100066E-01  2.606072762E-01
  2.300927164E-01  2.129382312E-01  1.924059067E-01  1.666353973E-01  1.330250452E-01
  8.773997072E-02  6.431939405E-02  4.034603481E-02  3.508091821E-02  3.394237540E-02
  5.521548707E-02  6.177426627E-02  6.551834208E-02  8.700572044E-02  1.260390166E-01
  1.439412390E-01  1.675438927E-01  1.924059067E-01  2.124101028E-01  2.395006072E-01
  2.603616002E-01  2.787505244E-01  2.841672821E-01  3.020305499E-01  3.164669796E-01
  3.094122917E-01  3.164669796E-01  3.020305499E-01  2.841672821E-01  2.787505244E-01
  2.603616002E-01  2.395006072E-01  2.124101028E-01  1.924059067E-01  1.675438927E-01
  1.439412390E-01  1.260390166E-01  8.700572044E-02  6.551834208E-02  6.177426627E-02
  1.119466792E-01  1.114046064E-01  1.227416192E-01  1.441151466E-01  1.615557504E-01
  1.744018779E-01  1.898061646E-01  2.129382312E-01  2.395006072E-01  2.677753486E-01
  2.780566468E-01  2.871320430E-01  3.146766175E-01  3.190537553E-01  3.188688177E-01
  3.287171079E-01  3.188688177E-01  3.190537553E-01  3.146766175E-01  2.871320430E-01
  2.780566468E-01  2.677753486E-01  2.395006072E-01  2.129382312E-01  1.898061646E-01
  1.744018779E-01  1.615557504E-01  1.441151466E-01  1.227416192E-01  1.114046064E-01
  1.558797735E-01  1.539636375E-01  1.687208240E-01  1.774664037E-01  1.773356861E-01
  2.019200024E-01  2.139832716E-01  2.300927164E-01  2.603616002E-01  2.780566468E-01
  2.960389262E-01  3.148735208E-01  3.349088111E-01  3.266229825E-01  3.300466107E-01
  3.526794131E-01  3.300466107E-01  3.266229825E-01  3.349088111E-01  3.148735208E-01
  2.960389262E-01  2.780566468E-01  2.603616002E-01  2.300927164E-01  2.139832716E-01
  2.019200024E-01  1.773356861E-01  1.774664037E-01  1.687208240E-01  1.539636375E-01
  1.741928094E-01  1.725675444E-01  1.781271723E-01  1.851356607E-01  1.971071034E-01
  2.289906970E-01  2.460790513E-01  2.606072762E-01  2.787505244E-01  2.871320430E-01
  3.148735208E-01  3.275850414E-01  3.314708233E-01  3.449154455E-01  3.524069885E-01
  3.579557612E-01  3.524069885E-01  3.449154455E-01  3.314708233E-01  3.275850414E-01
  3.148735208E-01  2.871320430E-01  2.787505244E-01  2.606072762E-01  2.460790513E-01
  2.289906970E-01  1.971071034E-01  1.851356607E-01  1.781271723E-01  1.725675444E-01
  2.075300486E-01  2.110394718E-01  2.110317216E-01  2.200703016E-01  2.358399153E-01
  2.447821422E-01  2.584947240E-01  2.691100066E-01  2.841672821E-01  3.146766175E-01
  3.349088111E-01  3.314708233E-01  3.422425983E-01  3.634328836E-01  3.601480058E-01
  3.520316714E-01  3.601480058E-01  3.634328836E-01  3.422425983E-01  3.314708233E-01
  3.349088111E-01  3.146766175E-01  2.841672821E-01  2.691100066E-01  2.584947240E-01
  2.447821422E-01  2.358399153E-01  2.200703016E-01  2.110317216E-01  2.110394718E-01
  2.196361628E-01  2.257918180E-01  2.300139557E-01  2.368148214E-01  2.480659533E-01
  2.556353045E-01  2.818860800E-01  2.989945104E-01  3.020305499E-01  3.190537553E-01
  3.266229825E-01  3.449154455E-01  3.634328836E-01  3.535627654E-01  3.612900197E-01
  3.767841714E-01  3.612900197E-01  3.535627654E-01  3.634328836E-01  3.449154455E-01
  3.266229825E-01  3.190537553E-01  3.020305499E-01  2.989945104E-01  2.818860800E-01
  2.556353045E-01  2.480659533E-01  2.368148214E-01  2.300139557E-01  2.257918180E-01
  2.266041177E-01  2.256104659E-01  2.349662910E-01  2.392726307E-01  2.472062832E-01
  2.663118816E-01  2.858468935E-01  3.092732735E-01  3.164669796E-01  3.188688177E-01
  3.300466107E-01  3.524069885E-01  3.601480058E-01  3.612900197E-01  3.735680908E-01
  3.770342715E-01  3.735680908E-01  3.612900197E-01  3.601480058E-01  3.524069885E-01
  3.300466107E-01  3.188688177E-01  3.164669796E-01  3.092732735E-01  2.858468935E-01
  2.663118816E-01  2.472062832E-01  2.392726307E-01  2.349662910E-01  2.256104659E-01
  2.440510861E-01  2.389415294E-01  2.537252913E-01  2.606561642E-01  2.656910631E-01
  2.783081923E-01  2.695048884E-01  2.851006019E-01  3.094122917E-01  3.287171079E-01
  3.526794131E-01  3.579557612E-01  3.520316714E-01  3.767841714E-01  3.770342715E-01
  3.512818104E-01  3.770342715E-01  3.767841714E-01  3.520316714E-01  3.579557612E-01
  3.526794131E-01  3.287171079E-01  3.094122917E-01  2.851006019E-01  2.695048884E-01
  2.783081923E-01  2.656910631E-01  2.606561642E-01  2.537252913E-01  2.389415294E-01
  2.266041177E-01  2.256104659E-01  2.349662910E-01  2.392726307E-01  2.472062832E-01
  2.663118816E-01  2.858468935E-01  3.092732735E-01  3.164669796E-01  3.188688177E-01
  3.300466107E-01  3.524069885E-01  3.601480058E-01  3.612900197E-01  3.735680908E-01
  3.770342715E-01  3.735680908E-01  3.612900197E-01  3.601480058E-01  3.524069885E-01
  3.300466107E-01  3.188688177E-01  3.164669796E-01  3.092732735E-01  2.858468935E-01
  2.663118816E-01  2.472062832E-01  2.392726307E-01  2.349662910E-01  2.256104659E-01
  2.196361628E-01  2.257918180E-01  2.300139557E-01  2.368148214E-01  2.480659533E-01
  2.556353045E-01  2.818860800E-01  2.989945104E-01  3.020305499E-01  3.190537553E-01
  3.266229825E-01  3.449154455E-01  3.634328836E-01  3.535627654E-01  3.612900197E-01
  3.767841714E-01  3.612900197E-01  3.535627654E-01  3.634328836E-01  3.449154455E-01
  3.266229825E-01  3.190537553E-01  3.020305499E-01  2.989945104E-01  2.818860800E-01
  2.556353045E-01  2.480659533E-01  2.368148214E-01  2.300139557E-01  2.257918180E-01
  2.075300486E-01  2.110394718E-01  2.110317216E-01  2.200703016E-01  2.358399153E-01
  2.447821422E-01  2.584947240E-01  2.691100066E-01  2.841672821E-01  3.146766175E-01
  3.349088111E-01  3.314708233E-01  3.422425983E-01  3.634328836E-01  3.601480058E-01
  3.520316714E-01  3.601480058E-01  3.634328836E-01  3.422425983E-01  3.314708233E-01
  3.349088111E-01  3.146766175E-01  2.841672821E-01  2.691100066E-01  2.584947240E-01
  2.447821422E-01  2.358399153E-01  2.200703016E-01  2.110317216E-01  2.110394718E-01
  1.741928094E-01  1.725675444E-01  1.781271723E-01  1.851356607E-01  1.971071034E-01
  2.289906970E-01  2.460790513E-01  2.606072762E-01  2.787505244E-01  2.871320430E-01
  3.148735208E-01  3.275850414E-01  3.314708233E-01  3.449154455E-01  3.524069885E-01
  3.579557612E-01  3.524069885E-01  3.449154455E-01  3.314708233E-01  3.275850414E-01
  3.148735208E-01  2.871320430E-01  2.787505244E-01  2.606072762E-01  2.460790513E-01
  2.289906970E-01  1.971071034E-01  1.851356607E-01  1.781271723E-01  1.725675444E-01
  1.558797735E-01  1.539636375E-01  1.687208240E-01  1.774664037E-01  1.773356861E-01
  2.019200024E-01  2.139832716E-01  2.300927164E-01  2.603616002E-01  2.780566468E-01
  2.960389262E-01  3.148735208E-01  3.349088111E-01  3.266229825E-01  3.300466107E-01
  3.526794131E-01  3.300466107E-01  3.266229825E-01  3.349088111E-01  3.148735208E-01
  2.960389262E-01  2.780566468E-01  2.603616002E-01  2.300927164E-01  2.139832716E-01
  2.019200024E-01  1.773356861E-01  1.774664037E-01  1.687208240E-01  1.539636375E-01
  1.119466792E-01  1.114046064E-01  1.227416192E-01  1.441151466E-01  1.615557504E-01
  1.744018779E-01  1.898061646E-01  2.129382312E-01  2.395006072E-01  2.677753486E-01
  2.780566468E-01  2.871320430E-01  3.146766175E-01  3.190537553E-01  3.188688177E-01
  3.287171079E-01  3.188688177E-01  3.190537553E-01  3.146766175E-01  2.871320430E-01
  2.780566468E-01  2.677753486E-01  2.395006072E-01  2.129382312E-01  1.898061646E-01
  1.744018779E-01  1.615557504E-01  1.441151466E-01  1.227416192E-01  1.114046064E-01
  5.521548707E-02  6.177426627E-02  6.551834208E-02  8.700572044E-02  1.260390166E-01
  1.439412390E-01  1.675438927E-01  1.924059067E-01  2.124101028E-01  2.395006072E-01
  2.603616002E-01  2.787505244E-01  2.841672821E-01  3.020305499E-01  3.164669796E-01
  3.094122917E-01  3.164669796E-01  3.020305499E-01  2.841672821E-01  2.787505244E-01
  2.603616002E-01  2.395006072E-01  2.124101028E-01  1.924059067E-01  1.675438927E-01
  1.439412390E-01  1.260390166E-01  8.700572044E-02  6.551834208E-02  6.177426627E-02
  2.089367268E-02  3.394237540E-02  3.508091821E-02  4.034603481E-02  6.431939405E-02
  8.773997072E-02  1.330250452E-01  1.666353973E-01  1.924059067E-01  2.129382312E-01
  2.300927164E-01  2.606072762E-01  2.691100066E-01  2.989945104E-01  3.092732735E-01
  2.851006019E-01  3.092732735E-01  2.989945104E-01  2.691100066E-01  2.606072762E-01
  2.300927164E-01  2.129382312E-01  1.924059067E-01  1.666353973E-01  1.330250452E-01
  8.773997072E-02  6.431939405E-02  4.034603481E-02  3.508091821E-02  3.394237540E-02
 -1.945620360E-02 -8.431302342E-03 -4.930488508E-05  1.996998803E-02  3.854461391E-02
  5.063952870E-02  9.309101067E-02  1.330250452E-01  1.675438927E-01  1.898061646E-01
  2.139832716E-01  2.460790513E-01  2.584947240E-01  2.818860800E-01  2.858468935E-01
  2.695048884E-01  2.858468935E-01  2.818860800E-01  2.584947240E-01  2.460790513E-01
  2.139832716E-01  1.898061646E-01  1.675438927E-01  1.330250452E-01  9.309101067E-02
  5.063952870E-02  3.854461391E-02  1.996998803E-02 -4.930488508E-05 -8.431302342E-03
 -7.541435619E-02 -6.929098155E-02 -5.908369368E-02 -2.362385523E-02  1.147024464E-02
  2.926705734E-02  5.063952870E-02  8.773997072E-02  1.439412390E-01  1.744018779E-01
  2.019200024E-01  2.289906970E-01  2.447821422E-01  2.556353045E-01  2.663118816E-01
  2.783081923E-01  2.663118816E-01  2.556353045E-01  2.447821422E-01  2.289906970E-01
  2.019200024E-01  1.744018779E-01  1.439412390E-01  8.773997072E-02  5.063952870E-02
  2.926705734E-02  1.147024464E-02 -2.362385523E-02 -5.908369368E-02 -6.929098155E-02
 -1.252283308E-01 -1.187817513E-01 -1.061641257E-01 -7.218720614E-02 -3.179220405E-02
  1.147024464E-02  3.854461391E-02  6.431939405E-02  1.260390166E-01  1.615557504E-01
  1.773356861E-01  1.971071034E-01  2.358399153E-01  2.480659533E-01  2.472062832E-01
  2.656910631E-01  2.472062832E-01  2.480659533E-01  2.358399153E-01  1.971071034E-01
  1.773356861E-01  1.615557504E-01  1.260390166E-01  6.431939405E-02  3.854461391E-02
  1.147024464E-02 -3.179220405E-02 -7.218720614E-02 -1.061641257E-01 -1.187817513E-01
 -1.597226380E-01 -1.548645303E-01 -1.450591976E-01 -1.115740382E-01 -7.218720614E-02
 -2.362385523E-02  1.996998803E-02  4.034603481E-02  8.700572044E-02  1.441151466E-01
  1.774664037E-01  1.851356607E-01  2.200703016E-01  2.368148214E-01  2.392726307E-01
  2.606561642E-01  2.392726307E-01  2.368148214E-01  2.200703016E-01  1.851356607E-01
  1.774664037E-01  1.441151466E-01  8.700572044E-02  4.034603481E-02  1.996998803E-02
 -2.362385523E-02 -7.218720614E-02 -1.115740382E-01 -1.450591976E-01 -1.548645303E-01
 -1.839173239E-01 -1.763661933E-01 -1.697478595E-01 -1.450591976E-01 -1.061641257E-01
 -5.908369368E-02 -4.930488508E-05  3.508091821E-02  6.551834208E-02  1.227416192E-01
  1.687208240E-01  1.781271723E-01  2.110317216E-01  2.300139557E-01  2.349662910E-01
  2.537252913E-01  2.349662910E-01  2.300139557E-01  2.110317216E-01  1.781271723E-01
  1.687208240E-01  1.227416192E-01  6.551834208E-02  3.508091821E-02 -4.930488508E-05
 -5.908369368E-02 -1.061641257E-01 -1.450591976E-01 -1.697478595E-01 -1.763661933E-01
 -2.019836157E-01 -1.912048104E-01 -1.763661933E-01 -1.548645303E-01 -1.187817513E-01
 -6.929098155E-02 -8.431302342E-03  3.394237540E-02  6.177426627E-02  1.114046064E-01
  1.539636375E-01  1.725675444E-01  2.110394718E-01  2.257918180E-01  2.256104659E-01
  2.389415294E-01  2.256104659E-01  2.257918180E-01  2.110394718E-01  1.725675444E-01
  1.539636375E-01  1.114046064E-01  6.177426627E-02  3.394237540E-02 -8.431302342E-03
 -6.929098155E-02 -1.187817513E-01 -1.548645303E-01 -1.763661933E-01 -1.912048104E-01
 -3.715834477E-01 -3.537411297E-01 -3.129254663E-01 -2.724903874E-01 -2.159864961E-01
 -1.669976407E-01 -1.152199496E-01 -3.480008854E-02  1.952788770E-02  6.132833955E-02
  1.119466792E-01  1.533681321E-01  1.664180483E-01  1.940841058E-01  2.172358790E-01
  2.089070544E-01  2.172358790E-01  1.940841058E-01  1.664180483E-01  1.533681321E-01
  1.119466792E-01  6.132833955E-02  1.952788770E-02 -3.480008854E-02 -1.152199496E-01
 -1.669976407E-01 -2.159864961E-01 -2.724903874E-01 -3.129254663E-01 -3.537411297E-01
 -3.537411297E-01 -3.408929503E-01 -3.053637372E-01 -2.591836628E-01 -2.033657825E-01
 -1.607669337E-01 -1.104844354E-01 -2.904302551E-02  2.848456521E-02  6.633269226E-02
  1.114046064E-01  1.503610942E-01  1.714644083E-01  2.009468979E-01  2.153684151E-01
  2.057667260E-01  2.153684151E-01  2.009468979E-01  1.714644083E-01  1.503610942E-01
  1.114046064E-01  6.633269226E-02  2.848456521E-02 -2.904302551E-02 -1.104844354E-01
 -1.607669337E-01 -2.033657825E-01 -2.591836628E-01 -3.053637372E-01 -3.408929503E-01
 -3.129254663E-01 -3.053637372E-01 -2.790875767E-01 -2.330300147E-01 -1.860057039E-01
 -1.482406506E-01 -9.360153716E-02 -1.516430081E-02  3.721873021E-02  7.125297902E-02
  1.227416192E-01  1.554316034E-01  1.819277106E-01  2.110673553E-01  2.156071732E-01
  2.127688957E-01  2.156071732E-01  2.110673553E-01  1.819277106E-01  1.554316034E-01
  1.227416192E-01  7.125297902E-02  3.721873021E-02 -1.516430081E-02 -9.360153716E-02
 -1.482406506E-01 -1.860057039E-01 -2.330300147E-01 -2.790875767E-01 -3.053637372E-01
 -2.724903874E-01 -2.591836628E-01 -2.330300147E-01 -2.000897220E-01 -1.669011458E-01
 -1.215917096E-01 -5.669888447E-02  1.312094716E-02  4.719367282E-02  7.710425888E-02
  1.441151466E-01  1.657984364E-01  1.915449414E-01  2.188989517E-01  2.196258257E-01
  2.310936962E-01  2.196258257E-01  2.188989517E-01  1.915449414E-01  1.657984364E-01
  1.441151466E-01  7.710425888E-02  4.719367282E-02  1.312094716E-02 -5.669888447E-02
 -1.215917096E-01 -1.669011458E-01 -2.000897220E-01 -2.330300147E-01 -2.591836628E-01
 -2.159864961E-01 -2.033657825E-01 -1.860057039E-01 -1.669011458E-01 -1.391990620E-01
 -8.586384541E-02 -2.262519252E-02  3.417992554E-02  6.520697838E-02  9.739865185E-02
  1.615557504E-01  1.754736477E-01  2.108741113E-01  2.366677564E-01  2.286186534E-01
  2.456861584E-01  2.286186534E-01  2.366677564E-01  2.108741113E-01  1.754736477E-01
  1.615557504E-01  9.739865185E-02  6.520697838E-02  3.417992554E-02 -2.262519252E-02
 -8.586384541E-02 -1.391990620E-01 -1.669011458E-01 -1.860057039E-01 -2.033657825E-01
 -1.669976407E-01 -1.607669337E-01 -1.482406506E-01 -1.215917096E-01 -8.586384541E-02
 -2.563588864E-02  2.641372736E-02  5.720324481E-02  9.521469303E-02  1.309608420E-01
  1.744018779E-01  1.907191701E-01  2.253891854E-01  2.433776541E-01  2.415693531E-01
  2.622382830E-01  2.415693531E-01  2.433776541E-01  2.253891854E-01  1.907191701E-01
  1.744018779E-01  1.309608420E-01  9.521469303E-02  5.720324481E-02  2.641372736E-02
 -2.563588864E-02 -8.586384541E-02 -1.215917096E-01 -1.482406506E-01 -1.607669337E-01
 -1.152199496E-01 -1.104844354E-01 -9.360153716E-02 -5.669888447E-02 -2.262519252E-02
  2.641372736E-02  6.251752199E-02  8.005584039E-02  1.306782932E-01  1.609651313E-01
  1.898061646E-01  2.229419318E-01  2.403065814E-01  2.463877547E-01  2.587062588E-01
  2.771940997E-01  2.587062588E-01  2.463877547E-01  2.403065814E-01  2.229419318E-01
  1.898061646E-01  1.609651313E-01  1.306782932E-01  8.005584039E-02  6.251752199E-02
  2.641372736E-02 -2.262519252E-02 -5.669888447E-02 -9.360153716E-02 -1.104844354E-01
 -3.480008854E-02 -2.904302551E-02 -1.516430081E-02  1.312094716E-02  3.417992554E-02
  5.720324481E-02  8.005584039E-02  1.102819316E-01  1.636219145E-01  1.811562394E-01
  2.129382312E-01  2.561152218E-01  2.604099582E-01  2.656586967E-01  2.761110746E-01
  2.805186868E-01  2.761110746E-01  2.656586967E-01  2.604099582E-01  2.561152218E-01
  2.129382312E-01  1.811562394E-01  1.636219145E-01  1.102819316E-01  8.005584039E-02
  5.720324481E-02  3.417992554E-02  1.312094716E-02 -1.516430081E-02 -2.904302551E-02
  1.952788770E-02  2.848456521E-02  3.721873021E-02  4.719367282E-02  6.520697838E-02
  9.521469303E-02  1.306782932E-01  1.636219145E-01  1.876594602E-01  2.011065077E-01
  2.395006072E-01  2.649223392E-01  2.719766497E-01  2.887803368E-01  2.959199059E-01
  2.972010789E-01  2.959199059E-01  2.887803368E-01  2.719766497E-01  2.649223392E-01
  2.395006072E-01  2.011065077E-01  1.876594602E-01  1.636219145E-01  1.306782932E-01
  9.521469303E-02  6.520697838E-02  4.719367282E-02  3.721873021E-02  2.848456521E-02
  6.132833955E-02  6.633269226E-02  7.125297902E-02  7.710425888E-02  9.739865185E-02
  1.309608420E-01  1.609651313E-01  1.811562394E-01  2.011065077E-01  2.368403176E-01
  2.677753486E-01  2.734635342E-01  2.948684967E-01  3.088739980E-01  3.125582690E-01
  3.237153433E-01  3.125582690E-01  3.088739980E-01  2.948684967E-01  2.734635342E-01
  2.677753486E-01  2.368403176E-01  2.011065077E-01  1.811562394E-01  1.609651313E-01
  1.309608420E-01  9.739865185E-02  7.710425888E-02  7.125297902E-02  6.633269226E-02
  1.119466792E-01  1.114046064E-01  1.227416192E-01  1.441151466E-01  1.615557504E-01
  1.744018779E-01  1.898061646E-01  2.129382312E-01  2.395006072E-01  2.677753486E-01
  2.780566468E-01  2.871320430E-01  3.146766175E-01  3.190537553E-01  3.188688177E-01
  3.287171079E-01  3.188688177E-01  3.190537553E-01  3.146766175E-01  2.871320430E-01
  2.780566468E-01  2.677753486E-01  2.395006072E-01  2.129382312E-01  1.898061646E-01
  1.744018779E-01  1.615557504E-01  1.441151466E-01  1.227416192E-01  1.114046064E-01
  1.533681321E-01  1.503610942E-01  1.554316034E-01  1.657984364E-01  1.754736477E-01
  1.907191701E-01  2.229419318E-01  2.561152218E-01  2.649223392E-01  2.734635342E-01
  2.871320430E-01  3.046567504E-01  3.228909117E-01  3.392167017E-01  3.405169032E-01
  3.313250748E-01  3.405169032E-01  3.392167017E-01  3.228909117E-01  3.046567504E-01
  2.871320430E-01  2.734635342E-01  2.649223392E-01  2.561152218E-01  2.229419318E-01
  1.907191701E-01  1.754736477E-01  1.657984364E-01  1.554316034E-01  1.503610942E-01
  1.664180483E-01  1.714644083E-01  1.819277106E-01  1.915449414E-01  2.108741113E-01
  2.253891854E-01  2.403065814E-01  2.604099582E-01  2.719766497E-01  2.948684967E-01
  3.146766175E-01  3.228909117E-01  3.246438267E-01  3.437991928E-01  3.540507227E-01
  3.425962988E-01  3.540507227E-01  3.437991928E-01  3.246438267E-01  3.228909117E-01
  3.146766175E-01  2.948684967E-01  2.719766497E-01  2.604099582E-01  2.403065814E-01
  2.253891854E-01  2.108741113E-01  1.915449414E-01  1.819277106E-01  1.714644083E-01
  1.940841058E-01  2.009468979E-01  2.110673553E-01  2.188989517E-01  2.366677564E-01
  2.433776541E-01  2.463877547E-01  2.656586967E-01  2.887803368E-01  3.088739980E-01
  3.190537553E-01  3.392167017E-01  3.437991928E-01  3.402825529E-01  3.552566361E-01
  3.615987743E-01  3.552566361E-01  3.402825529E-01  3.437991928E-01  3.392167017E-01
  3.190537553E-01  3.088739980E-01  2.887803368E-01  2.656586967E-01  2.463877547E-01
  2.433776541E-01  2.366677564E-01  2.188989517E-01  2.110673553E-01  2.009468979E-01
  2.172358790E-01  2.153684151E-01  2.156071732E-01  2.196258257E-01  2.286186534E-01
  2.415693531E-01  2.587062588E-01  2.761110746E-01  2.959199059E-01  3.125582690E-01
  3.188688177E-01  3.405169032E-01  3.540507227E-01  3.552566361E-01  3.624928655E-01
  3.637517199E-01  3.624928655E-01  3.552566361E-01  3.540507227E-01  3.405169032E-01
  3.188688177E-01  3.125582690E-01  2.959199059E-01  2.761110746E-01  2.587062588E-01
  2.415693531E-01  2.286186534E-01  2.196258257E-01  2.156071732E-01  2.153684151E-01
  2.089070544E-01  2.057667260E-01  2.127688957E-01  2.310936962E-01  2.456861584E-01
  2.622382830E-01  2.771940997E-01  2.805186868E-01  2.972010789E-01  3.237153433E-01
  3.287171079E-01  3.313250748E-01  3.425962988E-01  3.615987743E-01  3.637517199E-01
  3.522246042E-01  3.637517199E-01  3.615987743E-01  3.425962988E-01  3.313250748E-01
  3.287171079E-01  3.237153433E-01  2.972010789E-01  2.805186868E-01  2.771940997E-01
  2.622382830E-01  2.456861584E-01  2.310936962E-01  2.127688957E-01  2.057667260E-01
  2.172358790E-01  2.153684151E-01  2.156071732E-01  2.196258257E-01  2.286186534E-01
  2.415693531E-01  2.587062588E-01  2.761110746E-01  2.959199059E-01  3.125582690E-01
  3.188688177E-01  3.405169032E-01  3.540507227E-01  3.552566361E-01  3.624928655E-01
  3.637517199E-01  3.624928655E-01  3.552566361E-01  3.540507227E-01  3.405169032E-01
  3.188688177E-01  3.125582690E-01  2.959199059E-01  2.761110746E-01  2.587062588E-01
  2.415693531E-01  2.286186534E-01  2.196258257E-01  2.156071732E-01  2.153684151E-01
  1.940841058E-01  2.009468979E-01  2.110673553E-01  2.188989517E-01  2.366677564E-01
  2.433776541E-01  2.463877547E-01  2.656586967E-01  2.887803368E-01  3.088739980E-01
  3.190537553E-01  3.392167017E-01  3.437991928E-01  3.402825529E-01  3.552566361E-01
  3.615987743E-01  3.552566361E-01  3.402825529E-01  3.437991928E-01  3.392167017E-01
  3.190537553E-01  3.088739980E-01  2.887803368E-01  2.656586967E-01  2.463877547E-01
  2.433776541E-01  2.366677564E-01  2.188989517E-01  2.110673553E-01  2.009468979E-01
  1.664180483E-01  1.714644083E-01  1.819277106E-01  1.915449414E-01  2.108741113E-01
  2.253891854E-01  2.403065814E-01  2.604099582E-01  2.719766497E-01  2.948684967E-01
  3.146766175E-01  3.228909117E-01  3.246438267E-01  3.437991928E-01  3.540507227E-01
  3.425962988E-01  3.540507227E-01  3.437991928E-01  3.246438267E-01  3.228909117E-01
  3.146766175E-01  2.948684967E-01  2.719766497E-01  2.604099582E-01  2.403065814E-01
  2.253891854E-01  2.108741113E-01  1.915449414E-01  1.819277106E-01  1.714644083E-01
  1.533681321E-01  1.503610942E-01  1.554316034E-01  1.657984364E-01  1.754736477E-01
  1.907191701E-01  2.229419318E-01  2.561152218E-01  2.649223392E-01  2.734635342E-01
  2.871320430E-01  3.046567504E-01  3.228909117E-01  3.392167017E-01  3.405169032E-01
  3.313250748E-01  3.405169032E-01  3.392167017E-01  3.228909117E-01  3.046567504E-01
  2.871320430E-01  2.734635342E-01  2.649223392E-01  2.561152218E-01  2.229419318E-01
  1.907191701E-01  1.754736477E-01  1.657984364E-01  1.554316034E-01  1.503610942E-01
  1.119466792E-01  1.114046064E-01  1.227416192E-01  1.441151466E-01  1.615557504E-01
  1.744018779E-01  1.898061646E-01  2.129382312E-01  2.395006072E-01  2.677753486E-01
  2.780566468E-01  2.871320430E-01  3.146766175E-01  3.190537553E-01  3.188688177E-01
  3.287171079E-01  3.188688177E-01  3.190537553E-01  3.146766175E-01  2.871320430E-01
  2.780566468E-01  2.677753486E-01  2.395006072E-01  2.129382312E-01  1.898061646E-01
  1.744018779E-01  1.615557504E-01  1.441151466E-01  1.227416192E-01  1.114046064E-01
  6.132833955E-02  6.633269226E-02  7.125297902E-02  7.710425888E-02  9.739865185E-02
  1.309608420E-01  1.609651313E-01  1.811562394E-01  2.011065077E-01  2.368403176E-01
  2.677753486E-01  2.734635342E-01  2.948684967E-01  3.088739980E-01  3.125582690E-01
  3.237153433E-01  3.125582690E-01  3.088739980E-01  2.948684967E-01  2.734635342E-01
  2.677753486E-01  2.368403176E-01  2.011065077E-01  1.811562394E-01  1.609651313E-01
  1.309608420E-01  9.739865185E-02  7.710425888E-02  7.125297902E-02  6.633269226E-02
  1.952788770E-02  2.848456521E-02  3.721873021E-02  4.719367282E-02  6.520697838E-02
  9.521469303E-02  1.306782932E-01  1.636219145E-01  1.876594602E-01  2.011065077E-01
  2.395006072E-01  2.649223392E-01  2.719766497E-01  2.887803368E-01  2.959199059E-01
  2.972010789E-01  2.959199059E-01  2.887803368E-01  2.719766497E-01  2.649223392E-01
  2.395006072E-01  2.011065077E-01  1.876594602E-01  1.636219145E-01  1.306782932E-01
  9.521469303E-02  6.520697838E-02  4.719367282E-02  3.721873021E-02  2.848456521E-02
 -3.480008854E-02 -2.904302551E-02 -1.516430081E-02  1.312094716E-02  3.417992554E-02
  5.720324481E-02  8.005584039E-02  1.102819316E-01  1.636219145E-01  1.811562394E-01
  2.129382312E-01  2.561152218E-01  2.604099582E-01  2.656586967E-01  2.761110746E-01
  2.805186868E-01  2.761110746E-01  2.656586967E-01  2.604099582E-01  2.561152218E-01
  2.129382312E-01  1.811562394E-01  1.636219145E-01  1.102819316E-01  8.005584039E-02
  5.720324481E-02  3.417992554E-02  1.312094716E-02 -1.516430081E-02 -2.904302551E-02
 -1.152199496E-01 -1.104844354E-01 -9.360153716E-02 -5.669888447E-02 -2.262519252E-02
  2.641372736E-02  6.251752199E-02  8.005584039E-02  1.306782932E-01  1.609651313E-01
  1.898061646E-01  2.229419318E-01  2.403065814E-01  2.463877547E-01  2.587062588E-01
  2.771940997E-01  2.587062588E-01  2.463877547E-01  2.403065814E-01  2.229419318E-01
  1.898061646E-01  1.609651313E-01  1.306782932E-01  8.005584039E-02  6.251752199E-02
  2.641372736E-02 -2.262519252E-02 -5.669888447E-02 -9.360153716E-02 -1.104844354E-01
 -1.669976407E-01 -1.607669337E-01 -1.482406506E-01 -1.215917096E-01 -8.586384541E-02
 -2.563588864E-02  2.641372736E-02  5.720324481E-02  9.521469303E-02  1.309608420E-01
  1.744018779E-01  1.907191701E-01  2.253891854E-01  2.433776541E-01  2.415693531E-01
  2.622382830E-01  2.415693531E-01  2.433776541E-01  2.253891854E-01  1.907191701E-01
  1.744018779E-01  1.309608420E-01  9.521469303E-02  5.720324481E-02  2.641372736E-02
 -2.563588864E-02 -8.586384541E-02 -1.215917096E-01 -1.482406506E-01 -1.607669337E-01
 -2.159864961E-01 -2.033657825E-01 -1.860057039E-01 -1.669011458E-01 -1.391990620E-01
 -8.586384541E-02 -2.262519252E-02  3.417992554E-02  6.520697838E-02  9.739865185E-02
  1.615557504E-01  1.754736477E-01  2.108741113E-01  2.366677564E-01  2.286186534E-01
  2.456861584E-01  2.286186534E-01  2.366677564E-01  2.108741113E-01  1.754736477E-01
  1.615557504E-01  9.739865185E-02  6.520697838E-02  3.417992554E-02 -2.262519252E-02
 -8.586384541E-02 -1.391990620E-01 -1.669011458E-01 -1.860057039E-01 -2.033657825E-01
 -2.724903874E-01 -2.591836628E-01 -2.330300147E-01 -2.000897220E-01 -1.669011458E-01
 -1.215917096E-01 -5.669888447E-02  1.312094716E-02  4.719367282E-02  7.710425888E-02
  1.441151466E-01  1.657984364E-01  1.915449414E-01  2.188989517E-01  2.196258257E-01
  2.310936962E-01  2.196258257E-01  2.188989517E-01  1.915449414E-01  1.657984364E-01
  1.441151466E-01  7.710425888E-02  4.719367282E-02  1.312094716E-02 -5.669888447E-02
 -1.215917096E-01 -1.669011458E-01 -2.000897220E-01 -2.330300147E-01 -2.591836628E-01
 -3.129254663E-01 -3.053637372E-01 -2.790875767E-01 -2.330300147E-01 -1.860057039E-01
 -1.482406506E-01 -9.360153716E-02 -1.516430081E-02  3.721873021E-02  7.125297902E-02
  1.227416192E-01  1.554316034E-01  1.819277106E-01  2.110673553E-01  2.156071732E-01
  2.127688957E-01  2.156071732E-01  2.110673553E-01  1.819277106E-01  1.554316034E-01
  1.227416192E-01  7.125297902E-02  3.721873021E-02 -1.516430081E-02 -9.360153716E-02
 -1.482406506E-01 -1.860057039E-01 -2.330300147E-01 -2.790875767E-01 -3.053637372E-01
 -3.537411297E-01 -3.408929503E-01 -3.053637372E-01 -2.591836628E-01 -2.033657825E-01
 -1.607669337E-01 -1.104844354E-01 -2.904302551E-02  2.848456521E-02  6.633269226E-02
  1.114046064E-01  1.503610942E-01  1.714644083E-01  2.009468979E-01  2.153684151E-01
  2.057667260E-01  2.153684151E-01  2.009468979E-01  1.714644083E-01  1.503610942E-01
  1.114046064E-01  6.633269226E-02  2.848456521E-02 -2.904302551E-02 -1.104844354E-01
 -1.607669337E-01 -2.033657825E-01 -2.591836628E-01 -3.053637372E-01 -3.408929503E-01
 -5.134510713E-01 -5.173620114E-01 -4.900597698E-01 -4.442882351E-01 -3.629505147E-01
 -2.604530221E-01 -1.854513879E-01 -1.233655490E-01 -5.310869875E-02  1.952788770E-02
  5.521548707E-02  1.193078792E-01  1.517181400E-01  1.681030095E-01  1.906379853E-01
  1.756114936E-01  1.906379853E-01  1.681030095E-01  1.517181400E-01  1.193078792E-01
  5.521548707E-02  1.952788770E-02 -5.310869875E-02 -1.233655490E-01 -1.854513879E-01
 -2.604530221E-01 -3.629505147E-01 -4.442882351E-01 -4.900597698E-01 -5.173620114E-01
 -5.173620114E-01 -5.182075758E-01 -4.844096751E-01 -4.311920388E-01 -3.513182561E-01
 -2.502899659E-01 -1.802906191E-01 -1.260979434E-01 -4.662119128E-02  2.848456521E-02
  6.177426627E-02  1.236439502E-01  1.469995044E-01  1.623726266E-01  1.958401678E-01
  1.891591463E-01  1.958401678E-01  1.623726266E-01  1.469995044E-01  1.236439502E-01
  6.177426627E-02  2.848456521E-02 -4.662119128E-02 -1.260979434E-01 -1.802906191E-01
 -2.502899659E-01 -3.513182561E-01 -4.311920388E-01 -4.844096751E-01 -5.182075758E-01
 -4.900597698E-01 -4.844096751E-01 -4.486029138E-01 -3.943981706E-01 -3.173392121E-01
 -2.233178414E-01 -1.646952031E-01 -1.132770092E-01 -2.304217392E-02  3.721873021E-02
  6.551834208E-02  1.333226025E-01  1.577208738E-01  1.708948192E-01  1.970914862E-01
  1.911757170E-01  1.970914862E-01  1.708948192E-01  1.577208738E-01  1.333226025E-01
  6.551834208E-02  3.721873021E-02 -2.304217392E-02 -1.132770092E-01 -1.646952031E-01
 -2.233178414E-01 -3.173392121E-01 -3.943981706E-01 -4.486029138E-01 -4.844096751E-01
 -4.442882351E-01 -4.311920388E-01 -3.943981706E-01 -3.384398081E-01 -2.617005999E-01
 -1.895090318E-01 -1.427420912E-01 -7.616363585E-02  6.761859023E-03  4.719367282E-02
  8.700572044E-02  1.435684308E-01  1.607762416E-01  1.800853639E-01  2.048395181E-01
  2.057108145E-01  2.048395181E-01  1.800853639E-01  1.607762416E-01  1.435684308E-01
  8.700572044E-02  4.719367282E-02  6.761859023E-03 -7.616363585E-02 -1.427420912E-01
 -1.895090318E-01 -2.617005999E-01 -3.384398081E-01 -3.943981706E-01 -4.311920388E-01
 -3.629505147E-01 -3.513182561E-01 -3.173392121E-01 -2.617005999E-01 -2.008030164E-01
 -1.581319224E-01 -1.150377030E-01 -4.005611882E-02  2.297711140E-02  6.520697838E-02
  1.260390166E-01  1.595813489E-01  1.711111883E-01  1.964687623E-01  2.148054590E-01
  2.204547883E-01  2.148054590E-01  1.964687623E-01  1.711111883E-01  1.595813489E-01
  1.260390166E-01  6.520697838E-02  2.297711140E-02 -4.005611882E-02 -1.150377030E-01
 -1.581319224E-01 -2.008030164E-01 -2.617005999E-01 -3.173392121E-01 -3.513182561E-01
 -2.604530221E-01 -2.502899659E-01 -2.233178414E-01 -1.895090318E-01 -1.581319224E-01
 -1.178546978E-01 -6.011029474E-02  5.588793226E-03  5.254990046E-02  9.521469303E-02
  1.439412390E-01  1.648616769E-01  1.976008864E-01  2.251534032E-01  2.244354670E-01
  2.271521045E-01  2.244354670E-01  2.251534032E-01  1.976008864E-01  1.648616769E-01
  1.439412390E-01  9.521469303E-02  5.254990046E-02  5.588793226E-03 -6.011029474E-02
 -1.178546978E-01 -1.581319224E-01 -1.895090318E-01 -2.233178414E-01 -2.502899659E-01
 -1.854513879E-01 -1.802906191E-01 -1.646952031E-01 -1.427420912E-01 -1.150377030E-01
 -6.011029474E-02 -1.834483695E-03  3.955975139E-02  8.262890288E-02  1.306782932E-01
  1.675438927E-01  1.810428778E-01  2.152040314E-01  2.352144655E-01  2.449098596E-01
  2.652824399E-01  2.449098596E-01  2.352144655E-01  2.152040314E-01  1.810428778E-01
  1.675438927E-01  1.306782932E-01  8.262890288E-02  3.955975139E-02 -1.834483695E-03
 -6.011029474E-02 -1.150377030E-01 -1.427420912E-01 -1.646952031E-01 -1.802906191E-01
 -1.233655490E-01 -1.260979434E-01 -1.132770092E-01 -7.616363585E-02 -4.005611882E-02
  5.588793226E-03  3.955975139E-02  6.895281509E-02  1.199920115E-01  1.636219145E-01
  1.924059067E-01  2.038054065E-01  2.397632973E-01  2.550886114E-01  2.574566981E-01
  2.787316020E-01  2.574566981E-01  2.550886114E-01  2.397632973E-01  2.038054065E-01
  1.924059067E-01  1.636219145E-01  1.199920115E-01  6.895281509E-02  3.955975139E-02
  5.588793226E-03 -4.005611882E-02 -7.616363585E-02 -1.132770092E-01 -1.260979434E-01
 -5.310869875E-02 -4.662119128E-02 -2.304217392E-02  6.761859023E-03  2.297711140E-02
  5.254990046E-02  8.262890288E-02  1.199920115E-01  1.669203638E-01  1.876594602E-01
  2.124101028E-01  2.271924658E-01  2.574213444E-01  2.764475009E-01  2.724989661E-01
  2.825565230E-01  2.724989661E-01  2.764475009E-01  2.574213444E-01  2.271924658E-01
  2.124101028E-01  1.876594602E-01  1.669203638E-01  1.199920115E-01  8.262890288E-02
  5.254990046E-02  2.297711140E-02  6.761859023E-03 -2.304217392E-02 -4.662119128E-02
  1.952788770E-02  2.848456521E-02  3.721873021E-02  4.719367282E-02  6.520697838E-02
  9.521469303E-02  1.306782932E-01  1.636219145E-01  1.876594602E-01  2.011065077E-01
  2.395006072E-01  2.649223392E-01  2.719766497E-01  2.887803368E-01  2.959199059E-01
  2.972010789E-01  2.959199059E-01  2.887803368E-01  2.719766497E-01  2.649223392E-01
  2.395006072E-01  2.011065077E-01  1.876594602E-01  1.636219145E-01  1.306782932E-01
  9.521469303E-02  6.520697838E-02  4.719367282E-02  3.721873021E-02  2.848456521E-02
  5.521548707E-02  6.177426627E-02  6.551834208E-02  8.700572044E-02  1.260390166E-01
  1.439412390E-01  1.675438927E-01  1.924059067E-01  2.124101028E-01  2.395006072E-01
  2.603616002E-01  2.787505244E-01  2.841672821E-01  3.020305499E-01  3.164669796E-01
  3.094122917E-01  3.164669796E-01  3.020305499E-01  2.841672821E-01  2.787505244E-01
  2.603616002E-01  2.395006072E-01  2.124101028E-01  1.924059067E-01  1.675438927E-01
  1.439412390E-01  1.260390166E-01  8.700572044E-02  6.551834208E-02  6.177426627E-02
  1.193078792E-01  1.236439502E-01  1.333226025E-01  1.435684308E-01  1.595813489E-01
  1.648616769E-01  1.810428778E-01  2.038054065E-01  2.271924658E-01  2.649223392E-01
  2.787505244E-01  3.064729573E-01  3.161087011E-01  3.113171682E-01  3.254171651E-01
  3.249553925E-01  3.254171651E-01  3.113171682E-01  3.161087011E-01  3.064729573E-01
  2.787505244E-01  2.649223392E-01  2.271924658E-01  2.038054065E-01  1.810428778E-01
  1.648616769E-01  1.595813489E-01  1.435684308E-01  1.333226025E-01  1.236439502E-01
  1.517181400E-01  1.469995044E-01  1.577208738E-01  1.607762416E-01  1.711111883E-01
  1.976008864E-01  2.152040314E-01  2.397632973E-01  2.574213444E-01  2.719766497E-01
  2.841672821E-01  3.161087011E-01  3.279397360E-01  3.245793838E-01  3.376646958E-01
  3.385671148E-01  3.376646958E-01  3.245793838E-01  3.279397360E-01  3.161087011E-01
  2.841672821E-01  2.719766497E-01  2.574213444E-01  2.397632973E-01  2.152040314E-01
  1.976008864E-01  1.711111883E-01  1.607762416E-01  1.577208738E-01  1.469995044E-01
  1.681030095E-01  1.623726266E-01  1.708948192E-01  1.800853639E-01  1.964687623E-01
  2.251534032E-01  2.352144655E-01  2.550886114E-01  2.764475009E-01  2.887803368E-01
  3.020305499E-01  3.113171682E-01  3.245793838E-01  3.482191865E-01  3.480139187E-01
  3.333684170E-01  3.480139187E-01  3.482191865E-01  3.245793838E-01  3.113171682E-01
  3.020305499E-01  2.887803368E-01  2.764475009E-01  2.550886114E-01  2.352144655E-01
  2.251534032E-01  1.964687623E-01  1.800853639E-01  1.708948192E-01  1.623726266E-01
  1.906379853E-01  1.958401678E-01  1.970914862E-01  2.048395181E-01  2.148054590E-01
  2.244354670E-01  2.449098596E-01  2.574566981E-01  2.724989661E-01  2.959199059E-01
  3.164669796E-01  3.254171651E-01  3.376646958E-01  3.480139187E-01  3.462391123E-01
  3.461454209E-01  3.462391123E-01  3.480139187E-01  3.376646958E-01  3.254171651E-01
  3.164669796E-01  2.959199059E-01  2.724989661E-01  2.574566981E-01  2.449098596E-01
  2.244354670E-01  2.148054590E-01  2.048395181E-01  1.970914862E-01  1.958401678E-01
  1.756114936E-01  1.891591463E-01  1.911757170E-01  2.057108145E-01  2.204547883E-01
  2.271521045E-01  2.652824399E-01  2.787316020E-01  2.825565230E-01  2.972010789E-01
  3.094122917E-01  3.249553925E-01  3.385671148E-01  3.333684170E-01  3.461454209E-01
  3.702429733E-01  3.461454209E-01  3.333684170E-01  3.385671148E-01  3.249553925E-01
  3.094122917E-01  2.972010789E-01  2.825565230E-01  2.787316020E-01  2.652824399E-01
  2.271521045E-01  2.204547883E-01  2.057108145E-01  1.911757170E-01  1.891591463E-01
  1.906379853E-01  1.958401678E-01  1.970914862E-01  2.048395181E-01  2.148054590E-01
  2.244354670E-01  2.449098596E-01  2.574566981E-01  2.724989661E-01  2.959199059E-01
  3.164669796E-01  3.254171651E-01  3.376646958E-01  3.480139187E-01  3.462391123E-01
  3.461454209E-01  3.462391123E-01  3.480139187E-01  3.376646958E-01  3.254171651E-01
  3.164669796E-01  2.959199059E-01  2.724989661E-01  2.574566981E-01  2.449098596E-01
  2.244354670E-01  2.148054590E-01  2.048395181E-01  1.970914862E-01  1.958401678E-01
  1.681030095E-01  1.623726266E-01  1.708948192E-01  1.800853639E-01  1.964687623E-01
  2.251534032E-01  2.352144655E-01  2.550886114E-01  2.764475009E-01  2.887803368E-01
  3.020305499E-01  3.113171682E-01  3.245793838E-01  3.482191865E-01  3.480139187E-01
  3.333684170E-01  3.480139187E-01  3.482191865E-01  3.245793838E-01  3.113171682E-01
  3.020305499E-01  2.887803368E-01  2.764475009E-01  2.550886114E-01  2.352144655E-01
  2.251534032E-01  1.964687623E-01  1.800853639E-01  1.708948192E-01  1.623726266E-01
  1.517181400E-01  1.469995044E-01  1.577208738E-01  1.607762416E-01  1.711111883E-01
  1.976008864E-01  2.152040314E-01  2.397632973E-01  2.574213444E-01  2.719766497E-01
  2.841672821E-01  3.161087011E-01  3.279397360E-01  3.245793838E-01  3.376646958E-01
  3.385671148E-01  3.376646958E-01  3.245793838E-01  3.279397360E-01  3.161087011E-01
  2.841672821E-01  2.719766497E-01  2.574213444E-01  2.397632973E-01  2.152040314E-01
  1.976008864E-01  1.711111883E-01  1.607762416E-01  1.577208738E-01  1.469995044E-01
  1.193078792E-01  1.236439502E-01  1.333226025E-01  1.435684308E-01  1.595813489E-01
  1.648616769E-01  1.810428778E-01  2.038054065E-01  2.271924658E-01  2.649223392E-01
  2.787505244E-01  3.064729573E-01  3.161087011E-01  3.113171682E-01  3.254171651E-01
  3.249553925E-01  3.254171651E-01  3.113171682E-01  3.161087011E-01  3.064729573E-01
  2.787505244E-01  2.649223392E-01  2.271924658E-01  2.038054065E-01  1.810428778E-01
  1.648616769E-01  1.595813489E-01  1.435684308E-01  1.333226025E-01  1.236439502E-01
  5.521548707E-02  6.177426627E-02  6.551834208E-02  8.700572044E-02  1.260390166E-01
  1.439412390E-01  1.675438927E-01  1.924059067E-01  2.124101028E-01  2.395006072E-01
  2.603616002E-01  2.787505244E-01  2.841672821E-01  3.020305499E-01  3.164669796E-01
  3.094122917E-01  3.164669796E-01  3.020305499E-01  2.841672821E-01  2.787505244E-01
  2.603616002E-01  2.395006072E-01  2.124101028E-01  1.924059067E-01  1.675438927E-01
  1.439412390E-01  1.260390166E-01  8.700572044E-02  6.551834208E-02  6.177426627E-02
  1.952788770E-02  2.848456521E-02  3.721873021E-02  4.719367282E-02  6.520697838E-02
  9.521469303E-02  1.306782932E-01  1.636219145E-01  1.876594602E-01  2.011065077E-01
  2.395006072E-01  2.649223392E-01  2.719766497E-01  2.887803368E-01  2.959199059E-01
  2.972010789E-01  2.959199059E-01  2.887803368E-01  2.719766497E-01  2.649223392E-01
  2.395006072E-01  2.011065077E-01  1.876594602E-01  1.636219145E-01  1.306782932E-01
  9.521469303E-02  6.520697838E-02  4.719367282E-02  3.721873021E-02  2.848456521E-02
 -5.310869875E-02 -4.662119128E-02 -2.304217392E-02  6.761859023E-03  2.297711140E-02
  5.254990046E-02  8.262890288E-02  1.199920115E-01  1.669203638E-01  1.876594602E-01
  2.124101028E-01  2.271924658E-01  2.574213444E-01  2.764475009E-01  2.724989661E-01
  2.825565230E-01  2.724989661E-01  2.764475009E-01  2.574213444E-01  2.271924658E-01
  2.124101028E-01  1.876594602E-01  1.669203638E-01  1.199920115E-01  8.262890288E-02
  5.254990046E-02  2.297711140E-02  6.761859023E-03 -2.304217392E-02 -4.662119128E-02
 -1.233655490E-01 -1.260979434E-01 -1.132770092E-01 -7.616363585E-02 -4.005611882E-02
  5.588793226E-03  3.955975139E-02  6.895281509E-02  1.199920115E-01  1.636219145E-01
  1.924059067E-01  2.038054065E-01  2.397632973E-01  2.550886114E-01  2.574566981E-01
  2.787316020E-01  2.574566981E-01  2.550886114E-01  2.397632973E-01  2.038054065E-01
  1.924059067E-01  1.636219145E-01  1.199920115E-01  6.895281509E-02  3.955975139E-02
  5.588793226E-03 -4.005611882E-02 -7.616363585E-02 -1.132770092E-01 -1.260979434E-01
 -1.854513879E-01 -1.802906191E-01 -1.646952031E-01 -1.427420912E-01 -1.150377030E-01
 -6.011029474E-02 -1.834483695E-03  3.955975139E-02  8.262890288E-02  1.306782932E-01
  1.675438927E-01  1.810428778E-01  2.152040314E-01  2.352144655E-01  2.449098596E-01
  2.652824399E-01  2.449098596E-01  2.352144655E-01  2.152040314E-01  1.810428778E-01
  1.675438927E-01  1.306782932E-01  8.262890288E-02  3.955975139E-02 -1.834483695E-03
 -6.011029474E-02 -1.150377030E-01 -1.427420912E-01 -1.646952031E-01 -1.802906191E-01
 -2.604530221E-01 -2.502899659E-01 -2.233178414E-01 -1.895090318E-01 -1.581319224E-01
 -1.178546978E-01 -6.011029474E-02  5.588793226E-03  5.254990046E-02  9.521469303E-02
  1.439412390E-01  1.648616769E-01  1.976008864E-01  2.251534032E-01  2.244354670E-01
  2.271521045E-01  2.244354670E-01  2.251534032E-01  1.976008864E-01  1.648616769E-01
  1.439412390E-01  9.521469303E-02  5.254990046E-02  5.588793226E-03 -6.011029474E-02
 -1.178546978E-01 -1.581319224E-01 -1.895090318E-01 -2.233178414E-01 -2.502899659E-01
 -3.629505147E-01 -3.513182561E-01 -3.173392121E-01 -2.617005999E-01 -2.008030164E-01
 -1.581319224E-01 -1.150377030E-01 -4.005611882E-02  2.297711140E-02  6.520697838E-02
  1.260390166E-01  1.595813489E-01  1.711111883E-01  1.964687623E-01  2.148054590E-01
  2.204547883E-01  2.148054590E-01  1.964687623E-01  1.711111883E-01  1.595813489E-01
  1.260390166E-01  6.520697838E-02  2.297711140E-02 -4.005611882E-02 -1.150377030E-01
 -1.581319224E-01 -2.008030164E-01 -2.617005999E-01 -3.173392121E-01 -3.513182561E-01
 -4.442882351E-01 -4.311920388E-01 -3.943981706E-01 -3.384398081E-01 -2.617005999E-01
 -1.895090318E-01 -1.427420912E-01 -7.616363585E-02  6.761859023E-03  4.719367282E-02
  8.700572044E-02  1.435684308E-01  1.607762416E-01  1.800853639E-01  2.048395181E-01
  2.057108145E-01  2.048395181E-01  1.800853639E-01  1.607762416E-01  1.435684308E-01
  8.700572044E-02  4.719367282E-02  6.761859023E-03 -7.616363585E-02 -1.427420912E-01
 -1.895090318E-01 -2.617005999E-01 -3.384398081E-01 -3.943981706E-01 -4.311920388E-01
 -4.900597698E-01 -4.844096751E-01 -4.486029138E-01 -3.943981706E-01 -3.173392121E-01
 -2.233178414E-01 -1.646952031E-01 -1.132770092E-01 -2.304217392E-02  3.721873021E-02
  6.551834208E-02  1.333226025E-01  1.577208738E-01  1.708948192E-01  1.970914862E-01
  1.911757170E-01  1.970914862E-01  1.708948192E-01  1.577208738E-01  1.333226025E-01
  6.551834208E-02  3.721873021E-02 -2.304217392E-02 -1.132770092E-01 -1.646952031E-01
 -2.233178414E-01 -3.173392121E-01 -3.943981706E-01 -4.486029138E-01 -4.844096751E-01
 -5.173620114E-01 -5.182075758E-01 -4.844096751E-01 -4.311920388E-01 -3.513182561E-01
 -2.502899659E-01 -1.802906191E-01 -1.260979434E-01 -4.662119128E-02  2.848456521E-02
  6.177426627E-02  1.236439502E-01  1.469995044E-01  1.623726266E-01  1.958401678E-01
  1.891591463E-01  1.958401678E-01  1.623726266E-01  1.469995044E-01  1.236439502E-01
  6.177426627E-02  2.848456521E-02 -4.662119128E-02 -1.260979434E-01 -1.802906191E-01
 -2.502899659E-01 -3.513182561E-01 -4.311920388E-01 -4.844096751E-01 -5.182075758E-01
 -7.863090172E-01 -7.641323232E-01 -6.835853974E-01 -5.920269115E-01 -5.078337703E-01
 -4.270451085E-01 -3.097721602E-01 -1.860002032E-01 -1.233655490E-01 -3.480008854E-02
  2.089367268E-02  5.943509145E-02  1.267738356E-01  1.493104580E-01  1.507668123E-01
  1.519640413E-01  1.507668123E-01  1.493104580E-01  1.267738356E-01  5.943509145E-02
  2.089367268E-02 -3.480008854E-02 -1.233655490E-01 -1.860002032E-01 -3.097721602E-01
 -4.270451085E-01 -5.078337703E-01 -5.920269115E-01 -6.835853974E-01 -7.641323232E-01
 -7.641323232E-01 -7.432234927E-01 -6.655005183E-01 -5.774883919E-01 -5.061231895E-01
 -4.208351391E-01 -2.891366506E-01 -1.814243730E-01 -1.260979434E-01 -2.904302551E-02
  3.394237540E-02  7.023279881E-02  1.133012459E-01  1.358862075E-01  1.629149024E-01
  1.742589525E-01  1.629149024E-01  1.358862075E-01  1.133012459E-01  7.023279881E-02
  3.394237540E-02 -2.904302551E-02 -1.260979434E-01 -1.814243730E-01 -2.891366506E-01
 -4.208351391E-01 -5.061231895E-01 -5.774883919E-01 -6.655005183E-01 -7.432234927E-01
 -6.835853974E-01 -6.655005183E-01 -6.087112178E-01 -5.430950697E-01 -4.823554652E-01
 -3.870213016E-01 -2.530866407E-01 -1.734896561E-01 -1.132770092E-01 -1.516430081E-02
  3.508091821E-02  8.482695118E-02  1.287495192E-01  1.516100905E-01  1.698186221E-01
  1.645196653E-01  1.698186221E-01  1.516100905E-01  1.287495192E-01  8.482695118E-02
  3.508091821E-02 -1.516430081E-02 -1.132770092E-01 -1.734896561E-01 -2.530866407E-01
 -3.870213016E-01 -4.823554652E-01 -5.430950697E-01 -6.087112178E-01 -6.655005183E-01
 -5.920269115E-01 -5.774883919E-01 -5.430950697E-01 -4.977919536E-01 -4.280285141E-01
 -3.269946463E-01 -2.181389258E-01 -1.535882946E-01 -7.616363585E-02  1.312094716E-02
  4.034603481E-02  9.467641746E-02  1.417788734E-01  1.670156861E-01  1.841544451E-01
  1.717799756E-01  1.841544451E-01  1.670156861E-01  1.417788734E-01  9.467641746E-02
  4.034603481E-02  1.312094716E-02 -7.616363585E-02 -1.535882946E-01 -2.181389258E-01
 -3.269946463E-01 -4.280285141E-01 -4.977919536E-01 -5.430950697E-01 -5.774883919E-01
 -5.078337703E-01 -5.061231895E-01 -4.823554652E-01 -4.280285141E-01 -3.415991552E-01
 -2.467441656E-01 -1.672771990E-01 -1.119581206E-01 -4.005611882E-02  3.417992554E-02
  6.431939405E-02  1.225540813E-01  1.504696936E-01  1.677704326E-01  1.992776151E-01
  1.944228595E-01  1.992776151E-01  1.677704326E-01  1.504696936E-01  1.225540813E-01
  6.431939405E-02  3.417992554E-02 -4.005611882E-02 -1.119581206E-01 -1.672771990E-01
 -2.467441656E-01 -3.415991552E-01 -4.280285141E-01 -4.823554652E-01 -5.061231895E-01
 -4.270451085E-01 -4.208351391E-01 -3.870213016E-01 -3.269946463E-01 -2.467441656E-01
 -1.847804107E-01 -1.322971413E-01 -6.301067656E-02  5.588793226E-03  5.720324481E-02
  8.773997072E-02  1.481420963E-01  1.770289591E-01  1.950621995E-01  2.103598695E-01
  1.926915239E-01  2.103598695E-01  1.950621995E-01  1.770289591E-01  1.481420963E-01
  8.773997072E-02  5.720324481E-02  5.588793226E-03 -6.301067656E-02 -1.322971413E-01
 -1.847804107E-01 -2.467441656E-01 -3.269946463E-01 -3.870213016E-01 -4.208351391E-01
 -3.097721602E-01 -2.891366506E-01 -2.530866407E-01 -2.181389258E-01 -1.672771990E-01
 -1.322971413E-01 -7.925197064E-02  3.092841059E-04  3.955975139E-02  8.005584039E-02
  1.330250452E-01  1.742925665E-01  1.922901907E-01  2.109573549E-01  2.242653705E-01
  2.171922783E-01  2.242653705E-01  2.109573549E-01  1.922901907E-01  1.742925665E-01
  1.330250452E-01  8.005584039E-02  3.955975139E-02  3.092841059E-04 -7.925197064E-02
 -1.322971413E-01 -1.672771990E-01 -2.181389258E-01 -2.530866407E-01 -2.891366506E-01
 -1.860002032E-01 -1.814243730E-01 -1.734896561E-01 -1.535882946E-01 -1.119581206E-01
 -6.301067656E-02  3.092841059E-04  5.515497921E-02  6.895281509E-02  1.102819316E-01
  1.666353973E-01  1.852800580E-01  2.205672258E-01  2.395183499E-01  2.357149566E-01
  2.430396519E-01  2.357149566E-01  2.395183499E-01  2.205672258E-01  1.852800580E-01
  1.666353973E-01  1.102819316E-01  6.895281509E-02  5.515497921E-02  3.092841059E-04
 -6.301067656E-02 -1.119581206E-01 -1.535882946E-01 -1.734896561E-01 -1.814243730E-01
 -1.233655490E-01 -1.260979434E-01 -1.132770092E-01 -7.616363585E-02 -4.005611882E-02
  5.588793226E-03  3.955975139E-02  6.895281509E-02  1.199920115E-01  1.636219145E-01
  1.924059067E-01  2.038054065E-01  2.397632973E-01  2.550886114E-01  2.574566981E-01
  2.787316020E-01  2.574566981E-01  2.550886114E-01  2.397632973E-01  2.038054065E-01
  1.924059067E-01  1.636219145E-01  1.199920115E-01  6.895281509E-02  3.955975139E-02
  5.588793226E-03 -4.005611882E-02 -7.616363585E-02 -1.132770092E-01 -1.260979434E-01
 -3.480008854E-02 -2.904302551E-02 -1.516430081E-02  1.312094716E-02  3.417992554E-02
  5.720324481E-02  8.005584039E-02  1.102819316E-01  1.636219145E-01  1.811562394E-01
  2.129382312E-01  2.561152218E-01  2.604099582E-01  2.656586967E-01  2.761110746E-01
  2.805186868E-01  2.761110746E-01  2.656586967E-01  2.604099582E-01  2.561152218E-01
  2.129382312E-01  1.811562394E-01  1.636219145E-01  1.102819316E-01  8.005584039E-02
  5.720324481E-02  3.417992554E-02  1.312094716E-02 -1.516430081E-02 -2.904302551E-02
  2.089367268E-02  3.394237540E-02  3.508091821E-02  4.034603481E-02  6.431939405E-02
  8.773997072E-02  1.330250452E-01  1.666353973E-01  1.924059067E-01  2.129382312E-01
  2.300927164E-01  2.606072762E-01  2.691100066E-01  2.989945104E-01  3.092732735E-01
  2.851006019E-01  3.092732735E-01  2.989945104E-01  2.691100066E-01  2.606072762E-01
  2.300927164E-01  2.129382312E-01  1.924059067E-01  1.666353973E-01  1.330250452E-01
  8.773997072E-02  6.431939405E-02  4.034603481E-02  3.508091821E-02  3.394237540E-02
  5.943509145E-02  7.023279881E-02  8.482695118E-02  9.467641746E-02  1.225540813E-01
  1.481420963E-01  1.742925665E-01  1.852800580E-01  2.038054065E-01  2.561152218E-01
  2.606072762E-01  2.724217852E-01  2.921613701E-01  2.981068928E-01  3.145133370E-01
  3.150065282E-01  3.145133370E-01  2.981068928E-01  2.921613701E-01  2.724217852E-01
  2.606072762E-01  2.561152218E-01  2.038054065E-01  1.852800580E-01  1.742925665E-01
  1.481420963E-01  1.225540813E-01  9.467641746E-02  8.482695118E-02  7.023279881E-02
  1.267738356E-01  1.133012459E-01  1.287495192E-01  1.417788734E-01  1.504696936E-01
  1.770289591E-01  1.922901907E-01  2.205672258E-01  2.397632973E-01  2.604099582E-01
  2.691100066E-01  2.921613701E-01  3.170214496E-01  3.051640197E-01  3.182081180E-01
  3.371750814E-01  3.182081180E-01  3.051640197E-01  3.170214496E-01  2.921613701E-01
  2.691100066E-01  2.604099582E-01  2.397632973E-01  2.205672258E-01  1.922901907E-01
  1.770289591E-01  1.504696936E-01  1.417788734E-01  1.287495192E-01  1.133012459E-01
  1.493104580E-01  1.358862075E-01  1.516100905E-01  1.670156861E-01  1.677704326E-01
  1.950621995E-01  2.109573549E-01  2.395183499E-01  2.550886114E-01  2.656586967E-01
  2.989945104E-01  2.981068928E-01  3.051640197E-01  3.336301890E-01  3.352258250E-01
  3.291757040E-01  3.352258250E-01  3.336301890E-01  3.051640197E-01  2.981068928E-01
  2.989945104E-01  2.656586967E-01  2.550886114E-01  2.395183499E-01  2.109573549E-01
  1.950621995E-01  1.677704326E-01  1.670156861E-01  1.516100905E-01  1.358862075E-01
  1.507668123E-01  1.629149024E-01  1.698186221E-01  1.841544451E-01  1.992776151E-01
  2.103598695E-01  2.242653705E-01  2.357149566E-01  2.574566981E-01  2.761110746E-01
  3.092732735E-01  3.145133370E-01  3.182081180E-01  3.352258250E-01  3.327086368E-01
  3.347946603E-01  3.327086368E-01  3.352258250E-01  3.182081180E-01  3.145133370E-01
  3.092732735E-01  2.761110746E-01  2.574566981E-01  2.357149566E-01  2.242653705E-01
  2.103598695E-01  1.992776151E-01  1.841544451E-01  1.698186221E-01  1.629149024E-01
  1.519640413E-01  1.742589525E-01  1.645196653E-01  1.717799756E-01  1.944228595E-01
  1.926915239E-01  2.171922783E-01  2.430396519E-01  2.787316020E-01  2.805186868E-01
  2.851006019E-01  3.150065282E-01  3.371750814E-01  3.291757040E-01  3.347946603E-01
  3.628954927E-01  3.347946603E-01  3.291757040E-01  3.371750814E-01  3.150065282E-01
  2.851006019E-01  2.805186868E-01  2.787316020E-01  2.430396519E-01  2.171922783E-01
  1.926915239E-01  1.944228595E-01  1.717799756E-01  1.645196653E-01  1.742589525E-01
  1.507668123E-01  1.629149024E-01  1.698186221E-01  1.841544451E-01  1.992776151E-01
  2.103598695E-01  2.242653705E-01  2.357149566E-01  2.574566981E-01  2.761110746E-01
  3.092732735E-01  3.145133370E-01  3.182081180E-01  3.352258250E-01  3.327086368E-01
  3.347946603E-01  3.327086368E-01  3.352258250E-01  3.182081180E-01  3.145133370E-01
  3.092732735E-01  2.761110746E-01  2.574566981E-01  2.357149566E-01  2.242653705E-01
  2.103598695E-01  1.992776151E-01  1.841544451E-01  1.698186221E-01  1.629149024E-01
  1.493104580E-01  1.358862075E-01  1.516100905E-01  1.670156861E-01  1.677704326E-01
  1.950621995E-01  2.109573549E-01  2.395183499E-01  2.550886114E-01  2.656586967E-01
  2.989945104E-01  2.981068928E-01  3.051640197E-01  3.336301890E-01  3.352258250E-01
  3.291757040E-01  3.352258250E-01  3.336301890E-01  3.051640197E-01  2.981068928E-01
  2.989945104E-01  2.656586967E-01  2.550886114E-01  2.395183499E-01  2.109573549E-01
  1.950621995E-01  1.677704326E-01  1.670156861E-01  1.516100905E-01  1.358862075E-01
  1.267738356E-01  1.133012459E-01  1.287495192E-01  1.417788734E-01  1.504696936E-01
  1.770289591E-01  1.922901907E-01  2.205672258E-01  2.397632973E-01  2.604099582E-01
  2.691100066E-01  2.921613701E-01  3.170214496E-01  3.051640197E-01  3.182081180E-01
  3.371750814E-01  3.182081180E-01  3.051640197E-01  3.170214496E-01  2.921613701E-01
  2.691100066E-01  2.604099582E-01  2.397632973E-01  2.205672258E-01  1.922901907E-01
  1.770289591E-01  1.504696936E-01  1.417788734E-01  1.287495192E-01  1.133012459E-01
  5.943509145E-02  7.023279881E-02  8.482695118E-02  9.467641746E-02  1.225540813E-01
  1.481420963E-01  1.742925665E-01  1.852800580E-01  2.038054065E-01  2.561152218E-01
  2.606072762E-01  2.724217852E-01  2.921613701E-01  2.981068928E-01  3.145133370E-01
  3.150065282E-01  3.145133370E-01  2.981068928E-01  2.921613701E-01  2.724217852E-01
  2.606072762E-01  2.561152218E-01  2.038054065E-01  1.852800580E-01  1.742925665E-01
  1.481420963E-01  1.225540813E-01  9.467641746E-02  8.482695118E-02  7.023279881E-02
  2.089367268E-02  3.394237540E-02  3.508091821E-02  4.034603481E-02  6.431939405E-02
  8.773997072E-02  1.330250452E-01  1.666353973E-01  1.924059067E-01  2.129382312E-01
  2.300927164E-01  2.606072762E-01  2.691100066E-01  2.989945104E-01  3.092732735E-01
  2.851006019E-01  3.092732735E-01  2.989945104E-01  2.691100066E-01  2.606072762E-01
  2.300927164E-01  2.129382312E-01  1.924059067E-01  1.666353973E-01  1.330250452E-01
  8.773997072E-02  6.431939405E-02  4.034603481E-02  3.508091821E-02  3.394237540E-02
 -3.480008854E-02 -2.904302551E-02 -1.516430081E-02  1.312094716E-02  3.417992554E-02
  5.720324481E-02  8.005584039E-02  1.102819316E-01  1.636219145E-01  1.811562394E-01
  2.129382312E-01  2.561152218E-01  2.604099582E-01  2.656586967E-01  2.761110746E-01
  2.805186868E-01  2.761110746E-01  2.656586967E-01  2.604099582E-01  2.561152218E-01
  2.129382312E-01  1.811562394E-01  1.636219145E-01  1.102819316E-01  8.005584039E-02
  5.720324481E-02  3.417992554E-02  1.312094716E-02 -1.516430081E-02 -2.904302551E-02
 -1.233655490E-01 -1.260979434E-01 -1.132770092E-01 -7.616363585E-02 -4.005611882E-02
  5.588793226E-03  3.955975139E-02  6.895281509E-02  1.199920115E-01  1.636219145E-01
  1.924059067E-01  2.038054065E-01  2.397632973E-01  2.550886114E-01  2.574566981E-01
  2.787316020E-01  2.574566981E-01  2.550886114E-01  2.397632973E-01  2.038054065E-01
  1.924059067E-01  1.636219145E-01  1.199920115E-01  6.895281509E-02  3.955975139E-02
  5.588793226E-03 -4.005611882E-02 -7.616363585E-02 -1.132770092E-01 -1.260979434E-01
 -1.860002032E-01 -1.814243730E-01 -1.734896561E-01 -1.535882946E-01 -1.119581206E-01
 -6.301067656E-02  3.092841059E-04  5.515497921E-02  6.895281509E-02  1.102819316E-01
  1.666353973E-01  1.852800580E-01  2.205672258E-01  2.395183499E-01  2.357149566E-01
  2.430396519E-01  2.357149566E-01  2.395183499E-01  2.205672258E-01  1.852800580E-01
  1.666353973E-01  1.102819316E-01  6.895281509E-02  5.515497921E-02  3.092841059E-04
 -6.301067656E-02 -1.119581206E-01 -1.535882946E-01 -1.734896561E-01 -1.814243730E-01
 -3.097721602E-01 -2.891366506E-01 -2.530866407E-01 -2.181389258E-01 -1.672771990E-01
 -1.322971413E-01 -7.925197064E-02  3.092841059E-04  3.955975139E-02  8.005584039E-02
  1.330250452E-01  1.742925665E-01  1.922901907E-01  2.109573549E-01  2.242653705E-01
  2.171922783E-01  2.242653705E-01  2.109573549E-01  1.922901907E-01  1.742925665E-01
  1.330250452E-01  8.005584039E-02  3.955975139E-02  3.092841059E-04 -7.925197064E-02
 -1.322971413E-01 -1.672771990E-01 -2.181389258E-01 -2.530866407E-01 -2.891366506E-01
 -4.270451085E-01 -4.208351391E-01 -3.870213016E-01 -3.269946463E-01 -2.467441656E-01
 -1.847804107E-01 -1.322971413E-01 -6.301067656E-02  5.588793226E-03  5.720324481E-02
  8.773997072E-02  1.481420963E-01  1.770289591E-01  1.950621995E-01  2.103598695E-01
  1.926915239E-01  2.103598695E-01  1.950621995E-01  1.770289591E-01  1.481420963E-01
  8.773997072E-02  5.720324481E-02  5.588793226E-03 -6.301067656E-02 -1.322971413E-01
 -1.847804107E-01 -2.467441656E-01 -3.269946463E-01 -3.870213016E-01 -4.208351391E-01
 -5.078337703E-01 -5.061231895E-01 -4.823554652E-01 -4.280285141E-01 -3.415991552E-01
 -2.467441656E-01 -1.672771990E-01 -1.119581206E-01 -4.005611882E-02  3.417992554E-02
  6.431939405E-02  1.225540813E-01  1.504696936E-01  1.677704326E-01  1.992776151E-01
  1.944228595E-01  1.992776151E-01  1.677704326E-01  1.504696936E-01  1.225540813E-01
  6.431939405E-02  3.417992554E-02 -4.005611882E-02 -1.119581206E-01 -1.672771990E-01
 -2.467441656E-01 -3.415991552E-01 -4.280285141E-01 -4.823554652E-01 -5.061231895E-01
 -5.920269115E-01 -5.774883919E-01 -5.430950697E-01 -4.977919536E-01 -4.280285141E-01
 -3.269946463E-01 -2.181389258E-01 -1.535882946E-01 -7.616363585E-02  1.312094716E-02
  4.034603481E-02  9.467641746E-02  1.417788734E-01  1.670156861E-01  1.841544451E-01
  1.717799756E-01  1.841544451E-01  1.670156861E-01  1.417788734E-01  9.467641746E-02
  4.034603481E-02  1.312094716E-02 -7.616363585E-02 -1.535882946E-01 -2.181389258E-01
 -3.269946463E-01 -4.280285141E-01 -4.977919536E-01 -5.430950697E-01 -5.774883919E-01
 -6.835853974E-01 -6.655005183E-01 -6.087112178E-01 -5.430950697E-01 -4.823554652E-01
 -3.870213016E-01 -2.530866407E-01 -1.734896561E-01 -1.132770092E-01 -1.516430081E-02
  3.508091821E-02  8.482695118E-02  1.287495192E-01  1.516100905E-01  1.698186221E-01
  1.645196653E-01  1.698186221E-01  1.516100905E-01  1.287495192E-01  8.482695118E-02
  3.508091821E-02 -1.516430081E-02 -1.132770092E-01 -1.734896561E-01 -2.530866407E-01
 -3.870213016E-01 -4.823554652E-01 -5.430950697E-01 -6.087112178E-01 -6.655005183E-01
 -7.641323232E-01 -7.432234927E-01 -6.655005183E-01 -5.774883919E-01 -5.061231895E-01
 -4.208351391E-01 -2.891366506E-01 -1.814243730E-01 -1.260979434E-01 -2.904302551E-02
  3.394237540E-02  7.023279881E-02  1.133012459E-01  1.358862075E-01  1.629149024E-01
  1.742589525E-01  1.629149024E-01  1.358862075E-01  1.133012459E-01  7.023279881E-02
  3.394237540E-02 -2.904302551E-02 -1.260979434E-01 -1.814243730E-01 -2.891366506E-01
 -4.208351391E-01 -5.061231895E-01 -5.774883919E-01 -6.655005183E-01 -7.432234927E-01
 -1.126992615E+00 -1.098013019E+00 -1.030733762E+00 -9.140868513E-01 -7.103539785E-01
 -5.385902382E-01 -4.539645948E-01 -3.097721602E-01 -1.854513879E-01 -1.152199496E-01
 -1.945620360E-02  2.822813665E-02  9.022971997E-02  1.246594923E-01  1.219932008E-01
  1.431225509E-01  1.219932008E-01  1.246594923E-01  9.022971997E-02  2.822813665E-02
 -1.945620360E-02 -1.152199496E-01 -1.854513879E-01 -3.097721602E-01 -4.539645948E-01
 -5.385902382E-01 -7.103539785E-01 -9.140868513E-01 -1.030733762E+00 -1.098013019E+00
 -1.098013019E+00 -1.073465455E+00 -1.005697543E+00 -8.749143396E-01 -6.862402181E-01
 -5.405316133E-01 -4.395073559E-01 -2.891366506E-01 -1.802906191E-01 -1.104844354E-01
 -8.431302342E-03  3.562925134E-02  7.814824860E-02  1.140545680E-01  1.320270464E-01
  1.597008441E-01  1.320270464E-01  1.140545680E-01  7.814824860E-02  3.562925134E-02
 -8.431302342E-03 -1.104844354E-01 -1.802906191E-01 -2.891366506E-01 -4.395073559E-01
 -5.405316133E-01 -6.862402181E-01 -8.749143396E-01 -1.005697543E+00 -1.073465455E+00
 -1.030733762E+00 -1.005697543E+00 -9.348675161E-01 -7.870356467E-01 -6.120640413E-01
 -5.064263312E-01 -3.991437303E-01 -2.530866407E-01 -1.646952031E-01 -9.360153716E-02
 -4.930488508E-05  4.564897138E-02  9.111824532E-02  1.275131106E-01  1.345120335E-01
  1.442584380E-01  1.345120335E-01  1.275131106E-01  9.111824532E-02  4.564897138E-02
 -4.930488508E-05 -9.360153716E-02 -1.646952031E-01 -2.530866407E-01 -3.991437303E-01
 -5.064263312E-01 -6.120640413E-01 -7.870356467E-01 -9.348675161E-01 -1.005697543E+00
 -9.140868513E-01 -8.749143396E-01 -7.870356467E-01 -6.656346663E-01 -5.431584660E-01
 -4.643306160E-01 -3.505894432E-01 -2.181389258E-01 -1.427420912E-01 -5.669888447E-02
  1.996998803E-02  6.024104024E-02  1.078983007E-01  1.376763707E-01  1.483149625E-01
  1.548283994E-01  1.483149625E-01  1.376763707E-01  1.078983007E-01  6.024104024E-02
  1.996998803E-02 -5.669888447E-02 -1.427420912E-01 -2.181389258E-01 -3.505894432E-01
 -4.643306160E-01 -5.431584660E-01 -6.656346663E-01 -7.870356467E-01 -8.749143396E-01
 -7.103539785E-01 -6.862402181E-01 -6.120640413E-01 -5.431584660E-01 -4.853135975E-01
 -3.955943640E-01 -2.632059481E-01 -1.672771990E-01 -1.150377030E-01 -2.262519252E-02
  3.854461391E-02  9.060055926E-02  1.282473775E-01  1.404770802E-01  1.681140392E-01
  1.758511033E-01  1.681140392E-01  1.404770802E-01  1.282473775E-01  9.060055926E-02
  3.854461391E-02 -2.262519252E-02 -1.150377030E-01 -1.672771990E-01 -2.632059481E-01
 -3.955943640E-01 -4.853135975E-01 -5.431584660E-01 -6.120640413E-01 -6.862402181E-01
 -5.385902382E-01 -5.405316133E-01 -5.064263312E-01 -4.643306160E-01 -3.955943640E-01
 -2.876552509E-01 -1.933611634E-01 -1.322971413E-01 -6.011029474E-02  2.641372736E-02
  5.063952870E-02  1.119119209E-01  1.463947783E-01  1.650196726E-01  1.978901673E-01
  1.832130050E-01  1.978901673E-01  1.650196726E-01  1.463947783E-01  1.119119209E-01
  5.063952870E-02  2.641372736E-02 -6.011029474E-02 -1.322971413E-01 -1.933611634E-01
 -2.876552509E-01 -3.955943640E-01 -4.643306160E-01 -5.064263312E-01 -5.405316133E-01
 -4.539645948E-01 -4.395073559E-01 -3.991437303E-01 -3.505894432E-01 -2.632059481E-01
 -1.933611634E-01 -1.495994883E-01 -7.925197064E-02 -1.834483695E-03  6.251752199E-02
  9.309101067E-02  1.474011630E-01  1.521161589E-01  1.755536101E-01  2.232828146E-01
  2.099233490E-01  2.232828146E-01  1.755536101E-01  1.521161589E-01  1.474011630E-01
  9.309101067E-02  6.251752199E-02 -1.834483695E-03 -7.925197064E-02 -1.495994883E-01
 -1.933611634E-01 -2.632059481E-01 -3.505894432E-01 -3.991437303E-01 -4.395073559E-01
 -3.097721602E-01 -2.891366506E-01 -2.530866407E-01 -2.181389258E-01 -1.672771990E-01
 -1.322971413E-01 -7.925197064E-02  3.092841059E-04  3.955975139E-02  8.005584039E-02
  1.330250452E-01  1.742925665E-01  1.922901907E-01  2.109573549E-01  2.242653705E-01
  2.171922783E-01  2.242653705E-01  2.109573549E-01  1.922901907E-01  1.742925665E-01
  1.330250452E-01  8.005584039E-02  3.955975139E-02  3.092841059E-04 -7.925197064E-02
 -1.322971413E-01 -1.672771990E-01 -2.181389258E-01 -2.530866407E-01 -2.891366506E-01
 -1.854513879E-01 -1.802906191E-01 -1.646952031E-01 -1.427420912E-01 -1.150377030E-01
 -6.011029474E-02 -1.834483695E-03  3.955975139E-02  8.262890288E-02  1.306782932E-01
  1.675438927E-01  1.810428778E-01  2.152040314E-01  2.352144655E-01  2.449098596E-01
  2.652824399E-01  2.449098596E-01  2.352144655E-01  2.152040314E-01  1.810428778E-01
  1.675438927E-01  1.306782932E-01  8.262890288E-02  3.955975139E-02 -1.834483695E-03
 -6.011029474E-02 -1.150377030E-01 -1.427420912E-01 -1.646952031E-01 -1.802906191E-01
 -1.152199496E-01 -1.104844354E-01 -9.360153716E-02 -5.669888447E-02 -2.262519252E-02
  2.641372736E-02  6.251752199E-02  8.005584039E-02  1.306782932E-01  1.609651313E-01
  1.898061646E-01  2.229419318E-01  2.403065814E-01  2.463877547E-01  2.587062588E-01
  2.771940997E-01  2.587062588E-01  2.463877547E-01  2.403065814E-01  2.229419318E-01
  1.898061646E-01  1.609651313E-01  1.306782932E-01  8.005584039E-02  6.251752199E-02
  2.641372736E-02 -2.262519252E-02 -5.669888447E-02 -9.360153716E-02 -1.104844354E-01
 -1.945620360E-02 -8.431302342E-03 -4.930488508E-05  1.996998803E-02  3.854461391E-02
  5.063952870E-02  9.309101067E-02  1.330250452E-01  1.675438927E-01  1.898061646E-01
  2.139832716E-01  2.460790513E-01  2.584947240E-01  2.818860800E-01  2.858468935E-01
  2.695048884E-01  2.858468935E-01  2.818860800E-01  2.584947240E-01  2.460790513E-01
  2.139832716E-01  1.898061646E-01  1.675438927E-01  1.330250452E-01  9.309101067E-02
  5.063952870E-02  3.854461391E-02  1.996998803E-02 -4.930488508E-05 -8.431302342E-03
  2.822813665E-02  3.562925134E-02  4.564897138E-02  6.024104024E-02  9.060055926E-02
  1.119119209E-01  1.474011630E-01  1.742925665E-01  1.810428778E-01  2.229419318E-01
  2.460790513E-01  2.568793301E-01  2.758784910E-01  2.922126738E-01  2.993258341E-01
  2.919646031E-01  2.993258341E-01  2.922126738E-01  2.758784910E-01  2.568793301E-01
  2.460790513E-01  2.229419318E-01  1.810428778E-01  1.742925665E-01  1.474011630E-01
  1.119119209E-01  9.060055926E-02  6.024104024E-02  4.564897138E-02  3.562925134E-02
  9.022971997E-02  7.814824860E-02  9.111824532E-02  1.078983007E-01  1.282473775E-01
  1.463947783E-01  1.521161589E-01  1.922901907E-01  2.152040314E-01  2.403065814E-01
  2.584947240E-01  2.758784910E-01  3.087326061E-01  3.034438101E-01  3.034166985E-01
  3.161686016E-01  3.034166985E-01  3.034438101E-01  3.087326061E-01  2.758784910E-01
  2.584947240E-01  2.403065814E-01  2.152040314E-01  1.922901907E-01  1.521161589E-01
  1.463947783E-01  1.282473775E-01  1.078983007E-01  9.111824532E-02  7.814824860E-02
  1.246594923E-01  1.140545680E-01  1.275131106E-01  1.376763707E-01  1.404770802E-01
  1.650196726E-01  1.755536101E-01  2.109573549E-01  2.352144655E-01  2.463877547E-01
  2.818860800E-01  2.922126738E-01  3.034438101E-01  3.159107556E-01  3.201977317E-01
  3.287929684E-01  3.201977317E-01  3.159107556E-01  3.034438101E-01  2.922126738E-01
  2.818860800E-01  2.463877547E-01  2.352144655E-01  2.109573549E-01  1.755536101E-01
  1.650196726E-01  1.404770802E-01  1.376763707E-01  1.275131106E-01  1.140545680E-01
  1.219932008E-01  1.320270464E-01  1.345120335E-01  1.483149625E-01  1.681140392E-01
  1.978901673E-01  2.232828146E-01  2.242653705E-01  2.449098596E-01  2.587062588E-01
  2.858468935E-01  2.993258341E-01  3.034166985E-01  3.201977317E-01  3.223387922E-01
  3.253807203E-01  3.223387922E-01  3.201977317E-01  3.034166985E-01  2.993258341E-01
  2.858468935E-01  2.587062588E-01  2.449098596E-01  2.242653705E-01  2.232828146E-01
  1.978901673E-01  1.681140392E-01  1.483149625E-01  1.345120335E-01  1.320270464E-01
  1.431225509E-01  1.597008441E-01  1.442584380E-01  1.548283994E-01  1.758511033E-01
  1.832130050E-01  2.099233490E-01  2.171922783E-01  2.652824399E-01  2.771940997E-01
  2.695048884E-01  2.919646031E-01  3.161686016E-01  3.287929684E-01  3.253807203E-01
  3.300892356E-01  3.253807203E-01  3.287929684E-01  3.161686016E-01  2.919646031E-01
  2.695048884E-01  2.771940997E-01  2.652824399E-01  2.171922783E-01  2.099233490E-01
  1.832130050E-01  1.758511033E-01  1.548283994E-01  1.442584380E-01  1.597008441E-01
  1.219932008E-01  1.320270464E-01  1.345120335E-01  1.483149625E-01  1.681140392E-01
  1.978901673E-01  2.232828146E-01  2.242653705E-01  2.449098596E-01  2.587062588E-01
  2.858468935E-01  2.993258341E-01  3.034166985E-01  3.201977317E-01  3.223387922E-01
  3.253807203E-01  3.223387922E-01  3.201977317E-01  3.034166985E-01  2.993258341E-01
  2.858468935E-01  2.587062588E-01  2.449098596E-01  2.242653705E-01  2.232828146E-01
  1.978901673E-01  1.681140392E-01  1.483149625E-01  1.345120335E-01  1.320270464E-01
  1.246594923E-01  1.140545680E-01  1.275131106E-01  1.376763707E-01  1.404770802E-01
  1.650196726E-01  1.755536101E-01  2.109573549E-01  2.352144655E-01  2.463877547E-01
  2.818860800E-01  2.922126738E-01  3.034438101E-01  3.159107556E-01  3.201977317E-01
  3.287929684E-01  3.201977317E-01  3.159107556E-01  3.034438101E-01  2.922126738E-01
  2.818860800E-01  2.463877547E-01  2.352144655E-01  2.109573549E-01  1.755536101E-01
  1.650196726E-01  1.404770802E-01  1.376763707E-01  1.275131106E-01  1.140545680E-01
  9.022971997E-02  7.814824860E-02  9.111824532E-02  1.078983007E-01  1.282473775E-01
  1.463947783E-01  1.521161589E-01  1.922901907E-01  2.152040314E-01  2.403065814E-01
  2.584947240E-01  2.758784910E-01  3.087326061E-01  3.034438101E-01  3.034166985E-01
  3.161686016E-01  3.034166985E-01  3.034438101E-01  3.087326061E-01  2.758784910E-01
  2.584947240E-01  2.403065814E-01  2.152040314E-01  1.922901907E-01  1.521161589E-01
  1.463947783E-01  1.282473775E-01  1.078983007E-01  9.111824532E-02  7.814824860E-02
  2.822813665E-02  3.562925134E-02  4.564897138E-02  6.024104024E-02  9.060055926E-02
  1.119119209E-01  1.474011630E-01  1.742925665E-01  1.810428778E-01  2.229419318E-01
  2.460790513E-01  2.568793301E-01  2.758784910E-01  2.922126738E-01  2.993258341E-01
  2.919646031E-01  2.993258341E-01  2.922126738E-01  2.758784910E-01  2.568793301E-01
  2.460790513E-01  2.229419318E-01  1.810428778E-01  1.742925665E-01  1.474011630E-01
  1.119119209E-01  9.060055926E-02  6.024104024E-02  4.564897138E-02  3.562925134E-02
 -1.945620360E-02 -8.431302342E-03 -4.930488508E-05  1.996998803E-02  3.854461391E-02
  5.063952870E-02  9.309101067E-02  1.330250452E-01  1.675438927E-01  1.898061646E-01
  2.139832716E-01  2.460790513E-01  2.584947240E-01  2.818860800E-01  2.858468935E-01
  2.695048884E-01  2.858468935E-01  2.818860800E-01  2.584947240E-01  2.460790513E-01
  2.139832716E-01  1.898061646E-01  1.675438927E-01  1.330250452E-01  9.309101067E-02
  5.063952870E-02  3.854461391E-02  1.996998803E-02 -4.930488508E-05 -8.431302342E-03
 -1.152199496E-01 -1.104844354E-01 -9.360153716E-02 -5.669888447E-02 -2.262519252E-02
  2.641372736E-02  6.251752199E-02  8.005584039E-02  1.306782932E-01  1.609651313E-01
  1.898061646E-01  2.229419318E-01  2.403065814E-01  2.463877547E-01  2.587062588E-01
  2.771940997E-01  2.587062588E-01  2.463877547E-01  2.403065814E-01  2.229419318E-01
  1.898061646E-01  1.609651313E-01  1.306782932E-01  8.005584039E-02  6.251752199E-02
  2.641372736E-02 -2.262519252E-02 -5.669888447E-02 -9.360153716E-02 -1.104844354E-01
 -1.854513879E-01 -1.802906191E-01 -1.646952031E-01 -1.427420912E-01 -1.150377030E-01
 -6.011029474E-02 -1.834483695E-03  3.955975139E-02  8.262890288E-02  1.306782932E-01
  1.675438927E-01  1.810428778E-01  2.152040314E-01  2.352144655E-01  2.449098596E-01
  2.652824399E-01  2.449098596E-01  2.352144655E-01  2.152040314E-01  1.810428778E-01
  1.675438927E-01  1.306782932E-01  8.262890288E-02  3.955975139E-02 -1.834483695E-03
 -6.011029474E-02 -1.150377030E-01 -1.427420912E-01 -1.646952031E-01 -1.802906191E-01
 -3.097721602E-01 -2.891366506E-01 -2.530866407E-01 -2.181389258E-01 -1.672771990E-01
 -1.322971413E-01 -7.925197064E-02  3.092841059E-04  3.955975139E-02  8.005584039E-02
  1.330250452E-01  1.742925665E-01  1.922901907E-01  2.109573549E-01  2.242653705E-01
  2.171922783E-01  2.242653705E-01  2.109573549E-01  1.922901907E-01  1.742925665E-01
  1.330250452E-01  8.005584039E-02  3.955975139E-02  3.092841059E-04 -7.925197064E-02
 -1.322971413E-01 -1.672771990E-01 -2.181389258E-01 -2.530866407E-01 -2.891366506E-01
 -4.539645948E-01 -4.395073559E-01 -3.991437303E-01 -3.505894432E-01 -2.632059481E-01
 -1.933611634E-01 -1.495994883E-01 -7.925197064E-02 -1.834483695E-03  6.251752199E-02
  9.309101067E-02  1.474011630E-01  1.521161589E-01  1.755536101E-01  2.232828146E-01
  2.099233490E-01  2.232828146E-01  1.755536101E-01  1.521161589E-01  1.474011630E-01
  9.309101067E-02  6.251752199E-02 -1.834483695E-03 -7.925197064E-02 -1.495994883E-01
 -1.933611634E-01 -2.632059481E-01 -3.505894432E-01 -3.991437303E-01 -4.395073559E-01
 -5.385902382E-01 -5.405316133E-01 -5.064263312E-01 -4.643306160E-01 -3.955943640E-01
 -2.876552509E-01 -1.933611634E-01 -1.322971413E-01 -6.011029474E-02  2.641372736E-02
  5.063952870E-02  1.119119209E-01  1.463947783E-01  1.650196726E-01  1.978901673E-01
  1.832130050E-01  1.978901673E-01  1.650196726E-01  1.463947783E-01  1.119119209E-01
  5.063952870E-02  2.641372736E-02 -6.011029474E-02 -1.322971413E-01 -1.933611634E-01
 -2.876552509E-01 -3.955943640E-01 -4.643306160E-01 -5.064263312E-01 -5.405316133E-01
 -7.103539785E-01 -6.862402181E-01 -6.120640413E-01 -5.431584660E-01 -4.853135975E-01
 -3.955943640E-01 -2.632059481E-01 -1.672771990E-01 -1.150377030E-01 -2.262519252E-02
  3.854461391E-02  9.060055926E-02  1.282473775E-01  1.404770802E-01  1.681140392E-01
  1.758511033E-01  1.681140392E-01  1.404770802E-01  1.282473775E-01  9.060055926E-02
  3.854461391E-02 -2.262519252E-02 -1.150377030E-01 -1.672771990E-01 -2.632059481E-01
 -3.955943640E-01 -4.853135975E-01 -5.431584660E-01 -6.120640413E-01 -6.862402181E-01
 -9.140868513E-01 -8.749143396E-01 -7.870356467E-01 -6.656346663E-01 -5.431584660E-01
 -4.643306160E-01 -3.505894432E-01 -2.181389258E-01 -1.427420912E-01 -5.669888447E-02
  1.996998803E-02  6.024104024E-02  1.078983007E-01  1.376763707E-01  1.483149625E-01
  1.548283994E-01  1.483149625E-01  1.376763707E-01  1.078983007E-01  6.024104024E-02
  1.996998803E-02 -5.669888447E-02 -1.427420912E-01 -2.181389258E-01 -3.505894432E-01
 -4.643306160E-01 -5.431584660E-01 -6.656346663E-01 -7.870356467E-01 -8.749143396E-01
 -1.030733762E+00 -1.005697543E+00 -9.348675161E-01 -7.870356467E-01 -6.120640413E-01
 -5.064263312E-01 -3.991437303E-01 -2.530866407E-01 -1.646952031E-01 -9.360153716E-02
 -4.930488508E-05  4.564897138E-02  9.111824532E-02  1.275131106E-01  1.345120335E-01
  1.442584380E-01  1.345120335E-01  1.275131106E-01  9.111824532E-02  4.564897138E-02
 -4.930488508E-05 -9.360153716E-02 -1.646952031E-01 -2.530866407E-01 -3.991437303E-01
 -5.064263312E-01 -6.120640413E-01 -7.870356467E-01 -9.348675161E-01 -1.005697543E+00
 -1.098013019E+00 -1.073465455E+00 -1.005697543E+00 -8.749143396E-01 -6.862402181E-01
 -5.405316133E-01 -4.395073559E-01 -2.891366506E-01 -1.802906191E-01 -1.104844354E-01
 -8.431302342E-03  3.562925134E-02  7.814824860E-02  1.140545680E-01  1.320270464E-01
  1.597008441E-01  1.320270464E-01  1.140545680E-01  7.814824860E-02  3.562925134E-02
 -8.431302342E-03 -1.104844354E-01 -1.802906191E-01 -2.891366506E-01 -4.395073559E-01
 -5.405316133E-01 -6.862402181E-01 -8.749143396E-01 -1.005697543E+00 -1.073465455E+00
 -1.613591343E+00 -1.533657476E+00 -1.344524414E+00 -1.157006116E+00 -1.002288640E+00
 -7.455447154E-01 -5.385902382E-01 -4.270451085E-01 -2.604530221E-01 -1.669976407E-01
 -7.541435619E-02 -2.528256958E-04  4.528814486E-02  9.009736755E-02  9.740512422E-02
  1.100668856E-01  9.740512422E-02  9.009736755E-02  4.528814486E-02 -2.528256958E-04
 -7.541435619E-02 -1.669976407E-01 -2.604530221E-01 -4.270451085E-01 -5.385902382E-01
 -7.455447154E-01 -1.002288640E+00 -1.157006116E+00 -1.344524414E+00 -1.533657476E+00
 -1.533657476E+00 -1.458383918E+00 -1.290098384E+00 -1.124478547E+00 -9.834181890E-01
 -7.425660866E-01 -5.405316133E-01 -4.208351391E-01 -2.502899659E-01 -1.607669337E-01
 -6.929098155E-02  6.664503408E-03  4.690957458E-02  9.045655692E-02  1.060394571E-01
  1.248014480E-01  1.060394571E-01  9.045655692E-02  4.690957458E-02  6.664503408E-03
 -6.929098155E-02 -1.607669337E-01 -2.502899659E-01 -4.208351391E-01 -5.405316133E-01
 -7.425660866E-01 -9.834181890E-01 -1.124478547E+00 -1.290098384E+00 -1.458383918E+00
 -1.344524414E+00 -1.290098384E+00 -1.190430131E+00 -1.067872280E+00 -8.973516931E-01
 -6.655543977E-01 -5.064263312E-01 -3.870213016E-01 -2.233178414E-01 -1.482406506E-01
 -5.908369368E-02  1.406110060E-02  6.246965580E-02  1.045779195E-01  1.107657003E-01
  1.290229052E-01  1.107657003E-01  1.045779195E-01  6.246965580E-02  1.406110060E-02
 -5.908369368E-02 -1.482406506E-01 -2.233178414E-01 -3.870213016E-01 -5.064263312E-01
 -6.655543977E-01 -8.973516931E-01 -1.067872280E+00 -1.190430131E+00 -1.290098384E+00
 -1.157006116E+00 -1.124478547E+00 -1.067872280E+00 -9.596941250E-01 -7.597572401E-01
 -5.689725695E-01 -4.643306160E-01 -3.269946463E-01 -1.895090318E-01 -1.215917096E-01
 -2.362385523E-02  2.303861752E-02  6.966015284E-02  1.119438366E-01  1.257855546E-01
  1.571975379E-01  1.257855546E-01  1.119438366E-01  6.966015284E-02  2.303861752E-02
 -2.362385523E-02 -1.215917096E-01 -1.895090318E-01 -3.269946463E-01 -4.643306160E-01
 -5.689725695E-01 -7.597572401E-01 -9.596941250E-01 -1.067872280E+00 -1.124478547E+00
 -1.002288640E+00 -9.834181890E-01 -8.973516931E-01 -7.597572401E-01 -6.068216751E-01
 -4.928577009E-01 -3.955943640E-01 -2.467441656E-01 -1.581319224E-01 -8.586384541E-02
  1.147024464E-02  4.644418521E-02  9.713134140E-02  1.285628193E-01  1.373806037E-01
  1.611447031E-01  1.373806037E-01  1.285628193E-01  9.713134140E-02  4.644418521E-02
  1.147024464E-02 -8.586384541E-02 -1.581319224E-01 -2.467441656E-01 -3.955943640E-01
 -4.928577009E-01 -6.068216751E-01 -7.597572401E-01 -8.973516931E-01 -9.834181890E-01
 -7.455447154E-01 -7.425660866E-01 -6.655543977E-01 -5.689725695E-01 -4.928577009E-01
 -3.988189533E-01 -2.876552509E-01 -1.847804107E-01 -1.178546978E-01 -2.563588864E-02
  2.926705734E-02  7.298660637E-02  1.313912621E-01  1.550390537E-01  1.574277285E-01
  1.482797833E-01  1.574277285E-01  1.550390537E-01  1.313912621E-01  7.298660637E-02
  2.926705734E-02 -2.563588864E-02 -1.178546978E-01 -1.847804107E-01 -2.876552509E-01
 -3.988189533E-01 -4.928577009E-01 -5.689725695E-01 -6.655543977E-01 -7.425660866E-01
 -5.385902382E-01 -5.405316133E-01 -5.064263312E-01 -4.643306160E-01 -3.955943640E-01
 -2.876552509E-01 -1.933611634E-01 -1.322971413E-01 -6.011029474E-02  2.641372736E-02
  5.063952870E-02  1.119119209E-01  1.463947783E-01  1.650196726E-01  1.978901673E-01
  1.832130050E-01  1.978901673E-01  1.650196726E-01  1.463947783E-01  1.119119209E-01
  5.063952870E-02  2.641372736E-02 -6.011029474E-02 -1.322971413E-01 -1.933611634E-01
 -2.876552509E-01 -3.955943640E-01 -4.643306160E-01 -5.064263312E-01 -5.405316133E-01
 -4.270451085E-01 -4.208351391E-01 -3.870213016E-01 -3.269946463E-01 -2.467441656E-01
 -1.847804107E-01 -1.322971413E-01 -6.301067656E-02  5.588793226E-03  5.720324481E-02
  8.773997072E-02  1.481420963E-01  1.770289591E-01  1.950621995E-01  2.103598695E-01
  1.926915239E-01  2.103598695E-01  1.950621995E-01  1.770289591E-01  1.481420963E-01
  8.773997072E-02  5.720324481E-02  5.588793226E-03 -6.301067656E-02 -1.322971413E-01
 -1.847804107E-01 -2.467441656E-01 -3.269946463E-01 -3.870213016E-01 -4.208351391E-01
 -2.604530221E-01 -2.502899659E-01 -2.233178414E-01 -1.895090318E-01 -1.581319224E-01
 -1.178546978E-01 -6.011029474E-02  5.588793226E-03  5.254990046E-02  9.521469303E-02
  1.439412390E-01  1.648616769E-01  1.976008864E-01  2.251534032E-01  2.244354670E-01
  2.271521045E-01  2.244354670E-01  2.251534032E-01  1.976008864E-01  1.648616769E-01
  1.439412390E-01  9.521469303E-02  5.254990046E-02  5.588793226E-03 -6.011029474E-02
 -1.178546978E-01 -1.581319224E-01 -1.895090318E-01 -2.233178414E-01 -2.502899659E-01
 -1.669976407E-01 -1.607669337E-01 -1.482406506E-01 -1.215917096E-01 -8.586384541E-02
 -2.563588864E-02  2.641372736E-02  5.720324481E-02  9.521469303E-02  1.309608420E-01
  1.744018779E-01  1.907191701E-01  2.253891854E-01  2.433776541E-01  2.415693531E-01
  2.622382830E-01  2.415693531E-01  2.433776541E-01  2.253891854E-01  1.907191701E-01
  1.744018779E-01  1.309608420E-01  9.521469303E-02  5.720324481E-02  2.641372736E-02
 -2.563588864E-02 -8.586384541E-02 -1.215917096E-01 -1.482406506E-01 -1.607669337E-01
 -7.541435619E-02 -6.929098155E-02 -5.908369368E-02 -2.362385523E-02  1.147024464E-02
  2.926705734E-02  5.063952870E-02  8.773997072E-02  1.439412390E-01  1.744018779E-01
  2.019200024E-01  2.289906970E-01  2.447821422E-01  2.556353045E-01  2.663118816E-01
  2.783081923E-01  2.663118816E-01  2.556353045E-01  2.447821422E-01  2.289906970E-01
  2.019200024E-01  1.744018779E-01  1.439412390E-01  8.773997072E-02  5.063952870E-02
  2.926705734E-02  1.147024464E-02 -2.362385523E-02 -5.908369368E-02 -6.929098155E-02
 -2.528256958E-04  6.664503408E-03  1.406110060E-02  2.303861752E-02  4.644418521E-02
  7.298660637E-02  1.119119209E-01  1.481420963E-01  1.648616769E-01  1.907191701E-01
  2.289906970E-01  2.573627094E-01  2.572231588E-01  2.706842391E-01  2.922991636E-01
  2.921350960E-01  2.922991636E-01  2.706842391E-01  2.572231588E-01  2.573627094E-01
  2.289906970E-01  1.907191701E-01  1.648616769E-01  1.481420963E-01  1.119119209E-01
  7.298660637E-02  4.644418521E-02  2.303861752E-02  1.406110060E-02  6.664503408E-03
  4.528814486E-02  4.690957458E-02  6.246965580E-02  6.966015284E-02  9.713134140E-02
  1.313912621E-01  1.463947783E-01  1.770289591E-01  1.976008864E-01  2.253891854E-01
  2.447821422E-01  2.572231588E-01  2.786769082E-01  2.938713292E-01  2.992964833E-01
  2.950452919E-01  2.992964833E-01  2.938713292E-01  2.786769082E-01  2.572231588E-01
  2.447821422E-01  2.253891854E-01  1.976008864E-01  1.770289591E-01  1.463947783E-01
  1.313912621E-01  9.713134140E-02  6.966015284E-02  6.246965580E-02  4.690957458E-02
  9.009736755E-02  9.045655692E-02  1.045779195E-01  1.119438366E-01  1.285628193E-01
  1.550390537E-01  1.650196726E-01  1.950621995E-01  2.251534032E-01  2.433776541E-01
  2.556353045E-01  2.706842391E-01  2.938713292E-01  2.992462563E-01  3.058244730E-01
  3.157676175E-01  3.058244730E-01  2.992462563E-01  2.938713292E-01  2.706842391E-01
  2.556353045E-01  2.433776541E-01  2.251534032E-01  1.950621995E-01  1.650196726E-01
  1.550390537E-01  1.285628193E-01  1.119438366E-01  1.045779195E-01  9.045655692E-02
  9.740512422E-02  1.060394571E-01  1.107657003E-01  1.257855546E-01  1.373806037E-01
  1.574277285E-01  1.978901673E-01  2.103598695E-01  2.244354670E-01  2.415693531E-01
  2.663118816E-01  2.922991636E-01  2.992964833E-01  3.058244730E-01  3.145144189E-01
  3.199833698E-01  3.145144189E-01  3.058244730E-01  2.992964833E-01  2.922991636E-01
  2.663118816E-01  2.415693531E-01  2.244354670E-01  2.103598695E-01  1.978901673E-01
  1.574277285E-01  1.373806037E-01  1.257855546E-01  1.107657003E-01  1.060394571E-01
  1.100668856E-01  1.248014480E-01  1.290229052E-01  1.571975379E-01  1.611447031E-01
  1.482797833E-01  1.832130050E-01  1.926915239E-01  2.271521045E-01  2.622382830E-01
  2.783081923E-01  2.921350960E-01  2.950452919E-01  3.157676175E-01  3.199833698E-01
  3.115834500E-01  3.199833698E-01  3.157676175E-01  2.950452919E-01  2.921350960E-01
  2.783081923E-01  2.622382830E-01  2.271521045E-01  1.926915239E-01  1.832130050E-01
  1.482797833E-01  1.611447031E-01  1.571975379E-01  1.290229052E-01  1.248014480E-01
  9.740512422E-02  1.060394571E-01  1.107657003E-01  1.257855546E-01  1.373806037E-01
  1.574277285E-01  1.978901673E-01  2.103598695E-01  2.244354670E-01  2.415693531E-01
  2.663118816E-01  2.922991636E-01  2.992964833E-01  3.058244730E-01  3.145144189E-01
  3.199833698E-01  3.145144189E-01  3.058244730E-01  2.992964833E-01  2.922991636E-01
  2.663118816E-01  2.415693531E-01  2.244354670E-01  2.103598695E-01  1.978901673E-01
  1.574277285E-01  1.373806037E-01  1.257855546E-01  1.107657003E-01  1.060394571E-01
  9.009736755E-02  9.045655692E-02  1.045779195E-01  1.119438366E-01  1.285628193E-01
  1.550390537E-01  1.650196726E-01  1.950621995E-01  2.251534032E-01  2.433776541E-01
  2.556353045E-01  2.706842391E-01  2.938713292E-01  2.992462563E-01  3.058244730E-01
  3.157676175E-01  3.058244730E-01  2.992462563E-01  2.938713292E-01  2.706842391E-01
  2.556353045E-01  2.433776541E-01  2.251534032E-01  1.950621995E-01  1.650196726E-01
  1.550390537E-01  1.285628193E-01  1.119438366E-01  1.045779195E-01  9.045655692E-02
  4.528814486E-02  4.690957458E-02  6.246965580E-02  6.966015284E-02  9.713134140E-02
  1.313912621E-01  1.463947783E-01  1.770289591E-01  1.976008864E-01  2.253891854E-01
  2.447821422E-01  2.572231588E-01  2.786769082E-01  2.938713292E-01  2.992964833E-01
  2.950452919E-01  2.992964833E-01  2.938713292E-01  2.786769082E-01  2.572231588E-01
  2.447821422E-01  2.253891854E-01  1.976008864E-01  1.770289591E-01  1.463947783E-01
  1.313912621E-01  9.713134140E-02  6.966015284E-02  6.246965580E-02  4.690957458E-02
 -2.528256958E-04  6.664503408E-03  1.406110060E-02  2.303861752E-02  4.644418521E-02
  7.298660637E-02  1.119119209E-01  1.481420963E-01  1.648616769E-01  1.907191701E-01
  2.289906970E-01  2.573627094E-01  2.572231588E-01  2.706842391E-01  2.922991636E-01
  2.921350960E-01  2.922991636E-01  2.706842391E-01  2.572231588E-01  2.573627094E-01
  2.289906970E-01  1.907191701E-01  1.648616769E-01  1.481420963E-01  1.119119209E-01
  7.298660637E-02  4.644418521E-02  2.303861752E-02  1.406110060E-02  6.664503408E-03
 -7.541435619E-02 -6.929098155E-02 -5.908369368E-02 -2.362385523E-02  1.147024464E-02
  2.926705734E-02  5.063952870E-02  8.773997072E-02  1.439412390E-01  1.744018779E-01
  2.019200024E-01  2.289906970E-01  2.447821422E-01  2.556353045E-01  2.663118816E-01
  2.783081923E-01  2.663118816E-01  2.556353045E-01  2.447821422E-01  2.289906970E-01
  2.019200024E-01  1.744018779E-01  1.439412390E-01  8.773997072E-02  5.063952870E-02
  2.926705734E-02  1.147024464E-02 -2.362385523E-02 -5.908369368E-02 -6.929098155E-02
 -1.669976407E-01 -1.607669337E-01 -1.482406506E-01 -1.215917096E-01 -8.586384541E-02
 -2.563588864E-02  2.641372736E-02  5.720324481E-02  9.521469303E-02  1.309608420E-01
  1.744018779E-01  1.907191701E-01  2.253891854E-01  2.433776541E-01  2.415693531E-01
  2.622382830E-01  2.415693531E-01  2.433776541E-01  2.253891854E-01  1.907191701E-01
  1.744018779E-01  1.309608420E-01  9.521469303E-02  5.720324481E-02  2.641372736E-02
 -2.563588864E-02 -8.586384541E-02 -1.215917096E-01 -1.482406506E-01 -1.607669337E-01
 -2.604530221E-01 -2.502899659E-01 -2.233178414E-01 -1.895090318E-01 -1.581319224E-01
 -1.178546978E-01 -6.011029474E-02  5.588793226E-03  5.254990046E-02  9.521469303E-02
  1.439412390E-01  1.648616769E-01  1.976008864E-01  2.251534032E-01  2.244354670E-01
  2.271521045E-01  2.244354670E-01  2.251534032E-01  1.976008864E-01  1.648616769E-01
  1.439412390E-01  9.521469303E-02  5.254990046E-02  5.588793226E-03 -6.011029474E-02
 -1.178546978E-01 -1.581319224E-01 -1.895090318E-01 -2.233178414E-01 -2.502899659E-01
 -4.270451085E-01 -4.208351391E-01 -3.870213016E-01 -3.269946463E-01 -2.467441656E-01
 -1.847804107E-01 -1.322971413E-01 -6.301067656E-02  5.588793226E-03  5.720324481E-02
  8.773997072E-02  1.481420963E-01  1.770289591E-01  1.950621995E-01  2.103598695E-01
  1.926915239E-01  2.103598695E-01  1.950621995E-01  1.770289591E-01  1.481420963E-01
  8.773997072E-02  5.720324481E-02  5.588793226E-03 -6.301067656E-02 -1.322971413E-01
 -1.847804107E-01 -2.467441656E-01 -3.269946463E-01 -3.870213016E-01 -4.208351391E-01
 -5.385902382E-01 -5.405316133E-01 -5.064263312E-01 -4.643306160E-01 -3.955943640E-01
 -2.876552509E-01 -1.933611634E-01 -1.322971413E-01 -6.011029474E-02  2.641372736E-02
  5.063952870E-02  1.119119209E-01  1.463947783E-01  1.650196726E-01  1.978901673E-01
  1.832130050E-01  1.978901673E-01  1.650196726E-01  1.463947783E-01  1.119119209E-01
  5.063952870E-02  2.641372736E-02 -6.011029474E-02 -1.322971413E-01 -1.933611634E-01
 -2.876552509E-01 -3.955943640E-01 -4.643306160E-01 -5.064263312E-01 -5.405316133E-01
 -7.455447154E-01 -7.425660866E-01 -6.655543977E-01 -5.689725695E-01 -4.928577009E-01
 -3.988189533E-01 -2.876552509E-01 -1.847804107E-01 -1.178546978E-01 -2.563588864E-02
  2.926705734E-02  7.298660637E-02  1.313912621E-01  1.550390537E-01  1.574277285E-01
  1.482797833E-01  1.574277285E-01  1.550390537E-01  1.313912621E-01  7.298660637E-02
  2.926705734E-02 -2.563588864E-02 -1.178546978E-01 -1.847804107E-01 -2.876552509E-01
 -3.988189533E-01 -4.928577009E-01 -5.689725695E-01 -6.655543977E-01 -7.425660866E-01
 -1.002288640E+00 -9.834181890E-01 -8.973516931E-01 -7.597572401E-01 -6.068216751E-01
 -4.928577009E-01 -3.955943640E-01 -2.467441656E-01 -1.581319224E-01 -8.586384541E-02
  1.147024464E-02  4.644418521E-02  9.713134140E-02  1.285628193E-01  1.373806037E-01
  1.611447031E-01  1.373806037E-01  1.285628193E-01  9.713134140E-02  4.644418521E-02
  1.147024464E-02 -8.586384541E-02 -1.581319224E-01 -2.467441656E-01 -3.955943640E-01
 -4.928577009E-01 -6.068216751E-01 -7.597572401E-01 -8.973516931E-01 -9.834181890E-01
 -1.157006116E+00 -1.124478547E+00 -1.067872280E+00 -9.596941250E-01 -7.597572401E-01
 -5.689725695E-01 -4.643306160E-01 -3.269946463E-01 -1.895090318E-01 -1.215917096E-01
 -2.362385523E-02  2.303861752E-02  6.966015284E-02  1.119438366E-01  1.257855546E-01
  1.571975379E-01  1.257855546E-01  1.119438366E-01  6.966015284E-02  2.303861752E-02
 -2.362385523E-02 -1.215917096E-01 -1.895090318E-01 -3.269946463E-01 -4.643306160E-01
 -5.689725695E-01 -7.597572401E-01 -9.596941250E-01 -1.067872280E+00 -1.124478547E+00
 -1.344524414E+00 -1.290098384E+00 -1.190430131E+00 -1.067872280E+00 -8.973516931E-01
 -6.655543977E-01 -5.064263312E-01 -3.870213016E-01 -2.233178414E-01 -1.482406506E-01
 -5.908369368E-02  1.406110060E-02  6.246965580E-02  1.045779195E-01  1.107657003E-01
  1.290229052E-01  1.107657003E-01  1.045779195E-01  6.246965580E-02  1.406110060E-02
 -5.908369368E-02 -1.482406506E-01 -2.233178414E-01 -3.870213016E-01 -5.064263312E-01
 -6.655543977E-01 -8.973516931E-01 -1.067872280E+00 -1.190430131E+00 -1.290098384E+00
 -1.533657476E+00 -1.458383918E+00 -1.290098384E+00 -1.124478547E+00 -9.834181890E-01
 -7.425660866E-01 -5.405316133E-01 -4.208351391E-01 -2.502899659E-01 -1.607669337E-01
 -6.929098155E-02  6.664503408E-03  4.690957458E-02  9.045655692E-02  1.060394571E-01
  1.248014480E-01  1.060394571E-01  9.045655692E-02  4.690957458E-02  6.664503408E-03
 -6.929098155E-02 -1.607669337E-01 -2.502899659E-01 -4.208351391E-01 -5.405316133E-01
 -7.425660866E-01 -9.834181890E-01 -1.124478547E+00 -1.290098384E+00 -1.458383918E+00
 -2.277732907E+00 -2.247339510E+00 -2.074712854E+00 -1.619274254E+00 -1.219542932E+00
 -1.002288640E+00 -7.103539785E-01 -5.078337703E-01 -3.629505147E-01 -2.159864961E-01
 -1.252283308E-01 -3.896511448E-02  1.570258987E-02  6.335130820E-02  9.093508570E-02
  8.663817721E-02  9.093508570E-02  6.335130820E-02  1.570258987E-02 -3.896511448E-02
 -1.252283308E-01 -2.159864961E-01 -3.629505147E-01 -5.078337703E-01 -7.103539785E-01
 -1.002288640E+00 -1.219542932E+00 -1.619274254E+00 -2.074712854E+00 -2.247339510E+00
 -2.247339510E+00 -2.194002701E+00 -1.978760387E+00 -1.530849040E+00 -1.191186496E+00
 -9.834181890E-01 -6.862402181E-01 -5.061231895E-01 -3.513182561E-01 -2.033657825E-01
 -1.187817513E-01 -3.135958637E-02  1.708566499E-02  6.272199650E-02  9.304341735E-02
  9.313742278E-02  9.304341735E-02  6.272199650E-02  1.708566499E-02 -3.135958637E-02
 -1.187817513E-01 -2.033657825E-01 -3.513182561E-01 -5.061231895E-01 -6.862402181E-01
 -9.834181890E-01 -1.191186496E+00 -1.530849040E+00 -1.978760387E+00 -2.194002701E+00
 -2.074712854E+00 -1.978760387E+00 -1.714179776E+00 -1.343752563E+00 -1.117965590E+00
 -8.973516931E-01 -6.120640413E-01 -4.823554652E-01 -3.173392121E-01 -1.860057039E-01
 -1.061641257E-01 -1.524207203E-02  3.323748148E-02  7.532460422E-02  9.139123661E-02
  9.540565135E-02  9.139123661E-02  7.532460422E-02  3.323748148E-02 -1.524207203E-02
 -1.061641257E-01 -1.860057039E-01 -3.173392121E-01 -4.823554652E-01 -6.120640413E-01
 -8.973516931E-01 -1.117965590E+00 -1.343752563E+00 -1.714179776E+00 -1.978760387E+00
 -1.619274254E+00 -1.530849040E+00 -1.343752563E+00 -1.152722137E+00 -1.001923448E+00
 -7.597572401E-01 -5.431584660E-01 -4.280285141E-01 -2.617005999E-01 -1.669011458E-01
 -7.218720614E-02  1.155006667E-03  4.904635017E-02  9.245447179E-02  9.734530777E-02
  1.173616899E-01  9.734530777E-02  9.245447179E-02  4.904635017E-02  1.155006667E-03
 -7.218720614E-02 -1.669011458E-01 -2.617005999E-01 -4.280285141E-01 -5.431584660E-01
 -7.597572401E-01 -1.001923448E+00 -1.152722137E+00 -1.343752563E+00 -1.530849040E+00
 -1.219542932E+00 -1.191186496E+00 -1.117965590E+00 -1.001923448E+00 -8.170447348E-01
 -6.068216751E-01 -4.853135975E-01 -3.415991552E-01 -2.008030164E-01 -1.391990620E-01
 -3.179220405E-02  1.404724323E-02  6.824150989E-02  1.151345171E-01  1.178501746E-01
  1.498983050E-01  1.178501746E-01  1.151345171E-01  6.824150989E-02  1.404724323E-02
 -3.179220405E-02 -1.391990620E-01 -2.008030164E-01 -3.415991552E-01 -4.853135975E-01
 -6.068216751E-01 -8.170447348E-01 -1.001923448E+00 -1.117965590E+00 -1.191186496E+00
 -1.002288640E+00 -9.834181890E-01 -8.973516931E-01 -7.597572401E-01 -6.068216751E-01
 -4.928577009E-01 -3.955943640E-01 -2.467441656E-01 -1.581319224E-01 -8.586384541E-02
  1.147024464E-02  4.644418521E-02  9.713134140E-02  1.285628193E-01  1.373806037E-01
  1.611447031E-01  1.373806037E-01  1.285628193E-01  9.713134140E-02  4.644418521E-02
  1.147024464E-02 -8.586384541E-02 -1.581319224E-01 -2.467441656E-01 -3.955943640E-01
 -4.928577009E-01 -6.068216751E-01 -7.597572401E-01 -8.973516931E-01 -9.834181890E-01
 -7.103539785E-01 -6.862402181E-01 -6.120640413E-01 -5.431584660E-01 -4.853135975E-01
 -3.955943640E-01 -2.632059481E-01 -1.672771990E-01 -1.150377030E-01 -2.262519252E-02
  3.854461391E-02  9.060055926E-02  1.282473775E-01  1.404770802E-01  1.681140392E-01
  1.758511033E-01  1.681140392E-01  1.404770802E-01  1.282473775E-01  9.060055926E-02
  3.854461391E-02 -2.262519252E-02 -1.150377030E-01 -1.672771990E-01 -2.632059481E-01
 -3.955943640E-01 -4.853135975E-01 -5.431584660E-01 -6.120640413E-01 -6.862402181E-01
 -5.078337703E-01 -5.061231895E-01 -4.823554652E-01 -4.280285141E-01 -3.415991552E-01
 -2.467441656E-01 -1.672771990E-01 -1.119581206E-01 -4.005611882E-02  3.417992554E-02
  6.431939405E-02  1.225540813E-01  1.504696936E-01  1.677704326E-01  1.992776151E-01
  1.944228595E-01  1.992776151E-01  1.677704326E-01  1.504696936E-01  1.225540813E-01
  6.431939405E-02  3.417992554E-02 -4.005611882E-02 -1.119581206E-01 -1.672771990E-01
 -2.467441656E-01 -3.415991552E-01 -4.280285141E-01 -4.823554652E-01 -5.061231895E-01
 -3.629505147E-01 -3.513182561E-01 -3.173392121E-01 -2.617005999E-01 -2.008030164E-01
 -1.581319224E-01 -1.150377030E-01 -4.005611882E-02  2.297711140E-02  6.520697838E-02
  1.260390166E-01  1.595813489E-01  1.711111883E-01  1.964687623E-01  2.148054590E-01
  2.204547883E-01  2.148054590E-01  1.964687623E-01  1.711111883E-01  1.595813489E-01
  1.260390166E-01  6.520697838E-02  2.297711140E-02 -4.005611882E-02 -1.150377030E-01
 -1.581319224E-01 -2.008030164E-01 -2.617005999E-01 -3.173392121E-01 -3.513182561E-01
 -2.159864961E-01 -2.033657825E-01 -1.860057039E-01 -1.669011458E-01 -1.391990620E-01
 -8.586384541E-02 -2.262519252E-02  3.417992554E-02  6.520697838E-02  9.739865185E-02
  1.615557504E-01  1.754736477E-01  2.108741113E-01  2.366677564E-01  2.286186534E-01
  2.456861584E-01  2.286186534E-01  2.366677564E-01  2.108741113E-01  1.754736477E-01
  1.615557504E-01  9.739865185E-02  6.520697838E-02  3.417992554E-02 -2.262519252E-02
 -8.586384541E-02 -1.391990620E-01 -1.669011458E-01 -1.860057039E-01 -2.033657825E-01
 -1.252283308E-01 -1.187817513E-01 -1.061641257E-01 -7.218720614E-02 -3.179220405E-02
  1.147024464E-02  3.854461391E-02  6.431939405E-02  1.260390166E-01  1.615557504E-01
  1.773356861E-01  1.971071034E-01  2.358399153E-01  2.480659533E-01  2.472062832E-01
  2.656910631E-01  2.472062832E-01  2.480659533E-01  2.358399153E-01  1.971071034E-01
  1.773356861E-01  1.615557504E-01  1.260390166E-01  6.431939405E-02  3.854461391E-02
  1.147024464E-02 -3.179220405E-02 -7.218720614E-02 -1.061641257E-01 -1.187817513E-01
 -3.896511448E-02 -3.135958637E-02 -1.524207203E-02  1.155006667E-03  1.404724323E-02
  4.644418521E-02  9.060055926E-02  1.225540813E-01  1.595813489E-01  1.754736477E-01
  1.971071034E-01  2.435861834E-01  2.523172909E-01  2.623907519E-01  2.773340116E-01
  2.720373164E-01  2.773340116E-01  2.623907519E-01  2.523172909E-01  2.435861834E-01
  1.971071034E-01  1.754736477E-01  1.595813489E-01  1.225540813E-01  9.060055926E-02
  4.644418521E-02  1.404724323E-02  1.155006667E-03 -1.524207203E-02 -3.135958637E-02
  1.570258987E-02  1.708566499E-02  3.323748148E-02  4.904635017E-02  6.824150989E-02
  9.713134140E-02  1.282473775E-01  1.504696936E-01  1.711111883E-01  2.108741113E-01
  2.358399153E-01  2.523172909E-01  2.600667294E-01  2.863015340E-01  2.958847280E-01
  2.745084766E-01  2.958847280E-01  2.863015340E-01  2.600667294E-01  2.523172909E-01
  2.358399153E-01  2.108741113E-01  1.711111883E-01  1.504696936E-01  1.282473775E-01
  9.713134140E-02  6.824150989E-02  4.904635017E-02  3.323748148E-02  1.708566499E-02
  6.335130820E-02  6.272199650E-02  7.532460422E-02  9.245447179E-02  1.151345171E-01
  1.285628193E-01  1.404770802E-01  1.677704326E-01  1.964687623E-01  2.366677564E-01
  2.480659533E-01  2.623907519E-01  2.863015340E-01  2.874279528E-01  2.966612749E-01
  3.042263977E-01  2.966612749E-01  2.874279528E-01  2.863015340E-01  2.623907519E-01
  2.480659533E-01  2.366677564E-01  1.964687623E-01  1.677704326E-01  1.404770802E-01
  1.285628193E-01  1.151345171E-01  9.245447179E-02  7.532460422E-02  6.272199650E-02
  9.093508570E-02  9.304341735E-02  9.139123661E-02  9.734530777E-02  1.178501746E-01
  1.373806037E-01  1.681140392E-01  1.992776151E-01  2.148054590E-01  2.286186534E-01
  2.472062832E-01  2.773340116E-01  2.958847280E-01  2.966612749E-01  3.047801659E-01
  3.116774909E-01  3.047801659E-01  2.966612749E-01  2.958847280E-01  2.773340116E-01
  2.472062832E-01  2.286186534E-01  2.148054590E-01  1.992776151E-01  1.681140392E-01
  1.373806037E-01  1.178501746E-01  9.734530777E-02  9.139123661E-02  9.304341735E-02
  8.663817721E-02  9.313742278E-02  9.540565135E-02  1.173616899E-01  1.498983050E-01
  1.611447031E-01  1.758511033E-01  1.944228595E-01  2.204547883E-01  2.456861584E-01
  2.656910631E-01  2.720373164E-01  2.745084766E-01  3.042263977E-01  3.116774909E-01
  2.975788387E-01  3.116774909E-01  3.042263977E-01  2.745084766E-01  2.720373164E-01
  2.656910631E-01  2.456861584E-01  2.204547883E-01  1.944228595E-01  1.758511033E-01
  1.611447031E-01  1.498983050E-01  1.173616899E-01  9.540565135E-02  9.313742278E-02
  9.093508570E-02  9.304341735E-02  9.139123661E-02  9.734530777E-02  1.178501746E-01
  1.373806037E-01  1.681140392E-01  1.992776151E-01  2.148054590E-01  2.286186534E-01
  2.472062832E-01  2.773340116E-01  2.958847280E-01  2.966612749E-01  3.047801659E-01
  3.116774909E-01  3.047801659E-01  2.966612749E-01  2.958847280E-01  2.773340116E-01
  2.472062832E-01  2.286186534E-01  2.148054590E-01  1.992776151E-01  1.681140392E-01
  1.373806037E-01  1.178501746E-01  9.734530777E-02  9.139123661E-02  9.304341735E-02
  6.335130820E-02  6.272199650E-02  7.532460422E-02  9.245447179E-02  1.151345171E-01
  1.285628193E-01  1.404770802E-01  1.677704326E-01  1.964687623E-01  2.366677564E-01
  2.480659533E-01  2.623907519E-01  2.863015340E-01  2.874279528E-01  2.966612749E-01
  3.042263977E-01  2.966612749E-01  2.874279528E-01  2.863015340E-01  2.623907519E-01
  2.480659533E-01  2.366677564E-01  1.964687623E-01  1.677704326E-01  1.404770802E-01
  1.285628193E-01  1.151345171E-01  9.245447179E-02  7.532460422E-02  6.272199650E-02
  1.570258987E-02  1.708566499E-02  3.323748148E-02  4.904635017E-02  6.824150989E-02
  9.713134140E-02  1.282473775E-01  1.504696936E-01  1.711111883E-01  2.108741113E-01
  2.358399153E-01  2.523172909E-01  2.600667294E-01  2.863015340E-01  2.958847280E-01
  2.745084766E-01  2.958847280E-01  2.863015340E-01  2.600667294E-01  2.523172909E-01
  2.358399153E-01  2.108741113E-01  1.711111883E-01  1.504696936E-01  1.282473775E-01
  9.713134140E-02  6.824150989E-02  4.904635017E-02  3.323748148E-02  1.708566499E-02
 -3.896511448E-02 -3.135958637E-02 -1.524207203E-02  1.155006667E-03  1.404724323E-02
  4.644418521E-02  9.060055926E-02  1.225540813E-01  1.595813489E-01  1.754736477E-01
  1.971071034E-01  2.435861834E-01  2.523172909E-01  2.623907519E-01  2.773340116E-01
  2.720373164E-01  2.773340116E-01  2.623907519E-01  2.523172909E-01  2.435861834E-01
  1.971071034E-01  1.754736477E-01  1.595813489E-01  1.225540813E-01  9.060055926E-02
  4.644418521E-02  1.404724323E-02  1.155006667E-03 -1.524207203E-02 -3.135958637E-02
 -1.252283308E-01 -1.187817513E-01 -1.061641257E-01 -7.218720614E-02 -3.179220405E-02
  1.147024464E-02  3.854461391E-02  6.431939405E-02  1.260390166E-01  1.615557504E-01
  1.773356861E-01  1.971071034E-01  2.358399153E-01  2.480659533E-01  2.472062832E-01
  2.656910631E-01  2.472062832E-01  2.480659533E-01  2.358399153E-01  1.971071034E-01
  1.773356861E-01  1.615557504E-01  1.260390166E-01  6.431939405E-02  3.854461391E-02
  1.147024464E-02 -3.179220405E-02 -7.218720614E-02 -1.061641257E-01 -1.187817513E-01
 -2.159864961E-01 -2.033657825E-01 -1.860057039E-01 -1.669011458E-01 -1.391990620E-01
 -8.586384541E-02 -2.262519252E-02  3.417992554E-02  6.520697838E-02  9.739865185E-02
  1.615557504E-01  1.754736477E-01  2.108741113E-01  2.366677564E-01  2.286186534E-01
  2.456861584E-01  2.286186534E-01  2.366677564E-01  2.108741113E-01  1.754736477E-01
  1.615557504E-01  9.739865185E-02  6.520697838E-02  3.417992554E-02 -2.262519252E-02
 -8.586384541E-02 -1.391990620E-01 -1.669011458E-01 -1.860057039E-01 -2.033657825E-01
 -3.629505147E-01 -3.513182561E-01 -3.173392121E-01 -2.617005999E-01 -2.008030164E-01
 -1.581319224E-01 -1.150377030E-01 -4.005611882E-02  2.297711140E-02  6.520697838E-02
  1.260390166E-01  1.595813489E-01  1.711111883E-01  1.964687623E-01  2.148054590E-01
  2.204547883E-01  2.148054590E-01  1.964687623E-01  1.711111883E-01  1.595813489E-01
  1.260390166E-01  6.520697838E-02  2.297711140E-02 -4.005611882E-02 -1.150377030E-01
 -1.581319224E-01 -2.008030164E-01 -2.617005999E-01 -3.173392121E-01 -3.513182561E-01
 -5.078337703E-01 -5.061231895E-01 -4.823554652E-01 -4.280285141E-01 -3.415991552E-01
 -2.467441656E-01 -1.672771990E-01 -1.119581206E-01 -4.005611882E-02  3.417992554E-02
  6.431939405E-02  1.225540813E-01  1.504696936E-01  1.677704326E-01  1.992776151E-01
  1.944228595E-01  1.992776151E-01  1.677704326E-01  1.504696936E-01  1.225540813E-01
  6.431939405E-02  3.417992554E-02 -4.005611882E-02 -1.119581206E-01 -1.672771990E-01
 -2.467441656E-01 -3.415991552E-01 -4.280285141E-01 -4.823554652E-01 -5.061231895E-01
 -7.103539785E-01 -6.862402181E-01 -6.120640413E-01 -5.431584660E-01 -4.853135975E-01
 -3.955943640E-01 -2.632059481E-01 -1.672771990E-01 -1.150377030E-01 -2.262519252E-02
  3.854461391E-02  9.060055926E-02  1.282473775E-01  1.404770802E-01  1.681140392E-01
  1.758511033E-01  1.681140392E-01  1.404770802E-01  1.282473775E-01  9.060055926E-02
  3.854461391E-02 -2.262519252E-02 -1.150377030E-01 -1.672771990E-01 -2.632059481E-01
 -3.955943640E-01 -4.853135975E-01 -5.431584660E-01 -6.120640413E-01 -6.862402181E-01
 -1.002288640E+00 -9.834181890E-01 -8.973516931E-01 -7.597572401E-01 -6.068216751E-01
 -4.928577009E-01 -3.955943640E-01 -2.467441656E-01 -1.581319224E-01 -8.586384541E-02
  1.147024464E-02  4.644418521E-02  9.713134140E-02  1.285628193E-01  1.373806037E-01
  1.611447031E-01  1.373806037E-01  1.285628193E-01  9.713134140E-02  4.644418521E-02
  1.147024464E-02 -8.586384541E-02 -1.581319224E-01 -2.467441656E-01 -3.955943640E-01
 -4.928577009E-01 -6.068216751E-01 -7.597572401E-01 -8.973516931E-01 -9.834181890E-01
 -1.219542932E+00 -1.191186496E+00 -1.117965590E+00 -1.001923448E+00 -8.170447348E-01
 -6.068216751E-01 -4.853135975E-01 -3.415991552E-01 -2.008030164E-01 -1.391990620E-01
 -3.179220405E-02  1.404724323E-02  6.824150989E-02  1.151345171E-01  1.178501746E-01
  1.498983050E-01  1.178501746E-01  1.151345171E-01  6.824150989E-02  1.404724323E-02
 -3.179220405E-02 -1.391990620E-01 -2.008030164E-01 -3.415991552E-01 -4.853135975E-01
 -6.068216751E-01 -8.170447348E-01 -1.001923448E+00 -1.117965590E+00 -1.191186496E+00
 -1.619274254E+00 -1.530849040E+00 -1.343752563E+00 -1.152722137E+00 -1.001923448E+00
 -7.597572401E-01 -5.431584660E-01 -4.280285141E-01 -2.617005999E-01 -1.669011458E-01
 -7.218720614E-02  1.155006667E-03  4.904635017E-02  9.245447179E-02  9.734530777E-02
  1.173616899E-01  9.734530777E-02  9.245447179E-02  4.904635017E-02  1.155006667E-03
 -7.218720614E-02 -1.669011458E-01 -2.617005999E-01 -4.280285141E-01 -5.431584660E-01
 -7.597572401E-01 -1.001923448E+00 -1.152722137E+00 -1.343752563E+00 -1.530849040E+00
 -2.074712854E+00 -1.978760387E+00 -1.714179776E+00 -1.343752563E+00 -1.117965590E+00
 -8.973516931E-01 -6.120640413E-01 -4.823554652E-01 -3.173392121E-01 -1.860057039E-01
 -1.061641257E-01 -1.524207203E-02  3.323748148E-02  7.532460422E-02  9.139123661E-02
  9.540565135E-02  9.139123661E-02  7.532460422E-02  3.323748148E-02 -1.524207203E-02
 -1.061641257E-01 -1.860057039E-01 -3.173392121E-01 -4.823554652E-01 -6.120640413E-01
 -8.973516931E-01 -1.117965590E+00 -1.343752563E+00 -1.714179776E+00 -1.978760387E+00
 -2.247339510E+00 -2.194002701E+00 -1.978760387E+00 -1.530849040E+00 -1.191186496E+00
 -9.834181890E-01 -6.862402181E-01 -5.061231895E-01 -3.513182561E-01 -2.033657825E-01
 -1.187817513E-01 -3.135958637E-02  1.708566499E-02  6.272199650E-02  9.304341735E-02
  9.313742278E-02  9.304341735E-02  6.272199650E-02  1.708566499E-02 -3.135958637E-02
 -1.187817513E-01 -2.033657825E-01 -3.513182561E-01 -5.061231895E-01 -6.862402181E-01
 -9.834181890E-01 -1.191186496E+00 -1.530849040E+00 -1.978760387E+00 -2.194002701E+00
 -2.895793292E+00 -2.589381058E+00 -2.313198843E+00 -2.197152953E+00 -1.619274254E+00
 -1.157006116E+00 -9.140868513E-01 -5.920269115E-01 -4.442882351E-01 -2.724903874E-01
 -1.597226380E-01 -7.214107466E-02  1.047508852E-02  3.194152414E-02  7.181700328E-02
  6.416320481E-02  7.181700328E-02  3.194152414E-02  1.047508852E-02 -7.214107466E-02
 -1.597226380E-01 -2.724903874E-01 -4.442882351E-01 -5.920269115E-01 -9.140868513E-01
 -1.157006116E+00 -1.619274254E+00 -2.197152953E+00 -2.313198843E+00 -2.589381058E+00
 -2.589381058E+00 -2.407637351E+00 -2.286446275E+00 -2.123126524E+00 -1.530849040E+00
 -1.124478547E+00 -8.749143396E-01 -5.774883919E-01 -4.311920388E-01 -2.591836628E-01
 -1.548645303E-01 -6.576146435E-02  4.268460495E-03  3.121002022E-02  7.532415885E-02
  6.620357492E-02  7.532415885E-02  3.121002022E-02  4.268460495E-03 -6.576146435E-02
 -1.548645303E-01 -2.591836628E-01 -4.311920388E-01 -5.774883919E-01 -8.749143396E-01
 -1.124478547E+00 -1.530849040E+00 -2.123126524E+00 -2.286446275E+00 -2.407637351E+00
 -2.313198843E+00 -2.286446275E+00 -2.246734322E+00 -1.885130548E+00 -1.343752563E+00
 -1.067872280E+00 -7.870356467E-01 -5.430950697E-01 -3.943981706E-01 -2.330300147E-01
 -1.450591976E-01 -5.050746850E-02  3.568973806E-03  4.596610715E-02  9.143243296E-02
  8.307526763E-02  9.143243296E-02  4.596610715E-02  3.568973806E-03 -5.050746850E-02
 -1.450591976E-01 -2.330300147E-01 -3.943981706E-01 -5.430950697E-01 -7.870356467E-01
 -1.067872280E+00 -1.343752563E+00 -1.885130548E+00 -2.246734322E+00 -2.286446275E+00
 -2.197152953E+00 -2.123126524E+00 -1.885130548E+00 -1.450454404E+00 -1.152722137E+00
 -9.596941250E-01 -6.656346663E-01 -4.977919536E-01 -3.384398081E-01 -2.000897220E-01
 -1.115740382E-01 -2.022753095E-02  2.297904003E-02  6.672838704E-02  8.993504505E-02
  9.098456736E-02  8.993504505E-02  6.672838704E-02  2.297904003E-02 -2.022753095E-02
 -1.115740382E-01 -2.000897220E-01 -3.384398081E-01 -4.977919536E-01 -6.656346663E-01
 -9.596941250E-01 -1.152722137E+00 -1.450454404E+00 -1.885130548E+00 -2.123126524E+00
 -1.619274254E+00 -1.530849040E+00 -1.343752563E+00 -1.152722137E+00 -1.001923448E+00
 -7.597572401E-01 -5.431584660E-01 -4.280285141E-01 -2.617005999E-01 -1.669011458E-01
 -7.218720614E-02  1.155006667E-03  4.904635017E-02  9.245447179E-02  9.734530777E-02
  1.173616899E-01  9.734530777E-02  9.245447179E-02  4.904635017E-02  1.155006667E-03
 -7.218720614E-02 -1.669011458E-01 -2.617005999E-01 -4.280285141E-01 -5.431584660E-01
 -7.597572401E-01 -1.001923448E+00 -1.152722137E+00 -1.343752563E+00 -1.530849040E+00
 -1.157006116E+00 -1.124478547E+00 -1.067872280E+00 -9.596941250E-01 -7.597572401E-01
 -5.689725695E-01 -4.643306160E-01 -3.269946463E-01 -1.895090318E-01 -1.215917096E-01
 -2.362385523E-02  2.303861752E-02  6.966015284E-02  1.119438366E-01  1.257855546E-01
  1.571975379E-01  1.257855546E-01  1.119438366E-01  6.966015284E-02  2.303861752E-02
 -2.362385523E-02 -1.215917096E-01 -1.895090318E-01 -3.269946463E-01 -4.643306160E-01
 -5.689725695E-01 -7.597572401E-01 -9.596941250E-01 -1.067872280E+00 -1.124478547E+00
 -9.140868513E-01 -8.749143396E-01 -7.870356467E-01 -6.656346663E-01 -5.431584660E-01
 -4.643306160E-01 -3.505894432E-01 -2.181389258E-01 -1.427420912E-01 -5.669888447E-02
  1.996998803E-02  6.024104024E-02  1.078983007E-01  1.376763707E-01  1.483149625E-01
  1.548283994E-01  1.483149625E-01  1.376763707E-01  1.078983007E-01  6.024104024E-02
  1.996998803E-02 -5.669888447E-02 -1.427420912E-01 -2.181389258E-01 -3.505894432E-01
 -4.643306160E-01 -5.431584660E-01 -6.656346663E-01 -7.870356467E-01 -8.749143396E-01
 -5.920269115E-01 -5.774883919E-01 -5.430950697E-01 -4.977919536E-01 -4.280285141E-01
 -3.269946463E-01 -2.181389258E-01 -1.535882946E-01 -7.616363585E-02  1.312094716E-02
  4.034603481E-02  9.467641746E-02  1.417788734E-01  1.670156861E-01  1.841544451E-01
  1.717799756E-01  1.841544451E-01  1.670156861E-01  1.417788734E-01  9.467641746E-02
  4.034603481E-02  1.312094716E-02 -7.616363585E-02 -1.535882946E-01 -2.181389258E-01
 -3.269946463E-01 -4.280285141E-01 -4.977919536E-01 -5.430950697E-01 -5.774883919E-01
 -4.442882351E-01 -4.311920388E-01 -3.943981706E-01 -3.384398081E-01 -2.617005999E-01
 -1.895090318E-01 -1.427420912E-01 -7.616363585E-02  6.761859023E-03  4.719367282E-02
  8.700572044E-02  1.435684308E-01  1.607762416E-01  1.800853639E-01  2.048395181E-01
  2.057108145E-01  2.048395181E-01  1.800853639E-01  1.607762416E-01  1.435684308E-01
  8.700572044E-02  4.719367282E-02  6.761859023E-03 -7.616363585E-02 -1.427420912E-01
 -1.895090318E-01 -2.617005999E-01 -3.384398081E-01 -3.943981706E-01 -4.311920388E-01
 -2.724903874E-01 -2.591836628E-01 -2.330300147E-01 -2.000897220E-01 -1.669011458E-01
 -1.215917096E-01 -5.669888447E-02  1.312094716E-02  4.719367282E-02  7.710425888E-02
  1.441151466E-01  1.657984364E-01  1.915449414E-01  2.188989517E-01  2.196258257E-01
  2.310936962E-01  2.196258257E-01  2.188989517E-01  1.915449414E-01  1.657984364E-01
  1.441151466E-01  7.710425888E-02  4.719367282E-02  1.312094716E-02 -5.669888447E-02
 -1.215917096E-01 -1.669011458E-01 -2.000897220E-01 -2.330300147E-01 -2.591836628E-01
 -1.597226380E-01 -1.548645303E-01 -1.450591976E-01 -1.115740382E-01 -7.218720614E-02
 -2.362385523E-02  1.996998803E-02  4.034603481E-02  8.700572044E-02  1.441151466E-01
  1.774664037E-01  1.851356607E-01  2.200703016E-01  2.368148214E-01  2.392726307E-01
  2.606561642E-01  2.392726307E-01  2.368148214E-01  2.200703016E-01  1.851356607E-01
  1.774664037E-01  1.441151466E-01  8.700572044E-02  4.034603481E-02  1.996998803E-02
 -2.362385523E-02 -7.218720614E-02 -1.115740382E-01 -1.450591976E-01 -1.548645303E-01
 -7.214107466E-02 -6.576146435E-02 -5.050746850E-02 -2.022753095E-02  1.155006667E-03
  2.303861752E-02  6.024104024E-02  9.467641746E-02  1.435684308E-01  1.657984364E-01
  1.851356607E-01  2.327295982E-01  2.452329418E-01  2.513162671E-01  2.648560881E-01
  2.640816423E-01  2.648560881E-01  2.513162671E-01  2.452329418E-01  2.327295982E-01
  1.851356607E-01  1.657984364E-01  1.435684308E-01  9.467641746E-02  6.024104024E-02
  2.303861752E-02  1.155006667E-03 -2.022753095E-02 -5.050746850E-02 -6.576146435E-02
  1.047508852E-02  4.268460495E-03  3.568973806E-03  2.297904003E-02  4.904635017E-02
  6.966015284E-02  1.078983007E-01  1.417788734E-01  1.607762416E-01  1.915449414E-01
  2.200703016E-01  2.452329418E-01  2.498798097E-01  2.759345968E-01  2.889326158E-01
  2.680222618E-01  2.889326158E-01  2.759345968E-01  2.498798097E-01  2.452329418E-01
  2.200703016E-01  1.915449414E-01  1.607762416E-01  1.417788734E-01  1.078983007E-01
  6.966015284E-02  4.904635017E-02  2.297904003E-02  3.568973806E-03  4.268460495E-03
  3.194152414E-02  3.121002022E-02  4.596610715E-02  6.672838704E-02  9.245447179E-02
  1.119438366E-01  1.376763707E-01  1.670156861E-01  1.800853639E-01  2.188989517E-01
  2.368148214E-01  2.513162671E-01  2.759345968E-01  2.758909529E-01  2.880180456E-01
  2.998328753E-01  2.880180456E-01  2.758909529E-01  2.759345968E-01  2.513162671E-01
  2.368148214E-01  2.188989517E-01  1.800853639E-01  1.670156861E-01  1.376763707E-01
  1.119438366E-01  9.245447179E-02  6.672838704E-02  4.596610715E-02  3.121002022E-02
  7.181700328E-02  7.532415885E-02  9.143243296E-02  8.993504505E-02  9.734530777E-02
  1.257855546E-01  1.483149625E-01  1.841544451E-01  2.048395181E-01  2.196258257E-01
  2.392726307E-01  2.648560881E-01  2.889326158E-01  2.880180456E-01  2.936972677E-01
  3.040881485E-01  2.936972677E-01  2.880180456E-01  2.889326158E-01  2.648560881E-01
  2.392726307E-01  2.196258257E-01  2.048395181E-01  1.841544451E-01  1.483149625E-01
  1.257855546E-01  9.734530777E-02  8.993504505E-02  9.143243296E-02  7.532415885E-02
  6.416320481E-02  6.620357492E-02  8.307526763E-02  9.098456736E-02  1.173616899E-01
  1.571975379E-01  1.548283994E-01  1.717799756E-01  2.057108145E-01  2.310936962E-01
  2.606561642E-01  2.640816423E-01  2.680222618E-01  2.998328753E-01  3.040881485E-01
  2.893009575E-01  3.040881485E-01  2.998328753E-01  2.680222618E-01  2.640816423E-01
  2.606561642E-01  2.310936962E-01  2.057108145E-01  1.717799756E-01  1.548283994E-01
  1.571975379E-01  1.173616899E-01  9.098456736E-02  8.307526763E-02  6.620357492E-02
  7.181700328E-02  7.532415885E-02  9.143243296E-02  8.993504505E-02  9.734530777E-02
  1.257855546E-01  1.483149625E-01  1.841544451E-01  2.048395181E-01  2.196258257E-01
  2.392726307E-01  2.648560881E-01  2.889326158E-01  2.880180456E-01  2.936972677E-01
  3.040881485E-01  2.936972677E-01  2.880180456E-01  2.889326158E-01  2.648560881E-01
  2.392726307E-01  2.196258257E-01  2.048395181E-01  1.841544451E-01  1.483149625E-01
  1.257855546E-01  9.734530777E-02  8.993504505E-02  9.143243296E-02  7.532415885E-02
  3.194152414E-02  3.121002022E-02  4.596610715E-02  6.672838704E-02  9.245447179E-02
  1.119438366E-01  1.376763707E-01  1.670156861E-01  1.800853639E-01  2.188989517E-01
  2.368148214E-01  2.513162671E-01  2.759345968E-01  2.758909529E-01  2.880180456E-01
  2.998328753E-01  2.880180456E-01  2.758909529E-01  2.759345968E-01  2.513162671E-01
  2.368148214E-01  2.188989517E-01  1.800853639E-01  1.670156861E-01  1.376763707E-01
  1.119438366E-01  9.245447179E-02  6.672838704E-02  4.596610715E-02  3.121002022E-02
  1.047508852E-02  4.268460495E-03  3.568973806E-03  2.297904003E-02  4.904635017E-02
  6.966015284E-02  1.078983007E-01  1.417788734E-01  1.607762416E-01  1.915449414E-01
  2.200703016E-01  2.452329418E-01  2.498798097E-01  2.759345968E-01  2.889326158E-01
  2.680222618E-01  2.889326158E-01  2.759345968E-01  2.498798097E-01  2.452329418E-01
  2.200703016E-01  1.915449414E-01  1.607762416E-01  1.417788734E-01  1.078983007E-01
  6.966015284E-02  4.904635017E-02  2.297904003E-02  3.568973806E-03  4.268460495E-03
 -7.214107466E-02 -6.576146435E-02 -5.050746850E-02 -2.022753095E-02  1.155006667E-03
  2.303861752E-02  6.024104024E-02  9.467641746E-02  1.435684308E-01  1.657984364E-01
  1.851356607E-01  2.327295982E-01  2.452329418E-01  2.513162671E-01  2.648560881E-01
  2.640816423E-01  2.648560881E-01  2.513162671E-01  2.452329418E-01  2.327295982E-01
  1.851356607E-01  1.657984364E-01  1.435684308E-01  9.467641746E-02  6.024104024E-02
  2.303861752E-02  1.155006667E-03 -2.022753095E-02 -5.050746850E-02 -6.576146435E-02
 -1.597226380E-01 -1.548645303E-01 -1.450591976E-01 -1.115740382E-01 -7.218720614E-02
 -2.362385523E-02  1.996998803E-02  4.034603481E-02  8.700572044E-02  1.441151466E-01
  1.774664037E-01  1.851356607E-01  2.200703016E-01  2.368148214E-01  2.392726307E-01
  2.606561642E-01  2.392726307E-01  2.368148214E-01  2.200703016E-01  1.851356607E-01
  1.774664037E-01  1.441151466E-01  8.700572044E-02  4.034603481E-02  1.996998803E-02
 -2.362385523E-02 -7.218720614E-02 -1.115740382E-01 -1.450591976E-01 -1.548645303E-01
 -2.724903874E-01 -2.591836628E-01 -2.330300147E-01 -2.000897220E-01 -1.669011458E-01
 -1.215917096E-01 -5.669888447E-02  1.312094716E-02  4.719367282E-02  7.710425888E-02
  1.441151466E-01  1.657984364E-01  1.915449414E-01  2.188989517E-01  2.196258257E-01
  2.310936962E-01  2.196258257E-01  2.188989517E-01  1.915449414E-01  1.657984364E-01
  1.441151466E-01  7.710425888E-02  4.719367282E-02  1.312094716E-02 -5.669888447E-02
 -1.215917096E-01 -1.669011458E-01 -2.000897220E-01 -2.330300147E-01 -2.591836628E-01
 -4.442882351E-01 -4.311920388E-01 -3.943981706E-01 -3.384398081E-01 -2.617005999E-01
 -1.895090318E-01 -1.427420912E-01 -7.616363585E-02  6.761859023E-03  4.719367282E-02
  8.700572044E-02  1.435684308E-01  1.607762416E-01  1.800853639E-01  2.048395181E-01
  2.057108145E-01  2.048395181E-01  1.800853639E-01  1.607762416E-01  1.435684308E-01
  8.700572044E-02  4.719367282E-02  6.761859023E-03 -7.616363585E-02 -1.427420912E-01
 -1.895090318E-01 -2.617005999E-01 -3.384398081E-01 -3.943981706E-01 -4.311920388E-01
 -5.920269115E-01 -5.774883919E-01 -5.430950697E-01 -4.977919536E-01 -4.280285141E-01
 -3.269946463E-01 -2.181389258E-01 -1.535882946E-01 -7.616363585E-02  1.312094716E-02
  4.034603481E-02  9.467641746E-02  1.417788734E-01  1.670156861E-01  1.841544451E-01
  1.717799756E-01  1.841544451E-01  1.670156861E-01  1.417788734E-01  9.467641746E-02
  4.034603481E-02  1.312094716E-02 -7.616363585E-02 -1.535882946E-01 -2.181389258E-01
 -3.269946463E-01 -4.280285141E-01 -4.977919536E-01 -5.430950697E-01 -5.774883919E-01
 -9.140868513E-01 -8.749143396E-01 -7.870356467E-01 -6.656346663E-01 -5.431584660E-01
 -4.643306160E-01 -3.505894432E-01 -2.181389258E-01 -1.427420912E-01 -5.669888447E-02
  1.996998803E-02  6.024104024E-02  1.078983007E-01  1.376763707E-01  1.483149625E-01
  1.548283994E-01  1.483149625E-01  1.376763707E-01  1.078983007E-01  6.024104024E-02
  1.996998803E-02 -5.669888447E-02 -1.427420912E-01 -2.181389258E-01 -3.505894432E-01
 -4.643306160E-01 -5.431584660E-01 -6.656346663E-01 -7.870356467E-01 -8.749143396E-01
 -1.157006116E+00 -1.124478547E+00 -1.067872280E+00 -9.596941250E-01 -7.597572401E-01
 -5.689725695E-01 -4.643306160E-01 -3.269946463E-01 -1.895090318E-01 -1.215917096E-01
 -2.362385523E-02  2.303861752E-02  6.966015284E-02  1.119438366E-01  1.257855546E-01
  1.571975379E-01  1.257855546E-01  1.119438366E-01  6.966015284E-02  2.303861752E-02
 -2.362385523E-02 -1.215917096E-01 -1.895090318E-01 -3.269946463E-01 -4.643306160E-01
 -5.689725695E-01 -7.597572401E-01 -9.596941250E-01 -1.067872280E+00 -1.124478547E+00
 -1.619274254E+00 -1.530849040E+00 -1.343752563E+00 -1.152722137E+00 -1.001923448E+00
 -7.597572401E-01 -5.431584660E-01 -4.280285141E-01 -2.617005999E-01 -1.669011458E-01
 -7.218720614E-02  1.155006667E-03  4.904635017E-02  9.245447179E-02  9.734530777E-02
  1.173616899E-01  9.734530777E-02  9.245447179E-02  4.904635017E-02  1.155006667E-03
 -7.218720614E-02 -1.669011458E-01 -2.617005999E-01 -4.280285141E-01 -5.431584660E-01
 -7.597572401E-01 -1.001923448E+00 -1.152722137E+00 -1.343752563E+00 -1.530849040E+00
 -2.197152953E+00 -2.123126524E+00 -1.885130548E+00 -1.450454404E+00 -1.152722137E+00
 -9.596941250E-01 -6.656346663E-01 -4.977919536E-01 -3.384398081E-01 -2.000897220E-01
 -1.115740382E-01 -2.022753095E-02  2.297904003E-02  6.672838704E-02  8.993504505E-02
  9.098456736E-02  8.993504505E-02  6.672838704E-02  2.297904003E-02 -2.022753095E-02
 -1.115740382E-01 -2.000897220E-01 -3.384398081E-01 -4.977919536E-01 -6.656346663E-01
 -9.596941250E-01 -1.152722137E+00 -1.450454404E+00 -1.885130548E+00 -2.123126524E+00
 -2.313198843E+00 -2.286446275E+00 -2.246734322E+00 -1.885130548E+00 -1.343752563E+00
 -1.067872280E+00 -7.870356467E-01 -5.430950697E-01 -3.943981706E-01 -2.330300147E-01
 -1.450591976E-01 -5.050746850E-02  3.568973806E-03  4.596610715E-02  9.143243296E-02
  8.307526763E-02  9.143243296E-02  4.596610715E-02  3.568973806E-03 -5.050746850E-02
 -1.450591976E-01 -2.330300147E-01 -3.943981706E-01 -5.430950697E-01 -7.870356467E-01
 -1.067872280E+00 -1.343752563E+00 -1.885130548E+00 -2.246734322E+00 -2.286446275E+00
 -2.589381058E+00 -2.407637351E+00 -2.286446275E+00 -2.123126524E+00 -1.530849040E+00
 -1.124478547E+00 -8.749143396E-01 -5.774883919E-01 -4.311920388E-01 -2.591836628E-01
 -1.548645303E-01 -6.576146435E-02  4.268460495E-03  3.121002022E-02  7.532415885E-02
  6.620357492E-02  7.532415885E-02  3.121002022E-02  4.268460495E-03 -6.576146435E-02
 -1.548645303E-01 -2.591836628E-01 -4.311920388E-01 -5.774883919E-01 -8.749143396E-01
 -1.124478547E+00 -1.530849040E+00 -2.123126524E+00 -2.286446275E+00 -2.407637351E+00
 -7.987508670E+00 -6.357775746E+00 -3.373567496E+00 -2.313198843E+00 -2.074712854E+00
 -1.344524414E+00 -1.030733762E+00 -6.835853974E-01 -4.900597698E-01 -3.129254663E-01
 -1.839173239E-01 -1.159482390E-01 -1.364189585E-02  6.263372995E-03  6.806389953E-02
  5.874239082E-02  6.806389953E-02  6.263372995E-03 -1.364189585E-02 -1.159482390E-01
 -1.839173239E-01 -3.129254663E-01 -4.900597698E-01 -6.835853974E-01 -1.030733762E+00
 -1.344524414E+00 -2.074712854E+00 -2.313198843E+00 -3.373567496E+00 -6.357775746E+00
 -6.357775746E+00 -5.045922098E+00 -2.890913885E+00 -2.286446275E+00 -1.978760387E+00
 -1.290098384E+00 -1.005697543E+00 -6.655005183E-01 -4.844096751E-01 -3.053637372E-01
 -1.763661933E-01 -9.797599791E-02 -4.143746528E-03  1.218813204E-02  6.085113400E-02
  4.158141904E-02  6.085113400E-02  1.218813204E-02 -4.143746528E-03 -9.797599791E-02
 -1.763661933E-01 -3.053637372E-01 -4.844096751E-01 -6.655005183E-01 -1.005697543E+00
 -1.290098384E+00 -1.978760387E+00 -2.286446275E+00 -2.890913885E+00 -5.045922098E+00
 -3.373567496E+00 -2.890913885E+00 -2.358652078E+00 -2.246734322E+00 -1.714179776E+00
 -1.190430131E+00 -9.348675161E-01 -6.087112178E-01 -4.486029138E-01 -2.790875767E-01
 -1.697478595E-01 -7.690536531E-02  1.843749656E-04  2.936223009E-02  7.696249135E-02
  5.546648470E-02  7.696249135E-02  2.936223009E-02  1.843749656E-04 -7.690536531E-02
 -1.697478595E-01 -2.790875767E-01 -4.486029138E-01 -6.087112178E-01 -9.348675161E-01
 -1.190430131E+00 -1.714179776E+00 -2.246734322E+00 -2.358652078E+00 -2.890913885E+00
 -2.313198843E+00 -2.286446275E+00 -2.246734322E+00 -1.885130548E+00 -1.343752563E+00
 -1.067872280E+00 -7.870356467E-01 -5.430950697E-01 -3.943981706E-01 -2.330300147E-01
 -1.450591976E-01 -5.050746850E-02  3.568973806E-03  4.596610715E-02  9.143243296E-02
  8.307526763E-02  9.143243296E-02  4.596610715E-02  3.568973806E-03 -5.050746850E-02
 -1.450591976E-01 -2.330300147E-01 -3.943981706E-01 -5.430950697E-01 -7.870356467E-01
 -1.067872280E+00 -1.343752563E+00 -1.885130548E+00 -2.246734322E+00 -2.286446275E+00
 -2.074712854E+00 -1.978760387E+00 -1.714179776E+00 -1.343752563E+00 -1.117965590E+00
 -8.973516931E-01 -6.120640413E-01 -4.823554652E-01 -3.173392121E-01 -1.860057039E-01
 -1.061641257E-01 -1.524207203E-02  3.323748148E-02  7.532460422E-02  9.139123661E-02
  9.540565135E-02  9.139123661E-02  7.532460422E-02  3.323748148E-02 -1.524207203E-02
 -1.061641257E-01 -1.860057039E-01 -3.173392121E-01 -4.823554652E-01 -6.120640413E-01
 -8.973516931E-01 -1.117965590E+00 -1.343752563E+00 -1.714179776E+00 -1.978760387E+00
 -1.344524414E+00 -1.290098384E+00 -1.190430131E+00 -1.067872280E+00 -8.973516931E-01
 -6.655543977E-01 -5.064263312E-01 -3.870213016E-01 -2.233178414E-01 -1.482406506E-01
 -5.908369368E-02  1.406110060E-02  6.246965580E-02  1.045779195E-01  1.107657003E-01
  1.290229052E-01  1.107657003E-01  1.045779195E-01  6.246965580E-02  1.406110060E-02
 -5.908369368E-02 -1.482406506E-01 -2.233178414E-01 -3.870213016E-01 -5.064263312E-01
 -6.655543977E-01 -8.973516931E-01 -1.067872280E+00 -1.190430131E+00 -1.290098384E+00
 -1.030733762E+00 -1.005697543E+00 -9.348675161E-01 -7.870356467E-01 -6.120640413E-01
 -5.064263312E-01 -3.991437303E-01 -2.530866407E-01 -1.646952031E-01 -9.360153716E-02
 -4.930488508E-05  4.564897138E-02  9.111824532E-02  1.275131106E-01  1.345120335E-01
  1.442584380E-01  1.345120335E-01  1.275131106E-01  9.111824532E-02  4.564897138E-02
 -4.930488508E-05 -9.360153716E-02 -1.646952031E-01 -2.530866407E-01 -3.991437303E-01
 -5.064263312E-01 -6.120640413E-01 -7.870356467E-01 -9.348675161E-01 -1.005697543E+00
 -6.835853974E-01 -6.655005183E-01 -6.087112178E-01 -5.430950697E-01 -4.823554652E-01
 -3.870213016E-01 -2.530866407E-01 -1.734896561E-01 -1.132770092E-01 -1.516430081E-02
  3.508091821E-02  8.482695118E-02  1.287495192E-01  1.516100905E-01  1.698186221E-01
  1.645196653E-01  1.698186221E-01  1.516100905E-01  1.287495192E-01  8.482695118E-02
  3.508091821E-02 -1.516430081E-02 -1.132770092E-01 -1.734896561E-01 -2.530866407E-01
 -3.870213016E-01 -4.823554652E-01 -5.430950697E-01 -6.087112178E-01 -6.655005183E-01
 -4.900597698E-01 -4.844096751E-01 -4.486029138E-01 -3.943981706E-01 -3.173392121E-01
 -2.233178414E-01 -1.646952031E-01 -1.132770092E-01 -2.304217392E-02  3.721873021E-02
  6.551834208E-02  1.333226025E-01  1.577208738E-01  1.708948192E-01  1.970914862E-01
  1.911757170E-01  1.970914862E-01  1.708948192E-01  1.577208738E-01  1.333226025E-01
  6.551834208E-02  3.721873021E-02 -2.304217392E-02 -1.132770092E-01 -1.646952031E-01
 -2.233178414E-01 -3.173392121E-01 -3.943981706E-01 -4.486029138E-01 -4.844096751E-01
 -3.129254663E-01 -3.053637372E-01 -2.790875767E-01 -2.330300147E-01 -1.860057039E-01
 -1.482406506E-01 -9.360153716E-02 -1.516430081E-02  3.721873021E-02  7.125297902E-02
  1.227416192E-01  1.554316034E-01  1.819277106E-01  2.110673553E-01  2.156071732E-01
  2.127688957E-01  2.156071732E-01  2.110673553E-01  1.819277106E-01  1.554316034E-01
  1.227416192E-01  7.125297902E-02  3.721873021E-02 -1.516430081E-02 -9.360153716E-02
 -1.482406506E-01 -1.860057039E-01 -2.330300147E-01 -2.790875767E-01 -3.053637372E-01
 -1.839173239E-01 -1.763661933E-01 -1.697478595E-01 -1.450591976E-01 -1.061641257E-01
 -5.908369368E-02 -4.930488508E-05  3.508091821E-02  6.551834208E-02  1.227416192E-01
  1.687208240E-01  1.781271723E-01  2.110317216E-01  2.300139557E-01  2.349662910E-01
  2.537252913E-01  2.349662910E-01  2.300139557E-01  2.110317216E-01  1.781271723E-01
  1.687208240E-01  1.227416192E-01  6.551834208E-02  3.508091821E-02 -4.930488508E-05
 -5.908369368E-02 -1.061641257E-01 -1.450591976E-01 -1.697478595E-01 -1.763661933E-01
 -1.159482390E-01 -9.797599791E-02 -7.690536531E-02 -5.050746850E-02 -1.524207203E-02
  1.406110060E-02  4.564897138E-02  8.482695118E-02  1.333226025E-01  1.554316034E-01
  1.781271723E-01  2.179983424E-01  2.337780046E-01  2.402288768E-01  2.563611215E-01
  2.661058149E-01  2.563611215E-01  2.402288768E-01  2.337780046E-01  2.179983424E-01
  1.781271723E-01  1.554316034E-01  1.333226025E-01  8.482695118E-02  4.564897138E-02
  1.406110060E-02 -1.524207203E-02 -5.050746850E-02 -7.690536531E-02 -9.797599791E-02
 -1.364189585E-02 -4.143746528E-03  1.843749656E-04  3.568973806E-03  3.323748148E-02
  6.246965580E-02  9.111824532E-02  1.287495192E-01  1.577208738E-01  1.819277106E-01
  2.110317216E-01  2.337780046E-01  2.415588055E-01  2.686081674E-01  2.793624316E-01
  2.648694028E-01  2.793624316E-01  2.686081674E-01  2.415588055E-01  2.337780046E-01
  2.110317216E-01  1.819277106E-01  1.577208738E-01  1.287495192E-01  9.111824532E-02
  6.246965580E-02  3.323748148E-02  3.568973806E-03  1.843749656E-04 -4.143746528E-03
  6.263372995E-03  1.218813204E-02  2.936223009E-02  4.596610715E-02  7.532460422E-02
  1.045779195E-01  1.275131106E-01  1.516100905E-01  1.708948192E-01  2.110673553E-01
  2.300139557E-01  2.402288768E-01  2.686081674E-01  2.735015842E-01  2.805614050E-01
  2.925398264E-01  2.805614050E-01  2.735015842E-01  2.686081674E-01  2.402288768E-01
  2.300139557E-01  2.110673553E-01  1.708948192E-01  1.516100905E-01  1.275131106E-01
  1.045779195E-01  7.532460422E-02  4.596610715E-02  2.936223009E-02  1.218813204E-02
  6.806389953E-02  6.085113400E-02  7.696249135E-02  9.143243296E-02  9.139123661E-02
  1.107657003E-01  1.345120335E-01  1.698186221E-01  1.970914862E-01  2.156071732E-01
  2.349662910E-01  2.563611215E-01  2.793624316E-01  2.805614050E-01  2.868398816E-01
  2.995204251E-01  2.868398816E-01  2.805614050E-01  2.793624316E-01  2.563611215E-01
  2.349662910E-01  2.156071732E-01  1.970914862E-01  1.698186221E-01  1.345120335E-01
  1.107657003E-01  9.139123661E-02  9.143243296E-02  7.696249135E-02  6.085113400E-02
  5.874239082E-02  4.158141904E-02  5.546648470E-02  8.307526763E-02  9.540565135E-02
  1.290229052E-01  1.442584380E-01  1.645196653E-01  1.911757170E-01  2.127688957E-01
  2.537252913E-01  2.661058149E-01  2.648694028E-01  2.925398264E-01  2.995204251E-01
  2.883576231E-01  2.995204251E-01  2.925398264E-01  2.648694028E-01  2.661058149E-01
  2.537252913E-01  2.127688957E-01  1.911757170E-01  1.645196653E-01  1.442584380E-01
  1.290229052E-01  9.540565135E-02  8.307526763E-02  5.546648470E-02  4.158141904E-02
  6.806389953E-02  6.085113400E-02  7.696249135E-02  9.143243296E-02  9.139123661E-02
  1.107657003E-01  1.345120335E-01  1.698186221E-01  1.970914862E-01  2.156071732E-01
  2.349662910E-01  2.563611215E-01  2.793624316E-01  2.805614050E-01  2.868398816E-01
  2.995204251E-01  2.868398816E-01  2.805614050E-01  2.793624316E-01  2.563611215E-01
  2.349662910E-01  2.156071732E-01  1.970914862E-01  1.698186221E-01  1.345120335E-01
  1.107657003E-01  9.139123661E-02  9.143243296E-02  7.696249135E-02  6.085113400E-02
  6.263372995E-03  1.218813204E-02  2.936223009E-02  4.596610715E-02  7.532460422E-02
  1.045779195E-01  1.275131106E-01  1.516100905E-01  1.708948192E-01  2.110673553E-01
  2.300139557E-01  2.402288768E-01  2.686081674E-01  2.735015842E-01  2.805614050E-01
  2.925398264E-01  2.805614050E-01  2.735015842E-01  2.686081674E-01  2.402288768E-01
  2.300139557E-01  2.110673553E-01  1.708948192E-01  1.516100905E-01  1.275131106E-01
  1.045779195E-01  7.532460422E-02  4.596610715E-02  2.936223009E-02  1.218813204E-02
 -1.364189585E-02 -4.143746528E-03  1.843749656E-04  3.568973806E-03  3.323748148E-02
  6.246965580E-02  9.111824532E-02  1.287495192E-01  1.577208738E-01  1.819277106E-01
  2.110317216E-01  2.337780046E-01  2.415588055E-01  2.686081674E-01  2.793624316E-01
  2.648694028E-01  2.793624316E-01  2.686081674E-01  2.415588055E-01  2.337780046E-01
  2.110317216E-01  1.819277106E-01  1.577208738E-01  1.287495192E-01  9.111824532E-02
  6.246965580E-02  3.323748148E-02  3.568973806E-03  1.843749656E-04 -4.143746528E-03
 -1.159482390E-01 -9.797599791E-02 -7.690536531E-02 -5.050746850E-02 -1.524207203E-02
  1.406110060E-02  4.564897138E-02  8.482695118E-02  1.333226025E-01  1.554316034E-01
  1.781271723E-01  2.179983424E-01  2.337780046E-01  2.402288768E-01  2.563611215E-01
  2.661058149E-01  2.563611215E-01  2.402288768E-01  2.337780046E-01  2.179983424E-01
  1.781271723E-01  1.554316034E-01  1.333226025E-01  8.482695118E-02  4.564897138E-02
  1.406110060E-02 -1.524207203E-02 -5.050746850E-02 -7.690536531E-02 -9.797599791E-02
 -1.839173239E-01 -1.763661933E-01 -1.697478595E-01 -1.450591976E-01 -1.061641257E-01
 -5.908369368E-02 -4.930488508E-05  3.508091821E-02  6.551834208E-02  1.227416192E-01
  1.687208240E-01  1.781271723E-01  2.110317216E-01  2.300139557E-01  2.349662910E-01
  2.537252913E-01  2.349662910E-01  2.300139557E-01  2.110317216E-01  1.781271723E-01
  1.687208240E-01  1.227416192E-01  6.551834208E-02  3.508091821E-02 -4.930488508E-05
 -5.908369368E-02 -1.061641257E-01 -1.450591976E-01 -1.697478595E-01 -1.763661933E-01
 -3.129254663E-01 -3.053637372E-01 -2.790875767E-01 -2.330300147E-01 -1.860057039E-01
 -1.482406506E-01 -9.360153716E-02 -1.516430081E-02  3.721873021E-02  7.125297902E-02
  1.227416192E-01  1.554316034E-01  1.819277106E-01  2.110673553E-01  2.156071732E-01
  2.127688957E-01  2.156071732E-01  2.110673553E-01  1.819277106E-01  1.554316034E-01
  1.227416192E-01  7.125297902E-02  3.721873021E-02 -1.516430081E-02 -9.360153716E-02
 -1.482406506E-01 -1.860057039E-01 -2.330300147E-01 -2.790875767E-01 -3.053637372E-01
 -4.900597698E-01 -4.844096751E-01 -4.486029138E-01 -3.943981706E-01 -3.173392121E-01
 -2.233178414E-01 -1.646952031E-01 -1.132770092E-01 -2.304217392E-02  3.721873021E-02
  6.551834208E-02  1.333226025E-01  1.577208738E-01  1.708948192E-01  1.970914862E-01
  1.911757170E-01  1.970914862E-01  1.708948192E-01  1.577208738E-01  1.333226025E-01
  6.551834208E-02  3.721873021E-02 -2.304217392E-02 -1.132770092E-01 -1.646952031E-01
 -2.233178414E-01 -3.173392121E-01 -3.943981706E-01 -4.486029138E-01 -4.844096751E-01
 -6.835853974E-01 -6.655005183E-01 -6.087112178E-01 -5.430950697E-01 -4.823554652E-01
 -3.870213016E-01 -2.530866407E-01 -1.734896561E-01 -1.132770092E-01 -1.516430081E-02
  3.508091821E-02  8.482695118E-02  1.287495192E-01  1.516100905E-01  1.698186221E-01
  1.645196653E-01  1.698186221E-01  1.516100905E-01  1.287495192E-01  8.482695118E-02
  3.508091821E-02 -1.516430081E-02 -1.132770092E-01 -1.734896561E-01 -2.530866407E-01
 -3.870213016E-01 -4.823554652E-01 -5.430950697E-01 -6.087112178E-01 -6.655005183E-01
 -1.030733762E+00 -1.005697543E+00 -9.348675161E-01 -7.870356467E-01 -6.120640413E-01
 -5.064263312E-01 -3.991437303E-01 -2.530866407E-01 -1.646952031E-01 -9.360153716E-02
 -4.930488508E-05  4.564897138E-02  9.111824532E-02  1.275131106E-01  1.345120335E-01
  1.442584380E-01  1.345120335E-01  1.275131106E-01  9.111824532E-02  4.564897138E-02
 -4.930488508E-05 -9.360153716E-02 -1.646952031E-01 -2.530866407E-01 -3.991437303E-01
 -5.064263312E-01 -6.120640413E-01 -7.870356467E-01 -9.348675161E-01 -1.005697543E+00
 -1.344524414E+00 -1.290098384E+00 -1.190430131E+00 -1.067872280E+00 -8.973516931E-01
 -6.655543977E-01 -5.064263312E-01 -3.870213016E-01 -2.233178414E-01 -1.482406506E-01
 -5.908369368E-02  1.406110060E-02  6.246965580E-02  1.045779195E-01  1.107657003E-01
  1.290229052E-01  1.107657003E-01  1.045779195E-01  6.246965580E-02  1.406110060E-02
 -5.908369368E-02 -1.482406506E-01 -2.233178414E-01 -3.870213016E-01 -5.064263312E-01
 -6.655543977E-01 -8.973516931E-01 -1.067872280E+00 -1.190430131E+00 -1.290098384E+00
 -2.074712854E+00 -1.978760387E+00 -1.714179776E+00 -1.343752563E+00 -1.117965590E+00
 -8.973516931E-01 -6.120640413E-01 -4.823554652E-01 -3.173392121E-01 -1.860057039E-01
 -1.061641257E-01 -1.524207203E-02  3.323748148E-02  7.532460422E-02  9.139123661E-02
  9.540565135E-02  9.139123661E-02  7.532460422E-02  3.323748148E-02 -1.524207203E-02
 -1.061641257E-01 -1.860057039E-01 -3.173392121E-01 -4.823554652E-01 -6.120640413E-01
 -8.973516931E-01 -1.117965590E+00 -1.343752563E+00 -1.714179776E+00 -1.978760387E+00
 -2.313198843E+00 -2.286446275E+00 -2.246734322E+00 -1.885130548E+00 -1.343752563E+00
 -1.067872280E+00 -7.870356467E-01 -5.430950697E-01 -3.943981706E-01 -2.330300147E-01
 -1.450591976E-01 -5.050746850E-02  3.568973806E-03  4.596610715E-02  9.143243296E-02
  8.307526763E-02  9.143243296E-02  4.596610715E-02  3.568973806E-03 -5.050746850E-02
 -1.450591976E-01 -2.330300147E-01 -3.943981706E-01 -5.430950697E-01 -7.870356467E-01
 -1.067872280E+00 -1.343752563E+00 -1.885130548E+00 -2.246734322E+00 -2.286446275E+00
 -3.373567496E+00 -2.890913885E+00 -2.358652078E+00 -2.246734322E+00 -1.714179776E+00
 -1.190430131E+00 -9.348675161E-01 -6.087112178E-01 -4.486029138E-01 -2.790875767E-01
 -1.697478595E-01 -7.690536531E-02  1.843749656E-04  2.936223009E-02  7.696249135E-02
  5.546648470E-02  7.696249135E-02  2.936223009E-02  1.843749656E-04 -7.690536531E-02
 -1.697478595E-01 -2.790875767E-01 -4.486029138E-01 -6.087112178E-01 -9.348675161E-01
 -1.190430131E+00 -1.714179776E+00 -2.246734322E+00 -2.358652078E+00 -2.890913885E+00
 -6.357775746E+00 -5.045922098E+00 -2.890913885E+00 -2.286446275E+00 -1.978760387E+00
 -1.290098384E+00 -1.005697543E+00 -6.655005183E-01 -4.844096751E-01 -3.053637372E-01
 -1.763661933E-01 -9.797599791E-02 -4.143746528E-03  1.218813204E-02  6.085113400E-02
  4.158141904E-02  6.085113400E-02  1.218813204E-02 -4.143746528E-03 -9.797599791E-02
 -1.763661933E-01 -3.053637372E-01 -4.844096751E-01 -6.655005183E-01 -1.005697543E+00
 -1.290098384E+00 -1.978760387E+00 -2.286446275E+00 -2.890913885E+00 -5.045922098E+00
 -1.357626620E+01 -1.182121087E+01 -6.357775746E+00 -2.589381058E+00 -2.247339510E+00
 -1.533657476E+00 -1.098013019E+00 -7.641323232E-01 -5.173620114E-01 -3.537411297E-01
 -2.019836157E-01 -1.235701585E-01 -2.660123063E-02 -4.054620929E-03  6.605674462E-02
  3.719229861E-02  6.605674462E-02 -4.054620929E-03 -2.660123063E-02 -1.235701585E-01
 -2.019836157E-01 -3.537411297E-01 -5.173620114E-01 -7.641323232E-01 -1.098013019E+00
 -1.533657476E+00 -2.247339510E+00 -2.589381058E+00 -6.357775746E+00 -1.182121087E+01
 -1.182121087E+01 -9.841429218E+00 -5.045922098E+00 -2.407637351E+00 -2.194002701E+00
 -1.458383918E+00 -1.073465455E+00 -7.432234927E-01 -5.182075758E-01 -3.408929503E-01
 -1.912048104E-01 -1.171308019E-01 -1.863718444E-02  2.005846479E-03  6.402104632E-02
  3.733534029E-02  6.402104632E-02  2.005846479E-03 -1.863718444E-02 -1.171308019E-01
 -1.912048104E-01 -3.408929503E-01 -5.182075758E-01 -7.432234927E-01 -1.073465455E+00
 -1.458383918E+00 -2.194002701E+00 -2.407637351E+00 -5.045922098E+00 -9.841429218E+00
 -6.357775746E+00 -5.045922098E+00 -2.890913885E+00 -2.286446275E+00 -1.978760387E+00
 -1.290098384E+00 -1.005697543E+00 -6.655005183E-01 -4.844096751E-01 -3.053637372E-01
 -1.763661933E-01 -9.797599791E-02 -4.143746528E-03  1.218813204E-02  6.085113400E-02
  4.158141904E-02  6.085113400E-02  1.218813204E-02 -4.143746528E-03 -9.797599791E-02
 -1.763661933E-01 -3.053637372E-01 -4.844096751E-01 -6.655005183E-01 -1.005697543E+00
 -1.290098384E+00 -1.978760387E+00 -2.286446275E+00 -2.890913885E+00 -5.045922098E+00
 -2.589381058E+00 -2.407637351E+00 -2.286446275E+00 -2.123126524E+00 -1.530849040E+00
 -1.124478547E+00 -8.749143396E-01 -5.774883919E-01 -4.311920388E-01 -2.591836628E-01
 -1.548645303E-01 -6.576146435E-02  4.268460495E-03  3.121002022E-02  7.532415885E-02
  6.620357492E-02  7.532415885E-02  3.121002022E-02  4.268460495E-03 -6.576146435E-02
 -1.548645303E-01 -2.591836628E-01 -4.311920388E-01 -5.774883919E-01 -8.749143396E-01
 -1.124478547E+00 -1.530849040E+00 -2.123126524E+00 -2.286446275E+00 -2.407637351E+00
 -2.247339510E+00 -2.194002701E+00 -1.978760387E+00 -1.530849040E+00 -1.191186496E+00
 -9.834181890E-01 -6.862402181E-01 -5.061231895E-01 -3.513182561E-01 -2.033657825E-01
 -1.187817513E-01 -3.135958637E-02  1.708566499E-02  6.272199650E-02  9.304341735E-02
  9.313742278E-02  9.304341735E-02  6.272199650E-02  1.708566499E-02 -3.135958637E-02
 -1.187817513E-01 -2.033657825E-01 -3.513182561E-01 -5.061231895E-01 -6.862402181E-01
 -9.834181890E-01 -1.191186496E+00 -1.530849040E+00 -1.978760387E+00 -2.194002701E+00
 -1.533657476E+00 -1.458383918E+00 -1.290098384E+00 -1.124478547E+00 -9.834181890E-01
 -7.425660866E-01 -5.405316133E-01 -4.208351391E-01 -2.502899659E-01 -1.607669337E-01
 -6.929098155E-02  6.664503408E-03  4.690957458E-02  9.045655692E-02  1.060394571E-01
  1.248014480E-01  1.060394571E-01  9.045655692E-02  4.690957458E-02  6.664503408E-03
 -6.929098155E-02 -1.607669337E-01 -2.502899659E-01 -4.208351391E-01 -5.405316133E-01
 -7.425660866E-01 -9.834181890E-01 -1.124478547E+00 -1.290098384E+00 -1.458383918E+00
 -1.098013019E+00 -1.073465455E+00 -1.005697543E+00 -8.749143396E-01 -6.862402181E-01
 -5.405316133E-01 -4.395073559E-01 -2.891366506E-01 -1.802906191E-01 -1.104844354E-01
 -8.431302342E-03  3.562925134E-02  7.814824860E-02  1.140545680E-01  1.320270464E-01
  1.597008441E-01  1.320270464E-01  1.140545680E-01  7.814824860E-02  3.562925134E-02
 -8.431302342E-03 -1.104844354E-01 -1.802906191E-01 -2.891366506E-01 -4.395073559E-01
 -5.405316133E-01 -6.862402181E-01 -8.749143396E-01 -1.005697543E+00 -1.073465455E+00
 -7.641323232E-01 -7.432234927E-01 -6.655005183E-01 -5.774883919E-01 -5.061231895E-01
 -4.208351391E-01 -2.891366506E-01 -1.814243730E-01 -1.260979434E-01 -2.904302551E-02
  3.394237540E-02  7.023279881E-02  1.133012459E-01  1.358862075E-01  1.629149024E-01
  1.742589525E-01  1.629149024E-01  1.358862075E-01  1.133012459E-01  7.023279881E-02
  3.394237540E-02 -2.904302551E-02 -1.260979434E-01 -1.814243730E-01 -2.891366506E-01
 -4.208351391E-01 -5.061231895E-01 -5.774883919E-01 -6.655005183E-01 -7.432234927E-01
 -5.173620114E-01 -5.182075758E-01 -4.844096751E-01 -4.311920388E-01 -3.513182561E-01
 -2.502899659E-01 -1.802906191E-01 -1.260979434E-01 -4.662119128E-02  2.848456521E-02
  6.177426627E-02  1.236439502E-01  1.469995044E-01  1.623726266E-01  1.958401678E-01
  1.891591463E-01  1.958401678E-01  1.623726266E-01  1.469995044E-01  1.236439502E-01
  6.177426627E-02  2.848456521E-02 -4.662119128E-02 -1.260979434E-01 -1.802906191E-01
 -2.502899659E-01 -3.513182561E-01 -4.311920388E-01 -4.844096751E-01 -5.182075758E-01
 -3.537411297E-01 -3.408929503E-01 -3.053637372E-01 -2.591836628E-01 -2.033657825E-01
 -1.607669337E-01 -1.104844354E-01 -2.904302551E-02  2.848456521E-02  6.633269226E-02
  1.114046064E-01  1.503610942E-01  1.714644083E-01  2.009468979E-01  2.153684151E-01
  2.057667260E-01  2.153684151E-01  2.009468979E-01  1.714644083E-01  1.503610942E-01
  1.114046064E-01  6.633269226E-02  2.848456521E-02 -2.904302551E-02 -1.104844354E-01
 -1.607669337E-01 -2.033657825E-01 -2.591836628E-01 -3.053637372E-01 -3.408929503E-01
 -2.019836157E-01 -1.912048104E-01 -1.763661933E-01 -1.548645303E-01 -1.187817513E-01
 -6.929098155E-02 -8.431302342E-03  3.394237540E-02  6.177426627E-02  1.114046064E-01
  1.539636375E-01  1.725675444E-01  2.110394718E-01  2.257918180E-01  2.256104659E-01
  2.389415294E-01  2.256104659E-01  2.257918180E-01  2.110394718E-01  1.725675444E-01
  1.539636375E-01  1.114046064E-01  6.177426627E-02  3.394237540E-02 -8.431302342E-03
 -6.929098155E-02 -1.187817513E-01 -1.548645303E-01 -1.763661933E-01 -1.912048104E-01
 -1.235701585E-01 -1.171308019E-01 -9.797599791E-02 -6.576146435E-02 -3.135958637E-02
  6.664503408E-03  3.562925134E-02  7.023279881E-02  1.236439502E-01  1.503610942E-01
  1.725675444E-01  2.075106313E-01  2.339142199E-01  2.416579164E-01  2.485834296E-01
  2.593661081E-01  2.485834296E-01  2.416579164E-01  2.339142199E-01  2.075106313E-01
  1.725675444E-01  1.503610942E-01  1.236439502E-01  7.023279881E-02  3.562925134E-02
  6.664503408E-03 -3.135958637E-02 -6.576146435E-02 -9.797599791E-02 -1.171308019E-01
 -2.660123063E-02 -1.863718444E-02 -4.143746528E-03  4.268460495E-03  1.708566499E-02
  4.690957458E-02  7.814824860E-02  1.133012459E-01  1.469995044E-01  1.714644083E-01
  2.110394718E-01  2.339142199E-01  2.408540020E-01  2.676673554E-01  2.718599749E-01
  2.593088493E-01  2.718599749E-01  2.676673554E-01  2.408540020E-01  2.339142199E-01
  2.110394718E-01  1.714644083E-01  1.469995044E-01  1.133012459E-01  7.814824860E-02
  4.690957458E-02  1.708566499E-02  4.268460495E-03 -4.143746528E-03 -1.863718444E-02
 -4.054620929E-03  2.005846479E-03  1.218813204E-02  3.121002022E-02  6.272199650E-02
  9.045655692E-02  1.140545680E-01  1.358862075E-01  1.623726266E-01  2.009468979E-01
  2.257918180E-01  2.416579164E-01  2.676673554E-01  2.743692645E-01  2.771558153E-01
  2.867845829E-01  2.771558153E-01  2.743692645E-01  2.676673554E-01  2.416579164E-01
  2.257918180E-01  2.009468979E-01  1.623726266E-01  1.358862075E-01  1.140545680E-01
  9.045655692E-02  6.272199650E-02  3.121002022E-02  1.218813204E-02  2.005846479E-03
  6.605674462E-02  6.402104632E-02  6.085113400E-02  7.532415885E-02  9.304341735E-02
  1.060394571E-01  1.320270464E-01  1.629149024E-01  1.958401678E-01  2.153684151E-01
  2.256104659E-01  2.485834296E-01  2.718599749E-01  2.771558153E-01  2.843831752E-01
  2.944730587E-01  2.843831752E-01  2.771558153E-01  2.718599749E-01  2.485834296E-01
  2.256104659E-01  2.153684151E-01  1.958401678E-01  1.629149024E-01  1.320270464E-01
  1.060394571E-01  9.304341735E-02  7.532415885E-02  6.085113400E-02  6.402104632E-02
  3.719229861E-02  3.733534029E-02  4.158141904E-02  6.620357492E-02  9.313742278E-02
  1.248014480E-01  1.597008441E-01  1.742589525E-01  1.891591463E-01  2.057667260E-01
  2.389415294E-01  2.593661081E-01  2.593088493E-01  2.867845829E-01  2.944730587E-01
  2.807633725E-01  2.944730587E-01  2.867845829E-01  2.593088493E-01  2.593661081E-01
  2.389415294E-01  2.057667260E-01  1.891591463E-01  1.742589525E-01  1.597008441E-01
  1.248014480E-01  9.313742278E-02  6.620357492E-02  4.158141904E-02  3.733534029E-02
  6.605674462E-02  6.402104632E-02  6.085113400E-02  7.532415885E-02  9.304341735E-02
  1.060394571E-01  1.320270464E-01  1.629149024E-01  1.958401678E-01  2.153684151E-01
  2.256104659E-01  2.485834296E-01  2.718599749E-01  2.771558153E-01  2.843831752E-01
  2.944730587E-01  2.843831752E-01  2.771558153E-01  2.718599749E-01  2.485834296E-01
  2.256104659E-01  2.153684151E-01  1.958401678E-01  1.629149024E-01  1.320270464E-01
  1.060394571E-01  9.304341735E-02  7.532415885E-02  6.085113400E-02  6.402104632E-02
 -4.054620929E-03  2.005846479E-03  1.218813204E-02  3.121002022E-02  6.272199650E-02
  9.045655692E-02  1.140545680E-01  1.358862075E-01  1.623726266E-01  2.009468979E-01
  2.257918180E-01  2.416579164E-01  2.676673554E-01  2.743692645E-01  2.771558153E-01
  2.867845829E-01  2.771558153E-01  2.743692645E-01  2.676673554E-01  2.416579164E-01
  2.257918180E-01  2.009468979E-01  1.623726266E-01  1.358862075E-01  1.140545680E-01
  9.045655692E-02  6.272199650E-02  3.121002022E-02  1.218813204E-02  2.005846479E-03
 -2.660123063E-02 -1.863718444E-02 -4.143746528E-03  4.268460495E-03  1.708566499E-02
  4.690957458E-02  7.814824860E-02  1.133012459E-01  1.469995044E-01  1.714644083E-01
  2.110394718E-01  2.339142199E-01  2.408540020E-01  2.676673554E-01  2.718599749E-01
  2.593088493E-01  2.718599749E-01  2.676673554E-01  2.408540020E-01  2.339142199E-01
  2.110394718E-01  1.714644083E-01  1.469995044E-01  1.133012459E-01  7.814824860E-02
  4.690957458E-02  1.708566499E-02  4.268460495E-03 -4.143746528E-03 -1.863718444E-02
 -1.235701585E-01 -1.171308019E-01 -9.797599791E-02 -6.576146435E-02 -3.135958637E-02
  6.664503408E-03  3.562925134E-02  7.023279881E-02  1.236439502E-01  1.503610942E-01
  1.725675444E-01  2.075106313E-01  2.339142199E-01  2.416579164E-01  2.485834296E-01
  2.593661081E-01  2.485834296E-01  2.416579164E-01  2.339142199E-01  2.075106313E-01
  1.725675444E-01  1.503610942E-01  1.236439502E-01  7.023279881E-02  3.562925134E-02
  6.664503408E-03 -3.135958637E-02 -6.576146435E-02 -9.797599791E-02 -1.171308019E-01
 -2.019836157E-01 -1.912048104E-01 -1.763661933E-01 -1.548645303E-01 -1.187817513E-01
 -6.929098155E-02 -8.431302342E-03  3.394237540E-02  6.177426627E-02  1.114046064E-01
  1.539636375E-01  1.725675444E-01  2.110394718E-01  2.257918180E-01  2.256104659E-01
  2.389415294E-01  2.256104659E-01  2.257918180E-01  2.110394718E-01  1.725675444E-01
  1.539636375E-01  1.114046064E-01  6.177426627E-02  3.394237540E-02 -8.431302342E-03
 -6.929098155E-02 -1.187817513E-01 -1.548645303E-01 -1.763661933E-01 -1.912048104E-01
 -3.537411297E-01 -3.408929503E-01 -3.053637372E-01 -2.591836628E-01 -2.033657825E-01
 -1.607669337E-01 -1.104844354E-01 -2.904302551E-02  2.848456521E-02  6.633269226E-02
  1.114046064E-01  1.503610942E-01  1.714644083E-01  2.009468979E-01  2.153684151E-01
  2.057667260E-01  2.153684151E-01  2.009468979E-01  1.714644083E-01  1.503610942E-01
  1.114046064E-01  6.633269226E-02  2.848456521E-02 -2.904302551E-02 -1.104844354E-01
 -1.607669337E-01 -2.033657825E-01 -2.591836628E-01 -3.053637372E-01 -3.408929503E-01
 -5.173620114E-01 -5.182075758E-01 -4.844096751E-01 -4.311920388E-01 -3.513182561E-01
 -2.502899659E-01 -1.802906191E-01 -1.260979434E-01 -4.662119128E-02  2.848456521E-02
  6.177426627E-02  1.236439502E-01  1.469995044E-01  1.623726266E-01  1.958401678E-01
  1.891591463E-01  1.958401678E-01  1.623726266E-01  1.469995044E-01  1.236439502E-01
  6.177426627E-02  2.848456521E-02 -4.662119128E-02 -1.260979434E-01 -1.802906191E-01
 -2.502899659E-01 -3.513182561E-01 -4.311920388E-01 -4.844096751E-01 -5.182075758E-01
 -7.641323232E-01 -7.432234927E-01 -6.655005183E-01 -5.774883919E-01 -5.061231895E-01
 -4.208351391E-01 -2.891366506E-01 -1.814243730E-01 -1.260979434E-01 -2.904302551E-02
  3.394237540E-02  7.023279881E-02  1.133012459E-01  1.358862075E-01  1.629149024E-01
  1.742589525E-01  1.629149024E-01  1.358862075E-01  1.133012459E-01  7.023279881E-02
  3.394237540E-02 -2.904302551E-02 -1.260979434E-01 -1.814243730E-01 -2.891366506E-01
 -4.208351391E-01 -5.061231895E-01 -5.774883919E-01 -6.655005183E-01 -7.432234927E-01
 -1.098013019E+00 -1.073465455E+00 -1.005697543E+00 -8.749143396E-01 -6.862402181E-01
 -5.405316133E-01 -4.395073559E-01 -2.891366506E-01 -1.802906191E-01 -1.104844354E-01
 -8.431302342E-03  3.562925134E-02  7.814824860E-02  1.140545680E-01  1.320270464E-01
  1.597008441E-01  1.320270464E-01  1.140545680E-01  7.814824860E-02  3.562925134E-02
 -8.431302342E-03 -1.104844354E-01 -1.802906191E-01 -2.891366506E-01 -4.395073559E-01
 -5.405316133E-01 -6.862402181E-01 -8.749143396E-01 -1.005697543E+00 -1.073465455E+00
 -1.533657476E+00 -1.458383918E+00 -1.290098384E+00 -1.124478547E+00 -9.834181890E-01
 -7.425660866E-01 -5.405316133E-01 -4.208351391E-01 -2.502899659E-01 -1.607669337E-01
 -6.929098155E-02  6.664503408E-03  4.690957458E-02  9.045655692E-02  1.060394571E-01
  1.248014480E-01  1.060394571E-01  9.045655692E-02  4.690957458E-02  6.664503408E-03
 -6.929098155E-02 -1.607669337E-01 -2.502899659E-01 -4.208351391E-01 -5.405316133E-01
 -7.425660866E-01 -9.834181890E-01 -1.124478547E+00 -1.290098384E+00 -1.458383918E+00
 -2.247339510E+00 -2.194002701E+00 -1.978760387E+00 -1.530849040E+00 -1.191186496E+00
 -9.834181890E-01 -6.862402181E-01 -5.061231895E-01 -3.513182561E-01 -2.033657825E-01
 -1.187817513E-01 -3.135958637E-02  1.708566499E-02  6.272199650E-02  9.304341735E-02
  9.313742278E-02  9.304341735E-02  6.272199650E-02  1.708566499E-02 -3.135958637E-02
 -1.187817513E-01 -2.033657825E-01 -3.513182561E-01 -5.061231895E-01 -6.862402181E-01
 -9.834181890E-01 -1.191186496E+00 -1.530849040E+00 -1.978760387E+00 -2.194002701E+00
 -2.589381058E+00 -2.407637351E+00 -2.286446275E+00 -2.123126524E+00 -1.530849040E+00
 -1.124478547E+00 -8.749143396E-01 -5.774883919E-01 -4.311920388E-01 -2.591836628E-01
 -1.548645303E-01 -6.576146435E-02  4.268460495E-03  3.121002022E-02  7.532415885E-02
  6.620357492E-02  7.532415885E-02  3.121002022E-02  4.268460495E-03 -6.576146435E-02
 -1.548645303E-01 -2.591836628E-01 -4.311920388E-01 -5.774883919E-01 -8.749143396E-01
 -1.124478547E+00 -1.530849040E+00 -2.123126524E+00 -2.286446275E+00 -2.407637351E+00
 -6.357775746E+00 -5.045922098E+00 -2.890913885E+00 -2.286446275E+00 -1.978760387E+00
 -1.290098384E+00 -1.005697543E+00 -6.655005183E-01 -4.844096751E-01 -3.053637372E-01
 -1.763661933E-01 -9.797599791E-02 -4.143746528E-03  1.218813204E-02  6.085113400E-02
  4.158141904E-02  6.085113400E-02  1.218813204E-02 -4.143746528E-03 -9.797599791E-02
 -1.763661933E-01 -3.053637372E-01 -4.844096751E-01 -6.655005183E-01 -1.005697543E+00
 -1.290098384E+00 -1.978760387E+00 -2.286446275E+00 -2.890913885E+00 -5.045922098E+00
 -1.182121087E+01 -9.841429218E+00 -5.045922098E+00 -2.407637351E+00 -2.194002701E+00
 -1.458383918E+00 -1.073465455E+00 -7.432234927E-01 -5.182075758E-01 -3.408929503E-01
 -1.912048104E-01 -1.171308019E-01 -1.863718444E-02  2.005846479E-03  6.402104632E-02
  3.733534029E-02  6.402104632E-02  2.005846479E-03 -1.863718444E-02 -1.171308019E-01
 -1.912048104E-01 -3.408929503E-01 -5.182075758E-01 -7.432234927E-01 -1.073465455E+00
 -1.458383918E+00 -2.194002701E+00 -2.407637351E+00 -5.045922098E+00 -9.841429218E+00
