9.999999999999999547e-07
9.999999999999999547e-07
9.999999999999999547e-07
1.363574076407101862e-02
5.608560790011158509e-02
4.333121053299552466e-02
2.312793983350610108e-02
1.416684341428936164e-02
1.010554509643933445e-02
7.695590777663628354e-03
6.847959197143535688e-03
7.695590777663628354e-03
1.010554509643933445e-02
1.416684341428936164e-02
2.312793983350610108e-02
4.333121053299552466e-02
5.608560790011158509e-02
1.363574076407101862e-02
9.999999999999999547e-07
9.999999999999999547e-07
9.999999999999999547e-07
9.999999999999999547e-07
9.999999999999999547e-07
2.389264533281830472e-02
5.721006098338705936e-02
4.126148372760471417e-02
2.236736516687214821e-02
1.429715840557471696e-02
1.046765920197526359e-02
8.256269063141039380e-03
7.695590777663612742e-03
8.261956782032014654e-03
1.046501750683783566e-02
1.429291043847885807e-02
2.236783217092324499e-02
4.126540270488052164e-02
5.720769759162976087e-02
2.388553964293676016e-02
9.999999999999999547e-07
9.999999999999999547e-07
9.999999999999999547e-07
9.999999999999999547e-07
4.101005149728247610e-03
4.735253764642944480e-02
5.545754218578290845e-02
3.580790364466251985e-02
2.121271070382899429e-02
1.533355842391050800e-02
1.214776617330537087e-02
1.046765920197525665e-02
1.010554509643931016e-02
1.046501750683782352e-02
1.215173828597959117e-02
1.532654424119127626e-02
2.120583392530597105e-02
3.580697565474479094e-02
5.546559421292614200e-02
4.737002095304496813e-02
4.105283536370731186e-03
9.999999999999999547e-07
1.363574076407099607e-02
2.389264533281831165e-02
4.735253764642944480e-02
5.780475698986166366e-02
4.537157484827757103e-02
2.912674138335046362e-02
2.084230680402109070e-02
1.757397476834175049e-02
1.533355842391051320e-02
1.429715840557471696e-02
1.416684341428935297e-02
1.429291043847886675e-02
1.532654424119127279e-02
1.758531626515707352e-02
2.084403166957412429e-02
2.911095797394033444e-02
4.537482437783865730e-02
5.783086785948498426e-02
4.737002095304496813e-02
2.388553964293676710e-02
5.608560790011163366e-02
5.721006098338708018e-02
5.545754218578293621e-02
4.537157484827757103e-02
3.249996606330047416e-02
2.442405431929235010e-02
2.152319882260249687e-02
2.084230680402110111e-02
2.121271070382900470e-02
2.236736516687214474e-02
2.312793983350611149e-02
2.236783217092325193e-02
2.120583392530598493e-02
2.084403166957413470e-02
2.152362817965271582e-02
2.442459635174123317e-02
3.250904906534067551e-02
4.537482437783867117e-02
5.546559421292615588e-02
5.720769759162978169e-02
4.333121053299555936e-02
4.126148372760476274e-02
3.580790364466254067e-02
2.912674138335046709e-02
2.442405431929234663e-02
2.285683429820390550e-02
2.442405431929234663e-02
2.912674138335046709e-02
3.580790364466254067e-02
4.126148372760476274e-02
4.333121053299555936e-02
4.126540270488058409e-02
3.580697565474479788e-02
2.911095797394034138e-02
2.442459635174124011e-02
2.286405994646633841e-02
2.442459635174124011e-02
2.911095797394034138e-02
3.580697565474479788e-02
4.126540270488058409e-02
2.312793983350611149e-02
2.236736516687214474e-02
2.121271070382900470e-02
2.084230680402110458e-02
2.152319882260249687e-02
2.442405431929235010e-02
3.249996606330047416e-02
4.537157484827757103e-02
5.545754218578293621e-02
5.721006098338708018e-02
5.608560790011163366e-02
5.720769759162978169e-02
5.546559421292615588e-02
4.537482437783867117e-02
3.250904906534067551e-02
2.442459635174123317e-02
2.152362817965271582e-02
2.084403166957413470e-02
2.120583392530598493e-02
2.236783217092325193e-02
1.416684341428935297e-02
1.429715840557471696e-02
1.533355842391051320e-02
1.757397476834175049e-02
2.084230680402109070e-02
2.912674138335046362e-02
4.537157484827757103e-02
5.780475698986166366e-02
4.735253764642944480e-02
2.389264533281831165e-02
1.363574076407099607e-02
2.388553964293676710e-02
4.737002095304496813e-02
5.783086785948498426e-02
4.537482437783865730e-02
2.911095797394033444e-02
2.084403166957412429e-02
1.758531626515707352e-02
1.532654424119127279e-02
1.429291043847886675e-02
1.010554509643930843e-02
1.046765920197525665e-02
1.214776617330537087e-02
1.533355842391050800e-02
2.121271070382899429e-02
3.580790364466251985e-02
5.545754218578290845e-02
4.735253764642944480e-02
4.101005149728247610e-03
9.999999999999999547e-07
9.999999999999999547e-07
9.999999999999999547e-07
4.105283536370731186e-03
4.737002095304496813e-02
5.546559421292614200e-02
3.580697565474479094e-02
2.120583392530597105e-02
1.532654424119127626e-02
1.215173828597959117e-02
1.046501750683782178e-02
7.695590777663612742e-03
8.256269063141039380e-03
1.046765920197526359e-02
1.429715840557471696e-02
2.236736516687214821e-02
4.126148372760471417e-02
5.721006098338705936e-02
2.389264533281830472e-02
9.999999999999999547e-07
9.999999999999999547e-07
9.999999999999999547e-07
9.999999999999999547e-07
9.999999999999999547e-07
2.388553964293676016e-02
5.720769759162976087e-02
4.126540270488052164e-02
2.236783217092324499e-02
1.429291043847885807e-02
1.046501750683783566e-02
8.261956782032014654e-03
6.847959197143535688e-03
7.695590777663628354e-03
1.010554509643933445e-02
1.416684341428936164e-02
2.312793983350610108e-02
4.333121053299552466e-02
5.608560790011158509e-02
1.363574076407101862e-02
9.999999999999999547e-07
9.999999999999999547e-07
9.999999999999999547e-07
9.999999999999999547e-07
9.999999999999999547e-07
1.363574076407101862e-02
5.608560790011158509e-02
4.333121053299552466e-02
2.312793983350610108e-02
1.416684341428936164e-02
1.010554509643933445e-02
7.695590777663628354e-03
7.695590777663612742e-03
8.261956782032014654e-03
1.046501750683783566e-02
1.429291043847885807e-02
2.236783217092324499e-02
4.126540270488052164e-02
5.720769759162976087e-02
2.388553964293676016e-02
9.999999999999999547e-07
9.999999999999999547e-07
9.999999999999999547e-07
9.999999999999999547e-07
9.999999999999999547e-07
2.389264533281830472e-02
5.721006098338705936e-02
4.126148372760471417e-02
2.236736516687214821e-02
1.429715840557471696e-02
1.046765920197526359e-02
8.256269063141039380e-03
1.010554509643931016e-02
1.046501750683782352e-02
1.215173828597959117e-02
1.532654424119127626e-02
2.120583392530597105e-02
3.580697565474479094e-02
5.546559421292614200e-02
4.737002095304496813e-02
4.105283536370731186e-03
9.999999999999999547e-07
9.999999999999999547e-07
9.999999999999999547e-07
4.101005149728247610e-03
4.735253764642944480e-02
5.545754218578290845e-02
3.580790364466251985e-02
2.121271070382899429e-02
1.533355842391050800e-02
1.214776617330537087e-02
1.046765920197525665e-02
1.416684341428935297e-02
1.429291043847886675e-02
1.532654424119127279e-02
1.758531626515707352e-02
2.084403166957412429e-02
2.911095797394033444e-02
4.537482437783865730e-02
5.783086785948498426e-02
4.737002095304496813e-02
2.388553964293676710e-02
1.363574076407099607e-02
2.389264533281831165e-02
4.735253764642944480e-02
5.780475698986166366e-02
4.537157484827757103e-02
2.912674138335046362e-02
2.084230680402109070e-02
1.757397476834175049e-02
1.533355842391051320e-02
1.429715840557471696e-02
2.312793983350611149e-02
2.236783217092325193e-02
2.120583392530598493e-02
2.084403166957413470e-02
2.152362817965271582e-02
2.442459635174123317e-02
3.250904906534067551e-02
4.537482437783867117e-02
5.546559421292615588e-02
5.720769759162978169e-02
5.608560790011163366e-02
5.721006098338708018e-02
5.545754218578293621e-02
4.537157484827757103e-02
3.249996606330047416e-02
2.442405431929235010e-02
2.152319882260249687e-02
2.084230680402110111e-02
2.121271070382900470e-02
2.236736516687214474e-02
4.333121053299555936e-02
4.126540270488058409e-02
3.580697565474479788e-02
2.911095797394034138e-02
2.442459635174124011e-02
2.286405994646633841e-02
2.442459635174124011e-02
2.911095797394034138e-02
3.580697565474479788e-02
4.126540270488058409e-02
4.333121053299555936e-02
4.126148372760476274e-02
3.580790364466254067e-02
2.912674138335046709e-02
2.442405431929234663e-02
2.285683429820390550e-02
2.442405431929234663e-02
2.912674138335046709e-02
3.580790364466254067e-02
4.126148372760476274e-02
5.608560790011163366e-02
5.720769759162978169e-02
5.546559421292615588e-02
4.537482437783867117e-02
3.250904906534067551e-02
2.442459635174123317e-02
2.152362817965271582e-02
2.084403166957413470e-02
2.120583392530598493e-02
2.236783217092325193e-02
2.312793983350611149e-02
2.236736516687214474e-02
2.121271070382900470e-02
2.084230680402110458e-02
2.152319882260249687e-02
2.442405431929235010e-02
3.249996606330047416e-02
4.537157484827757103e-02
5.545754218578293621e-02
5.721006098338708018e-02
1.363574076407099607e-02
2.388553964293676710e-02
4.737002095304496813e-02
5.783086785948498426e-02
4.537482437783865730e-02
2.911095797394033444e-02
2.084403166957412429e-02
1.758531626515707352e-02
1.532654424119127279e-02
1.429291043847886675e-02
1.416684341428935297e-02
1.429715840557471696e-02
1.533355842391051320e-02
1.757397476834175049e-02
2.084230680402109070e-02
2.912674138335046362e-02
4.537157484827757103e-02
5.780475698986166366e-02
4.735253764642944480e-02
2.389264533281831165e-02
9.999999999999999547e-07
9.999999999999999547e-07
4.105283536370731186e-03
4.737002095304496813e-02
5.546559421292614200e-02
3.580697565474479094e-02
2.120583392530597105e-02
1.532654424119127626e-02
1.215173828597959117e-02
1.046501750683782178e-02
1.010554509643930843e-02
1.046765920197525665e-02
1.214776617330537087e-02
1.533355842391050800e-02
2.121271070382899429e-02
3.580790364466251985e-02
5.545754218578290845e-02
4.735253764642944480e-02
4.101005149728247610e-03
9.999999999999999547e-07
9.999999999999999547e-07
9.999999999999999547e-07
9.999999999999999547e-07
2.388553964293676016e-02
5.720769759162976087e-02
4.126540270488052164e-02
2.236783217092324499e-02
1.429291043847885807e-02
1.046501750683783566e-02
8.261956782032014654e-03
7.695590777663612742e-03
8.256269063141039380e-03
1.046765920197526359e-02
1.429715840557471696e-02
2.236736516687214821e-02
4.126148372760471417e-02
5.721006098338705936e-02
2.389264533281830472e-02
9.999999999999999547e-07
9.999999999999999547e-07
9.999999999999999547e-07
9.999999999999999547e-07
9.999999999999999547e-07
2.389264533281831165e-02
5.721006098338705936e-02
4.126148372760470029e-02
2.236736516687214474e-02
1.429715840557471696e-02
1.046765920197526359e-02
8.256269063141042849e-03
7.695590777663621415e-03
8.261956782032012919e-03
1.046501750683783045e-02
1.429291043847886328e-02
2.236783217092325540e-02
4.126540270488052164e-02
5.720769759162976087e-02
2.388553964293675322e-02
9.999999999999999547e-07
9.999999999999999547e-07
9.999999999999999547e-07
9.999999999999999547e-07
9.999999999999999547e-07
3.321326838227431355e-02
5.734293007132146291e-02
3.913347793499407506e-02
2.155239620504485407e-02
1.429777190976325163e-02
1.081103094398364745e-02
8.842093699241420496e-03
8.261956782031997307e-03
8.852883976134671984e-03
1.080906062466635044e-02
1.428239797194440566e-02
2.156801572517695956e-02
3.913014420030375140e-02
5.734211786820316709e-02
3.321552899015698529e-02
9.999999999999999547e-07
9.999999999999999547e-07
9.999999999999999547e-07
9.999999999999999547e-07
1.381047151937202580e-02
5.194928175603481108e-02
5.374012237406104731e-02
3.367152244740800882e-02
2.035020798576938489e-02
1.518091965001881934e-02
1.237232340024729468e-02
1.080393696721466089e-02
1.046501750683781137e-02
1.080906062466634350e-02
1.236768359109968046e-02
1.518464248128067150e-02
2.033689930069655302e-02
3.367565638785852133e-02
5.375449638689566018e-02
5.194692481841595849e-02
1.381080446282155656e-02
9.999999999999999547e-07
2.389264533281831165e-02
3.321326838227429273e-02
5.194928175603484577e-02
5.692682044056768254e-02
4.308012273048919538e-02
2.765599643774044325e-02
2.014066833378945487e-02
1.717582360709930811e-02
1.517838069385480521e-02
1.428575841923735920e-02
1.429291043847885807e-02
1.428239797194440566e-02
1.518464248128066109e-02
1.717154279651626411e-02
2.014714930742829424e-02
2.763684123286511488e-02
4.307313486016788734e-02
5.693488436950868564e-02
5.196614333905603261e-02
3.321388900781752779e-02
5.721006098338708018e-02
5.734293007132148373e-02
5.374012237406106118e-02
4.308012273048918150e-02
3.100503311864561198e-02
2.363755599668659196e-02
2.088992058729553097e-02
2.013825847795771770e-02
2.035367783729038343e-02
2.156402810324515099e-02
2.236783217092325887e-02
2.156801572517697344e-02
2.033689930069657384e-02
2.014714930742829424e-02
2.090350716923261229e-02
2.363124931670568599e-02
3.098350290611742372e-02
4.308655563862927307e-02
5.376185602097401789e-02
5.734360028983399860e-02
4.126148372760475580e-02
3.913347793499410282e-02
3.367152244740805739e-02
2.765599643774043978e-02
2.363755599668658156e-02
2.238588146183324856e-02
2.363111050015909154e-02
2.764494392709541948e-02
3.366389179601915471e-02
3.914183890058996890e-02
4.126540270488058409e-02
3.913014420030379303e-02
3.367565638785853521e-02
2.763684123286512528e-02
2.363124931670569986e-02
2.237742833596614508e-02
2.364317540978498264e-02
2.763787948171804107e-02
3.367992181397960055e-02
3.914183890058994808e-02
2.236736516687214821e-02
2.155239620504485754e-02
2.035020798576939530e-02
2.014066833378945834e-02
2.088992058729554485e-02
2.363111050015909154e-02
3.100538033729686657e-02
4.308276086363344720e-02
5.374416450615666224e-02
5.734360028983401247e-02
5.720769759162978169e-02
5.734211786820320872e-02
5.375449638689568099e-02
4.307313486016788734e-02
3.098350290611742719e-02
2.364317540978497917e-02
2.089803323874718510e-02
2.014217227299623311e-02
2.033985865634422088e-02
2.156402810324515792e-02
1.429715840557472563e-02
1.429777190976324296e-02
1.518091965001881066e-02
1.717582360709930811e-02
2.013825847795773505e-02
2.764494392709541948e-02
4.308276086363344026e-02
5.693374328981638116e-02
5.194845870042196639e-02
3.321388900781753473e-02
2.388553964293675322e-02
3.321552899015699917e-02
5.194692481841597931e-02
5.693488436950871340e-02
4.308655563862924531e-02
2.763787948171804107e-02
2.014217227299624352e-02
1.717515657498489348e-02
1.518619629234277055e-02
1.428575841923735920e-02
1.046765920197524798e-02
1.081103094398365959e-02
1.237232340024729468e-02
1.517838069385480521e-02
2.035367783729037996e-02
3.366389179601913390e-02
5.374416450615664143e-02
5.194845870042195252e-02
1.381019289483380839e-02
9.999999999999999547e-07
9.999999999999999547e-07
9.999999999999999547e-07
1.381080446282155656e-02
5.196614333905601874e-02
5.376185602097400401e-02
3.367992181397957280e-02
2.033985865634422088e-02
1.518619629234276708e-02
1.237516409232610089e-02
1.080393696721466436e-02
8.256269063141034176e-03
8.842093699241427435e-03
1.080393696721467303e-02
1.428575841923736267e-02
2.156402810324514405e-02
3.914183890058992726e-02
5.734360028983399860e-02
3.321388900781754860e-02
9.999999999999999547e-07
9.999999999999999547e-07
9.999999999999999547e-07
9.999999999999999547e-07
9.999999999999999547e-07
3.321388900781753473e-02
5.734360028983399860e-02
3.914183890058992726e-02
2.156402810324514405e-02
1.428575841923735920e-02
1.080393696721467477e-02
8.842093699241434374e-03
7.695590777663621415e-03
8.261956782032012919e-03
1.046501750683783045e-02
1.429291043847886328e-02
2.236783217092325540e-02
4.126540270488052164e-02
5.720769759162976087e-02
2.388553964293675322e-02
9.999999999999999547e-07
9.999999999999999547e-07
9.999999999999999547e-07
9.999999999999999547e-07
9.999999999999999547e-07
2.389264533281831165e-02
5.721006098338705936e-02
4.126148372760470029e-02
2.236736516687214474e-02
1.429715840557471696e-02
1.046765920197526359e-02
8.256269063141042849e-03
8.261956782031997307e-03
8.852883976134671984e-03
1.080906062466635044e-02
1.428239797194440566e-02
2.156801572517695956e-02
3.913014420030375140e-02
5.734211786820316709e-02
3.321552899015698529e-02
9.999999999999999547e-07
9.999999999999999547e-07
9.999999999999999547e-07
9.999999999999999547e-07
9.999999999999999547e-07
3.321326838227431355e-02
5.734293007132146291e-02
3.913347793499407506e-02
2.155239620504485407e-02
1.429777190976325163e-02
1.081103094398364745e-02
8.842093699241420496e-03
1.046501750683781137e-02
1.080906062466634350e-02
1.236768359109968046e-02
1.518464248128067150e-02
2.033689930069655302e-02
3.367565638785852133e-02
5.375449638689566018e-02
5.194692481841595849e-02
1.381080446282155656e-02
9.999999999999999547e-07
9.999999999999999547e-07
9.999999999999999547e-07
1.381047151937202580e-02
5.194928175603481108e-02
5.374012237406104731e-02
3.367152244740800882e-02
2.035020798576938489e-02
1.518091965001881934e-02
1.237232340024729468e-02
1.080393696721466089e-02
1.429291043847885807e-02
1.428239797194440566e-02
1.518464248128066109e-02
1.717154279651626411e-02
2.014714930742829424e-02
2.763684123286511488e-02
4.307313486016788734e-02
5.693488436950868564e-02
5.196614333905603261e-02
3.321388900781752779e-02
2.389264533281831165e-02
3.321326838227429273e-02
5.194928175603484577e-02
5.692682044056768254e-02
4.308012273048919538e-02
2.765599643774044325e-02
2.014066833378945487e-02
1.717582360709930811e-02
1.517838069385480521e-02
1.428575841923735920e-02
2.236783217092325887e-02
2.156801572517697344e-02
2.033689930069657384e-02
2.014714930742829424e-02
2.090350716923261229e-02
2.363124931670568599e-02
3.098350290611742372e-02
4.308655563862927307e-02
5.376185602097401789e-02
5.734360028983399860e-02
5.721006098338708018e-02
5.734293007132148373e-02
5.374012237406106118e-02
4.308012273048918150e-02
3.100503311864561198e-02
2.363755599668659196e-02
2.088992058729553097e-02
2.013825847795771770e-02
2.035367783729038343e-02
2.156402810324515099e-02
4.126540270488058409e-02
3.913014420030379303e-02
3.367565638785853521e-02
2.763684123286512528e-02
2.363124931670569986e-02
2.237742833596614508e-02
2.364317540978498264e-02
2.763787948171804107e-02
3.367992181397960055e-02
3.914183890058994808e-02
4.126148372760475580e-02
3.913347793499410282e-02
3.367152244740805739e-02
2.765599643774043978e-02
2.363755599668658156e-02
2.238588146183324856e-02
2.363111050015909154e-02
2.764494392709541948e-02
3.366389179601915471e-02
3.914183890058996890e-02
5.720769759162978169e-02
5.734211786820320872e-02
5.375449638689568099e-02
4.307313486016788734e-02
3.098350290611742719e-02
2.364317540978497917e-02
2.089803323874718510e-02
2.014217227299623311e-02
2.033985865634422088e-02
2.156402810324515792e-02
2.236736516687214821e-02
2.155239620504485754e-02
2.035020798576939530e-02
2.014066833378945834e-02
2.088992058729554485e-02
2.363111050015909154e-02
3.100538033729686657e-02
4.308276086363344720e-02
5.374416450615666224e-02
5.734360028983401247e-02
2.388553964293675322e-02
3.321552899015699917e-02
5.194692481841597931e-02
5.693488436950871340e-02
4.308655563862924531e-02
2.763787948171804107e-02
2.014217227299624352e-02
1.717515657498489348e-02
1.518619629234277055e-02
1.428575841923735920e-02
1.429715840557472563e-02
1.429777190976324296e-02
1.518091965001881066e-02
1.717582360709930811e-02
2.013825847795773505e-02
2.764494392709541948e-02
4.308276086363344026e-02
5.693374328981638116e-02
5.194845870042196639e-02
3.321388900781753473e-02
9.999999999999999547e-07
9.999999999999999547e-07
1.381080446282155656e-02
5.196614333905601874e-02
5.376185602097400401e-02
3.367992181397957280e-02
2.033985865634422088e-02
1.518619629234276708e-02
1.237516409232610089e-02
1.080393696721466436e-02
1.046765920197524798e-02
1.081103094398365959e-02
1.237232340024729468e-02
1.517838069385480521e-02
2.035367783729037996e-02
3.366389179601913390e-02
5.374416450615664143e-02
5.194845870042195252e-02
1.381019289483380839e-02
9.999999999999999547e-07
9.999999999999999547e-07
9.999999999999999547e-07
9.999999999999999547e-07
3.321388900781753473e-02
5.734360028983399860e-02
3.914183890058992726e-02
2.156402810324514405e-02
1.428575841923735920e-02
1.080393696721467477e-02
8.842093699241434374e-03
8.256269063141034176e-03
8.842093699241427435e-03
1.080393696721467303e-02
1.428575841923736267e-02
2.156402810324514405e-02
3.914183890058992726e-02
5.734360028983399860e-02
3.321388900781754860e-02
9.999999999999999547e-07
9.999999999999999547e-07
9.999999999999999547e-07
9.999999999999999547e-07
4.101005149728247610e-03
4.735253764642942398e-02
5.545754218578290845e-02
3.580790364466251985e-02
2.121271070382898735e-02
1.533355842391050800e-02
1.214776617330537607e-02
1.046765920197526012e-02
1.010554509643931710e-02
1.046501750683783392e-02
1.215173828597959638e-02
1.532654424119126932e-02
2.120583392530597452e-02
3.580697565474477706e-02
5.546559421292614200e-02
4.737002095304496813e-02
4.105283536370731186e-03
9.999999999999999547e-07
9.999999999999999547e-07
9.999999999999999547e-07
1.381047151937201713e-02
5.194928175603481108e-02
5.374012237406106118e-02
3.367152244740801575e-02
2.035020798576937795e-02
1.518091965001881413e-02
1.237232340024729468e-02
1.080393696721465742e-02
1.046501750683782352e-02
1.080906062466634350e-02
1.236768359109968046e-02
1.518464248128066629e-02
2.033689930069655302e-02
3.367565638785853521e-02
5.375449638689567405e-02
5.194692481841597931e-02
1.381080446282156524e-02
9.999999999999999547e-07
4.101005149728244141e-03
1.381047151937199631e-02
4.102478436891911912e-02
5.768781316335842846e-02
4.713533288397152993e-02
2.875550415060131385e-02
1.906548547254968348e-02
1.556357588038999144e-02
1.351858797747627905e-02
1.237516409232609395e-02
1.215173828597959117e-02
1.236768359109968046e-02
1.352898058296146330e-02
1.554862991731707778e-02
1.905097080649981872e-02
2.877003746234252368e-02
4.713616477592921100e-02
5.770944227238439250e-02
4.101735250334001548e-02
1.381019289483378758e-02
4.735253764642942398e-02
5.194928175603484577e-02
5.768781316335842846e-02
5.162579082155362153e-02
3.633241838909953558e-02
2.402850923543188577e-02
1.878732327614483083e-02
1.688570350539233753e-02
1.555237791292217106e-02
1.518619629234276708e-02
1.532654424119126932e-02
1.518464248128066629e-02
1.554862991731707778e-02
1.689418146804320953e-02
1.878741542803944939e-02
2.401360762435305468e-02
3.633863221986478181e-02
5.163000422910579007e-02
5.768776068375840171e-02
5.194845870042196639e-02
5.545754218578296396e-02
5.374012237406107506e-02
4.713533288397155074e-02
3.633241838909952864e-02
2.670081547406466527e-02
2.139256919747351340e-02
1.941110882364514151e-02
1.879299697910694414e-02
1.905362954940929832e-02
2.033985865634422088e-02
2.120583392530598493e-02
2.033689930069657384e-02
1.905097080649982566e-02
1.878741542803945980e-02
1.941285412104758884e-02
2.139465892280237660e-02
2.667653971098983903e-02
3.632884814420189040e-02
4.713183679406893895e-02
5.374416450615665530e-02
3.580790364466255454e-02
3.367152244740805739e-02
2.875550415060131731e-02
2.402850923543187883e-02
2.139256919747351340e-02
2.067962582198791532e-02
2.137881380487492364e-02
2.403423056584138087e-02
2.876173846217080707e-02
3.367992181397960749e-02
3.580697565474481869e-02
3.367565638785856991e-02
2.877003746234254450e-02
2.401360762435305121e-02
2.139465892280239395e-02
2.069263759154122209e-02
2.138311828030979578e-02
2.400910563550661195e-02
2.876173846217079666e-02
3.366389179601916859e-02
2.121271070382900817e-02
2.035020798576939530e-02
1.906548547254969736e-02
1.878732327614484124e-02
1.941110882364514498e-02
2.137881380487490976e-02
2.667886656067592482e-02
3.633488993976411591e-02
4.713183679406891813e-02
5.376185602097403871e-02
5.546559421292616282e-02
5.375449638689568099e-02
4.713616477592923876e-02
3.633863221986479569e-02
2.667653971098983209e-02
2.138311828030978884e-02
1.942316512028258169e-02
1.879054227893766499e-02
1.905362954940930179e-02
2.035367783729039384e-02
1.533355842391051320e-02
1.518091965001880719e-02
1.556357588038998450e-02
1.688570350539233753e-02
1.879299697910695108e-02
2.403423056584138087e-02
3.633488993976409509e-02
5.163301980440895139e-02
5.768776068375840171e-02
5.196614333905601874e-02
4.737002095304496813e-02
5.194692481841597931e-02
5.770944227238441332e-02
5.163000422910577619e-02
3.632884814420187652e-02
2.400910563550661889e-02
1.879054227893766846e-02
1.689017267337786579e-02
1.555237791292216759e-02
1.517838069385480521e-02
1.214776617330537607e-02
1.237232340024729121e-02
1.351858797747628599e-02
1.555237791292218147e-02
1.905362954940928097e-02
2.876173846217079666e-02
4.713183679406891813e-02
5.768776068375841559e-02
4.101735250334000160e-02
1.381080446282155656e-02
4.105283536370731186e-03
1.381080446282155136e-02
4.101735250334000160e-02
5.768776068375841559e-02
4.713183679406893895e-02
2.876173846217079666e-02
1.905362954940928444e-02
1.555237791292217106e-02
1.351858797747628252e-02
1.237232340024728254e-02
1.046765920197524798e-02
1.080393696721466262e-02
1.237516409232609742e-02
1.518619629234277055e-02
2.033985865634421394e-02
3.367992181397955892e-02
5.376185602097401789e-02
5.196614333905599792e-02
1.381080446282156524e-02
9.999999999999999547e-07
9.999999999999999547e-07
9.999999999999999547e-07
1.381019289483380839e-02
5.194845870042195252e-02
5.374416450615662755e-02
3.366389179601914083e-02
2.035367783729037650e-02
1.517838069385480521e-02
1.237232340024729468e-02
1.081103094398365091e-02
1.010554509643931710e-02
1.046501750683783392e-02
1.215173828597959638e-02
1.532654424119126932e-02
2.120583392530597452e-02
3.580697565474477706e-02
5.546559421292614200e-02
4.737002095304496813e-02
4.105283536370731186e-03
9.999999999999999547e-07
9.999999999999999547e-07
9.999999999999999547e-07
4.101005149728247610e-03
4.735253764642942398e-02
5.545754218578290845e-02
3.580790364466251985e-02
2.121271070382898735e-02
1.533355842391050800e-02
1.214776617330537607e-02
1.046765920197526012e-02
1.046501750683782352e-02
1.080906062466634350e-02
1.236768359109968046e-02
1.518464248128066629e-02
2.033689930069655302e-02
3.367565638785853521e-02
5.375449638689567405e-02
5.194692481841597931e-02
1.381080446282156524e-02
9.999999999999999547e-07
9.999999999999999547e-07
9.999999999999999547e-07
1.381047151937201713e-02
5.194928175603481108e-02
5.374012237406106118e-02
3.367152244740801575e-02
2.035020798576937795e-02
1.518091965001881413e-02
1.237232340024729468e-02
1.080393696721465742e-02
1.215173828597959117e-02
1.236768359109968046e-02
1.352898058296146330e-02
1.554862991731707778e-02
1.905097080649981872e-02
2.877003746234252368e-02
4.713616477592921100e-02
5.770944227238439250e-02
4.101735250334001548e-02
1.381019289483378758e-02
4.101005149728244141e-03
1.381047151937199631e-02
4.102478436891911912e-02
5.768781316335842846e-02
4.713533288397152993e-02
2.875550415060131385e-02
1.906548547254968348e-02
1.556357588038999144e-02
1.351858797747627905e-02
1.237516409232609395e-02
1.532654424119126932e-02
1.518464248128066629e-02
1.554862991731707778e-02
1.689418146804320953e-02
1.878741542803944939e-02
2.401360762435305468e-02
3.633863221986478181e-02
5.163000422910579007e-02
5.768776068375840171e-02
5.194845870042196639e-02
4.735253764642942398e-02
5.194928175603484577e-02
5.768781316335842846e-02
5.162579082155362153e-02
3.633241838909953558e-02
2.402850923543188577e-02
1.878732327614483083e-02
1.688570350539233753e-02
1.555237791292217106e-02
1.518619629234276708e-02
2.120583392530598493e-02
2.033689930069657384e-02
1.905097080649982566e-02
1.878741542803945980e-02
1.941285412104758884e-02
2.139465892280237660e-02
2.667653971098983903e-02
3.632884814420189040e-02
4.713183679406893895e-02
5.374416450615665530e-02
5.545754218578296396e-02
5.374012237406107506e-02
4.713533288397155074e-02
3.633241838909952864e-02
2.670081547406466527e-02
2.139256919747351340e-02
1.941110882364514151e-02
1.879299697910694414e-02
1.905362954940929832e-02
2.033985865634422088e-02
3.580697565474481869e-02
3.367565638785856991e-02
2.877003746234254450e-02
2.401360762435305121e-02
2.139465892280239395e-02
2.069263759154122209e-02
2.138311828030979578e-02
2.400910563550661195e-02
2.876173846217079666e-02
3.366389179601916859e-02
3.580790364466255454e-02
3.367152244740805739e-02
2.875550415060131731e-02
2.402850923543187883e-02
2.139256919747351340e-02
2.067962582198791532e-02
2.137881380487492364e-02
2.403423056584138087e-02
2.876173846217080707e-02
3.367992181397960749e-02
5.546559421292616282e-02
5.375449638689568099e-02
4.713616477592923876e-02
3.633863221986479569e-02
2.667653971098983209e-02
2.138311828030978884e-02
1.942316512028258169e-02
1.879054227893766499e-02
1.905362954940930179e-02
2.035367783729039384e-02
2.121271070382900817e-02
2.035020798576939530e-02
1.906548547254969736e-02
1.878732327614484124e-02
1.941110882364514498e-02
2.137881380487490976e-02
2.667886656067592482e-02
3.633488993976411591e-02
4.713183679406891813e-02
5.376185602097403871e-02
4.737002095304496813e-02
5.194692481841597931e-02
5.770944227238441332e-02
5.163000422910577619e-02
3.632884814420187652e-02
2.400910563550661889e-02
1.879054227893766846e-02
1.689017267337786579e-02
1.555237791292216759e-02
1.517838069385480521e-02
1.533355842391051320e-02
1.518091965001880719e-02
1.556357588038998450e-02
1.688570350539233753e-02
1.879299697910695108e-02
2.403423056584138087e-02
3.633488993976409509e-02
5.163301980440895139e-02
5.768776068375840171e-02
5.196614333905601874e-02
4.105283536370731186e-03
1.381080446282155136e-02
4.101735250334000160e-02
5.768776068375841559e-02
4.713183679406893895e-02
2.876173846217079666e-02
1.905362954940928444e-02
1.555237791292217106e-02
1.351858797747628252e-02
1.237232340024728254e-02
1.214776617330537607e-02
1.237232340024729121e-02
1.351858797747628599e-02
1.555237791292218147e-02
1.905362954940928097e-02
2.876173846217079666e-02
4.713183679406891813e-02
5.768776068375841559e-02
4.101735250334000160e-02
1.381080446282155656e-02
9.999999999999999547e-07
9.999999999999999547e-07
1.381019289483380839e-02
5.194845870042195252e-02
5.374416450615662755e-02
3.366389179601914083e-02
2.035367783729037650e-02
1.517838069385480521e-02
1.237232340024729468e-02
1.081103094398365091e-02
1.046765920197524798e-02
1.080393696721466262e-02
1.237516409232609742e-02
1.518619629234277055e-02
2.033985865634421394e-02
3.367992181397955892e-02
5.376185602097401789e-02
5.196614333905599792e-02
1.381080446282156524e-02
9.999999999999999547e-07
1.363574076407100127e-02
2.389264533281831165e-02
4.735253764642942398e-02
5.780475698986168448e-02
4.537157484827755022e-02
2.912674138335044627e-02
2.084230680402109764e-02
1.757397476834176089e-02
1.533355842391050453e-02
1.429715840557471349e-02
1.416684341428936164e-02
1.429291043847887022e-02
1.532654424119126411e-02
1.758531626515707352e-02
2.084403166957412082e-02
2.911095797394033097e-02
4.537482437783865730e-02
5.783086785948498426e-02
4.737002095304496813e-02
2.388553964293675322e-02
2.389264533281831165e-02
3.321326838227430661e-02
5.194928175603483189e-02
5.692682044056766866e-02
4.308012273048918150e-02
2.765599643774041549e-02
2.014066833378945487e-02
1.717582360709931852e-02
1.517838069385480521e-02
1.428575841923735400e-02
1.429291043847886675e-02
1.428239797194440566e-02
1.518464248128066629e-02
1.717154279651626064e-02
2.014714930742829771e-02
2.763684123286512528e-02
4.307313486016789428e-02
5.693488436950868564e-02
5.196614333905601874e-02
3.321388900781753473e-02
4.735253764642941010e-02
5.194928175603483189e-02
5.768781316335844234e-02
5.162579082155362153e-02
3.633241838909953558e-02
2.402850923543187189e-02
1.878732327614483083e-02
1.688570350539234446e-02
1.555237791292217106e-02
1.518619629234276708e-02
1.532654424119127279e-02
1.518464248128066109e-02
1.554862991731707431e-02
1.689418146804320953e-02
1.878741542803944592e-02
2.401360762435305121e-02
3.633863221986478181e-02
5.163000422910579007e-02
5.768776068375840171e-02
5.194845870042196639e-02
5.780475698986170530e-02
5.692682044056766866e-02
5.162579082155362153e-02
3.990931609464140606e-02
2.763487949068637109e-02
2.047205200371886649e-02
1.801061527119056024e-02
1.732947013095625585e-02
1.689017267337786926e-02
1.717515657498488307e-02
1.758531626515707699e-02
1.717154279651626758e-02
1.689418146804320953e-02
1.733202948717989592e-02
1.800034688610401348e-02
2.046380445499601172e-02
2.762608547512196769e-02
3.990004653354940062e-02
5.163301980440900690e-02
5.693374328981636728e-02
4.537157484827757103e-02
4.308012273048920926e-02
3.633241838909954946e-02
2.763487949068638150e-02
2.135503734363835768e-02
1.863081850270808734e-02
1.794950970192257800e-02
1.801557494650794788e-02
1.879054227893768234e-02
2.014217227299623311e-02
2.084403166957414510e-02
2.014714930742831159e-02
1.878741542803944939e-02
1.800034688610401348e-02
1.797842068018644726e-02
1.863087612539622573e-02
2.133430144254455998e-02
2.762512836178866726e-02
3.633488993976411591e-02
4.308276086363344720e-02
2.912674138335048096e-02
2.765599643774045019e-02
2.402850923543188924e-02
2.047205200371887343e-02
1.863081850270808734e-02
1.817548238727226956e-02
1.862629374013301253e-02
2.047189428568542066e-02
2.400910563550663623e-02
2.763787948171806882e-02
2.911095797394035525e-02
2.763684123286514957e-02
2.401360762435306162e-02
2.046380445499599784e-02
1.863087612539622920e-02
1.817443187729809312e-02
1.862366661250441230e-02
2.047189428568543107e-02
2.403423056584138434e-02
2.764494392709542295e-02
2.084230680402112540e-02
2.014066833378945834e-02
1.878732327614484471e-02
1.801061527119057759e-02
1.794950970192258494e-02
1.862629374013299519e-02
2.135066492272692448e-02
2.762512836178866726e-02
3.632884814420189734e-02
4.308655563862927307e-02
4.537482437783868505e-02
4.307313486016790816e-02
3.633863221986480263e-02
2.762608547512196769e-02
2.133430144254456345e-02
1.862366661250440883e-02
1.795654382944354005e-02
1.801557494650795829e-02
1.879299697910695108e-02
2.013825847795771770e-02
1.757397476834176783e-02
1.717582360709931852e-02
1.688570350539233753e-02
1.732947013095625585e-02
1.801557494650794095e-02
2.047189428568543107e-02
2.762512836178866032e-02
3.990004653354940062e-02
5.163000422910577619e-02
5.693488436950871340e-02
5.783086785948499814e-02
5.693488436950870646e-02
5.163000422910577619e-02
3.990004653354941450e-02
2.762512836178866379e-02
2.047189428568543801e-02
1.801557494650794441e-02
1.732947013095625585e-02
1.688570350539232712e-02
1.717582360709929770e-02
1.533355842391050453e-02
1.517838069385480868e-02
1.555237791292216239e-02
1.689017267337786579e-02
1.879054227893766499e-02
2.400910563550662236e-02
3.632884814420189040e-02
5.163000422910577619e-02
5.770944227238441332e-02
5.194692481841595849e-02
4.737002095304498200e-02
5.196614333905601874e-02
5.768776068375840171e-02
5.163301980440897915e-02
3.633488993976409509e-02
2.403423056584138087e-02
1.879299697910694067e-02
1.688570350539233059e-02
1.556357588038998450e-02
1.518091965001881066e-02
1.429715840557471349e-02
1.428575841923735400e-02
1.518619629234277055e-02
1.717515657498489001e-02
2.014217227299622964e-02
2.763787948171804107e-02
4.308655563862924531e-02
5.693488436950872728e-02
5.194692481841597931e-02
3.321552899015699917e-02
2.388553964293673934e-02
3.321388900781753473e-02
5.194845870042196639e-02
5.693374328981638116e-02
4.308276086363342638e-02
2.764494392709540907e-02
2.013825847795772117e-02
1.717582360709929770e-02
1.518091965001881413e-02
1.429777190976324643e-02
1.416684341428936164e-02
1.429291043847887022e-02
1.532654424119126411e-02
1.758531626515707352e-02
2.084403166957412082e-02
2.911095797394033097e-02
4.537482437783865730e-02
5.783086785948498426e-02
4.737002095304496813e-02
2.388553964293675322e-02
1.363574076407100127e-02
2.389264533281831165e-02
4.735253764642942398e-02
5.780475698986168448e-02
4.537157484827755022e-02
2.912674138335044627e-02
2.084230680402109764e-02
1.757397476834176089e-02
1.533355842391050453e-02
1.429715840557471349e-02
1.429291043847886675e-02
1.428239797194440566e-02
1.518464248128066629e-02
1.717154279651626064e-02
2.014714930742829771e-02
2.763684123286512528e-02
4.307313486016789428e-02
5.693488436950868564e-02
5.196614333905601874e-02
3.321388900781753473e-02
2.389264533281831165e-02
3.321326838227430661e-02
5.194928175603483189e-02
5.692682044056766866e-02
4.308012273048918150e-02
2.765599643774041549e-02
2.014066833378945487e-02
1.717582360709931852e-02
1.517838069385480521e-02
1.428575841923735400e-02
1.532654424119127279e-02
1.518464248128066109e-02
1.554862991731707431e-02
1.689418146804320953e-02
1.878741542803944592e-02
2.401360762435305121e-02
3.633863221986478181e-02
5.163000422910579007e-02
5.768776068375840171e-02
5.194845870042196639e-02
4.735253764642941010e-02
5.194928175603483189e-02
5.768781316335844234e-02
5.162579082155362153e-02
3.633241838909953558e-02
2.402850923543187189e-02
1.878732327614483083e-02
1.688570350539234446e-02
1.555237791292217106e-02
1.518619629234276708e-02
1.758531626515707699e-02
1.717154279651626758e-02
1.689418146804320953e-02
1.733202948717989592e-02
1.800034688610401348e-02
2.046380445499601172e-02
2.762608547512196769e-02
3.990004653354940062e-02
5.163301980440900690e-02
5.693374328981636728e-02
5.780475698986170530e-02
5.692682044056766866e-02
5.162579082155362153e-02
3.990931609464140606e-02
2.763487949068637109e-02
2.047205200371886649e-02
1.801061527119056024e-02
1.732947013095625585e-02
1.689017267337786926e-02
1.717515657498488307e-02
2.084403166957414510e-02
2.014714930742831159e-02
1.878741542803944939e-02
1.800034688610401348e-02
1.797842068018644726e-02
1.863087612539622573e-02
2.133430144254455998e-02
2.762512836178866726e-02
3.633488993976411591e-02
4.308276086363344720e-02
4.537157484827757103e-02
4.308012273048920926e-02
3.633241838909954946e-02
2.763487949068638150e-02
2.135503734363835768e-02
1.863081850270808734e-02
1.794950970192257800e-02
1.801557494650794788e-02
1.879054227893768234e-02
2.014217227299623311e-02
2.911095797394035525e-02
2.763684123286514957e-02
2.401360762435306162e-02
2.046380445499599784e-02
1.863087612539622920e-02
1.817443187729809312e-02
1.862366661250441230e-02
2.047189428568543107e-02
2.403423056584138434e-02
2.764494392709542295e-02
2.912674138335048096e-02
2.765599643774045019e-02
2.402850923543188924e-02
2.047205200371887343e-02
1.863081850270808734e-02
1.817548238727226956e-02
1.862629374013301253e-02
2.047189428568542066e-02
2.400910563550663623e-02
2.763787948171806882e-02
4.537482437783868505e-02
4.307313486016790816e-02
3.633863221986480263e-02
2.762608547512196769e-02
2.133430144254456345e-02
1.862366661250440883e-02
1.795654382944354005e-02
1.801557494650795829e-02
1.879299697910695108e-02
2.013825847795771770e-02
2.084230680402112540e-02
2.014066833378945834e-02
1.878732327614484471e-02
1.801061527119057759e-02
1.794950970192258494e-02
1.862629374013299519e-02
2.135066492272692448e-02
2.762512836178866726e-02
3.632884814420189734e-02
4.308655563862927307e-02
5.783086785948499814e-02
5.693488436950870646e-02
5.163000422910577619e-02
3.990004653354941450e-02
2.762512836178866379e-02
2.047189428568543801e-02
1.801557494650794441e-02
1.732947013095625585e-02
1.688570350539232712e-02
1.717582360709929770e-02
1.757397476834176783e-02
1.717582360709931852e-02
1.688570350539233753e-02
1.732947013095625585e-02
1.801557494650794095e-02
2.047189428568543107e-02
2.762512836178866032e-02
3.990004653354940062e-02
5.163000422910577619e-02
5.693488436950871340e-02
4.737002095304498200e-02
5.196614333905601874e-02
5.768776068375840171e-02
5.163301980440897915e-02
3.633488993976409509e-02
2.403423056584138087e-02
1.879299697910694067e-02
1.688570350539233059e-02
1.556357588038998450e-02
1.518091965001881066e-02
1.533355842391050453e-02
1.517838069385480868e-02
1.555237791292216239e-02
1.689017267337786579e-02
1.879054227893766499e-02
2.400910563550662236e-02
3.632884814420189040e-02
5.163000422910577619e-02
5.770944227238441332e-02
5.194692481841595849e-02
2.388553964293673934e-02
3.321388900781753473e-02
5.194845870042196639e-02
5.693374328981638116e-02
4.308276086363342638e-02
2.764494392709540907e-02
2.013825847795772117e-02
1.717582360709929770e-02
1.518091965001881413e-02
1.429777190976324643e-02
1.429715840557471349e-02
1.428575841923735400e-02
1.518619629234277055e-02
1.717515657498489001e-02
2.014217227299622964e-02
2.763787948171804107e-02
4.308655563862924531e-02
5.693488436950872728e-02
5.194692481841597931e-02
3.321552899015699917e-02
5.608560790011163366e-02
5.721006098338708018e-02
5.545754218578292233e-02
4.537157484827757103e-02
3.249996606330045334e-02
2.442405431929233275e-02
2.152319882260248299e-02
2.084230680402111152e-02
2.121271070382900470e-02
2.236736516687214474e-02
2.312793983350610802e-02
2.236783217092324499e-02
2.120583392530598493e-02
2.084403166957412776e-02
2.152362817965271929e-02
2.442459635174124011e-02
3.250904906534067551e-02
4.537482437783867117e-02
5.546559421292614200e-02
5.720769759162978169e-02
5.721006098338708018e-02
5.734293007132149761e-02
5.374012237406104731e-02
4.308012273048919538e-02
3.100503311864559117e-02
2.363755599668659196e-02
2.088992058729553791e-02
2.013825847795770729e-02
2.035367783729039384e-02
2.156402810324515446e-02
2.236783217092325887e-02
2.156801572517697344e-02
2.033689930069657384e-02
2.014714930742830118e-02
2.090350716923261576e-02
2.363124931670569639e-02
3.098350290611742719e-02
4.308655563862925919e-02
5.376185602097401789e-02
5.734360028983399860e-02
5.545754218578295008e-02
5.374012237406107506e-02
4.713533288397154380e-02
3.633241838909951477e-02
2.670081547406465139e-02
2.139256919747349953e-02
1.941110882364514498e-02
1.879299697910694067e-02
1.905362954940929485e-02
2.033985865634421047e-02
2.120583392530598146e-02
2.033689930069657384e-02
1.905097080649981525e-02
1.878741542803946327e-02
1.941285412104758884e-02
2.139465892280238701e-02
2.667653971098983556e-02
3.632884814420189040e-02
4.713183679406893895e-02
5.374416450615664143e-02
4.537157484827757103e-02
4.308012273048920926e-02
3.633241838909952864e-02
2.763487949068637456e-02
2.135503734363835074e-02
1.863081850270808734e-02
1.794950970192258494e-02
1.801557494650796176e-02
1.879054227893767540e-02
2.014217227299623311e-02
2.084403166957413817e-02
2.014714930742831506e-02
1.878741542803946327e-02
1.800034688610401348e-02
1.797842068018644379e-02
1.863087612539621532e-02
2.133430144254454958e-02
2.762512836178866726e-02
3.633488993976412978e-02
4.308276086363344026e-02
3.249996606330047416e-02
3.100503311864560158e-02
2.670081547406466874e-02
2.135503734363835074e-02
1.783931867082818451e-02
1.677777739126704026e-02
1.700417249229893221e-02
1.795654382944354699e-02
1.942316512028258516e-02
2.089803323874719204e-02
2.152362817965273317e-02
2.090350716923263658e-02
1.941285412104759925e-02
1.797842068018644032e-02
1.697934906507279906e-02
1.678604820778840587e-02
1.784481630092756357e-02
2.135066492272692795e-02
2.667886656067594911e-02
3.100538033729689086e-02
2.442405431929236398e-02
2.363755599668660237e-02
2.139256919747352034e-02
1.863081850270809775e-02
1.677777739126703332e-02
1.632627371186714041e-02
1.680364063646440365e-02
1.862366661250441577e-02
2.138311828030980619e-02
2.364317540978498958e-02
2.442459635174126092e-02
2.363124931670569986e-02
2.139465892280241130e-02
1.863087612539622920e-02
1.678604820778840587e-02
1.634517413667812419e-02
1.680364063646438630e-02
1.862629374013300559e-02
2.137881380487492017e-02
2.363111050015910194e-02
2.152319882260250034e-02
2.088992058729554832e-02
1.941110882364514498e-02
1.794950970192258494e-02
1.700417249229892874e-02
1.680364063646440365e-02
1.784481630092756704e-02
2.133430144254456345e-02
2.667653971098984944e-02
3.098350290611743413e-02
3.250904906534068939e-02
3.098350290611743413e-02
2.667653971098983903e-02
2.133430144254456345e-02
1.784481630092756704e-02
1.680364063646440018e-02
1.700417249229893221e-02
1.794950970192258494e-02
1.941110882364515192e-02
2.088992058729554138e-02
2.084230680402112887e-02
2.013825847795772464e-02
1.879299697910695455e-02
1.801557494650795482e-02
1.795654382944354005e-02
1.862366661250440536e-02
2.133430144254455998e-02
2.762608547512196769e-02
3.633863221986479569e-02
4.307313486016790816e-02
4.537482437783868505e-02
4.308655563862925919e-02
3.632884814420189040e-02
2.762512836178866726e-02
2.135066492272692795e-02
1.862629374013300212e-02
1.794950970192258841e-02
1.801061527119057759e-02
1.878732327614484818e-02
2.014066833378946181e-02
2.121271070382901511e-02
2.035367783729039384e-02
1.905362954940929832e-02
1.879054227893766499e-02
1.942316512028257822e-02
2.138311828030978884e-02
2.667653971098983209e-02
3.633863221986478181e-02
4.713616477592923876e-02
5.375449638689570875e-02
5.546559421292615588e-02
5.376185602097401789e-02
4.713183679406891813e-02
3.633488993976410897e-02
2.667886656067593870e-02
2.137881380487490629e-02
1.941110882364516232e-02
1.878732327614483430e-02
1.906548547254968695e-02
2.035020798576940224e-02
2.236736516687215515e-02
2.156402810324515446e-02
2.033985865634421394e-02
2.014217227299622964e-02
2.089803323874717816e-02
2.364317540978497917e-02
3.098350290611742719e-02
4.307313486016789428e-02
5.375449638689569487e-02
5.734211786820319484e-02
5.720769759162978169e-02
5.734360028983399860e-02
5.374416450615666224e-02
4.308276086363344026e-02
3.100538033729686310e-02
2.363111050015909154e-02
2.088992058729554138e-02
2.014066833378944793e-02
2.035020798576940224e-02
2.155239620504486101e-02
2.312793983350610802e-02
2.236783217092324499e-02
2.120583392530598493e-02
2.084403166957412776e-02
2.152362817965271929e-02
2.442459635174124011e-02
3.250904906534067551e-02
4.537482437783867117e-02
5.546559421292614200e-02
5.720769759162978169e-02
5.608560790011163366e-02
5.721006098338708018e-02
5.545754218578292233e-02
4.537157484827757103e-02
3.249996606330045334e-02
2.442405431929233275e-02
2.152319882260248299e-02
2.084230680402111152e-02
2.121271070382900470e-02
2.236736516687214474e-02
2.236783217092325887e-02
2.156801572517697344e-02
2.033689930069657384e-02
2.014714930742830118e-02
2.090350716923261576e-02
2.363124931670569639e-02
3.098350290611742719e-02
4.308655563862925919e-02
5.376185602097401789e-02
5.734360028983399860e-02
5.721006098338708018e-02
5.734293007132149761e-02
5.374012237406104731e-02
4.308012273048919538e-02
3.100503311864559117e-02
2.363755599668659196e-02
2.088992058729553791e-02
2.013825847795770729e-02
2.035367783729039384e-02
2.156402810324515446e-02
2.120583392530598146e-02
2.033689930069657384e-02
1.905097080649981525e-02
1.878741542803946327e-02
1.941285412104758884e-02
2.139465892280238701e-02
2.667653971098983556e-02
3.632884814420189040e-02
4.713183679406893895e-02
5.374416450615664143e-02
5.545754218578295008e-02
5.374012237406107506e-02
4.713533288397154380e-02
3.633241838909951477e-02
2.670081547406465139e-02
2.139256919747349953e-02
1.941110882364514498e-02
1.879299697910694067e-02
1.905362954940929485e-02
2.033985865634421047e-02
2.084403166957413817e-02
2.014714930742831506e-02
1.878741542803946327e-02
1.800034688610401348e-02
1.797842068018644379e-02
1.863087612539621532e-02
2.133430144254454958e-02
2.762512836178866726e-02
3.633488993976412978e-02
4.308276086363344026e-02
4.537157484827757103e-02
4.308012273048920926e-02
3.633241838909952864e-02
2.763487949068637456e-02
2.135503734363835074e-02
1.863081850270808734e-02
1.794950970192258494e-02
1.801557494650796176e-02
1.879054227893767540e-02
2.014217227299623311e-02
2.152362817965273317e-02
2.090350716923263658e-02
1.941285412104759925e-02
1.797842068018644032e-02
1.697934906507279906e-02
1.678604820778840587e-02
1.784481630092756357e-02
2.135066492272692795e-02
2.667886656067594911e-02
3.100538033729689086e-02
3.249996606330047416e-02
3.100503311864560158e-02
2.670081547406466874e-02
2.135503734363835074e-02
1.783931867082818451e-02
1.677777739126704026e-02
1.700417249229893221e-02
1.795654382944354699e-02
1.942316512028258516e-02
2.089803323874719204e-02
2.442459635174126092e-02
2.363124931670569986e-02
2.139465892280241130e-02
1.863087612539622920e-02
1.678604820778840587e-02
1.634517413667812419e-02
1.680364063646438630e-02
1.862629374013300559e-02
2.137881380487492017e-02
2.363111050015910194e-02
2.442405431929236398e-02
2.363755599668660237e-02
2.139256919747352034e-02
1.863081850270809775e-02
1.677777739126703332e-02
1.632627371186714041e-02
1.680364063646440365e-02
1.862366661250441577e-02
2.138311828030980619e-02
2.364317540978498958e-02
3.250904906534068939e-02
3.098350290611743413e-02
2.667653971098983903e-02
2.133430144254456345e-02
1.784481630092756704e-02
1.680364063646440018e-02
1.700417249229893221e-02
1.794950970192258494e-02
1.941110882364515192e-02
2.088992058729554138e-02
2.152319882260250034e-02
2.088992058729554832e-02
1.941110882364514498e-02
1.794950970192258494e-02
1.700417249229892874e-02
1.680364063646440365e-02
1.784481630092756704e-02
2.133430144254456345e-02
2.667653971098984944e-02
3.098350290611743413e-02
4.537482437783868505e-02
4.308655563862925919e-02
3.632884814420189040e-02
2.762512836178866726e-02
2.135066492272692795e-02
1.862629374013300212e-02
1.794950970192258841e-02
1.801061527119057759e-02
1.878732327614484818e-02
2.014066833378946181e-02
2.084230680402112887e-02
2.013825847795772464e-02
1.879299697910695455e-02
1.801557494650795482e-02
1.795654382944354005e-02
1.862366661250440536e-02
2.133430144254455998e-02
2.762608547512196769e-02
3.633863221986479569e-02
4.307313486016790816e-02
5.546559421292615588e-02
5.376185602097401789e-02
4.713183679406891813e-02
3.633488993976410897e-02
2.667886656067593870e-02
2.137881380487490629e-02
1.941110882364516232e-02
1.878732327614483430e-02
1.906548547254968695e-02
2.035020798576940224e-02
2.121271070382901511e-02
2.035367783729039384e-02
1.905362954940929832e-02
1.879054227893766499e-02
1.942316512028257822e-02
2.138311828030978884e-02
2.667653971098983209e-02
3.633863221986478181e-02
4.713616477592923876e-02
5.375449638689570875e-02
5.720769759162978169e-02
5.734360028983399860e-02
5.374416450615666224e-02
4.308276086363344026e-02
3.100538033729686310e-02
2.363111050015909154e-02
2.088992058729554138e-02
2.014066833378944793e-02
2.035020798576940224e-02
2.155239620504486101e-02
2.236736516687215515e-02
2.156402810324515446e-02
2.033985865634421394e-02
2.014217227299622964e-02
2.089803323874717816e-02
2.364317540978497917e-02
3.098350290611742719e-02
4.307313486016789428e-02
5.375449638689569487e-02
5.734211786820319484e-02
4.333121053299555936e-02
4.126148372760475580e-02
3.580790364466255454e-02
2.912674138335045668e-02
2.442405431929234663e-02
2.285683429820392631e-02
2.442405431929234663e-02
2.912674138335045668e-02
3.580790364466255454e-02
4.126148372760475580e-02
4.333121053299555936e-02
4.126540270488057716e-02
3.580697565474481175e-02
2.911095797394033444e-02
2.442459635174124705e-02
2.286405994646633147e-02
2.442459635174124705e-02
2.911095797394033444e-02
3.580697565474481175e-02
4.126540270488057716e-02
4.126148372760472804e-02
3.913347793499410282e-02
3.367152244740805739e-02
2.765599643774043631e-02
2.363755599668658502e-02
2.238588146183324856e-02
2.363111050015910194e-02
2.764494392709540907e-02
3.366389179601914777e-02
3.914183890058996890e-02
4.126540270488058409e-02
3.913014420030377916e-02
3.367565638785854215e-02
2.763684123286513222e-02
2.363124931670569986e-02
2.237742833596614855e-02
2.364317540978497917e-02
2.763787948171803760e-02
3.367992181397960055e-02
3.914183890058994808e-02
3.580790364466255454e-02
3.367152244740805739e-02
2.875550415060132772e-02
2.402850923543187883e-02
2.139256919747352034e-02
2.067962582198791532e-02
2.137881380487490976e-02
2.403423056584138087e-02
2.876173846217080013e-02
3.367992181397959361e-02
3.580697565474481869e-02
3.367565638785856297e-02
2.877003746234254797e-02
2.401360762435305121e-02
2.139465892280240783e-02
2.069263759154121862e-02
2.138311828030979925e-02
2.400910563550661889e-02
2.876173846217080707e-02
3.366389179601917553e-02
2.912674138335048096e-02
2.765599643774045366e-02
2.402850923543188924e-02
2.047205200371886649e-02
1.863081850270808387e-02
1.817548238727226956e-02
1.862629374013300559e-02
2.047189428568543107e-02
2.400910563550662236e-02
2.763787948171805842e-02
2.911095797394035525e-02
2.763684123286515304e-02
2.401360762435305468e-02
2.046380445499599784e-02
1.863087612539622573e-02
1.817443187729808271e-02
1.862366661250440536e-02
2.047189428568543107e-02
2.403423056584139128e-02
2.764494392709543336e-02
2.442405431929237439e-02
2.363755599668659196e-02
2.139256919747352381e-02
1.863081850270809775e-02
1.677777739126703679e-02
1.632627371186714041e-02
1.680364063646440018e-02
1.862366661250442618e-02
2.138311828030980619e-02
2.364317540978499305e-02
2.442459635174126439e-02
2.363124931670571027e-02
2.139465892280241130e-02
1.863087612539621879e-02
1.678604820778839893e-02
1.634517413667813113e-02
1.680364063646439324e-02
1.862629374013300212e-02
2.137881380487492017e-02
2.363111050015909501e-02
2.285683429820392631e-02
2.238588146183328326e-02
2.067962582198792920e-02
1.817548238727227650e-02
1.632627371186714041e-02
1.590071625937947500e-02
1.634517413667812419e-02
1.817443187729809312e-02
2.069263759154124291e-02
2.237742833596616243e-02
2.286405994646632800e-02
2.237742833596616243e-02
2.069263759154124291e-02
1.817443187729809312e-02
1.634517413667812419e-02
1.590071625937947500e-02
1.632627371186714041e-02
1.817548238727227650e-02
2.067962582198792920e-02
2.238588146183328326e-02
2.442405431929237439e-02
2.363111050015909501e-02
2.137881380487492364e-02
1.862629374013300212e-02
1.680364063646439324e-02
1.634517413667813113e-02
1.678604820778839893e-02
1.863087612539621879e-02
2.139465892280241130e-02
2.363124931670571027e-02
2.442459635174126439e-02
2.364317540978499305e-02
2.138311828030980619e-02
1.862366661250442618e-02
1.680364063646440018e-02
1.632627371186714041e-02
1.677777739126703679e-02
1.863081850270809775e-02
2.139256919747352381e-02
2.363755599668659196e-02
2.912674138335048096e-02
2.764494392709543336e-02
2.403423056584139128e-02
2.047189428568543107e-02
1.862366661250440536e-02
1.817443187729808271e-02
1.863087612539622573e-02
2.046380445499599784e-02
2.401360762435305468e-02
2.763684123286515304e-02
2.911095797394035525e-02
2.763787948171805842e-02
2.400910563550662583e-02
2.047189428568543107e-02
1.862629374013301253e-02
1.817548238727226956e-02
1.863081850270808387e-02
2.047205200371886649e-02
2.402850923543188924e-02
2.765599643774045366e-02
3.580790364466255454e-02
3.366389179601917553e-02
2.876173846217080707e-02
2.400910563550661889e-02
2.138311828030979925e-02
2.069263759154122209e-02
2.139465892280240783e-02
2.401360762435305121e-02
2.877003746234254797e-02
3.367565638785856297e-02
3.580697565474481869e-02
3.367992181397959361e-02
2.876173846217080013e-02
2.403423056584138087e-02
2.137881380487490976e-02
2.067962582198791532e-02
2.139256919747352034e-02
2.402850923543187883e-02
2.875550415060132772e-02
3.367152244740805739e-02
4.126148372760472804e-02
3.914183890058994808e-02
3.367992181397960055e-02
2.763787948171803760e-02
2.364317540978497917e-02
2.237742833596614855e-02
2.363124931670569986e-02
2.763684123286513222e-02
3.367565638785854215e-02
3.913014420030377916e-02
4.126540270488058409e-02
3.914183890058996890e-02
3.366389179601914777e-02
2.764494392709540907e-02
2.363111050015910194e-02
2.238588146183324856e-02
2.363755599668658502e-02
2.765599643774043631e-02
3.367152244740805739e-02
3.913347793499410282e-02
4.333121053299555936e-02
4.126540270488057716e-02
3.580697565474481175e-02
2.911095797394033444e-02
2.442459635174124705e-02
2.286405994646633147e-02
2.442459635174124705e-02
2.911095797394033444e-02
3.580697565474481175e-02
4.126540270488057716e-02
4.333121053299555936e-02
4.126148372760475580e-02
3.580790364466255454e-02
2.912674138335045668e-02
2.442405431929234663e-02
2.285683429820392631e-02
2.442405431929234663e-02
2.912674138335045668e-02
3.580790364466255454e-02
4.126148372760475580e-02
4.126540270488058409e-02
3.913014420030377916e-02
3.367565638785854215e-02
2.763684123286513222e-02
2.363124931670569986e-02
2.237742833596614855e-02
2.364317540978497917e-02
2.763787948171803760e-02
3.367992181397960055e-02
3.914183890058994808e-02
4.126148372760472804e-02
3.913347793499410282e-02
3.367152244740805739e-02
2.765599643774043631e-02
2.363755599668658502e-02
2.238588146183324856e-02
2.363111050015910194e-02
2.764494392709540907e-02
3.366389179601914777e-02
3.914183890058996890e-02
3.580697565474481869e-02
3.367565638785856297e-02
2.877003746234254797e-02
2.401360762435305121e-02
2.139465892280240783e-02
2.069263759154121862e-02
2.138311828030979925e-02
2.400910563550661889e-02
2.876173846217080707e-02
3.366389179601917553e-02
3.580790364466255454e-02
3.367152244740805739e-02
2.875550415060132772e-02
2.402850923543187883e-02
2.139256919747352034e-02
2.067962582198791532e-02
2.137881380487490976e-02
2.403423056584138087e-02
2.876173846217080013e-02
3.367992181397959361e-02
2.911095797394035525e-02
2.763684123286515304e-02
2.401360762435305468e-02
2.046380445499599784e-02
1.863087612539622573e-02
1.817443187729808271e-02
1.862366661250440536e-02
2.047189428568543107e-02
2.403423056584139128e-02
2.764494392709543336e-02
2.912674138335048096e-02
2.765599643774045366e-02
2.402850923543188924e-02
2.047205200371886649e-02
1.863081850270808387e-02
1.817548238727226956e-02
1.862629374013300559e-02
2.047189428568543107e-02
2.400910563550662236e-02
2.763787948171805842e-02
2.442459635174126439e-02
2.363124931670571027e-02
2.139465892280241130e-02
1.863087612539621879e-02
1.678604820778839893e-02
1.634517413667813113e-02
1.680364063646439324e-02
1.862629374013300212e-02
2.137881380487492017e-02
2.363111050015909501e-02
2.442405431929237439e-02
2.363755599668659196e-02
2.139256919747352381e-02
1.863081850270809775e-02
1.677777739126703679e-02
1.632627371186714041e-02
1.680364063646440018e-02
1.862366661250442618e-02
2.138311828030980619e-02
2.364317540978499305e-02
2.286405994646632800e-02
2.237742833596616243e-02
2.069263759154124291e-02
1.817443187729809312e-02
1.634517413667812419e-02
1.590071625937947500e-02
1.632627371186714041e-02
1.817548238727227650e-02
2.067962582198792920e-02
2.238588146183328326e-02
2.285683429820392631e-02
2.238588146183328326e-02
2.067962582198792920e-02
1.817548238727227650e-02
1.632627371186714041e-02
1.590071625937947500e-02
1.634517413667812419e-02
1.817443187729809312e-02
2.069263759154124291e-02
2.237742833596616243e-02
2.442459635174126439e-02
2.364317540978499305e-02
2.138311828030980619e-02
1.862366661250442618e-02
1.680364063646440018e-02
1.632627371186714041e-02
1.677777739126703679e-02
1.863081850270809775e-02
2.139256919747352381e-02
2.363755599668659196e-02
2.442405431929237439e-02
2.363111050015909501e-02
2.137881380487492364e-02
1.862629374013300212e-02
1.680364063646439324e-02
1.634517413667813113e-02
1.678604820778839893e-02
1.863087612539621879e-02
2.139465892280241130e-02
2.363124931670571027e-02
2.911095797394035525e-02
2.763787948171805842e-02
2.400910563550662583e-02
2.047189428568543107e-02
1.862629374013301253e-02
1.817548238727226956e-02
1.863081850270808387e-02
2.047205200371886649e-02
2.402850923543188924e-02
2.765599643774045366e-02
2.912674138335048096e-02
2.764494392709543336e-02
2.403423056584139128e-02
2.047189428568543107e-02
1.862366661250440536e-02
1.817443187729808271e-02
1.863087612539622573e-02
2.046380445499599784e-02
2.401360762435305468e-02
2.763684123286515304e-02
3.580697565474481869e-02
3.367992181397959361e-02
2.876173846217080013e-02
2.403423056584138087e-02
2.137881380487490976e-02
2.067962582198791532e-02
2.139256919747352034e-02
2.402850923543187883e-02
2.875550415060132772e-02
3.367152244740805739e-02
3.580790364466255454e-02
3.366389179601917553e-02
2.876173846217080707e-02
2.400910563550661889e-02
2.138311828030979925e-02
2.069263759154122209e-02
2.139465892280240783e-02
2.401360762435305121e-02
2.877003746234254797e-02
3.367565638785856297e-02
4.126540270488058409e-02
3.914183890058996890e-02
3.366389179601914777e-02
2.764494392709540907e-02
2.363111050015910194e-02
2.238588146183324856e-02
2.363755599668658502e-02
2.765599643774043631e-02
3.367152244740805739e-02
3.913347793499410282e-02
4.126148372760472804e-02
3.914183890058994808e-02
3.367992181397960055e-02
2.763787948171803760e-02
2.364317540978497917e-02
2.237742833596614855e-02
2.363124931670569986e-02
2.763684123286513222e-02
3.367565638785854215e-02
3.913014420030377916e-02
2.312793983350610802e-02
2.236736516687214474e-02
2.121271070382900470e-02
2.084230680402111152e-02
2.152319882260248299e-02
2.442405431929233275e-02
3.249996606330045334e-02
4.537157484827757103e-02
5.545754218578290845e-02
5.721006098338708018e-02
5.608560790011163366e-02
5.720769759162978169e-02
5.546559421292615588e-02
4.537482437783867117e-02
3.250904906534067551e-02
2.442459635174124011e-02
2.152362817965271929e-02
2.084403166957412776e-02
2.120583392530598493e-02
2.236783217092324499e-02
2.236736516687215515e-02
2.155239620504486101e-02
2.035020798576940224e-02
2.014066833378944793e-02
2.088992058729554138e-02
2.363111050015909154e-02
3.100538033729686310e-02
4.308276086363344026e-02
5.374416450615666224e-02
5.734360028983399860e-02
5.720769759162978169e-02
5.734211786820319484e-02
5.375449638689569487e-02
4.307313486016789428e-02
3.098350290611742719e-02
2.364317540978497917e-02
2.089803323874717816e-02
2.014217227299622964e-02
2.033985865634421394e-02
2.156402810324515099e-02
2.121271070382901511e-02
2.035020798576940224e-02
1.906548547254968695e-02
1.878732327614483430e-02
1.941110882364516232e-02
2.137881380487490629e-02
2.667886656067593870e-02
3.633488993976410897e-02
4.713183679406891813e-02
5.376185602097401789e-02
5.546559421292616282e-02
5.375449638689570875e-02
4.713616477592923876e-02
3.633863221986478181e-02
2.667653971098983556e-02
2.138311828030978884e-02
1.942316512028257822e-02
1.879054227893766499e-02
1.905362954940929832e-02
2.035367783729039384e-02
2.084230680402112887e-02
2.014066833378946181e-02
1.878732327614484818e-02
1.801061527119057759e-02
1.794950970192258841e-02
1.862629374013300212e-02
2.135066492272692795e-02
2.762512836178866726e-02
3.632884814420189040e-02
4.308655563862925919e-02
4.537482437783868505e-02
4.307313486016790816e-02
3.633863221986479569e-02
2.762608547512196769e-02
2.133430144254455998e-02
1.862366661250440536e-02
1.795654382944354005e-02
1.801557494650795482e-02
1.879299697910695455e-02
2.013825847795772464e-02
2.152319882260250034e-02
2.088992058729554138e-02
1.941110882364515192e-02
1.794950970192258494e-02
1.700417249229893221e-02
1.680364063646440018e-02
1.784481630092756704e-02
2.133430144254456345e-02
2.667653971098983903e-02
3.098350290611743413e-02
3.250904906534068939e-02
3.098350290611743413e-02
2.667653971098985638e-02
2.133430144254456345e-02
1.784481630092756704e-02
1.680364063646440365e-02
1.700417249229892874e-02
1.794950970192258494e-02
1.941110882364514498e-02
2.088992058729554832e-02
2.442405431929236398e-02
2.363111050015910194e-02
2.137881380487492017e-02
1.862629374013300559e-02
1.680364063646438630e-02
1.634517413667812419e-02
1.678604820778840587e-02
1.863087612539622920e-02
2.139465892280240783e-02
2.363124931670569986e-02
2.442459635174126092e-02
2.364317540978498958e-02
2.138311828030980619e-02
1.862366661250441577e-02
1.680364063646440365e-02
1.632627371186714041e-02
1.677777739126703332e-02
1.863081850270809775e-02
2.139256919747351340e-02
2.363755599668660237e-02
3.249996606330047416e-02
3.100538033729689086e-02
2.667886656067594911e-02
2.135066492272692795e-02
1.784481630092756357e-02
1.678604820778840587e-02
1.697934906507279906e-02
1.797842068018644032e-02
1.941285412104759925e-02
2.090350716923263658e-02
2.152362817965273317e-02
2.089803323874719204e-02
1.942316512028258516e-02
1.795654382944354699e-02
1.700417249229893221e-02
1.677777739126704026e-02
1.783931867082818451e-02
2.135503734363835074e-02
2.670081547406467568e-02
3.100503311864560158e-02
4.537157484827757103e-02
4.308276086363344026e-02
3.633488993976412978e-02
2.762512836178866726e-02
2.133430144254454958e-02
1.863087612539621532e-02
1.797842068018644379e-02
1.800034688610401348e-02
1.878741542803946327e-02
2.014714930742831159e-02
2.084403166957413817e-02
2.014217227299623311e-02
1.879054227893767540e-02
1.801557494650796176e-02
1.794950970192258494e-02
1.863081850270808734e-02
2.135503734363834727e-02
2.763487949068637456e-02
3.633241838909952864e-02
4.308012273048919538e-02
5.545754218578293621e-02
5.374416450615664143e-02
4.713183679406893895e-02
3.632884814420189040e-02
2.667653971098983556e-02
2.139465892280238701e-02
1.941285412104758884e-02
1.878741542803946327e-02
1.905097080649981525e-02
2.033689930069657384e-02
2.120583392530598146e-02
2.033985865634421047e-02
1.905362954940929485e-02
1.879299697910694067e-02
1.941110882364514498e-02
2.139256919747349953e-02
2.670081547406465486e-02
3.633241838909951477e-02
4.713533288397154380e-02
5.374012237406107506e-02
5.721006098338708018e-02
5.734360028983399860e-02
5.376185602097401789e-02
4.308655563862925919e-02
3.098350290611742719e-02
2.363124931670569639e-02
2.090350716923261576e-02
2.014714930742829771e-02
2.033689930069657384e-02
2.156801572517697344e-02
2.236783217092325887e-02
2.156402810324515446e-02
2.035367783729039384e-02
2.013825847795770729e-02
2.088992058729553791e-02
2.363755599668659196e-02
3.100503311864559117e-02
4.308012273048918150e-02
5.374012237406104731e-02
5.734293007132149761e-02
5.608560790011163366e-02
5.720769759162978169e-02
5.546559421292615588e-02
4.537482437783867117e-02
3.250904906534067551e-02
2.442459635174124011e-02
2.152362817965271929e-02
2.084403166957412776e-02
2.120583392530598493e-02
2.236783217092324499e-02
2.312793983350610802e-02
2.236736516687214474e-02
2.121271070382900470e-02
2.084230680402111152e-02
2.152319882260248299e-02
2.442405431929233275e-02
3.249996606330045334e-02
4.537157484827757103e-02
5.545754218578290845e-02
5.721006098338708018e-02
5.720769759162978169e-02
5.734211786820319484e-02
5.375449638689569487e-02
4.307313486016789428e-02
3.098350290611742719e-02
2.364317540978497917e-02
2.089803323874717816e-02
2.014217227299622964e-02
2.033985865634421394e-02
2.156402810324515099e-02
2.236736516687215515e-02
2.155239620504486101e-02
2.035020798576940224e-02
2.014066833378944793e-02
2.088992058729554138e-02
2.363111050015909154e-02
3.100538033729686310e-02
4.308276086363344026e-02
5.374416450615666224e-02
5.734360028983399860e-02
5.546559421292616282e-02
5.375449638689570875e-02
4.713616477592923876e-02
3.633863221986478181e-02
2.667653971098983556e-02
2.138311828030978884e-02
1.942316512028257822e-02
1.879054227893766499e-02
1.905362954940929832e-02
2.035367783729039384e-02
2.121271070382901511e-02
2.035020798576940224e-02
1.906548547254968695e-02
1.878732327614483430e-02
1.941110882364516232e-02
2.137881380487490629e-02
2.667886656067593870e-02
3.633488993976410897e-02
4.713183679406891813e-02
5.376185602097401789e-02
4.537482437783868505e-02
4.307313486016790816e-02
3.633863221986479569e-02
2.762608547512196769e-02
2.133430144254455998e-02
1.862366661250440536e-02
1.795654382944354005e-02
1.801557494650795482e-02
1.879299697910695455e-02
2.013825847795772464e-02
2.084230680402112887e-02
2.014066833378946181e-02
1.878732327614484818e-02
1.801061527119057759e-02
1.794950970192258841e-02
1.862629374013300212e-02
2.135066492272692795e-02
2.762512836178866726e-02
3.632884814420189040e-02
4.308655563862925919e-02
3.250904906534068939e-02
3.098350290611743413e-02
2.667653971098985638e-02
2.133430144254456345e-02
1.784481630092756704e-02
1.680364063646440365e-02
1.700417249229892874e-02
1.794950970192258494e-02
1.941110882364514498e-02
2.088992058729554832e-02
2.152319882260250034e-02
2.088992058729554138e-02
1.941110882364515192e-02
1.794950970192258494e-02
1.700417249229893221e-02
1.680364063646440018e-02
1.784481630092756704e-02
2.133430144254456345e-02
2.667653971098983903e-02
3.098350290611743413e-02
2.442459635174126092e-02
2.364317540978498958e-02
2.138311828030980619e-02
1.862366661250441577e-02
1.680364063646440365e-02
1.632627371186714041e-02
1.677777739126703332e-02
1.863081850270809775e-02
2.139256919747351340e-02
2.363755599668660237e-02
2.442405431929236398e-02
2.363111050015910194e-02
2.137881380487492017e-02
1.862629374013300559e-02
1.680364063646438630e-02
1.634517413667812419e-02
1.678604820778840587e-02
1.863087612539622920e-02
2.139465892280240783e-02
2.363124931670569986e-02
2.152362817965273317e-02
2.089803323874719204e-02
1.942316512028258516e-02
1.795654382944354699e-02
1.700417249229893221e-02
1.677777739126704026e-02
1.783931867082818451e-02
2.135503734363835074e-02
2.670081547406467568e-02
3.100503311864560158e-02
3.249996606330047416e-02
3.100538033729689086e-02
2.667886656067594911e-02
2.135066492272692795e-02
1.784481630092756357e-02
1.678604820778840587e-02
1.697934906507279906e-02
1.797842068018644032e-02
1.941285412104759925e-02
2.090350716923263658e-02
2.084403166957413817e-02
2.014217227299623311e-02
1.879054227893767540e-02
1.801557494650796176e-02
1.794950970192258494e-02
1.863081850270808734e-02
2.135503734363834727e-02
2.763487949068637456e-02
3.633241838909952864e-02
4.308012273048919538e-02
4.537157484827757103e-02
4.308276086363344026e-02
3.633488993976412978e-02
2.762512836178866726e-02
2.133430144254454958e-02
1.863087612539621532e-02
1.797842068018644379e-02
1.800034688610401348e-02
1.878741542803946327e-02
2.014714930742831159e-02
2.120583392530598146e-02
2.033985865634421047e-02
1.905362954940929485e-02
1.879299697910694067e-02
1.941110882364514498e-02
2.139256919747349953e-02
2.670081547406465486e-02
3.633241838909951477e-02
4.713533288397154380e-02
5.374012237406107506e-02
5.545754218578293621e-02
5.374416450615664143e-02
4.713183679406893895e-02
3.632884814420189040e-02
2.667653971098983556e-02
2.139465892280238701e-02
1.941285412104758884e-02
1.878741542803946327e-02
1.905097080649981525e-02
2.033689930069657384e-02
2.236783217092325887e-02
2.156402810324515446e-02
2.035367783729039384e-02
2.013825847795770729e-02
2.088992058729553791e-02
2.363755599668659196e-02
3.100503311864559117e-02
4.308012273048918150e-02
5.374012237406104731e-02
5.734293007132149761e-02
5.721006098338708018e-02
5.734360028983399860e-02
5.376185602097401789e-02
4.308655563862925919e-02
3.098350290611742719e-02
2.363124931670569639e-02
2.090350716923261576e-02
2.014714930742829771e-02
2.033689930069657384e-02
2.156801572517697344e-02
1.416684341428936164e-02
1.429715840557471349e-02
1.533355842391050453e-02
1.757397476834176089e-02
2.084230680402109764e-02
2.912674138335044627e-02
4.537157484827755022e-02
5.780475698986168448e-02
4.735253764642942398e-02
2.389264533281831165e-02
1.363574076407100127e-02
2.388553964293675322e-02
4.737002095304496813e-02
5.783086785948497732e-02
4.537482437783865730e-02
2.911095797394033097e-02
2.084403166957412082e-02
1.758531626515707352e-02
1.532654424119126411e-02
1.429291043847887022e-02
1.429715840557471349e-02
1.429777190976324643e-02
1.518091965001881413e-02
1.717582360709929770e-02
2.013825847795772117e-02
2.764494392709540907e-02
4.308276086363342638e-02
5.693374328981638116e-02
5.194845870042196639e-02
3.321388900781753473e-02
2.388553964293673934e-02
3.321552899015699917e-02
5.194692481841597931e-02
5.693488436950872728e-02
4.308655563862924531e-02
2.763787948171804107e-02
2.014217227299622964e-02
1.717515657498489001e-02
1.518619629234277055e-02
1.428575841923735400e-02
1.533355842391050453e-02
1.518091965001881066e-02
1.556357588038998450e-02
1.688570350539233059e-02
1.879299697910694067e-02
2.403423056584138087e-02
3.633488993976409509e-02
5.163301980440897915e-02
5.768776068375840171e-02
5.196614333905601874e-02
4.737002095304498200e-02
5.194692481841595849e-02
5.770944227238441332e-02
5.163000422910577619e-02
3.632884814420189040e-02
2.400910563550662236e-02
1.879054227893766499e-02
1.689017267337786579e-02
1.555237791292217106e-02
1.517838069385480868e-02
1.757397476834176783e-02
1.717582360709929770e-02
1.688570350539232712e-02
1.732947013095625585e-02
1.801557494650794441e-02
2.047189428568543801e-02
2.762512836178866379e-02
3.990004653354941450e-02
5.163000422910577619e-02
5.693488436950870646e-02
5.783086785948499814e-02
5.693488436950871340e-02
5.163000422910577619e-02
3.990004653354940062e-02
2.762512836178866032e-02
2.047189428568543107e-02
1.801557494650794095e-02
1.732947013095625585e-02
1.688570350539233753e-02
1.717582360709931852e-02
2.084230680402112540e-02
2.013825847795771770e-02
1.879299697910695108e-02
1.801557494650795829e-02
1.795654382944354005e-02
1.862366661250440883e-02
2.133430144254456345e-02
2.762608547512196769e-02
3.633863221986480263e-02
4.307313486016790816e-02
4.537482437783868505e-02
4.308655563862927307e-02
3.632884814420189734e-02
2.762512836178866726e-02
2.135066492272692448e-02
1.862629374013299519e-02
1.794950970192258494e-02
1.801061527119057759e-02
1.878732327614484471e-02
2.014066833378945834e-02
2.912674138335048096e-02
2.764494392709542295e-02
2.403423056584138434e-02
2.047189428568543107e-02
1.862366661250441230e-02
1.817443187729809312e-02
1.863087612539622920e-02
2.046380445499599784e-02
2.401360762435305468e-02
2.763684123286514957e-02
2.911095797394035525e-02
2.763787948171806882e-02
2.400910563550663623e-02
2.047189428568542066e-02
1.862629374013301253e-02
1.817548238727226956e-02
1.863081850270808734e-02
2.047205200371887343e-02
2.402850923543188924e-02
2.765599643774044325e-02
4.537157484827757103e-02
4.308276086363344720e-02
3.633488993976411591e-02
2.762512836178866726e-02
2.133430144254455998e-02
1.863087612539622573e-02
1.797842068018644726e-02
1.800034688610401348e-02
1.878741542803944939e-02
2.014714930742831159e-02
2.084403166957414510e-02
2.014217227299623311e-02
1.879054227893768234e-02
1.801557494650794788e-02
1.794950970192257800e-02
1.863081850270808734e-02
2.135503734363835768e-02
2.763487949068638150e-02
3.633241838909955640e-02
4.308012273048920926e-02
5.780475698986170530e-02
5.693374328981636728e-02
5.163301980440900690e-02
3.990004653354940062e-02
2.762608547512196769e-02
2.046380445499601172e-02
1.800034688610401348e-02
1.733202948717989592e-02
1.689418146804320953e-02
1.717154279651626758e-02
1.758531626515707699e-02
1.717515657498488307e-02
1.689017267337786926e-02
1.732947013095625585e-02
1.801061527119056024e-02
2.047205200371886649e-02
2.763487949068637109e-02
3.990931609464140606e-02
5.162579082155362153e-02
5.692682044056766866e-02
4.735253764642941010e-02
5.194845870042196639e-02
5.768776068375838784e-02
5.163000422910579007e-02
3.633863221986478181e-02
2.401360762435305121e-02
1.878741542803944592e-02
1.689418146804320953e-02
1.554862991731707431e-02
1.518464248128066109e-02
1.532654424119127279e-02
1.518619629234276708e-02
1.555237791292217106e-02
1.688570350539234446e-02
1.878732327614483083e-02
2.402850923543187189e-02
3.633241838909953558e-02
5.162579082155362153e-02
5.768781316335844234e-02
5.194928175603483189e-02
2.389264533281831165e-02
3.321388900781752085e-02
5.196614333905601874e-02
5.693488436950868564e-02
4.307313486016789428e-02
2.763684123286512181e-02
2.014714930742829771e-02
1.717154279651626064e-02
1.518464248128066629e-02
1.428239797194440566e-02
1.429291043847886675e-02
1.428575841923735400e-02
1.517838069385480521e-02
1.717582360709931852e-02
2.014066833378945487e-02
2.765599643774041549e-02
4.308012273048918150e-02
5.692682044056766866e-02
5.194928175603483189e-02
3.321326838227430661e-02
1.363574076407100127e-02
2.388553964293675322e-02
4.737002095304496813e-02
5.783086785948497732e-02
4.537482437783865730e-02
2.911095797394033097e-02
2.084403166957412082e-02
1.758531626515707352e-02
1.532654424119126411e-02
1.429291043847887022e-02
1.416684341428936164e-02
1.429715840557471349e-02
1.533355842391050453e-02
1.757397476834176089e-02
2.084230680402109764e-02
2.912674138335044627e-02
4.537157484827755022e-02
5.780475698986168448e-02
4.735253764642942398e-02
2.389264533281831165e-02
2.388553964293673934e-02
3.321552899015699917e-02
5.194692481841597931e-02
5.693488436950872728e-02
4.308655563862924531e-02
2.763787948171804107e-02
2.014217227299622964e-02
1.717515657498489001e-02
1.518619629234277055e-02
1.428575841923735400e-02
1.429715840557471349e-02
1.429777190976324643e-02
1.518091965001881413e-02
1.717582360709929770e-02
2.013825847795772117e-02
2.764494392709540907e-02
4.308276086363342638e-02
5.693374328981638116e-02
5.194845870042196639e-02
3.321388900781753473e-02
4.737002095304498200e-02
5.194692481841595849e-02
5.770944227238441332e-02
5.163000422910577619e-02
3.632884814420189040e-02
2.400910563550662236e-02
1.879054227893766499e-02
1.689017267337786579e-02
1.555237791292217106e-02
1.517838069385480868e-02
1.533355842391050453e-02
1.518091965001881066e-02
1.556357588038998450e-02
1.688570350539233059e-02
1.879299697910694067e-02
2.403423056584138087e-02
3.633488993976409509e-02
5.163301980440897915e-02
5.768776068375840171e-02
5.196614333905601874e-02
5.783086785948499814e-02
5.693488436950871340e-02
5.163000422910577619e-02
3.990004653354940062e-02
2.762512836178866032e-02
2.047189428568543107e-02
1.801557494650794095e-02
1.732947013095625585e-02
1.688570350539233753e-02
1.717582360709931852e-02
1.757397476834176783e-02
1.717582360709929770e-02
1.688570350539232712e-02
1.732947013095625585e-02
1.801557494650794441e-02
2.047189428568543801e-02
2.762512836178866379e-02
3.990004653354941450e-02
5.163000422910577619e-02
5.693488436950870646e-02
4.537482437783868505e-02
4.308655563862927307e-02
3.632884814420189734e-02
2.762512836178866726e-02
2.135066492272692448e-02
1.862629374013299519e-02
1.794950970192258494e-02
1.801061527119057759e-02
1.878732327614484471e-02
2.014066833378945834e-02
2.084230680402112540e-02
2.013825847795771770e-02
1.879299697910695108e-02
1.801557494650795829e-02
1.795654382944354005e-02
1.862366661250440883e-02
2.133430144254456345e-02
2.762608547512196769e-02
3.633863221986480263e-02
4.307313486016790816e-02
2.911095797394035525e-02
2.763787948171806882e-02
2.400910563550663623e-02
2.047189428568542066e-02
1.862629374013301253e-02
1.817548238727226956e-02
1.863081850270808734e-02
2.047205200371887343e-02
2.402850923543188924e-02
2.765599643774044325e-02
2.912674138335048096e-02
2.764494392709542295e-02
2.403423056584138434e-02
2.047189428568543107e-02
1.862366661250441230e-02
1.817443187729809312e-02
1.863087612539622920e-02
2.046380445499599784e-02
2.401360762435305468e-02
2.763684123286514957e-02
2.084403166957414510e-02
2.014217227299623311e-02
1.879054227893768234e-02
1.801557494650794788e-02
1.794950970192257800e-02
1.863081850270808734e-02
2.135503734363835768e-02
2.763487949068638150e-02
3.633241838909955640e-02
4.308012273048920926e-02
4.537157484827757103e-02
4.308276086363344720e-02
3.633488993976411591e-02
2.762512836178866726e-02
2.133430144254455998e-02
1.863087612539622573e-02
1.797842068018644726e-02
1.800034688610401348e-02
1.878741542803944939e-02
2.014714930742831159e-02
1.758531626515707699e-02
1.717515657498488307e-02
1.689017267337786926e-02
1.732947013095625585e-02
1.801061527119056024e-02
2.047205200371886649e-02
2.763487949068637109e-02
3.990931609464140606e-02
5.162579082155362153e-02
5.692682044056766866e-02
5.780475698986170530e-02
5.693374328981636728e-02
5.163301980440900690e-02
3.990004653354940062e-02
2.762608547512196769e-02
2.046380445499601172e-02
1.800034688610401348e-02
1.733202948717989592e-02
1.689418146804320953e-02
1.717154279651626758e-02
1.532654424119127279e-02
1.518619629234276708e-02
1.555237791292217106e-02
1.688570350539234446e-02
1.878732327614483083e-02
2.402850923543187189e-02
3.633241838909953558e-02
5.162579082155362153e-02
5.768781316335844234e-02
5.194928175603483189e-02
4.735253764642941010e-02
5.194845870042196639e-02
5.768776068375838784e-02
5.163000422910579007e-02
3.633863221986478181e-02
2.401360762435305121e-02
1.878741542803944592e-02
1.689418146804320953e-02
1.554862991731707431e-02
1.518464248128066109e-02
1.429291043847886675e-02
1.428575841923735400e-02
1.517838069385480521e-02
1.717582360709931852e-02
2.014066833378945487e-02
2.765599643774041549e-02
4.308012273048918150e-02
5.692682044056766866e-02
5.194928175603483189e-02
3.321326838227430661e-02
2.389264533281831165e-02
3.321388900781752085e-02
5.196614333905601874e-02
5.693488436950868564e-02
4.307313486016789428e-02
2.763684123286512181e-02
2.014714930742829771e-02
1.717154279651626064e-02
1.518464248128066629e-02
1.428239797194440566e-02
1.010554509643931710e-02
1.046765920197526012e-02
1.214776617330537607e-02
1.533355842391050800e-02
2.121271070382898735e-02
3.580790364466251985e-02
5.545754218578290845e-02
4.735253764642942398e-02
4.101005149728247610e-03
9.999999999999999547e-07
9.999999999999999547e-07
9.999999999999999547e-07
4.105283536370731186e-03
4.737002095304496813e-02
5.546559421292614200e-02
3.580697565474477706e-02
2.120583392530597452e-02
1.532654424119126932e-02
1.215173828597959638e-02
1.046501750683783392e-02
1.046765920197524798e-02
1.081103094398365091e-02
1.237232340024729468e-02
1.517838069385480521e-02
2.035367783729037650e-02
3.366389179601914083e-02
5.374416450615662755e-02
5.194845870042195252e-02
1.381019289483380839e-02
9.999999999999999547e-07
9.999999999999999547e-07
9.999999999999999547e-07
1.381080446282156524e-02
5.196614333905599792e-02
5.376185602097401789e-02
3.367992181397955892e-02
2.033985865634421394e-02
1.518619629234277055e-02
1.237516409232609742e-02
1.080393696721466262e-02
1.214776617330537607e-02
1.237232340024728254e-02
1.351858797747628252e-02
1.555237791292217106e-02
1.905362954940928444e-02
2.876173846217079666e-02
4.713183679406893895e-02
5.768776068375841559e-02
4.101735250334000160e-02
1.381080446282155136e-02
4.105283536370731186e-03
1.381080446282155656e-02
4.101735250334000160e-02
5.768776068375841559e-02
4.713183679406891813e-02
2.876173846217079666e-02
1.905362954940928444e-02
1.555237791292218147e-02
1.351858797747628252e-02
1.237232340024729121e-02
1.533355842391050800e-02
1.517838069385480521e-02
1.555237791292216759e-02
1.689017267337786579e-02
1.879054227893766846e-02
2.400910563550661889e-02
3.632884814420187652e-02
5.163000422910577619e-02
5.770944227238441332e-02
5.194692481841597931e-02
4.737002095304496813e-02
5.196614333905601874e-02
5.768776068375841559e-02
5.163301980440895139e-02
3.633488993976409509e-02
2.403423056584138087e-02
1.879299697910695108e-02
1.688570350539233753e-02
1.556357588038998450e-02
1.518091965001880719e-02
2.121271070382900817e-02
2.035367783729039384e-02
1.905362954940930179e-02
1.879054227893766499e-02
1.942316512028258169e-02
2.138311828030978884e-02
2.667653971098983209e-02
3.633863221986479569e-02
4.713616477592923876e-02
5.375449638689568099e-02
5.546559421292616282e-02
5.376185602097403871e-02
4.713183679406891813e-02
3.633488993976411591e-02
2.667886656067592482e-02
2.137881380487490976e-02
1.941110882364514498e-02
1.878732327614484124e-02
1.906548547254969736e-02
2.035020798576939530e-02
3.580790364466255454e-02
3.366389179601916859e-02
2.876173846217079666e-02
2.400910563550661195e-02
2.138311828030979578e-02
2.069263759154122209e-02
2.139465892280239395e-02
2.401360762435305121e-02
2.877003746234254450e-02
3.367565638785856991e-02
3.580697565474481869e-02
3.367992181397960749e-02
2.876173846217080707e-02
2.403423056584138087e-02
2.137881380487492364e-02
2.067962582198791532e-02
2.139256919747351340e-02
2.402850923543187883e-02
2.875550415060131731e-02
3.367152244740805739e-02
5.545754218578296396e-02
5.374416450615665530e-02
4.713183679406893895e-02
3.632884814420189040e-02
2.667653971098983903e-02
2.139465892280237660e-02
1.941285412104758884e-02
1.878741542803945980e-02
1.905097080649982566e-02
2.033689930069657384e-02
2.120583392530598493e-02
2.033985865634422088e-02
1.905362954940929832e-02
1.879299697910694414e-02
1.941110882364514151e-02
2.139256919747350993e-02
2.670081547406466527e-02
3.633241838909952864e-02
4.713533288397155074e-02
5.374012237406107506e-02
4.735253764642942398e-02
5.194845870042196639e-02
5.768776068375840171e-02
5.163000422910579007e-02
3.633863221986478181e-02
2.401360762435305468e-02
1.878741542803944939e-02
1.689418146804320953e-02
1.554862991731707778e-02
1.518464248128066629e-02
1.532654424119126932e-02
1.518619629234276708e-02
1.555237791292217106e-02
1.688570350539233753e-02
1.878732327614483083e-02
2.402850923543188577e-02
3.633241838909953558e-02
5.162579082155362153e-02
5.768781316335842846e-02
5.194928175603484577e-02
4.101005149728244141e-03
1.381019289483378758e-02
4.101735250334001548e-02
5.770944227238439250e-02
4.713616477592921100e-02
2.877003746234252368e-02
1.905097080649981872e-02
1.554862991731707778e-02
1.352898058296146330e-02
1.236768359109968046e-02
1.215173828597959117e-02
1.237516409232609395e-02
1.351858797747627905e-02
1.556357588038999144e-02
1.906548547254968348e-02
2.875550415060131385e-02
4.713533288397152993e-02
5.768781316335842846e-02
4.102478436891911912e-02
1.381047151937199631e-02
9.999999999999999547e-07
9.999999999999999547e-07
1.381080446282156524e-02
5.194692481841597931e-02
5.375449638689567405e-02
3.367565638785853521e-02
2.033689930069655302e-02
1.518464248128066629e-02
1.236768359109968046e-02
1.080906062466634350e-02
1.046501750683782352e-02
1.080393696721465742e-02
1.237232340024729468e-02
1.518091965001881413e-02
2.035020798576937795e-02
3.367152244740801575e-02
5.374012237406106118e-02
5.194928175603481108e-02
1.381047151937201713e-02
9.999999999999999547e-07
9.999999999999999547e-07
9.999999999999999547e-07
4.105283536370731186e-03
4.737002095304496813e-02
5.546559421292614200e-02
3.580697565474477706e-02
2.120583392530597452e-02
1.532654424119126932e-02
1.215173828597959638e-02
1.046501750683783392e-02
1.010554509643931710e-02
1.046765920197526012e-02
1.214776617330537607e-02
1.533355842391050800e-02
2.121271070382898735e-02
3.580790364466251985e-02
5.545754218578290845e-02
4.735253764642942398e-02
4.101005149728247610e-03
9.999999999999999547e-07
9.999999999999999547e-07
9.999999999999999547e-07
1.381080446282156524e-02
5.196614333905599792e-02
5.376185602097401789e-02
3.367992181397955892e-02
2.033985865634421394e-02
1.518619629234277055e-02
1.237516409232609742e-02
1.080393696721466262e-02
1.046765920197524798e-02
1.081103094398365091e-02
1.237232340024729468e-02
1.517838069385480521e-02
2.035367783729037650e-02
3.366389179601914083e-02
5.374416450615662755e-02
5.194845870042195252e-02
1.381019289483380839e-02
9.999999999999999547e-07
4.105283536370731186e-03
1.381080446282155656e-02
4.101735250334000160e-02
5.768776068375841559e-02
4.713183679406891813e-02
2.876173846217079666e-02
1.905362954940928444e-02
1.555237791292218147e-02
1.351858797747628252e-02
1.237232340024729121e-02
1.214776617330537607e-02
1.237232340024728254e-02
1.351858797747628252e-02
1.555237791292217106e-02
1.905362954940928444e-02
2.876173846217079666e-02
4.713183679406893895e-02
5.768776068375841559e-02
4.101735250334000160e-02
1.381080446282155136e-02
4.737002095304496813e-02
5.196614333905601874e-02
5.768776068375841559e-02
5.163301980440895139e-02
3.633488993976409509e-02
2.403423056584138087e-02
1.879299697910695108e-02
1.688570350539233753e-02
1.556357588038998450e-02
1.518091965001880719e-02
1.533355842391050800e-02
1.517838069385480521e-02
1.555237791292216759e-02
1.689017267337786579e-02
1.879054227893766846e-02
2.400910563550661889e-02
3.632884814420187652e-02
5.163000422910577619e-02
5.770944227238441332e-02
5.194692481841597931e-02
5.546559421292616282e-02
5.376185602097403871e-02
4.713183679406891813e-02
3.633488993976411591e-02
2.667886656067592482e-02
2.137881380487490976e-02
1.941110882364514498e-02
1.878732327614484124e-02
1.906548547254969736e-02
2.035020798576939530e-02
2.121271070382900817e-02
2.035367783729039384e-02
1.905362954940930179e-02
1.879054227893766499e-02
1.942316512028258169e-02
2.138311828030978884e-02
2.667653971098983209e-02
3.633863221986479569e-02
4.713616477592923876e-02
5.375449638689568099e-02
3.580697565474481869e-02
3.367992181397960749e-02
2.876173846217080707e-02
2.403423056584138087e-02
2.137881380487492364e-02
2.067962582198791532e-02
2.139256919747351340e-02
2.402850923543187883e-02
2.875550415060131731e-02
3.367152244740805739e-02
3.580790364466255454e-02
3.366389179601916859e-02
2.876173846217079666e-02
2.400910563550661195e-02
2.138311828030979578e-02
2.069263759154122209e-02
2.139465892280239395e-02
2.401360762435305121e-02
2.877003746234254450e-02
3.367565638785856991e-02
2.120583392530598493e-02
2.033985865634422088e-02
1.905362954940929832e-02
1.879299697910694414e-02
1.941110882364514151e-02
2.139256919747350993e-02
2.670081547406466527e-02
3.633241838909952864e-02
4.713533288397155074e-02
5.374012237406107506e-02
5.545754218578296396e-02
5.374416450615665530e-02
4.713183679406893895e-02
3.632884814420189040e-02
2.667653971098983903e-02
2.139465892280237660e-02
1.941285412104758884e-02
1.878741542803945980e-02
1.905097080649982566e-02
2.033689930069657384e-02
1.532654424119126932e-02
1.518619629234276708e-02
1.555237791292217106e-02
1.688570350539233753e-02
1.878732327614483083e-02
2.402850923543188577e-02
3.633241838909953558e-02
5.162579082155362153e-02
5.768781316335842846e-02
5.194928175603484577e-02
4.735253764642942398e-02
5.194845870042196639e-02
5.768776068375840171e-02
5.163000422910579007e-02
3.633863221986478181e-02
2.401360762435305468e-02
1.878741542803944939e-02
1.689418146804320953e-02
1.554862991731707778e-02
1.518464248128066629e-02
1.215173828597959117e-02
1.237516409232609395e-02
1.351858797747627905e-02
1.556357588038999144e-02
1.906548547254968348e-02
2.875550415060131385e-02
4.713533288397152993e-02
5.768781316335842846e-02
4.102478436891911912e-02
1.381047151937199631e-02
4.101005149728244141e-03
1.381019289483378758e-02
4.101735250334001548e-02
5.770944227238439250e-02
4.713616477592921100e-02
2.877003746234252368e-02
1.905097080649981872e-02
1.554862991731707778e-02
1.352898058296146330e-02
1.236768359109968046e-02
1.046501750683782352e-02
1.080393696721465742e-02
1.237232340024729468e-02
1.518091965001881413e-02
2.035020798576937795e-02
3.367152244740801575e-02
5.374012237406106118e-02
5.194928175603481108e-02
1.381047151937201713e-02
9.999999999999999547e-07
9.999999999999999547e-07
9.999999999999999547e-07
1.381080446282156524e-02
5.194692481841597931e-02
5.375449638689567405e-02
3.367565638785853521e-02
2.033689930069655302e-02
1.518464248128066629e-02
1.236768359109968046e-02
1.080906062466634350e-02
7.695590777663621415e-03
8.256269063141042849e-03
1.046765920197526359e-02
1.429715840557471696e-02
2.236736516687214474e-02
4.126148372760470029e-02
5.721006098338705936e-02
2.389264533281831165e-02
9.999999999999999547e-07
9.999999999999999547e-07
9.999999999999999547e-07
9.999999999999999547e-07
9.999999999999999547e-07
2.388553964293675322e-02
5.720769759162976087e-02
4.126540270488052164e-02
2.236783217092325540e-02
1.429291043847886328e-02
1.046501750683783045e-02
8.261956782032012919e-03
8.256269063141034176e-03
8.842093699241434374e-03
1.080393696721467477e-02
1.428575841923735920e-02
2.156402810324514405e-02
3.914183890058992726e-02
5.734360028983399860e-02
3.321388900781753473e-02
9.999999999999999547e-07
9.999999999999999547e-07
9.999999999999999547e-07
9.999999999999999547e-07
9.999999999999999547e-07
3.321388900781754860e-02
5.734360028983399860e-02
3.914183890058992726e-02
2.156402810324514405e-02
1.428575841923736267e-02
1.080393696721467303e-02
8.842093699241427435e-03
1.046765920197524798e-02
1.080393696721466436e-02
1.237516409232610089e-02
1.518619629234277055e-02
2.033985865634422088e-02
3.367992181397957280e-02
5.376185602097400401e-02
5.196614333905601874e-02
1.381080446282155656e-02
9.999999999999999547e-07
9.999999999999999547e-07
9.999999999999999547e-07
1.381019289483380839e-02
5.194845870042195252e-02
5.374416450615664143e-02
3.366389179601913390e-02
2.035367783729037996e-02
1.517838069385480521e-02
1.237232340024729468e-02
1.081103094398365959e-02
1.429715840557472563e-02
1.428575841923735920e-02
1.518619629234277055e-02
1.717515657498489348e-02
2.014217227299624352e-02
2.763787948171804107e-02
4.308655563862924531e-02
5.693488436950871340e-02
5.194692481841597931e-02
3.321552899015699917e-02
2.388553964293675322e-02
3.321388900781753473e-02
5.194845870042196639e-02
5.693374328981638116e-02
4.308276086363344026e-02
2.764494392709541948e-02
2.013825847795773505e-02
1.717582360709930811e-02
1.518091965001881066e-02
1.429777190976324296e-02
2.236736516687214821e-02
2.156402810324515792e-02
2.033985865634422435e-02
2.014217227299623311e-02
2.089803323874718510e-02
2.364317540978497917e-02
3.098350290611742719e-02
4.307313486016788734e-02
5.375449638689568099e-02
5.734211786820320872e-02
5.720769759162978169e-02
5.734360028983401247e-02
5.374416450615666224e-02
4.308276086363344720e-02
3.100538033729686657e-02
2.363111050015909154e-02
2.088992058729554485e-02
2.014066833378945834e-02
2.035020798576939530e-02
2.155239620504485754e-02
4.126148372760475580e-02
3.914183890058994808e-02
3.367992181397960055e-02
2.763787948171804107e-02
2.364317540978498264e-02
2.237742833596614508e-02
2.363124931670569986e-02
2.763684123286512528e-02
3.367565638785853521e-02
3.913014420030379303e-02
4.126540270488058409e-02
3.914183890058996890e-02
3.366389179601915471e-02
2.764494392709541948e-02
2.363111050015909154e-02
2.238588146183324856e-02
2.363755599668658156e-02
2.765599643774043978e-02
3.367152244740805739e-02
3.913347793499410282e-02
5.721006098338708018e-02
5.734360028983399860e-02
5.376185602097401789e-02
4.308655563862927307e-02
3.098350290611742372e-02
2.363124931670568599e-02
2.090350716923261229e-02
2.014714930742829424e-02
2.033689930069657384e-02
2.156801572517697344e-02
2.236783217092325887e-02
2.156402810324515099e-02
2.035367783729038343e-02
2.013825847795771770e-02
2.088992058729553097e-02
2.363755599668659196e-02
3.100503311864561198e-02
4.308012273048918150e-02
5.374012237406106118e-02
5.734293007132148373e-02
2.389264533281831165e-02
3.321388900781752779e-02
5.196614333905603261e-02
5.693488436950868564e-02
4.307313486016788734e-02
2.763684123286511488e-02
2.014714930742829424e-02
1.717154279651626411e-02
1.518464248128067150e-02
1.428239797194440566e-02
1.429291043847885807e-02
1.428575841923735920e-02
1.517838069385480521e-02
1.717582360709930811e-02
2.014066833378945487e-02
2.765599643774044325e-02
4.308012273048919538e-02
5.692682044056768254e-02
5.194928175603484577e-02
3.321326838227429273e-02
9.999999999999999547e-07
9.999999999999999547e-07
1.381080446282155656e-02
5.194692481841595849e-02
5.375449638689566018e-02
3.367565638785852827e-02
2.033689930069655302e-02
1.518464248128067150e-02
1.236768359109968046e-02
1.080906062466634350e-02
1.046501750683781137e-02
1.080393696721466089e-02
1.237232340024729468e-02
1.518091965001881934e-02
2.035020798576938489e-02
3.367152244740800882e-02
5.374012237406104731e-02
5.194928175603481108e-02
1.381047151937202927e-02
9.999999999999999547e-07
9.999999999999999547e-07
9.999999999999999547e-07
9.999999999999999547e-07
3.321552899015698529e-02
5.734211786820316709e-02
3.913014420030375140e-02
2.156801572517695956e-02
1.428239797194440566e-02
1.080906062466635044e-02
8.852883976134671984e-03
8.261956782031997307e-03
8.842093699241420496e-03
1.081103094398364745e-02
1.429777190976325163e-02
2.155239620504485407e-02
3.913347793499407506e-02
5.734293007132146291e-02
3.321326838227431355e-02
9.999999999999999547e-07
9.999999999999999547e-07
9.999999999999999547e-07
9.999999999999999547e-07
9.999999999999999547e-07
2.388553964293675322e-02
5.720769759162976087e-02
4.126540270488052164e-02
2.236783217092325540e-02
1.429291043847886328e-02
1.046501750683783045e-02
8.261956782032012919e-03
7.695590777663621415e-03
8.256269063141042849e-03
1.046765920197526359e-02
1.429715840557471696e-02
2.236736516687214474e-02
4.126148372760470029e-02
5.721006098338705936e-02
2.389264533281831165e-02
9.999999999999999547e-07
9.999999999999999547e-07
9.999999999999999547e-07
9.999999999999999547e-07
9.999999999999999547e-07
3.321388900781754860e-02
5.734360028983399860e-02
3.914183890058992726e-02
2.156402810324514405e-02
1.428575841923736267e-02
1.080393696721467303e-02
8.842093699241427435e-03
8.256269063141034176e-03
8.842093699241434374e-03
1.080393696721467477e-02
1.428575841923735920e-02
2.156402810324514405e-02
3.914183890058992726e-02
5.734360028983399860e-02
3.321388900781753473e-02
9.999999999999999547e-07
9.999999999999999547e-07
9.999999999999999547e-07
9.999999999999999547e-07
1.381019289483380839e-02
5.194845870042195252e-02
5.374416450615664143e-02
3.366389179601913390e-02
2.035367783729037996e-02
1.517838069385480521e-02
1.237232340024729468e-02
1.081103094398365959e-02
1.046765920197524798e-02
1.080393696721466436e-02
1.237516409232610089e-02
1.518619629234277055e-02
2.033985865634422088e-02
3.367992181397957280e-02
5.376185602097400401e-02
5.196614333905601874e-02
1.381080446282155656e-02
9.999999999999999547e-07
2.388553964293675322e-02
3.321388900781753473e-02
5.194845870042196639e-02
5.693374328981638116e-02
4.308276086363344026e-02
2.764494392709541948e-02
2.013825847795773505e-02
1.717582360709930811e-02
1.518091965001881066e-02
1.429777190976324296e-02
1.429715840557472563e-02
1.428575841923735920e-02
1.518619629234277055e-02
1.717515657498489348e-02
2.014217227299624352e-02
2.763787948171804107e-02
4.308655563862924531e-02
5.693488436950871340e-02
5.194692481841597931e-02
3.321552899015699917e-02
5.720769759162978169e-02
5.734360028983401247e-02
5.374416450615666224e-02
4.308276086363344720e-02
3.100538033729686657e-02
2.363111050015909154e-02
2.088992058729554485e-02
2.014066833378945834e-02
2.035020798576939530e-02
2.155239620504485754e-02
2.236736516687214821e-02
2.156402810324515792e-02
2.033985865634422435e-02
2.014217227299623311e-02
2.089803323874718510e-02
2.364317540978497917e-02
3.098350290611742719e-02
4.307313486016788734e-02
5.375449638689568099e-02
5.734211786820320872e-02
4.126540270488058409e-02
3.914183890058996890e-02
3.366389179601915471e-02
2.764494392709541948e-02
2.363111050015909154e-02
2.238588146183324856e-02
2.363755599668658156e-02
2.765599643774043978e-02
3.367152244740805739e-02
3.913347793499410282e-02
4.126148372760475580e-02
3.914183890058994808e-02
3.367992181397960055e-02
2.763787948171804107e-02
2.364317540978498264e-02
2.237742833596614508e-02
2.363124931670569986e-02
2.763684123286512528e-02
3.367565638785853521e-02
3.913014420030379303e-02
2.236783217092325887e-02
2.156402810324515099e-02
2.035367783729038343e-02
2.013825847795771770e-02
2.088992058729553097e-02
2.363755599668659196e-02
3.100503311864561198e-02
4.308012273048918150e-02
5.374012237406106118e-02
5.734293007132148373e-02
5.721006098338708018e-02
5.734360028983399860e-02
5.376185602097401789e-02
4.308655563862927307e-02
3.098350290611742372e-02
2.363124931670568599e-02
2.090350716923261229e-02
2.014714930742829424e-02
2.033689930069657384e-02
2.156801572517697344e-02
1.429291043847885807e-02
1.428575841923735920e-02
1.517838069385480521e-02
1.717582360709930811e-02
2.014066833378945487e-02
2.765599643774044325e-02
4.308012273048919538e-02
5.692682044056768254e-02
5.194928175603484577e-02
3.321326838227429273e-02
2.389264533281831165e-02
3.321388900781752779e-02
5.196614333905603261e-02
5.693488436950868564e-02
4.307313486016788734e-02
2.763684123286511488e-02
2.014714930742829424e-02
1.717154279651626411e-02
1.518464248128067150e-02
1.428239797194440566e-02
1.046501750683781137e-02
1.080393696721466089e-02
1.237232340024729468e-02
1.518091965001881934e-02
2.035020798576938489e-02
3.367152244740800882e-02
5.374012237406104731e-02
5.194928175603481108e-02
1.381047151937202927e-02
9.999999999999999547e-07
9.999999999999999547e-07
9.999999999999999547e-07
1.381080446282155656e-02
5.194692481841595849e-02
5.375449638689566018e-02
3.367565638785852827e-02
2.033689930069655302e-02
1.518464248128067150e-02
1.236768359109968046e-02
1.080906062466634350e-02
8.261956782031997307e-03
8.842093699241420496e-03
1.081103094398364745e-02
1.429777190976325163e-02
2.155239620504485407e-02
3.913347793499407506e-02
5.734293007132146291e-02
3.321326838227431355e-02
9.999999999999999547e-07
9.999999999999999547e-07
9.999999999999999547e-07
9.999999999999999547e-07
9.999999999999999547e-07
3.321552899015698529e-02
5.734211786820316709e-02
3.913014420030375140e-02
2.156801572517695956e-02
1.428239797194440566e-02
1.080906062466635044e-02
8.852883976134671984e-03
6.847959197143535688e-03
7.695590777663628354e-03
1.010554509643933445e-02
1.416684341428936164e-02
2.312793983350610108e-02
4.333121053299552466e-02
5.608560790011158509e-02
1.363574076407101862e-02
9.999999999999999547e-07
9.999999999999999547e-07
9.999999999999999547e-07
9.999999999999999547e-07
9.999999999999999547e-07
1.363574076407101862e-02
5.608560790011158509e-02
4.333121053299552466e-02
2.312793983350610108e-02
1.416684341428936164e-02
1.010554509643933445e-02
7.695590777663628354e-03
7.695590777663612742e-03
8.261956782032014654e-03
1.046501750683783566e-02
1.429291043847885807e-02
2.236783217092324499e-02
4.126540270488052164e-02
5.720769759162976087e-02
2.388553964293676016e-02
9.999999999999999547e-07
9.999999999999999547e-07
9.999999999999999547e-07
9.999999999999999547e-07
9.999999999999999547e-07
2.389264533281830472e-02
5.721006098338705936e-02
4.126148372760471417e-02
2.236736516687214821e-02
1.429715840557471696e-02
1.046765920197526359e-02
8.256269063141039380e-03
1.010554509643931016e-02
1.046501750683782352e-02
1.215173828597959117e-02
1.532654424119127626e-02
2.120583392530597105e-02
3.580697565474479094e-02
5.546559421292614200e-02
4.737002095304496813e-02
4.105283536370731186e-03
9.999999999999999547e-07
9.999999999999999547e-07
9.999999999999999547e-07
4.101005149728247610e-03
4.735253764642944480e-02
5.545754218578290845e-02
3.580790364466251985e-02
2.121271070382899429e-02
1.533355842391050800e-02
1.214776617330537087e-02
1.046765920197525665e-02
1.416684341428935297e-02
1.429291043847886675e-02
1.532654424119127279e-02
1.758531626515707352e-02
2.084403166957412429e-02
2.911095797394033444e-02
4.537482437783865730e-02
5.783086785948498426e-02
4.737002095304496813e-02
2.388553964293676710e-02
1.363574076407099607e-02
2.389264533281831165e-02
4.735253764642944480e-02
5.780475698986166366e-02
4.537157484827757103e-02
2.912674138335046362e-02
2.084230680402109070e-02
1.757397476834175049e-02
1.533355842391051320e-02
1.429715840557471696e-02
2.312793983350611149e-02
2.236783217092325193e-02
2.120583392530598493e-02
2.084403166957413470e-02
2.152362817965271582e-02
2.442459635174123317e-02
3.250904906534067551e-02
4.537482437783867117e-02
5.546559421292615588e-02
5.720769759162978169e-02
5.608560790011163366e-02
5.721006098338708018e-02
5.545754218578293621e-02
4.537157484827757103e-02
3.249996606330047416e-02
2.442405431929235010e-02
2.152319882260249687e-02
2.084230680402110111e-02
2.121271070382900470e-02
2.236736516687214474e-02
4.333121053299555936e-02
4.126540270488058409e-02
3.580697565474479788e-02
2.911095797394034138e-02
2.442459635174124011e-02
2.286405994646633841e-02
2.442459635174124011e-02
2.911095797394034138e-02
3.580697565474479788e-02
4.126540270488058409e-02
4.333121053299555936e-02
4.126148372760476274e-02
3.580790364466254067e-02
2.912674138335046709e-02
2.442405431929234663e-02
2.285683429820390550e-02
2.442405431929234663e-02
2.912674138335046709e-02
3.580790364466254067e-02
4.126148372760476274e-02
5.608560790011163366e-02
5.720769759162978169e-02
5.546559421292615588e-02
4.537482437783867117e-02
3.250904906534067551e-02
2.442459635174123317e-02
2.152362817965271582e-02
2.084403166957413470e-02
2.120583392530598493e-02
2.236783217092325193e-02
2.312793983350611149e-02
2.236736516687214474e-02
2.121271070382900470e-02
2.084230680402110458e-02
2.152319882260249687e-02
2.442405431929235010e-02
3.249996606330047416e-02
4.537157484827757103e-02
5.545754218578293621e-02
5.721006098338708018e-02
1.363574076407099607e-02
2.388553964293676710e-02
4.737002095304496813e-02
5.783086785948498426e-02
4.537482437783865730e-02
2.911095797394033444e-02
2.084403166957412429e-02
1.758531626515707352e-02
1.532654424119127279e-02
1.429291043847886675e-02
1.416684341428935297e-02
1.429715840557471696e-02
1.533355842391051320e-02
1.757397476834175049e-02
2.084230680402109070e-02
2.912674138335046362e-02
4.537157484827757103e-02
5.780475698986166366e-02
4.735253764642944480e-02
2.389264533281831165e-02
9.999999999999999547e-07
9.999999999999999547e-07
4.105283536370731186e-03
4.737002095304496813e-02
5.546559421292614200e-02
3.580697565474479094e-02
2.120583392530597105e-02
1.532654424119127626e-02
1.215173828597959117e-02
1.046501750683782178e-02
1.010554509643930843e-02
1.046765920197525665e-02
1.214776617330537087e-02
1.533355842391050800e-02
2.121271070382899429e-02
3.580790364466251985e-02
5.545754218578290845e-02
4.735253764642944480e-02
4.101005149728247610e-03
9.999999999999999547e-07
9.999999999999999547e-07
9.999999999999999547e-07
9.999999999999999547e-07
2.388553964293676016e-02
5.720769759162976087e-02
4.126540270488052164e-02
2.236783217092324499e-02
1.429291043847885807e-02
1.046501750683783566e-02
8.261956782032014654e-03
7.695590777663612742e-03
8.256269063141039380e-03
1.046765920197526359e-02
1.429715840557471696e-02
2.236736516687214821e-02
4.126148372760471417e-02
5.721006098338705936e-02
2.389264533281830472e-02
9.999999999999999547e-07
9.999999999999999547e-07
9.999999999999999547e-07
9.999999999999999547e-07
9.999999999999999547e-07
1.363574076407101862e-02
5.608560790011158509e-02
4.333121053299552466e-02
2.312793983350610108e-02
1.416684341428936164e-02
1.010554509643933445e-02
7.695590777663628354e-03
6.847959197143535688e-03
7.695590777663628354e-03
1.010554509643933445e-02
1.416684341428936164e-02
2.312793983350610108e-02
4.333121053299552466e-02
5.608560790011158509e-02
1.363574076407101862e-02
9.999999999999999547e-07
9.999999999999999547e-07
9.999999999999999547e-07
9.999999999999999547e-07
9.999999999999999547e-07
2.389264533281830472e-02
5.721006098338705936e-02
4.126148372760471417e-02
2.236736516687214821e-02
1.429715840557471696e-02
1.046765920197526359e-02
8.256269063141039380e-03
7.695590777663612742e-03
8.261956782032014654e-03
1.046501750683783566e-02
1.429291043847885807e-02
2.236783217092324499e-02
4.126540270488052164e-02
5.720769759162976087e-02
2.388553964293676016e-02
9.999999999999999547e-07
9.999999999999999547e-07
9.999999999999999547e-07
9.999999999999999547e-07
4.101005149728247610e-03
4.735253764642944480e-02
5.545754218578290845e-02
3.580790364466251985e-02
2.121271070382899429e-02
1.533355842391050800e-02
1.214776617330537087e-02
1.046765920197525665e-02
1.010554509643931016e-02
1.046501750683782352e-02
1.215173828597959117e-02
1.532654424119127626e-02
2.120583392530597105e-02
3.580697565474479094e-02
5.546559421292614200e-02
4.737002095304496813e-02
4.105283536370731186e-03
9.999999999999999547e-07
1.363574076407099607e-02
2.389264533281831165e-02
4.735253764642944480e-02
5.780475698986166366e-02
4.537157484827757103e-02
2.912674138335046362e-02
2.084230680402109070e-02
1.757397476834175049e-02
1.533355842391051320e-02
1.429715840557471696e-02
1.416684341428935297e-02
1.429291043847886675e-02
1.532654424119127279e-02
1.758531626515707352e-02
2.084403166957412429e-02
2.911095797394033444e-02
4.537482437783865730e-02
5.783086785948498426e-02
4.737002095304496813e-02
2.388553964293676710e-02
5.608560790011163366e-02
5.721006098338708018e-02
5.545754218578293621e-02
4.537157484827757103e-02
3.249996606330047416e-02
2.442405431929235010e-02
2.152319882260249687e-02
2.084230680402110111e-02
2.121271070382900470e-02
2.236736516687214474e-02
2.312793983350611149e-02
2.236783217092325193e-02
2.120583392530598493e-02
2.084403166957413470e-02
2.152362817965271582e-02
2.442459635174123317e-02
3.250904906534067551e-02
4.537482437783867117e-02
5.546559421292615588e-02
5.720769759162978169e-02
4.333121053299555936e-02
4.126148372760476274e-02
3.580790364466254067e-02
2.912674138335046709e-02
2.442405431929234663e-02
2.285683429820390550e-02
2.442405431929234663e-02
2.912674138335046709e-02
3.580790364466254067e-02
4.126148372760476274e-02
4.333121053299555936e-02
4.126540270488058409e-02
3.580697565474479788e-02
2.911095797394034138e-02
2.442459635174124011e-02
2.286405994646633841e-02
2.442459635174124011e-02
2.911095797394034138e-02
3.580697565474479788e-02
4.126540270488058409e-02
2.312793983350611149e-02
2.236736516687214474e-02
2.121271070382900470e-02
2.084230680402110458e-02
2.152319882260249687e-02
2.442405431929235010e-02
3.249996606330047416e-02
4.537157484827757103e-02
5.545754218578293621e-02
5.721006098338708018e-02
5.608560790011163366e-02
5.720769759162978169e-02
5.546559421292615588e-02
4.537482437783867117e-02
3.250904906534067551e-02
2.442459635174123317e-02
2.152362817965271582e-02
2.084403166957413470e-02
2.120583392530598493e-02
2.236783217092325193e-02
1.416684341428935297e-02
1.429715840557471696e-02
1.533355842391051320e-02
1.757397476834175049e-02
2.084230680402109070e-02
2.912674138335046362e-02
4.537157484827757103e-02
5.780475698986166366e-02
4.735253764642944480e-02
2.389264533281831165e-02
1.363574076407099607e-02
2.388553964293676710e-02
4.737002095304496813e-02
5.783086785948498426e-02
4.537482437783865730e-02
2.911095797394033444e-02
2.084403166957412429e-02
1.758531626515707352e-02
1.532654424119127279e-02
1.429291043847886675e-02
1.010554509643930843e-02
1.046765920197525665e-02
1.214776617330537087e-02
1.533355842391050800e-02
2.121271070382899429e-02
3.580790364466251985e-02
5.545754218578290845e-02
4.735253764642944480e-02
4.101005149728247610e-03
9.999999999999999547e-07
9.999999999999999547e-07
9.999999999999999547e-07
4.105283536370731186e-03
4.737002095304496813e-02
5.546559421292614200e-02
3.580697565474479094e-02
2.120583392530597105e-02
1.532654424119127626e-02
1.215173828597959117e-02
1.046501750683782178e-02
7.695590777663612742e-03
8.256269063141039380e-03
1.046765920197526359e-02
1.429715840557471696e-02
2.236736516687214821e-02
4.126148372760471417e-02
5.721006098338705936e-02
2.389264533281830472e-02
9.999999999999999547e-07
9.999999999999999547e-07
9.999999999999999547e-07
9.999999999999999547e-07
9.999999999999999547e-07
2.388553964293676016e-02
5.720769759162976087e-02
4.126540270488052164e-02
2.236783217092324499e-02
1.429291043847885807e-02
1.046501750683783566e-02
8.261956782032014654e-03
7.695590777663621415e-03
8.261956782032012919e-03
1.046501750683783045e-02
1.429291043847886328e-02
2.236783217092325540e-02
4.126540270488052164e-02
5.720769759162976087e-02
2.388553964293675322e-02
9.999999999999999547e-07
9.999999999999999547e-07
9.999999999999999547e-07
9.999999999999999547e-07
9.999999999999999547e-07
2.389264533281831165e-02
5.721006098338705936e-02
4.126148372760470029e-02
2.236736516687214474e-02
1.429715840557471696e-02
1.046765920197526359e-02
8.256269063141042849e-03
8.261956782031997307e-03
8.852883976134671984e-03
1.080906062466635044e-02
1.428239797194440566e-02
2.156801572517695956e-02
3.913014420030375140e-02
5.734211786820316709e-02
3.321552899015698529e-02
9.999999999999999547e-07
9.999999999999999547e-07
9.999999999999999547e-07
9.999999999999999547e-07
9.999999999999999547e-07
3.321326838227431355e-02
5.734293007132146291e-02
3.913347793499407506e-02
2.155239620504485407e-02
1.429777190976325163e-02
1.081103094398364745e-02
8.842093699241420496e-03
1.046501750683781137e-02
1.080906062466634350e-02
1.236768359109968046e-02
1.518464248128067150e-02
2.033689930069655302e-02
3.367565638785852133e-02
5.375449638689566018e-02
5.194692481841595849e-02
1.381080446282155656e-02
9.999999999999999547e-07
9.999999999999999547e-07
9.999999999999999547e-07
1.381047151937202580e-02
5.194928175603481108e-02
5.374012237406104731e-02
3.367152244740800882e-02
2.035020798576938489e-02
1.518091965001881934e-02
1.237232340024729468e-02
1.080393696721466089e-02
1.429291043847885807e-02
1.428239797194440566e-02
1.518464248128066109e-02
1.717154279651626411e-02
2.014714930742829424e-02
2.763684123286511488e-02
4.307313486016788734e-02
5.693488436950868564e-02
5.196614333905603261e-02
3.321388900781752779e-02
2.389264533281831165e-02
3.321326838227429273e-02
5.194928175603484577e-02
5.692682044056768254e-02
4.308012273048919538e-02
2.765599643774044325e-02
2.014066833378945487e-02
1.717582360709930811e-02
1.517838069385480521e-02
1.428575841923735920e-02
2.236783217092325887e-02
2.156801572517697344e-02
2.033689930069657384e-02
2.014714930742829424e-02
2.090350716923261229e-02
2.363124931670568599e-02
3.098350290611742372e-02
4.308655563862927307e-02
5.376185602097401789e-02
5.734360028983399860e-02
5.721006098338708018e-02
5.734293007132148373e-02
5.374012237406106118e-02
4.308012273048918150e-02
3.100503311864561198e-02
2.363755599668659196e-02
2.088992058729553097e-02
2.013825847795771770e-02
2.035367783729038343e-02
2.156402810324515099e-02
4.126540270488058409e-02
3.913014420030379303e-02
3.367565638785853521e-02
2.763684123286512528e-02
2.363124931670569986e-02
2.237742833596614508e-02
2.364317540978498264e-02
2.763787948171804107e-02
3.367992181397960055e-02
3.914183890058994808e-02
4.126148372760475580e-02
3.913347793499410282e-02
3.367152244740805739e-02
2.765599643774043978e-02
2.363755599668658156e-02
2.238588146183324856e-02
2.363111050015909154e-02
2.764494392709541948e-02
3.366389179601915471e-02
3.914183890058996890e-02
5.720769759162978169e-02
5.734211786820320872e-02
5.375449638689568099e-02
4.307313486016788734e-02
3.098350290611742719e-02
2.364317540978497917e-02
2.089803323874718510e-02
2.014217227299623311e-02
2.033985865634422088e-02
2.156402810324515792e-02
2.236736516687214821e-02
2.155239620504485754e-02
2.035020798576939530e-02
2.014066833378945834e-02
2.088992058729554485e-02
2.363111050015909154e-02
3.100538033729686657e-02
4.308276086363344720e-02
5.374416450615666224e-02
5.734360028983401247e-02
2.388553964293675322e-02
3.321552899015699917e-02
5.194692481841597931e-02
5.693488436950871340e-02
4.308655563862924531e-02
2.763787948171804107e-02
2.014217227299624352e-02
1.717515657498489348e-02
1.518619629234277055e-02
1.428575841923735920e-02
1.429715840557472563e-02
1.429777190976324296e-02
1.518091965001881066e-02
1.717582360709930811e-02
2.013825847795773505e-02
2.764494392709541948e-02
4.308276086363344026e-02
5.693374328981638116e-02
5.194845870042196639e-02
3.321388900781753473e-02
9.999999999999999547e-07
9.999999999999999547e-07
1.381080446282155656e-02
5.196614333905601874e-02
5.376185602097400401e-02
3.367992181397957280e-02
2.033985865634422088e-02
1.518619629234276708e-02
1.237516409232610089e-02
1.080393696721466436e-02
1.046765920197524798e-02
1.081103094398365959e-02
1.237232340024729468e-02
1.517838069385480521e-02
2.035367783729037996e-02
3.366389179601913390e-02
5.374416450615664143e-02
5.194845870042195252e-02
1.381019289483380839e-02
9.999999999999999547e-07
9.999999999999999547e-07
9.999999999999999547e-07
9.999999999999999547e-07
3.321388900781753473e-02
5.734360028983399860e-02
3.914183890058992726e-02
2.156402810324514405e-02
1.428575841923735920e-02
1.080393696721467477e-02
8.842093699241434374e-03
8.256269063141034176e-03
8.842093699241427435e-03
1.080393696721467303e-02
1.428575841923736267e-02
2.156402810324514405e-02
3.914183890058992726e-02
5.734360028983399860e-02
3.321388900781754860e-02
9.999999999999999547e-07
9.999999999999999547e-07
9.999999999999999547e-07
9.999999999999999547e-07
9.999999999999999547e-07
2.389264533281831165e-02
5.721006098338705936e-02
4.126148372760470029e-02
2.236736516687214474e-02
1.429715840557471696e-02
1.046765920197526359e-02
8.256269063141042849e-03
7.695590777663621415e-03
8.261956782032012919e-03
1.046501750683783045e-02
1.429291043847886328e-02
2.236783217092325540e-02
4.126540270488052164e-02
5.720769759162976087e-02
2.388553964293675322e-02
9.999999999999999547e-07
9.999999999999999547e-07
9.999999999999999547e-07
9.999999999999999547e-07
9.999999999999999547e-07
3.321326838227431355e-02
5.734293007132146291e-02
3.913347793499407506e-02
2.155239620504485407e-02
1.429777190976325163e-02
1.081103094398364745e-02
8.842093699241420496e-03
8.261956782031997307e-03
8.852883976134671984e-03
1.080906062466635044e-02
1.428239797194440566e-02
2.156801572517695956e-02
3.913014420030375140e-02
5.734211786820316709e-02
3.321552899015698529e-02
9.999999999999999547e-07
9.999999999999999547e-07
9.999999999999999547e-07
9.999999999999999547e-07
1.381047151937202580e-02
5.194928175603481108e-02
5.374012237406104731e-02
3.367152244740800882e-02
2.035020798576938489e-02
1.518091965001881934e-02
1.237232340024729468e-02
1.080393696721466089e-02
1.046501750683781137e-02
1.080906062466634350e-02
1.236768359109968046e-02
1.518464248128067150e-02
2.033689930069655302e-02
3.367565638785852133e-02
5.375449638689566018e-02
5.194692481841595849e-02
1.381080446282155656e-02
9.999999999999999547e-07
2.389264533281831165e-02
3.321326838227429273e-02
5.194928175603484577e-02
5.692682044056768254e-02
4.308012273048919538e-02
2.765599643774044325e-02
2.014066833378945487e-02
1.717582360709930811e-02
1.517838069385480521e-02
1.428575841923735920e-02
1.429291043847885807e-02
1.428239797194440566e-02
1.518464248128066109e-02
1.717154279651626411e-02
2.014714930742829424e-02
2.763684123286511488e-02
4.307313486016788734e-02
5.693488436950868564e-02
5.196614333905603261e-02
3.321388900781752779e-02
5.721006098338708018e-02
5.734293007132148373e-02
5.374012237406106118e-02
4.308012273048918150e-02
3.100503311864561198e-02
2.363755599668659196e-02
2.088992058729553097e-02
2.013825847795771770e-02
2.035367783729038343e-02
2.156402810324515099e-02
2.236783217092325887e-02
2.156801572517697344e-02
2.033689930069657384e-02
2.014714930742829424e-02
2.090350716923261229e-02
2.363124931670568599e-02
3.098350290611742372e-02
4.308655563862927307e-02
5.376185602097401789e-02
5.734360028983399860e-02
4.126148372760475580e-02
3.913347793499410282e-02
3.367152244740805739e-02
2.765599643774043978e-02
2.363755599668658156e-02
2.238588146183324856e-02
2.363111050015909154e-02
2.764494392709541948e-02
3.366389179601915471e-02
3.914183890058996890e-02
4.126540270488058409e-02
3.913014420030379303e-02
3.367565638785853521e-02
2.763684123286512528e-02
2.363124931670569986e-02
2.237742833596614508e-02
2.364317540978498264e-02
2.763787948171804107e-02
3.367992181397960055e-02
3.914183890058994808e-02
2.236736516687214821e-02
2.155239620504485754e-02
2.035020798576939530e-02
2.014066833378945834e-02
2.088992058729554485e-02
2.363111050015909154e-02
3.100538033729686657e-02
4.308276086363344720e-02
5.374416450615666224e-02
5.734360028983401247e-02
5.720769759162978169e-02
5.734211786820320872e-02
5.375449638689568099e-02
4.307313486016788734e-02
3.098350290611742719e-02
2.364317540978497917e-02
2.089803323874718510e-02
2.014217227299623311e-02
2.033985865634422088e-02
2.156402810324515792e-02
1.429715840557472563e-02
1.429777190976324296e-02
1.518091965001881066e-02
1.717582360709930811e-02
2.013825847795773505e-02
2.764494392709541948e-02
4.308276086363344026e-02
5.693374328981638116e-02
5.194845870042196639e-02
3.321388900781753473e-02
2.388553964293675322e-02
3.321552899015699917e-02
5.194692481841597931e-02
5.693488436950871340e-02
4.308655563862924531e-02
2.763787948171804107e-02
2.014217227299624352e-02
1.717515657498489348e-02
1.518619629234277055e-02
1.428575841923735920e-02
1.046765920197524798e-02
1.081103094398365959e-02
1.237232340024729468e-02
1.517838069385480521e-02
2.035367783729037996e-02
3.366389179601913390e-02
5.374416450615664143e-02
5.194845870042195252e-02
1.381019289483380839e-02
9.999999999999999547e-07
9.999999999999999547e-07
9.999999999999999547e-07
1.381080446282155656e-02
5.196614333905601874e-02
5.376185602097400401e-02
3.367992181397957280e-02
2.033985865634422088e-02
1.518619629234276708e-02
1.237516409232610089e-02
1.080393696721466436e-02
8.256269063141034176e-03
8.842093699241427435e-03
1.080393696721467303e-02
1.428575841923736267e-02
2.156402810324514405e-02
3.914183890058992726e-02
5.734360028983399860e-02
3.321388900781754860e-02
9.999999999999999547e-07
9.999999999999999547e-07
9.999999999999999547e-07
9.999999999999999547e-07
9.999999999999999547e-07
3.321388900781753473e-02
5.734360028983399860e-02
3.914183890058992726e-02
2.156402810324514405e-02
1.428575841923735920e-02
1.080393696721467477e-02
8.842093699241434374e-03
1.010554509643931710e-02
1.046501750683783392e-02
1.215173828597959638e-02
1.532654424119126932e-02
2.120583392530597452e-02
3.580697565474477706e-02
5.546559421292614200e-02
4.737002095304496813e-02
4.105283536370731186e-03
9.999999999999999547e-07
9.999999999999999547e-07
9.999999999999999547e-07
4.101005149728247610e-03
4.735253764642942398e-02
5.545754218578290845e-02
3.580790364466251985e-02
2.121271070382898735e-02
1.533355842391050800e-02
1.214776617330537607e-02
1.046765920197526012e-02
1.046501750683782352e-02
1.080906062466634350e-02
1.236768359109968046e-02
1.518464248128066629e-02
2.033689930069655302e-02
3.367565638785853521e-02
5.375449638689567405e-02
5.194692481841597931e-02
1.381080446282156524e-02
9.999999999999999547e-07
9.999999999999999547e-07
9.999999999999999547e-07
1.381047151937201713e-02
5.194928175603481108e-02
5.374012237406106118e-02
3.367152244740801575e-02
2.035020798576937795e-02
1.518091965001881413e-02
1.237232340024729468e-02
1.080393696721465742e-02
1.215173828597959117e-02
1.236768359109968046e-02
1.352898058296146330e-02
1.554862991731707778e-02
1.905097080649981872e-02
2.877003746234252368e-02
4.713616477592921100e-02
5.770944227238439250e-02
4.101735250334001548e-02
1.381019289483378758e-02
4.101005149728244141e-03
1.381047151937199631e-02
4.102478436891911912e-02
5.768781316335842846e-02
4.713533288397152993e-02
2.875550415060131385e-02
1.906548547254968348e-02
1.556357588038999144e-02
1.351858797747627905e-02
1.237516409232609395e-02
1.532654424119126932e-02
1.518464248128066629e-02
1.554862991731707778e-02
1.689418146804320953e-02
1.878741542803944939e-02
2.401360762435305468e-02
3.633863221986478181e-02
5.163000422910579007e-02
5.768776068375840171e-02
5.194845870042196639e-02
4.735253764642942398e-02
5.194928175603484577e-02
5.768781316335842846e-02
5.162579082155362153e-02
3.633241838909953558e-02
2.402850923543188577e-02
1.878732327614483083e-02
1.688570350539233753e-02
1.555237791292217106e-02
1.518619629234276708e-02
2.120583392530598493e-02
2.033689930069657384e-02
1.905097080649982566e-02
1.878741542803945980e-02
1.941285412104758884e-02
2.139465892280237660e-02
2.667653971098983903e-02
3.632884814420189040e-02
4.713183679406893895e-02
5.374416450615665530e-02
5.545754218578296396e-02
5.374012237406107506e-02
4.713533288397155074e-02
3.633241838909952864e-02
2.670081547406466527e-02
2.139256919747351340e-02
1.941110882364514151e-02
1.879299697910694414e-02
1.905362954940929832e-02
2.033985865634422088e-02
3.580697565474481869e-02
3.367565638785856991e-02
2.877003746234254450e-02
2.401360762435305121e-02
2.139465892280239395e-02
2.069263759154122209e-02
2.138311828030979578e-02
2.400910563550661195e-02
2.876173846217079666e-02
3.366389179601916859e-02
3.580790364466255454e-02
3.367152244740805739e-02
2.875550415060131731e-02
2.402850923543187883e-02
2.139256919747351340e-02
2.067962582198791532e-02
2.137881380487492364e-02
2.403423056584138087e-02
2.876173846217080707e-02
3.367992181397960749e-02
5.546559421292616282e-02
5.375449638689568099e-02
4.713616477592923876e-02
3.633863221986479569e-02
2.667653971098983209e-02
2.138311828030978884e-02
1.942316512028258169e-02
1.879054227893766499e-02
1.905362954940930179e-02
2.035367783729039384e-02
2.121271070382900817e-02
2.035020798576939530e-02
1.906548547254969736e-02
1.878732327614484124e-02
1.941110882364514498e-02
2.137881380487490976e-02
2.667886656067592482e-02
3.633488993976411591e-02
4.713183679406891813e-02
5.376185602097403871e-02
4.737002095304496813e-02
5.194692481841597931e-02
5.770944227238441332e-02
5.163000422910577619e-02
3.632884814420187652e-02
2.400910563550661889e-02
1.879054227893766846e-02
1.689017267337786579e-02
1.555237791292216759e-02
1.517838069385480521e-02
1.533355842391051320e-02
1.518091965001880719e-02
1.556357588038998450e-02
1.688570350539233753e-02
1.879299697910695108e-02
2.403423056584138087e-02
3.633488993976409509e-02
5.163301980440895139e-02
5.768776068375840171e-02
5.196614333905601874e-02
4.105283536370731186e-03
1.381080446282155136e-02
4.101735250334000160e-02
5.768776068375841559e-02
4.713183679406893895e-02
2.876173846217079666e-02
1.905362954940928444e-02
1.555237791292217106e-02
1.351858797747628252e-02
1.237232340024728254e-02
1.214776617330537607e-02
1.237232340024729121e-02
1.351858797747628599e-02
1.555237791292218147e-02
1.905362954940928097e-02
2.876173846217079666e-02
4.713183679406891813e-02
5.768776068375841559e-02
4.101735250334000160e-02
1.381080446282155656e-02
9.999999999999999547e-07
9.999999999999999547e-07
1.381019289483380839e-02
5.194845870042195252e-02
5.374416450615662755e-02
3.366389179601914083e-02
2.035367783729037650e-02
1.517838069385480521e-02
1.237232340024729468e-02
1.081103094398365091e-02
1.046765920197524798e-02
1.080393696721466262e-02
1.237516409232609742e-02
1.518619629234277055e-02
2.033985865634421394e-02
3.367992181397955892e-02
5.376185602097401789e-02
5.196614333905599792e-02
1.381080446282156524e-02
9.999999999999999547e-07
9.999999999999999547e-07
9.999999999999999547e-07
4.101005149728247610e-03
4.735253764642942398e-02
5.545754218578290845e-02
3.580790364466251985e-02
2.121271070382898735e-02
1.533355842391050800e-02
1.214776617330537607e-02
1.046765920197526012e-02
1.010554509643931710e-02
1.046501750683783392e-02
1.215173828597959638e-02
1.532654424119126932e-02
2.120583392530597452e-02
3.580697565474477706e-02
5.546559421292614200e-02
4.737002095304496813e-02
4.105283536370731186e-03
9.999999999999999547e-07
9.999999999999999547e-07
9.999999999999999547e-07
1.381047151937201713e-02
5.194928175603481108e-02
5.374012237406106118e-02
3.367152244740801575e-02
2.035020798576937795e-02
1.518091965001881413e-02
1.237232340024729468e-02
1.080393696721465742e-02
1.046501750683782352e-02
1.080906062466634350e-02
1.236768359109968046e-02
1.518464248128066629e-02
2.033689930069655302e-02
3.367565638785853521e-02
5.375449638689567405e-02
5.194692481841597931e-02
1.381080446282156524e-02
9.999999999999999547e-07
4.101005149728244141e-03
1.381047151937199631e-02
4.102478436891911912e-02
5.768781316335842846e-02
4.713533288397152993e-02
2.875550415060131385e-02
1.906548547254968348e-02
1.556357588038999144e-02
1.351858797747627905e-02
1.237516409232609395e-02
1.215173828597959117e-02
1.236768359109968046e-02
1.352898058296146330e-02
1.554862991731707778e-02
1.905097080649981872e-02
2.877003746234252368e-02
4.713616477592921100e-02
5.770944227238439250e-02
4.101735250334001548e-02
1.381019289483378758e-02
4.735253764642942398e-02
5.194928175603484577e-02
5.768781316335842846e-02
5.162579082155362153e-02
3.633241838909953558e-02
2.402850923543188577e-02
1.878732327614483083e-02
1.688570350539233753e-02
1.555237791292217106e-02
1.518619629234276708e-02
1.532654424119126932e-02
1.518464248128066629e-02
1.554862991731707778e-02
1.689418146804320953e-02
1.878741542803944939e-02
2.401360762435305468e-02
3.633863221986478181e-02
5.163000422910579007e-02
5.768776068375840171e-02
5.194845870042196639e-02
5.545754218578296396e-02
5.374012237406107506e-02
4.713533288397155074e-02
3.633241838909952864e-02
2.670081547406466527e-02
2.139256919747351340e-02
1.941110882364514151e-02
1.879299697910694414e-02
1.905362954940929832e-02
2.033985865634422088e-02
2.120583392530598493e-02
2.033689930069657384e-02
1.905097080649982566e-02
1.878741542803945980e-02
1.941285412104758884e-02
2.139465892280237660e-02
2.667653971098983903e-02
3.632884814420189040e-02
4.713183679406893895e-02
5.374416450615665530e-02
3.580790364466255454e-02
3.367152244740805739e-02
2.875550415060131731e-02
2.402850923543187883e-02
2.139256919747351340e-02
2.067962582198791532e-02
2.137881380487492364e-02
2.403423056584138087e-02
2.876173846217080707e-02
3.367992181397960749e-02
3.580697565474481869e-02
3.367565638785856991e-02
2.877003746234254450e-02
2.401360762435305121e-02
2.139465892280239395e-02
2.069263759154122209e-02
2.138311828030979578e-02
2.400910563550661195e-02
2.876173846217079666e-02
3.366389179601916859e-02
2.121271070382900817e-02
2.035020798576939530e-02
1.906548547254969736e-02
1.878732327614484124e-02
1.941110882364514498e-02
2.137881380487490976e-02
2.667886656067592482e-02
3.633488993976411591e-02
4.713183679406891813e-02
5.376185602097403871e-02
5.546559421292616282e-02
5.375449638689568099e-02
4.713616477592923876e-02
3.633863221986479569e-02
2.667653971098983209e-02
2.138311828030978884e-02
1.942316512028258169e-02
1.879054227893766499e-02
1.905362954940930179e-02
2.035367783729039384e-02
1.533355842391051320e-02
1.518091965001880719e-02
1.556357588038998450e-02
1.688570350539233753e-02
1.879299697910695108e-02
2.403423056584138087e-02
3.633488993976409509e-02
5.163301980440895139e-02
5.768776068375840171e-02
5.196614333905601874e-02
4.737002095304496813e-02
5.194692481841597931e-02
5.770944227238441332e-02
5.163000422910577619e-02
3.632884814420187652e-02
2.400910563550661889e-02
1.879054227893766846e-02
1.689017267337786579e-02
1.555237791292216759e-02
1.517838069385480521e-02
1.214776617330537607e-02
1.237232340024729121e-02
1.351858797747628599e-02
1.555237791292218147e-02
1.905362954940928097e-02
2.876173846217079666e-02
4.713183679406891813e-02
5.768776068375841559e-02
4.101735250334000160e-02
1.381080446282155656e-02
4.105283536370731186e-03
1.381080446282155136e-02
4.101735250334000160e-02
5.768776068375841559e-02
4.713183679406893895e-02
2.876173846217079666e-02
1.905362954940928444e-02
1.555237791292217106e-02
1.351858797747628252e-02
1.237232340024728254e-02
1.046765920197524798e-02
1.080393696721466262e-02
1.237516409232609742e-02
1.518619629234277055e-02
2.033985865634421394e-02
3.367992181397955892e-02
5.376185602097401789e-02
5.196614333905599792e-02
1.381080446282156524e-02
9.999999999999999547e-07
9.999999999999999547e-07
9.999999999999999547e-07
1.381019289483380839e-02
5.194845870042195252e-02
5.374416450615662755e-02
3.366389179601914083e-02
2.035367783729037650e-02
1.517838069385480521e-02
1.237232340024729468e-02
1.081103094398365091e-02
1.416684341428936164e-02
1.429291043847887022e-02
1.532654424119126411e-02
1.758531626515707352e-02
2.084403166957412082e-02
2.911095797394033097e-02
4.537482437783865730e-02
5.783086785948498426e-02
4.737002095304496813e-02
2.388553964293675322e-02
1.363574076407100127e-02
2.389264533281831165e-02
4.735253764642942398e-02
5.780475698986168448e-02
4.537157484827755022e-02
2.912674138335044627e-02
2.084230680402109764e-02
1.757397476834176089e-02
1.533355842391050453e-02
1.429715840557471349e-02
1.429291043847886675e-02
1.428239797194440566e-02
1.518464248128066629e-02
1.717154279651626064e-02
2.014714930742829771e-02
2.763684123286512528e-02
4.307313486016789428e-02
5.693488436950868564e-02
5.196614333905601874e-02
3.321388900781753473e-02
2.389264533281831165e-02
3.321326838227430661e-02
5.194928175603483189e-02
5.692682044056766866e-02
4.308012273048918150e-02
2.765599643774041549e-02
2.014066833378945487e-02
1.717582360709931852e-02
1.517838069385480521e-02
1.428575841923735400e-02
1.532654424119127279e-02
1.518464248128066109e-02
1.554862991731707431e-02
1.689418146804320953e-02
1.878741542803944592e-02
2.401360762435305121e-02
3.633863221986478181e-02
5.163000422910579007e-02
5.768776068375840171e-02
5.194845870042196639e-02
4.735253764642941010e-02
5.194928175603483189e-02
5.768781316335844234e-02
5.162579082155362153e-02
3.633241838909953558e-02
2.402850923543187189e-02
1.878732327614483083e-02
1.688570350539234446e-02
1.555237791292217106e-02
1.518619629234276708e-02
1.758531626515707699e-02
1.717154279651626758e-02
1.689418146804320953e-02
1.733202948717989592e-02
1.800034688610401348e-02
2.046380445499601172e-02
2.762608547512196769e-02
3.990004653354940062e-02
5.163301980440900690e-02
5.693374328981636728e-02
5.780475698986170530e-02
5.692682044056766866e-02
5.162579082155362153e-02
3.990931609464140606e-02
2.763487949068637109e-02
2.047205200371886649e-02
1.801061527119056024e-02
1.732947013095625585e-02
1.689017267337786926e-02
1.717515657498488307e-02
2.084403166957414510e-02
2.014714930742831159e-02
1.878741542803944939e-02
1.800034688610401348e-02
1.797842068018644726e-02
1.863087612539622573e-02
2.133430144254455998e-02
2.762512836178866726e-02
3.633488993976411591e-02
4.308276086363344720e-02
4.537157484827757103e-02
4.308012273048920926e-02
3.633241838909954946e-02
2.763487949068638150e-02
2.135503734363835768e-02
1.863081850270808734e-02
1.794950970192257800e-02
1.801557494650794788e-02
1.879054227893768234e-02
2.014217227299623311e-02
2.911095797394035525e-02
2.763684123286514957e-02
2.401360762435306162e-02
2.046380445499599784e-02
1.863087612539622920e-02
1.817443187729809312e-02
1.862366661250441230e-02
2.047189428568543107e-02
2.403423056584138434e-02
2.764494392709542295e-02
2.912674138335048096e-02
2.765599643774045019e-02
2.402850923543188924e-02
2.047205200371887343e-02
1.863081850270808734e-02
1.817548238727226956e-02
1.862629374013301253e-02
2.047189428568542066e-02
2.400910563550663623e-02
2.763787948171806882e-02
4.537482437783868505e-02
4.307313486016790816e-02
3.633863221986480263e-02
2.762608547512196769e-02
2.133430144254456345e-02
1.862366661250440883e-02
1.795654382944354005e-02
1.801557494650795829e-02
1.879299697910695108e-02
2.013825847795771770e-02
2.084230680402112540e-02
2.014066833378945834e-02
1.878732327614484471e-02
1.801061527119057759e-02
1.794950970192258494e-02
1.862629374013299519e-02
2.135066492272692448e-02
2.762512836178866726e-02
3.632884814420189734e-02
4.308655563862927307e-02
5.783086785948499814e-02
5.693488436950870646e-02
5.163000422910577619e-02
3.990004653354941450e-02
2.762512836178866379e-02
2.047189428568543801e-02
1.801557494650794441e-02
1.732947013095625585e-02
1.688570350539232712e-02
1.717582360709929770e-02
1.757397476834176783e-02
1.717582360709931852e-02
1.688570350539233753e-02
1.732947013095625585e-02
1.801557494650794095e-02
2.047189428568543107e-02
2.762512836178866032e-02
3.990004653354940062e-02
5.163000422910577619e-02
5.693488436950871340e-02
4.737002095304498200e-02
5.196614333905601874e-02
5.768776068375840171e-02
5.163301980440897915e-02
3.633488993976409509e-02
2.403423056584138087e-02
1.879299697910694067e-02
1.688570350539233059e-02
1.556357588038998450e-02
1.518091965001881066e-02
1.533355842391050453e-02
1.517838069385480868e-02
1.555237791292216239e-02
1.689017267337786579e-02
1.879054227893766499e-02
2.400910563550662236e-02
3.632884814420189040e-02
5.163000422910577619e-02
5.770944227238441332e-02
5.194692481841595849e-02
2.388553964293673934e-02
3.321388900781753473e-02
5.194845870042196639e-02
5.693374328981638116e-02
4.308276086363342638e-02
2.764494392709540907e-02
2.013825847795772117e-02
1.717582360709929770e-02
1.518091965001881413e-02
1.429777190976324643e-02
1.429715840557471349e-02
1.428575841923735400e-02
1.518619629234277055e-02
1.717515657498489001e-02
2.014217227299622964e-02
2.763787948171804107e-02
4.308655563862924531e-02
5.693488436950872728e-02
5.194692481841597931e-02
3.321552899015699917e-02
1.363574076407100127e-02
2.389264533281831165e-02
4.735253764642942398e-02
5.780475698986168448e-02
4.537157484827755022e-02
2.912674138335044627e-02
2.084230680402109764e-02
1.757397476834176089e-02
1.533355842391050453e-02
1.429715840557471349e-02
1.416684341428936164e-02
1.429291043847887022e-02
1.532654424119126411e-02
1.758531626515707352e-02
2.084403166957412082e-02
2.911095797394033097e-02
4.537482437783865730e-02
5.783086785948498426e-02
4.737002095304496813e-02
2.388553964293675322e-02
2.389264533281831165e-02
3.321326838227430661e-02
5.194928175603483189e-02
5.692682044056766866e-02
4.308012273048918150e-02
2.765599643774041549e-02
2.014066833378945487e-02
1.717582360709931852e-02
1.517838069385480521e-02
1.428575841923735400e-02
1.429291043847886675e-02
1.428239797194440566e-02
1.518464248128066629e-02
1.717154279651626064e-02
2.014714930742829771e-02
2.763684123286512528e-02
4.307313486016789428e-02
5.693488436950868564e-02
5.196614333905601874e-02
3.321388900781753473e-02
4.735253764642941010e-02
5.194928175603483189e-02
5.768781316335844234e-02
5.162579082155362153e-02
3.633241838909953558e-02
2.402850923543187189e-02
1.878732327614483083e-02
1.688570350539234446e-02
1.555237791292217106e-02
1.518619629234276708e-02
1.532654424119127279e-02
1.518464248128066109e-02
1.554862991731707431e-02
1.689418146804320953e-02
1.878741542803944592e-02
2.401360762435305121e-02
3.633863221986478181e-02
5.163000422910579007e-02
5.768776068375840171e-02
5.194845870042196639e-02
5.780475698986170530e-02
5.692682044056766866e-02
5.162579082155362153e-02
3.990931609464140606e-02
2.763487949068637109e-02
2.047205200371886649e-02
1.801061527119056024e-02
1.732947013095625585e-02
1.689017267337786926e-02
1.717515657498488307e-02
1.758531626515707699e-02
1.717154279651626758e-02
1.689418146804320953e-02
1.733202948717989592e-02
1.800034688610401348e-02
2.046380445499601172e-02
2.762608547512196769e-02
3.990004653354940062e-02
5.163301980440900690e-02
5.693374328981636728e-02
4.537157484827757103e-02
4.308012273048920926e-02
3.633241838909954946e-02
2.763487949068638150e-02
2.135503734363835768e-02
1.863081850270808734e-02
1.794950970192257800e-02
1.801557494650794788e-02
1.879054227893768234e-02
2.014217227299623311e-02
2.084403166957414510e-02
2.014714930742831159e-02
1.878741542803944939e-02
1.800034688610401348e-02
1.797842068018644726e-02
1.863087612539622573e-02
2.133430144254455998e-02
2.762512836178866726e-02
3.633488993976411591e-02
4.308276086363344720e-02
2.912674138335048096e-02
2.765599643774045019e-02
2.402850923543188924e-02
2.047205200371887343e-02
1.863081850270808734e-02
1.817548238727226956e-02
1.862629374013301253e-02
2.047189428568542066e-02
2.400910563550663623e-02
2.763787948171806882e-02
2.911095797394035525e-02
2.763684123286514957e-02
2.401360762435306162e-02
2.046380445499599784e-02
1.863087612539622920e-02
1.817443187729809312e-02
1.862366661250441230e-02
2.047189428568543107e-02
2.403423056584138434e-02
2.764494392709542295e-02
2.084230680402112540e-02
2.014066833378945834e-02
1.878732327614484471e-02
1.801061527119057759e-02
1.794950970192258494e-02
1.862629374013299519e-02
2.135066492272692448e-02
2.762512836178866726e-02
3.632884814420189734e-02
4.308655563862927307e-02
4.537482437783868505e-02
4.307313486016790816e-02
3.633863221986480263e-02
2.762608547512196769e-02
2.133430144254456345e-02
1.862366661250440883e-02
1.795654382944354005e-02
1.801557494650795829e-02
1.879299697910695108e-02
2.013825847795771770e-02
1.757397476834176783e-02
1.717582360709931852e-02
1.688570350539233753e-02
1.732947013095625585e-02
1.801557494650794095e-02
2.047189428568543107e-02
2.762512836178866032e-02
3.990004653354940062e-02
5.163000422910577619e-02
5.693488436950871340e-02
5.783086785948499814e-02
5.693488436950870646e-02
5.163000422910577619e-02
3.990004653354941450e-02
2.762512836178866379e-02
2.047189428568543801e-02
1.801557494650794441e-02
1.732947013095625585e-02
1.688570350539232712e-02
1.717582360709929770e-02
1.533355842391050453e-02
1.517838069385480868e-02
1.555237791292216239e-02
1.689017267337786579e-02
1.879054227893766499e-02
2.400910563550662236e-02
3.632884814420189040e-02
5.163000422910577619e-02
5.770944227238441332e-02
5.194692481841595849e-02
4.737002095304498200e-02
5.196614333905601874e-02
5.768776068375840171e-02
5.163301980440897915e-02
3.633488993976409509e-02
2.403423056584138087e-02
1.879299697910694067e-02
1.688570350539233059e-02
1.556357588038998450e-02
1.518091965001881066e-02
1.429715840557471349e-02
1.428575841923735400e-02
1.518619629234277055e-02
1.717515657498489001e-02
2.014217227299622964e-02
2.763787948171804107e-02
4.308655563862924531e-02
5.693488436950872728e-02
5.194692481841597931e-02
3.321552899015699917e-02
2.388553964293673934e-02
3.321388900781753473e-02
5.194845870042196639e-02
5.693374328981638116e-02
4.308276086363342638e-02
2.764494392709540907e-02
2.013825847795772117e-02
1.717582360709929770e-02
1.518091965001881413e-02
1.429777190976324643e-02
2.312793983350610802e-02
2.236783217092324499e-02
2.120583392530598493e-02
2.084403166957412776e-02
2.152362817965271929e-02
2.442459635174124011e-02
3.250904906534067551e-02
4.537482437783867117e-02
5.546559421292614200e-02
5.720769759162978169e-02
5.608560790011163366e-02
5.721006098338708018e-02
5.545754218578292233e-02
4.537157484827757103e-02
3.249996606330045334e-02
2.442405431929233275e-02
2.152319882260248299e-02
2.084230680402111152e-02
2.121271070382900470e-02
2.236736516687214474e-02
2.236783217092325887e-02
2.156801572517697344e-02
2.033689930069657384e-02
2.014714930742830118e-02
2.090350716923261576e-02
2.363124931670569639e-02
3.098350290611742719e-02
4.308655563862925919e-02
5.376185602097401789e-02
5.734360028983399860e-02
5.721006098338708018e-02
5.734293007132149761e-02
5.374012237406104731e-02
4.308012273048919538e-02
3.100503311864559117e-02
2.363755599668659196e-02
2.088992058729553791e-02
2.013825847795770729e-02
2.035367783729039384e-02
2.156402810324515446e-02
2.120583392530598146e-02
2.033689930069657384e-02
1.905097080649981525e-02
1.878741542803946327e-02
1.941285412104758884e-02
2.139465892280238701e-02
2.667653971098983556e-02
3.632884814420189040e-02
4.713183679406893895e-02
5.374416450615664143e-02
5.545754218578295008e-02
5.374012237406107506e-02
4.713533288397154380e-02
3.633241838909951477e-02
2.670081547406465139e-02
2.139256919747349953e-02
1.941110882364514498e-02
1.879299697910694067e-02
1.905362954940929485e-02
2.033985865634421047e-02
2.084403166957413817e-02
2.014714930742831506e-02
1.878741542803946327e-02
1.800034688610401348e-02
1.797842068018644379e-02
1.863087612539621532e-02
2.133430144254454958e-02
2.762512836178866726e-02
3.633488993976412978e-02
4.308276086363344026e-02
4.537157484827757103e-02
4.308012273048920926e-02
3.633241838909952864e-02
2.763487949068637456e-02
2.135503734363835074e-02
1.863081850270808734e-02
1.794950970192258494e-02
1.801557494650796176e-02
1.879054227893767540e-02
2.014217227299623311e-02
2.152362817965273317e-02
2.090350716923263658e-02
1.941285412104759925e-02
1.797842068018644032e-02
1.697934906507279906e-02
1.678604820778840587e-02
1.784481630092756357e-02
2.135066492272692795e-02
2.667886656067594911e-02
3.100538033729689086e-02
3.249996606330047416e-02
3.100503311864560158e-02
2.670081547406466874e-02
2.135503734363835074e-02
1.783931867082818451e-02
1.677777739126704026e-02
1.700417249229893221e-02
1.795654382944354699e-02
1.942316512028258516e-02
2.089803323874719204e-02
2.442459635174126092e-02
2.363124931670569986e-02
2.139465892280241130e-02
1.863087612539622920e-02
1.678604820778840587e-02
1.634517413667812419e-02
1.680364063646438630e-02
1.862629374013300559e-02
2.137881380487492017e-02
2.363111050015910194e-02
2.442405431929236398e-02
2.363755599668660237e-02
2.139256919747352034e-02
1.863081850270809775e-02
1.677777739126703332e-02
1.632627371186714041e-02
1.680364063646440365e-02
1.862366661250441577e-02
2.138311828030980619e-02
2.364317540978498958e-02
3.250904906534068939e-02
3.098350290611743413e-02
2.667653971098983903e-02
2.133430144254456345e-02
1.784481630092756704e-02
1.680364063646440018e-02
1.700417249229893221e-02
1.794950970192258494e-02
1.941110882364515192e-02
2.088992058729554138e-02
2.152319882260250034e-02
2.088992058729554832e-02
1.941110882364514498e-02
1.794950970192258494e-02
1.700417249229892874e-02
1.680364063646440365e-02
1.784481630092756704e-02
2.133430144254456345e-02
2.667653971098984944e-02
3.098350290611743413e-02
4.537482437783868505e-02
4.308655563862925919e-02
3.632884814420189040e-02
2.762512836178866726e-02
2.135066492272692795e-02
1.862629374013300212e-02
1.794950970192258841e-02
1.801061527119057759e-02
1.878732327614484818e-02
2.014066833378946181e-02
2.084230680402112887e-02
2.013825847795772464e-02
1.879299697910695455e-02
1.801557494650795482e-02
1.795654382944354005e-02
1.862366661250440536e-02
2.133430144254455998e-02
2.762608547512196769e-02
3.633863221986479569e-02
4.307313486016790816e-02
5.546559421292615588e-02
5.376185602097401789e-02
4.713183679406891813e-02
3.633488993976410897e-02
2.667886656067593870e-02
2.137881380487490629e-02
1.941110882364516232e-02
1.878732327614483430e-02
1.906548547254968695e-02
2.035020798576940224e-02
2.121271070382901511e-02
2.035367783729039384e-02
1.905362954940929832e-02
1.879054227893766499e-02
1.942316512028257822e-02
2.138311828030978884e-02
2.667653971098983209e-02
3.633863221986478181e-02
4.713616477592923876e-02
5.375449638689570875e-02
5.720769759162978169e-02
5.734360028983399860e-02
5.374416450615666224e-02
4.308276086363344026e-02
3.100538033729686310e-02
2.363111050015909154e-02
2.088992058729554138e-02
2.014066833378944793e-02
2.035020798576940224e-02
2.155239620504486101e-02
2.236736516687215515e-02
2.156402810324515446e-02
2.033985865634421394e-02
2.014217227299622964e-02
2.089803323874717816e-02
2.364317540978497917e-02
3.098350290611742719e-02
4.307313486016789428e-02
5.375449638689569487e-02
5.734211786820319484e-02
5.608560790011163366e-02
5.721006098338708018e-02
5.545754218578292233e-02
4.537157484827757103e-02
3.249996606330045334e-02
2.442405431929233275e-02
2.152319882260248299e-02
2.084230680402111152e-02
2.121271070382900470e-02
2.236736516687214474e-02
2.312793983350610802e-02
2.236783217092324499e-02
2.120583392530598493e-02
2.084403166957412776e-02
2.152362817965271929e-02
2.442459635174124011e-02
3.250904906534067551e-02
4.537482437783867117e-02
5.546559421292614200e-02
5.720769759162978169e-02
5.721006098338708018e-02
5.734293007132149761e-02
5.374012237406104731e-02
4.308012273048919538e-02
3.100503311864559117e-02
2.363755599668659196e-02
2.088992058729553791e-02
2.013825847795770729e-02
2.035367783729039384e-02
2.156402810324515446e-02
2.236783217092325887e-02
2.156801572517697344e-02
2.033689930069657384e-02
2.014714930742830118e-02
2.090350716923261576e-02
2.363124931670569639e-02
3.098350290611742719e-02
4.308655563862925919e-02
5.376185602097401789e-02
5.734360028983399860e-02
5.545754218578295008e-02
5.374012237406107506e-02
4.713533288397154380e-02
3.633241838909951477e-02
2.670081547406465139e-02
2.139256919747349953e-02
1.941110882364514498e-02
1.879299697910694067e-02
1.905362954940929485e-02
2.033985865634421047e-02
2.120583392530598146e-02
2.033689930069657384e-02
1.905097080649981525e-02
1.878741542803946327e-02
1.941285412104758884e-02
2.139465892280238701e-02
2.667653971098983556e-02
3.632884814420189040e-02
4.713183679406893895e-02
5.374416450615664143e-02
4.537157484827757103e-02
4.308012273048920926e-02
3.633241838909952864e-02
2.763487949068637456e-02
2.135503734363835074e-02
1.863081850270808734e-02
1.794950970192258494e-02
1.801557494650796176e-02
1.879054227893767540e-02
2.014217227299623311e-02
2.084403166957413817e-02
2.014714930742831506e-02
1.878741542803946327e-02
1.800034688610401348e-02
1.797842068018644379e-02
1.863087612539621532e-02
2.133430144254454958e-02
2.762512836178866726e-02
3.633488993976412978e-02
4.308276086363344026e-02
3.249996606330047416e-02
3.100503311864560158e-02
2.670081547406466874e-02
2.135503734363835074e-02
1.783931867082818451e-02
1.677777739126704026e-02
1.700417249229893221e-02
1.795654382944354699e-02
1.942316512028258516e-02
2.089803323874719204e-02
2.152362817965273317e-02
2.090350716923263658e-02
1.941285412104759925e-02
1.797842068018644032e-02
1.697934906507279906e-02
1.678604820778840587e-02
1.784481630092756357e-02
2.135066492272692795e-02
2.667886656067594911e-02
3.100538033729689086e-02
2.442405431929236398e-02
2.363755599668660237e-02
2.139256919747352034e-02
1.863081850270809775e-02
1.677777739126703332e-02
1.632627371186714041e-02
1.680364063646440365e-02
1.862366661250441577e-02
2.138311828030980619e-02
2.364317540978498958e-02
2.442459635174126092e-02
2.363124931670569986e-02
2.139465892280241130e-02
1.863087612539622920e-02
1.678604820778840587e-02
1.634517413667812419e-02
1.680364063646438630e-02
1.862629374013300559e-02
2.137881380487492017e-02
2.363111050015910194e-02
2.152319882260250034e-02
2.088992058729554832e-02
1.941110882364514498e-02
1.794950970192258494e-02
1.700417249229892874e-02
1.680364063646440365e-02
1.784481630092756704e-02
2.133430144254456345e-02
2.667653971098984944e-02
3.098350290611743413e-02
3.250904906534068939e-02
3.098350290611743413e-02
2.667653971098983903e-02
2.133430144254456345e-02
1.784481630092756704e-02
1.680364063646440018e-02
1.700417249229893221e-02
1.794950970192258494e-02
1.941110882364515192e-02
2.088992058729554138e-02
2.084230680402112887e-02
2.013825847795772464e-02
1.879299697910695455e-02
1.801557494650795482e-02
1.795654382944354005e-02
1.862366661250440536e-02
2.133430144254455998e-02
2.762608547512196769e-02
3.633863221986479569e-02
4.307313486016790816e-02
4.537482437783868505e-02
4.308655563862925919e-02
3.632884814420189040e-02
2.762512836178866726e-02
2.135066492272692795e-02
1.862629374013300212e-02
1.794950970192258841e-02
1.801061527119057759e-02
1.878732327614484818e-02
2.014066833378946181e-02
2.121271070382901511e-02
2.035367783729039384e-02
1.905362954940929832e-02
1.879054227893766499e-02
1.942316512028257822e-02
2.138311828030978884e-02
2.667653971098983209e-02
3.633863221986478181e-02
4.713616477592923876e-02
5.375449638689570875e-02
5.546559421292615588e-02
5.376185602097401789e-02
4.713183679406891813e-02
3.633488993976410897e-02
2.667886656067593870e-02
2.137881380487490629e-02
1.941110882364516232e-02
1.878732327614483430e-02
1.906548547254968695e-02
2.035020798576940224e-02
2.236736516687215515e-02
2.156402810324515446e-02
2.033985865634421394e-02
2.014217227299622964e-02
2.089803323874717816e-02
2.364317540978497917e-02
3.098350290611742719e-02
4.307313486016789428e-02
5.375449638689569487e-02
5.734211786820319484e-02
5.720769759162978169e-02
5.734360028983399860e-02
5.374416450615666224e-02
4.308276086363344026e-02
3.100538033729686310e-02
2.363111050015909154e-02
2.088992058729554138e-02
2.014066833378944793e-02
2.035020798576940224e-02
2.155239620504486101e-02
4.333121053299555936e-02
4.126540270488057716e-02
3.580697565474481175e-02
2.911095797394033444e-02
2.442459635174124705e-02
2.286405994646633147e-02
2.442459635174124705e-02
2.911095797394033444e-02
3.580697565474481175e-02
4.126540270488057716e-02
4.333121053299555936e-02
4.126148372760475580e-02
3.580790364466255454e-02
2.912674138335045668e-02
2.442405431929234663e-02
2.285683429820392631e-02
2.442405431929234663e-02
2.912674138335045668e-02
3.580790364466255454e-02
4.126148372760475580e-02
4.126540270488058409e-02
3.913014420030377916e-02
3.367565638785854215e-02
2.763684123286513222e-02
2.363124931670569986e-02
2.237742833596614855e-02
2.364317540978497917e-02
2.763787948171803760e-02
3.367992181397960055e-02
3.914183890058994808e-02
4.126148372760472804e-02
3.913347793499410282e-02
3.367152244740805739e-02
2.765599643774043631e-02
2.363755599668658502e-02
2.238588146183324856e-02
2.363111050015910194e-02
2.764494392709540907e-02
3.366389179601914777e-02
3.914183890058996890e-02
3.580697565474481869e-02
3.367565638785856297e-02
2.877003746234254797e-02
2.401360762435305121e-02
2.139465892280240783e-02
2.069263759154121862e-02
2.138311828030979925e-02
2.400910563550661889e-02
2.876173846217080707e-02
3.366389179601917553e-02
3.580790364466255454e-02
3.367152244740805739e-02
2.875550415060132772e-02
2.402850923543187883e-02
2.139256919747352034e-02
2.067962582198791532e-02
2.137881380487490976e-02
2.403423056584138087e-02
2.876173846217080013e-02
3.367992181397959361e-02
2.911095797394035525e-02
2.763684123286515304e-02
2.401360762435305468e-02
2.046380445499599784e-02
1.863087612539622573e-02
1.817443187729808271e-02
1.862366661250440536e-02
2.047189428568543107e-02
2.403423056584139128e-02
2.764494392709543336e-02
2.912674138335048096e-02
2.765599643774045366e-02
2.402850923543188924e-02
2.047205200371886649e-02
1.863081850270808387e-02
1.817548238727226956e-02
1.862629374013300559e-02
2.047189428568543107e-02
2.400910563550662236e-02
2.763787948171805842e-02
2.442459635174126439e-02
2.363124931670571027e-02
2.139465892280241130e-02
1.863087612539621879e-02
1.678604820778839893e-02
1.634517413667813113e-02
1.680364063646439324e-02
1.862629374013300212e-02
2.137881380487492017e-02
2.363111050015909501e-02
2.442405431929237439e-02
2.363755599668659196e-02
2.139256919747352381e-02
1.863081850270809775e-02
1.677777739126703679e-02
1.632627371186714041e-02
1.680364063646440018e-02
1.862366661250442618e-02
2.138311828030980619e-02
2.364317540978499305e-02
2.286405994646632800e-02
2.237742833596616243e-02
2.069263759154124291e-02
1.817443187729809312e-02
1.634517413667812419e-02
1.590071625937947500e-02
1.632627371186714041e-02
1.817548238727227650e-02
2.067962582198792920e-02
2.238588146183328326e-02
2.285683429820392631e-02
2.238588146183328326e-02
2.067962582198792920e-02
1.817548238727227650e-02
1.632627371186714041e-02
1.590071625937947500e-02
1.634517413667812419e-02
1.817443187729809312e-02
2.069263759154124291e-02
2.237742833596616243e-02
2.442459635174126439e-02
2.364317540978499305e-02
2.138311828030980619e-02
1.862366661250442618e-02
1.680364063646440018e-02
1.632627371186714041e-02
1.677777739126703679e-02
1.863081850270809775e-02
2.139256919747352381e-02
2.363755599668659196e-02
2.442405431929237439e-02
2.363111050015909501e-02
2.137881380487492364e-02
1.862629374013300212e-02
1.680364063646439324e-02
1.634517413667813113e-02
1.678604820778839893e-02
1.863087612539621879e-02
2.139465892280241130e-02
2.363124931670571027e-02
2.911095797394035525e-02
2.763787948171805842e-02
2.400910563550662583e-02
2.047189428568543107e-02
1.862629374013301253e-02
1.817548238727226956e-02
1.863081850270808387e-02
2.047205200371886649e-02
2.402850923543188924e-02
2.765599643774045366e-02
2.912674138335048096e-02
2.764494392709543336e-02
2.403423056584139128e-02
2.047189428568543107e-02
1.862366661250440536e-02
1.817443187729808271e-02
1.863087612539622573e-02
2.046380445499599784e-02
2.401360762435305468e-02
2.763684123286515304e-02
3.580697565474481869e-02
3.367992181397959361e-02
2.876173846217080013e-02
2.403423056584138087e-02
2.137881380487490976e-02
2.067962582198791532e-02
2.139256919747352034e-02
2.402850923543187883e-02
2.875550415060132772e-02
3.367152244740805739e-02
3.580790364466255454e-02
3.366389179601917553e-02
2.876173846217080707e-02
2.400910563550661889e-02
2.138311828030979925e-02
2.069263759154122209e-02
2.139465892280240783e-02
2.401360762435305121e-02
2.877003746234254797e-02
3.367565638785856297e-02
4.126540270488058409e-02
3.914183890058996890e-02
3.366389179601914777e-02
2.764494392709540907e-02
2.363111050015910194e-02
2.238588146183324856e-02
2.363755599668658502e-02
2.765599643774043631e-02
3.367152244740805739e-02
3.913347793499410282e-02
4.126148372760472804e-02
3.914183890058994808e-02
3.367992181397960055e-02
2.763787948171803760e-02
2.364317540978497917e-02
2.237742833596614855e-02
2.363124931670569986e-02
2.763684123286513222e-02
3.367565638785854215e-02
3.913014420030377916e-02
4.333121053299555936e-02
4.126148372760475580e-02
3.580790364466255454e-02
2.912674138335045668e-02
2.442405431929234663e-02
2.285683429820392631e-02
2.442405431929234663e-02
2.912674138335045668e-02
3.580790364466255454e-02
4.126148372760475580e-02
4.333121053299555936e-02
4.126540270488057716e-02
3.580697565474481175e-02
2.911095797394033444e-02
2.442459635174124705e-02
2.286405994646633147e-02
2.442459635174124705e-02
2.911095797394033444e-02
3.580697565474481175e-02
4.126540270488057716e-02
4.126148372760472804e-02
3.913347793499410282e-02
3.367152244740805739e-02
2.765599643774043631e-02
2.363755599668658502e-02
2.238588146183324856e-02
2.363111050015910194e-02
2.764494392709540907e-02
3.366389179601914777e-02
3.914183890058996890e-02
4.126540270488058409e-02
3.913014420030377916e-02
3.367565638785854215e-02
2.763684123286513222e-02
2.363124931670569986e-02
2.237742833596614855e-02
2.364317540978497917e-02
2.763787948171803760e-02
3.367992181397960055e-02
3.914183890058994808e-02
3.580790364466255454e-02
3.367152244740805739e-02
2.875550415060132772e-02
2.402850923543187883e-02
2.139256919747352034e-02
2.067962582198791532e-02
2.137881380487490976e-02
2.403423056584138087e-02
2.876173846217080013e-02
3.367992181397959361e-02
3.580697565474481869e-02
3.367565638785856297e-02
2.877003746234254797e-02
2.401360762435305121e-02
2.139465892280240783e-02
2.069263759154121862e-02
2.138311828030979925e-02
2.400910563550661889e-02
2.876173846217080707e-02
3.366389179601917553e-02
2.912674138335048096e-02
2.765599643774045366e-02
2.402850923543188924e-02
2.047205200371886649e-02
1.863081850270808387e-02
1.817548238727226956e-02
1.862629374013300559e-02
2.047189428568543107e-02
2.400910563550662236e-02
2.763787948171805842e-02
2.911095797394035525e-02
2.763684123286515304e-02
2.401360762435305468e-02
2.046380445499599784e-02
1.863087612539622573e-02
1.817443187729808271e-02
1.862366661250440536e-02
2.047189428568543107e-02
2.403423056584139128e-02
2.764494392709543336e-02
2.442405431929237439e-02
2.363755599668659196e-02
2.139256919747352381e-02
1.863081850270809775e-02
1.677777739126703679e-02
1.632627371186714041e-02
1.680364063646440018e-02
1.862366661250442618e-02
2.138311828030980619e-02
2.364317540978499305e-02
2.442459635174126439e-02
2.363124931670571027e-02
2.139465892280241130e-02
1.863087612539621879e-02
1.678604820778839893e-02
1.634517413667813113e-02
1.680364063646439324e-02
1.862629374013300212e-02
2.137881380487492017e-02
2.363111050015909501e-02
2.285683429820392631e-02
2.238588146183328326e-02
2.067962582198792920e-02
1.817548238727227650e-02
1.632627371186714041e-02
1.590071625937947500e-02
1.634517413667812419e-02
1.817443187729809312e-02
2.069263759154124291e-02
2.237742833596616243e-02
2.286405994646632800e-02
2.237742833596616243e-02
2.069263759154124291e-02
1.817443187729809312e-02
1.634517413667812419e-02
1.590071625937947500e-02
1.632627371186714041e-02
1.817548238727227650e-02
2.067962582198792920e-02
2.238588146183328326e-02
2.442405431929237439e-02
2.363111050015909501e-02
2.137881380487492364e-02
1.862629374013300212e-02
1.680364063646439324e-02
1.634517413667813113e-02
1.678604820778839893e-02
1.863087612539621879e-02
2.139465892280241130e-02
2.363124931670571027e-02
2.442459635174126439e-02
2.364317540978499305e-02
2.138311828030980619e-02
1.862366661250442618e-02
1.680364063646440018e-02
1.632627371186714041e-02
1.677777739126703679e-02
1.863081850270809775e-02
2.139256919747352381e-02
2.363755599668659196e-02
2.912674138335048096e-02
2.764494392709543336e-02
2.403423056584139128e-02
2.047189428568543107e-02
1.862366661250440536e-02
1.817443187729808271e-02
1.863087612539622573e-02
2.046380445499599784e-02
2.401360762435305468e-02
2.763684123286515304e-02
2.911095797394035525e-02
2.763787948171805842e-02
2.400910563550662583e-02
2.047189428568543107e-02
1.862629374013301253e-02
1.817548238727226956e-02
1.863081850270808387e-02
2.047205200371886649e-02
2.402850923543188924e-02
2.765599643774045366e-02
3.580790364466255454e-02
3.366389179601917553e-02
2.876173846217080707e-02
2.400910563550661889e-02
2.138311828030979925e-02
2.069263759154122209e-02
2.139465892280240783e-02
2.401360762435305121e-02
2.877003746234254797e-02
3.367565638785856297e-02
3.580697565474481869e-02
3.367992181397959361e-02
2.876173846217080013e-02
2.403423056584138087e-02
2.137881380487490976e-02
2.067962582198791532e-02
2.139256919747352034e-02
2.402850923543187883e-02
2.875550415060132772e-02
3.367152244740805739e-02
4.126148372760472804e-02
3.914183890058994808e-02
3.367992181397960055e-02
2.763787948171803760e-02
2.364317540978497917e-02
2.237742833596614855e-02
2.363124931670569986e-02
2.763684123286513222e-02
3.367565638785854215e-02
3.913014420030377916e-02
4.126540270488058409e-02
3.914183890058996890e-02
3.366389179601914777e-02
2.764494392709540907e-02
2.363111050015910194e-02
2.238588146183324856e-02
2.363755599668658502e-02
2.765599643774043631e-02
3.367152244740805739e-02
3.913347793499410282e-02
5.608560790011163366e-02
5.720769759162978169e-02
5.546559421292615588e-02
4.537482437783867117e-02
3.250904906534067551e-02
2.442459635174124011e-02
2.152362817965271929e-02
2.084403166957412776e-02
2.120583392530598493e-02
2.236783217092324499e-02
2.312793983350610802e-02
2.236736516687214474e-02
2.121271070382900470e-02
2.084230680402111152e-02
2.152319882260248299e-02
2.442405431929233275e-02
3.249996606330045334e-02
4.537157484827757103e-02
5.545754218578290845e-02
5.721006098338708018e-02
5.720769759162978169e-02
5.734211786820319484e-02
5.375449638689569487e-02
4.307313486016789428e-02
3.098350290611742719e-02
2.364317540978497917e-02
2.089803323874717816e-02
2.014217227299622964e-02
2.033985865634421394e-02
2.156402810324515099e-02
2.236736516687215515e-02
2.155239620504486101e-02
2.035020798576940224e-02
2.014066833378944793e-02
2.088992058729554138e-02
2.363111050015909154e-02
3.100538033729686310e-02
4.308276086363344026e-02
5.374416450615666224e-02
5.734360028983399860e-02
5.546559421292616282e-02
5.375449638689570875e-02
4.713616477592923876e-02
3.633863221986478181e-02
2.667653971098983556e-02
2.138311828030978884e-02
1.942316512028257822e-02
1.879054227893766499e-02
1.905362954940929832e-02
2.035367783729039384e-02
2.121271070382901511e-02
2.035020798576940224e-02
1.906548547254968695e-02
1.878732327614483430e-02
1.941110882364516232e-02
2.137881380487490629e-02
2.667886656067593870e-02
3.633488993976410897e-02
4.713183679406891813e-02
5.376185602097401789e-02
4.537482437783868505e-02
4.307313486016790816e-02
3.633863221986479569e-02
2.762608547512196769e-02
2.133430144254455998e-02
1.862366661250440536e-02
1.795654382944354005e-02
1.801557494650795482e-02
1.879299697910695455e-02
2.013825847795772464e-02
2.084230680402112887e-02
2.014066833378946181e-02
1.878732327614484818e-02
1.801061527119057759e-02
1.794950970192258841e-02
1.862629374013300212e-02
2.135066492272692795e-02
2.762512836178866726e-02
3.632884814420189040e-02
4.308655563862925919e-02
3.250904906534068939e-02
3.098350290611743413e-02
2.667653971098985638e-02
2.133430144254456345e-02
1.784481630092756704e-02
1.680364063646440365e-02
1.700417249229892874e-02
1.794950970192258494e-02
1.941110882364514498e-02
2.088992058729554832e-02
2.152319882260250034e-02
2.088992058729554138e-02
1.941110882364515192e-02
1.794950970192258494e-02
1.700417249229893221e-02
1.680364063646440018e-02
1.784481630092756704e-02
2.133430144254456345e-02
2.667653971098983903e-02
3.098350290611743413e-02
2.442459635174126092e-02
2.364317540978498958e-02
2.138311828030980619e-02
1.862366661250441577e-02
1.680364063646440365e-02
1.632627371186714041e-02
1.677777739126703332e-02
1.863081850270809775e-02
2.139256919747351340e-02
2.363755599668660237e-02
2.442405431929236398e-02
2.363111050015910194e-02
2.137881380487492017e-02
1.862629374013300559e-02
1.680364063646438630e-02
1.634517413667812419e-02
1.678604820778840587e-02
1.863087612539622920e-02
2.139465892280240783e-02
2.363124931670569986e-02
2.152362817965273317e-02
2.089803323874719204e-02
1.942316512028258516e-02
1.795654382944354699e-02
1.700417249229893221e-02
1.677777739126704026e-02
1.783931867082818451e-02
2.135503734363835074e-02
2.670081547406467568e-02
3.100503311864560158e-02
3.249996606330047416e-02
3.100538033729689086e-02
2.667886656067594911e-02
2.135066492272692795e-02
1.784481630092756357e-02
1.678604820778840587e-02
1.697934906507279906e-02
1.797842068018644032e-02
1.941285412104759925e-02
2.090350716923263658e-02
2.084403166957413817e-02
2.014217227299623311e-02
1.879054227893767540e-02
1.801557494650796176e-02
1.794950970192258494e-02
1.863081850270808734e-02
2.135503734363834727e-02
2.763487949068637456e-02
3.633241838909952864e-02
4.308012273048919538e-02
4.537157484827757103e-02
4.308276086363344026e-02
3.633488993976412978e-02
2.762512836178866726e-02
2.133430144254454958e-02
1.863087612539621532e-02
1.797842068018644379e-02
1.800034688610401348e-02
1.878741542803946327e-02
2.014714930742831159e-02
2.120583392530598146e-02
2.033985865634421047e-02
1.905362954940929485e-02
1.879299697910694067e-02
1.941110882364514498e-02
2.139256919747349953e-02
2.670081547406465486e-02
3.633241838909951477e-02
4.713533288397154380e-02
5.374012237406107506e-02
5.545754218578293621e-02
5.374416450615664143e-02
4.713183679406893895e-02
3.632884814420189040e-02
2.667653971098983556e-02
2.139465892280238701e-02
1.941285412104758884e-02
1.878741542803946327e-02
1.905097080649981525e-02
2.033689930069657384e-02
2.236783217092325887e-02
2.156402810324515446e-02
2.035367783729039384e-02
2.013825847795770729e-02
2.088992058729553791e-02
2.363755599668659196e-02
3.100503311864559117e-02
4.308012273048918150e-02
5.374012237406104731e-02
5.734293007132149761e-02
5.721006098338708018e-02
5.734360028983399860e-02
5.376185602097401789e-02
4.308655563862925919e-02
3.098350290611742719e-02
2.363124931670569639e-02
2.090350716923261576e-02
2.014714930742829771e-02
2.033689930069657384e-02
2.156801572517697344e-02
2.312793983350610802e-02
2.236736516687214474e-02
2.121271070382900470e-02
2.084230680402111152e-02
2.152319882260248299e-02
2.442405431929233275e-02
3.249996606330045334e-02
4.537157484827757103e-02
5.545754218578290845e-02
5.721006098338708018e-02
5.608560790011163366e-02
5.720769759162978169e-02
5.546559421292615588e-02
4.537482437783867117e-02
3.250904906534067551e-02
2.442459635174124011e-02
2.152362817965271929e-02
2.084403166957412776e-02
2.120583392530598493e-02
2.236783217092324499e-02
2.236736516687215515e-02
2.155239620504486101e-02
2.035020798576940224e-02
2.014066833378944793e-02
2.088992058729554138e-02
2.363111050015909154e-02
3.100538033729686310e-02
4.308276086363344026e-02
5.374416450615666224e-02
5.734360028983399860e-02
5.720769759162978169e-02
5.734211786820319484e-02
5.375449638689569487e-02
4.307313486016789428e-02
3.098350290611742719e-02
2.364317540978497917e-02
2.089803323874717816e-02
2.014217227299622964e-02
2.033985865634421394e-02
2.156402810324515099e-02
2.121271070382901511e-02
2.035020798576940224e-02
1.906548547254968695e-02
1.878732327614483430e-02
1.941110882364516232e-02
2.137881380487490629e-02
2.667886656067593870e-02
3.633488993976410897e-02
4.713183679406891813e-02
5.376185602097401789e-02
5.546559421292616282e-02
5.375449638689570875e-02
4.713616477592923876e-02
3.633863221986478181e-02
2.667653971098983556e-02
2.138311828030978884e-02
1.942316512028257822e-02
1.879054227893766499e-02
1.905362954940929832e-02
2.035367783729039384e-02
2.084230680402112887e-02
2.014066833378946181e-02
1.878732327614484818e-02
1.801061527119057759e-02
1.794950970192258841e-02
1.862629374013300212e-02
2.135066492272692795e-02
2.762512836178866726e-02
3.632884814420189040e-02
4.308655563862925919e-02
4.537482437783868505e-02
4.307313486016790816e-02
3.633863221986479569e-02
2.762608547512196769e-02
2.133430144254455998e-02
1.862366661250440536e-02
1.795654382944354005e-02
1.801557494650795482e-02
1.879299697910695455e-02
2.013825847795772464e-02
2.152319882260250034e-02
2.088992058729554138e-02
1.941110882364515192e-02
1.794950970192258494e-02
1.700417249229893221e-02
1.680364063646440018e-02
1.784481630092756704e-02
2.133430144254456345e-02
2.667653971098983903e-02
3.098350290611743413e-02
3.250904906534068939e-02
3.098350290611743413e-02
2.667653971098985638e-02
2.133430144254456345e-02
1.784481630092756704e-02
1.680364063646440365e-02
1.700417249229892874e-02
1.794950970192258494e-02
1.941110882364514498e-02
2.088992058729554832e-02
2.442405431929236398e-02
2.363111050015910194e-02
2.137881380487492017e-02
1.862629374013300559e-02
1.680364063646438630e-02
1.634517413667812419e-02
1.678604820778840587e-02
1.863087612539622920e-02
2.139465892280240783e-02
2.363124931670569986e-02
2.442459635174126092e-02
2.364317540978498958e-02
2.138311828030980619e-02
1.862366661250441577e-02
1.680364063646440365e-02
1.632627371186714041e-02
1.677777739126703332e-02
1.863081850270809775e-02
2.139256919747351340e-02
2.363755599668660237e-02
3.249996606330047416e-02
3.100538033729689086e-02
2.667886656067594911e-02
2.135066492272692795e-02
1.784481630092756357e-02
1.678604820778840587e-02
1.697934906507279906e-02
1.797842068018644032e-02
1.941285412104759925e-02
2.090350716923263658e-02
2.152362817965273317e-02
2.089803323874719204e-02
1.942316512028258516e-02
1.795654382944354699e-02
1.700417249229893221e-02
1.677777739126704026e-02
1.783931867082818451e-02
2.135503734363835074e-02
2.670081547406467568e-02
3.100503311864560158e-02
4.537157484827757103e-02
4.308276086363344026e-02
3.633488993976412978e-02
2.762512836178866726e-02
2.133430144254454958e-02
1.863087612539621532e-02
1.797842068018644379e-02
1.800034688610401348e-02
1.878741542803946327e-02
2.014714930742831159e-02
2.084403166957413817e-02
2.014217227299623311e-02
1.879054227893767540e-02
1.801557494650796176e-02
1.794950970192258494e-02
1.863081850270808734e-02
2.135503734363834727e-02
2.763487949068637456e-02
3.633241838909952864e-02
4.308012273048919538e-02
5.545754218578293621e-02
5.374416450615664143e-02
4.713183679406893895e-02
3.632884814420189040e-02
2.667653971098983556e-02
2.139465892280238701e-02
1.941285412104758884e-02
1.878741542803946327e-02
1.905097080649981525e-02
2.033689930069657384e-02
2.120583392530598146e-02
2.033985865634421047e-02
1.905362954940929485e-02
1.879299697910694067e-02
1.941110882364514498e-02
2.139256919747349953e-02
2.670081547406465486e-02
3.633241838909951477e-02
4.713533288397154380e-02
5.374012237406107506e-02
5.721006098338708018e-02
5.734360028983399860e-02
5.376185602097401789e-02
4.308655563862925919e-02
3.098350290611742719e-02
2.363124931670569639e-02
2.090350716923261576e-02
2.014714930742829771e-02
2.033689930069657384e-02
2.156801572517697344e-02
2.236783217092325887e-02
2.156402810324515446e-02
2.035367783729039384e-02
2.013825847795770729e-02
2.088992058729553791e-02
2.363755599668659196e-02
3.100503311864559117e-02
4.308012273048918150e-02
5.374012237406104731e-02
5.734293007132149761e-02
1.363574076407100127e-02
2.388553964293675322e-02
4.737002095304496813e-02
5.783086785948497732e-02
4.537482437783865730e-02
2.911095797394033097e-02
2.084403166957412082e-02
1.758531626515707352e-02
1.532654424119126411e-02
1.429291043847887022e-02
1.416684341428936164e-02
1.429715840557471349e-02
1.533355842391050453e-02
1.757397476834176089e-02
2.084230680402109764e-02
2.912674138335044627e-02
4.537157484827755022e-02
5.780475698986168448e-02
4.735253764642942398e-02
2.389264533281831165e-02
2.388553964293673934e-02
3.321552899015699917e-02
5.194692481841597931e-02
5.693488436950872728e-02
4.308655563862924531e-02
2.763787948171804107e-02
2.014217227299622964e-02
1.717515657498489001e-02
1.518619629234277055e-02
1.428575841923735400e-02
1.429715840557471349e-02
1.429777190976324643e-02
1.518091965001881413e-02
1.717582360709929770e-02
2.013825847795772117e-02
2.764494392709540907e-02
4.308276086363342638e-02
5.693374328981638116e-02
5.194845870042196639e-02
3.321388900781753473e-02
4.737002095304498200e-02
5.194692481841595849e-02
5.770944227238441332e-02
5.163000422910577619e-02
3.632884814420189040e-02
2.400910563550662236e-02
1.879054227893766499e-02
1.689017267337786579e-02
1.555237791292217106e-02
1.517838069385480868e-02
1.533355842391050453e-02
1.518091965001881066e-02
1.556357588038998450e-02
1.688570350539233059e-02
1.879299697910694067e-02
2.403423056584138087e-02
3.633488993976409509e-02
5.163301980440897915e-02
5.768776068375840171e-02
5.196614333905601874e-02
5.783086785948499814e-02
5.693488436950871340e-02
5.163000422910577619e-02
3.990004653354940062e-02
2.762512836178866032e-02
2.047189428568543107e-02
1.801557494650794095e-02
1.732947013095625585e-02
1.688570350539233753e-02
1.717582360709931852e-02
1.757397476834176783e-02
1.717582360709929770e-02
1.688570350539232712e-02
1.732947013095625585e-02
1.801557494650794441e-02
2.047189428568543801e-02
2.762512836178866379e-02
3.990004653354941450e-02
5.163000422910577619e-02
5.693488436950870646e-02
4.537482437783868505e-02
4.308655563862927307e-02
3.632884814420189734e-02
2.762512836178866726e-02
2.135066492272692448e-02
1.862629374013299519e-02
1.794950970192258494e-02
1.801061527119057759e-02
1.878732327614484471e-02
2.014066833378945834e-02
2.084230680402112540e-02
2.013825847795771770e-02
1.879299697910695108e-02
1.801557494650795829e-02
1.795654382944354005e-02
1.862366661250440883e-02
2.133430144254456345e-02
2.762608547512196769e-02
3.633863221986480263e-02
4.307313486016790816e-02
2.911095797394035525e-02
2.763787948171806882e-02
2.400910563550663623e-02
2.047189428568542066e-02
1.862629374013301253e-02
1.817548238727226956e-02
1.863081850270808734e-02
2.047205200371887343e-02
2.402850923543188924e-02
2.765599643774044325e-02
2.912674138335048096e-02
2.764494392709542295e-02
2.403423056584138434e-02
2.047189428568543107e-02
1.862366661250441230e-02
1.817443187729809312e-02
1.863087612539622920e-02
2.046380445499599784e-02
2.401360762435305468e-02
2.763684123286514957e-02
2.084403166957414510e-02
2.014217227299623311e-02
1.879054227893768234e-02
1.801557494650794788e-02
1.794950970192257800e-02
1.863081850270808734e-02
2.135503734363835768e-02
2.763487949068638150e-02
3.633241838909955640e-02
4.308012273048920926e-02
4.537157484827757103e-02
4.308276086363344720e-02
3.633488993976411591e-02
2.762512836178866726e-02
2.133430144254455998e-02
1.863087612539622573e-02
1.797842068018644726e-02
1.800034688610401348e-02
1.878741542803944939e-02
2.014714930742831159e-02
1.758531626515707699e-02
1.717515657498488307e-02
1.689017267337786926e-02
1.732947013095625585e-02
1.801061527119056024e-02
2.047205200371886649e-02
2.763487949068637109e-02
3.990931609464140606e-02
5.162579082155362153e-02
5.692682044056766866e-02
5.780475698986170530e-02
5.693374328981636728e-02
5.163301980440900690e-02
3.990004653354940062e-02
2.762608547512196769e-02
2.046380445499601172e-02
1.800034688610401348e-02
1.733202948717989592e-02
1.689418146804320953e-02
1.717154279651626758e-02
1.532654424119127279e-02
1.518619629234276708e-02
1.555237791292217106e-02
1.688570350539234446e-02
1.878732327614483083e-02
2.402850923543187189e-02
3.633241838909953558e-02
5.162579082155362153e-02
5.768781316335844234e-02
5.194928175603483189e-02
4.735253764642941010e-02
5.194845870042196639e-02
5.768776068375838784e-02
5.163000422910579007e-02
3.633863221986478181e-02
2.401360762435305121e-02
1.878741542803944592e-02
1.689418146804320953e-02
1.554862991731707431e-02
1.518464248128066109e-02
1.429291043847886675e-02
1.428575841923735400e-02
1.517838069385480521e-02
1.717582360709931852e-02
2.014066833378945487e-02
2.765599643774041549e-02
4.308012273048918150e-02
5.692682044056766866e-02
5.194928175603483189e-02
3.321326838227430661e-02
2.389264533281831165e-02
3.321388900781752085e-02
5.196614333905601874e-02
5.693488436950868564e-02
4.307313486016789428e-02
2.763684123286512181e-02
2.014714930742829771e-02
1.717154279651626064e-02
1.518464248128066629e-02
1.428239797194440566e-02
1.416684341428936164e-02
1.429715840557471349e-02
1.533355842391050453e-02
1.757397476834176089e-02
2.084230680402109764e-02
2.912674138335044627e-02
4.537157484827755022e-02
5.780475698986168448e-02
4.735253764642942398e-02
2.389264533281831165e-02
1.363574076407100127e-02
2.388553964293675322e-02
4.737002095304496813e-02
5.783086785948497732e-02
4.537482437783865730e-02
2.911095797394033097e-02
2.084403166957412082e-02
1.758531626515707352e-02
1.532654424119126411e-02
1.429291043847887022e-02
1.429715840557471349e-02
1.429777190976324643e-02
1.518091965001881413e-02
1.717582360709929770e-02
2.013825847795772117e-02
2.764494392709540907e-02
4.308276086363342638e-02
5.693374328981638116e-02
5.194845870042196639e-02
3.321388900781753473e-02
2.388553964293673934e-02
3.321552899015699917e-02
5.194692481841597931e-02
5.693488436950872728e-02
4.308655563862924531e-02
2.763787948171804107e-02
2.014217227299622964e-02
1.717515657498489001e-02
1.518619629234277055e-02
1.428575841923735400e-02
1.533355842391050453e-02
1.518091965001881066e-02
1.556357588038998450e-02
1.688570350539233059e-02
1.879299697910694067e-02
2.403423056584138087e-02
3.633488993976409509e-02
5.163301980440897915e-02
5.768776068375840171e-02
5.196614333905601874e-02
4.737002095304498200e-02
5.194692481841595849e-02
5.770944227238441332e-02
5.163000422910577619e-02
3.632884814420189040e-02
2.400910563550662236e-02
1.879054227893766499e-02
1.689017267337786579e-02
1.555237791292217106e-02
1.517838069385480868e-02
1.757397476834176783e-02
1.717582360709929770e-02
1.688570350539232712e-02
1.732947013095625585e-02
1.801557494650794441e-02
2.047189428568543801e-02
2.762512836178866379e-02
3.990004653354941450e-02
5.163000422910577619e-02
5.693488436950870646e-02
5.783086785948499814e-02
5.693488436950871340e-02
5.163000422910577619e-02
3.990004653354940062e-02
2.762512836178866032e-02
2.047189428568543107e-02
1.801557494650794095e-02
1.732947013095625585e-02
1.688570350539233753e-02
1.717582360709931852e-02
2.084230680402112540e-02
2.013825847795771770e-02
1.879299697910695108e-02
1.801557494650795829e-02
1.795654382944354005e-02
1.862366661250440883e-02
2.133430144254456345e-02
2.762608547512196769e-02
3.633863221986480263e-02
4.307313486016790816e-02
4.537482437783868505e-02
4.308655563862927307e-02
3.632884814420189734e-02
2.762512836178866726e-02
2.135066492272692448e-02
1.862629374013299519e-02
1.794950970192258494e-02
1.801061527119057759e-02
1.878732327614484471e-02
2.014066833378945834e-02
2.912674138335048096e-02
2.764494392709542295e-02
2.403423056584138434e-02
2.047189428568543107e-02
1.862366661250441230e-02
1.817443187729809312e-02
1.863087612539622920e-02
2.046380445499599784e-02
2.401360762435305468e-02
2.763684123286514957e-02
2.911095797394035525e-02
2.763787948171806882e-02
2.400910563550663623e-02
2.047189428568542066e-02
1.862629374013301253e-02
1.817548238727226956e-02
1.863081850270808734e-02
2.047205200371887343e-02
2.402850923543188924e-02
2.765599643774044325e-02
4.537157484827757103e-02
4.308276086363344720e-02
3.633488993976411591e-02
2.762512836178866726e-02
2.133430144254455998e-02
1.863087612539622573e-02
1.797842068018644726e-02
1.800034688610401348e-02
1.878741542803944939e-02
2.014714930742831159e-02
2.084403166957414510e-02
2.014217227299623311e-02
1.879054227893768234e-02
1.801557494650794788e-02
1.794950970192257800e-02
1.863081850270808734e-02
2.135503734363835768e-02
2.763487949068638150e-02
3.633241838909955640e-02
4.308012273048920926e-02
5.780475698986170530e-02
5.693374328981636728e-02
5.163301980440900690e-02
3.990004653354940062e-02
2.762608547512196769e-02
2.046380445499601172e-02
1.800034688610401348e-02
1.733202948717989592e-02
1.689418146804320953e-02
1.717154279651626758e-02
1.758531626515707699e-02
1.717515657498488307e-02
1.689017267337786926e-02
1.732947013095625585e-02
1.801061527119056024e-02
2.047205200371886649e-02
2.763487949068637109e-02
3.990931609464140606e-02
5.162579082155362153e-02
5.692682044056766866e-02
4.735253764642941010e-02
5.194845870042196639e-02
5.768776068375838784e-02
5.163000422910579007e-02
3.633863221986478181e-02
2.401360762435305121e-02
1.878741542803944592e-02
1.689418146804320953e-02
1.554862991731707431e-02
1.518464248128066109e-02
1.532654424119127279e-02
1.518619629234276708e-02
1.555237791292217106e-02
1.688570350539234446e-02
1.878732327614483083e-02
2.402850923543187189e-02
3.633241838909953558e-02
5.162579082155362153e-02
5.768781316335844234e-02
5.194928175603483189e-02
2.389264533281831165e-02
3.321388900781752085e-02
5.196614333905601874e-02
5.693488436950868564e-02
4.307313486016789428e-02
2.763684123286512181e-02
2.014714930742829771e-02
1.717154279651626064e-02
1.518464248128066629e-02
1.428239797194440566e-02
1.429291043847886675e-02
1.428575841923735400e-02
1.517838069385480521e-02
1.717582360709931852e-02
2.014066833378945487e-02
2.765599643774041549e-02
4.308012273048918150e-02
5.692682044056766866e-02
5.194928175603483189e-02
3.321326838227430661e-02
9.999999999999999547e-07
9.999999999999999547e-07
4.105283536370731186e-03
4.737002095304496813e-02
5.546559421292614200e-02
3.580697565474477706e-02
2.120583392530597452e-02
1.532654424119126932e-02
1.215173828597959638e-02
1.046501750683783392e-02
1.010554509643931710e-02
1.046765920197526012e-02
1.214776617330537607e-02
1.533355842391050800e-02
2.121271070382898735e-02
3.580790364466251985e-02
5.545754218578290845e-02
4.735253764642942398e-02
4.101005149728247610e-03
9.999999999999999547e-07
9.999999999999999547e-07
9.999999999999999547e-07
1.381080446282156524e-02
5.196614333905599792e-02
5.376185602097401789e-02
3.367992181397955892e-02
2.033985865634421394e-02
1.518619629234277055e-02
1.237516409232609742e-02
1.080393696721466262e-02
1.046765920197524798e-02
1.081103094398365091e-02
1.237232340024729468e-02
1.517838069385480521e-02
2.035367783729037650e-02
3.366389179601914083e-02
5.374416450615662755e-02
5.194845870042195252e-02
1.381019289483380839e-02
9.999999999999999547e-07
4.105283536370731186e-03
1.381080446282155656e-02
4.101735250334000160e-02
5.768776068375841559e-02
4.713183679406891813e-02
2.876173846217079666e-02
1.905362954940928444e-02
1.555237791292218147e-02
1.351858797747628252e-02
1.237232340024729121e-02
1.214776617330537607e-02
1.237232340024728254e-02
1.351858797747628252e-02
1.555237791292217106e-02
1.905362954940928444e-02
2.876173846217079666e-02
4.713183679406893895e-02
5.768776068375841559e-02
4.101735250334000160e-02
1.381080446282155136e-02
4.737002095304496813e-02
5.196614333905601874e-02
5.768776068375841559e-02
5.163301980440895139e-02
3.633488993976409509e-02
2.403423056584138087e-02
1.879299697910695108e-02
1.688570350539233753e-02
1.556357588038998450e-02
1.518091965001880719e-02
1.533355842391050800e-02
1.517838069385480521e-02
1.555237791292216759e-02
1.689017267337786579e-02
1.879054227893766846e-02
2.400910563550661889e-02
3.632884814420187652e-02
5.163000422910577619e-02
5.770944227238441332e-02
5.194692481841597931e-02
5.546559421292616282e-02
5.376185602097403871e-02
4.713183679406891813e-02
3.633488993976411591e-02
2.667886656067592482e-02
2.137881380487490976e-02
1.941110882364514498e-02
1.878732327614484124e-02
1.906548547254969736e-02
2.035020798576939530e-02
2.121271070382900817e-02
2.035367783729039384e-02
1.905362954940930179e-02
1.879054227893766499e-02
1.942316512028258169e-02
2.138311828030978884e-02
2.667653971098983209e-02
3.633863221986479569e-02
4.713616477592923876e-02
5.375449638689568099e-02
3.580697565474481869e-02
3.367992181397960749e-02
2.876173846217080707e-02
2.403423056584138087e-02
2.137881380487492364e-02
2.067962582198791532e-02
2.139256919747351340e-02
2.402850923543187883e-02
2.875550415060131731e-02
3.367152244740805739e-02
3.580790364466255454e-02
3.366389179601916859e-02
2.876173846217079666e-02
2.400910563550661195e-02
2.138311828030979578e-02
2.069263759154122209e-02
2.139465892280239395e-02
2.401360762435305121e-02
2.877003746234254450e-02
3.367565638785856991e-02
2.120583392530598493e-02
2.033985865634422088e-02
1.905362954940929832e-02
1.879299697910694414e-02
1.941110882364514151e-02
2.139256919747350993e-02
2.670081547406466527e-02
3.633241838909952864e-02
4.713533288397155074e-02
5.374012237406107506e-02
5.545754218578296396e-02
5.374416450615665530e-02
4.713183679406893895e-02
3.632884814420189040e-02
2.667653971098983903e-02
2.139465892280237660e-02
1.941285412104758884e-02
1.878741542803945980e-02
1.905097080649982566e-02
2.033689930069657384e-02
1.532654424119126932e-02
1.518619629234276708e-02
1.555237791292217106e-02
1.688570350539233753e-02
1.878732327614483083e-02
2.402850923543188577e-02
3.633241838909953558e-02
5.162579082155362153e-02
5.768781316335842846e-02
5.194928175603484577e-02
4.735253764642942398e-02
5.194845870042196639e-02
5.768776068375840171e-02
5.163000422910579007e-02
3.633863221986478181e-02
2.401360762435305468e-02
1.878741542803944939e-02
1.689418146804320953e-02
1.554862991731707778e-02
1.518464248128066629e-02
1.215173828597959117e-02
1.237516409232609395e-02
1.351858797747627905e-02
1.556357588038999144e-02
1.906548547254968348e-02
2.875550415060131385e-02
4.713533288397152993e-02
5.768781316335842846e-02
4.102478436891911912e-02
1.381047151937199631e-02
4.101005149728244141e-03
1.381019289483378758e-02
4.101735250334001548e-02
5.770944227238439250e-02
4.713616477592921100e-02
2.877003746234252368e-02
1.905097080649981872e-02
1.554862991731707778e-02
1.352898058296146330e-02
1.236768359109968046e-02
1.046501750683782352e-02
1.080393696721465742e-02
1.237232340024729468e-02
1.518091965001881413e-02
2.035020798576937795e-02
3.367152244740801575e-02
5.374012237406106118e-02
5.194928175603481108e-02
1.381047151937201713e-02
9.999999999999999547e-07
9.999999999999999547e-07
9.999999999999999547e-07
1.381080446282156524e-02
5.194692481841597931e-02
5.375449638689567405e-02
3.367565638785853521e-02
2.033689930069655302e-02
1.518464248128066629e-02
1.236768359109968046e-02
1.080906062466634350e-02
1.010554509643931710e-02
1.046765920197526012e-02
1.214776617330537607e-02
1.533355842391050800e-02
2.121271070382898735e-02
3.580790364466251985e-02
5.545754218578290845e-02
4.735253764642942398e-02
4.101005149728247610e-03
9.999999999999999547e-07
9.999999999999999547e-07
9.999999999999999547e-07
4.105283536370731186e-03
4.737002095304496813e-02
5.546559421292614200e-02
3.580697565474477706e-02
2.120583392530597452e-02
1.532654424119126932e-02
1.215173828597959638e-02
1.046501750683783392e-02
1.046765920197524798e-02
1.081103094398365091e-02
1.237232340024729468e-02
1.517838069385480521e-02
2.035367783729037650e-02
3.366389179601914083e-02
5.374416450615662755e-02
5.194845870042195252e-02
1.381019289483380839e-02
9.999999999999999547e-07
9.999999999999999547e-07
9.999999999999999547e-07
1.381080446282156524e-02
5.196614333905599792e-02
5.376185602097401789e-02
3.367992181397955892e-02
2.033985865634421394e-02
1.518619629234277055e-02
1.237516409232609742e-02
1.080393696721466262e-02
1.214776617330537607e-02
1.237232340024728254e-02
1.351858797747628252e-02
1.555237791292217106e-02
1.905362954940928444e-02
2.876173846217079666e-02
4.713183679406893895e-02
5.768776068375841559e-02
4.101735250334000160e-02
1.381080446282155136e-02
4.105283536370731186e-03
1.381080446282155656e-02
4.101735250334000160e-02
5.768776068375841559e-02
4.713183679406891813e-02
2.876173846217079666e-02
1.905362954940928444e-02
1.555237791292218147e-02
1.351858797747628252e-02
1.237232340024729121e-02
1.533355842391050800e-02
1.517838069385480521e-02
1.555237791292216759e-02
1.689017267337786579e-02
1.879054227893766846e-02
2.400910563550661889e-02
3.632884814420187652e-02
5.163000422910577619e-02
5.770944227238441332e-02
5.194692481841597931e-02
4.737002095304496813e-02
5.196614333905601874e-02
5.768776068375841559e-02
5.163301980440895139e-02
3.633488993976409509e-02
2.403423056584138087e-02
1.879299697910695108e-02
1.688570350539233753e-02
1.556357588038998450e-02
1.518091965001880719e-02
2.121271070382900817e-02
2.035367783729039384e-02
1.905362954940930179e-02
1.879054227893766499e-02
1.942316512028258169e-02
2.138311828030978884e-02
2.667653971098983209e-02
3.633863221986479569e-02
4.713616477592923876e-02
5.375449638689568099e-02
5.546559421292616282e-02
5.376185602097403871e-02
4.713183679406891813e-02
3.633488993976411591e-02
2.667886656067592482e-02
2.137881380487490976e-02
1.941110882364514498e-02
1.878732327614484124e-02
1.906548547254969736e-02
2.035020798576939530e-02
3.580790364466255454e-02
3.366389179601916859e-02
2.876173846217079666e-02
2.400910563550661195e-02
2.138311828030979578e-02
2.069263759154122209e-02
2.139465892280239395e-02
2.401360762435305121e-02
2.877003746234254450e-02
3.367565638785856991e-02
3.580697565474481869e-02
3.367992181397960749e-02
2.876173846217080707e-02
2.403423056584138087e-02
2.137881380487492364e-02
2.067962582198791532e-02
2.139256919747351340e-02
2.402850923543187883e-02
2.875550415060131731e-02
3.367152244740805739e-02
5.545754218578296396e-02
5.374416450615665530e-02
4.713183679406893895e-02
3.632884814420189040e-02
2.667653971098983903e-02
2.139465892280237660e-02
1.941285412104758884e-02
1.878741542803945980e-02
1.905097080649982566e-02
2.033689930069657384e-02
2.120583392530598493e-02
2.033985865634422088e-02
1.905362954940929832e-02
1.879299697910694414e-02
1.941110882364514151e-02
2.139256919747350993e-02
2.670081547406466527e-02
3.633241838909952864e-02
4.713533288397155074e-02
5.374012237406107506e-02
4.735253764642942398e-02
5.194845870042196639e-02
5.768776068375840171e-02
5.163000422910579007e-02
3.633863221986478181e-02
2.401360762435305468e-02
1.878741542803944939e-02
1.689418146804320953e-02
1.554862991731707778e-02
1.518464248128066629e-02
1.532654424119126932e-02
1.518619629234276708e-02
1.555237791292217106e-02
1.688570350539233753e-02
1.878732327614483083e-02
2.402850923543188577e-02
3.633241838909953558e-02
5.162579082155362153e-02
5.768781316335842846e-02
5.194928175603484577e-02
4.101005149728244141e-03
1.381019289483378758e-02
4.101735250334001548e-02
5.770944227238439250e-02
4.713616477592921100e-02
2.877003746234252368e-02
1.905097080649981872e-02
1.554862991731707778e-02
1.352898058296146330e-02
1.236768359109968046e-02
1.215173828597959117e-02
1.237516409232609395e-02
1.351858797747627905e-02
1.556357588038999144e-02
1.906548547254968348e-02
2.875550415060131385e-02
4.713533288397152993e-02
5.768781316335842846e-02
4.102478436891911912e-02
1.381047151937199631e-02
9.999999999999999547e-07
9.999999999999999547e-07
1.381080446282156524e-02
5.194692481841597931e-02
5.375449638689567405e-02
3.367565638785853521e-02
2.033689930069655302e-02
1.518464248128066629e-02
1.236768359109968046e-02
1.080906062466634350e-02
1.046501750683782352e-02
1.080393696721465742e-02
1.237232340024729468e-02
1.518091965001881413e-02
2.035020798576937795e-02
3.367152244740801575e-02
5.374012237406106118e-02
5.194928175603481108e-02
1.381047151937201713e-02
9.999999999999999547e-07
9.999999999999999547e-07
9.999999999999999547e-07
9.999999999999999547e-07
2.388553964293675322e-02
5.720769759162976087e-02
4.126540270488052164e-02
2.236783217092325540e-02
1.429291043847886328e-02
1.046501750683783045e-02
8.261956782032012919e-03
7.695590777663621415e-03
8.256269063141042849e-03
1.046765920197526359e-02
1.429715840557471696e-02
2.236736516687214474e-02
4.126148372760470029e-02
5.721006098338705936e-02
2.389264533281831165e-02
9.999999999999999547e-07
9.999999999999999547e-07
9.999999999999999547e-07
9.999999999999999547e-07
9.999999999999999547e-07
3.321388900781754860e-02
5.734360028983399860e-02
3.914183890058992726e-02
2.156402810324514405e-02
1.428575841923736267e-02
1.080393696721467303e-02
8.842093699241427435e-03
8.256269063141034176e-03
8.842093699241434374e-03
1.080393696721467477e-02
1.428575841923735920e-02
2.156402810324514405e-02
3.914183890058992726e-02
5.734360028983399860e-02
3.321388900781753473e-02
9.999999999999999547e-07
9.999999999999999547e-07
9.999999999999999547e-07
9.999999999999999547e-07
1.381019289483380839e-02
5.194845870042195252e-02
5.374416450615664143e-02
3.366389179601913390e-02
2.035367783729037996e-02
1.517838069385480521e-02
1.237232340024729468e-02
1.081103094398365959e-02
1.046765920197524798e-02
1.080393696721466436e-02
1.237516409232610089e-02
1.518619629234277055e-02
2.033985865634422088e-02
3.367992181397957280e-02
5.376185602097400401e-02
5.196614333905601874e-02
1.381080446282155656e-02
9.999999999999999547e-07
2.388553964293675322e-02
3.321388900781753473e-02
5.194845870042196639e-02
5.693374328981638116e-02
4.308276086363344026e-02
2.764494392709541948e-02
2.013825847795773505e-02
1.717582360709930811e-02
1.518091965001881066e-02
1.429777190976324296e-02
1.429715840557472563e-02
1.428575841923735920e-02
1.518619629234277055e-02
1.717515657498489348e-02
2.014217227299624352e-02
2.763787948171804107e-02
4.308655563862924531e-02
5.693488436950871340e-02
5.194692481841597931e-02
3.321552899015699917e-02
5.720769759162978169e-02
5.734360028983401247e-02
5.374416450615666224e-02
4.308276086363344720e-02
3.100538033729686657e-02
2.363111050015909154e-02
2.088992058729554485e-02
2.014066833378945834e-02
2.035020798576939530e-02
2.155239620504485754e-02
2.236736516687214821e-02
2.156402810324515792e-02
2.033985865634422435e-02
2.014217227299623311e-02
2.089803323874718510e-02
2.364317540978497917e-02
3.098350290611742719e-02
4.307313486016788734e-02
5.375449638689568099e-02
5.734211786820320872e-02
4.126540270488058409e-02
3.914183890058996890e-02
3.366389179601915471e-02
2.764494392709541948e-02
2.363111050015909154e-02
2.238588146183324856e-02
2.363755599668658156e-02
2.765599643774043978e-02
3.367152244740805739e-02
3.913347793499410282e-02
4.126148372760475580e-02
3.914183890058994808e-02
3.367992181397960055e-02
2.763787948171804107e-02
2.364317540978498264e-02
2.237742833596614508e-02
2.363124931670569986e-02
2.763684123286512528e-02
3.367565638785853521e-02
3.913014420030379303e-02
2.236783217092325887e-02
2.156402810324515099e-02
2.035367783729038343e-02
2.013825847795771770e-02
2.088992058729553097e-02
2.363755599668659196e-02
3.100503311864561198e-02
4.308012273048918150e-02
5.374012237406106118e-02
5.734293007132148373e-02
5.721006098338708018e-02
5.734360028983399860e-02
5.376185602097401789e-02
4.308655563862927307e-02
3.098350290611742372e-02
2.363124931670568599e-02
2.090350716923261229e-02
2.014714930742829424e-02
2.033689930069657384e-02
2.156801572517697344e-02
1.429291043847885807e-02
1.428575841923735920e-02
1.517838069385480521e-02
1.717582360709930811e-02
2.014066833378945487e-02
2.765599643774044325e-02
4.308012273048919538e-02
5.692682044056768254e-02
5.194928175603484577e-02
3.321326838227429273e-02
2.389264533281831165e-02
3.321388900781752779e-02
5.196614333905603261e-02
5.693488436950868564e-02
4.307313486016788734e-02
2.763684123286511488e-02
2.014714930742829424e-02
1.717154279651626411e-02
1.518464248128067150e-02
1.428239797194440566e-02
1.046501750683781137e-02
1.080393696721466089e-02
1.237232340024729468e-02
1.518091965001881934e-02
2.035020798576938489e-02
3.367152244740800882e-02
5.374012237406104731e-02
5.194928175603481108e-02
1.381047151937202927e-02
9.999999999999999547e-07
9.999999999999999547e-07
9.999999999999999547e-07
1.381080446282155656e-02
5.194692481841595849e-02
5.375449638689566018e-02
3.367565638785852827e-02
2.033689930069655302e-02
1.518464248128067150e-02
1.236768359109968046e-02
1.080906062466634350e-02
8.261956782031997307e-03
8.842093699241420496e-03
1.081103094398364745e-02
1.429777190976325163e-02
2.155239620504485407e-02
3.913347793499407506e-02
5.734293007132146291e-02
3.321326838227431355e-02
9.999999999999999547e-07
9.999999999999999547e-07
9.999999999999999547e-07
9.999999999999999547e-07
9.999999999999999547e-07
3.321552899015698529e-02
5.734211786820316709e-02
3.913014420030375140e-02
2.156801572517695956e-02
1.428239797194440566e-02
1.080906062466635044e-02
8.852883976134671984e-03
7.695590777663621415e-03
8.256269063141042849e-03
1.046765920197526359e-02
1.429715840557471696e-02
2.236736516687214474e-02
4.126148372760470029e-02
5.721006098338705936e-02
2.389264533281831165e-02
9.999999999999999547e-07
9.999999999999999547e-07
9.999999999999999547e-07
9.999999999999999547e-07
9.999999999999999547e-07
2.388553964293675322e-02
5.720769759162976087e-02
4.126540270488052164e-02
2.236783217092325540e-02
1.429291043847886328e-02
1.046501750683783045e-02
8.261956782032012919e-03
8.256269063141034176e-03
8.842093699241434374e-03
1.080393696721467477e-02
1.428575841923735920e-02
2.156402810324514405e-02
3.914183890058992726e-02
5.734360028983399860e-02
3.321388900781753473e-02
9.999999999999999547e-07
9.999999999999999547e-07
9.999999999999999547e-07
9.999999999999999547e-07
9.999999999999999547e-07
3.321388900781754860e-02
5.734360028983399860e-02
3.914183890058992726e-02
2.156402810324514405e-02
1.428575841923736267e-02
1.080393696721467303e-02
8.842093699241427435e-03
1.046765920197524798e-02
1.080393696721466436e-02
1.237516409232610089e-02
1.518619629234277055e-02
2.033985865634422088e-02
3.367992181397957280e-02
5.376185602097400401e-02
5.196614333905601874e-02
1.381080446282155656e-02
9.999999999999999547e-07
9.999999999999999547e-07
9.999999999999999547e-07
1.381019289483380839e-02
5.194845870042195252e-02
5.374416450615664143e-02
3.366389179601913390e-02
2.035367783729037996e-02
1.517838069385480521e-02
1.237232340024729468e-02
1.081103094398365959e-02
1.429715840557472563e-02
1.428575841923735920e-02
1.518619629234277055e-02
1.717515657498489348e-02
2.014217227299624352e-02
2.763787948171804107e-02
4.308655563862924531e-02
5.693488436950871340e-02
5.194692481841597931e-02
3.321552899015699917e-02
2.388553964293675322e-02
3.321388900781753473e-02
5.194845870042196639e-02
5.693374328981638116e-02
4.308276086363344026e-02
2.764494392709541948e-02
2.013825847795773505e-02
1.717582360709930811e-02
1.518091965001881066e-02
1.429777190976324296e-02
2.236736516687214821e-02
2.156402810324515792e-02
2.033985865634422435e-02
2.014217227299623311e-02
2.089803323874718510e-02
2.364317540978497917e-02
3.098350290611742719e-02
4.307313486016788734e-02
5.375449638689568099e-02
5.734211786820320872e-02
5.720769759162978169e-02
5.734360028983401247e-02
5.374416450615666224e-02
4.308276086363344720e-02
3.100538033729686657e-02
2.363111050015909154e-02
2.088992058729554485e-02
2.014066833378945834e-02
2.035020798576939530e-02
2.155239620504485754e-02
4.126148372760475580e-02
3.914183890058994808e-02
3.367992181397960055e-02
2.763787948171804107e-02
2.364317540978498264e-02
2.237742833596614508e-02
2.363124931670569986e-02
2.763684123286512528e-02
3.367565638785853521e-02
3.913014420030379303e-02
4.126540270488058409e-02
3.914183890058996890e-02
3.366389179601915471e-02
2.764494392709541948e-02
2.363111050015909154e-02
2.238588146183324856e-02
2.363755599668658156e-02
2.765599643774043978e-02
3.367152244740805739e-02
3.913347793499410282e-02
5.721006098338708018e-02
5.734360028983399860e-02
5.376185602097401789e-02
4.308655563862927307e-02
3.098350290611742372e-02
2.363124931670568599e-02
2.090350716923261229e-02
2.014714930742829424e-02
2.033689930069657384e-02
2.156801572517697344e-02
2.236783217092325887e-02
2.156402810324515099e-02
2.035367783729038343e-02
2.013825847795771770e-02
2.088992058729553097e-02
2.363755599668659196e-02
3.100503311864561198e-02
4.308012273048918150e-02
5.374012237406106118e-02
5.734293007132148373e-02
2.389264533281831165e-02
3.321388900781752779e-02
5.196614333905603261e-02
5.693488436950868564e-02
4.307313486016788734e-02
2.763684123286511488e-02
2.014714930742829424e-02
1.717154279651626411e-02
1.518464248128067150e-02
1.428239797194440566e-02
1.429291043847885807e-02
1.428575841923735920e-02
1.517838069385480521e-02
1.717582360709930811e-02
2.014066833378945487e-02
2.765599643774044325e-02
4.308012273048919538e-02
5.692682044056768254e-02
5.194928175603484577e-02
3.321326838227429273e-02
9.999999999999999547e-07
9.999999999999999547e-07
1.381080446282155656e-02
5.194692481841595849e-02
5.375449638689566018e-02
3.367565638785852827e-02
2.033689930069655302e-02
1.518464248128067150e-02
1.236768359109968046e-02
1.080906062466634350e-02
1.046501750683781137e-02
1.080393696721466089e-02
1.237232340024729468e-02
1.518091965001881934e-02
2.035020798576938489e-02
3.367152244740800882e-02
5.374012237406104731e-02
5.194928175603481108e-02
1.381047151937202927e-02
9.999999999999999547e-07
9.999999999999999547e-07
9.999999999999999547e-07
9.999999999999999547e-07
3.321552899015698529e-02
5.734211786820316709e-02
3.913014420030375140e-02
2.156801572517695956e-02
1.428239797194440566e-02
1.080906062466635044e-02
8.852883976134671984e-03
8.261956782031997307e-03
8.842093699241420496e-03
1.081103094398364745e-02
1.429777190976325163e-02
2.155239620504485407e-02
3.913347793499407506e-02
5.734293007132146291e-02
3.321326838227431355e-02
9.999999999999999547e-07
9.999999999999999547e-07
