9.999999999999999547e-07
9.999999999999999547e-07
9.999999999999999547e-07
1.505634791099189247e-02
2.693833339739115304e-02
2.923321607328193197e-02
2.453203631843458785e-02
2.373426977279910130e-02
2.338249210318907312e-02
2.424902569615105738e-02
2.506138019608263739e-02
2.424902569615105738e-02
2.338249210318904883e-02
2.373426977279910477e-02
2.453203631843458438e-02
2.923321607328193197e-02
2.693833339739115998e-02
1.505634791099190115e-02
9.999999999999999547e-07
9.999999999999999547e-07
9.999999999999999547e-07
9.999999999999999547e-07
9.999999999999999547e-07
1.320467425403743997e-02
2.898374754304982800e-02
2.916493117368771856e-02
2.504643775278371509e-02
2.404110372142989963e-02
2.350713030912179868e-02
2.397542583291379856e-02
2.424902569615107126e-02
2.397035631239140263e-02
2.350818986859405657e-02
2.404189662048860851e-02
2.504605739983509563e-02
2.916581481293138017e-02
2.898370970182791509e-02
1.320626422368837566e-02
9.999999999999999547e-07
9.999999999999999547e-07
9.999999999999999547e-07
9.999999999999999547e-07
2.792645813346887260e-02
1.983783585010693434e-02
3.256819320174107746e-02
2.916677186800538391e-02
2.629262762681816926e-02
2.481578314480939809e-02
2.384879927416462195e-02
2.350713030912180215e-02
2.338249210318907312e-02
2.350818986859407045e-02
2.384728877982454642e-02
2.481677600065461051e-02
2.629288125329909756e-02
2.916631806871372579e-02
3.257093618591133666e-02
1.984003607757805349e-02
2.791220706773045457e-02
9.999999999999999547e-07
1.505634791099191502e-02
1.320467425403745038e-02
1.983783585010695516e-02
3.138986807311131694e-02
3.303084049363629732e-02
2.975865864721315146e-02
2.778954928636388072e-02
2.607205793350393652e-02
2.481578314480940850e-02
2.404110372142989963e-02
2.373426977279910477e-02
2.404189662048860504e-02
2.481677600065461051e-02
2.606989922338322913e-02
2.778879612138279026e-02
2.975717078412068450e-02
3.303167302447600900e-02
3.139686228038863353e-02
1.984003607757805349e-02
1.320626422368836352e-02
2.693833339739117039e-02
2.898374754304982800e-02
3.256819320174109827e-02
3.303084049363629732e-02
3.159795540278041714e-02
3.052668423069470130e-02
2.925993572008696655e-02
2.778954928636389113e-02
2.629262762681818313e-02
2.504643775278373591e-02
2.453203631843460172e-02
2.504605739983511298e-02
2.629288125329910797e-02
2.778879612138277985e-02
2.925938522698069352e-02
3.052598309064253126e-02
3.159823212883586252e-02
3.303167302447604370e-02
3.257093618591135747e-02
2.898370970182791509e-02
2.923321607328192157e-02
2.916493117368774632e-02
2.916677186800539431e-02
2.975865864721315146e-02
3.052668423069472212e-02
3.078333903946128824e-02
3.052668423069470130e-02
2.975865864721316881e-02
2.916677186800540125e-02
2.916493117368774632e-02
2.923321607328194585e-02
2.916581481293140099e-02
2.916631806871371191e-02
2.975717078412069491e-02
3.052598309064250351e-02
3.078291812844910144e-02
3.052598309064252086e-02
2.975717078412068450e-02
2.916631806871371191e-02
2.916581481293140099e-02
2.453203631843461560e-02
2.504643775278373244e-02
2.629262762681817273e-02
2.778954928636388072e-02
2.925993572008696655e-02
3.052668423069469783e-02
3.159795540278040327e-02
3.303084049363630426e-02
3.256819320174109827e-02
2.898374754304982800e-02
2.693833339739117039e-02
2.898370970182793938e-02
3.257093618591135747e-02
3.303167302447604370e-02
3.159823212883589721e-02
3.052598309064251739e-02
2.925938522698067618e-02
2.778879612138279373e-02
2.629288125329909756e-02
2.504605739983510951e-02
2.373426977279910824e-02
2.404110372142990310e-02
2.481578314480941544e-02
2.607205793350393652e-02
2.778954928636387031e-02
2.975865864721315146e-02
3.303084049363628344e-02
3.138986807311133775e-02
1.983783585010693434e-02
1.320467425403745038e-02
1.505634791099191502e-02
1.320626422368836352e-02
1.984003607757804308e-02
3.139686228038863353e-02
3.303167302447602982e-02
2.975717078412068450e-02
2.778879612138279373e-02
2.606989922338325688e-02
2.481677600065460357e-02
2.404189662048860504e-02
2.338249210318907659e-02
2.350713030912181256e-02
2.384879927416462195e-02
2.481578314480941544e-02
2.629262762681817273e-02
2.916677186800534921e-02
3.256819320174107746e-02
1.983783585010695516e-02
2.792645813346887954e-02
9.999999999999999547e-07
9.999999999999999547e-07
9.999999999999999547e-07
2.791220706773045110e-02
1.984003607757803267e-02
3.257093618591133666e-02
2.916631806871372579e-02
2.629288125329909756e-02
2.481677600065461051e-02
2.384728877982454989e-02
2.350818986859407392e-02
2.424902569615105738e-02
2.397542583291379856e-02
2.350713030912181256e-02
2.404110372142990310e-02
2.504643775278370468e-02
2.916493117368771856e-02
2.898374754304981760e-02
1.320467425403743476e-02
9.999999999999999547e-07
9.999999999999999547e-07
9.999999999999999547e-07
9.999999999999999547e-07
9.999999999999999547e-07
1.320626422368837219e-02
2.898370970182791509e-02
2.916581481293136976e-02
2.504605739983509563e-02
2.404189662048860157e-02
2.350818986859407045e-02
2.397035631239140263e-02
2.506138019608264433e-02
2.424902569615105738e-02
2.338249210318905924e-02
2.373426977279909436e-02
2.453203631843459825e-02
2.923321607328194585e-02
2.693833339739114263e-02
1.505634791099190462e-02
9.999999999999999547e-07
9.999999999999999547e-07
9.999999999999999547e-07
9.999999999999999547e-07
9.999999999999999547e-07
1.505634791099188727e-02
2.693833339739113222e-02
2.923321607328192157e-02
2.453203631843459825e-02
2.373426977279910130e-02
2.338249210318906271e-02
2.424902569615106432e-02
2.424902569615107126e-02
2.397035631239140263e-02
2.350818986859406698e-02
2.404189662048860157e-02
2.504605739983509910e-02
2.916581481293136976e-02
2.898370970182790468e-02
1.320626422368837219e-02
9.999999999999999547e-07
9.999999999999999547e-07
9.999999999999999547e-07
9.999999999999999547e-07
9.999999999999999547e-07
1.320467425403743997e-02
2.898374754304980719e-02
2.916493117368771856e-02
2.504643775278369427e-02
2.404110372142989616e-02
2.350713030912179868e-02
2.397542583291380203e-02
2.338249210318906271e-02
2.350818986859408086e-02
2.384728877982454989e-02
2.481677600065460010e-02
2.629288125329909756e-02
2.916631806871371191e-02
3.257093618591135054e-02
1.984003607757803267e-02
2.791220706773046151e-02
9.999999999999999547e-07
9.999999999999999547e-07
9.999999999999999547e-07
2.792645813346886913e-02
1.983783585010693434e-02
3.256819320174108440e-02
2.916677186800536309e-02
2.629262762681816232e-02
2.481578314480941197e-02
2.384879927416462195e-02
2.350713030912180215e-02
2.373426977279910477e-02
2.404189662048860504e-02
2.481677600065460357e-02
2.606989922338324300e-02
2.778879612138279373e-02
2.975717078412068450e-02
3.303167302447604370e-02
3.139686228038863353e-02
1.984003607757804308e-02
1.320626422368836352e-02
1.505634791099190462e-02
1.320467425403744344e-02
1.983783585010693434e-02
3.138986807311131694e-02
3.303084049363629732e-02
2.975865864721315146e-02
2.778954928636387725e-02
2.607205793350394693e-02
2.481578314480941197e-02
2.404110372142989616e-02
2.453203631843461560e-02
2.504605739983510951e-02
2.629288125329909756e-02
2.778879612138277985e-02
2.925938522698068311e-02
3.052598309064250698e-02
3.159823212883586252e-02
3.303167302447602288e-02
3.257093618591135054e-02
2.898370970182796019e-02
2.693833339739117039e-02
2.898374754304983841e-02
3.256819320174110521e-02
3.303084049363631813e-02
3.159795540278042408e-02
3.052668423069469783e-02
2.925993572008696655e-02
2.778954928636390501e-02
2.629262762681817273e-02
2.504643775278374285e-02
2.923321607328195626e-02
2.916581481293140099e-02
2.916631806871371191e-02
2.975717078412069491e-02
3.052598309064251739e-02
3.078291812844910144e-02
3.052598309064250351e-02
2.975717078412069491e-02
2.916631806871371191e-02
2.916581481293141140e-02
2.923321607328196667e-02
2.916493117368774632e-02
2.916677186800539431e-02
2.975865864721315840e-02
3.052668423069470130e-02
3.078333903946129518e-02
3.052668423069469089e-02
2.975865864721315840e-02
2.916677186800539431e-02
2.916493117368777060e-02
2.693833339739119467e-02
2.898370970182793938e-02
3.257093618591135054e-02
3.303167302447604370e-02
3.159823212883586252e-02
3.052598309064250698e-02
2.925938522698067618e-02
2.778879612138279373e-02
2.629288125329909756e-02
2.504605739983512339e-02
2.453203631843461560e-02
2.504643775278371856e-02
2.629262762681817273e-02
2.778954928636388766e-02
2.925993572008698043e-02
3.052668423069470824e-02
3.159795540278042408e-02
3.303084049363631813e-02
3.256819320174110521e-02
2.898374754304982800e-02
1.505634791099191849e-02
1.320626422368837913e-02
1.984003607757805349e-02
3.139686228038863353e-02
3.303167302447602982e-02
2.975717078412067410e-02
2.778879612138279373e-02
2.606989922338326035e-02
2.481677600065460357e-02
2.404189662048860851e-02
2.373426977279910477e-02
2.404110372142989616e-02
2.481578314480939809e-02
2.607205793350394346e-02
2.778954928636387031e-02
2.975865864721315840e-02
3.303084049363629732e-02
3.138986807311132388e-02
1.983783585010692394e-02
1.320467425403745038e-02
9.999999999999999547e-07
9.999999999999999547e-07
2.791220706773046151e-02
1.984003607757804308e-02
3.257093618591131584e-02
2.916631806871370150e-02
2.629288125329908715e-02
2.481677600065461051e-02
2.384728877982454642e-02
2.350818986859407045e-02
2.338249210318907659e-02
2.350713030912180215e-02
2.384879927416462195e-02
2.481578314480941197e-02
2.629262762681816232e-02
2.916677186800538391e-02
3.256819320174110521e-02
1.983783585010695516e-02
2.792645813346886566e-02
9.999999999999999547e-07
9.999999999999999547e-07
9.999999999999999547e-07
9.999999999999999547e-07
1.320626422368838433e-02
2.898370970182793938e-02
2.916581481293136976e-02
2.504605739983510604e-02
2.404189662048860851e-02
2.350818986859405657e-02
2.397035631239140263e-02
2.424902569615107126e-02
2.397542583291380203e-02
2.350713030912179868e-02
2.404110372142989616e-02
2.504643775278371509e-02
2.916493117368770815e-02
2.898374754304982800e-02
1.320467425403743997e-02
9.999999999999999547e-07
9.999999999999999547e-07
9.999999999999999547e-07
9.999999999999999547e-07
9.999999999999999547e-07
1.320467425403744691e-02
2.898374754304981760e-02
2.916493117368770815e-02
2.504643775278373244e-02
2.404110372142991003e-02
2.350713030912179868e-02
2.397542583291380203e-02
2.424902569615105738e-02
2.397035631239140263e-02
2.350818986859406698e-02
2.404189662048860157e-02
2.504605739983510951e-02
2.916581481293138017e-02
2.898370970182791509e-02
1.320626422368838433e-02
9.999999999999999547e-07
9.999999999999999547e-07
9.999999999999999547e-07
9.999999999999999547e-07
9.999999999999999547e-07
1.459486966413601865e-02
3.046708858066879758e-02
2.902402656048564192e-02
2.552929379550444855e-02
2.436379041536622381e-02
2.365432992390924596e-02
2.378501602052749200e-02
2.397035631239141998e-02
2.377725345147350955e-02
2.365482923151686345e-02
2.436688466689119689e-02
2.552625852308007884e-02
2.902315968734403562e-02
3.046755061011048246e-02
1.459501323884715429e-02
9.999999999999999547e-07
9.999999999999999547e-07
9.999999999999999547e-07
9.999999999999999547e-07
1.521624157584362466e-02
2.251629511362188141e-02
3.264107259860882237e-02
2.903875359615919541e-02
2.666538678901890502e-02
2.512866944565700020e-02
2.407591564051184130e-02
2.365702271834181289e-02
2.350818986859406698e-02
2.365482923151686692e-02
2.407681647941877640e-02
2.512722016019886331e-02
2.666610109306799190e-02
2.903854966644628388e-02
3.264477856961550684e-02
2.251712502305132715e-02
1.521618435570868538e-02
9.999999999999999547e-07
1.320467425403744691e-02
1.459486966413601865e-02
2.251629511362188141e-02
3.194706795777095543e-02
3.237067321198643099e-02
2.977453369495938057e-02
2.799805890013287724e-02
2.635462950968342835e-02
2.512891224327592696e-02
2.436637334998369153e-02
2.404189662048858769e-02
2.436688466689119342e-02
2.512722016019883556e-02
2.635457280032675945e-02
2.799676953328850484e-02
2.977303916777298068e-02
3.236880711673641164e-02
3.194970010570502561e-02
2.251904849226371921e-02
1.459511476729526136e-02
2.898374754304982800e-02
3.046708858066880798e-02
3.264107259860881544e-02
3.237067321198643793e-02
3.138820095390799925e-02
3.051843778324468334e-02
2.933899979140313849e-02
2.799801352140833879e-02
2.666468922605117961e-02
2.552728442159997099e-02
2.504605739983512339e-02
2.552625852308008578e-02
2.666610109306798496e-02
2.799676953328848056e-02
2.933822828837863092e-02
3.051725340272160025e-02
3.138572012284058382e-02
3.237142586001740679e-02
3.264674107377654733e-02
3.046780975396744945e-02
2.916493117368773938e-02
2.902402656048568008e-02
2.903875359615925092e-02
2.977453369495939792e-02
3.051843778324469028e-02
3.075266227794031318e-02
3.051790143996637242e-02
2.977388634968789957e-02
2.903770949973438764e-02
2.902584216303082457e-02
2.916581481293139058e-02
2.902315968734404603e-02
2.903854966644630470e-02
2.977303916777296680e-02
3.051725340272162107e-02
3.075169214061377471e-02
3.051760160836790303e-02
2.977330549761891126e-02
2.903934047428981258e-02
2.902584216303080375e-02
2.504643775278373244e-02
2.552929379550446243e-02
2.666538678901889808e-02
2.799805890013285989e-02
2.933899979140312114e-02
3.051790143996637242e-02
3.138760823164796904e-02
3.237078623517952725e-02
3.264206647946318179e-02
3.046780975396745986e-02
2.898370970182794978e-02
3.046755061011052756e-02
3.264477856961553459e-02
3.236880711673641858e-02
3.138572012284056995e-02
3.051760160836788222e-02
2.933849507610453503e-02
2.799735177394015867e-02
2.666609882913338267e-02
2.552728442159997793e-02
2.404110372142989616e-02
2.436379041536623075e-02
2.512866944565701754e-02
2.635462950968342488e-02
2.799801352140834573e-02
2.977388634968789957e-02
3.237078623517952725e-02
3.194858215800713136e-02
2.251652696835338904e-02
1.459511476729526136e-02
1.320626422368838433e-02
1.459501323884715429e-02
2.251712502305134797e-02
3.194970010570506030e-02
3.237142586001739292e-02
2.977330549761890086e-02
2.799735177394014132e-02
2.635442015799073501e-02
2.512728570748828591e-02
2.436637334998369847e-02
2.350713030912180562e-02
2.365432992390920780e-02
2.407591564051184130e-02
2.512891224327592696e-02
2.666468922605117614e-02
2.903770949973437723e-02
3.264206647946316098e-02
2.251652696835339945e-02
1.521643335533978160e-02
9.999999999999999547e-07
9.999999999999999547e-07
9.999999999999999547e-07
1.521618435570868191e-02
2.251904849226371227e-02
3.264674107377652651e-02
2.903934047428980217e-02
2.666609882913338267e-02
2.512728570748828244e-02
2.407499474111158763e-02
2.365702271834179554e-02
2.397542583291379509e-02
2.378501602052747813e-02
2.365702271834178166e-02
2.436637334998369153e-02
2.552728442159998487e-02
2.902584216303080375e-02
3.046780975396741475e-02
1.459511476729524401e-02
9.999999999999999547e-07
9.999999999999999547e-07
9.999999999999999547e-07
9.999999999999999547e-07
9.999999999999999547e-07
1.459511476729523534e-02
3.046780975396744945e-02
2.902584216303080375e-02
2.552728442159998140e-02
2.436637334998369847e-02
2.365702271834179207e-02
2.378501602052747813e-02
2.424902569615105738e-02
2.397035631239140263e-02
2.350818986859406698e-02
2.404189662048860157e-02
2.504605739983513726e-02
2.916581481293135936e-02
2.898370970182791509e-02
1.320626422368837566e-02
9.999999999999999547e-07
9.999999999999999547e-07
9.999999999999999547e-07
9.999999999999999547e-07
9.999999999999999547e-07
1.320467425403745038e-02
2.898374754304980719e-02
2.916493117368770815e-02
2.504643775278371509e-02
2.404110372142990310e-02
2.350713030912180562e-02
2.397542583291379509e-02
2.397035631239141304e-02
2.377725345147350955e-02
2.365482923151686692e-02
2.436688466689117955e-02
2.552625852308006496e-02
2.902315968734401827e-02
3.046755061011051716e-02
1.459501323884714562e-02
9.999999999999999547e-07
9.999999999999999547e-07
9.999999999999999547e-07
9.999999999999999547e-07
9.999999999999999547e-07
1.459486966413601865e-02
3.046708858066878717e-02
2.902402656048561763e-02
2.552929379550445549e-02
2.436379041536622728e-02
2.365432992390924596e-02
2.378501602052749894e-02
2.350818986859406698e-02
2.365482923151687733e-02
2.407681647941876599e-02
2.512722016019885637e-02
2.666610109306799190e-02
2.903854966644628388e-02
3.264477856961550684e-02
2.251712502305134103e-02
1.521618435570867844e-02
9.999999999999999547e-07
9.999999999999999547e-07
9.999999999999999547e-07
1.521624157584361252e-02
2.251629511362186059e-02
3.264107259860885707e-02
2.903875359615919541e-02
2.666538678901889808e-02
2.512866944565700367e-02
2.407591564051183783e-02
2.365702271834179901e-02
2.404189662048860504e-02
2.436688466689120730e-02
2.512722016019883903e-02
2.635457280032677679e-02
2.799676953328849097e-02
2.977303916777298068e-02
3.236880711673641858e-02
3.194970010570502561e-02
2.251904849226372962e-02
1.459511476729526830e-02
1.320467425403745038e-02
1.459486966413601171e-02
2.251629511362188141e-02
3.194706795777096930e-02
3.237067321198643099e-02
2.977453369495938751e-02
2.799805890013288071e-02
2.635462950968341447e-02
2.512891224327591655e-02
2.436637334998369847e-02
2.504605739983513726e-02
2.552625852308008578e-02
2.666610109306799190e-02
2.799676953328850484e-02
2.933822828837863092e-02
3.051725340272160025e-02
3.138572012284056301e-02
3.237142586001740679e-02
3.264674107377656120e-02
3.046780975396745986e-02
2.898374754304983841e-02
3.046708858066880798e-02
3.264107259860880156e-02
3.237067321198643099e-02
3.138820095390802006e-02
3.051843778324469375e-02
2.933899979140312461e-02
2.799801352140834920e-02
2.666468922605119002e-02
2.552728442160000569e-02
2.916581481293140099e-02
2.902315968734405990e-02
2.903854966644630470e-02
2.977303916777298068e-02
3.051725340272162454e-02
3.075169214061377471e-02
3.051760160836789262e-02
2.977330549761890086e-02
2.903934047428981258e-02
2.902584216303081416e-02
2.916493117368771856e-02
2.902402656048564886e-02
2.903875359615925092e-02
2.977453369495939792e-02
3.051843778324472845e-02
3.075266227794030624e-02
3.051790143996637242e-02
2.977388634968789957e-02
2.903770949973437723e-02
2.902584216303083844e-02
2.898370970182794978e-02
3.046755061011053450e-02
3.264477856961552765e-02
3.236880711673641858e-02
3.138572012284054913e-02
3.051760160836791344e-02
2.933849507610454196e-02
2.799735177394014826e-02
2.666609882913339308e-02
2.552728442159998487e-02
2.504643775278372897e-02
2.552929379550445549e-02
2.666538678901890502e-02
2.799805890013288764e-02
2.933899979140312114e-02
3.051790143996637242e-02
3.138760823164796904e-02
3.237078623517952031e-02
3.264206647946318179e-02
3.046780975396745986e-02
1.320626422368839301e-02
1.459501323884716296e-02
2.251712502305135838e-02
3.194970010570506030e-02
3.237142586001740679e-02
2.977330549761890086e-02
2.799735177394014479e-02
2.635442015799072807e-02
2.512728570748828591e-02
2.436637334998369153e-02
2.404110372142991003e-02
2.436379041536621687e-02
2.512866944565701754e-02
2.635462950968341794e-02
2.799801352140833879e-02
2.977388634968787529e-02
3.237078623517954806e-02
3.194858215800709667e-02
2.251652696835339945e-02
1.459511476729526830e-02
9.999999999999999547e-07
9.999999999999999547e-07
1.521618435570868191e-02
2.251904849226371227e-02
3.264674107377652651e-02
2.903934047428978829e-02
2.666609882913338267e-02
2.512728570748828244e-02
2.407499474111157375e-02
2.365702271834180248e-02
2.350713030912181256e-02
2.365432992390921474e-02
2.407591564051184130e-02
2.512891224327592696e-02
2.666468922605118655e-02
2.903770949973437723e-02
3.264206647946320261e-02
2.251652696835338210e-02
1.521643335533978160e-02
9.999999999999999547e-07
9.999999999999999547e-07
9.999999999999999547e-07
9.999999999999999547e-07
1.459511476729525095e-02
3.046780975396744945e-02
2.902584216303079334e-02
2.552728442159997793e-02
2.436637334998370194e-02
2.365702271834179207e-02
2.378501602052747813e-02
2.397542583291380203e-02
2.378501602052747466e-02
2.365702271834179207e-02
2.436637334998367072e-02
2.552728442159999528e-02
2.902584216303081416e-02
3.046780975396744945e-02
1.459511476729523534e-02
9.999999999999999547e-07
9.999999999999999547e-07
9.999999999999999547e-07
9.999999999999999547e-07
2.792645813346888300e-02
1.983783585010689965e-02
3.256819320174107746e-02
2.916677186800539431e-02
2.629262762681818313e-02
2.481578314480939809e-02
2.384879927416462889e-02
2.350713030912180215e-02
2.338249210318906271e-02
2.350818986859406004e-02
2.384728877982454642e-02
2.481677600065458969e-02
2.629288125329908715e-02
2.916631806871370150e-02
3.257093618591137135e-02
1.984003607757805349e-02
2.791220706773046498e-02
9.999999999999999547e-07
9.999999999999999547e-07
9.999999999999999547e-07
1.521624157584363160e-02
2.251629511362186059e-02
3.264107259860881544e-02
2.903875359615919541e-02
2.666538678901891543e-02
2.512866944565700367e-02
2.407591564051184130e-02
2.365702271834181289e-02
2.350818986859407045e-02
2.365482923151686345e-02
2.407681647941877640e-02
2.512722016019885637e-02
2.666610109306799536e-02
2.903854966644630470e-02
3.264477856961550684e-02
2.251712502305135838e-02
1.521618435570867844e-02
9.999999999999999547e-07
2.792645813346888300e-02
1.521624157584364201e-02
1.708228396505309318e-02
2.882691159724725186e-02
3.205639687655703618e-02
2.927571492541603329e-02
2.750815303043831206e-02
2.588649441877904911e-02
2.470610442916685440e-02
2.407499474111159457e-02
2.384728877982454642e-02
2.407681647941876252e-02
2.470357225740477808e-02
2.588758679278217734e-02
2.750816213564596588e-02
2.927490208175706835e-02
3.205644175392908385e-02
2.883131267655974009e-02
1.708284670376403191e-02
1.521643335533978854e-02
1.983783585010693434e-02
2.251629511362187447e-02
2.882691159724724145e-02
3.208968058689222469e-02
3.131024227886570338e-02
3.000622544267127906e-02
2.849285200112663605e-02
2.702685734868432235e-02
2.588762655813185362e-02
2.512728570748828591e-02
2.481677600065461051e-02
2.512722016019887025e-02
2.588758679278215652e-02
2.702551349342041317e-02
2.849188574292733922e-02
3.000501776429414028e-02
3.130929778740931119e-02
3.209012170292738914e-02
2.882735844518454979e-02
2.251652696835339945e-02
3.256819320174110521e-02
3.264107259860883625e-02
3.205639687655704312e-02
3.131024227886570338e-02
3.115523132633855885e-02
3.049821197729628980e-02
2.952659944677750795e-02
2.849246049031644787e-02
2.750858939017192251e-02
2.666609882913341042e-02
2.629288125329909756e-02
2.666610109306800924e-02
2.750816213564597629e-02
2.849188574292736698e-02
2.952611608431946616e-02
3.049723083976319665e-02
3.115344259005556338e-02
3.130887529518160128e-02
3.205559821880780980e-02
3.264206647946319567e-02
2.916677186800541513e-02
2.903875359615923010e-02
2.927571492541601247e-02
3.000622544267125130e-02
3.049821197729628980e-02
3.064146199837900278e-02
3.049712358840388216e-02
3.000554943819047984e-02
2.927521064271159171e-02
2.903934047428982299e-02
2.916631806871372579e-02
2.903854966644631511e-02
2.927490208175706835e-02
3.000501776429414721e-02
3.049723083976320012e-02
3.064162852647569699e-02
3.049688709206472073e-02
3.000528722830888076e-02
2.927521064271158130e-02
2.903770949973438764e-02
2.629262762681817620e-02
2.666538678901889808e-02
2.750815303043833288e-02
2.849285200112664299e-02
2.952659944677754264e-02
3.049712358840388562e-02
3.115399201010928681e-02
3.130949021546564764e-02
3.205559821880783061e-02
3.264674107377658202e-02
3.257093618591138523e-02
3.264477856961553459e-02
3.205644175392906997e-02
3.130929778740931119e-02
3.115344259005554603e-02
3.049688709206472073e-02
2.952655248233200524e-02
2.849230209496652483e-02
2.750858939017190516e-02
2.666468922605117614e-02
2.481578314480941544e-02
2.512866944565700367e-02
2.588649441877905258e-02
2.702685734868431194e-02
2.849246049031643052e-02
3.000554943819046597e-02
3.130949021546564764e-02
3.209044948086851867e-02
2.882735844518453938e-02
2.251904849226371227e-02
1.984003607757805349e-02
2.251712502305136879e-02
2.883131267655969499e-02
3.209012170292738914e-02
3.130887529518160128e-02
3.000528722830887729e-02
2.849230209496650748e-02
2.702634059669773228e-02
2.588762655813186056e-02
2.512891224327592696e-02
2.384879927416461154e-02
2.407591564051184477e-02
2.470610442916683358e-02
2.588762655813185362e-02
2.750858939017191210e-02
2.927521064271157089e-02
3.205559821880783061e-02
2.882735844518454979e-02
1.708284670376404579e-02
1.521618435570868191e-02
2.791220706773047192e-02
1.521618435570868538e-02
1.708284670376404579e-02
2.882735844518452550e-02
3.205559821880783061e-02
2.927521064271158130e-02
2.750858939017190516e-02
2.588762655813185362e-02
2.470610442916684399e-02
2.407591564051184477e-02
2.350713030912179868e-02
2.365702271834179901e-02
2.407499474111159110e-02
2.512728570748829285e-02
2.666609882913339308e-02
2.903934047428982299e-02
3.264674107377652651e-02
2.251904849226370187e-02
1.521618435570867844e-02
9.999999999999999547e-07
9.999999999999999547e-07
9.999999999999999547e-07
1.521643335533976772e-02
2.251652696835338904e-02
3.264206647946316792e-02
2.903770949973437723e-02
2.666468922605118655e-02
2.512891224327592696e-02
2.407591564051184477e-02
2.365432992390922168e-02
2.338249210318906271e-02
2.350818986859407045e-02
2.384728877982454295e-02
2.481677600065458969e-02
2.629288125329909756e-02
2.916631806871369109e-02
3.257093618591137135e-02
1.984003607757805349e-02
2.791220706773048579e-02
9.999999999999999547e-07
9.999999999999999547e-07
9.999999999999999547e-07
2.792645813346886913e-02
1.983783585010689965e-02
3.256819320174107746e-02
2.916677186800536309e-02
2.629262762681817273e-02
2.481578314480939809e-02
2.384879927416462195e-02
2.350713030912180562e-02
2.350818986859407392e-02
2.365482923151685304e-02
2.407681647941876599e-02
2.512722016019886678e-02
2.666610109306798496e-02
2.903854966644630470e-02
3.264477856961550684e-02
2.251712502305134797e-02
1.521618435570866804e-02
9.999999999999999547e-07
9.999999999999999547e-07
9.999999999999999547e-07
1.521624157584362813e-02
2.251629511362187447e-02
3.264107259860880156e-02
2.903875359615920582e-02
2.666538678901890849e-02
2.512866944565698979e-02
2.407591564051184477e-02
2.365702271834181289e-02
2.384728877982456030e-02
2.407681647941876252e-02
2.470357225740477114e-02
2.588758679278215652e-02
2.750816213564595547e-02
2.927490208175704753e-02
3.205644175392906303e-02
2.883131267655970539e-02
1.708284670376403191e-02
1.521643335533978507e-02
2.792645813346888300e-02
1.521624157584364201e-02
1.708228396505309318e-02
2.882691159724725186e-02
3.205639687655703618e-02
2.927571492541603329e-02
2.750815303043831206e-02
2.588649441877904911e-02
2.470610442916685440e-02
2.407499474111158763e-02
2.481677600065461051e-02
2.512722016019885637e-02
2.588758679278215652e-02
2.702551349342042011e-02
2.849188574292736351e-02
3.000501776429412987e-02
3.130929778740931119e-02
3.209012170292738220e-02
2.882735844518453938e-02
2.251652696835338210e-02
1.983783585010691700e-02
2.251629511362186059e-02
2.882691159724725186e-02
3.208968058689219693e-02
3.131024227886569644e-02
3.000622544267127906e-02
2.849285200112663605e-02
2.702685734868431888e-02
2.588762655813185709e-02
2.512728570748828244e-02
2.629288125329909756e-02
2.666610109306798149e-02
2.750816213564598323e-02
2.849188574292736351e-02
2.952611608431945575e-02
3.049723083976318971e-02
3.115344259005556338e-02
3.130887529518162210e-02
3.205559821880783061e-02
3.264206647946320261e-02
3.256819320174110521e-02
3.264107259860882237e-02
3.205639687655704312e-02
3.131024227886571726e-02
3.115523132633854497e-02
3.049821197729630368e-02
2.952659944677751142e-02
2.849246049031644787e-02
2.750858939017192251e-02
2.666609882913340349e-02
2.916631806871373619e-02
2.903854966644631511e-02
2.927490208175707875e-02
3.000501776429412987e-02
3.049723083976319665e-02
3.064162852647570739e-02
3.049688709206469645e-02
3.000528722830889117e-02
2.927521064271159171e-02
2.903770949973438764e-02
2.916677186800542554e-02
2.903875359615923010e-02
2.927571492541603329e-02
3.000622544267126171e-02
3.049821197729630368e-02
3.064146199837902360e-02
3.049712358840386481e-02
3.000554943819047637e-02
2.927521064271158130e-02
2.903934047428984380e-02
3.257093618591140605e-02
3.264477856961554847e-02
3.205644175392906303e-02
3.130929778740931119e-02
3.115344259005555644e-02
3.049688709206470685e-02
2.952655248233200524e-02
2.849230209496653177e-02
2.750858939017190516e-02
2.666468922605119349e-02
2.629262762681818660e-02
2.666538678901890849e-02
2.750815303043833288e-02
2.849285200112666033e-02
2.952659944677754264e-02
3.049712358840386481e-02
3.115399201010929375e-02
3.130949021546567540e-02
3.205559821880785143e-02
3.264674107377658202e-02
1.984003607757805349e-02
2.251712502305134797e-02
2.883131267655972621e-02
3.209012170292738914e-02
3.130887529518160128e-02
3.000528722830887729e-02
2.849230209496653524e-02
2.702634059669772881e-02
2.588762655813186056e-02
2.512891224327592696e-02
2.481578314480941544e-02
2.512866944565700367e-02
2.588649441877905258e-02
2.702685734868432235e-02
2.849246049031642011e-02
3.000554943819047637e-02
3.130949021546566152e-02
3.209044948086850479e-02
2.882735844518452550e-02
2.251904849226371921e-02
2.791220706773046498e-02
1.521618435570869753e-02
1.708284670376404579e-02
2.882735844518452550e-02
3.205559821880780980e-02
2.927521064271158130e-02
2.750858939017190516e-02
2.588762655813187097e-02
2.470610442916684052e-02
2.407591564051184477e-02
2.384879927416461154e-02
2.407591564051184130e-02
2.470610442916684399e-02
2.588762655813185362e-02
2.750858939017192251e-02
2.927521064271159171e-02
3.205559821880781673e-02
2.882735844518451510e-02
1.708284670376403885e-02
1.521618435570868885e-02
9.999999999999999547e-07
9.999999999999999547e-07
1.521643335533977293e-02
2.251652696835338904e-02
3.264206647946318179e-02
2.903770949973436682e-02
2.666468922605119002e-02
2.512891224327590267e-02
2.407591564051185171e-02
2.365432992390922862e-02
2.350713030912180562e-02
2.365702271834179554e-02
2.407499474111157375e-02
2.512728570748829285e-02
2.666609882913339308e-02
2.903934047428978829e-02
3.264674107377656120e-02
2.251904849226371921e-02
1.521618435570867151e-02
9.999999999999999547e-07
1.505634791099190115e-02
1.320467425403743997e-02
1.983783585010693434e-02
3.138986807311131694e-02
3.303084049363626956e-02
2.975865864721315840e-02
2.778954928636388072e-02
2.607205793350392611e-02
2.481578314480941197e-02
2.404110372142989616e-02
2.373426977279910824e-02
2.404189662048860157e-02
2.481677600065462785e-02
2.606989922338324300e-02
2.778879612138279026e-02
2.975717078412069491e-02
3.303167302447604370e-02
3.139686228038864740e-02
1.984003607757805349e-02
1.320626422368837566e-02
1.320467425403743997e-02
1.459486966413602906e-02
2.251629511362187447e-02
3.194706795777096930e-02
3.237067321198643099e-02
2.977453369495939792e-02
2.799805890013285295e-02
2.635462950968339713e-02
2.512891224327591308e-02
2.436637334998369847e-02
2.404189662048861545e-02
2.436688466689118301e-02
2.512722016019885291e-02
2.635457280032678026e-02
2.799676953328850831e-02
2.977303916777298068e-02
3.236880711673641164e-02
3.194970010570504643e-02
2.251904849226371921e-02
1.459511476729526136e-02
1.983783585010693434e-02
2.251629511362187447e-02
2.882691159724727614e-02
3.208968058689220387e-02
3.131024227886569644e-02
3.000622544267127559e-02
2.849285200112663258e-02
2.702685734868432235e-02
2.588762655813186056e-02
2.512728570748827550e-02
2.481677600065460357e-02
2.512722016019885291e-02
2.588758679278215305e-02
2.702551349342041317e-02
2.849188574292736351e-02
3.000501776429413681e-02
3.130929778740931119e-02
3.209012170292738914e-02
2.882735844518452550e-02
2.251652696835338904e-02
3.138986807311135857e-02
3.194706795777096930e-02
3.208968058689218306e-02
3.137651134585563162e-02
3.120843560723128574e-02
3.027123981170062525e-02
2.908225818834550211e-02
2.796390011112268037e-02
2.702634059669772881e-02
2.635442015799074889e-02
2.606989922338321872e-02
2.635457280032679067e-02
2.702551349342041664e-02
2.796319264588247380e-02
2.908116809334593614e-02
3.026963198552668280e-02
3.120692383258908201e-02
3.137513235197019607e-02
3.209044948086851867e-02
3.194858215800708973e-02
3.303084049363629732e-02
3.237067321198643793e-02
3.131024227886572420e-02
3.120843560723128574e-02
3.097214046870669715e-02
3.035020844488446612e-02
2.971301972157663548e-02
2.908223787225037993e-02
2.849230209496653177e-02
2.799735177394015867e-02
2.778879612138277291e-02
2.799676953328850831e-02
2.849188574292734616e-02
2.908116809334593614e-02
2.971497380258964968e-02
3.034948874933063312e-02
3.096949805969539254e-02
3.120716447990679737e-02
3.130949021546564764e-02
3.237078623517950643e-02
2.975865864721315840e-02
2.977453369495941179e-02
3.000622544267127906e-02
3.027123981170064954e-02
3.035020844488446612e-02
3.036753542022145591e-02
3.034935653372857617e-02
3.027044777769772460e-02
3.000528722830888770e-02
2.977330549761890086e-02
2.975717078412070879e-02
2.977303916777298068e-02
3.000501776429415068e-02
3.026963198552669668e-02
3.034948874933061577e-02
3.036710214857331683e-02
3.034886248061481953e-02
3.027044777769772113e-02
3.000554943819046597e-02
2.977388634968790998e-02
2.778954928636389113e-02
2.799805890013288764e-02
2.849285200112664992e-02
2.908225818834551252e-02
2.971301972157664589e-02
3.034935653372857964e-02
3.097086991464970476e-02
3.120716447990679737e-02
3.130887529518162210e-02
3.237142586001744843e-02
3.303167302447605758e-02
3.236880711673643246e-02
3.130929778740933200e-02
3.120692383258910976e-02
3.096949805969540295e-02
3.034886248061482300e-02
2.971347199268830827e-02
2.908223787225039034e-02
2.849246049031643052e-02
2.799801352140833532e-02
2.607205793350392958e-02
2.635462950968340060e-02
2.702685734868432582e-02
2.796390011112268037e-02
2.908223787225036605e-02
3.027044777769772807e-02
3.120716447990678696e-02
3.137513235197021688e-02
3.209012170292740301e-02
3.194970010570506030e-02
3.139686228038867516e-02
3.194970010570504643e-02
3.209012170292738914e-02
3.137513235197020994e-02
3.120716447990678696e-02
3.027044777769773848e-02
2.908223787225036258e-02
2.796390011112265608e-02
2.702685734868431888e-02
2.635462950968342488e-02
2.481578314480941197e-02
2.512891224327590267e-02
2.588762655813184668e-02
2.702634059669773228e-02
2.849230209496652483e-02
3.000528722830886688e-02
3.130887529518160128e-02
3.209012170292738220e-02
2.883131267655972621e-02
2.251712502305134103e-02
1.984003607757804308e-02
2.251904849226371921e-02
2.882735844518454979e-02
3.209044948086850479e-02
3.130949021546564764e-02
3.000554943819046597e-02
2.849246049031643399e-02
2.702685734868432582e-02
2.588649441877904911e-02
2.512866944565701061e-02
2.404110372142991003e-02
2.436637334998368806e-02
2.512728570748828244e-02
2.635442015799073501e-02
2.799735177394016561e-02
2.977330549761890086e-02
3.237142586001742761e-02
3.194970010570504643e-02
2.251712502305135838e-02
1.459501323884715429e-02
1.320626422368836352e-02
1.459511476729524401e-02
2.251652696835338210e-02
3.194858215800711054e-02
3.237078623517952725e-02
2.977388634968789957e-02
2.799801352140834573e-02
2.635462950968341447e-02
2.512866944565699673e-02
2.436379041536621687e-02
2.373426977279909436e-02
2.404189662048860157e-02
2.481677600065461745e-02
2.606989922338323606e-02
2.778879612138279026e-02
2.975717078412068450e-02
3.303167302447602982e-02
3.139686228038864740e-02
1.984003607757804308e-02
1.320626422368837566e-02
1.505634791099191849e-02
1.320467425403745038e-02
1.983783585010692394e-02
3.138986807311128918e-02
3.303084049363626956e-02
2.975865864721314105e-02
2.778954928636389807e-02
2.607205793350392611e-02
2.481578314480941197e-02
2.404110372142991003e-02
2.404189662048860504e-02
2.436688466689119342e-02
2.512722016019886331e-02
2.635457280032677332e-02
2.799676953328849444e-02
2.977303916777296680e-02
3.236880711673641858e-02
3.194970010570504643e-02
2.251904849226372962e-02
1.459511476729525095e-02
1.320467425403744344e-02
1.459486966413601171e-02
2.251629511362185018e-02
3.194706795777096930e-02
3.237067321198643793e-02
2.977453369495941179e-02
2.799805890013285295e-02
2.635462950968340060e-02
2.512891224327592696e-02
2.436637334998368806e-02
2.481677600065461745e-02
2.512722016019885637e-02
2.588758679278216693e-02
2.702551349342041317e-02
2.849188574292734616e-02
3.000501776429411599e-02
3.130929778740933200e-02
3.209012170292738914e-02
2.882735844518451510e-02
2.251652696835338904e-02
1.983783585010693434e-02
2.251629511362185018e-02
2.882691159724724145e-02
3.208968058689218306e-02
3.131024227886569644e-02
3.000622544267126518e-02
2.849285200112664992e-02
2.702685734868431888e-02
2.588762655813185362e-02
2.512728570748828244e-02
2.606989922338323953e-02
2.635457280032678026e-02
2.702551349342040277e-02
2.796319264588247380e-02
2.908116809334593961e-02
3.026963198552668627e-02
3.120692383258908201e-02
3.137513235197023770e-02
3.209044948086856031e-02
3.194858215800712442e-02
3.138986807311135163e-02
3.194706795777097624e-02
3.208968058689220387e-02
3.137651134585564550e-02
3.120843560723129961e-02
3.027123981170064954e-02
2.908225818834550211e-02
2.796390011112268037e-02
2.702634059669773228e-02
2.635442015799074889e-02
2.778879612138280414e-02
2.799676953328850484e-02
2.849188574292736351e-02
2.908116809334593614e-02
2.971497380258964968e-02
3.034948874933062965e-02
3.096949805969539254e-02
3.120716447990681125e-02
3.130949021546567540e-02
3.237078623517950643e-02
3.303084049363629732e-02
3.237067321198646569e-02
3.131024227886570338e-02
3.120843560723129961e-02
3.097214046870673185e-02
3.035020844488445571e-02
2.971301972157664589e-02
2.908223787225037993e-02
2.849230209496653177e-02
2.799735177394014826e-02
2.975717078412068450e-02
2.977303916777298068e-02
3.000501776429414721e-02
3.026963198552669668e-02
3.034948874933062271e-02
3.036710214857330642e-02
3.034886248061481953e-02
3.027044777769772113e-02
3.000554943819048331e-02
2.977388634968790998e-02
2.975865864721316881e-02
2.977453369495942220e-02
3.000622544267127906e-02
3.027123981170063566e-02
3.035020844488445571e-02
3.036753542022145591e-02
3.034935653372857964e-02
3.027044777769772807e-02
3.000528722830889117e-02
2.977330549761890086e-02
3.303167302447605758e-02
3.236880711673644634e-02
3.130929778740931813e-02
3.120692383258909242e-02
3.096949805969539254e-02
3.034886248061480912e-02
2.971347199268831868e-02
2.908223787225035564e-02
2.849246049031642011e-02
2.799801352140834573e-02
2.778954928636390501e-02
2.799805890013287377e-02
2.849285200112665339e-02
2.908225818834549170e-02
2.971301972157664589e-02
3.034935653372858658e-02
3.097086991464969435e-02
3.120716447990679737e-02
3.130887529518162210e-02
3.237142586001742761e-02
3.139686228038867516e-02
3.194970010570506724e-02
3.209012170292740301e-02
3.137513235197020994e-02
3.120716447990678696e-02
3.027044777769772460e-02
2.908223787225039034e-02
2.796390011112268037e-02
2.702685734868433623e-02
2.635462950968341794e-02
2.607205793350394346e-02
2.635462950968340060e-02
2.702685734868431888e-02
2.796390011112267343e-02
2.908223787225036258e-02
3.027044777769772113e-02
3.120716447990677656e-02
3.137513235197019607e-02
3.209012170292738914e-02
3.194970010570509500e-02
1.984003607757807430e-02
2.251904849226371921e-02
2.882735844518452550e-02
3.209044948086850479e-02
3.130949021546564764e-02
3.000554943819046597e-02
2.849246049031644093e-02
2.702685734868432235e-02
2.588649441877906299e-02
2.512866944565701061e-02
2.481578314480943973e-02
2.512891224327591655e-02
2.588762655813187097e-02
2.702634059669772881e-02
2.849230209496652483e-02
3.000528722830887729e-02
3.130887529518160128e-02
3.209012170292740301e-02
2.883131267655972621e-02
2.251712502305132715e-02
1.320626422368838433e-02
1.459511476729524401e-02
2.251652696835338904e-02
3.194858215800713136e-02
3.237078623517954112e-02
2.977388634968788916e-02
2.799801352140834573e-02
2.635462950968341447e-02
2.512866944565699673e-02
2.436379041536621687e-02
2.404110372142989963e-02
2.436637334998368806e-02
2.512728570748828591e-02
2.635442015799074889e-02
2.799735177394015867e-02
2.977330549761888351e-02
3.237142586001742761e-02
3.194970010570503949e-02
2.251712502305134797e-02
1.459501323884715429e-02
2.693833339739115304e-02
2.898374754304982800e-02
3.256819320174108440e-02
3.303084049363629732e-02
3.159795540278043796e-02
3.052668423069469783e-02
2.925993572008696655e-02
2.778954928636389113e-02
2.629262762681817620e-02
2.504643775278374285e-02
2.453203631843460519e-02
2.504605739983510604e-02
2.629288125329909756e-02
2.778879612138279373e-02
2.925938522698069352e-02
3.052598309064252086e-02
3.159823212883588334e-02
3.303167302447604370e-02
3.257093618591135747e-02
2.898370970182796019e-02
2.898374754304982800e-02
3.046708858066878717e-02
3.264107259860883625e-02
3.237067321198643099e-02
3.138820095390799925e-02
3.051843778324469375e-02
2.933899979140312808e-02
2.799801352140833879e-02
2.666468922605117961e-02
2.552728442159998487e-02
2.504605739983510951e-02
2.552625852308008578e-02
2.666610109306799536e-02
2.799676953328849444e-02
2.933822828837863092e-02
3.051725340272162107e-02
3.138572012284058382e-02
3.237142586001741373e-02
3.264674107377654733e-02
3.046780975396744945e-02
3.256819320174110521e-02
3.264107259860884319e-02
3.205639687655702230e-02
3.131024227886568256e-02
3.115523132633852416e-02
3.049821197729632796e-02
2.952659944677752529e-02
2.849246049031643052e-02
2.750858939017192251e-02
2.666609882913339308e-02
2.629288125329909409e-02
2.666610109306798149e-02
2.750816213564596935e-02
2.849188574292735310e-02
2.952611608431946616e-02
3.049723083976318277e-02
3.115344259005556685e-02
3.130887529518162210e-02
3.205559821880783061e-02
3.264206647946318179e-02
3.303084049363629732e-02
3.237067321198646569e-02
3.131024227886572420e-02
3.120843560723128574e-02
3.097214046870670062e-02
3.035020844488446265e-02
2.971301972157664589e-02
2.908223787225037993e-02
2.849230209496652136e-02
2.799735177394016561e-02
2.778879612138280414e-02
2.799676953328849444e-02
2.849188574292736698e-02
2.908116809334596042e-02
2.971497380258963927e-02
3.034948874933063312e-02
3.096949805969537867e-02
3.120716447990679737e-02
3.130949021546567540e-02
3.237078623517950643e-02
3.159795540278042408e-02
3.138820095390802006e-02
3.115523132633854497e-02
3.097214046870669715e-02
3.048710317097862860e-02
3.010140814291722630e-02
2.987987374589766432e-02
2.971347199268833256e-02
2.952655248233202259e-02
2.933849507610454196e-02
2.925938522698070740e-02
2.933822828837864133e-02
2.952611608431947310e-02
2.971497380258963580e-02
2.987603521988873786e-02
3.010256157186648115e-02
3.048741584748384040e-02
3.097086991464969435e-02
3.115399201010930763e-02
3.138760823164798985e-02
3.052668423069472212e-02
3.051843778324472151e-02
3.049821197729630715e-02
3.035020844488447306e-02
3.010140814291720202e-02
3.001608310705436433e-02
3.010577883413390055e-02
3.034886248061481953e-02
3.049688709206472767e-02
3.051760160836790997e-02
3.052598309064250698e-02
3.051725340272163495e-02
3.049723083976321053e-02
3.034948874933061577e-02
3.010256157186648115e-02
3.001966824571571449e-02
3.010577883413390055e-02
3.034935653372859352e-02
3.049712358840389256e-02
3.051790143996637589e-02
2.925993572008697002e-02
2.933899979140313849e-02
2.952659944677752529e-02
2.971301972157664589e-02
2.987987374589766432e-02
3.010577883413389361e-02
3.048741584748384387e-02
3.096949805969539254e-02
3.115344259005555644e-02
3.138572012284059770e-02
3.159823212883587640e-02
3.138572012284056995e-02
3.115344259005557379e-02
3.096949805969540295e-02
3.048741584748385081e-02
3.010577883413388667e-02
2.987987374589765738e-02
2.971301972157664242e-02
2.952659944677752182e-02
2.933899979140312808e-02
2.778954928636389807e-02
2.799801352140835614e-02
2.849246049031644093e-02
2.908223787225037646e-02
2.971347199268832909e-02
3.034886248061480912e-02
3.096949805969539601e-02
3.120692383258910282e-02
3.130929778740935282e-02
3.236880711673641164e-02
3.303167302447605758e-02
3.237142586001739292e-02
3.130887529518162210e-02
3.120716447990679737e-02
3.097086991464969435e-02
3.034935653372856923e-02
2.971301972157664242e-02
2.908225818834547782e-02
2.849285200112664299e-02
2.799805890013288071e-02
2.629262762681818313e-02
2.666468922605117961e-02
2.750858939017193985e-02
2.849230209496652136e-02
2.952655248233200524e-02
3.049688709206471032e-02
3.115344259005555644e-02
3.130929778740931119e-02
3.205644175392910467e-02
3.264477856961552765e-02
3.257093618591137135e-02
3.264674107377654733e-02
3.205559821880783061e-02
3.130949021546564764e-02
3.115399201010929722e-02
3.049712358840387175e-02
2.952659944677754264e-02
2.849285200112663605e-02
2.750815303043832247e-02
2.666538678901890849e-02
2.504643775278372897e-02
2.552728442159999528e-02
2.666609882913339308e-02
2.799735177394015867e-02
2.933849507610452809e-02
3.051760160836789956e-02
3.138572012284056995e-02
3.236880711673641858e-02
3.264477856961550684e-02
3.046755061011052756e-02
2.898370970182794978e-02
3.046780975396743904e-02
3.264206647946316098e-02
3.237078623517952725e-02
3.138760823164796904e-02
3.051790143996636548e-02
2.933899979140312114e-02
2.799805890013286683e-02
2.666538678901889461e-02
2.552929379550446243e-02
2.453203631843460519e-02
2.504605739983512686e-02
2.629288125329909756e-02
2.778879612138279373e-02
2.925938522698069005e-02
3.052598309064252086e-02
3.159823212883586252e-02
3.303167302447606452e-02
3.257093618591135747e-02
2.898370970182794978e-02
2.693833339739117039e-02
2.898374754304982800e-02
3.256819320174106358e-02
3.303084049363628344e-02
3.159795540278041714e-02
3.052668423069470824e-02
2.925993572008696655e-02
2.778954928636390501e-02
2.629262762681817273e-02
2.504643775278374285e-02
2.504605739983510951e-02
2.552625852308006496e-02
2.666610109306798496e-02
2.799676953328850484e-02
2.933822828837862745e-02
3.051725340272161066e-02
3.138572012284056301e-02
3.237142586001739292e-02
3.264674107377651263e-02
3.046780975396741475e-02
2.898374754304982800e-02
3.046708858066879758e-02
3.264107259860882237e-02
3.237067321198643099e-02
3.138820095390799925e-02
3.051843778324470069e-02
2.933899979140313849e-02
2.799801352140834920e-02
2.666468922605117614e-02
2.552728442159998487e-02
2.629288125329909409e-02
2.666610109306799536e-02
2.750816213564596935e-02
2.849188574292734616e-02
2.952611608431945575e-02
3.049723083976317584e-02
3.115344259005556338e-02
3.130887529518162904e-02
3.205559821880785143e-02
3.264206647946318179e-02
3.256819320174107746e-02
3.264107259860884319e-02
3.205639687655702230e-02
3.131024227886569644e-02
3.115523132633853456e-02
3.049821197729630368e-02
2.952659944677753570e-02
2.849246049031643399e-02
2.750858939017191210e-02
2.666609882913339308e-02
2.778879612138277985e-02
2.799676953328851178e-02
2.849188574292737391e-02
2.908116809334596042e-02
2.971497380258963927e-02
3.034948874933062965e-02
3.096949805969540295e-02
3.120716447990679737e-02
3.130949021546564764e-02
3.237078623517952725e-02
3.303084049363629732e-02
3.237067321198645181e-02
3.131024227886570338e-02
3.120843560723129961e-02
3.097214046870671103e-02
3.035020844488446612e-02
2.971301972157664242e-02
2.908223787225037299e-02
2.849230209496652136e-02
2.799735177394016908e-02
2.925938522698070393e-02
2.933822828837862398e-02
2.952611608431947657e-02
2.971497380258964621e-02
2.987603521988873786e-02
3.010256157186647769e-02
3.048741584748386121e-02
3.097086991464970476e-02
3.115399201010932151e-02
3.138760823164798985e-02
3.159795540278042408e-02
3.138820095390800619e-02
3.115523132633854497e-02
3.097214046870671103e-02
3.048710317097862860e-02
3.010140814291723324e-02
2.987987374589766432e-02
2.971347199268833256e-02
2.952655248233201912e-02
2.933849507610456625e-02
3.052598309064253126e-02
3.051725340272163495e-02
3.049723083976320359e-02
3.034948874933062271e-02
3.010256157186647769e-02
3.001966824571571449e-02
3.010577883413390748e-02
3.034935653372857617e-02
3.049712358840388562e-02
3.051790143996636201e-02
3.052668423069472212e-02
3.051843778324471457e-02
3.049821197729630715e-02
3.035020844488445571e-02
3.010140814291720202e-02
3.001608310705436433e-02
3.010577883413390055e-02
3.034886248061483688e-02
3.049688709206472073e-02
3.051760160836790997e-02
3.159823212883591109e-02
3.138572012284061852e-02
3.115344259005556338e-02
3.096949805969540295e-02
3.048741584748384387e-02
3.010577883413388667e-02
2.987987374589765391e-02
2.971301972157664242e-02
2.952659944677753223e-02
2.933899979140314196e-02
2.925993572008697002e-02
2.933899979140313849e-02
2.952659944677754611e-02
2.971301972157665630e-02
2.987987374589766432e-02
3.010577883413390402e-02
3.048741584748386121e-02
3.096949805969539254e-02
3.115344259005557379e-02
3.138572012284063240e-02
3.303167302447604370e-02
3.237142586001742761e-02
3.130887529518164292e-02
3.120716447990679737e-02
3.097086991464972211e-02
3.034935653372857617e-02
2.971301972157665630e-02
2.908225818834547782e-02
2.849285200112664299e-02
2.799805890013288071e-02
2.778954928636389807e-02
2.799801352140835614e-02
2.849246049031644093e-02
2.908223787225037646e-02
2.971347199268831521e-02
3.034886248061483688e-02
3.096949805969540295e-02
3.120692383258912364e-02
3.130929778740933200e-02
3.236880711673644634e-02
3.257093618591137135e-02
3.264674107377657508e-02
3.205559821880783061e-02
3.130949021546564764e-02
3.115399201010928681e-02
3.049712358840386481e-02
2.952659944677753223e-02
2.849285200112663605e-02
2.750815303043832247e-02
2.666538678901889461e-02
2.629262762681817620e-02
2.666468922605119349e-02
2.750858939017193638e-02
2.849230209496652483e-02
2.952655248233199831e-02
3.049688709206469645e-02
3.115344259005555644e-02
3.130929778740931813e-02
3.205644175392910467e-02
3.264477856961552765e-02
2.898370970182793938e-02
3.046780975396744945e-02
3.264206647946319567e-02
3.237078623517954112e-02
3.138760823164796904e-02
3.051790143996634119e-02
2.933899979140312114e-02
2.799805890013288764e-02
2.666538678901889808e-02
2.552929379550444855e-02
2.504643775278373244e-02
2.552728442159999181e-02
2.666609882913339308e-02
2.799735177394015867e-02
2.933849507610454196e-02
3.051760160836789956e-02
3.138572012284056301e-02
3.236880711673641858e-02
3.264477856961552765e-02
3.046755061011053450e-02
2.923321607328193197e-02
2.916493117368773938e-02
2.916677186800539431e-02
2.975865864721315146e-02
3.052668423069469783e-02
3.078333903946128824e-02
3.052668423069472212e-02
2.975865864721314105e-02
2.916677186800538391e-02
2.916493117368776020e-02
2.923321607328196667e-02
2.916581481293140099e-02
2.916631806871370150e-02
2.975717078412068450e-02
3.052598309064252086e-02
3.078291812844910491e-02
3.052598309064252086e-02
2.975717078412068450e-02
2.916631806871371191e-02
2.916581481293140099e-02
2.916493117368771856e-02
2.902402656048565927e-02
2.903875359615921969e-02
2.977453369495939792e-02
3.051843778324468334e-02
3.075266227794031318e-02
3.051790143996635160e-02
2.977388634968792039e-02
2.903770949973438764e-02
2.902584216303082457e-02
2.916581481293141140e-02
2.902315968734402521e-02
2.903854966644629429e-02
2.977303916777298068e-02
3.051725340272162107e-02
3.075169214061379205e-02
3.051760160836789956e-02
2.977330549761890086e-02
2.903934047428982299e-02
2.902584216303083844e-02
2.916677186800541513e-02
2.903875359615925092e-02
2.927571492541604370e-02
3.000622544267126171e-02
3.049821197729629674e-02
3.064146199837900972e-02
3.049712358840387522e-02
3.000554943819046597e-02
2.927521064271158130e-02
2.903934047428983339e-02
2.916631806871372579e-02
2.903854966644629429e-02
2.927490208175706141e-02
3.000501776429415068e-02
3.049723083976319665e-02
3.064162852647570739e-02
3.049688709206472420e-02
3.000528722830887729e-02
2.927521064271158130e-02
2.903770949973438764e-02
2.975865864721314105e-02
2.977453369495943261e-02
3.000622544267128947e-02
3.027123981170065301e-02
3.035020844488446265e-02
3.036753542022145938e-02
3.034935653372859352e-02
3.027044777769773501e-02
3.000528722830888770e-02
2.977330549761889392e-02
2.975717078412069491e-02
2.977303916777299803e-02
3.000501776429414721e-02
3.026963198552670709e-02
3.034948874933063312e-02
3.036710214857333417e-02
3.034886248061481606e-02
3.027044777769772460e-02
3.000554943819048331e-02
2.977388634968790998e-02
3.052668423069470130e-02
3.051843778324470416e-02
3.049821197729630368e-02
3.035020844488446265e-02
3.010140814291722630e-02
3.001608310705435392e-02
3.010577883413390055e-02
3.034886248061482300e-02
3.049688709206472420e-02
3.051760160836789956e-02
3.052598309064254167e-02
3.051725340272164189e-02
3.049723083976320359e-02
3.034948874933062965e-02
3.010256157186646381e-02
3.001966824571571796e-02
3.010577883413388667e-02
3.034935653372857617e-02
3.049712358840388216e-02
3.051790143996637242e-02
3.078333903946129518e-02
3.075266227794031665e-02
3.064146199837903053e-02
3.036753542022146285e-02
3.001608310705435392e-02
2.990482521176585085e-02
3.001966824571573531e-02
3.036710214857333417e-02
3.064162852647571086e-02
3.075169214061378511e-02
3.078291812844910144e-02
3.075169214061377471e-02
3.064162852647569699e-02
3.036710214857333417e-02
3.001966824571573531e-02
2.990482521176584738e-02
3.001608310705435045e-02
3.036753542022146285e-02
3.064146199837903053e-02
3.075266227794033747e-02
3.052668423069470824e-02
3.051790143996635507e-02
3.049712358840389603e-02
3.034935653372857964e-02
3.010577883413389361e-02
3.001966824571570755e-02
3.010256157186647422e-02
3.034948874933062965e-02
3.049723083976321053e-02
3.051725340272162107e-02
3.052598309064250698e-02
3.051760160836789262e-02
3.049688709206471032e-02
3.034886248061482300e-02
3.010577883413388667e-02
3.001608310705436433e-02
3.010140814291722630e-02
3.035020844488445571e-02
3.049821197729632102e-02
3.051843778324469375e-02
2.975865864721314105e-02
2.977388634968789957e-02
3.000554943819048331e-02
3.027044777769773501e-02
3.034886248061480912e-02
3.036710214857331683e-02
3.034948874933062965e-02
3.026963198552668280e-02
3.000501776429414721e-02
2.977303916777298068e-02
2.975717078412069491e-02
2.977330549761890086e-02
3.000528722830887729e-02
3.027044777769772460e-02
3.034935653372859005e-02
3.036753542022145938e-02
3.035020844488446612e-02
3.027123981170064954e-02
3.000622544267127906e-02
2.977453369495942220e-02
2.916677186800539431e-02
2.903770949973438764e-02
2.927521064271157089e-02
3.000528722830888076e-02
3.049688709206472420e-02
3.064162852647572127e-02
3.049723083976321053e-02
3.000501776429415415e-02
2.927490208175704753e-02
2.903854966644629429e-02
2.916631806871371191e-02
2.903934047428980217e-02
2.927521064271158130e-02
3.000554943819046597e-02
3.049712358840387522e-02
3.064146199837900972e-02
3.049821197729628980e-02
3.000622544267127559e-02
2.927571492541601941e-02
2.903875359615923010e-02
2.916493117368772897e-02
2.902584216303082457e-02
2.903934047428982299e-02
2.977330549761890086e-02
3.051760160836788222e-02
3.075169214061377124e-02
3.051725340272162107e-02
2.977303916777298068e-02
2.903854966644628388e-02
2.902315968734403562e-02
2.916581481293141140e-02
2.902584216303082457e-02
2.903770949973439805e-02
2.977388634968789957e-02
3.051790143996635507e-02
3.075266227794029236e-02
3.051843778324471457e-02
2.977453369495939792e-02
2.903875359615920582e-02
2.902402656048565927e-02
2.923321607328195626e-02
2.916581481293141140e-02
2.916631806871371191e-02
2.975717078412069491e-02
3.052598309064252086e-02
3.078291812844910144e-02
3.052598309064252086e-02
2.975717078412068450e-02
2.916631806871371191e-02
2.916581481293140099e-02
2.923321607328195626e-02
2.916493117368772897e-02
2.916677186800540125e-02
2.975865864721315146e-02
3.052668423069470130e-02
3.078333903946128478e-02
3.052668423069470130e-02
2.975865864721315840e-02
2.916677186800540125e-02
2.916493117368776020e-02
2.916581481293142181e-02
2.902315968734403562e-02
2.903854966644629429e-02
2.977303916777298068e-02
3.051725340272163148e-02
3.075169214061377124e-02
3.051760160836789262e-02
2.977330549761889392e-02
2.903934047428982299e-02
2.902584216303081416e-02
2.916493117368771856e-02
2.902402656048562804e-02
2.903875359615921969e-02
2.977453369495938751e-02
3.051843778324468334e-02
3.075266227794031318e-02
3.051790143996637242e-02
2.977388634968789957e-02
2.903770949973437723e-02
2.902584216303081416e-02
2.916631806871372579e-02
2.903854966644630470e-02
2.927490208175704753e-02
3.000501776429412987e-02
3.049723083976320012e-02
3.064162852647572127e-02
3.049688709206472420e-02
3.000528722830888076e-02
2.927521064271159171e-02
2.903770949973438764e-02
2.916677186800540125e-02
2.903875359615923010e-02
2.927571492541603329e-02
3.000622544267125130e-02
3.049821197729629674e-02
3.064146199837900972e-02
3.049712358840388562e-02
3.000554943819047984e-02
2.927521064271158130e-02
2.903934047428982299e-02
2.975717078412069491e-02
2.977303916777299803e-02
3.000501776429414721e-02
3.026963198552669668e-02
3.034948874933064700e-02
3.036710214857333417e-02
3.034886248061480912e-02
3.027044777769773501e-02
3.000554943819048331e-02
2.977388634968789957e-02
2.975865864721315840e-02
2.977453369495943261e-02
3.000622544267125477e-02
3.027123981170063219e-02
3.035020844488448000e-02
3.036753542022145591e-02
3.034935653372857964e-02
3.027044777769772460e-02
3.000528722830887729e-02
2.977330549761889392e-02
3.052598309064253820e-02
3.051725340272162454e-02
3.049723083976319665e-02
3.034948874933063312e-02
3.010256157186646728e-02
3.001966824571572837e-02
3.010577883413390055e-02
3.034935653372857617e-02
3.049712358840388562e-02
3.051790143996636548e-02
3.052668423069471518e-02
3.051843778324470069e-02
3.049821197729630715e-02
3.035020844488447306e-02
3.010140814291720548e-02
3.001608310705436433e-02
3.010577883413388667e-02
3.034886248061482300e-02
3.049688709206472073e-02
3.051760160836788222e-02
3.078291812844911879e-02
3.075169214061379205e-02
3.064162852647572474e-02
3.036710214857331683e-02
3.001966824571575265e-02
2.990482521176585778e-02
3.001608310705436433e-02
3.036753542022146285e-02
3.064146199837903053e-02
3.075266227794031318e-02
3.078333903946130559e-02
3.075266227794031665e-02
3.064146199837901319e-02
3.036753542022146979e-02
3.001608310705436433e-02
2.990482521176585085e-02
3.001966824571572837e-02
3.036710214857333417e-02
3.064162852647570739e-02
3.075169214061378165e-02
3.052598309064253820e-02
3.051760160836789956e-02
3.049688709206472073e-02
3.034886248061482300e-02
3.010577883413390402e-02
3.001608310705435392e-02
3.010140814291722630e-02
3.035020844488447306e-02
3.049821197729632102e-02
3.051843778324469375e-02
3.052668423069470824e-02
3.051790143996636548e-02
3.049712358840386481e-02
3.034935653372859352e-02
3.010577883413390402e-02
3.001966824571571796e-02
3.010256157186647769e-02
3.034948874933063659e-02
3.049723083976319665e-02
3.051725340272163495e-02
2.975717078412069491e-02
2.977330549761889392e-02
3.000528722830888770e-02
3.027044777769772460e-02
3.034935653372856923e-02
3.036753542022144897e-02
3.035020844488447306e-02
3.027123981170063566e-02
3.000622544267127906e-02
2.977453369495943261e-02
2.975865864721315146e-02
2.977388634968789957e-02
3.000554943819048331e-02
3.027044777769772460e-02
3.034886248061483688e-02
3.036710214857333417e-02
3.034948874933062965e-02
3.026963198552670015e-02
3.000501776429414721e-02
2.977303916777299803e-02
2.916631806871373619e-02
2.903934047428983339e-02
2.927521064271157089e-02
3.000554943819047984e-02
3.049712358840387175e-02
3.064146199837900278e-02
3.049821197729630715e-02
3.000622544267126518e-02
2.927571492541603329e-02
2.903875359615925092e-02
2.916677186800541513e-02
2.903770949973439805e-02
2.927521064271159171e-02
3.000528722830887729e-02
3.049688709206469991e-02
3.064162852647572127e-02
3.049723083976319665e-02
3.000501776429415415e-02
2.927490208175704753e-02
2.903854966644631511e-02
2.916581481293140099e-02
2.902584216303081416e-02
2.903770949973436682e-02
2.977388634968788916e-02
3.051790143996637589e-02
3.075266227794029236e-02
3.051843778324469028e-02
2.977453369495941179e-02
2.903875359615920582e-02
2.902402656048564886e-02
2.916493117368773938e-02
2.902584216303081416e-02
2.903934047428983339e-02
2.977330549761890086e-02
3.051760160836789956e-02
3.075169214061378511e-02
3.051725340272161066e-02
2.977303916777299109e-02
2.903854966644628388e-02
2.902315968734404603e-02
2.453203631843461907e-02
2.504643775278374285e-02
2.629262762681818313e-02
2.778954928636389807e-02
2.925993572008696308e-02
3.052668423069471518e-02
3.159795540278040327e-02
3.303084049363628344e-02
3.256819320174109827e-02
2.898374754304981760e-02
2.693833339739118427e-02
2.898370970182792550e-02
3.257093618591133666e-02
3.303167302447602982e-02
3.159823212883586252e-02
3.052598309064250698e-02
2.925938522698069352e-02
2.778879612138279373e-02
2.629288125329908715e-02
2.504605739983512686e-02
2.504643775278373244e-02
2.552929379550446243e-02
2.666538678901890502e-02
2.799805890013287724e-02
2.933899979140314196e-02
3.051790143996637242e-02
3.138760823164796904e-02
3.237078623517954112e-02
3.264206647946319567e-02
3.046780975396742863e-02
2.898370970182794978e-02
3.046755061011051716e-02
3.264477856961553459e-02
3.236880711673641164e-02
3.138572012284058382e-02
3.051760160836789956e-02
2.933849507610455237e-02
2.799735177394014479e-02
2.666609882913339308e-02
2.552728442159999528e-02
2.629262762681817273e-02
2.666538678901890849e-02
2.750815303043832594e-02
2.849285200112664299e-02
2.952659944677753223e-02
3.049712358840386481e-02
3.115399201010930763e-02
3.130949021546566152e-02
3.205559821880783061e-02
3.264674107377656120e-02
3.257093618591137135e-02
3.264477856961556235e-02
3.205644175392908385e-02
3.130929778740931813e-02
3.115344259005556338e-02
3.049688709206471032e-02
2.952655248233200871e-02
2.849230209496652483e-02
2.750858939017192598e-02
2.666468922605119349e-02
2.778954928636389807e-02
2.799805890013287377e-02
2.849285200112665339e-02
2.908225818834549517e-02
2.971301972157664589e-02
3.034935653372859005e-02
3.097086991464970476e-02
3.120716447990681125e-02
3.130887529518160822e-02
3.237142586001742761e-02
3.303167302447604370e-02
3.236880711673641858e-02
3.130929778740929731e-02
3.120692383258906813e-02
3.096949805969539601e-02
3.034886248061482300e-02
2.971347199268831868e-02
2.908223787225036258e-02
2.849246049031643399e-02
2.799801352140834920e-02
2.925993572008697002e-02
2.933899979140313849e-02
2.952659944677752182e-02
2.971301972157664242e-02
2.987987374589765044e-02
3.010577883413388667e-02
3.048741584748384387e-02
3.096949805969540642e-02
3.115344259005556338e-02
3.138572012284059770e-02
3.159823212883588334e-02
3.138572012284058382e-02
3.115344259005555644e-02
3.096949805969540642e-02
3.048741584748385081e-02
3.010577883413389361e-02
2.987987374589766432e-02
2.971301972157663548e-02
2.952659944677752529e-02
2.933899979140314196e-02
3.052668423069469783e-02
3.051790143996638283e-02
3.049712358840388562e-02
3.034935653372858658e-02
3.010577883413390055e-02
3.001966824571573531e-02
3.010256157186646728e-02
3.034948874933061577e-02
3.049723083976320359e-02
3.051725340272163495e-02
3.052598309064253820e-02
3.051760160836789262e-02
3.049688709206469645e-02
3.034886248061482994e-02
3.010577883413390402e-02
3.001608310705436433e-02
3.010140814291720548e-02
3.035020844488445224e-02
3.049821197729630368e-02
3.051843778324472151e-02
3.159795540278042408e-02
3.138760823164798985e-02
3.115399201010930763e-02
3.097086991464969088e-02
3.048741584748385081e-02
3.010256157186646728e-02
2.987603521988873093e-02
2.971497380258965662e-02
2.952611608431949045e-02
2.933822828837864133e-02
2.925938522698069352e-02
2.933849507610455584e-02
2.952655248233201565e-02
2.971347199268833603e-02
2.987987374589765738e-02
3.010140814291720202e-02
3.048710317097862860e-02
3.097214046870670756e-02
3.115523132633854497e-02
3.138820095390800619e-02
3.303084049363632507e-02
3.237078623517954112e-02
3.130949021546567540e-02
3.120716447990678696e-02
3.096949805969537867e-02
3.034948874933062271e-02
2.971497380258963927e-02
2.908116809334593961e-02
2.849188574292735310e-02
2.799676953328850831e-02
2.778879612138281108e-02
2.799735177394014826e-02
2.849230209496651095e-02
2.908223787225037299e-02
2.971301972157664242e-02
3.035020844488445571e-02
3.097214046870671103e-02
3.120843560723129961e-02
3.131024227886569644e-02
3.237067321198641712e-02
3.256819320174109827e-02
3.264206647946319567e-02
3.205559821880783061e-02
3.130887529518160822e-02
3.115344259005558419e-02
3.049723083976318277e-02
2.952611608431946616e-02
2.849188574292735310e-02
2.750816213564597976e-02
2.666610109306798496e-02
2.629288125329910103e-02
2.666609882913339308e-02
2.750858939017188781e-02
2.849246049031642358e-02
2.952659944677752182e-02
3.049821197729630368e-02
3.115523132633855885e-02
3.131024227886569644e-02
3.205639687655700149e-02
3.264107259860884319e-02
2.898374754304982800e-02
3.046780975396742863e-02
3.264674107377654039e-02
3.237142586001741373e-02
3.138572012284056995e-02
3.051725340272160719e-02
2.933822828837862745e-02
2.799676953328849097e-02
2.666610109306797455e-02
2.552625852308006496e-02
2.504605739983512339e-02
2.552728442159998487e-02
2.666468922605119002e-02
2.799801352140834920e-02
2.933899979140311420e-02
3.051843778324471804e-02
3.138820095390802006e-02
3.237067321198643793e-02
3.264107259860884319e-02
3.046708858066879758e-02
2.693833339739118427e-02
2.898370970182794978e-02
3.257093618591135054e-02
3.303167302447602982e-02
3.159823212883585558e-02
3.052598309064250698e-02
2.925938522698067618e-02
2.778879612138277985e-02
2.629288125329909409e-02
2.504605739983510951e-02
2.453203631843460519e-02
2.504643775278372897e-02
2.629262762681817273e-02
2.778954928636389113e-02
2.925993572008695615e-02
3.052668423069468395e-02
3.159795540278042408e-02
3.303084049363628344e-02
3.256819320174108440e-02
2.898374754304981760e-02
2.898370970182792550e-02
3.046755061011053450e-02
3.264477856961553459e-02
3.236880711673641858e-02
3.138572012284056995e-02
3.051760160836789262e-02
2.933849507610452809e-02
2.799735177394014826e-02
2.666609882913340349e-02
2.552728442159998487e-02
2.504643775278372897e-02
2.552929379550446243e-02
2.666538678901891543e-02
2.799805890013286683e-02
2.933899979140313849e-02
3.051790143996636548e-02
3.138760823164796904e-02
3.237078623517950643e-02
3.264206647946319567e-02
3.046780975396742863e-02
3.257093618591138523e-02
3.264477856961553459e-02
3.205644175392906303e-02
3.130929778740931119e-02
3.115344259005557379e-02
3.049688709206471032e-02
2.952655248233201565e-02
2.849230209496651095e-02
2.750858939017191557e-02
2.666468922605117961e-02
2.629262762681818313e-02
2.666538678901891543e-02
2.750815303043832247e-02
2.849285200112664299e-02
2.952659944677752529e-02
3.049712358840387175e-02
3.115399201010928681e-02
3.130949021546564764e-02
3.205559821880781673e-02
3.264674107377652651e-02
3.303167302447602982e-02
3.236880711673643246e-02
3.130929778740931119e-02
3.120692383258909242e-02
3.096949805969539254e-02
3.034886248061482300e-02
2.971347199268833256e-02
2.908223787225036258e-02
2.849246049031641317e-02
2.799801352140834573e-02
2.778954928636390501e-02
2.799805890013288071e-02
2.849285200112664992e-02
2.908225818834548823e-02
2.971301972157663548e-02
3.034935653372856923e-02
3.097086991464972211e-02
3.120716447990679737e-02
3.130887529518160822e-02
3.237142586001740679e-02
3.159823212883589721e-02
3.138572012284060464e-02
3.115344259005560154e-02
3.096949805969539254e-02
3.048741584748385428e-02
3.010577883413389361e-02
2.987987374589765391e-02
2.971301972157663202e-02
2.952659944677754264e-02
2.933899979140314196e-02
2.925993572008699084e-02
2.933899979140312808e-02
2.952659944677752529e-02
2.971301972157665630e-02
2.987987374589768166e-02
3.010577883413388667e-02
3.048741584748385081e-02
3.096949805969540989e-02
3.115344259005556338e-02
3.138572012284061852e-02
3.052598309064253820e-02
3.051760160836790303e-02
3.049688709206470685e-02
3.034886248061482994e-02
3.010577883413389361e-02
3.001608310705435045e-02
3.010140814291720202e-02
3.035020844488445224e-02
3.049821197729631408e-02
3.051843778324472151e-02
3.052668423069470824e-02
3.051790143996636201e-02
3.049712358840388562e-02
3.034935653372859005e-02
3.010577883413387973e-02
3.001966824571572490e-02
3.010256157186647769e-02
3.034948874933062271e-02
3.049723083976319665e-02
3.051725340272162454e-02
2.925938522698070393e-02
2.933849507610453849e-02
2.952655248233201912e-02
2.971347199268833256e-02
2.987987374589766779e-02
3.010140814291720548e-02
3.048710317097862166e-02
3.097214046870671797e-02
3.115523132633856579e-02
3.138820095390799925e-02
3.159795540278041714e-02
3.138760823164800373e-02
3.115399201010930763e-02
3.097086991464970129e-02
3.048741584748384040e-02
3.010256157186647769e-02
2.987603521988874133e-02
2.971497380258965662e-02
2.952611608431947310e-02
2.933822828837863092e-02
2.778879612138277985e-02
2.799735177394018296e-02
2.849230209496652136e-02
2.908223787225037299e-02
2.971301972157663548e-02
3.035020844488444530e-02
3.097214046870669715e-02
3.120843560723128574e-02
3.131024227886566869e-02
3.237067321198643099e-02
3.303084049363629732e-02
3.237078623517952725e-02
3.130949021546567540e-02
3.120716447990679737e-02
3.096949805969539601e-02
3.034948874933063659e-02
2.971497380258963927e-02
2.908116809334595348e-02
2.849188574292734963e-02
2.799676953328850484e-02
2.629288125329910797e-02
2.666609882913339308e-02
2.750858939017191210e-02
2.849246049031644093e-02
2.952659944677752529e-02
3.049821197729630368e-02
3.115523132633854497e-02
3.131024227886570338e-02
3.205639687655701536e-02
3.264107259860883625e-02
3.256819320174107746e-02
3.264206647946319567e-02
3.205559821880783061e-02
3.130887529518162210e-02
3.115344259005556685e-02
3.049723083976318277e-02
2.952611608431944534e-02
2.849188574292735310e-02
2.750816213564597629e-02
2.666610109306799190e-02
2.504605739983513726e-02
2.552728442159997099e-02
2.666468922605119349e-02
2.799801352140833879e-02
2.933899979140312808e-02
3.051843778324470069e-02
3.138820095390799925e-02
3.237067321198643793e-02
3.264107259860886401e-02
3.046708858066880798e-02
2.898374754304983841e-02
3.046780975396742863e-02
3.264674107377652651e-02
3.237142586001742761e-02
3.138572012284056301e-02
3.051725340272159678e-02
2.933822828837864133e-02
2.799676953328850831e-02
2.666610109306798149e-02
2.552625852308009272e-02
2.373426977279910824e-02
2.404110372142992391e-02
2.481578314480940156e-02
2.607205793350394346e-02
2.778954928636390501e-02
2.975865864721315840e-02
3.303084049363626956e-02
3.138986807311131694e-02
1.983783585010691700e-02
1.320467425403744691e-02
1.505634791099190808e-02
1.320626422368837566e-02
1.984003607757805349e-02
3.139686228038865434e-02
3.303167302447602982e-02
2.975717078412066369e-02
2.778879612138280067e-02
2.606989922338324300e-02
2.481677600065461398e-02
2.404189662048860157e-02
2.404110372142989616e-02
2.436379041536623075e-02
2.512866944565701061e-02
2.635462950968341100e-02
2.799801352140833532e-02
2.977388634968789957e-02
3.237078623517954112e-02
3.194858215800709667e-02
2.251652696835338904e-02
1.459511476729525095e-02
1.320626422368838433e-02
1.459501323884715429e-02
2.251712502305134103e-02
3.194970010570506030e-02
3.237142586001740679e-02
2.977330549761890086e-02
2.799735177394014479e-02
2.635442015799074195e-02
2.512728570748828591e-02
2.436637334998370194e-02
2.481578314480942585e-02
2.512866944565702795e-02
2.588649441877904911e-02
2.702685734868431888e-02
2.849246049031644093e-02
3.000554943819046597e-02
3.130949021546566152e-02
3.209044948086852561e-02
2.882735844518452550e-02
2.251904849226369146e-02
1.984003607757804308e-02
2.251712502305135838e-02
2.883131267655970539e-02
3.209012170292740301e-02
3.130887529518160128e-02
3.000528722830888076e-02
2.849230209496653177e-02
2.702634059669772534e-02
2.588762655813185362e-02
2.512891224327590267e-02
2.607205793350394346e-02
2.635462950968341447e-02
2.702685734868431888e-02
2.796390011112269425e-02
2.908223787225036605e-02
3.027044777769770031e-02
3.120716447990679737e-02
3.137513235197021688e-02
3.209012170292740301e-02
3.194970010570509500e-02
3.139686228038866822e-02
3.194970010570508112e-02
3.209012170292741689e-02
3.137513235197023770e-02
3.120716447990678696e-02
3.027044777769773848e-02
2.908223787225037646e-02
2.796390011112267343e-02
2.702685734868432235e-02
2.635462950968341447e-02
2.778954928636389113e-02
2.799801352140836655e-02
2.849246049031643052e-02
2.908223787225037299e-02
2.971347199268831868e-02
3.034886248061480912e-02
3.096949805969540295e-02
3.120692383258909242e-02
3.130929778740931813e-02
3.236880711673641858e-02
3.303167302447604370e-02
3.237142586001742761e-02
3.130887529518162904e-02
3.120716447990681125e-02
3.097086991464970476e-02
3.034935653372857964e-02
2.971301972157663548e-02
2.908225818834550211e-02
2.849285200112666380e-02
2.799805890013288071e-02
2.975865864721314105e-02
2.977388634968792039e-02
3.000554943819049025e-02
3.027044777769772113e-02
3.034886248061482994e-02
3.036710214857332030e-02
3.034948874933062271e-02
3.026963198552668974e-02
3.000501776429415415e-02
2.977303916777299803e-02
2.975717078412069491e-02
2.977330549761890086e-02
3.000528722830888076e-02
3.027044777769772460e-02
3.034935653372856923e-02
3.036753542022145591e-02
3.035020844488446612e-02
3.027123981170063566e-02
3.000622544267127906e-02
2.977453369495939792e-02
3.303084049363630426e-02
3.237078623517954806e-02
3.130949021546566152e-02
3.120716447990678696e-02
3.096949805969539254e-02
3.034948874933064700e-02
2.971497380258963927e-02
2.908116809334592573e-02
2.849188574292734963e-02
2.799676953328849097e-02
2.778879612138279026e-02
2.799735177394015520e-02
2.849230209496651095e-02
2.908223787225036258e-02
2.971301972157664242e-02
3.035020844488446265e-02
3.097214046870669715e-02
3.120843560723128574e-02
3.131024227886571726e-02
3.237067321198641712e-02
3.138986807311135163e-02
3.194858215800714524e-02
3.209044948086851867e-02
3.137513235197021688e-02
3.120692383258909242e-02
3.026963198552669668e-02
2.908116809334593961e-02
2.796319264588245646e-02
2.702551349342042011e-02
2.635457280032677332e-02
2.606989922338323953e-02
2.635442015799073501e-02
2.702634059669773922e-02
2.796390011112268037e-02
2.908225818834549517e-02
3.027123981170062525e-02
3.120843560723129961e-02
3.137651134585565937e-02
3.208968058689222469e-02
3.194706795777099012e-02
1.983783585010691700e-02
2.251652696835338904e-02
2.882735844518452550e-02
3.209012170292738220e-02
3.130929778740929731e-02
3.000501776429413681e-02
2.849188574292736351e-02
2.702551349342042011e-02
2.588758679278214264e-02
2.512722016019884944e-02
2.481677600065461051e-02
2.512728570748829285e-02
2.588762655813186750e-02
2.702685734868431194e-02
2.849285200112663605e-02
3.000622544267126171e-02
3.131024227886569644e-02
3.208968058689221775e-02
2.882691159724725186e-02
2.251629511362186059e-02
1.320467425403745385e-02
1.459511476729526136e-02
2.251904849226371227e-02
3.194970010570503949e-02
3.236880711673639083e-02
2.977303916777298068e-02
2.799676953328849444e-02
2.635457280032678026e-02
2.512722016019885637e-02
2.436688466689118301e-02
2.404189662048860157e-02
2.436637334998368459e-02
2.512891224327592696e-02
2.635462950968341100e-02
2.799805890013287724e-02
2.977453369495938057e-02
3.237067321198641712e-02
3.194706795777097624e-02
2.251629511362186059e-02
1.459486966413602906e-02
1.505634791099190808e-02
1.320626422368837913e-02
1.984003607757805349e-02
3.139686228038863353e-02
3.303167302447602982e-02
2.975717078412067410e-02
2.778879612138279026e-02
2.606989922338323606e-02
2.481677600065460357e-02
2.404189662048859463e-02
2.373426977279910130e-02
2.404110372142992391e-02
2.481578314480940850e-02
2.607205793350392958e-02
2.778954928636389807e-02
2.975865864721315840e-02
3.303084049363626262e-02
3.138986807311131694e-02
1.983783585010691700e-02
1.320467425403744691e-02
1.320626422368837219e-02
1.459501323884716296e-02
2.251712502305136879e-02
3.194970010570504643e-02
3.237142586001740679e-02
2.977330549761891126e-02
2.799735177394013438e-02
2.635442015799072113e-02
2.512728570748831020e-02
2.436637334998368459e-02
2.404110372142990310e-02
2.436379041536623075e-02
2.512866944565700020e-02
2.635462950968339366e-02
2.799801352140834573e-02
2.977388634968788916e-02
3.237078623517954806e-02
3.194858215800713136e-02
2.251652696835336823e-02
1.459511476729523534e-02
1.984003607757803267e-02
2.251712502305134103e-02
2.883131267655969499e-02
3.209012170292740301e-02
3.130887529518160822e-02
3.000528722830886688e-02
2.849230209496653524e-02
2.702634059669775310e-02
2.588762655813185709e-02
2.512891224327590961e-02
2.481578314480940850e-02
2.512866944565701061e-02
2.588649441877905952e-02
2.702685734868431888e-02
2.849246049031644093e-02
3.000554943819046597e-02
3.130949021546566152e-02
3.209044948086851867e-02
2.882735844518450816e-02
2.251904849226370187e-02
3.139686228038867516e-02
3.194970010570506724e-02
3.209012170292738914e-02
3.137513235197023770e-02
3.120716447990677656e-02
3.027044777769773848e-02
2.908223787225037646e-02
2.796390011112268037e-02
2.702685734868433623e-02
2.635462950968341100e-02
2.607205793350392611e-02
2.635462950968341100e-02
2.702685734868431888e-02
2.796390011112269078e-02
2.908223787225036258e-02
3.027044777769770725e-02
3.120716447990678696e-02
3.137513235197023076e-02
3.209012170292741689e-02
3.194970010570506030e-02
3.303167302447605758e-02
3.237142586001742761e-02
3.130887529518160822e-02
3.120716447990679737e-02
3.097086991464970476e-02
3.034935653372856923e-02
2.971301972157664242e-02
2.908225818834548823e-02
2.849285200112666033e-02
2.799805890013287377e-02
2.778954928636389113e-02
2.799801352140836655e-02
2.849246049031643399e-02
2.908223787225035564e-02
2.971347199268832909e-02
3.034886248061481606e-02
3.096949805969539254e-02
3.120692383258910976e-02
3.130929778740933200e-02
3.236880711673644634e-02
2.975717078412071920e-02
2.977330549761890086e-02
3.000528722830888770e-02
3.027044777769774889e-02
3.034935653372857964e-02
3.036753542022144550e-02
3.035020844488446612e-02
3.027123981170064954e-02
3.000622544267127906e-02
2.977453369495939792e-02
2.975865864721316881e-02
2.977388634968790998e-02
3.000554943819046597e-02
3.027044777769773848e-02
3.034886248061481606e-02
3.036710214857333071e-02
3.034948874933062271e-02
3.026963198552669668e-02
3.000501776429414721e-02
2.977303916777299109e-02
2.778879612138279373e-02
2.799735177394015867e-02
2.849230209496651095e-02
2.908223787225036258e-02
2.971301972157665630e-02
3.035020844488447306e-02
3.097214046870669715e-02
3.120843560723129961e-02
3.131024227886569644e-02
3.237067321198643793e-02
3.303084049363629732e-02
3.237078623517954112e-02
3.130949021546567540e-02
3.120716447990681125e-02
3.096949805969537173e-02
3.034948874933064353e-02
2.971497380258964621e-02
2.908116809334595002e-02
2.849188574292734616e-02
2.799676953328851178e-02
2.606989922338325341e-02
2.635442015799072113e-02
2.702634059669772881e-02
2.796390011112267343e-02
2.908225818834550211e-02
3.027123981170062525e-02
3.120843560723129961e-02
3.137651134585565937e-02
3.208968058689220387e-02
3.194706795777101094e-02
3.138986807311135857e-02
3.194858215800711054e-02
3.209044948086854643e-02
3.137513235197020994e-02
3.120692383258909242e-02
3.026963198552668974e-02
2.908116809334595348e-02
2.796319264588245646e-02
2.702551349342043052e-02
2.635457280032677679e-02
2.481677600065460357e-02
2.512728570748828244e-02
2.588762655813186750e-02
2.702685734868432235e-02
2.849285200112664992e-02
3.000622544267127559e-02
3.131024227886566869e-02
3.208968058689221775e-02
2.882691159724725186e-02
2.251629511362185018e-02
1.983783585010694475e-02
2.251652696835338904e-02
2.882735844518453938e-02
3.209012170292740301e-02
3.130929778740931119e-02
3.000501776429412987e-02
2.849188574292736351e-02
2.702551349342042011e-02
2.588758679278216346e-02
2.512722016019883903e-02
2.404189662048860157e-02
2.436637334998368806e-02
2.512891224327592696e-02
2.635462950968341447e-02
2.799805890013288764e-02
2.977453369495938751e-02
3.237067321198643099e-02
3.194706795777099012e-02
2.251629511362186059e-02
1.459486966413603599e-02
1.320467425403745038e-02
1.459511476729524401e-02
2.251904849226370187e-02
3.194970010570504643e-02
3.236880711673641858e-02
2.977303916777295639e-02
2.799676953328849444e-02
2.635457280032677679e-02
2.512722016019885291e-02
2.436688466689119689e-02
2.338249210318906271e-02
2.350713030912180215e-02
2.384879927416461501e-02
2.481578314480941544e-02
2.629262762681816926e-02
2.916677186800539431e-02
3.256819320174107746e-02
1.983783585010692394e-02
2.792645813346886913e-02
9.999999999999999547e-07
9.999999999999999547e-07
9.999999999999999547e-07
2.791220706773046498e-02
1.984003607757803267e-02
3.257093618591133666e-02
2.916631806871370150e-02
2.629288125329910797e-02
2.481677600065458969e-02
2.384728877982454295e-02
2.350818986859406004e-02
2.350713030912180562e-02
2.365432992390922168e-02
2.407591564051185518e-02
2.512891224327592696e-02
2.666468922605116920e-02
2.903770949973438764e-02
3.264206647946319567e-02
2.251652696835339945e-02
1.521643335533976772e-02
9.999999999999999547e-07
9.999999999999999547e-07
9.999999999999999547e-07
1.521618435570867844e-02
2.251904849226370187e-02
3.264674107377654733e-02
2.903934047428982299e-02
2.666609882913339308e-02
2.512728570748829285e-02
2.407499474111159457e-02
2.365702271834179901e-02
2.384879927416462889e-02
2.407591564051185518e-02
2.470610442916684746e-02
2.588762655813185362e-02
2.750858939017192251e-02
2.927521064271156048e-02
3.205559821880781673e-02
2.882735844518454979e-02
1.708284670376403885e-02
1.521618435570869406e-02
2.791220706773047538e-02
1.521618435570867844e-02
1.708284670376404579e-02
2.882735844518452550e-02
3.205559821880781673e-02
2.927521064271157089e-02
2.750858939017191210e-02
2.588762655813185709e-02
2.470610442916684399e-02
2.407591564051184477e-02
2.481578314480941197e-02
2.512891224327591308e-02
2.588762655813186750e-02
2.702634059669773228e-02
2.849230209496652483e-02
3.000528722830888770e-02
3.130887529518160822e-02
3.209012170292740301e-02
2.883131267655969499e-02
2.251712502305134797e-02
1.984003607757804308e-02
2.251904849226371921e-02
2.882735844518452550e-02
3.209044948086852561e-02
3.130949021546564071e-02
3.000554943819047984e-02
2.849246049031643052e-02
2.702685734868432235e-02
2.588649441877904564e-02
2.512866944565701061e-02
2.629262762681817273e-02
2.666468922605119349e-02
2.750858939017192251e-02
2.849230209496653524e-02
2.952655248233200524e-02
3.049688709206470685e-02
3.115344259005554603e-02
3.130929778740933200e-02
3.205644175392906997e-02
3.264477856961556235e-02
3.257093618591137135e-02
3.264674107377654733e-02
3.205559821880783061e-02
3.130949021546564071e-02
3.115399201010929375e-02
3.049712358840387175e-02
2.952659944677752529e-02
2.849285200112662564e-02
2.750815303043834328e-02
2.666538678901889808e-02
2.916677186800541513e-02
2.903770949973441193e-02
2.927521064271157089e-02
3.000528722830886688e-02
3.049688709206469645e-02
3.064162852647571780e-02
3.049723083976318277e-02
3.000501776429412987e-02
2.927490208175704753e-02
2.903854966644629429e-02
2.916631806871372579e-02
2.903934047428982299e-02
2.927521064271157089e-02
3.000554943819047984e-02
3.049712358840388216e-02
3.064146199837898543e-02
3.049821197729629327e-02
3.000622544267126171e-02
2.927571492541601941e-02
2.903875359615923010e-02
3.256819320174109827e-02
3.264206647946319567e-02
3.205559821880784449e-02
3.130887529518162210e-02
3.115344259005557379e-02
3.049723083976318277e-02
2.952611608431946616e-02
2.849188574292736698e-02
2.750816213564597976e-02
2.666610109306799190e-02
2.629288125329909756e-02
2.666609882913338961e-02
2.750858939017193985e-02
2.849246049031642358e-02
2.952659944677751835e-02
3.049821197729630368e-02
3.115523132633855885e-02
3.131024227886569644e-02
3.205639687655700149e-02
3.264107259860885707e-02
1.983783585010692394e-02
2.251652696835340986e-02
2.882735844518452550e-02
3.209012170292738914e-02
3.130929778740931119e-02
3.000501776429414028e-02
2.849188574292734616e-02
2.702551349342041664e-02
2.588758679278215652e-02
2.512722016019884944e-02
2.481677600065461745e-02
2.512728570748829979e-02
2.588762655813186750e-02
2.702685734868431888e-02
2.849285200112664299e-02
3.000622544267127906e-02
3.131024227886569644e-02
3.208968058689221775e-02
2.882691159724726573e-02
2.251629511362188141e-02
2.792645813346888300e-02
1.521643335533978854e-02
1.708284670376404579e-02
2.883131267655971580e-02
3.205644175392906303e-02
2.927490208175703712e-02
2.750816213564595547e-02
2.588758679278215652e-02
2.470357225740477114e-02
2.407681647941876252e-02
2.384728877982454642e-02
2.407499474111160498e-02
2.470610442916684746e-02
2.588649441877905952e-02
2.750815303043832247e-02
2.927571492541601941e-02
3.205639687655700149e-02
2.882691159724724145e-02
1.708228396505310012e-02
1.521624157584364895e-02
9.999999999999999547e-07
9.999999999999999547e-07
1.521618435570866804e-02
2.251712502305134103e-02
3.264477856961551377e-02
2.903854966644625960e-02
2.666610109306799536e-02
2.512722016019884944e-02
2.407681647941876252e-02
2.365482923151687733e-02
2.350818986859407392e-02
2.365702271834181636e-02
2.407591564051185865e-02
2.512866944565700020e-02
2.666538678901890849e-02
2.903875359615921969e-02
3.264107259860881544e-02
2.251629511362188141e-02
1.521624157584363160e-02
9.999999999999999547e-07
9.999999999999999547e-07
9.999999999999999547e-07
2.791220706773047192e-02
1.984003607757804308e-02
3.257093618591135747e-02
2.916631806871370150e-02
2.629288125329908715e-02
2.481677600065460010e-02
2.384728877982454642e-02
2.350818986859405657e-02
2.338249210318905924e-02
2.350713030912180215e-02
2.384879927416462195e-02
2.481578314480940850e-02
2.629262762681817273e-02
2.916677186800537350e-02
3.256819320174109827e-02
1.983783585010690659e-02
2.792645813346886913e-02
9.999999999999999547e-07
9.999999999999999547e-07
9.999999999999999547e-07
1.521618435570868538e-02
2.251904849226369146e-02
3.264674107377652651e-02
2.903934047428982299e-02
2.666609882913339308e-02
2.512728570748828591e-02
2.407499474111158763e-02
2.365702271834180248e-02
2.350713030912180562e-02
2.365432992390922168e-02
2.407591564051184477e-02
2.512891224327591308e-02
2.666468922605116573e-02
2.903770949973438764e-02
3.264206647946318179e-02
2.251652696835340986e-02
1.521643335533977293e-02
9.999999999999999547e-07
2.791220706773045110e-02
1.521618435570866804e-02
1.708284670376403885e-02
2.882735844518452550e-02
3.205559821880781673e-02
2.927521064271157089e-02
2.750858939017191210e-02
2.588762655813183974e-02
2.470610442916685440e-02
2.407591564051184477e-02
2.384879927416463236e-02
2.407591564051184477e-02
2.470610442916684399e-02
2.588762655813186750e-02
2.750858939017192598e-02
2.927521064271156048e-02
3.205559821880783061e-02
2.882735844518457061e-02
1.708284670376403885e-02
1.521618435570869406e-02
1.984003607757805349e-02
2.251904849226371227e-02
2.882735844518456020e-02
3.209044948086852561e-02
3.130949021546564764e-02
3.000554943819046597e-02
2.849246049031643052e-02
2.702685734868432235e-02
2.588649441877905258e-02
2.512866944565698285e-02
2.481578314480941544e-02
2.512891224327592696e-02
2.588762655813186750e-02
2.702634059669772534e-02
2.849230209496653524e-02
3.000528722830887729e-02
3.130887529518160128e-02
3.209012170292738914e-02
2.883131267655970539e-02
2.251712502305134103e-02
3.257093618591138523e-02
3.264674107377658202e-02
3.205559821880781673e-02
3.130949021546563377e-02
3.115399201010927641e-02
3.049712358840387175e-02
2.952659944677753570e-02
2.849285200112662564e-02
2.750815303043833288e-02
2.666538678901889808e-02
2.629262762681816232e-02
2.666468922605118655e-02
2.750858939017191557e-02
2.849230209496651095e-02
2.952655248233200524e-02
3.049688709206470685e-02
3.115344259005555644e-02
3.130929778740929731e-02
3.205644175392908385e-02
3.264477856961554847e-02
2.916631806871375701e-02
2.903934047428983339e-02
2.927521064271157089e-02
3.000554943819047984e-02
3.049712358840388216e-02
3.064146199837900972e-02
3.049821197729629327e-02
3.000622544267126518e-02
2.927571492541601247e-02
2.903875359615923010e-02
2.916677186800541513e-02
2.903770949973439805e-02
2.927521064271157089e-02
3.000528722830886688e-02
3.049688709206471032e-02
3.064162852647572127e-02
3.049723083976320359e-02
3.000501776429415068e-02
2.927490208175706835e-02
2.903854966644631511e-02
2.629288125329909756e-02
2.666609882913338267e-02
2.750858939017192598e-02
2.849246049031644787e-02
2.952659944677751835e-02
3.049821197729630368e-02
3.115523132633855885e-02
3.131024227886566869e-02
3.205639687655698761e-02
3.264107259860885707e-02
3.256819320174110521e-02
3.264206647946319567e-02
3.205559821880784449e-02
3.130887529518162210e-02
3.115344259005556338e-02
3.049723083976319665e-02
2.952611608431946616e-02
2.849188574292736351e-02
2.750816213564596588e-02
2.666610109306799190e-02
2.481677600065461745e-02
2.512728570748827550e-02
2.588762655813185709e-02
2.702685734868432235e-02
2.849285200112666727e-02
3.000622544267126518e-02
3.131024227886566869e-02
3.208968058689216918e-02
2.882691159724727614e-02
2.251629511362188141e-02
1.983783585010692394e-02
2.251652696835338904e-02
2.882735844518452550e-02
3.209012170292738914e-02
3.130929778740931119e-02
3.000501776429413681e-02
2.849188574292734963e-02
2.702551349342042011e-02
2.588758679278216693e-02
2.512722016019885637e-02
2.384728877982455683e-02
2.407499474111159457e-02
2.470610442916684746e-02
2.588649441877904911e-02
2.750815303043831553e-02
2.927571492541601941e-02
3.205639687655702230e-02
2.882691159724726573e-02
1.708228396505309318e-02
1.521624157584364895e-02
2.792645813346888300e-02
1.521643335533978854e-02
1.708284670376404579e-02
2.883131267655971580e-02
3.205644175392906303e-02
2.927490208175704753e-02
2.750816213564595547e-02
2.588758679278214958e-02
2.470357225740476420e-02
2.407681647941875211e-02
2.350818986859408086e-02
2.365702271834179901e-02
2.407591564051184130e-02
2.512866944565698979e-02
2.666538678901891543e-02
2.903875359615920582e-02
3.264107259860881544e-02
2.251629511362185018e-02
1.521624157584363680e-02
9.999999999999999547e-07
9.999999999999999547e-07
9.999999999999999547e-07
1.521618435570866804e-02
2.251712502305134103e-02
3.264477856961552765e-02
2.903854966644628388e-02
2.666610109306799536e-02
2.512722016019886331e-02
2.407681647941875211e-02
2.365482923151685304e-02
2.424902569615106432e-02
2.397542583291380203e-02
2.350713030912180215e-02
2.404110372142990310e-02
2.504643775278373244e-02
2.916493117368770815e-02
2.898374754304982800e-02
1.320467425403745038e-02
9.999999999999999547e-07
9.999999999999999547e-07
9.999999999999999547e-07
9.999999999999999547e-07
9.999999999999999547e-07
1.320626422368837566e-02
2.898370970182793938e-02
2.916581481293136976e-02
2.504605739983511298e-02
2.404189662048860504e-02
2.350818986859406698e-02
2.397035631239140610e-02
2.397542583291379509e-02
2.378501602052746772e-02
2.365702271834177819e-02
2.436637334998369153e-02
2.552728442159997099e-02
2.902584216303080375e-02
3.046780975396742863e-02
1.459511476729524401e-02
9.999999999999999547e-07
9.999999999999999547e-07
9.999999999999999547e-07
9.999999999999999547e-07
9.999999999999999547e-07
1.459511476729524401e-02
3.046780975396743904e-02
2.902584216303080375e-02
2.552728442159998487e-02
2.436637334998368459e-02
2.365702271834179207e-02
2.378501602052747813e-02
2.350713030912181256e-02
2.365702271834179901e-02
2.407499474111160498e-02
2.512728570748829979e-02
2.666609882913338267e-02
2.903934047428982299e-02
3.264674107377654039e-02
2.251904849226371227e-02
1.521618435570867844e-02
9.999999999999999547e-07
9.999999999999999547e-07
9.999999999999999547e-07
1.521643335533978160e-02
2.251652696835338210e-02
3.264206647946318179e-02
2.903770949973437723e-02
2.666468922605117614e-02
2.512891224327592696e-02
2.407591564051184130e-02
2.365432992390921474e-02
2.404110372142991003e-02
2.436637334998370194e-02
2.512728570748831020e-02
2.635442015799073501e-02
2.799735177394014826e-02
2.977330549761889392e-02
3.237142586001742761e-02
3.194970010570506030e-02
2.251712502305136879e-02
1.459501323884715429e-02
1.320626422368837219e-02
1.459511476729526136e-02
2.251652696835338904e-02
3.194858215800713136e-02
3.237078623517952031e-02
2.977388634968788916e-02
2.799801352140834920e-02
2.635462950968342488e-02
2.512866944565701754e-02
2.436379041536623075e-02
2.504643775278372897e-02
2.552728442159999181e-02
2.666609882913339655e-02
2.799735177394014479e-02
2.933849507610453503e-02
3.051760160836788568e-02
3.138572012284056995e-02
3.236880711673641858e-02
3.264477856961553459e-02
3.046755061011053450e-02
2.898370970182791509e-02
3.046780975396743904e-02
3.264206647946318179e-02
3.237078623517954112e-02
3.138760823164798985e-02
3.051790143996638283e-02
2.933899979140311073e-02
2.799805890013287377e-02
2.666538678901890849e-02
2.552929379550445202e-02
2.916493117368774632e-02
2.902584216303082457e-02
2.903934047428982299e-02
2.977330549761890086e-02
3.051760160836789956e-02
3.075169214061378511e-02
3.051725340272160025e-02
2.977303916777299109e-02
2.903854966644632551e-02
2.902315968734403562e-02
2.916581481293140099e-02
2.902584216303083844e-02
2.903770949973439805e-02
2.977388634968789957e-02
3.051790143996636201e-02
3.075266227794031318e-02
3.051843778324469028e-02
2.977453369495939792e-02
2.903875359615925092e-02
2.902402656048566967e-02
2.898374754304982800e-02
3.046780975396742863e-02
3.264674107377654039e-02
3.237142586001742761e-02
3.138572012284058382e-02
3.051725340272161066e-02
2.933822828837862398e-02
2.799676953328849444e-02
2.666610109306799190e-02
2.552625852308007884e-02
2.504605739983510951e-02
2.552728442159998140e-02
2.666468922605119002e-02
2.799801352140834573e-02
2.933899979140313849e-02
3.051843778324470069e-02
3.138820095390799925e-02
3.237067321198643793e-02
3.264107259860884319e-02
3.046708858066880798e-02
1.320467425403743997e-02
1.459511476729526136e-02
2.251904849226371921e-02
3.194970010570504643e-02
3.236880711673641858e-02
2.977303916777298068e-02
2.799676953328849444e-02
2.635457280032677679e-02
2.512722016019885291e-02
2.436688466689117955e-02
2.404189662048860504e-02
2.436637334998369153e-02
2.512891224327591655e-02
2.635462950968342488e-02
2.799805890013286683e-02
2.977453369495938751e-02
3.237067321198643099e-02
3.194706795777100400e-02
2.251629511362188141e-02
1.459486966413601865e-02
9.999999999999999547e-07
9.999999999999999547e-07
1.521618435570867844e-02
2.251712502305130981e-02
3.264477856961550684e-02
2.903854966644628388e-02
2.666610109306799536e-02
2.512722016019884944e-02
2.407681647941876946e-02
2.365482923151685998e-02
2.350818986859407392e-02
2.365702271834179554e-02
2.407591564051184130e-02
2.512866944565699673e-02
2.666538678901890502e-02
2.903875359615920582e-02
3.264107259860880156e-02
2.251629511362188141e-02
1.521624157584362466e-02
9.999999999999999547e-07
9.999999999999999547e-07
9.999999999999999547e-07
9.999999999999999547e-07
1.459501323884715429e-02
3.046755061011051716e-02
2.902315968734402521e-02
2.552625852308007884e-02
2.436688466689117955e-02
2.365482923151684957e-02
2.377725345147350261e-02
2.397035631239141651e-02
2.378501602052749200e-02
2.365432992390920780e-02
2.436379041536622381e-02
2.552929379550446243e-02
2.902402656048564886e-02
3.046708858066877329e-02
1.459486966413601865e-02
9.999999999999999547e-07
9.999999999999999547e-07
9.999999999999999547e-07
9.999999999999999547e-07
9.999999999999999547e-07
1.320626422368837566e-02
2.898370970182792550e-02
2.916581481293136976e-02
2.504605739983510951e-02
2.404189662048860157e-02
2.350818986859405657e-02
2.397035631239140610e-02
2.424902569615106779e-02
2.397542583291379856e-02
2.350713030912180215e-02
2.404110372142989616e-02
2.504643775278372897e-02
2.916493117368770815e-02
2.898374754304981760e-02
1.320467425403744344e-02
9.999999999999999547e-07
9.999999999999999547e-07
9.999999999999999547e-07
9.999999999999999547e-07
9.999999999999999547e-07
1.459511476729524401e-02
3.046780975396742863e-02
2.902584216303079334e-02
2.552728442159998487e-02
2.436637334998369153e-02
2.365702271834179207e-02
2.378501602052747466e-02
2.397542583291379856e-02
2.378501602052746078e-02
2.365702271834178166e-02
2.436637334998369153e-02
2.552728442159997793e-02
2.902584216303080375e-02
3.046780975396740435e-02
1.459511476729525095e-02
9.999999999999999547e-07
9.999999999999999547e-07
9.999999999999999547e-07
9.999999999999999547e-07
1.521643335533977293e-02
2.251652696835338210e-02
3.264206647946316792e-02
2.903770949973437723e-02
2.666468922605118655e-02
2.512891224327590961e-02
2.407591564051184130e-02
2.365432992390920780e-02
2.350713030912180562e-02
2.365702271834181289e-02
2.407499474111158763e-02
2.512728570748830326e-02
2.666609882913338267e-02
2.903934047428981258e-02
3.264674107377654733e-02
2.251904849226371227e-02
1.521618435570866457e-02
9.999999999999999547e-07
1.320626422368837566e-02
1.459511476729526136e-02
2.251652696835336823e-02
3.194858215800709667e-02
3.237078623517950643e-02
2.977388634968789957e-02
2.799801352140833532e-02
2.635462950968341447e-02
2.512866944565700020e-02
2.436379041536623768e-02
2.404110372142991003e-02
2.436637334998370194e-02
2.512728570748830326e-02
2.635442015799072807e-02
2.799735177394014132e-02
2.977330549761891126e-02
3.237142586001741373e-02
3.194970010570504643e-02
2.251712502305135838e-02
1.459501323884715429e-02
2.898370970182792550e-02
3.046780975396742863e-02
3.264206647946319567e-02
3.237078623517950643e-02
3.138760823164798985e-02
3.051790143996637242e-02
2.933899979140312808e-02
2.799805890013287377e-02
2.666538678901890502e-02
2.552929379550445549e-02
2.504643775278371856e-02
2.552728442159999181e-02
2.666609882913339308e-02
2.799735177394014479e-02
2.933849507610455237e-02
3.051760160836789262e-02
3.138572012284056301e-02
3.236880711673643246e-02
3.264477856961552765e-02
3.046755061011053450e-02
2.916581481293140099e-02
2.902584216303083844e-02
2.903770949973439805e-02
2.977388634968789957e-02
3.051790143996637242e-02
3.075266227794030277e-02
3.051843778324470069e-02
2.977453369495941179e-02
2.903875359615924051e-02
2.902402656048565927e-02
2.916493117368773938e-02
2.902584216303082457e-02
2.903934047428983339e-02
2.977330549761890086e-02
3.051760160836790997e-02
3.075169214061376777e-02
3.051725340272162107e-02
2.977303916777299109e-02
2.903854966644630470e-02
2.902315968734407031e-02
2.504605739983512686e-02
2.552728442159997793e-02
2.666468922605117614e-02
2.799801352140834573e-02
2.933899979140312808e-02
3.051843778324470416e-02
3.138820095390800619e-02
3.237067321198645181e-02
3.264107259860885707e-02
3.046708858066880798e-02
2.898374754304983841e-02
3.046780975396743904e-02
3.264674107377656120e-02
3.237142586001742761e-02
3.138572012284056995e-02
3.051725340272160025e-02
2.933822828837862745e-02
2.799676953328849444e-02
2.666610109306798496e-02
2.552625852308007884e-02
2.404189662048860851e-02
2.436637334998369847e-02
2.512891224327591308e-02
2.635462950968340060e-02
2.799805890013287724e-02
2.977453369495941179e-02
3.237067321198643099e-02
3.194706795777095543e-02
2.251629511362188141e-02
1.459486966413602906e-02
1.320467425403744344e-02
1.459511476729526830e-02
2.251904849226370187e-02
3.194970010570502561e-02
3.236880711673641164e-02
2.977303916777298068e-02
2.799676953328849444e-02
2.635457280032677332e-02
2.512722016019884944e-02
2.436688466689119342e-02
2.350818986859406698e-02
2.365702271834180248e-02
2.407591564051184130e-02
2.512866944565700020e-02
2.666538678901890502e-02
2.903875359615920582e-02
3.264107259860885707e-02
2.251629511362187447e-02
1.521624157584362466e-02
9.999999999999999547e-07
9.999999999999999547e-07
9.999999999999999547e-07
1.521618435570866457e-02
2.251712502305132022e-02
3.264477856961549296e-02
2.903854966644628388e-02
2.666610109306798496e-02
2.512722016019884944e-02
2.407681647941876252e-02
2.365482923151687733e-02
2.397035631239141651e-02
2.378501602052748853e-02
2.365432992390923209e-02
2.436379041536621687e-02
2.552929379550444855e-02
2.902402656048566967e-02
3.046708858066880798e-02
1.459486966413601171e-02
9.999999999999999547e-07
9.999999999999999547e-07
9.999999999999999547e-07
9.999999999999999547e-07
9.999999999999999547e-07
1.459501323884714562e-02
3.046755061011048246e-02
2.902315968734401827e-02
2.552625852308008578e-02
2.436688466689119342e-02
2.365482923151685998e-02
2.377725345147351302e-02
2.506138019608264433e-02
2.424902569615105738e-02
2.338249210318906271e-02
2.373426977279909436e-02
2.453203631843459825e-02
2.923321607328194585e-02
2.693833339739114263e-02
1.505634791099190462e-02
9.999999999999999547e-07
9.999999999999999547e-07
9.999999999999999547e-07
9.999999999999999547e-07
9.999999999999999547e-07
1.505634791099188727e-02
2.693833339739115304e-02
2.923321607328192157e-02
2.453203631843459825e-02
2.373426977279910130e-02
2.338249210318906618e-02
2.424902569615105738e-02
2.424902569615107126e-02
2.397035631239141304e-02
2.350818986859405657e-02
2.404189662048860157e-02
2.504605739983509563e-02
2.916581481293139058e-02
2.898370970182790468e-02
1.320626422368836872e-02
9.999999999999999547e-07
9.999999999999999547e-07
9.999999999999999547e-07
9.999999999999999547e-07
9.999999999999999547e-07
1.320467425403743476e-02
2.898374754304980719e-02
2.916493117368771856e-02
2.504643775278370121e-02
2.404110372142989963e-02
2.350713030912179868e-02
2.397542583291379856e-02
2.338249210318907659e-02
2.350818986859407045e-02
2.384728877982454989e-02
2.481677600065458969e-02
2.629288125329909756e-02
2.916631806871371191e-02
3.257093618591133666e-02
1.984003607757804308e-02
2.791220706773046498e-02
9.999999999999999547e-07
9.999999999999999547e-07
9.999999999999999547e-07
2.792645813346886913e-02
1.983783585010694475e-02
3.256819320174104970e-02
2.916677186800538391e-02
2.629262762681816926e-02
2.481578314480941544e-02
2.384879927416462195e-02
2.350713030912180215e-02
2.373426977279910477e-02
2.404189662048861545e-02
2.481677600065461398e-02
2.606989922338322566e-02
2.778879612138279026e-02
2.975717078412069491e-02
3.303167302447602982e-02
3.139686228038864740e-02
1.984003607757803267e-02
1.320626422368837219e-02
1.505634791099191849e-02
1.320467425403745038e-02
1.983783585010693434e-02
3.138986807311130306e-02
3.303084049363628344e-02
2.975865864721315146e-02
2.778954928636388072e-02
2.607205793350392611e-02
2.481578314480941197e-02
2.404110372142990310e-02
2.453203631843460172e-02
2.504605739983511298e-02
2.629288125329910797e-02
2.778879612138277985e-02
2.925938522698068311e-02
3.052598309064249657e-02
3.159823212883588334e-02
3.303167302447602982e-02
3.257093618591133666e-02
2.898370970182794978e-02
2.693833339739117039e-02
2.898374754304984882e-02
3.256819320174107746e-02
3.303084049363628344e-02
3.159795540278040327e-02
3.052668423069472212e-02
2.925993572008696655e-02
2.778954928636389807e-02
2.629262762681816232e-02
2.504643775278373244e-02
2.923321607328195626e-02
2.916581481293142181e-02
2.916631806871370150e-02
2.975717078412070879e-02
3.052598309064250698e-02
3.078291812844910491e-02
3.052598309064252086e-02
2.975717078412070879e-02
2.916631806871370150e-02
2.916581481293142181e-02
2.923321607328193197e-02
2.916493117368772897e-02
2.916677186800539431e-02
2.975865864721315146e-02
3.052668423069470130e-02
3.078333903946127090e-02
3.052668423069472212e-02
2.975865864721314105e-02
2.916677186800538391e-02
2.916493117368774632e-02
2.693833339739117039e-02
2.898370970182794978e-02
3.257093618591137135e-02
3.303167302447602982e-02
3.159823212883586252e-02
3.052598309064249657e-02
2.925938522698068311e-02
2.778879612138280067e-02
2.629288125329908715e-02
2.504605739983510951e-02
2.453203631843461560e-02
2.504643775278373244e-02
2.629262762681815885e-02
2.778954928636389113e-02
2.925993572008696655e-02
3.052668423069470130e-02
3.159795540278040327e-02
3.303084049363629732e-02
3.256819320174109827e-02
2.898374754304981760e-02
1.505634791099192196e-02
1.320626422368836352e-02
1.984003607757805349e-02
3.139686228038864740e-02
3.303167302447602288e-02
2.975717078412068450e-02
2.778879612138279373e-02
2.606989922338324300e-02
2.481677600065460357e-02
2.404189662048859463e-02
2.373426977279910824e-02
2.404110372142989616e-02
2.481578314480940156e-02
2.607205793350393652e-02
2.778954928636388072e-02
2.975865864721314105e-02
3.303084049363629732e-02
3.138986807311131694e-02
1.983783585010694475e-02
1.320467425403745038e-02
9.999999999999999547e-07
9.999999999999999547e-07
2.791220706773046151e-02
1.984003607757804308e-02
3.257093618591135054e-02
2.916631806871369109e-02
2.629288125329909756e-02
2.481677600065459663e-02
2.384728877982453601e-02
2.350818986859408086e-02
2.338249210318907659e-02
2.350713030912180215e-02
2.384879927416461154e-02
2.481578314480941544e-02
2.629262762681815885e-02
2.916677186800536309e-02
3.256819320174111909e-02
1.983783585010694475e-02
2.792645813346886913e-02
9.999999999999999547e-07
9.999999999999999547e-07
9.999999999999999547e-07
9.999999999999999547e-07
1.320626422368836872e-02
2.898370970182792550e-02
2.916581481293136976e-02
2.504605739983510604e-02
2.404189662048860504e-02
2.350818986859407392e-02
2.397035631239139916e-02
2.424902569615106779e-02
2.397542583291379856e-02
2.350713030912180215e-02
2.404110372142988228e-02
2.504643775278371162e-02
2.916493117368772897e-02
2.898374754304981760e-02
1.320467425403744344e-02
9.999999999999999547e-07
9.999999999999999547e-07
9.999999999999999547e-07
9.999999999999999547e-07
9.999999999999999547e-07
1.505634791099190462e-02
2.693833339739115304e-02
2.923321607328193197e-02
2.453203631843460172e-02
2.373426977279909089e-02
2.338249210318906271e-02
2.424902569615106779e-02
2.506138019608263739e-02
2.424902569615105044e-02
2.338249210318905924e-02
2.373426977279907701e-02
2.453203631843459825e-02
2.923321607328195626e-02
2.693833339739113222e-02
1.505634791099190115e-02
9.999999999999999547e-07
9.999999999999999547e-07
9.999999999999999547e-07
9.999999999999999547e-07
9.999999999999999547e-07
1.320467425403744344e-02
2.898374754304982800e-02
2.916493117368771856e-02
2.504643775278371162e-02
2.404110372142989616e-02
2.350713030912178134e-02
2.397542583291379856e-02
2.424902569615107126e-02
2.397035631239139916e-02
2.350818986859405657e-02
2.404189662048860157e-02
2.504605739983508522e-02
2.916581481293140099e-02
2.898370970182789774e-02
1.320626422368837913e-02
9.999999999999999547e-07
9.999999999999999547e-07
9.999999999999999547e-07
9.999999999999999547e-07
2.792645813346886913e-02
1.983783585010692394e-02
3.256819320174104970e-02
2.916677186800534921e-02
2.629262762681817273e-02
2.481578314480940850e-02
2.384879927416461154e-02
2.350713030912180215e-02
2.338249210318907312e-02
2.350818986859408086e-02
2.384728877982454989e-02
2.481677600065460010e-02
2.629288125329909756e-02
2.916631806871371191e-02
3.257093618591135054e-02
1.984003607757804308e-02
2.791220706773046498e-02
9.999999999999999547e-07
1.505634791099191849e-02
1.320467425403745038e-02
1.983783585010692394e-02
3.138986807311132388e-02
3.303084049363628344e-02
2.975865864721315146e-02
2.778954928636388072e-02
2.607205793350392958e-02
2.481578314480940156e-02
2.404110372142989616e-02
2.373426977279910130e-02
2.404189662048861545e-02
2.481677600065460357e-02
2.606989922338323953e-02
2.778879612138279026e-02
2.975717078412067410e-02
3.303167302447602288e-02
3.139686228038866822e-02
1.984003607757804308e-02
1.320626422368836352e-02
2.693833339739118427e-02
2.898374754304983841e-02
3.256819320174107746e-02
3.303084049363628344e-02
3.159795540278040327e-02
3.052668423069469783e-02
2.925993572008697002e-02
2.778954928636389807e-02
2.629262762681816232e-02
2.504643775278373591e-02
2.453203631843461907e-02
2.504605739983511298e-02
2.629288125329910103e-02
2.778879612138277638e-02
2.925938522698068311e-02
3.052598309064250698e-02
3.159823212883587640e-02
3.303167302447602288e-02
3.257093618591133666e-02
2.898370970182792550e-02
2.923321607328194585e-02
2.916493117368772897e-02
2.916677186800539431e-02
2.975865864721315146e-02
3.052668423069470824e-02
3.078333903946127090e-02
3.052668423069470824e-02
2.975865864721314105e-02
2.916677186800540125e-02
2.916493117368771856e-02
2.923321607328197361e-02
2.916581481293141140e-02
2.916631806871372579e-02
2.975717078412068450e-02
3.052598309064250351e-02
3.078291812844910144e-02
3.052598309064250351e-02
2.975717078412068450e-02
2.916631806871369109e-02
2.916581481293139058e-02
2.453203631843461560e-02
2.504643775278373244e-02
2.629262762681817273e-02
2.778954928636389113e-02
2.925993572008696655e-02
3.052668423069469783e-02
3.159795540278040327e-02
3.303084049363626956e-02
3.256819320174107746e-02
2.898374754304981760e-02
2.693833339739117039e-02
2.898370970182794978e-02
3.257093618591138523e-02
3.303167302447602982e-02
3.159823212883588334e-02
3.052598309064251739e-02
2.925938522698069352e-02
2.778879612138277985e-02
2.629288125329909756e-02
2.504605739983510604e-02
2.373426977279910477e-02
2.404110372142990310e-02
2.481578314480941197e-02
2.607205793350394693e-02
2.778954928636388072e-02
2.975865864721315146e-02
3.303084049363629732e-02
3.138986807311131694e-02
1.983783585010695516e-02
1.320467425403745038e-02
1.505634791099191849e-02
1.320626422368837566e-02
1.984003607757806389e-02
3.139686228038862659e-02
3.303167302447602288e-02
2.975717078412069491e-02
2.778879612138279373e-02
2.606989922338325688e-02
2.481677600065460357e-02
2.404189662048860157e-02
2.338249210318909047e-02
2.350713030912179868e-02
2.384879927416462195e-02
2.481578314480939809e-02
2.629262762681817273e-02
2.916677186800539431e-02
3.256819320174109827e-02
1.983783585010692394e-02
2.792645813346886913e-02
9.999999999999999547e-07
9.999999999999999547e-07
9.999999999999999547e-07
2.791220706773046498e-02
1.984003607757805349e-02
3.257093618591135054e-02
2.916631806871371191e-02
2.629288125329908715e-02
2.481677600065461051e-02
2.384728877982454642e-02
2.350818986859408086e-02
2.424902569615106779e-02
2.397542583291379856e-02
2.350713030912181603e-02
2.404110372142989616e-02
2.504643775278371509e-02
2.916493117368771856e-02
2.898374754304981760e-02
1.320467425403743997e-02
9.999999999999999547e-07
9.999999999999999547e-07
9.999999999999999547e-07
9.999999999999999547e-07
9.999999999999999547e-07
1.320626422368836872e-02
2.898370970182791509e-02
2.916581481293139058e-02
2.504605739983509563e-02
2.404189662048860504e-02
2.350818986859405657e-02
2.397035631239140610e-02
2.424902569615105044e-02
2.397035631239140263e-02
2.350818986859405657e-02
2.404189662048860157e-02
2.504605739983510951e-02
2.916581481293136976e-02
2.898370970182791509e-02
1.320626422368837566e-02
9.999999999999999547e-07
9.999999999999999547e-07
9.999999999999999547e-07
9.999999999999999547e-07
9.999999999999999547e-07
1.320467425403743997e-02
2.898374754304980719e-02
2.916493117368772897e-02
2.504643775278372897e-02
2.404110372142989616e-02
2.350713030912178828e-02
2.397542583291379509e-02
2.397035631239141651e-02
2.377725345147350955e-02
2.365482923151685998e-02
2.436688466689119342e-02
2.552625852308006496e-02
2.902315968734400786e-02
3.046755061011051716e-02
1.459501323884714562e-02
9.999999999999999547e-07
9.999999999999999547e-07
9.999999999999999547e-07
9.999999999999999547e-07
9.999999999999999547e-07
1.459486966413601865e-02
3.046708858066878717e-02
2.902402656048561763e-02
2.552929379550445202e-02
2.436379041536623768e-02
2.365432992390924596e-02
2.378501602052749200e-02
2.350818986859406698e-02
2.365482923151686345e-02
2.407681647941876599e-02
2.512722016019885291e-02
2.666610109306799536e-02
2.903854966644628388e-02
3.264477856961551377e-02
2.251712502305132022e-02
1.521618435570867844e-02
9.999999999999999547e-07
9.999999999999999547e-07
9.999999999999999547e-07
1.521624157584361252e-02
2.251629511362188141e-02
3.264107259860881544e-02
2.903875359615919541e-02
2.666538678901890502e-02
2.512866944565700367e-02
2.407591564051184477e-02
2.365702271834179901e-02
2.404189662048860157e-02
2.436688466689119342e-02
2.512722016019885637e-02
2.635457280032677679e-02
2.799676953328848403e-02
2.977303916777296680e-02
3.236880711673641164e-02
3.194970010570502561e-02
2.251904849226371921e-02
1.459511476729524401e-02
1.320467425403745038e-02
1.459486966413601171e-02
2.251629511362187447e-02
3.194706795777097624e-02
3.237067321198643099e-02
2.977453369495939792e-02
2.799805890013287724e-02
2.635462950968340060e-02
2.512891224327591308e-02
2.436637334998369153e-02
2.504605739983512339e-02
2.552625852308007537e-02
2.666610109306798149e-02
2.799676953328850484e-02
2.933822828837864133e-02
3.051725340272161066e-02
3.138572012284056995e-02
3.237142586001741373e-02
3.264674107377652651e-02
3.046780975396744945e-02
2.898374754304982800e-02
3.046708858066877329e-02
3.264107259860884319e-02
3.237067321198643099e-02
3.138820095390799925e-02
3.051843778324470069e-02
2.933899979140313849e-02
2.799801352140834573e-02
2.666468922605118655e-02
2.552728442159998487e-02
2.916581481293142181e-02
2.902315968734404603e-02
2.903854966644631511e-02
2.977303916777296680e-02
3.051725340272162107e-02
3.075169214061378511e-02
3.051760160836788222e-02
2.977330549761889392e-02
2.903934047428983339e-02
2.902584216303082457e-02
2.916493117368772897e-02
2.902402656048562804e-02
2.903875359615923010e-02
2.977453369495939792e-02
3.051843778324470069e-02
3.075266227794030277e-02
3.051790143996636548e-02
2.977388634968789957e-02
2.903770949973437723e-02
2.902584216303082457e-02
2.898370970182794978e-02
3.046755061011054491e-02
3.264477856961551377e-02
3.236880711673641164e-02
3.138572012284056995e-02
3.051760160836788568e-02
2.933849507610455237e-02
2.799735177394013438e-02
2.666609882913338267e-02
2.552728442159996752e-02
2.504643775278373244e-02
2.552929379550445202e-02
2.666538678901889808e-02
2.799805890013285989e-02
2.933899979140310380e-02
3.051790143996637242e-02
3.138760823164796904e-02
3.237078623517952725e-02
3.264206647946314710e-02
3.046780975396745986e-02
1.320626422368838433e-02
1.459501323884716296e-02
2.251712502305136879e-02
3.194970010570501173e-02
3.237142586001740679e-02
2.977330549761891126e-02
2.799735177394015867e-02
2.635442015799071766e-02
2.512728570748828244e-02
2.436637334998370888e-02
2.404110372142991003e-02
2.436379041536622381e-02
2.512866944565700367e-02
2.635462950968341794e-02
2.799801352140833879e-02
2.977388634968789957e-02
3.237078623517952725e-02
3.194858215800711054e-02
2.251652696835338904e-02
1.459511476729524401e-02
9.999999999999999547e-07
9.999999999999999547e-07
1.521618435570867151e-02
2.251904849226374003e-02
3.264674107377651263e-02
2.903934047428980217e-02
2.666609882913337920e-02
2.512728570748829979e-02
2.407499474111158763e-02
2.365702271834179901e-02
2.350713030912180215e-02
2.365432992390921821e-02
2.407591564051185171e-02
2.512891224327591655e-02
2.666468922605118655e-02
2.903770949973436682e-02
3.264206647946319567e-02
2.251652696835340986e-02
1.521643335533977293e-02
9.999999999999999547e-07
9.999999999999999547e-07
9.999999999999999547e-07
9.999999999999999547e-07
1.459511476729524401e-02
3.046780975396742863e-02
2.902584216303077946e-02
2.552728442159998140e-02
2.436637334998369153e-02
2.365702271834178513e-02
2.378501602052746772e-02
2.397542583291379856e-02
2.378501602052748853e-02
2.365702271834178513e-02
2.436637334998368459e-02
2.552728442159999528e-02
2.902584216303080375e-02
3.046780975396741475e-02
1.459511476729524401e-02
9.999999999999999547e-07
9.999999999999999547e-07
9.999999999999999547e-07
9.999999999999999547e-07
9.999999999999999547e-07
1.320467425403744344e-02
2.898374754304979678e-02
2.916493117368769428e-02
2.504643775278371162e-02
2.404110372142989963e-02
2.350713030912180215e-02
2.397542583291377774e-02
2.424902569615105738e-02
2.397035631239140610e-02
2.350818986859406004e-02
2.404189662048860504e-02
2.504605739983509563e-02
2.916581481293136976e-02
2.898370970182790468e-02
1.320626422368838433e-02
9.999999999999999547e-07
9.999999999999999547e-07
9.999999999999999547e-07
9.999999999999999547e-07
9.999999999999999547e-07
1.459486966413602906e-02
3.046708858066876288e-02
2.902402656048561763e-02
2.552929379550445202e-02
2.436379041536621687e-02
2.365432992390920780e-02
2.378501602052749200e-02
2.397035631239141304e-02
2.377725345147350261e-02
2.365482923151685998e-02
2.436688466689119342e-02
2.552625852308007190e-02
2.902315968734402521e-02
3.046755061011051716e-02
1.459501323884715429e-02
9.999999999999999547e-07
9.999999999999999547e-07
9.999999999999999547e-07
9.999999999999999547e-07
1.521624157584362466e-02
2.251629511362187447e-02
3.264107259860882237e-02
2.903875359615919541e-02
2.666538678901890502e-02
2.512866944565701061e-02
2.407591564051185171e-02
2.365702271834179554e-02
2.350818986859407392e-02
2.365482923151686345e-02
2.407681647941876946e-02
2.512722016019885291e-02
2.666610109306798496e-02
2.903854966644628388e-02
3.264477856961551377e-02
2.251712502305134103e-02
1.521618435570867151e-02
9.999999999999999547e-07
1.320467425403744691e-02
1.459486966413601171e-02
2.251629511362187447e-02
3.194706795777096930e-02
3.237067321198643099e-02
2.977453369495939792e-02
2.799805890013285989e-02
2.635462950968340060e-02
2.512891224327592696e-02
2.436637334998369153e-02
2.404189662048860157e-02
2.436688466689119342e-02
2.512722016019883556e-02
2.635457280032675945e-02
2.799676953328848056e-02
2.977303916777296680e-02
3.236880711673643246e-02
3.194970010570503949e-02
2.251904849226371921e-02
1.459511476729525095e-02
2.898374754304983841e-02
3.046708858066878717e-02
3.264107259860883625e-02
3.237067321198643099e-02
3.138820095390799925e-02
3.051843778324470069e-02
2.933899979140311073e-02
2.799801352140834920e-02
2.666468922605118655e-02
2.552728442159999181e-02
2.504605739983510951e-02
2.552625852308006496e-02
2.666610109306798149e-02
2.799676953328849097e-02
2.933822828837863092e-02
3.051725340272161066e-02
3.138572012284056995e-02
3.237142586001742761e-02
3.264674107377654039e-02
3.046780975396744945e-02
2.916493117368773938e-02
2.902402656048564886e-02
2.903875359615924051e-02
2.977453369495939792e-02
3.051843778324469028e-02
3.075266227794030277e-02
3.051790143996638283e-02
2.977388634968788916e-02
2.903770949973437723e-02
2.902584216303084885e-02
2.916581481293142181e-02
2.902315968734405990e-02
2.903854966644629429e-02
2.977303916777296680e-02
3.051725340272162107e-02
3.075169214061376777e-02
3.051760160836789262e-02
2.977330549761890086e-02
2.903934047428981258e-02
2.902584216303082457e-02
2.504643775278371856e-02
2.552929379550445202e-02
2.666538678901890849e-02
2.799805890013287724e-02
2.933899979140311420e-02
3.051790143996636548e-02
3.138760823164797598e-02
3.237078623517952725e-02
3.264206647946318179e-02
3.046780975396745986e-02
2.898370970182794978e-02
3.046755061011052756e-02
3.264477856961552765e-02
3.236880711673641858e-02
3.138572012284054913e-02
3.051760160836788568e-02
2.933849507610456278e-02
2.799735177394014479e-02
2.666609882913339308e-02
2.552728442159997099e-02
2.404110372142989616e-02
2.436379041536621687e-02
2.512866944565700367e-02
2.635462950968340060e-02
2.799801352140835614e-02
2.977388634968789957e-02
3.237078623517952031e-02
3.194858215800709667e-02
2.251652696835338904e-02
1.459511476729526136e-02
1.320626422368837913e-02
1.459501323884716296e-02
2.251712502305134797e-02
3.194970010570506724e-02
3.237142586001740679e-02
2.977330549761889392e-02
2.799735177394014479e-02
2.635442015799072807e-02
2.512728570748828591e-02
2.436637334998368459e-02
2.350713030912181256e-02
2.365432992390921821e-02
2.407591564051183783e-02
2.512891224327591308e-02
2.666468922605118655e-02
2.903770949973435295e-02
3.264206647946318179e-02
2.251652696835339945e-02
1.521643335533976772e-02
9.999999999999999547e-07
9.999999999999999547e-07
9.999999999999999547e-07
1.521618435570867151e-02
2.251904849226371227e-02
3.264674107377654733e-02
2.903934047428978829e-02
2.666609882913337920e-02
2.512728570748829285e-02
2.407499474111159110e-02
2.365702271834180248e-02
2.397542583291379856e-02
2.378501602052747813e-02
2.365702271834178513e-02
2.436637334998368806e-02
2.552728442159997793e-02
2.902584216303079334e-02
3.046780975396745986e-02
1.459511476729524401e-02
9.999999999999999547e-07
9.999999999999999547e-07
9.999999999999999547e-07
9.999999999999999547e-07
9.999999999999999547e-07
1.459511476729524401e-02
3.046780975396744945e-02
2.902584216303081416e-02
2.552728442159997793e-02
2.436637334998368459e-02
2.365702271834179207e-02
2.378501602052748506e-02
2.338249210318906618e-02
2.350818986859406004e-02
2.384728877982454989e-02
2.481677600065460357e-02
2.629288125329908715e-02
2.916631806871369109e-02
3.257093618591132972e-02
1.984003607757802573e-02
2.791220706773046498e-02
9.999999999999999547e-07
9.999999999999999547e-07
9.999999999999999547e-07
2.792645813346886913e-02
1.983783585010690659e-02
3.256819320174108440e-02
2.916677186800539431e-02
2.629262762681816926e-02
2.481578314480940156e-02
2.384879927416461501e-02
2.350713030912180215e-02
2.350818986859407392e-02
2.365482923151686345e-02
2.407681647941876946e-02
2.512722016019884944e-02
2.666610109306799536e-02
2.903854966644629429e-02
3.264477856961550684e-02
2.251712502305134103e-02
1.521618435570866804e-02
9.999999999999999547e-07
9.999999999999999547e-07
9.999999999999999547e-07
1.521624157584362813e-02
2.251629511362186059e-02
3.264107259860881544e-02
2.903875359615921969e-02
2.666538678901890849e-02
2.512866944565700367e-02
2.407591564051184130e-02
2.365702271834181636e-02
2.384728877982454642e-02
2.407681647941876252e-02
2.470357225740478502e-02
2.588758679278215305e-02
2.750816213564596588e-02
2.927490208175703712e-02
3.205644175392906997e-02
2.883131267655969499e-02
1.708284670376404579e-02
1.521643335533978507e-02
2.792645813346888300e-02
1.521624157584365415e-02
1.708228396505308624e-02
2.882691159724724145e-02
3.205639687655701536e-02
2.927571492541603329e-02
2.750815303043831206e-02
2.588649441877904911e-02
2.470610442916684746e-02
2.407499474111160151e-02
2.481677600065460357e-02
2.512722016019886331e-02
2.588758679278216346e-02
2.702551349342041664e-02
2.849188574292734616e-02
3.000501776429414028e-02
3.130929778740931813e-02
3.209012170292738914e-02
2.882735844518453938e-02
2.251652696835338904e-02
1.983783585010692394e-02
2.251629511362187447e-02
2.882691159724726573e-02
3.208968058689218306e-02
3.131024227886570338e-02
3.000622544267126518e-02
2.849285200112663258e-02
2.702685734868431888e-02
2.588762655813185709e-02
2.512728570748829285e-02
2.629288125329909756e-02
2.666610109306799883e-02
2.750816213564596935e-02
2.849188574292737391e-02
2.952611608431946616e-02
3.049723083976319665e-02
3.115344259005555297e-02
3.130887529518160822e-02
3.205559821880784449e-02
3.264206647946318179e-02
3.256819320174107746e-02
3.264107259860882237e-02
3.205639687655702230e-02
3.131024227886568256e-02
3.115523132633855885e-02
3.049821197729630368e-02
2.952659944677751835e-02
2.849246049031642358e-02
2.750858939017192598e-02
2.666609882913339308e-02
2.916631806871372579e-02
2.903854966644631511e-02
2.927490208175706141e-02
3.000501776429415068e-02
3.049723083976319665e-02
3.064162852647571086e-02
3.049688709206468951e-02
3.000528722830886341e-02
2.927521064271158130e-02
2.903770949973436682e-02
2.916677186800540125e-02
2.903875359615923010e-02
2.927571492541601247e-02
3.000622544267127559e-02
3.049821197729628980e-02
3.064146199837902013e-02
3.049712358840388216e-02
3.000554943819046597e-02
2.927521064271158130e-02
2.903934047428982299e-02
3.257093618591140605e-02
3.264477856961551377e-02
3.205644175392906997e-02
3.130929778740929731e-02
3.115344259005554256e-02
3.049688709206471032e-02
2.952655248233200524e-02
2.849230209496653177e-02
2.750858939017191210e-02
2.666468922605116920e-02
2.629262762681814497e-02
2.666538678901890849e-02
2.750815303043832594e-02
2.849285200112663605e-02
2.952659944677754264e-02
3.049712358840387175e-02
3.115399201010928681e-02
3.130949021546566152e-02
3.205559821880784449e-02
3.264674107377658202e-02
1.984003607757807430e-02
2.251712502305134103e-02
2.883131267655969499e-02
3.209012170292738914e-02
3.130887529518160128e-02
3.000528722830887382e-02
2.849230209496652136e-02
2.702634059669774616e-02
2.588762655813186056e-02
2.512891224327591308e-02
2.481578314480941544e-02
2.512866944565699673e-02
2.588649441877905258e-02
2.702685734868433276e-02
2.849246049031642011e-02
3.000554943819046597e-02
3.130949021546567540e-02
3.209044948086850479e-02
2.882735844518452550e-02
2.251904849226371227e-02
2.791220706773046151e-02
1.521618435570868885e-02
1.708284670376403885e-02
2.882735844518453938e-02
3.205559821880781673e-02
2.927521064271157089e-02
2.750858939017191210e-02
2.588762655813186750e-02
2.470610442916684399e-02
2.407591564051184477e-02
2.384879927416462195e-02
2.407591564051184477e-02
2.470610442916684746e-02
2.588762655813184668e-02
2.750858939017190169e-02
2.927521064271157089e-02
3.205559821880781673e-02
2.882735844518454979e-02
1.708284670376403885e-02
1.521618435570867844e-02
9.999999999999999547e-07
9.999999999999999547e-07
1.521643335533976772e-02
2.251652696835338904e-02
3.264206647946314016e-02
2.903770949973437723e-02
2.666468922605116573e-02
2.512891224327591308e-02
2.407591564051185518e-02
2.365432992390921474e-02
2.350713030912180562e-02
2.365702271834180248e-02
2.407499474111159110e-02
2.512728570748829285e-02
2.666609882913339308e-02
2.903934047428981258e-02
3.264674107377654039e-02
2.251904849226371227e-02
1.521618435570867151e-02
9.999999999999999547e-07
9.999999999999999547e-07
9.999999999999999547e-07
2.792645813346886913e-02
1.983783585010691700e-02
3.256819320174106358e-02
2.916677186800538391e-02
2.629262762681818313e-02
2.481578314480941544e-02
2.384879927416461501e-02
2.350713030912179174e-02
2.338249210318906271e-02
2.350818986859405657e-02
2.384728877982454642e-02
2.481677600065459663e-02
2.629288125329910797e-02
2.916631806871369109e-02
3.257093618591135747e-02
1.984003607757805349e-02
2.791220706773046498e-02
9.999999999999999547e-07
9.999999999999999547e-07
9.999999999999999547e-07
1.521624157584361599e-02
2.251629511362187447e-02
3.264107259860882237e-02
2.903875359615920582e-02
2.666538678901889461e-02
2.512866944565700020e-02
2.407591564051185171e-02
2.365702271834181636e-02
2.350818986859407045e-02
2.365482923151688080e-02
2.407681647941875558e-02
2.512722016019884944e-02
2.666610109306798149e-02
2.903854966644630470e-02
3.264477856961550684e-02
2.251712502305134797e-02
1.521618435570866457e-02
9.999999999999999547e-07
2.792645813346888300e-02
1.521624157584364201e-02
1.708228396505308624e-02
2.882691159724724145e-02
3.205639687655701536e-02
2.927571492541601247e-02
2.750815303043831206e-02
2.588649441877905952e-02
2.470610442916685440e-02
2.407499474111159457e-02
2.384728877982453601e-02
2.407681647941876252e-02
2.470357225740476073e-02
2.588758679278216346e-02
2.750816213564595547e-02
2.927490208175704753e-02
3.205644175392906303e-02
2.883131267655969499e-02
1.708284670376403885e-02
1.521643335533977640e-02
1.983783585010690659e-02
2.251629511362187447e-02
2.882691159724724145e-02
3.208968058689220387e-02
3.131024227886570338e-02
3.000622544267126518e-02
2.849285200112665339e-02
2.702685734868431194e-02
2.588762655813185362e-02
2.512728570748828591e-02
2.481677600065461051e-02
2.512722016019884944e-02
2.588758679278215652e-02
2.702551349342041317e-02
2.849188574292735310e-02
3.000501776429414028e-02
3.130929778740931119e-02
3.209012170292738914e-02
2.882735844518454979e-02
2.251652696835339945e-02
3.256819320174110521e-02
3.264107259860881544e-02
3.205639687655701536e-02
3.131024227886571726e-02
3.115523132633854497e-02
3.049821197729630368e-02
2.952659944677751835e-02
2.849246049031643399e-02
2.750858939017192598e-02
2.666609882913338961e-02
2.629288125329908715e-02
2.666610109306799883e-02
2.750816213564596935e-02
2.849188574292736351e-02
2.952611608431945575e-02
3.049723083976318277e-02
3.115344259005555297e-02
3.130887529518160822e-02
3.205559821880783061e-02
3.264206647946318179e-02
2.916677186800541513e-02
2.903875359615924051e-02
2.927571492541601247e-02
3.000622544267127559e-02
3.049821197729630368e-02
3.064146199837900972e-02
3.049712358840388216e-02
3.000554943819047637e-02
2.927521064271158130e-02
2.903934047428983339e-02
2.916631806871371191e-02
2.903854966644630470e-02
2.927490208175706141e-02
3.000501776429412987e-02
3.049723083976320012e-02
3.064162852647570739e-02
3.049688709206469991e-02
3.000528722830887382e-02
2.927521064271157089e-02
2.903770949973438764e-02
2.629262762681817620e-02
2.666538678901889808e-02
2.750815303043834328e-02
2.849285200112666380e-02
2.952659944677753570e-02
3.049712358840386481e-02
3.115399201010928681e-02
3.130949021546564764e-02
3.205559821880783061e-02
3.264674107377658202e-02
3.257093618591138523e-02
3.264477856961554847e-02
3.205644175392906303e-02
3.130929778740931119e-02
3.115344259005556685e-02
3.049688709206469645e-02
2.952655248233200871e-02
2.849230209496653177e-02
2.750858939017192251e-02
2.666468922605119349e-02
2.481578314480940850e-02
2.512866944565700020e-02
2.588649441877905258e-02
2.702685734868431888e-02
2.849246049031643052e-02
3.000554943819046597e-02
3.130949021546564071e-02
3.209044948086851867e-02
2.882735844518452550e-02
2.251904849226370187e-02
1.984003607757806389e-02
2.251712502305134797e-02
2.883131267655968805e-02
3.209012170292740301e-02
3.130887529518160128e-02
3.000528722830886688e-02
2.849230209496651095e-02
2.702634059669772881e-02
2.588762655813185362e-02
2.512891224327592696e-02
2.384879927416461501e-02
2.407591564051184130e-02
2.470610442916684052e-02
2.588762655813184668e-02
2.750858939017190169e-02
2.927521064271158130e-02
3.205559821880783061e-02
2.882735844518454979e-02
1.708284670376403885e-02
1.521618435570867151e-02
2.791220706773046498e-02
1.521618435570868885e-02
1.708284670376403885e-02
2.882735844518450816e-02
3.205559821880783061e-02
2.927521064271157089e-02
2.750858939017191557e-02
2.588762655813185709e-02
2.470610442916684052e-02
2.407591564051185518e-02
2.350713030912180562e-02
2.365702271834180248e-02
2.407499474111158763e-02
2.512728570748828591e-02
2.666609882913340349e-02
2.903934047428978829e-02
3.264674107377652651e-02
2.251904849226371227e-02
1.521618435570866457e-02
9.999999999999999547e-07
9.999999999999999547e-07
9.999999999999999547e-07
1.521643335533977293e-02
2.251652696835338904e-02
3.264206647946318179e-02
2.903770949973437723e-02
2.666468922605118655e-02
2.512891224327591655e-02
2.407591564051184477e-02
2.365432992390923209e-02
2.373426977279910477e-02
2.404189662048860157e-02
2.481677600065462785e-02
2.606989922338323953e-02
2.778879612138279026e-02
2.975717078412068450e-02
3.303167302447602982e-02
3.139686228038865434e-02
1.984003607757804308e-02
1.320626422368837219e-02
1.505634791099191502e-02
1.320467425403744691e-02
1.983783585010691700e-02
3.138986807311131694e-02
3.303084049363626956e-02
2.975865864721314105e-02
2.778954928636389113e-02
2.607205793350392958e-02
2.481578314480942932e-02
2.404110372142991697e-02
2.404189662048860851e-02
2.436688466689119689e-02
2.512722016019884944e-02
2.635457280032678720e-02
2.799676953328849097e-02
2.977303916777296680e-02
3.236880711673641164e-02
3.194970010570502561e-02
2.251904849226371921e-02
1.459511476729525095e-02
1.320467425403743997e-02
1.459486966413601865e-02
2.251629511362185018e-02
3.194706795777095543e-02
3.237067321198643099e-02
2.977453369495938751e-02
2.799805890013288071e-02
2.635462950968340060e-02
2.512891224327592696e-02
2.436637334998370194e-02
2.481677600065461398e-02
2.512722016019883556e-02
2.588758679278215652e-02
2.702551349342043399e-02
2.849188574292733575e-02
3.000501776429411599e-02
3.130929778740931119e-02
3.209012170292738914e-02
2.882735844518451510e-02
2.251652696835336823e-02
1.983783585010693434e-02
2.251629511362187447e-02
2.882691159724727614e-02
3.208968058689218306e-02
3.131024227886570338e-02
3.000622544267126518e-02
2.849285200112666727e-02
2.702685734868431888e-02
2.588762655813185709e-02
2.512728570748829979e-02
2.606989922338325341e-02
2.635457280032678720e-02
2.702551349342044440e-02
2.796319264588246339e-02
2.908116809334595348e-02
3.026963198552669668e-02
3.120692383258910976e-02
3.137513235197021688e-02
3.209044948086856031e-02
3.194858215800709667e-02
3.138986807311132388e-02
3.194706795777099012e-02
3.208968058689218306e-02
3.137651134585564550e-02
3.120843560723127880e-02
3.027123981170063566e-02
2.908225818834548823e-02
2.796390011112268037e-02
2.702634059669773228e-02
2.635442015799075582e-02
2.778879612138279373e-02
2.799676953328850831e-02
2.849188574292736351e-02
2.908116809334595002e-02
2.971497380258964968e-02
3.034948874933063659e-02
3.096949805969539254e-02
3.120716447990679737e-02
3.130949021546567540e-02
3.237078623517952725e-02
3.303084049363630426e-02
3.237067321198647263e-02
3.131024227886571726e-02
3.120843560723128574e-02
3.097214046870671797e-02
3.035020844488445571e-02
2.971301972157663202e-02
2.908223787225036258e-02
2.849230209496652136e-02
2.799735177394014826e-02
2.975717078412070879e-02
2.977303916777299109e-02
3.000501776429413681e-02
3.026963198552670709e-02
3.034948874933061577e-02
3.036710214857331683e-02
3.034886248061481606e-02
3.027044777769772460e-02
3.000554943819047984e-02
2.977388634968790998e-02
2.975865864721315840e-02
2.977453369495941179e-02
3.000622544267126518e-02
3.027123981170062525e-02
3.035020844488446612e-02
3.036753542022145591e-02
3.034935653372857964e-02
3.027044777769772807e-02
3.000528722830889117e-02
2.977330549761891126e-02
3.303167302447604370e-02
3.236880711673641858e-02
3.130929778740931119e-02
3.120692383258910976e-02
3.096949805969539254e-02
3.034886248061479525e-02
2.971347199268830827e-02
2.908223787225036605e-02
2.849246049031643052e-02
2.799801352140833532e-02
2.778954928636391888e-02
2.799805890013287377e-02
2.849285200112666380e-02
2.908225818834548823e-02
2.971301972157664242e-02
3.034935653372856923e-02
3.097086991464971864e-02
3.120716447990681125e-02
3.130887529518162210e-02
3.237142586001742761e-02
3.139686228038867516e-02
3.194970010570503949e-02
3.209012170292740301e-02
3.137513235197021688e-02
3.120716447990679737e-02
3.027044777769772807e-02
2.908223787225037299e-02
2.796390011112268037e-02
2.702685734868432235e-02
2.635462950968341447e-02
2.607205793350392958e-02
2.635462950968340060e-02
2.702685734868432235e-02
2.796390011112268037e-02
2.908223787225036605e-02
3.027044777769773501e-02
3.120716447990679737e-02
3.137513235197023076e-02
3.209012170292741689e-02
3.194970010570509500e-02
1.984003607757804308e-02
2.251904849226371227e-02
2.882735844518452550e-02
3.209044948086850479e-02
3.130949021546566152e-02
3.000554943819046597e-02
2.849246049031643052e-02
2.702685734868431888e-02
2.588649441877905258e-02
2.512866944565701061e-02
2.481578314480941197e-02
2.512891224327590961e-02
2.588762655813186056e-02
2.702634059669773228e-02
2.849230209496652483e-02
3.000528722830886341e-02
3.130887529518162210e-02
3.209012170292740301e-02
2.883131267655972621e-02
2.251712502305132715e-02
1.320626422368837913e-02
1.459511476729526136e-02
2.251652696835340986e-02
3.194858215800711054e-02
3.237078623517952031e-02
2.977388634968788916e-02
2.799801352140834573e-02
2.635462950968339366e-02
2.512866944565700367e-02
2.436379041536623075e-02
2.404110372142990310e-02
2.436637334998368459e-02
2.512728570748828244e-02
2.635442015799073501e-02
2.799735177394014132e-02
2.977330549761891126e-02
3.237142586001742761e-02
3.194970010570506724e-02
2.251712502305134103e-02
1.459501323884715429e-02
1.505634791099191502e-02
1.320467425403744691e-02
1.983783585010692394e-02
3.138986807311128918e-02
3.303084049363626956e-02
2.975865864721315146e-02
2.778954928636388072e-02
2.607205793350392611e-02
2.481578314480940850e-02
2.404110372142988575e-02
2.373426977279910130e-02
2.404189662048858422e-02
2.481677600065458969e-02
2.606989922338323953e-02
2.778879612138279026e-02
2.975717078412068450e-02
3.303167302447602982e-02
3.139686228038865434e-02
1.984003607757807430e-02
1.320626422368837219e-02
1.320467425403744691e-02
1.459486966413601865e-02
2.251629511362186059e-02
3.194706795777097624e-02
3.237067321198643099e-02
2.977453369495938751e-02
2.799805890013287377e-02
2.635462950968339366e-02
2.512891224327591308e-02
2.436637334998368459e-02
2.404189662048860504e-02
2.436688466689118301e-02
2.512722016019884944e-02
2.635457280032678026e-02
2.799676953328849097e-02
2.977303916777296680e-02
3.236880711673641858e-02
3.194970010570504643e-02
2.251904849226371227e-02
1.459511476729525095e-02
1.983783585010693434e-02
2.251629511362185018e-02
2.882691159724725186e-02
3.208968058689218306e-02
3.131024227886569644e-02
3.000622544267127906e-02
2.849285200112663605e-02
2.702685734868431194e-02
2.588762655813186750e-02
2.512728570748829285e-02
2.481677600065461398e-02
2.512722016019883903e-02
2.588758679278216693e-02
2.702551349342041664e-02
2.849188574292736351e-02
3.000501776429412987e-02
3.130929778740929731e-02
3.209012170292741689e-02
2.882735844518456020e-02
2.251652696835339945e-02
3.138986807311131694e-02
3.194706795777097624e-02
3.208968058689219693e-02
3.137651134585564550e-02
3.120843560723128574e-02
3.027123981170063566e-02
2.908225818834549517e-02
2.796390011112268037e-02
2.702634059669772881e-02
2.635442015799074195e-02
2.606989922338323606e-02
2.635457280032678720e-02
2.702551349342042011e-02
2.796319264588245299e-02
2.908116809334593614e-02
3.026963198552670015e-02
3.120692383258910976e-02
3.137513235197021688e-02
3.209044948086852561e-02
3.194858215800713136e-02
3.303084049363629732e-02
3.237067321198643099e-02
3.131024227886571726e-02
3.120843560723129961e-02
3.097214046870669715e-02
3.035020844488445571e-02
2.971301972157664589e-02
2.908223787225036605e-02
2.849230209496652136e-02
2.799735177394014479e-02
2.778879612138279373e-02
2.799676953328851178e-02
2.849188574292733922e-02
2.908116809334595002e-02
2.971497380258963927e-02
3.034948874933064353e-02
3.096949805969538214e-02
3.120716447990679737e-02
3.130949021546567540e-02
3.237078623517954112e-02
2.975865864721316881e-02
2.977453369495942220e-02
3.000622544267127906e-02
3.027123981170062525e-02
3.035020844488444530e-02
3.036753542022145591e-02
3.034935653372857964e-02
3.027044777769772807e-02
3.000528722830888770e-02
2.977330549761890086e-02
2.975717078412069491e-02
2.977303916777298068e-02
3.000501776429413681e-02
3.026963198552670015e-02
3.034948874933062271e-02
3.036710214857334458e-02
3.034886248061481606e-02
3.027044777769772460e-02
3.000554943819046597e-02
2.977388634968789957e-02
2.778954928636389113e-02
2.799805890013288764e-02
2.849285200112666033e-02
2.908225818834550211e-02
2.971301972157664242e-02
3.034935653372859005e-02
3.097086991464971517e-02
3.120716447990681125e-02
3.130887529518162210e-02
3.237142586001742761e-02
3.303167302447604370e-02
3.236880711673641858e-02
3.130929778740929731e-02
3.120692383258909242e-02
3.096949805969539254e-02
3.034886248061481606e-02
2.971347199268831521e-02
2.908223787225037299e-02
2.849246049031643052e-02
2.799801352140834920e-02
2.607205793350393652e-02
2.635462950968341794e-02
2.702685734868431888e-02
2.796390011112266302e-02
2.908223787225037646e-02
3.027044777769772460e-02
3.120716447990678696e-02
3.137513235197023076e-02
3.209012170292742383e-02
3.194970010570508112e-02
3.139686228038864740e-02
3.194970010570506030e-02
3.209012170292741689e-02
3.137513235197021688e-02
3.120716447990677656e-02
3.027044777769771419e-02
2.908223787225037299e-02
2.796390011112269078e-02
2.702685734868431888e-02
2.635462950968342488e-02
2.481578314480941197e-02
2.512891224327589920e-02
2.588762655813186056e-02
2.702634059669772534e-02
2.849230209496652483e-02
3.000528722830888076e-02
3.130887529518162210e-02
3.209012170292741689e-02
2.883131267655972621e-02
2.251712502305134797e-02
1.984003607757806389e-02
2.251904849226371921e-02
2.882735844518454979e-02
3.209044948086852561e-02
3.130949021546564764e-02
3.000554943819046250e-02
2.849246049031644093e-02
2.702685734868430847e-02
2.588649441877905952e-02
2.512866944565702795e-02
2.404110372142990310e-02
2.436637334998370888e-02
2.512728570748831020e-02
2.635442015799075582e-02
2.799735177394014479e-02
2.977330549761889392e-02
3.237142586001742761e-02
3.194970010570506724e-02
2.251712502305136879e-02
1.459501323884715429e-02
1.320626422368837913e-02
1.459511476729525095e-02
2.251652696835339945e-02
3.194858215800708973e-02
3.237078623517954112e-02
2.977388634968789957e-02
2.799801352140833532e-02
2.635462950968341447e-02
2.512866944565701061e-02
2.436379041536622381e-02
2.453203631843460519e-02
2.504605739983510604e-02
2.629288125329910797e-02
2.778879612138280067e-02
2.925938522698069352e-02
3.052598309064250698e-02
3.159823212883585558e-02
3.303167302447602982e-02
3.257093618591135747e-02
2.898370970182793938e-02
2.693833339739117039e-02
2.898374754304982800e-02
3.256819320174110521e-02
3.303084049363629732e-02
3.159795540278043796e-02
3.052668423069469783e-02
2.925993572008696655e-02
2.778954928636388766e-02
2.629262762681817273e-02
2.504643775278373244e-02
2.504605739983512686e-02
2.552625852308009965e-02
2.666610109306798496e-02
2.799676953328849444e-02
2.933822828837863092e-02
3.051725340272161066e-02
3.138572012284056301e-02
3.237142586001742761e-02
3.264674107377652651e-02
3.046780975396744945e-02
2.898374754304981760e-02
3.046708858066879758e-02
3.264107259860882237e-02
3.237067321198641712e-02
3.138820095390799925e-02
3.051843778324468334e-02
2.933899979140312461e-02
2.799801352140834920e-02
2.666468922605117961e-02
2.552728442159999181e-02
2.629288125329911144e-02
2.666610109306798496e-02
2.750816213564597629e-02
2.849188574292736351e-02
2.952611608431944534e-02
3.049723083976318277e-02
3.115344259005556338e-02
3.130887529518164292e-02
3.205559821880784449e-02
3.264206647946318179e-02
3.256819320174110521e-02
3.264107259860885707e-02
3.205639687655701536e-02
3.131024227886569644e-02
3.115523132633854497e-02
3.049821197729631408e-02
2.952659944677751835e-02
2.849246049031644787e-02
2.750858939017191210e-02
2.666609882913337226e-02
2.778879612138277985e-02
2.799676953328851178e-02
2.849188574292735310e-02
2.908116809334595348e-02
2.971497380258963927e-02
3.034948874933063659e-02
3.096949805969540295e-02
3.120716447990679737e-02
3.130949021546564764e-02
3.237078623517952725e-02
3.303084049363628344e-02
3.237067321198647263e-02
3.131024227886572420e-02
3.120843560723127880e-02
3.097214046870671103e-02
3.035020844488446612e-02
2.971301972157662508e-02
2.908223787225037299e-02
2.849230209496651095e-02
2.799735177394014826e-02
2.925938522698067965e-02
2.933822828837864133e-02
2.952611608431946269e-02
2.971497380258966009e-02
2.987603521988873786e-02
3.010256157186647422e-02
3.048741584748385081e-02
3.097086991464971864e-02
3.115399201010930763e-02
3.138760823164798985e-02
3.159795540278041714e-02
3.138820095390799925e-02
3.115523132633854497e-02
3.097214046870670062e-02
3.048710317097862860e-02
3.010140814291722630e-02
2.987987374589766432e-02
2.971347199268831868e-02
2.952655248233201565e-02
2.933849507610456625e-02
3.052598309064251739e-02
3.051725340272163495e-02
3.049723083976321053e-02
3.034948874933062965e-02
3.010256157186647769e-02
3.001966824571573877e-02
3.010577883413390055e-02
3.034935653372860045e-02
3.049712358840387522e-02
3.051790143996636548e-02
3.052668423069471518e-02
3.051843778324471804e-02
3.049821197729630715e-02
3.035020844488447306e-02
3.010140814291720202e-02
3.001608310705436433e-02
3.010577883413390055e-02
3.034886248061483688e-02
3.049688709206471032e-02
3.051760160836791344e-02
3.159823212883588334e-02
3.138572012284060464e-02
3.115344259005556685e-02
3.096949805969539254e-02
3.048741584748384387e-02
3.010577883413389361e-02
2.987987374589765738e-02
2.971301972157664589e-02
2.952659944677752182e-02
2.933899979140313849e-02
2.925993572008697002e-02
2.933899979140313849e-02
2.952659944677754264e-02
2.971301972157664242e-02
2.987987374589766779e-02
3.010577883413390055e-02
3.048741584748385081e-02
3.096949805969538214e-02
3.115344259005555644e-02
3.138572012284063240e-02
3.303167302447604370e-02
3.237142586001742761e-02
3.130887529518162210e-02
3.120716447990681125e-02
3.097086991464973252e-02
3.034935653372856923e-02
2.971301972157664589e-02
2.908225818834549517e-02
2.849285200112664992e-02
2.799805890013287377e-02
2.778954928636390501e-02
2.799801352140833879e-02
2.849246049031641317e-02
2.908223787225037646e-02
2.971347199268830480e-02
3.034886248061481606e-02
3.096949805969538214e-02
3.120692383258910976e-02
3.130929778740931813e-02
3.236880711673644634e-02
3.257093618591140605e-02
3.264674107377657508e-02
3.205559821880783061e-02
3.130949021546564764e-02
3.115399201010929375e-02
3.049712358840386481e-02
2.952659944677753223e-02
2.849285200112663605e-02
2.750815303043833288e-02
2.666538678901889808e-02
2.629262762681817620e-02
2.666468922605119349e-02
2.750858939017192251e-02
2.849230209496650748e-02
2.952655248233198443e-02
3.049688709206470685e-02
3.115344259005555644e-02
3.130929778740929731e-02
3.205644175392908385e-02
3.264477856961552765e-02
2.898370970182796019e-02
3.046780975396744945e-02
3.264206647946319567e-02
3.237078623517950643e-02
3.138760823164797598e-02
3.051790143996636201e-02
2.933899979140312114e-02
2.799805890013288764e-02
2.666538678901890502e-02
2.552929379550445549e-02
2.504643775278373244e-02
2.552728442159999528e-02
2.666609882913338961e-02
2.799735177394016561e-02
2.933849507610456278e-02
3.051760160836789956e-02
3.138572012284059770e-02
3.236880711673641858e-02
3.264477856961552765e-02
3.046755061011053450e-02
2.693833339739117039e-02
2.898374754304983841e-02
3.256819320174109827e-02
3.303084049363628344e-02
3.159795540278042408e-02
3.052668423069469089e-02
2.925993572008695615e-02
2.778954928636389113e-02
2.629262762681816232e-02
2.504643775278373591e-02
2.453203631843460519e-02
2.504605739983512339e-02
2.629288125329909756e-02
2.778879612138279373e-02
2.925938522698068311e-02
3.052598309064250698e-02
3.159823212883584170e-02
3.303167302447602982e-02
3.257093618591135054e-02
2.898370970182794978e-02
2.898374754304982800e-02
3.046708858066878717e-02
3.264107259860883625e-02
3.237067321198643099e-02
3.138820095390800619e-02
3.051843778324468334e-02
2.933899979140312114e-02
2.799801352140833879e-02
2.666468922605119349e-02
2.552728442159998487e-02
2.504605739983512339e-02
2.552625852308007537e-02
2.666610109306798149e-02
2.799676953328848403e-02
2.933822828837863092e-02
3.051725340272162107e-02
3.138572012284056995e-02
3.237142586001740679e-02
3.264674107377652651e-02
3.046780975396744945e-02
3.256819320174107746e-02
3.264107259860883625e-02
3.205639687655702230e-02
3.131024227886569644e-02
3.115523132633852416e-02
3.049821197729630368e-02
2.952659944677754264e-02
2.849246049031643399e-02
2.750858939017192251e-02
2.666609882913338961e-02
2.629288125329910797e-02
2.666610109306796761e-02
2.750816213564596935e-02
2.849188574292736351e-02
2.952611608431944534e-02
3.049723083976318971e-02
3.115344259005554603e-02
3.130887529518162210e-02
3.205559821880784449e-02
3.264206647946318179e-02
3.303084049363629732e-02
3.237067321198643793e-02
3.131024227886566869e-02
3.120843560723129961e-02
3.097214046870671103e-02
3.035020844488445571e-02
2.971301972157664589e-02
2.908223787225036605e-02
2.849230209496650401e-02
2.799735177394015520e-02
2.778879612138277985e-02
2.799676953328850484e-02
2.849188574292737391e-02
2.908116809334595348e-02
2.971497380258964968e-02
3.034948874933062965e-02
3.096949805969537867e-02
3.120716447990679737e-02
3.130949021546567540e-02
3.237078623517954806e-02
3.159795540278042408e-02
3.138820095390800619e-02
3.115523132633854497e-02
3.097214046870670756e-02
3.048710317097863554e-02
3.010140814291720548e-02
2.987987374589765391e-02
2.971347199268833256e-02
2.952655248233201565e-02
2.933849507610455584e-02
2.925938522698071434e-02
2.933822828837862398e-02
2.952611608431947310e-02
2.971497380258964968e-02
2.987603521988873093e-02
3.010256157186648115e-02
3.048741584748385428e-02
3.097086991464972211e-02
3.115399201010932151e-02
3.138760823164798985e-02
3.052668423069473252e-02
3.051843778324472845e-02
3.049821197729629674e-02
3.035020844488447306e-02
3.010140814291720202e-02
3.001608310705436433e-02
3.010577883413390055e-02
3.034886248061483688e-02
3.049688709206472073e-02
3.051760160836790997e-02
3.052598309064253126e-02
3.051725340272164536e-02
3.049723083976319665e-02
3.034948874933061577e-02
3.010256157186647769e-02
3.001966824571572837e-02
3.010577883413391789e-02
3.034935653372858658e-02
3.049712358840387175e-02
3.051790143996636548e-02
2.925993572008696655e-02
2.933899979140312461e-02
2.952659944677753570e-02
2.971301972157663548e-02
2.987987374589766432e-02
3.010577883413388667e-02
3.048741584748384387e-02
3.096949805969539254e-02
3.115344259005555644e-02
3.138572012284063240e-02
3.159823212883588334e-02
3.138572012284061852e-02
3.115344259005556685e-02
3.096949805969539601e-02
3.048741584748385428e-02
3.010577883413390055e-02
2.987987374589765738e-02
2.971301972157663548e-02
2.952659944677751835e-02
2.933899979140312808e-02
2.778954928636388766e-02
2.799801352140834920e-02
2.849246049031643399e-02
2.908223787225037646e-02
2.971347199268831521e-02
3.034886248061483688e-02
3.096949805969538214e-02
3.120692383258910976e-02
3.130929778740931813e-02
3.236880711673645328e-02
3.303167302447607839e-02
3.237142586001743455e-02
3.130887529518162904e-02
3.120716447990679737e-02
3.097086991464970129e-02
3.034935653372857964e-02
2.971301972157663548e-02
2.908225818834551599e-02
2.849285200112665339e-02
2.799805890013288071e-02
2.629262762681817620e-02
2.666468922605117614e-02
2.750858939017192251e-02
2.849230209496650748e-02
2.952655248233200524e-02
3.049688709206472073e-02
3.115344259005555297e-02
3.130929778740931119e-02
3.205644175392909079e-02
3.264477856961552765e-02
3.257093618591138523e-02
3.264674107377654733e-02
3.205559821880781673e-02
3.130949021546567540e-02
3.115399201010929722e-02
3.049712358840387522e-02
2.952659944677753223e-02
2.849285200112664299e-02
2.750815303043832594e-02
2.666538678901890502e-02
2.504643775278371856e-02
2.552728442159997099e-02
2.666609882913338267e-02
2.799735177394014132e-02
2.933849507610454196e-02
3.051760160836789262e-02
3.138572012284056301e-02
3.236880711673641858e-02
3.264477856961552765e-02
3.046755061011055879e-02
2.898370970182793938e-02
3.046780975396742863e-02
3.264206647946319567e-02
3.237078623517950643e-02
3.138760823164796904e-02
3.051790143996638630e-02
2.933899979140313849e-02
2.799805890013286683e-02
2.666538678901890849e-02
2.552929379550445202e-02
2.923321607328196667e-02
2.916581481293142181e-02
2.916631806871372579e-02
2.975717078412069491e-02
3.052598309064252086e-02
3.078291812844908062e-02
3.052598309064252086e-02
2.975717078412067410e-02
2.916631806871371191e-02
2.916581481293141140e-02
2.923321607328196667e-02
2.916493117368772897e-02
2.916677186800539431e-02
2.975865864721315146e-02
3.052668423069470130e-02
3.078333903946127090e-02
3.052668423069470824e-02
2.975865864721314105e-02
2.916677186800541513e-02
2.916493117368773938e-02
2.916581481293140099e-02
2.902315968734404603e-02
2.903854966644631511e-02
2.977303916777298068e-02
3.051725340272161066e-02
3.075169214061377471e-02
3.051760160836789262e-02
2.977330549761890086e-02
2.903934047428982299e-02
2.902584216303081416e-02
2.916493117368774632e-02
2.902402656048565927e-02
2.903875359615923010e-02
2.977453369495941179e-02
3.051843778324470416e-02
3.075266227794031318e-02
3.051790143996636548e-02
2.977388634968789957e-02
2.903770949973436682e-02
2.902584216303081416e-02
2.916631806871373619e-02
2.903854966644629429e-02
2.927490208175703712e-02
3.000501776429415068e-02
3.049723083976318277e-02
3.064162852647571086e-02
3.049688709206472420e-02
3.000528722830886688e-02
2.927521064271157089e-02
2.903770949973438764e-02
2.916677186800541513e-02
2.903875359615923010e-02
2.927571492541603329e-02
3.000622544267127559e-02
3.049821197729628980e-02
3.064146199837900278e-02
3.049712358840388216e-02
3.000554943819047637e-02
2.927521064271158130e-02
2.903934047428980217e-02
2.975717078412069491e-02
2.977303916777299109e-02
3.000501776429415415e-02
3.026963198552669668e-02
3.034948874933063659e-02
3.036710214857332030e-02
3.034886248061481606e-02
3.027044777769772113e-02
3.000554943819049372e-02
2.977388634968789957e-02
2.975865864721316881e-02
2.977453369495943261e-02
3.000622544267127906e-02
3.027123981170063566e-02
3.035020844488447306e-02
3.036753542022145938e-02
3.034935653372858658e-02
3.027044777769770725e-02
3.000528722830890158e-02
2.977330549761890086e-02
3.052598309064253126e-02
3.051725340272163495e-02
3.049723083976320359e-02
3.034948874933064353e-02
3.010256157186646728e-02
3.001966824571571796e-02
3.010577883413388667e-02
3.034935653372857964e-02
3.049712358840388562e-02
3.051790143996636548e-02
3.052668423069471518e-02
3.051843778324470069e-02
3.049821197729632102e-02
3.035020844488446265e-02
3.010140814291721242e-02
3.001608310705435392e-02
3.010577883413388667e-02
3.034886248061482994e-02
3.049688709206470685e-02
3.051760160836790997e-02
3.078291812844910491e-02
3.075169214061378165e-02
3.064162852647569699e-02
3.036710214857332030e-02
3.001966824571572837e-02
2.990482521176583697e-02
3.001608310705436433e-02
3.036753542022146979e-02
3.064146199837903053e-02
3.075266227794029583e-02
3.078333903946129518e-02
3.075266227794030624e-02
3.064146199837903053e-02
3.036753542022145938e-02
3.001608310705436433e-02
2.990482521176585778e-02
3.001966824571572837e-02
3.036710214857333417e-02
3.064162852647572127e-02
3.075169214061379205e-02
3.052598309064252780e-02
3.051760160836789956e-02
3.049688709206472420e-02
3.034886248061481606e-02
3.010577883413389361e-02
3.001608310705436433e-02
3.010140814291720548e-02
3.035020844488447306e-02
3.049821197729632102e-02
3.051843778324472151e-02
3.052668423069469783e-02
3.051790143996636548e-02
3.049712358840386481e-02
3.034935653372859352e-02
3.010577883413389361e-02
3.001966824571571449e-02
3.010256157186647769e-02
3.034948874933064353e-02
3.049723083976319665e-02
3.051725340272163495e-02
2.975717078412068450e-02
2.977330549761890086e-02
3.000528722830887382e-02
3.027044777769772460e-02
3.034935653372856923e-02
3.036753542022144897e-02
3.035020844488448000e-02
3.027123981170064954e-02
3.000622544267127906e-02
2.977453369495942220e-02
2.975865864721315840e-02
2.977388634968790998e-02
3.000554943819048331e-02
3.027044777769772460e-02
3.034886248061484729e-02
3.036710214857332030e-02
3.034948874933064353e-02
3.026963198552669668e-02
3.000501776429414721e-02
2.977303916777299803e-02
2.916631806871373619e-02
2.903934047428980217e-02
2.927521064271157089e-02
3.000554943819047984e-02
3.049712358840387175e-02
3.064146199837900972e-02
3.049821197729629674e-02
3.000622544267126518e-02
2.927571492541601941e-02
2.903875359615925092e-02
2.916677186800540125e-02
2.903770949973438764e-02
2.927521064271157089e-02
3.000528722830886688e-02
3.049688709206472420e-02
3.064162852647571780e-02
3.049723083976320012e-02
3.000501776429416456e-02
2.927490208175706141e-02
2.903854966644631511e-02
2.916581481293139058e-02
2.902584216303082457e-02
2.903770949973438764e-02
2.977388634968789957e-02
3.051790143996635160e-02
3.075266227794029236e-02
3.051843778324467293e-02
2.977453369495941179e-02
2.903875359615921969e-02
2.902402656048564886e-02
2.916493117368771856e-02
2.902584216303081416e-02
2.903934047428980217e-02
2.977330549761888351e-02
3.051760160836789956e-02
3.075169214061379205e-02
3.051725340272162454e-02
2.977303916777298068e-02
2.903854966644629429e-02
2.902315968734404603e-02
2.923321607328194585e-02
2.916493117368774632e-02
2.916677186800541513e-02
2.975865864721314105e-02
3.052668423069472212e-02
3.078333903946129518e-02
3.052668423069470130e-02
2.975865864721314105e-02
2.916677186800540125e-02
2.916493117368773938e-02
2.923321607328195626e-02
2.916581481293139058e-02
2.916631806871372579e-02
2.975717078412069491e-02
3.052598309064250351e-02
3.078291812844909450e-02
3.052598309064250698e-02
2.975717078412069491e-02
2.916631806871372579e-02
2.916581481293141140e-02
2.916493117368772897e-02
2.902402656048564886e-02
2.903875359615923010e-02
2.977453369495939792e-02
3.051843778324470069e-02
3.075266227794030277e-02
3.051790143996637242e-02
2.977388634968789957e-02
2.903770949973438764e-02
2.902584216303082457e-02
2.916581481293141140e-02
2.902315968734403562e-02
2.903854966644631511e-02
2.977303916777298068e-02
3.051725340272161066e-02
3.075169214061378511e-02
3.051760160836789956e-02
2.977330549761890086e-02
2.903934047428981258e-02
2.902584216303083844e-02
2.916677186800542554e-02
2.903875359615925092e-02
2.927571492541603329e-02
3.000622544267126171e-02
3.049821197729629674e-02
3.064146199837900972e-02
3.049712358840387522e-02
3.000554943819047984e-02
2.927521064271157089e-02
2.903934047428982299e-02
2.916631806871372579e-02
2.903854966644629429e-02
2.927490208175704753e-02
3.000501776429414721e-02
3.049723083976319665e-02
3.064162852647571086e-02
3.049688709206472420e-02
3.000528722830887382e-02
2.927521064271158130e-02
2.903770949973439805e-02
2.975865864721315146e-02
2.977453369495942220e-02
3.000622544267127906e-02
3.027123981170064954e-02
3.035020844488447306e-02
3.036753542022145591e-02
3.034935653372858658e-02
3.027044777769772460e-02
3.000528722830887729e-02
2.977330549761889392e-02
2.975717078412071920e-02
2.977303916777299803e-02
3.000501776429414721e-02
3.026963198552669668e-02
3.034948874933064353e-02
3.036710214857333417e-02
3.034886248061482300e-02
3.027044777769773501e-02
3.000554943819047984e-02
2.977388634968789957e-02
3.052668423069470130e-02
3.051843778324470416e-02
3.049821197729630368e-02
3.035020844488446265e-02
3.010140814291721242e-02
3.001608310705436433e-02
3.010577883413389361e-02
3.034886248061482300e-02
3.049688709206470685e-02
3.051760160836788568e-02
3.052598309064253820e-02
3.051725340272163495e-02
3.049723083976319665e-02
3.034948874933063312e-02
3.010256157186647769e-02
3.001966824571572490e-02
3.010577883413390402e-02
3.034935653372858658e-02
3.049712358840387175e-02
3.051790143996638630e-02
3.078333903946129865e-02
3.075266227794030624e-02
3.064146199837901319e-02
3.036753542022147326e-02
3.001608310705435045e-02
2.990482521176585778e-02
3.001966824571572837e-02
3.036710214857333417e-02
3.064162852647572127e-02
3.075169214061379205e-02
3.078291812844912920e-02
3.075169214061378511e-02
3.064162852647570739e-02
3.036710214857334458e-02
3.001966824571571796e-02
2.990482521176585778e-02
3.001608310705435392e-02
3.036753542022145591e-02
3.064146199837903053e-02
3.075266227794031665e-02
3.052668423069472212e-02
3.051790143996637242e-02
3.049712358840388216e-02
3.034935653372859352e-02
3.010577883413390055e-02
3.001966824571571796e-02
3.010256157186647769e-02
3.034948874933066434e-02
3.049723083976320359e-02
3.051725340272164189e-02
3.052598309064253820e-02
3.051760160836789956e-02
3.049688709206472073e-02
3.034886248061482300e-02
3.010577883413390055e-02
3.001608310705435392e-02
3.010140814291721589e-02
3.035020844488446612e-02
3.049821197729630368e-02
3.051843778324471457e-02
2.975865864721315840e-02
2.977388634968790998e-02
3.000554943819047984e-02
3.027044777769772113e-02
3.034886248061482300e-02
3.036710214857333071e-02
3.034948874933064353e-02
3.026963198552669668e-02
3.000501776429414721e-02
2.977303916777299803e-02
2.975717078412071920e-02
2.977330549761890086e-02
3.000528722830888076e-02
3.027044777769772807e-02
3.034935653372857964e-02
3.036753542022145938e-02
3.035020844488447653e-02
3.027123981170064954e-02
3.000622544267126171e-02
2.977453369495943261e-02
2.916677186800541513e-02
2.903770949973438764e-02
2.927521064271158130e-02
3.000528722830887729e-02
3.049688709206472073e-02
3.064162852647571780e-02
3.049723083976319665e-02
3.000501776429415415e-02
2.927490208175706835e-02
2.903854966644630470e-02
2.916631806871373619e-02
2.903934047428982299e-02
2.927521064271156048e-02
3.000554943819046250e-02
3.049712358840387522e-02
3.064146199837900972e-02
3.049821197729629327e-02
3.000622544267125130e-02
2.927571492541601941e-02
2.903875359615924051e-02
2.916493117368774632e-02
2.902584216303082457e-02
2.903934047428982299e-02
2.977330549761890086e-02
3.051760160836789956e-02
3.075169214061377471e-02
3.051725340272161066e-02
2.977303916777298068e-02
2.903854966644630470e-02
2.902315968734403562e-02
2.916581481293143568e-02
2.902584216303080375e-02
2.903770949973437723e-02
2.977388634968789957e-02
3.051790143996637242e-02
3.075266227794029236e-02
3.051843778324469375e-02
2.977453369495942220e-02
2.903875359615920582e-02
2.902402656048565927e-02
2.693833339739117039e-02
2.898370970182797754e-02
3.257093618591135054e-02
3.303167302447602982e-02
3.159823212883586252e-02
3.052598309064250698e-02
2.925938522698069352e-02
2.778879612138281108e-02
2.629288125329909756e-02
2.504605739983510604e-02
2.453203631843460519e-02
2.504643775278371509e-02
2.629262762681816926e-02
2.778954928636389807e-02
2.925993572008698390e-02
3.052668423069469783e-02
3.159795540278042408e-02
3.303084049363630426e-02
3.256819320174109827e-02
2.898374754304982800e-02
2.898370970182794978e-02
3.046755061011055879e-02
3.264477856961552765e-02
3.236880711673643246e-02
3.138572012284058382e-02
3.051760160836789956e-02
2.933849507610455237e-02
2.799735177394016561e-02
2.666609882913340349e-02
2.552728442159999875e-02
2.504643775278373244e-02
2.552929379550444855e-02
2.666538678901889808e-02
2.799805890013287377e-02
2.933899979140312114e-02
3.051790143996636548e-02
3.138760823164796904e-02
3.237078623517952031e-02
3.264206647946320261e-02
3.046780975396743904e-02
3.257093618591135054e-02
3.264477856961553459e-02
3.205644175392908385e-02
3.130929778740931813e-02
3.115344259005556338e-02
3.049688709206472073e-02
2.952655248233198443e-02
2.849230209496652483e-02
2.750858939017191557e-02
2.666468922605119349e-02
2.629262762681817620e-02
2.666538678901889461e-02
2.750815303043832247e-02
2.849285200112664992e-02
2.952659944677753570e-02
3.049712358840386134e-02
3.115399201010929722e-02
3.130949021546566152e-02
3.205559821880783061e-02
3.264674107377657508e-02
3.303167302447607839e-02
3.236880711673643246e-02
3.130929778740935282e-02
3.120692383258909242e-02
3.096949805969539254e-02
3.034886248061482994e-02
2.971347199268831868e-02
2.908223787225035564e-02
2.849246049031642011e-02
2.799801352140834920e-02
2.778954928636391541e-02
2.799805890013289111e-02
2.849285200112665339e-02
2.908225818834549517e-02
2.971301972157665977e-02
3.034935653372859352e-02
3.097086991464971517e-02
3.120716447990682166e-02
3.130887529518162904e-02
3.237142586001743455e-02
3.159823212883591109e-02
3.138572012284060464e-02
3.115344259005556685e-02
3.096949805969540295e-02
3.048741584748386815e-02
3.010577883413388667e-02
2.987987374589765391e-02
2.971301972157663202e-02
2.952659944677753570e-02
2.933899979140314890e-02
2.925993572008696655e-02
2.933899979140313849e-02
2.952659944677753223e-02
2.971301972157663548e-02
2.987987374589768166e-02
3.010577883413389361e-02
3.048741584748385428e-02
3.096949805969540295e-02
3.115344259005556338e-02
3.138572012284061852e-02
3.052598309064251739e-02
3.051760160836790997e-02
3.049688709206472073e-02
3.034886248061482994e-02
3.010577883413388667e-02
3.001608310705436433e-02
3.010140814291720202e-02
3.035020844488447306e-02
3.049821197729630368e-02
3.051843778324472151e-02
3.052668423069470130e-02
3.051790143996636201e-02
3.049712358840388562e-02
3.034935653372858658e-02
3.010577883413390055e-02
3.001966824571571449e-02
3.010256157186647769e-02
3.034948874933062271e-02
3.049723083976318277e-02
3.051725340272163148e-02
2.925938522698071434e-02
2.933849507610455237e-02
2.952655248233200871e-02
2.971347199268833256e-02
2.987987374589767472e-02
3.010140814291719508e-02
3.048710317097864594e-02
3.097214046870670756e-02
3.115523132633854497e-02
3.138820095390799925e-02
3.159795540278042408e-02
3.138760823164798985e-02
3.115399201010929375e-02
3.097086991464971864e-02
3.048741584748384040e-02
3.010256157186647769e-02
2.987603521988874133e-02
2.971497380258964968e-02
2.952611608431947310e-02
2.933822828837864133e-02
2.778879612138277985e-02
2.799735177394016561e-02
2.849230209496652483e-02
2.908223787225037646e-02
2.971301972157664242e-02
3.035020844488445571e-02
3.097214046870671797e-02
3.120843560723129961e-02
3.131024227886571726e-02
3.237067321198641712e-02
3.303084049363628344e-02
3.237078623517952031e-02
3.130949021546568234e-02
3.120716447990681125e-02
3.096949805969537867e-02
3.034948874933062965e-02
2.971497380258963927e-02
2.908116809334597083e-02
2.849188574292736351e-02
2.799676953328850831e-02
2.629288125329910103e-02
2.666609882913340349e-02
2.750858939017190169e-02
2.849246049031644787e-02
2.952659944677752529e-02
3.049821197729630368e-02
3.115523132633855885e-02
3.131024227886570338e-02
3.205639687655702230e-02
3.264107259860883625e-02
3.256819320174107746e-02
3.264206647946321649e-02
3.205559821880785143e-02
3.130887529518162904e-02
3.115344259005556338e-02
3.049723083976318277e-02
2.952611608431945228e-02
2.849188574292736351e-02
2.750816213564596588e-02
2.666610109306799190e-02
2.504605739983511298e-02
2.552728442159999875e-02
2.666468922605117614e-02
2.799801352140836308e-02
2.933899979140312808e-02
3.051843778324469375e-02
3.138820095390799925e-02
3.237067321198641712e-02
3.264107259860881544e-02
3.046708858066880798e-02
2.898374754304983841e-02
3.046780975396741475e-02
3.264674107377654733e-02
3.237142586001740679e-02
3.138572012284054913e-02
3.051725340272161066e-02
2.933822828837862398e-02
2.799676953328850831e-02
2.666610109306798496e-02
2.552625852308007884e-02
2.453203631843459825e-02
2.504643775278371162e-02
2.629262762681816926e-02
2.778954928636389113e-02
2.925993572008695615e-02
3.052668423069469783e-02
3.159795540278042408e-02
3.303084049363629732e-02
3.256819320174110521e-02
2.898374754304981760e-02
2.693833339739117039e-02
2.898370970182793938e-02
3.257093618591135747e-02
3.303167302447602288e-02
3.159823212883587640e-02
3.052598309064250698e-02
2.925938522698069352e-02
2.778879612138279373e-02
2.629288125329909756e-02
2.504605739983510951e-02
2.504643775278373244e-02
2.552929379550445549e-02
2.666538678901889461e-02
2.799805890013286683e-02
2.933899979140313849e-02
3.051790143996637242e-02
3.138760823164796904e-02
3.237078623517952725e-02
3.264206647946319567e-02
3.046780975396742863e-02
2.898370970182796019e-02
3.046755061011051716e-02
3.264477856961552765e-02
3.236880711673639777e-02
3.138572012284054913e-02
3.051760160836789956e-02
2.933849507610455237e-02
2.799735177394015867e-02
2.666609882913338961e-02
2.552728442159999528e-02
2.629262762681817273e-02
2.666538678901889808e-02
2.750815303043832247e-02
2.849285200112663605e-02
2.952659944677752182e-02
3.049712358840386134e-02
3.115399201010930763e-02
3.130949021546566152e-02
3.205559821880783061e-02
3.264674107377654039e-02
3.257093618591138523e-02
3.264477856961552765e-02
3.205644175392908385e-02
3.130929778740931813e-02
3.115344259005556338e-02
3.049688709206472073e-02
2.952655248233198443e-02
2.849230209496650748e-02
2.750858939017191557e-02
2.666468922605117614e-02
2.778954928636389807e-02
2.799805890013289805e-02
2.849285200112666380e-02
2.908225818834550211e-02
2.971301972157666324e-02
3.034935653372859005e-02
3.097086991464970476e-02
3.120716447990682166e-02
3.130887529518162904e-02
3.237142586001742761e-02
3.303167302447604370e-02
3.236880711673641858e-02
3.130929778740933200e-02
3.120692383258909242e-02
3.096949805969539601e-02
3.034886248061483688e-02
2.971347199268831868e-02
2.908223787225037299e-02
2.849246049031643399e-02
2.799801352140834573e-02
2.925993572008700125e-02
2.933899979140313849e-02
2.952659944677752529e-02
2.971301972157664242e-02
2.987987374589765738e-02
3.010577883413387626e-02
3.048741584748385081e-02
3.096949805969539254e-02
3.115344259005555297e-02
3.138572012284060464e-02
3.159823212883591109e-02
3.138572012284059770e-02
3.115344259005557725e-02
3.096949805969539254e-02
3.048741584748386815e-02
3.010577883413387626e-02
2.987987374589765738e-02
2.971301972157665630e-02
2.952659944677753570e-02
2.933899979140312808e-02
3.052668423069470824e-02
3.051790143996637242e-02
3.049712358840388216e-02
3.034935653372858658e-02
3.010577883413390402e-02
3.001966824571571796e-02
3.010256157186647769e-02
3.034948874933062271e-02
3.049723083976319665e-02
3.051725340272162454e-02
3.052598309064251739e-02
3.051760160836788568e-02
3.049688709206472420e-02
3.034886248061483688e-02
3.010577883413387973e-02
3.001608310705435392e-02
3.010140814291720548e-02
3.035020844488447653e-02
3.049821197729629674e-02
3.051843778324473191e-02
3.159795540278042408e-02
3.138760823164798985e-02
3.115399201010928334e-02
3.097086991464973252e-02
3.048741584748385081e-02
3.010256157186647769e-02
2.987603521988874480e-02
2.971497380258964968e-02
2.952611608431947310e-02
2.933822828837864480e-02
2.925938522698071434e-02
2.933849507610453849e-02
2.952655248233200871e-02
2.971347199268833256e-02
2.987987374589765738e-02
3.010140814291722630e-02
3.048710317097863207e-02
3.097214046870671103e-02
3.115523132633854497e-02
3.138820095390802006e-02
3.303084049363629732e-02
3.237078623517954112e-02
3.130949021546568234e-02
3.120716447990679737e-02
3.096949805969540989e-02
3.034948874933062965e-02
2.971497380258964621e-02
2.908116809334595002e-02
2.849188574292736351e-02
2.799676953328852913e-02
2.778879612138279373e-02
2.799735177394016908e-02
2.849230209496653524e-02
2.908223787225037299e-02
2.971301972157665630e-02
3.035020844488446265e-02
3.097214046870672144e-02
3.120843560723128574e-02
3.131024227886572420e-02
3.237067321198643099e-02
3.256819320174110521e-02
3.264206647946319567e-02
3.205559821880784449e-02
3.130887529518164292e-02
3.115344259005556685e-02
3.049723083976317584e-02
2.952611608431945575e-02
2.849188574292736351e-02
2.750816213564597629e-02
2.666610109306799536e-02
2.629288125329910103e-02
2.666609882913340349e-02
2.750858939017191210e-02
2.849246049031643399e-02
2.952659944677751835e-02
3.049821197729632102e-02
3.115523132633854497e-02
3.131024227886569644e-02
3.205639687655703618e-02
3.264107259860884319e-02
2.898374754304982800e-02
3.046780975396743904e-02
3.264674107377654733e-02
3.237142586001741373e-02
3.138572012284056301e-02
3.051725340272162454e-02
2.933822828837864133e-02
2.799676953328849444e-02
2.666610109306799190e-02
2.552625852308007884e-02
2.504605739983511298e-02
2.552728442159999181e-02
2.666468922605117961e-02
2.799801352140833879e-02
2.933899979140312114e-02
3.051843778324471457e-02
3.138820095390800619e-02
3.237067321198645181e-02
3.264107259860880156e-02
3.046708858066881492e-02
1.505634791099191502e-02
1.320626422368839301e-02
1.984003607757805349e-02
3.139686228038865434e-02
3.303167302447604370e-02
2.975717078412068450e-02
2.778879612138279026e-02
2.606989922338325688e-02
2.481677600065461398e-02
2.404189662048860157e-02
2.373426977279910477e-02
2.404110372142990310e-02
2.481578314480941197e-02
2.607205793350392958e-02
2.778954928636388766e-02
2.975865864721315146e-02
3.303084049363629732e-02
3.138986807311131694e-02
1.983783585010692394e-02
1.320467425403744344e-02
1.320626422368838433e-02
1.459501323884716296e-02
2.251712502305134797e-02
3.194970010570504643e-02
3.237142586001740679e-02
2.977330549761889392e-02
2.799735177394015867e-02
2.635442015799073154e-02
2.512728570748828591e-02
2.436637334998369847e-02
2.404110372142989963e-02
2.436379041536622381e-02
2.512866944565701061e-02
2.635462950968341447e-02
2.799801352140833879e-02
2.977388634968789957e-02
3.237078623517954112e-02
3.194858215800709667e-02
2.251652696835339945e-02
1.459511476729526136e-02
1.984003607757802573e-02
2.251712502305134797e-02
2.883131267655970539e-02
3.209012170292741689e-02
3.130887529518162210e-02
3.000528722830887729e-02
2.849230209496652136e-02
2.702634059669772881e-02
2.588762655813185362e-02
2.512891224327591655e-02
2.481578314480939809e-02
2.512866944565701061e-02
2.588649441877905258e-02
2.702685734868431888e-02
2.849246049031643399e-02
3.000554943819046250e-02
3.130949021546564764e-02
3.209044948086852561e-02
2.882735844518451510e-02
2.251904849226371227e-02
3.139686228038869598e-02
3.194970010570506724e-02
3.209012170292741689e-02
3.137513235197023770e-02
3.120716447990677656e-02
3.027044777769772113e-02
2.908223787225035564e-02
2.796390011112266996e-02
2.702685734868431888e-02
2.635462950968341447e-02
2.607205793350393652e-02
2.635462950968340060e-02
2.702685734868431888e-02
2.796390011112267343e-02
2.908223787225037646e-02
3.027044777769772807e-02
3.120716447990678696e-02
3.137513235197023076e-02
3.209012170292740301e-02
3.194970010570502561e-02
3.303167302447605758e-02
3.237142586001742761e-02
3.130887529518162210e-02
3.120716447990679737e-02
3.097086991464972211e-02
3.034935653372857964e-02
2.971301972157664242e-02
2.908225818834550211e-02
2.849285200112665339e-02
2.799805890013288764e-02
2.778954928636389807e-02
2.799801352140836655e-02
2.849246049031643052e-02
2.908223787225036605e-02
2.971347199268829786e-02
3.034886248061481606e-02
3.096949805969539254e-02
3.120692383258910976e-02
3.130929778740933200e-02
3.236880711673644634e-02
2.975717078412068450e-02
2.977330549761890086e-02
3.000528722830889117e-02
3.027044777769772460e-02
3.034935653372856923e-02
3.036753542022144897e-02
3.035020844488444530e-02
3.027123981170062525e-02
3.000622544267127906e-02
2.977453369495941179e-02
2.975865864721315840e-02
2.977388634968790998e-02
3.000554943819048331e-02
3.027044777769772460e-02
3.034886248061480912e-02
3.036710214857333071e-02
3.034948874933062271e-02
3.026963198552669668e-02
3.000501776429415068e-02
2.977303916777298068e-02
2.778879612138280414e-02
2.799735177394014826e-02
2.849230209496652136e-02
2.908223787225037993e-02
2.971301972157664242e-02
3.035020844488445571e-02
3.097214046870671797e-02
3.120843560723129961e-02
3.131024227886570338e-02
3.237067321198645181e-02
3.303084049363629732e-02
3.237078623517954806e-02
3.130949021546567540e-02
3.120716447990681125e-02
3.096949805969540642e-02
3.034948874933063659e-02
2.971497380258964968e-02
2.908116809334595002e-02
2.849188574292736351e-02
2.799676953328852219e-02
2.606989922338325341e-02
2.635442015799074195e-02
2.702634059669771840e-02
2.796390011112266996e-02
2.908225818834549170e-02
3.027123981170062525e-02
3.120843560723131002e-02
3.137651134585564550e-02
3.208968058689221775e-02
3.194706795777100400e-02
3.138986807311135163e-02
3.194858215800709667e-02
3.209044948086854643e-02
3.137513235197021688e-02
3.120692383258910282e-02
3.026963198552670015e-02
2.908116809334596389e-02
2.796319264588245646e-02
2.702551349342042011e-02
2.635457280032676639e-02
2.481677600065460357e-02
2.512728570748829979e-02
2.588762655813185709e-02
2.702685734868432235e-02
2.849285200112664992e-02
3.000622544267126171e-02
3.131024227886570338e-02
3.208968058689219693e-02
2.882691159724725186e-02
2.251629511362188141e-02
1.983783585010693434e-02
2.251652696835338904e-02
2.882735844518452550e-02
3.209012170292738220e-02
3.130929778740931119e-02
3.000501776429412987e-02
2.849188574292734963e-02
2.702551349342041317e-02
2.588758679278216346e-02
2.512722016019885291e-02
2.404189662048860851e-02
2.436637334998370194e-02
2.512891224327591308e-02
2.635462950968340060e-02
2.799805890013287724e-02
2.977453369495941179e-02
3.237067321198641712e-02
3.194706795777099012e-02
2.251629511362183284e-02
1.459486966413602906e-02
1.320467425403745038e-02
1.459511476729526136e-02
2.251904849226371227e-02
3.194970010570502561e-02
3.236880711673641858e-02
2.977303916777296680e-02
2.799676953328849444e-02
2.635457280032678720e-02
2.512722016019885637e-02
2.436688466689120730e-02
2.373426977279910824e-02
2.404110372142989963e-02
2.481578314480940156e-02
2.607205793350392958e-02
2.778954928636390501e-02
2.975865864721315840e-02
3.303084049363626956e-02
3.138986807311131694e-02
1.983783585010693434e-02
1.320467425403745385e-02
1.505634791099190808e-02
1.320626422368837566e-02
1.984003607757804308e-02
3.139686228038863353e-02
3.303167302447602982e-02
2.975717078412068450e-02
2.778879612138279373e-02
2.606989922338325688e-02
2.481677600065461398e-02
2.404189662048861545e-02
2.404110372142990310e-02
2.436379041536622728e-02
2.512866944565700367e-02
2.635462950968341447e-02
2.799801352140834573e-02
2.977388634968788916e-02
3.237078623517954112e-02
3.194858215800709667e-02
2.251652696835338904e-02
1.459511476729526136e-02
1.320626422368837566e-02
1.459501323884715429e-02
2.251712502305135838e-02
3.194970010570504643e-02
3.237142586001740679e-02
2.977330549761890086e-02
2.799735177394014132e-02
2.635442015799074195e-02
2.512728570748829979e-02
2.436637334998370194e-02
2.481578314480941544e-02
2.512866944565701754e-02
2.588649441877905258e-02
2.702685734868431888e-02
2.849246049031643399e-02
3.000554943819047984e-02
3.130949021546564764e-02
3.209044948086851867e-02
2.882735844518450816e-02
2.251904849226371227e-02
1.984003607757805349e-02
2.251712502305134103e-02
2.883131267655967417e-02
3.209012170292741689e-02
3.130887529518162904e-02
3.000528722830887729e-02
2.849230209496650748e-02
2.702634059669772881e-02
2.588762655813185362e-02
2.512891224327593043e-02
2.607205793350392958e-02
2.635462950968341447e-02
2.702685734868431888e-02
2.796390011112267343e-02
2.908223787225036605e-02
3.027044777769772460e-02
3.120716447990678696e-02
3.137513235197021688e-02
3.209012170292740301e-02
3.194970010570504643e-02
3.139686228038866822e-02
3.194970010570509500e-02
3.209012170292741689e-02
3.137513235197023076e-02
3.120716447990678696e-02
3.027044777769773501e-02
2.908223787225036605e-02
2.796390011112267343e-02
2.702685734868432582e-02
2.635462950968341794e-02
2.778954928636389113e-02
2.799801352140834573e-02
2.849246049031641317e-02
2.908223787225036605e-02
2.971347199268832909e-02
3.034886248061480912e-02
3.096949805969539601e-02
3.120692383258910976e-02
3.130929778740934588e-02
3.236880711673643246e-02
3.303167302447604370e-02
3.237142586001742761e-02
3.130887529518162210e-02
3.120716447990678696e-02
3.097086991464970476e-02
3.034935653372857617e-02
2.971301972157664242e-02
2.908225818834550211e-02
2.849285200112665339e-02
2.799805890013289111e-02
2.975865864721315840e-02
2.977388634968792039e-02
3.000554943819047984e-02
3.027044777769773501e-02
3.034886248061482300e-02
3.036710214857333071e-02
3.034948874933062271e-02
3.026963198552671055e-02
3.000501776429414721e-02
2.977303916777298068e-02
2.975717078412070879e-02
2.977330549761890086e-02
3.000528722830889117e-02
3.027044777769772807e-02
3.034935653372858658e-02
3.036753542022145938e-02
3.035020844488446612e-02
3.027123981170063566e-02
3.000622544267127906e-02
2.977453369495941179e-02
3.303084049363630426e-02
3.237078623517954112e-02
3.130949021546566152e-02
3.120716447990681125e-02
3.096949805969540642e-02
3.034948874933062965e-02
2.971497380258966356e-02
2.908116809334596042e-02
2.849188574292734963e-02
2.799676953328850484e-02
2.778879612138277985e-02
2.799735177394016908e-02
2.849230209496653177e-02
2.908223787225039381e-02
2.971301972157663548e-02
3.035020844488446265e-02
3.097214046870670756e-02
3.120843560723131002e-02
3.131024227886570338e-02
3.237067321198645181e-02
3.138986807311135163e-02
3.194858215800711054e-02
3.209044948086853949e-02
3.137513235197023076e-02
3.120692383258909242e-02
3.026963198552670015e-02
2.908116809334595002e-02
2.796319264588245646e-02
2.702551349342042011e-02
2.635457280032676639e-02
2.606989922338325341e-02
2.635442015799074195e-02
2.702634059669773228e-02
2.796390011112267343e-02
2.908225818834550211e-02
3.027123981170063566e-02
3.120843560723129961e-02
3.137651134585564550e-02
3.208968058689221775e-02
3.194706795777097624e-02
1.983783585010695516e-02
2.251652696835339945e-02
2.882735844518452550e-02
3.209012170292738220e-02
3.130929778740931813e-02
3.000501776429413681e-02
2.849188574292734963e-02
2.702551349342043746e-02
2.588758679278216346e-02
2.512722016019885291e-02
2.481677600065460010e-02
2.512728570748828591e-02
2.588762655813185362e-02
2.702685734868431888e-02
2.849285200112664992e-02
3.000622544267126171e-02
3.131024227886569644e-02
3.208968058689220387e-02
2.882691159724724145e-02
2.251629511362186059e-02
1.320467425403744344e-02
1.459511476729525095e-02
2.251904849226371921e-02
3.194970010570504643e-02
3.236880711673641858e-02
2.977303916777298068e-02
2.799676953328851178e-02
2.635457280032677679e-02
2.512722016019886331e-02
2.436688466689120730e-02
2.404189662048860851e-02
2.436637334998370194e-02
2.512891224327591655e-02
2.635462950968341100e-02
2.799805890013284948e-02
2.977453369495941179e-02
3.237067321198643099e-02
3.194706795777099012e-02
2.251629511362187447e-02
1.459486966413603599e-02
9.999999999999999547e-07
9.999999999999999547e-07
2.791220706773046151e-02
1.984003607757804308e-02
3.257093618591133666e-02
2.916631806871370150e-02
2.629288125329909756e-02
2.481677600065458969e-02
2.384728877982454989e-02
2.350818986859407392e-02
2.338249210318905230e-02
2.350713030912180562e-02
2.384879927416461501e-02
2.481578314480940156e-02
2.629262762681817620e-02
2.916677186800538391e-02
3.256819320174110521e-02
1.983783585010693434e-02
2.792645813346886566e-02
9.999999999999999547e-07
9.999999999999999547e-07
9.999999999999999547e-07
1.521618435570868191e-02
2.251904849226371921e-02
3.264674107377654039e-02
2.903934047428978829e-02
2.666609882913338267e-02
2.512728570748828591e-02
2.407499474111157722e-02
2.365702271834179901e-02
2.350713030912181603e-02
2.365432992390922168e-02
2.407591564051184130e-02
2.512891224327591655e-02
2.666468922605117961e-02
2.903770949973436682e-02
3.264206647946318179e-02
2.251652696835338904e-02
1.521643335533976252e-02
9.999999999999999547e-07
2.791220706773047192e-02
1.521618435570868191e-02
1.708284670376403885e-02
2.882735844518454979e-02
3.205559821880781673e-02
2.927521064271157089e-02
2.750858939017190516e-02
2.588762655813185362e-02
2.470610442916684399e-02
2.407591564051184130e-02
2.384879927416461501e-02
2.407591564051184477e-02
2.470610442916684052e-02
2.588762655813185362e-02
2.750858939017190516e-02
2.927521064271159171e-02
3.205559821880783061e-02
2.882735844518457061e-02
1.708284670376403885e-02
1.521618435570869753e-02
1.984003607757806389e-02
2.251904849226371921e-02
2.882735844518454979e-02
3.209044948086851867e-02
3.130949021546564764e-02
3.000554943819047637e-02
2.849246049031642011e-02
2.702685734868432235e-02
2.588649441877906299e-02
2.512866944565701061e-02
2.481578314480939462e-02
2.512891224327594084e-02
2.588762655813186056e-02
2.702634059669772881e-02
2.849230209496653177e-02
3.000528722830884953e-02
3.130887529518162904e-02
3.209012170292741689e-02
2.883131267655972621e-02
2.251712502305134797e-02
3.257093618591135747e-02
3.264674107377657508e-02
3.205559821880781673e-02
3.130949021546564071e-02
3.115399201010928681e-02
3.049712358840387175e-02
2.952659944677753570e-02
2.849285200112663605e-02
2.750815303043832594e-02
2.666538678901890502e-02
2.629262762681817620e-02
2.666468922605119349e-02
2.750858939017191210e-02
2.849230209496650748e-02
2.952655248233202259e-02
3.049688709206469645e-02
3.115344259005555644e-02
3.130929778740931813e-02
3.205644175392908385e-02
3.264477856961550684e-02
2.916631806871371191e-02
2.903934047428982299e-02
2.927521064271158130e-02
3.000554943819047637e-02
3.049712358840389256e-02
3.064146199837902013e-02
3.049821197729629327e-02
3.000622544267127559e-02
2.927571492541601941e-02
2.903875359615923010e-02
2.916677186800540125e-02
2.903770949973438764e-02
2.927521064271157089e-02
3.000528722830887729e-02
3.049688709206472420e-02
3.064162852647570739e-02
3.049723083976319665e-02
3.000501776429413681e-02
2.927490208175707875e-02
2.903854966644631511e-02
2.629288125329909756e-02
2.666609882913338961e-02
2.750858939017192945e-02
2.849246049031644787e-02
2.952659944677751835e-02
3.049821197729630368e-02
3.115523132633853456e-02
3.131024227886571726e-02
3.205639687655702230e-02
3.264107259860884319e-02
3.256819320174110521e-02
3.264206647946320261e-02
3.205559821880781673e-02
3.130887529518162210e-02
3.115344259005556338e-02
3.049723083976318971e-02
2.952611608431944534e-02
2.849188574292737391e-02
2.750816213564596588e-02
2.666610109306798496e-02
2.481677600065461051e-02
2.512728570748828244e-02
2.588762655813185362e-02
2.702685734868432235e-02
2.849285200112666033e-02
3.000622544267126518e-02
3.131024227886569644e-02
3.208968058689220387e-02
2.882691159724725186e-02
2.251629511362187447e-02
1.983783585010692394e-02
2.251652696835338904e-02
2.882735844518454979e-02
3.209012170292736832e-02
3.130929778740931813e-02
3.000501776429414028e-02
2.849188574292732881e-02
2.702551349342042011e-02
2.588758679278214958e-02
2.512722016019886331e-02
2.384728877982454642e-02
2.407499474111158763e-02
2.470610442916684399e-02
2.588649441877904911e-02
2.750815303043831553e-02
2.927571492541601941e-02
3.205639687655701536e-02
2.882691159724723451e-02
1.708228396505310012e-02
1.521624157584364201e-02
2.792645813346888300e-02
1.521643335533977640e-02
1.708284670376403885e-02
2.883131267655972621e-02
3.205644175392909079e-02
2.927490208175704753e-02
2.750816213564595547e-02
2.588758679278216346e-02
2.470357225740479543e-02
2.407681647941875558e-02
2.350818986859407392e-02
2.365702271834181289e-02
2.407591564051184477e-02
2.512866944565699673e-02
2.666538678901891543e-02
2.903875359615920582e-02
3.264107259860882237e-02
2.251629511362187447e-02
1.521624157584363680e-02
9.999999999999999547e-07
9.999999999999999547e-07
9.999999999999999547e-07
1.521618435570867844e-02
2.251712502305134797e-02
3.264477856961552765e-02
2.903854966644628388e-02
2.666610109306797455e-02
2.512722016019883903e-02
2.407681647941875558e-02
2.365482923151686345e-02
2.338249210318906271e-02
2.350713030912180215e-02
2.384879927416461154e-02
2.481578314480940156e-02
2.629262762681816232e-02
2.916677186800534921e-02
3.256819320174110521e-02
1.983783585010691700e-02
2.792645813346886913e-02
9.999999999999999547e-07
9.999999999999999547e-07
9.999999999999999547e-07
2.791220706773045110e-02
1.984003607757804308e-02
3.257093618591135054e-02
2.916631806871370150e-02
2.629288125329910103e-02
2.481677600065458969e-02
2.384728877982454989e-02
2.350818986859405657e-02
2.350713030912181256e-02
2.365432992390921474e-02
2.407591564051184477e-02
2.512891224327591308e-02
2.666468922605116920e-02
2.903770949973438764e-02
3.264206647946316792e-02
2.251652696835339945e-02
1.521643335533976772e-02
9.999999999999999547e-07
9.999999999999999547e-07
9.999999999999999547e-07
1.521618435570867844e-02
2.251904849226371921e-02
3.264674107377651263e-02
2.903934047428981258e-02
2.666609882913340349e-02
2.512728570748829285e-02
2.407499474111157722e-02
2.365702271834179901e-02
2.384879927416461501e-02
2.407591564051184477e-02
2.470610442916684399e-02
2.588762655813185709e-02
2.750858939017190516e-02
2.927521064271157089e-02
3.205559821880783061e-02
2.882735844518454979e-02
1.708284670376403885e-02
1.521618435570868538e-02
2.791220706773046498e-02
1.521618435570867844e-02
1.708284670376404579e-02
2.882735844518454979e-02
3.205559821880781673e-02
2.927521064271156048e-02
2.750858939017191557e-02
2.588762655813186750e-02
2.470610442916684052e-02
2.407591564051184130e-02
2.481578314480940156e-02
2.512891224327591655e-02
2.588762655813185709e-02
2.702634059669775310e-02
2.849230209496654218e-02
3.000528722830885647e-02
3.130887529518160128e-02
3.209012170292740301e-02
2.883131267655972621e-02
2.251712502305134797e-02
1.984003607757807430e-02
2.251904849226371227e-02
2.882735844518454979e-02
3.209044948086852561e-02
3.130949021546564764e-02
3.000554943819047637e-02
2.849246049031643052e-02
2.702685734868432582e-02
2.588649441877904911e-02
2.512866944565698979e-02
2.629262762681817620e-02
2.666468922605117614e-02
2.750858939017192251e-02
2.849230209496652483e-02
2.952655248233201565e-02
3.049688709206470685e-02
3.115344259005556685e-02
3.130929778740929731e-02
3.205644175392906997e-02
3.264477856961554847e-02
3.257093618591140605e-02
3.264674107377654733e-02
3.205559821880784449e-02
3.130949021546567540e-02
3.115399201010929722e-02
3.049712358840387175e-02
2.952659944677751835e-02
2.849285200112665339e-02
2.750815303043835022e-02
2.666538678901891543e-02
2.916677186800541513e-02
2.903770949973439805e-02
2.927521064271158130e-02
3.000528722830887729e-02
3.049688709206469991e-02
3.064162852647569699e-02
3.049723083976320359e-02
3.000501776429415415e-02
2.927490208175706835e-02
2.903854966644631511e-02
2.916631806871372579e-02
2.903934047428982299e-02
2.927521064271157089e-02
3.000554943819047637e-02
3.049712358840387175e-02
3.064146199837900972e-02
3.049821197729629674e-02
3.000622544267126171e-02
2.927571492541601941e-02
2.903875359615924051e-02
3.256819320174113297e-02
3.264206647946320261e-02
3.205559821880785143e-02
3.130887529518162904e-02
3.115344259005555297e-02
3.049723083976320012e-02
2.952611608431946616e-02
2.849188574292735310e-02
2.750816213564597629e-02
2.666610109306798149e-02
2.629288125329910797e-02
2.666609882913340349e-02
2.750858939017192251e-02
2.849246049031644093e-02
2.952659944677751142e-02
3.049821197729631408e-02
3.115523132633856579e-02
3.131024227886570338e-02
3.205639687655701536e-02
3.264107259860886401e-02
1.983783585010696210e-02
2.251652696835340986e-02
2.882735844518452550e-02
3.209012170292738220e-02
3.130929778740931813e-02
3.000501776429413681e-02
2.849188574292734616e-02
2.702551349342042011e-02
2.588758679278216346e-02
2.512722016019886678e-02
2.481677600065460010e-02
2.512728570748829979e-02
2.588762655813185709e-02
2.702685734868432235e-02
2.849285200112663605e-02
3.000622544267128600e-02
3.131024227886569644e-02
3.208968058689223857e-02
2.882691159724724145e-02
2.251629511362188141e-02
2.792645813346888300e-02
1.521643335533978854e-02
1.708284670376404579e-02
2.883131267655974009e-02
3.205644175392906303e-02
2.927490208175704753e-02
2.750816213564597976e-02
2.588758679278216346e-02
2.470357225740477461e-02
2.407681647941876252e-02
2.384728877982455683e-02
2.407499474111158763e-02
2.470610442916685440e-02
2.588649441877904911e-02
2.750815303043832247e-02
2.927571492541601941e-02
3.205639687655705700e-02
2.882691159724724145e-02
1.708228396505308624e-02
1.521624157584364895e-02
9.999999999999999547e-07
9.999999999999999547e-07
1.521618435570867151e-02
2.251712502305132715e-02
3.264477856961550684e-02
2.903854966644628388e-02
2.666610109306799536e-02
2.512722016019886331e-02
2.407681647941876252e-02
2.365482923151687733e-02
2.350818986859407045e-02
2.365702271834179901e-02
2.407591564051185171e-02
2.512866944565699673e-02
2.666538678901891890e-02
2.903875359615921969e-02
3.264107259860881544e-02
2.251629511362188141e-02
1.521624157584364201e-02
9.999999999999999547e-07
9.999999999999999547e-07
9.999999999999999547e-07
9.999999999999999547e-07
1.320626422368837566e-02
2.898370970182791509e-02
2.916581481293134895e-02
2.504605739983510604e-02
2.404189662048860157e-02
2.350818986859407392e-02
2.397035631239139916e-02
2.424902569615105738e-02
2.397542583291379856e-02
2.350713030912179868e-02
2.404110372142989616e-02
2.504643775278373244e-02
2.916493117368771856e-02
2.898374754304980719e-02
1.320467425403744691e-02
9.999999999999999547e-07
9.999999999999999547e-07
9.999999999999999547e-07
9.999999999999999547e-07
9.999999999999999547e-07
1.459511476729524401e-02
3.046780975396743904e-02
2.902584216303080375e-02
2.552728442159997793e-02
2.436637334998368806e-02
2.365702271834179554e-02
2.378501602052749200e-02
2.397542583291379509e-02
2.378501602052747813e-02
2.365702271834179554e-02
2.436637334998368806e-02
2.552728442159998140e-02
2.902584216303080375e-02
3.046780975396745986e-02
1.459511476729526136e-02
9.999999999999999547e-07
9.999999999999999547e-07
9.999999999999999547e-07
9.999999999999999547e-07
1.521643335533977640e-02
2.251652696835339945e-02
3.264206647946316792e-02
2.903770949973437723e-02
2.666468922605116920e-02
2.512891224327590961e-02
2.407591564051184130e-02
2.365432992390921821e-02
2.350713030912180562e-02
2.365702271834179901e-02
2.407499474111159457e-02
2.512728570748829979e-02
2.666609882913338267e-02
2.903934047428977788e-02
3.264674107377654039e-02
2.251904849226370187e-02
1.521618435570868191e-02
9.999999999999999547e-07
1.320626422368838433e-02
1.459511476729524401e-02
2.251652696835338210e-02
3.194858215800711054e-02
3.237078623517952031e-02
2.977388634968788916e-02
2.799801352140834920e-02
2.635462950968340060e-02
2.512866944565701061e-02
2.436379041536621687e-02
2.404110372142989963e-02
2.436637334998369847e-02
2.512728570748829979e-02
2.635442015799072807e-02
2.799735177394015520e-02
2.977330549761890086e-02
3.237142586001740679e-02
3.194970010570504643e-02
2.251712502305134797e-02
1.459501323884716296e-02
2.898370970182796019e-02
3.046780975396743904e-02
3.264206647946318179e-02
3.237078623517952031e-02
3.138760823164797598e-02
3.051790143996636548e-02
2.933899979140312808e-02
2.799805890013287724e-02
2.666538678901889808e-02
2.552929379550444161e-02
2.504643775278371509e-02
2.552728442159999528e-02
2.666609882913338267e-02
2.799735177394014132e-02
2.933849507610455237e-02
3.051760160836789262e-02
3.138572012284056301e-02
3.236880711673643246e-02
3.264477856961552765e-02
3.046755061011052756e-02
2.916581481293140099e-02
2.902584216303083844e-02
2.903770949973437723e-02
2.977388634968789957e-02
3.051790143996636201e-02
3.075266227794030277e-02
3.051843778324470416e-02
2.977453369495941179e-02
2.903875359615925092e-02
2.902402656048565927e-02
2.916493117368774632e-02
2.902584216303081416e-02
2.903934047428981258e-02
2.977330549761889392e-02
3.051760160836789956e-02
3.075169214061377471e-02
3.051725340272163148e-02
2.977303916777296680e-02
2.903854966644630470e-02
2.902315968734405990e-02
2.504605739983512686e-02
2.552728442159999528e-02
2.666468922605116920e-02
2.799801352140834573e-02
2.933899979140312461e-02
3.051843778324469375e-02
3.138820095390800619e-02
3.237067321198643099e-02
3.264107259860884319e-02
3.046708858066878717e-02
2.898374754304983841e-02
3.046780975396741475e-02
3.264674107377651263e-02
3.237142586001740679e-02
3.138572012284056995e-02
3.051725340272160025e-02
2.933822828837863092e-02
2.799676953328850484e-02
2.666610109306799190e-02
2.552625852308007884e-02
2.404189662048860851e-02
2.436637334998369847e-02
2.512891224327590961e-02
2.635462950968341794e-02
2.799805890013288764e-02
2.977453369495938751e-02
3.237067321198643099e-02
3.194706795777097624e-02
2.251629511362188141e-02
1.459486966413602906e-02
1.320467425403745038e-02
1.459511476729526136e-02
2.251904849226371227e-02
3.194970010570502561e-02
3.236880711673641858e-02
2.977303916777298068e-02
2.799676953328850484e-02
2.635457280032677332e-02
2.512722016019884944e-02
2.436688466689119342e-02
2.350818986859407392e-02
2.365702271834180248e-02
2.407591564051184477e-02
2.512866944565700367e-02
2.666538678901889808e-02
2.903875359615919541e-02
3.264107259860883625e-02
2.251629511362186059e-02
1.521624157584361599e-02
9.999999999999999547e-07
9.999999999999999547e-07
9.999999999999999547e-07
1.521618435570866457e-02
2.251712502305132715e-02
3.264477856961551377e-02
2.903854966644627000e-02
2.666610109306799536e-02
2.512722016019885291e-02
2.407681647941876599e-02
2.365482923151686345e-02
2.397035631239141998e-02
2.378501602052749200e-02
2.365432992390923209e-02
2.436379041536623075e-02
2.552929379550444855e-02
2.902402656048565927e-02
3.046708858066878717e-02
1.459486966413601865e-02
9.999999999999999547e-07
9.999999999999999547e-07
9.999999999999999547e-07
9.999999999999999547e-07
9.999999999999999547e-07
1.459501323884714562e-02
3.046755061011048246e-02
2.902315968734401827e-02
2.552625852308006496e-02
2.436688466689119342e-02
2.365482923151685998e-02
2.377725345147351302e-02
2.424902569615105738e-02
2.397542583291379856e-02
2.350713030912179868e-02
2.404110372142989616e-02
2.504643775278372897e-02
2.916493117368770815e-02
2.898374754304981760e-02
1.320467425403745038e-02
9.999999999999999547e-07
9.999999999999999547e-07
9.999999999999999547e-07
9.999999999999999547e-07
9.999999999999999547e-07
1.320626422368837566e-02
2.898370970182791509e-02
2.916581481293138017e-02
2.504605739983511298e-02
2.404189662048860504e-02
2.350818986859406698e-02
2.397035631239140263e-02
2.397542583291379509e-02
2.378501602052749200e-02
2.365702271834178513e-02
2.436637334998369153e-02
2.552728442159998140e-02
2.902584216303079334e-02
3.046780975396742863e-02
1.459511476729523534e-02
9.999999999999999547e-07
9.999999999999999547e-07
9.999999999999999547e-07
9.999999999999999547e-07
9.999999999999999547e-07
1.459511476729524401e-02
3.046780975396743904e-02
2.902584216303079334e-02
2.552728442159998140e-02
2.436637334998369847e-02
2.365702271834179901e-02
2.378501602052748506e-02
2.350713030912181256e-02
2.365702271834179554e-02
2.407499474111157722e-02
2.512728570748829979e-02
2.666609882913337226e-02
2.903934047428978829e-02
3.264674107377652651e-02
2.251904849226371227e-02
1.521618435570867151e-02
9.999999999999999547e-07
9.999999999999999547e-07
9.999999999999999547e-07
1.521643335533976252e-02
2.251652696835338210e-02
3.264206647946319567e-02
2.903770949973437723e-02
2.666468922605117961e-02
2.512891224327591655e-02
2.407591564051185171e-02
2.365432992390921821e-02
2.404110372142990310e-02
2.436637334998368806e-02
2.512728570748829979e-02
2.635442015799072807e-02
2.799735177394015520e-02
2.977330549761890086e-02
3.237142586001742761e-02
3.194970010570506724e-02
2.251712502305134797e-02
1.459501323884714562e-02
1.320626422368837566e-02
1.459511476729523534e-02
2.251652696835339945e-02
3.194858215800709667e-02
3.237078623517952031e-02
2.977388634968790998e-02
2.799801352140833879e-02
2.635462950968341100e-02
2.512866944565701061e-02
2.436379041536621340e-02
2.504643775278373591e-02
2.552728442159998487e-02
2.666609882913339655e-02
2.799735177394014826e-02
2.933849507610453849e-02
3.051760160836789956e-02
3.138572012284056301e-02
3.236880711673643246e-02
3.264477856961551377e-02
3.046755061011053450e-02
2.898370970182794978e-02
3.046780975396745986e-02
3.264206647946318179e-02
3.237078623517954806e-02
3.138760823164797598e-02
3.051790143996637589e-02
2.933899979140311420e-02
2.799805890013286683e-02
2.666538678901891543e-02
2.552929379550445202e-02
2.916493117368773938e-02
2.902584216303080375e-02
2.903934047428980217e-02
2.977330549761890086e-02
3.051760160836790997e-02
3.075169214061377471e-02
3.051725340272163148e-02
2.977303916777296680e-02
2.903854966644629429e-02
2.902315968734405990e-02
2.916581481293140099e-02
2.902584216303083844e-02
2.903770949973438764e-02
2.977388634968788916e-02
3.051790143996637242e-02
3.075266227794032706e-02
3.051843778324473191e-02
2.977453369495942220e-02
2.903875359615924051e-02
2.902402656048565927e-02
2.898374754304984882e-02
3.046780975396743904e-02
3.264674107377654039e-02
3.237142586001741373e-02
3.138572012284059770e-02
3.051725340272159331e-02
2.933822828837864133e-02
2.799676953328848403e-02
2.666610109306798496e-02
2.552625852308007884e-02
2.504605739983512686e-02
2.552728442159999528e-02
2.666468922605117614e-02
2.799801352140835614e-02
2.933899979140312808e-02
3.051843778324471457e-02
3.138820095390802006e-02
3.237067321198646569e-02
3.264107259860885707e-02
3.046708858066880798e-02
1.320467425403744691e-02
1.459511476729526136e-02
2.251904849226372962e-02
3.194970010570502561e-02
3.236880711673641858e-02
2.977303916777298068e-02
2.799676953328850484e-02
2.635457280032678720e-02
2.512722016019885291e-02
2.436688466689120036e-02
2.404189662048860851e-02
2.436637334998370194e-02
2.512891224327591655e-02
2.635462950968341100e-02
2.799805890013287377e-02
2.977453369495938751e-02
3.237067321198643099e-02
3.194706795777099012e-02
2.251629511362189182e-02
1.459486966413602906e-02
9.999999999999999547e-07
9.999999999999999547e-07
1.521618435570868538e-02
2.251712502305132715e-02
3.264477856961548602e-02
2.903854966644628388e-02
2.666610109306797455e-02
2.512722016019884944e-02
2.407681647941876599e-02
2.365482923151686345e-02
2.350818986859407392e-02
2.365702271834179207e-02
2.407591564051185518e-02
2.512866944565700367e-02
2.666538678901890849e-02
2.903875359615921969e-02
3.264107259860884319e-02
2.251629511362188141e-02
1.521624157584362466e-02
9.999999999999999547e-07
9.999999999999999547e-07
9.999999999999999547e-07
9.999999999999999547e-07
1.459501323884716296e-02
3.046755061011048246e-02
2.902315968734401827e-02
2.552625852308007537e-02
2.436688466689118301e-02
2.365482923151685998e-02
2.377725345147351302e-02
2.397035631239141651e-02
2.378501602052749894e-02
2.365432992390923903e-02
2.436379041536622381e-02
2.552929379550444161e-02
2.902402656048565927e-02
3.046708858066880798e-02
1.459486966413601865e-02
9.999999999999999547e-07
9.999999999999999547e-07
