   -4.297024690456E+00
   -4.234611122543E+00
   -3.770013280001E+00
   -2.688316305706E+00
   -1.355613759711E+00
   -4.523995321126E-01
   -3.000840482223E-01
   -3.733948570789E-01
   -2.761670521049E-01
   -1.797568252805E-01
   -1.133400708713E-01
   -6.165851241776E-02
   -2.647016012156E-02
    2.155044475032E-03
    1.415680241468E-02
    2.387639363559E-02
    1.415680241468E-02
    2.155044475032E-03
   -2.647016012156E-02
   -6.165851241776E-02
   -1.133400708713E-01
   -1.797568252805E-01
   -2.761670521049E-01
   -3.733948570789E-01
   -3.000840482223E-01
   -4.523995321126E-01
   -1.355613759711E+00
   -2.688316305706E+00
   -3.770013280001E+00
   -4.234611122543E+00
   -4.234611122543E+00
   -4.116262248044E+00
   -3.566537680075E+00
   -2.473523501577E+00
   -1.207385292063E+00
   -4.063189896224E-01
   -3.083613489273E-01
   -3.706535603679E-01
   -2.670070052562E-01
   -1.759771512282E-01
   -1.098925883614E-01
   -5.778592994372E-02
   -2.349609624893E-02
    3.719865346327E-03
    1.448187675378E-02
    2.259563997347E-02
    1.448187675378E-02
    3.719865346328E-03
   -2.349609624893E-02
   -5.778592994372E-02
   -1.098925883614E-01
   -1.759771512282E-01
   -2.670070052562E-01
   -3.706535603679E-01
   -3.083613489273E-01
   -4.063189896224E-01
   -1.207385292063E+00
   -2.473523501577E+00
   -3.566537680075E+00
   -4.116262248044E+00
   -3.770013280001E+00
   -3.566537680075E+00
   -2.908054513819E+00
   -1.869262006642E+00
   -8.351336545574E-01
   -3.179513149069E-01
   -3.346528222637E-01
   -3.580079939586E-01
   -2.445800511849E-01
   -1.641277602206E-01
   -9.914091739268E-02
   -4.986296397147E-02
   -1.733550234035E-02
    8.604333602231E-03
    1.974419909458E-02
    2.597096741706E-02
    1.974419909458E-02
    8.604333602232E-03
   -1.733550234035E-02
   -4.986296397147E-02
   -9.914091739268E-02
   -1.641277602206E-01
   -2.445800511849E-01
   -3.580079939586E-01
   -3.346528222637E-01
   -3.179513149069E-01
   -8.351336545574E-01
   -1.869262006642E+00
   -2.908054513819E+00
   -3.566537680075E+00
   -2.688316305706E+00
   -2.473523501577E+00
   -1.869262006642E+00
   -1.071217408297E+00
   -4.510642996431E-01
   -2.885769226313E-01
   -3.656294933003E-01
   -3.214747491254E-01
   -2.130267435241E-01
   -1.434314490618E-01
   -8.259329185686E-02
   -3.967019487994E-02
   -7.755387308600E-03
    1.578809013230E-02
    2.809250552690E-02
    3.341853167778E-02
    2.809250552690E-02
    1.578809013230E-02
   -7.755387308600E-03
   -3.967019487994E-02
   -8.259329185686E-02
   -1.434314490618E-01
   -2.130267435241E-01
   -3.214747491254E-01
   -3.656294933003E-01
   -2.885769226313E-01
   -4.510642996431E-01
   -1.071217408297E+00
   -1.869262006642E+00
   -2.473523501577E+00
   -1.355613759711E+00
   -1.207385292063E+00
   -8.351336545574E-01
   -4.510642996431E-01
   -2.869399499656E-01
   -3.419201324466E-01
   -3.607451000350E-01
   -2.636113854877E-01
   -1.793388176842E-01
   -1.162811398709E-01
   -6.250759783043E-02
   -2.438725532728E-02
    6.423122398341E-03
    2.545423601242E-02
    3.794345380508E-02
    4.217969020307E-02
    3.794345380508E-02
    2.545423601242E-02
    6.423122398341E-03
   -2.438725532728E-02
   -6.250759783043E-02
   -1.162811398709E-01
   -1.793388176842E-01
   -2.636113854877E-01
   -3.607451000350E-01
   -3.419201324466E-01
   -2.869399499656E-01
   -4.510642996431E-01
   -8.351336545574E-01
   -1.207385292063E+00
   -4.523995321126E-01
   -4.063189896224E-01
   -3.179513149069E-01
   -2.885769226313E-01
   -3.419201324466E-01
   -3.688998610527E-01
   -2.955471895577E-01
   -2.046485676255E-01
   -1.435766010049E-01
   -8.451971288711E-02
   -4.095067697114E-02
   -6.181900630503E-03
    2.082573460453E-02
    3.788845084053E-02
    5.058050825569E-02
    5.303613105152E-02
    5.058050825569E-02
    3.788845084053E-02
    2.082573460453E-02
   -6.181900630503E-03
   -4.095067697114E-02
   -8.451971288711E-02
   -1.435766010049E-01
   -2.046485676255E-01
   -2.955471895577E-01
   -3.688998610527E-01
   -3.419201324466E-01
   -2.885769226313E-01
   -3.179513149069E-01
   -4.063189896224E-01
   -3.000840482223E-01
   -3.083613489273E-01
   -3.346528222637E-01
   -3.656294933003E-01
   -3.607451000350E-01
   -2.955471895577E-01
   -2.142669827539E-01
   -1.562177296859E-01
   -1.017893444884E-01
   -5.340861341676E-02
   -1.796547842167E-02
    1.411339451341E-02
    3.543414867858E-02
    5.156512922347E-02
    6.285205047589E-02
    6.462059646353E-02
    6.285205047589E-02
    5.156512922347E-02
    3.543414867858E-02
    1.411339451341E-02
   -1.796547842167E-02
   -5.340861341676E-02
   -1.017893444884E-01
   -1.562177296859E-01
   -2.142669827539E-01
   -2.955471895577E-01
   -3.607451000350E-01
   -3.656294933003E-01
   -3.346528222637E-01
   -3.083613489273E-01
   -3.733948570789E-01
   -3.706535603679E-01
   -3.580079939586E-01
   -3.214747491254E-01
   -2.636113854877E-01
   -2.046485676255E-01
   -1.562177296859E-01
   -1.086813332935E-01
   -6.141159550213E-02
   -2.604101930737E-02
    7.354908037367E-03
    3.398329208205E-02
    5.143555432243E-02
    6.625937637434E-02
    7.540718315739E-02
    7.901614721323E-02
    7.540718315739E-02
    6.625937637434E-02
    5.143555432243E-02
    3.398329208205E-02
    7.354908037367E-03
   -2.604101930737E-02
   -6.141159550213E-02
   -1.086813332935E-01
   -1.562177296859E-01
   -2.046485676255E-01
   -2.636113854877E-01
   -3.214747491254E-01
   -3.580079939586E-01
   -3.706535603679E-01
   -2.761670521049E-01
   -2.670070052562E-01
   -2.445800511849E-01
   -2.130267435241E-01
   -1.793388176842E-01
   -1.435766010049E-01
   -1.017893444884E-01
   -6.141159550213E-02
   -2.762209849723E-02
    2.871837672029E-03
    3.116134669746E-02
    5.075714532556E-02
    6.833095713135E-02
    8.102924477118E-02
    8.739396430493E-02
    9.167229549037E-02
    8.739396430493E-02
    8.102924477118E-02
    6.833095713135E-02
    5.075714532556E-02
    3.116134669746E-02
    2.871837672029E-03
   -2.762209849723E-02
   -6.141159550213E-02
   -1.017893444884E-01
   -1.435766010049E-01
   -1.793388176842E-01
   -2.130267435241E-01
   -2.445800511849E-01
   -2.670070052562E-01
   -1.797568252805E-01
   -1.759771512282E-01
   -1.641277602206E-01
   -1.434314490618E-01
   -1.162811398709E-01
   -8.451971288711E-02
   -5.340861341676E-02
   -2.604101930737E-02
    2.871837672029E-03
    2.965814527178E-02
    5.043847516117E-02
    6.886471194662E-02
    8.459213184981E-02
    9.425773736688E-02
    9.992431487794E-02
    1.026391426234E-01
    9.992431487794E-02
    9.425773736688E-02
    8.459213184981E-02
    6.886471194662E-02
    5.043847516117E-02
    2.965814527178E-02
    2.871837672029E-03
   -2.604101930737E-02
   -5.340861341676E-02
   -8.451971288711E-02
   -1.162811398709E-01
   -1.434314490618E-01
   -1.641277602206E-01
   -1.759771512282E-01
   -1.133400708713E-01
   -1.098925883614E-01
   -9.914091739268E-02
   -8.259329185686E-02
   -6.250759783043E-02
   -4.095067697114E-02
   -1.796547842167E-02
    7.354908037367E-03
    3.116134669746E-02
    5.043847516117E-02
    6.860361633483E-02
    8.561595290515E-02
    9.699555743799E-02
    1.064025716567E-01
    1.121546606291E-01
    1.125116028957E-01
    1.121546606291E-01
    1.064025716567E-01
    9.699555743799E-02
    8.561595290515E-02
    6.860361633483E-02
    5.043847516117E-02
    3.116134669746E-02
    7.354908037367E-03
   -1.796547842167E-02
   -4.095067697114E-02
   -6.250759783043E-02
   -8.259329185686E-02
   -9.914091739268E-02
   -1.098925883614E-01
   -6.165851241776E-02
   -5.778592994372E-02
   -4.986296397147E-02
   -3.967019487994E-02
   -2.438725532728E-02
   -6.181900630503E-03
    1.411339451341E-02
    3.398329208205E-02
    5.075714532556E-02
    6.886471194662E-02
    8.561595290515E-02
    9.821727918236E-02
    1.088321150551E-01
    1.170781239796E-01
    1.213890390405E-01
    1.222455791912E-01
    1.213890390405E-01
    1.170781239796E-01
    1.088321150551E-01
    9.821727918236E-02
    8.561595290515E-02
    6.886471194662E-02
    5.075714532556E-02
    3.398329208205E-02
    1.411339451341E-02
   -6.181900630503E-03
   -2.438725532728E-02
   -3.967019487994E-02
   -4.986296397147E-02
   -5.778592994372E-02
   -2.647016012156E-02
   -2.349609624893E-02
   -1.733550234035E-02
   -7.755387308601E-03
    6.423122398341E-03
    2.082573460453E-02
    3.543414867858E-02
    5.143555432243E-02
    6.833095713135E-02
    8.459213184981E-02
    9.699555743799E-02
    1.088321150551E-01
    1.195898247714E-01
    1.249724858980E-01
    1.290160913847E-01
    1.316251624579E-01
    1.290160913847E-01
    1.249724858980E-01
    1.195898247714E-01
    1.088321150551E-01
    9.699555743799E-02
    8.459213184981E-02
    6.833095713135E-02
    5.143555432243E-02
    3.543414867858E-02
    2.082573460453E-02
    6.423122398342E-03
   -7.755387308600E-03
   -1.733550234035E-02
   -2.349609624893E-02
    2.155044475032E-03
    3.719865346328E-03
    8.604333602232E-03
    1.578809013230E-02
    2.545423601242E-02
    3.788845084053E-02
    5.156512922347E-02
    6.625937637434E-02
    8.102924477118E-02
    9.425773736688E-02
    1.064025716567E-01
    1.170781239796E-01
    1.249724858980E-01
    1.317631684707E-01
    1.355825732416E-01
    1.358665682650E-01
    1.355825732416E-01
    1.317631684707E-01
    1.249724858980E-01
    1.170781239796E-01
    1.064025716567E-01
    9.425773736688E-02
    8.102924477118E-02
    6.625937637434E-02
    5.156512922347E-02
    3.788845084053E-02
    2.545423601242E-02
    1.578809013230E-02
    8.604333602231E-03
    3.719865346328E-03
    1.415680241468E-02
    1.448187675378E-02
    1.974419909458E-02
    2.809250552690E-02
    3.794345380508E-02
    5.058050825569E-02
    6.285205047589E-02
    7.540718315739E-02
    8.739396430493E-02
    9.992431487794E-02
    1.121546606291E-01
    1.213890390405E-01
    1.290160913847E-01
    1.355825732416E-01
    1.390088443876E-01
    1.394673288708E-01
    1.390088443876E-01
    1.355825732416E-01
    1.290160913847E-01
    1.213890390405E-01
    1.121546606291E-01
    9.992431487794E-02
    8.739396430493E-02
    7.540718315739E-02
    6.285205047589E-02
    5.058050825569E-02
    3.794345380508E-02
    2.809250552690E-02
    1.974419909458E-02
    1.448187675378E-02
    2.387639363559E-02
    2.259563997347E-02
    2.597096741706E-02
    3.341853167778E-02
    4.217969020307E-02
    5.303613105152E-02
    6.462059646353E-02
    7.901614721323E-02
    9.167229549037E-02
    1.026391426234E-01
    1.125116028957E-01
    1.222455791912E-01
    1.316251624579E-01
    1.358665682650E-01
    1.394673288708E-01
    1.423362012415E-01
    1.394673288708E-01
    1.358665682650E-01
    1.316251624579E-01
    1.222455791912E-01
    1.125116028957E-01
    1.026391426234E-01
    9.167229549037E-02
    7.901614721323E-02
    6.462059646353E-02
    5.303613105152E-02
    4.217969020307E-02
    3.341853167778E-02
    2.597096741706E-02
    2.259563997347E-02
    1.415680241468E-02
    1.448187675378E-02
    1.974419909458E-02
    2.809250552690E-02
    3.794345380508E-02
    5.058050825569E-02
    6.285205047589E-02
    7.540718315739E-02
    8.739396430493E-02
    9.992431487794E-02
    1.121546606291E-01
    1.213890390405E-01
    1.290160913847E-01
    1.355825732416E-01
    1.390088443876E-01
    1.394673288708E-01
    1.390088443876E-01
    1.355825732416E-01
    1.290160913847E-01
    1.213890390405E-01
    1.121546606291E-01
    9.992431487794E-02
    8.739396430493E-02
    7.540718315739E-02
    6.285205047589E-02
    5.058050825569E-02
    3.794345380508E-02
    2.809250552690E-02
    1.974419909458E-02
    1.448187675378E-02
    2.155044475032E-03
    3.719865346327E-03
    8.604333602232E-03
    1.578809013230E-02
    2.545423601242E-02
    3.788845084053E-02
    5.156512922347E-02
    6.625937637434E-02
    8.102924477118E-02
    9.425773736688E-02
    1.064025716567E-01
    1.170781239796E-01
    1.249724858980E-01
    1.317631684707E-01
    1.355825732416E-01
    1.358665682650E-01
    1.355825732416E-01
    1.317631684707E-01
    1.249724858980E-01
    1.170781239796E-01
    1.064025716567E-01
    9.425773736688E-02
    8.102924477118E-02
    6.625937637434E-02
    5.156512922347E-02
    3.788845084053E-02
    2.545423601242E-02
    1.578809013230E-02
    8.604333602232E-03
    3.719865346327E-03
   -2.647016012156E-02
   -2.349609624893E-02
   -1.733550234035E-02
   -7.755387308600E-03
    6.423122398341E-03
    2.082573460453E-02
    3.543414867858E-02
    5.143555432243E-02
    6.833095713135E-02
    8.459213184981E-02
    9.699555743799E-02
    1.088321150551E-01
    1.195898247714E-01
    1.249724858980E-01
    1.290160913847E-01
    1.316251624579E-01
    1.290160913847E-01
    1.249724858980E-01
    1.195898247714E-01
    1.088321150551E-01
    9.699555743799E-02
    8.459213184981E-02
    6.833095713135E-02
    5.143555432243E-02
    3.543414867858E-02
    2.082573460453E-02
    6.423122398341E-03
   -7.755387308600E-03
   -1.733550234035E-02
   -2.349609624893E-02
   -6.165851241776E-02
   -5.778592994372E-02
   -4.986296397147E-02
   -3.967019487994E-02
   -2.438725532728E-02
   -6.181900630503E-03
    1.411339451341E-02
    3.398329208205E-02
    5.075714532556E-02
    6.886471194662E-02
    8.561595290515E-02
    9.821727918236E-02
    1.088321150551E-01
    1.170781239796E-01
    1.213890390405E-01
    1.222455791912E-01
    1.213890390405E-01
    1.170781239796E-01
    1.088321150551E-01
    9.821727918236E-02
    8.561595290515E-02
    6.886471194662E-02
    5.075714532556E-02
    3.398329208205E-02
    1.411339451341E-02
   -6.181900630503E-03
   -2.438725532728E-02
   -3.967019487994E-02
   -4.986296397147E-02
   -5.778592994372E-02
   -1.133400708713E-01
   -1.098925883614E-01
   -9.914091739268E-02
   -8.259329185686E-02
   -6.250759783043E-02
   -4.095067697114E-02
   -1.796547842167E-02
    7.354908037367E-03
    3.116134669746E-02
    5.043847516117E-02
    6.860361633483E-02
    8.561595290515E-02
    9.699555743799E-02
    1.064025716567E-01
    1.121546606291E-01
    1.125116028957E-01
    1.121546606291E-01
    1.064025716567E-01
    9.699555743799E-02
    8.561595290515E-02
    6.860361633483E-02
    5.043847516117E-02
    3.116134669746E-02
    7.354908037367E-03
   -1.796547842167E-02
   -4.095067697114E-02
   -6.250759783043E-02
   -8.259329185686E-02
   -9.914091739268E-02
   -1.098925883614E-01
   -1.797568252805E-01
   -1.759771512282E-01
   -1.641277602206E-01
   -1.434314490618E-01
   -1.162811398709E-01
   -8.451971288711E-02
   -5.340861341676E-02
   -2.604101930737E-02
    2.871837672029E-03
    2.965814527178E-02
    5.043847516117E-02
    6.886471194662E-02
    8.459213184981E-02
    9.425773736688E-02
    9.992431487794E-02
    1.026391426234E-01
    9.992431487794E-02
    9.425773736688E-02
    8.459213184981E-02
    6.886471194662E-02
    5.043847516117E-02
    2.965814527178E-02
    2.871837672029E-03
   -2.604101930737E-02
   -5.340861341676E-02
   -8.451971288711E-02
   -1.162811398709E-01
   -1.434314490618E-01
   -1.641277602206E-01
   -1.759771512282E-01
   -2.761670521049E-01
   -2.670070052562E-01
   -2.445800511849E-01
   -2.130267435241E-01
   -1.793388176842E-01
   -1.435766010049E-01
   -1.017893444884E-01
   -6.141159550213E-02
   -2.762209849723E-02
    2.871837672029E-03
    3.116134669746E-02
    5.075714532556E-02
    6.833095713135E-02
    8.102924477118E-02
    8.739396430493E-02
    9.167229549037E-02
    8.739396430493E-02
    8.102924477118E-02
    6.833095713135E-02
    5.075714532556E-02
    3.116134669746E-02
    2.871837672029E-03
   -2.762209849723E-02
   -6.141159550213E-02
   -1.017893444884E-01
   -1.435766010049E-01
   -1.793388176842E-01
   -2.130267435241E-01
   -2.445800511849E-01
   -2.670070052562E-01
   -3.733948570789E-01
   -3.706535603679E-01
   -3.580079939586E-01
   -3.214747491254E-01
   -2.636113854877E-01
   -2.046485676255E-01
   -1.562177296859E-01
   -1.086813332935E-01
   -6.141159550213E-02
   -2.604101930737E-02
    7.354908037367E-03
    3.398329208205E-02
    5.143555432243E-02
    6.625937637434E-02
    7.540718315739E-02
    7.901614721323E-02
    7.540718315739E-02
    6.625937637434E-02
    5.143555432243E-02
    3.398329208205E-02
    7.354908037367E-03
   -2.604101930737E-02
   -6.141159550213E-02
   -1.086813332935E-01
   -1.562177296859E-01
   -2.046485676255E-01
   -2.636113854877E-01
   -3.214747491254E-01
   -3.580079939586E-01
   -3.706535603679E-01
   -3.000840482223E-01
   -3.083613489273E-01
   -3.346528222637E-01
   -3.656294933003E-01
   -3.607451000350E-01
   -2.955471895577E-01
   -2.142669827539E-01
   -1.562177296859E-01
   -1.017893444884E-01
   -5.340861341676E-02
   -1.796547842167E-02
    1.411339451341E-02
    3.543414867858E-02
    5.156512922347E-02
    6.285205047589E-02
    6.462059646353E-02
    6.285205047589E-02
    5.156512922347E-02
    3.543414867858E-02
    1.411339451341E-02
   -1.796547842167E-02
   -5.340861341676E-02
   -1.017893444884E-01
   -1.562177296859E-01
   -2.142669827539E-01
   -2.955471895577E-01
   -3.607451000350E-01
   -3.656294933003E-01
   -3.346528222637E-01
   -3.083613489273E-01
   -4.523995321126E-01
   -4.063189896224E-01
   -3.179513149069E-01
   -2.885769226313E-01
   -3.419201324466E-01
   -3.688998610527E-01
   -2.955471895577E-01
   -2.046485676255E-01
   -1.435766010049E-01
   -8.451971288711E-02
   -4.095067697114E-02
   -6.181900630503E-03
    2.082573460453E-02
    3.788845084053E-02
    5.058050825569E-02
    5.303613105152E-02
    5.058050825569E-02
    3.788845084053E-02
    2.082573460453E-02
   -6.181900630503E-03
   -4.095067697114E-02
   -8.451971288711E-02
   -1.435766010049E-01
   -2.046485676255E-01
   -2.955471895577E-01
   -3.688998610527E-01
   -3.419201324466E-01
   -2.885769226313E-01
   -3.179513149069E-01
   -4.063189896224E-01
   -1.355613759711E+00
   -1.207385292063E+00
   -8.351336545574E-01
   -4.510642996431E-01
   -2.869399499656E-01
   -3.419201324466E-01
   -3.607451000350E-01
   -2.636113854877E-01
   -1.793388176842E-01
   -1.162811398709E-01
   -6.250759783043E-02
   -2.438725532728E-02
    6.423122398341E-03
    2.545423601242E-02
    3.794345380508E-02
    4.217969020307E-02
    3.794345380508E-02
    2.545423601242E-02
    6.423122398341E-03
   -2.438725532728E-02
   -6.250759783043E-02
   -1.162811398709E-01
   -1.793388176842E-01
   -2.636113854877E-01
   -3.607451000350E-01
   -3.419201324466E-01
   -2.869399499656E-01
   -4.510642996431E-01
   -8.351336545574E-01
   -1.207385292063E+00
   -2.688316305706E+00
   -2.473523501577E+00
   -1.869262006642E+00
   -1.071217408297E+00
   -4.510642996431E-01
   -2.885769226313E-01
   -3.656294933003E-01
   -3.214747491254E-01
   -2.130267435241E-01
   -1.434314490618E-01
   -8.259329185686E-02
   -3.967019487994E-02
   -7.755387308601E-03
    1.578809013230E-02
    2.809250552690E-02
    3.341853167778E-02
    2.809250552690E-02
    1.578809013230E-02
   -7.755387308601E-03
   -3.967019487994E-02
   -8.259329185686E-02
   -1.434314490618E-01
   -2.130267435241E-01
   -3.214747491254E-01
   -3.656294933003E-01
   -2.885769226313E-01
   -4.510642996431E-01
   -1.071217408297E+00
   -1.869262006642E+00
   -2.473523501577E+00
   -3.770013280001E+00
   -3.566537680075E+00
   -2.908054513819E+00
   -1.869262006642E+00
   -8.351336545574E-01
   -3.179513149069E-01
   -3.346528222637E-01
   -3.580079939586E-01
   -2.445800511849E-01
   -1.641277602206E-01
   -9.914091739268E-02
   -4.986296397147E-02
   -1.733550234035E-02
    8.604333602232E-03
    1.974419909458E-02
    2.597096741706E-02
    1.974419909458E-02
    8.604333602232E-03
   -1.733550234035E-02
   -4.986296397147E-02
   -9.914091739268E-02
   -1.641277602206E-01
   -2.445800511849E-01
   -3.580079939586E-01
   -3.346528222637E-01
   -3.179513149069E-01
   -8.351336545574E-01
   -1.869262006642E+00
   -2.908054513819E+00
   -3.566537680075E+00
   -4.234611122543E+00
   -4.116262248044E+00
   -3.566537680075E+00
   -2.473523501577E+00
   -1.207385292063E+00
   -4.063189896224E-01
   -3.083613489273E-01
   -3.706535603679E-01
   -2.670070052562E-01
   -1.759771512282E-01
   -1.098925883614E-01
   -5.778592994372E-02
   -2.349609624893E-02
    3.719865346328E-03
    1.448187675378E-02
    2.259563997347E-02
    1.448187675378E-02
    3.719865346328E-03
   -2.349609624893E-02
   -5.778592994372E-02
   -1.098925883614E-01
   -1.759771512282E-01
   -2.670070052562E-01
   -3.706535603679E-01
   -3.083613489273E-01
   -4.063189896224E-01
   -1.207385292063E+00
   -2.473523501577E+00
   -3.566537680075E+00
   -4.116262248044E+00
   -4.234611122543E+00
   -4.116262248044E+00
   -3.566537680075E+00
   -2.473523501577E+00
   -1.207385292063E+00
   -4.063189896224E-01
   -3.083613489273E-01
   -3.706535603679E-01
   -2.670070052562E-01
   -1.759771512282E-01
   -1.098925883614E-01
   -5.778592994372E-02
   -2.349609624893E-02
    3.719865346328E-03
    1.448187675378E-02
    2.259563997347E-02
    1.448187675378E-02
    3.719865346328E-03
   -2.349609624893E-02
   -5.778592994372E-02
   -1.098925883614E-01
   -1.759771512282E-01
   -2.670070052562E-01
   -3.706535603679E-01
   -3.083613489273E-01
   -4.063189896224E-01
   -1.207385292063E+00
   -2.473523501577E+00
   -3.566537680075E+00
   -4.116262248044E+00
   -4.116262248044E+00
   -3.958020554338E+00
   -3.352011214067E+00
   -2.265167314342E+00
   -1.071761622743E+00
   -3.692246971439E-01
   -3.170482168186E-01
   -3.667969220942E-01
   -2.584258188548E-01
   -1.719369755643E-01
   -1.067119667699E-01
   -5.546627163083E-02
   -2.157543216280E-02
    5.284310657950E-03
    1.641548169599E-02
    2.415702142653E-02
    1.641548169599E-02
    5.284310657950E-03
   -2.157543216280E-02
   -5.546627163083E-02
   -1.067119667699E-01
   -1.719369755643E-01
   -2.584258188548E-01
   -3.667969220942E-01
   -3.170482168186E-01
   -3.692246971439E-01
   -1.071761622743E+00
   -2.265167314342E+00
   -3.352011214067E+00
   -3.958020554338E+00
   -3.566537680075E+00
   -3.352011214067E+00
   -2.688613602390E+00
   -1.687959816551E+00
   -7.363409591251E-01
   -3.027318652846E-01
   -3.429077979989E-01
   -3.515005952537E-01
   -2.373931513980E-01
   -1.598569834176E-01
   -9.593999149341E-02
   -4.848546647024E-02
   -1.559153305502E-02
    1.010164684204E-02
    2.202454692593E-02
    2.882593126008E-02
    2.202454692593E-02
    1.010164684204E-02
   -1.559153305502E-02
   -4.848546647024E-02
   -9.593999149341E-02
   -1.598569834176E-01
   -2.373931513980E-01
   -3.515005952537E-01
   -3.429077979989E-01
   -3.027318652846E-01
   -7.363409591251E-01
   -1.687959816551E+00
   -2.688613602390E+00
   -3.352011214067E+00
   -2.473523501577E+00
   -2.265167314342E+00
   -1.687959816551E+00
   -9.483405114784E-01
   -4.057002935023E-01
   -2.937149873914E-01
   -3.693225521702E-01
   -3.130216951078E-01
   -2.076706963870E-01
   -1.397535483681E-01
   -7.955364206572E-02
   -3.755381473928E-02
   -4.969026249556E-03
    1.774009354121E-02
    2.948727004298E-02
    3.472254043107E-02
    2.948727004298E-02
    1.774009354121E-02
   -4.969026249556E-03
   -3.755381473928E-02
   -7.955364206572E-02
   -1.397535483681E-01
   -2.076706963870E-01
   -3.130216951078E-01
   -3.693225521702E-01
   -2.937149873914E-01
   -4.057002935023E-01
   -9.483405114784E-01
   -1.687959816551E+00
   -2.265167314342E+00
   -1.207385292063E+00
   -1.071761622743E+00
   -7.363409591251E-01
   -4.057002935023E-01
   -2.854773852618E-01
   -3.488818786855E-01
   -3.554136448955E-01
   -2.552577198883E-01
   -1.750372981168E-01
   -1.129955342925E-01
   -6.005001395813E-02
   -2.249376198336E-02
    8.460955733809E-03
    2.735390037749E-02
    3.933174350435E-02
    4.303532513430E-02
    3.933174350435E-02
    2.735390037749E-02
    8.460955733809E-03
   -2.249376198336E-02
   -6.005001395813E-02
   -1.129955342925E-01
   -1.750372981168E-01
   -2.552577198883E-01
   -3.554136448955E-01
   -3.488818786855E-01
   -2.854773852618E-01
   -4.057002935023E-01
   -7.363409591251E-01
   -1.071761622743E+00
   -4.063189896224E-01
   -3.692246971439E-01
   -3.027318652846E-01
   -2.937149873914E-01
   -3.488818786855E-01
   -3.636211532984E-01
   -2.859545217919E-01
   -1.990747212074E-01
   -1.397437599506E-01
   -8.144354409195E-02
   -3.880021657124E-02
   -4.441625042217E-03
    2.261812711775E-02
    3.960019784677E-02
    5.134683481529E-02
    5.322751033305E-02
    5.134683481529E-02
    3.960019784677E-02
    2.261812711775E-02
   -4.441625042217E-03
   -3.880021657123E-02
   -8.144354409195E-02
   -1.397437599506E-01
   -1.990747212074E-01
   -2.859545217919E-01
   -3.636211532984E-01
   -3.488818786855E-01
   -2.937149873914E-01
   -3.027318652846E-01
   -3.692246971439E-01
   -3.083613489273E-01
   -3.170482168186E-01
   -3.429077979989E-01
   -3.693225521702E-01
   -3.554136448955E-01
   -2.859545217919E-01
   -2.088041811259E-01
   -1.529734913514E-01
   -9.812492829863E-02
   -5.077521822520E-02
   -1.630428267350E-02
    1.551769828491E-02
    3.802425314581E-02
    5.391015453793E-02
    6.339136657298E-02
    6.465251559419E-02
    6.339136657298E-02
    5.391015453793E-02
    3.802425314581E-02
    1.551769828491E-02
   -1.630428267350E-02
   -5.077521822520E-02
   -9.812492829863E-02
   -1.529734913514E-01
   -2.088041811259E-01
   -2.859545217919E-01
   -3.554136448955E-01
   -3.693225521702E-01
   -3.429077979989E-01
   -3.170482168186E-01
   -3.706535603679E-01
   -3.667969220942E-01
   -3.515005952537E-01
   -3.130216951078E-01
   -2.552577198883E-01
   -1.990747212074E-01
   -1.529734913514E-01
   -1.049277841512E-01
   -5.813191820687E-02
   -2.384984755043E-02
    8.629299200178E-03
    3.491139381265E-02
    5.398978843756E-02
    6.860547374282E-02
    7.567592933053E-02
    7.851722927921E-02
    7.567592933053E-02
    6.860547374282E-02
    5.398978843756E-02
    3.491139381265E-02
    8.629299200178E-03
   -2.384984755043E-02
   -5.813191820687E-02
   -1.049277841512E-01
   -1.529734913514E-01
   -1.990747212074E-01
   -2.552577198883E-01
   -3.130216951078E-01
   -3.515005952537E-01
   -3.667969220942E-01
   -2.670070052562E-01
   -2.584258188548E-01
   -2.373931513980E-01
   -2.076706963870E-01
   -1.750372981168E-01
   -1.397437599506E-01
   -9.812492829863E-02
   -5.813191820687E-02
   -2.565831876582E-02
    4.435520362447E-03
    3.255497422745E-02
    5.209798009806E-02
    7.010155655789E-02
    8.262541888737E-02
    8.809611172440E-02
    9.169743470728E-02
    8.809611172440E-02
    8.262541888737E-02
    7.010155655789E-02
    5.209798009806E-02
    3.255497422745E-02
    4.435520362447E-03
   -2.565831876582E-02
   -5.813191820687E-02
   -9.812492829863E-02
   -1.397437599506E-01
   -1.750372981168E-01
   -2.076706963870E-01
   -2.373931513980E-01
   -2.584258188548E-01
   -1.759771512282E-01
   -1.719369755643E-01
   -1.598569834176E-01
   -1.397535483681E-01
   -1.129955342925E-01
   -8.144354409195E-02
   -5.077521822520E-02
   -2.384984755043E-02
    4.435520362447E-03
    3.112111842933E-02
    5.209892203238E-02
    7.050903309328E-02
    8.529611498338E-02
    9.472621221374E-02
    1.011686287425E-01
    1.040208528195E-01
    1.011686287425E-01
    9.472621221374E-02
    8.529611498338E-02
    7.050903309328E-02
    5.209892203238E-02
    3.112111842933E-02
    4.435520362447E-03
   -2.384984755043E-02
   -5.077521822520E-02
   -8.144354409195E-02
   -1.129955342925E-01
   -1.397535483681E-01
   -1.598569834176E-01
   -1.719369755643E-01
   -1.098925883614E-01
   -1.067119667699E-01
   -9.593999149341E-02
   -7.955364206572E-02
   -6.005001395813E-02
   -3.880021657123E-02
   -1.630428267350E-02
    8.629299200178E-03
    3.255497422745E-02
    5.209892203238E-02
    7.017613700165E-02
    8.689240861354E-02
    9.762469197738E-02
    1.068023131266E-01
    1.132767067545E-01
    1.140696201788E-01
    1.132767067545E-01
    1.068023131266E-01
    9.762469197738E-02
    8.689240861354E-02
    7.017613700165E-02
    5.209892203238E-02
    3.255497422745E-02
    8.629299200178E-03
   -1.630428267350E-02
   -3.880021657123E-02
   -6.005001395813E-02
   -7.955364206572E-02
   -9.593999149341E-02
   -1.067119667699E-01
   -5.778592994372E-02
   -5.546627163083E-02
   -4.848546647024E-02
   -3.755381473928E-02
   -2.249376198336E-02
   -4.441625042217E-03
    1.551769828491E-02
    3.491139381265E-02
    5.209798009806E-02
    7.050903309328E-02
    8.689240861354E-02
    9.889301637359E-02
    1.093928922629E-01
    1.178135352147E-01
    1.224343609410E-01
    1.235957593862E-01
    1.224343609410E-01
    1.178135352147E-01
    1.093928922629E-01
    9.889301637359E-02
    8.689240861354E-02
    7.050903309328E-02
    5.209798009806E-02
    3.491139381265E-02
    1.551769828491E-02
   -4.441625042217E-03
   -2.249376198336E-02
   -3.755381473928E-02
   -4.848546647024E-02
   -5.546627163083E-02
   -2.349609624893E-02
   -2.157543216280E-02
   -1.559153305502E-02
   -4.969026249557E-03
    8.460955733809E-03
    2.261812711775E-02
    3.802425314581E-02
    5.398978843756E-02
    7.010155655789E-02
    8.529611498338E-02
    9.762469197738E-02
    1.093928922629E-01
    1.197607495488E-01
    1.253158825915E-01
    1.297279443315E-01
    1.325844462699E-01
    1.297279443315E-01
    1.253158825915E-01
    1.197607495488E-01
    1.093928922629E-01
    9.762469197738E-02
    8.529611498338E-02
    7.010155655789E-02
    5.398978843756E-02
    3.802425314581E-02
    2.261812711775E-02
    8.460955733809E-03
   -4.969026249557E-03
   -1.559153305502E-02
   -2.157543216280E-02
    3.719865346327E-03
    5.284310657950E-03
    1.010164684204E-02
    1.774009354121E-02
    2.735390037749E-02
    3.960019784677E-02
    5.391015453793E-02
    6.860547374282E-02
    8.262541888737E-02
    9.472621221374E-02
    1.068023131266E-01
    1.178135352147E-01
    1.253158825915E-01
    1.320734817290E-01
    1.361993581048E-01
    1.366506043895E-01
    1.361993581048E-01
    1.320734817290E-01
    1.253158825915E-01
    1.178135352147E-01
    1.068023131266E-01
    9.472621221374E-02
    8.262541888737E-02
    6.860547374282E-02
    5.391015453793E-02
    3.960019784677E-02
    2.735390037749E-02
    1.774009354121E-02
    1.010164684204E-02
    5.284310657951E-03
    1.448187675378E-02
    1.641548169599E-02
    2.202454692593E-02
    2.948727004298E-02
    3.933174350435E-02
    5.134683481529E-02
    6.339136657298E-02
    7.567592933053E-02
    8.809611172440E-02
    1.011686287425E-01
    1.132767067545E-01
    1.224343609410E-01
    1.297279443315E-01
    1.361993581048E-01
    1.397347460582E-01
    1.401924811512E-01
    1.397347460582E-01
    1.361993581048E-01
    1.297279443315E-01
    1.224343609410E-01
    1.132767067545E-01
    1.011686287425E-01
    8.809611172440E-02
    7.567592933053E-02
    6.339136657298E-02
    5.134683481529E-02
    3.933174350435E-02
    2.948727004298E-02
    2.202454692593E-02
    1.641548169599E-02
    2.259563997347E-02
    2.415702142653E-02
    2.882593126008E-02
    3.472254043107E-02
    4.303532513430E-02
    5.322751033305E-02
    6.465251559419E-02
    7.851722927921E-02
    9.169743470728E-02
    1.040208528195E-01
    1.140696201788E-01
    1.235957593862E-01
    1.325844462699E-01
    1.366506043895E-01
    1.401924811512E-01
    1.429281124348E-01
    1.401924811512E-01
    1.366506043895E-01
    1.325844462699E-01
    1.235957593862E-01
    1.140696201788E-01
    1.040208528195E-01
    9.169743470728E-02
    7.851722927921E-02
    6.465251559419E-02
    5.322751033305E-02
    4.303532513430E-02
    3.472254043107E-02
    2.882593126008E-02
    2.415702142653E-02
    1.448187675378E-02
    1.641548169599E-02
    2.202454692593E-02
    2.948727004298E-02
    3.933174350435E-02
    5.134683481529E-02
    6.339136657298E-02
    7.567592933053E-02
    8.809611172440E-02
    1.011686287425E-01
    1.132767067545E-01
    1.224343609410E-01
    1.297279443315E-01
    1.361993581048E-01
    1.397347460582E-01
    1.401924811512E-01
    1.397347460582E-01
    1.361993581048E-01
    1.297279443315E-01
    1.224343609410E-01
    1.132767067545E-01
    1.011686287425E-01
    8.809611172440E-02
    7.567592933053E-02
    6.339136657298E-02
    5.134683481529E-02
    3.933174350435E-02
    2.948727004298E-02
    2.202454692593E-02
    1.641548169599E-02
    3.719865346327E-03
    5.284310657950E-03
    1.010164684204E-02
    1.774009354121E-02
    2.735390037749E-02
    3.960019784677E-02
    5.391015453793E-02
    6.860547374282E-02
    8.262541888737E-02
    9.472621221374E-02
    1.068023131266E-01
    1.178135352147E-01
    1.253158825915E-01
    1.320734817290E-01
    1.361993581048E-01
    1.366506043895E-01
    1.361993581048E-01
    1.320734817290E-01
    1.253158825915E-01
    1.178135352147E-01
    1.068023131266E-01
    9.472621221374E-02
    8.262541888737E-02
    6.860547374282E-02
    5.391015453793E-02
    3.960019784677E-02
    2.735390037749E-02
    1.774009354121E-02
    1.010164684204E-02
    5.284310657950E-03
   -2.349609624893E-02
   -2.157543216280E-02
   -1.559153305502E-02
   -4.969026249556E-03
    8.460955733809E-03
    2.261812711775E-02
    3.802425314581E-02
    5.398978843756E-02
    7.010155655789E-02
    8.529611498338E-02
    9.762469197738E-02
    1.093928922629E-01
    1.197607495488E-01
    1.253158825915E-01
    1.297279443315E-01
    1.325844462699E-01
    1.297279443315E-01
    1.253158825915E-01
    1.197607495488E-01
    1.093928922629E-01
    9.762469197738E-02
    8.529611498338E-02
    7.010155655789E-02
    5.398978843756E-02
    3.802425314581E-02
    2.261812711775E-02
    8.460955733809E-03
   -4.969026249556E-03
   -1.559153305502E-02
   -2.157543216280E-02
   -5.778592994372E-02
   -5.546627163083E-02
   -4.848546647024E-02
   -3.755381473928E-02
   -2.249376198336E-02
   -4.441625042217E-03
    1.551769828491E-02
    3.491139381265E-02
    5.209798009806E-02
    7.050903309328E-02
    8.689240861354E-02
    9.889301637359E-02
    1.093928922629E-01
    1.178135352147E-01
    1.224343609410E-01
    1.235957593862E-01
    1.224343609410E-01
    1.178135352147E-01
    1.093928922629E-01
    9.889301637359E-02
    8.689240861354E-02
    7.050903309328E-02
    5.209798009806E-02
    3.491139381265E-02
    1.551769828491E-02
   -4.441625042217E-03
   -2.249376198336E-02
   -3.755381473928E-02
   -4.848546647024E-02
   -5.546627163083E-02
   -1.098925883614E-01
   -1.067119667699E-01
   -9.593999149341E-02
   -7.955364206572E-02
   -6.005001395813E-02
   -3.880021657123E-02
   -1.630428267350E-02
    8.629299200178E-03
    3.255497422745E-02
    5.209892203238E-02
    7.017613700165E-02
    8.689240861354E-02
    9.762469197738E-02
    1.068023131266E-01
    1.132767067545E-01
    1.140696201788E-01
    1.132767067545E-01
    1.068023131266E-01
    9.762469197738E-02
    8.689240861354E-02
    7.017613700165E-02
    5.209892203238E-02
    3.255497422745E-02
    8.629299200178E-03
   -1.630428267350E-02
   -3.880021657123E-02
   -6.005001395813E-02
   -7.955364206572E-02
   -9.593999149341E-02
   -1.067119667699E-01
   -1.759771512282E-01
   -1.719369755643E-01
   -1.598569834176E-01
   -1.397535483681E-01
   -1.129955342925E-01
   -8.144354409195E-02
   -5.077521822520E-02
   -2.384984755043E-02
    4.435520362447E-03
    3.112111842933E-02
    5.209892203238E-02
    7.050903309328E-02
    8.529611498338E-02
    9.472621221374E-02
    1.011686287425E-01
    1.040208528195E-01
    1.011686287425E-01
    9.472621221374E-02
    8.529611498338E-02
    7.050903309328E-02
    5.209892203238E-02
    3.112111842933E-02
    4.435520362447E-03
   -2.384984755043E-02
   -5.077521822520E-02
   -8.144354409195E-02
   -1.129955342925E-01
   -1.397535483681E-01
   -1.598569834176E-01
   -1.719369755643E-01
   -2.670070052562E-01
   -2.584258188548E-01
   -2.373931513980E-01
   -2.076706963870E-01
   -1.750372981168E-01
   -1.397437599506E-01
   -9.812492829863E-02
   -5.813191820687E-02
   -2.565831876582E-02
    4.435520362447E-03
    3.255497422745E-02
    5.209798009806E-02
    7.010155655789E-02
    8.262541888737E-02
    8.809611172440E-02
    9.169743470728E-02
    8.809611172440E-02
    8.262541888737E-02
    7.010155655789E-02
    5.209798009806E-02
    3.255497422745E-02
    4.435520362447E-03
   -2.565831876582E-02
   -5.813191820687E-02
   -9.812492829863E-02
   -1.397437599506E-01
   -1.750372981168E-01
   -2.076706963870E-01
   -2.373931513980E-01
   -2.584258188548E-01
   -3.706535603679E-01
   -3.667969220942E-01
   -3.515005952537E-01
   -3.130216951078E-01
   -2.552577198883E-01
   -1.990747212074E-01
   -1.529734913514E-01
   -1.049277841512E-01
   -5.813191820687E-02
   -2.384984755043E-02
    8.629299200179E-03
    3.491139381265E-02
    5.398978843756E-02
    6.860547374282E-02
    7.567592933053E-02
    7.851722927921E-02
    7.567592933053E-02
    6.860547374282E-02
    5.398978843756E-02
    3.491139381265E-02
    8.629299200178E-03
   -2.384984755043E-02
   -5.813191820687E-02
   -1.049277841512E-01
   -1.529734913514E-01
   -1.990747212074E-01
   -2.552577198883E-01
   -3.130216951078E-01
   -3.515005952537E-01
   -3.667969220942E-01
   -3.083613489273E-01
   -3.170482168186E-01
   -3.429077979989E-01
   -3.693225521702E-01
   -3.554136448955E-01
   -2.859545217919E-01
   -2.088041811259E-01
   -1.529734913514E-01
   -9.812492829863E-02
   -5.077521822520E-02
   -1.630428267350E-02
    1.551769828491E-02
    3.802425314581E-02
    5.391015453793E-02
    6.339136657298E-02
    6.465251559419E-02
    6.339136657298E-02
    5.391015453793E-02
    3.802425314581E-02
    1.551769828491E-02
   -1.630428267350E-02
   -5.077521822520E-02
   -9.812492829863E-02
   -1.529734913514E-01
   -2.088041811259E-01
   -2.859545217919E-01
   -3.554136448955E-01
   -3.693225521702E-01
   -3.429077979989E-01
   -3.170482168186E-01
   -4.063189896224E-01
   -3.692246971439E-01
   -3.027318652846E-01
   -2.937149873914E-01
   -3.488818786855E-01
   -3.636211532984E-01
   -2.859545217919E-01
   -1.990747212074E-01
   -1.397437599506E-01
   -8.144354409195E-02
   -3.880021657123E-02
   -4.441625042217E-03
    2.261812711775E-02
    3.960019784677E-02
    5.134683481529E-02
    5.322751033305E-02
    5.134683481529E-02
    3.960019784677E-02
    2.261812711775E-02
   -4.441625042217E-03
   -3.880021657123E-02
   -8.144354409195E-02
   -1.397437599506E-01
   -1.990747212074E-01
   -2.859545217919E-01
   -3.636211532984E-01
   -3.488818786855E-01
   -2.937149873914E-01
   -3.027318652846E-01
   -3.692246971439E-01
   -1.207385292063E+00
   -1.071761622743E+00
   -7.363409591251E-01
   -4.057002935023E-01
   -2.854773852618E-01
   -3.488818786855E-01
   -3.554136448955E-01
   -2.552577198883E-01
   -1.750372981168E-01
   -1.129955342925E-01
   -6.005001395813E-02
   -2.249376198336E-02
    8.460955733809E-03
    2.735390037749E-02
    3.933174350435E-02
    4.303532513430E-02
    3.933174350435E-02
    2.735390037749E-02
    8.460955733809E-03
   -2.249376198336E-02
   -6.005001395813E-02
   -1.129955342925E-01
   -1.750372981168E-01
   -2.552577198883E-01
   -3.554136448955E-01
   -3.488818786855E-01
   -2.854773852618E-01
   -4.057002935023E-01
   -7.363409591251E-01
   -1.071761622743E+00
   -2.473523501577E+00
   -2.265167314342E+00
   -1.687959816551E+00
   -9.483405114784E-01
   -4.057002935023E-01
   -2.937149873914E-01
   -3.693225521702E-01
   -3.130216951078E-01
   -2.076706963870E-01
   -1.397535483681E-01
   -7.955364206572E-02
   -3.755381473928E-02
   -4.969026249557E-03
    1.774009354121E-02
    2.948727004298E-02
    3.472254043107E-02
    2.948727004298E-02
    1.774009354121E-02
   -4.969026249556E-03
   -3.755381473928E-02
   -7.955364206572E-02
   -1.397535483681E-01
   -2.076706963870E-01
   -3.130216951078E-01
   -3.693225521702E-01
   -2.937149873914E-01
   -4.057002935023E-01
   -9.483405114784E-01
   -1.687959816551E+00
   -2.265167314342E+00
   -3.566537680075E+00
   -3.352011214067E+00
   -2.688613602390E+00
   -1.687959816551E+00
   -7.363409591251E-01
   -3.027318652846E-01
   -3.429077979989E-01
   -3.515005952537E-01
   -2.373931513980E-01
   -1.598569834176E-01
   -9.593999149341E-02
   -4.848546647024E-02
   -1.559153305502E-02
    1.010164684204E-02
    2.202454692593E-02
    2.882593126008E-02
    2.202454692593E-02
    1.010164684204E-02
   -1.559153305502E-02
   -4.848546647024E-02
   -9.593999149341E-02
   -1.598569834176E-01
   -2.373931513980E-01
   -3.515005952537E-01
   -3.429077979989E-01
   -3.027318652846E-01
   -7.363409591251E-01
   -1.687959816551E+00
   -2.688613602390E+00
   -3.352011214067E+00
   -4.116262248044E+00
   -3.958020554338E+00
   -3.352011214067E+00
   -2.265167314342E+00
   -1.071761622743E+00
   -3.692246971439E-01
   -3.170482168186E-01
   -3.667969220942E-01
   -2.584258188548E-01
   -1.719369755643E-01
   -1.067119667699E-01
   -5.546627163083E-02
   -2.157543216280E-02
    5.284310657950E-03
    1.641548169599E-02
    2.415702142653E-02
    1.641548169599E-02
    5.284310657950E-03
   -2.157543216280E-02
   -5.546627163083E-02
   -1.067119667699E-01
   -1.719369755643E-01
   -2.584258188548E-01
   -3.667969220942E-01
   -3.170482168186E-01
   -3.692246971439E-01
   -1.071761622743E+00
   -2.265167314342E+00
   -3.352011214067E+00
   -3.958020554338E+00
   -3.770013280001E+00
   -3.566537680075E+00
   -2.908054513819E+00
   -1.869262006642E+00
   -8.351336545574E-01
   -3.179513149069E-01
   -3.346528222637E-01
   -3.580079939586E-01
   -2.445800511849E-01
   -1.641277602206E-01
   -9.914091739268E-02
   -4.986296397147E-02
   -1.733550234035E-02
    8.604333602232E-03
    1.974419909458E-02
    2.597096741706E-02
    1.974419909458E-02
    8.604333602232E-03
   -1.733550234035E-02
   -4.986296397147E-02
   -9.914091739268E-02
   -1.641277602206E-01
   -2.445800511849E-01
   -3.580079939586E-01
   -3.346528222637E-01
   -3.179513149069E-01
   -8.351336545574E-01
   -1.869262006642E+00
   -2.908054513819E+00
   -3.566537680075E+00
   -3.566537680075E+00
   -3.352011214067E+00
   -2.688613602390E+00
   -1.687959816551E+00
   -7.363409591251E-01
   -3.027318652846E-01
   -3.429077979989E-01
   -3.515005952537E-01
   -2.373931513980E-01
   -1.598569834176E-01
   -9.593999149341E-02
   -4.848546647024E-02
   -1.559153305502E-02
    1.010164684204E-02
    2.202454692593E-02
    2.882593126008E-02
    2.202454692593E-02
    1.010164684204E-02
   -1.559153305502E-02
   -4.848546647024E-02
   -9.593999149341E-02
   -1.598569834176E-01
   -2.373931513980E-01
   -3.515005952537E-01
   -3.429077979989E-01
   -3.027318652846E-01
   -7.363409591251E-01
   -1.687959816551E+00
   -2.688613602390E+00
   -3.352011214067E+00
   -2.908054513819E+00
   -2.688613602390E+00
   -2.060771146023E+00
   -1.207076751948E+00
   -5.057931654754E-01
   -2.859460664562E-01
   -3.619889041288E-01
   -3.295075504358E-01
   -2.190981733374E-01
   -1.474826215418E-01
   -8.526915435688E-02
   -4.192948468816E-02
   -9.105423056648E-03
    1.421384279699E-02
    2.604777327772E-02
    3.267356930363E-02
    2.604777327772E-02
    1.421384279699E-02
   -9.105423056648E-03
   -4.192948468816E-02
   -8.526915435688E-02
   -1.474826215418E-01
   -2.190981733374E-01
   -3.295075504358E-01
   -3.619889041288E-01
   -2.859460664562E-01
   -5.057931654754E-01
   -1.207076751948E+00
   -2.060771146023E+00
   -2.688613602390E+00
   -1.869262006642E+00
   -1.687959816551E+00
   -1.207076751948E+00
   -6.484923946383E-01
   -3.171543215060E-01
   -3.159393335048E-01
   -3.704978066455E-01
   -2.873567196770E-01
   -1.928883188932E-01
   -1.279820034297E-01
   -7.019803346189E-02
   -3.089712789898E-02
    1.459616769601E-03
    2.185301841892E-02
    3.328219840703E-02
    3.813991336318E-02
    3.328219840703E-02
    2.185301841892E-02
    1.459616769601E-03
   -3.089712789898E-02
   -7.019803346189E-02
   -1.279820034297E-01
   -1.928883188932E-01
   -2.873567196770E-01
   -3.704978066455E-01
   -3.159393335048E-01
   -3.171543215060E-01
   -6.484923946383E-01
   -1.207076751948E+00
   -1.687959816551E+00
   -8.351336545574E-01
   -7.363409591251E-01
   -5.057931654754E-01
   -3.171543215060E-01
   -2.986730432691E-01
   -3.656335679484E-01
   -3.361462741906E-01
   -2.334816979848E-01
   -1.625416598806E-01
   -1.017581646211E-01
   -5.205952408974E-02
   -1.632078029084E-02
    1.303260875521E-02
    3.139751200916E-02
    4.414223547787E-02
    4.737265903202E-02
    4.414223547787E-02
    3.139751200916E-02
    1.303260875521E-02
   -1.632078029084E-02
   -5.205952408974E-02
   -1.017581646211E-01
   -1.625416598806E-01
   -2.334816979848E-01
   -3.361462741906E-01
   -3.656335679484E-01
   -2.986730432691E-01
   -3.171543215060E-01
   -5.057931654754E-01
   -7.363409591251E-01
   -3.179513149069E-01
   -3.027318652846E-01
   -2.859460664562E-01
   -3.159393335048E-01
   -3.656335679484E-01
   -3.483405809926E-01
   -2.617814068878E-01
   -1.846209023157E-01
   -1.279816578492E-01
   -7.184812498738E-02
   -3.153398578248E-02
    1.723597860907E-03
    2.669358135755E-02
    4.325647346250E-02
    5.527204432803E-02
    5.722803813942E-02
    5.527204432803E-02
    4.325647346250E-02
    2.669358135755E-02
    1.723597860907E-03
   -3.153398578248E-02
   -7.184812498738E-02
   -1.279816578492E-01
   -1.846209023157E-01
   -2.617814068878E-01
   -3.483405809926E-01
   -3.656335679484E-01
   -3.159393335048E-01
   -2.859460664562E-01
   -3.027318652846E-01
   -3.346528222637E-01
   -3.429077979989E-01
   -3.619889041288E-01
   -3.704978066455E-01
   -3.361462741906E-01
   -2.617814068878E-01
   -1.937955285831E-01
   -1.414646900305E-01
   -8.743684091446E-02
   -4.342361764880E-02
   -9.631616964304E-03
    2.057170757645E-02
    4.192325039690E-02
    5.728604975433E-02
    6.710270005295E-02
    6.983587283497E-02
    6.710270005295E-02
    5.728604975433E-02
    4.192325039690E-02
    2.057170757645E-02
   -9.631616964304E-03
   -4.342361764880E-02
   -8.743684091446E-02
   -1.414646900305E-01
   -1.937955285831E-01
   -2.617814068878E-01
   -3.361462741906E-01
   -3.704978066455E-01
   -3.619889041288E-01
   -3.429077979989E-01
   -3.580079939586E-01
   -3.515005952537E-01
   -3.295075504358E-01
   -2.873567196770E-01
   -2.334816979848E-01
   -1.846209023157E-01
   -1.414646900305E-01
   -9.325012718737E-02
   -4.991040417208E-02
   -1.733216484458E-02
    1.479084341591E-02
    3.877418618292E-02
    5.729359306127E-02
    7.135122229033E-02
    7.881054860185E-02
    8.292349256304E-02
    7.881054860185E-02
    7.135122229033E-02
    5.729359306127E-02
    3.877418618292E-02
    1.479084341591E-02
   -1.733216484458E-02
   -4.991040417208E-02
   -9.325012718737E-02
   -1.414646900305E-01
   -1.846209023157E-01
   -2.334816979848E-01
   -2.873567196770E-01
   -3.295075504358E-01
   -3.515005952537E-01
   -2.445800511849E-01
   -2.373931513980E-01
   -2.190981733374E-01
   -1.928883188932E-01
   -1.625416598806E-01
   -1.279816578492E-01
   -8.743684091446E-02
   -4.991040417208E-02
   -1.976801079187E-02
    1.035505909821E-02
    3.741694549094E-02
    5.591111161599E-02
    7.331915008535E-02
    8.553580826347E-02
    9.138393436909E-02
    9.471374552681E-02
    9.138393436909E-02
    8.553580826347E-02
    7.331915008535E-02
    5.591111161599E-02
    3.741694549094E-02
    1.035505909821E-02
   -1.976801079187E-02
   -4.991040417208E-02
   -8.743684091446E-02
   -1.279816578492E-01
   -1.625416598806E-01
   -1.928883188932E-01
   -2.190981733374E-01
   -2.373931513980E-01
   -1.641277602206E-01
   -1.598569834176E-01
   -1.474826215418E-01
   -1.279820034297E-01
   -1.017581646211E-01
   -7.184812498738E-02
   -4.342361764880E-02
   -1.733216484458E-02
    1.035505909821E-02
    3.608399679558E-02
    5.579506044351E-02
    7.419025684024E-02
    8.804763713750E-02
    9.724865541544E-02
    1.041764569121E-01
    1.062845945945E-01
    1.041764569121E-01
    9.724865541544E-02
    8.804763713750E-02
    7.419025684024E-02
    5.579506044351E-02
    3.608399679558E-02
    1.035505909821E-02
   -1.733216484458E-02
   -4.342361764880E-02
   -7.184812498738E-02
   -1.017581646211E-01
   -1.279820034297E-01
   -1.474826215418E-01
   -1.598569834176E-01
   -9.914091739268E-02
   -9.593999149341E-02
   -8.526915435688E-02
   -7.019803346189E-02
   -5.205952408974E-02
   -3.153398578248E-02
   -9.631616964304E-03
    1.479084341591E-02
    3.741694549094E-02
    5.579506044351E-02
    7.315039769137E-02
    8.998823943429E-02
    1.008638770252E-01
    1.094568281821E-01
    1.152726020574E-01
    1.156282148393E-01
    1.152726020574E-01
    1.094568281821E-01
    1.008638770252E-01
    8.998823943429E-02
    7.315039769137E-02
    5.579506044351E-02
    3.741694549094E-02
    1.479084341591E-02
   -9.631616964304E-03
   -3.153398578248E-02
   -5.205952408974E-02
   -7.019803346189E-02
   -8.526915435688E-02
   -9.593999149341E-02
   -4.986296397147E-02
   -4.848546647024E-02
   -4.192948468816E-02
   -3.089712789898E-02
   -1.632078029084E-02
    1.723597860907E-03
    2.057170757645E-02
    3.877418618292E-02
    5.591111161599E-02
    7.419025684024E-02
    8.998823943429E-02
    1.013335412983E-01
    1.123500175348E-01
    1.205853145531E-01
    1.243404838123E-01
    1.255110212858E-01
    1.243404838123E-01
    1.205853145531E-01
    1.123500175348E-01
    1.013335412983E-01
    8.998823943429E-02
    7.419025684024E-02
    5.591111161599E-02
    3.877418618292E-02
    2.057170757645E-02
    1.723597860907E-03
   -1.632078029084E-02
   -3.089712789898E-02
   -4.192948468816E-02
   -4.848546647024E-02
   -1.733550234035E-02
   -1.559153305502E-02
   -9.105423056648E-03
    1.459616769601E-03
    1.303260875521E-02
    2.669358135755E-02
    4.192325039690E-02
    5.729359306127E-02
    7.331915008535E-02
    8.804763713750E-02
    1.008638770252E-01
    1.123500175348E-01
    1.221863513732E-01
    1.276671288835E-01
    1.316104107377E-01
    1.344848649151E-01
    1.316104107377E-01
    1.276671288835E-01
    1.221863513732E-01
    1.123500175348E-01
    1.008638770252E-01
    8.804763713750E-02
    7.331915008535E-02
    5.729359306127E-02
    4.192325039690E-02
    2.669358135755E-02
    1.303260875521E-02
    1.459616769601E-03
   -9.105423056648E-03
   -1.559153305502E-02
    8.604333602232E-03
    1.010164684204E-02
    1.421384279699E-02
    2.185301841892E-02
    3.139751200916E-02
    4.325647346250E-02
    5.728604975433E-02
    7.135122229033E-02
    8.553580826347E-02
    9.724865541544E-02
    1.094568281821E-01
    1.205853145531E-01
    1.276671288835E-01
    1.343949989736E-01
    1.381878426345E-01
    1.385116987385E-01
    1.381878426345E-01
    1.343949989736E-01
    1.276671288835E-01
    1.205853145531E-01
    1.094568281821E-01
    9.724865541544E-02
    8.553580826347E-02
    7.135122229033E-02
    5.728604975433E-02
    4.325647346250E-02
    3.139751200916E-02
    2.185301841892E-02
    1.421384279699E-02
    1.010164684204E-02
    1.974419909458E-02
    2.202454692593E-02
    2.604777327772E-02
    3.328219840703E-02
    4.414223547787E-02
    5.527204432803E-02
    6.710270005295E-02
    7.881054860185E-02
    9.138393436909E-02
    1.041764569121E-01
    1.152726020574E-01
    1.243404838123E-01
    1.316104107377E-01
    1.381878426345E-01
    1.416376730538E-01
    1.419506139042E-01
    1.416376730538E-01
    1.381878426345E-01
    1.316104107377E-01
    1.243404838123E-01
    1.152726020574E-01
    1.041764569121E-01
    9.138393436909E-02
    7.881054860185E-02
    6.710270005295E-02
    5.527204432803E-02
    4.414223547787E-02
    3.328219840703E-02
    2.604777327772E-02
    2.202454692593E-02
    2.597096741706E-02
    2.882593126008E-02
    3.267356930363E-02
    3.813991336318E-02
    4.737265903202E-02
    5.722803813942E-02
    6.983587283497E-02
    8.292349256304E-02
    9.471374552681E-02
    1.062845945945E-01
    1.156282148393E-01
    1.255110212858E-01
    1.344848649151E-01
    1.385116987385E-01
    1.419506139042E-01
    1.444406682403E-01
    1.419506139042E-01
    1.385116987385E-01
    1.344848649151E-01
    1.255110212858E-01
    1.156282148393E-01
    1.062845945945E-01
    9.471374552681E-02
    8.292349256304E-02
    6.983587283497E-02
    5.722803813942E-02
    4.737265903202E-02
    3.813991336318E-02
    3.267356930363E-02
    2.882593126008E-02
    1.974419909458E-02
    2.202454692593E-02
    2.604777327772E-02
    3.328219840703E-02
    4.414223547787E-02
    5.527204432803E-02
    6.710270005295E-02
    7.881054860185E-02
    9.138393436909E-02
    1.041764569121E-01
    1.152726020574E-01
    1.243404838123E-01
    1.316104107377E-01
    1.381878426345E-01
    1.416376730538E-01
    1.419506139042E-01
    1.416376730538E-01
    1.381878426345E-01
    1.316104107377E-01
    1.243404838123E-01
    1.152726020574E-01
    1.041764569121E-01
    9.138393436909E-02
    7.881054860185E-02
    6.710270005295E-02
    5.527204432803E-02
    4.414223547787E-02
    3.328219840703E-02
    2.604777327772E-02
    2.202454692593E-02
    8.604333602232E-03
    1.010164684204E-02
    1.421384279699E-02
    2.185301841892E-02
    3.139751200916E-02
    4.325647346250E-02
    5.728604975433E-02
    7.135122229033E-02
    8.553580826347E-02
    9.724865541544E-02
    1.094568281821E-01
    1.205853145531E-01
    1.276671288835E-01
    1.343949989736E-01
    1.381878426345E-01
    1.385116987385E-01
    1.381878426345E-01
    1.343949989736E-01
    1.276671288835E-01
    1.205853145531E-01
    1.094568281821E-01
    9.724865541544E-02
    8.553580826347E-02
    7.135122229033E-02
    5.728604975433E-02
    4.325647346250E-02
    3.139751200916E-02
    2.185301841892E-02
    1.421384279699E-02
    1.010164684204E-02
   -1.733550234035E-02
   -1.559153305502E-02
   -9.105423056648E-03
    1.459616769601E-03
    1.303260875521E-02
    2.669358135755E-02
    4.192325039690E-02
    5.729359306127E-02
    7.331915008535E-02
    8.804763713750E-02
    1.008638770252E-01
    1.123500175348E-01
    1.221863513732E-01
    1.276671288835E-01
    1.316104107377E-01
    1.344848649151E-01
    1.316104107377E-01
    1.276671288835E-01
    1.221863513732E-01
    1.123500175348E-01
    1.008638770252E-01
    8.804763713750E-02
    7.331915008535E-02
    5.729359306127E-02
    4.192325039690E-02
    2.669358135755E-02
    1.303260875521E-02
    1.459616769601E-03
   -9.105423056648E-03
   -1.559153305502E-02
   -4.986296397147E-02
   -4.848546647024E-02
   -4.192948468816E-02
   -3.089712789898E-02
   -1.632078029084E-02
    1.723597860907E-03
    2.057170757645E-02
    3.877418618292E-02
    5.591111161599E-02
    7.419025684024E-02
    8.998823943429E-02
    1.013335412983E-01
    1.123500175348E-01
    1.205853145531E-01
    1.243404838123E-01
    1.255110212858E-01
    1.243404838123E-01
    1.205853145531E-01
    1.123500175348E-01
    1.013335412983E-01
    8.998823943429E-02
    7.419025684024E-02
    5.591111161599E-02
    3.877418618292E-02
    2.057170757645E-02
    1.723597860907E-03
   -1.632078029084E-02
   -3.089712789898E-02
   -4.192948468816E-02
   -4.848546647024E-02
   -9.914091739268E-02
   -9.593999149341E-02
   -8.526915435688E-02
   -7.019803346189E-02
   -5.205952408974E-02
   -3.153398578248E-02
   -9.631616964304E-03
    1.479084341591E-02
    3.741694549094E-02
    5.579506044351E-02
    7.315039769137E-02
    8.998823943429E-02
    1.008638770252E-01
    1.094568281821E-01
    1.152726020574E-01
    1.156282148393E-01
    1.152726020574E-01
    1.094568281821E-01
    1.008638770252E-01
    8.998823943429E-02
    7.315039769137E-02
    5.579506044351E-02
    3.741694549094E-02
    1.479084341591E-02
   -9.631616964304E-03
   -3.153398578248E-02
   -5.205952408974E-02
   -7.019803346189E-02
   -8.526915435688E-02
   -9.593999149341E-02
   -1.641277602206E-01
   -1.598569834176E-01
   -1.474826215418E-01
   -1.279820034297E-01
   -1.017581646211E-01
   -7.184812498738E-02
   -4.342361764880E-02
   -1.733216484458E-02
    1.035505909821E-02
    3.608399679558E-02
    5.579506044351E-02
    7.419025684024E-02
    8.804763713750E-02
    9.724865541544E-02
    1.041764569121E-01
    1.062845945945E-01
    1.041764569121E-01
    9.724865541544E-02
    8.804763713750E-02
    7.419025684024E-02
    5.579506044351E-02
    3.608399679558E-02
    1.035505909821E-02
   -1.733216484458E-02
   -4.342361764880E-02
   -7.184812498738E-02
   -1.017581646211E-01
   -1.279820034297E-01
   -1.474826215418E-01
   -1.598569834176E-01
   -2.445800511849E-01
   -2.373931513980E-01
   -2.190981733374E-01
   -1.928883188932E-01
   -1.625416598806E-01
   -1.279816578492E-01
   -8.743684091446E-02
   -4.991040417208E-02
   -1.976801079187E-02
    1.035505909821E-02
    3.741694549094E-02
    5.591111161599E-02
    7.331915008535E-02
    8.553580826347E-02
    9.138393436909E-02
    9.471374552681E-02
    9.138393436909E-02
    8.553580826347E-02
    7.331915008535E-02
    5.591111161599E-02
    3.741694549094E-02
    1.035505909821E-02
   -1.976801079187E-02
   -4.991040417208E-02
   -8.743684091446E-02
   -1.279816578492E-01
   -1.625416598806E-01
   -1.928883188932E-01
   -2.190981733374E-01
   -2.373931513980E-01
   -3.580079939586E-01
   -3.515005952537E-01
   -3.295075504358E-01
   -2.873567196770E-01
   -2.334816979848E-01
   -1.846209023157E-01
   -1.414646900305E-01
   -9.325012718737E-02
   -4.991040417208E-02
   -1.733216484458E-02
    1.479084341591E-02
    3.877418618292E-02
    5.729359306127E-02
    7.135122229033E-02
    7.881054860185E-02
    8.292349256304E-02
    7.881054860185E-02
    7.135122229033E-02
    5.729359306127E-02
    3.877418618292E-02
    1.479084341591E-02
   -1.733216484458E-02
   -4.991040417208E-02
   -9.325012718737E-02
   -1.414646900305E-01
   -1.846209023157E-01
   -2.334816979848E-01
   -2.873567196770E-01
   -3.295075504358E-01
   -3.515005952537E-01
   -3.346528222637E-01
   -3.429077979989E-01
   -3.619889041288E-01
   -3.704978066455E-01
   -3.361462741906E-01
   -2.617814068878E-01
   -1.937955285831E-01
   -1.414646900305E-01
   -8.743684091446E-02
   -4.342361764880E-02
   -9.631616964304E-03
    2.057170757645E-02
    4.192325039690E-02
    5.728604975433E-02
    6.710270005295E-02
    6.983587283497E-02
    6.710270005295E-02
    5.728604975433E-02
    4.192325039690E-02
    2.057170757645E-02
   -9.631616964304E-03
   -4.342361764880E-02
   -8.743684091446E-02
   -1.414646900305E-01
   -1.937955285831E-01
   -2.617814068878E-01
   -3.361462741906E-01
   -3.704978066455E-01
   -3.619889041288E-01
   -3.429077979989E-01
   -3.179513149069E-01
   -3.027318652846E-01
   -2.859460664562E-01
   -3.159393335048E-01
   -3.656335679484E-01
   -3.483405809926E-01
   -2.617814068878E-01
   -1.846209023157E-01
   -1.279816578492E-01
   -7.184812498738E-02
   -3.153398578248E-02
    1.723597860907E-03
    2.669358135755E-02
    4.325647346250E-02
    5.527204432803E-02
    5.722803813942E-02
    5.527204432803E-02
    4.325647346250E-02
    2.669358135755E-02
    1.723597860907E-03
   -3.153398578248E-02
   -7.184812498738E-02
   -1.279816578492E-01
   -1.846209023157E-01
   -2.617814068878E-01
   -3.483405809926E-01
   -3.656335679484E-01
   -3.159393335048E-01
   -2.859460664562E-01
   -3.027318652846E-01
   -8.351336545574E-01
   -7.363409591251E-01
   -5.057931654754E-01
   -3.171543215060E-01
   -2.986730432691E-01
   -3.656335679484E-01
   -3.361462741906E-01
   -2.334816979848E-01
   -1.625416598806E-01
   -1.017581646211E-01
   -5.205952408974E-02
   -1.632078029084E-02
    1.303260875521E-02
    3.139751200916E-02
    4.414223547787E-02
    4.737265903202E-02
    4.414223547787E-02
    3.139751200916E-02
    1.303260875521E-02
   -1.632078029084E-02
   -5.205952408974E-02
   -1.017581646211E-01
   -1.625416598806E-01
   -2.334816979848E-01
   -3.361462741906E-01
   -3.656335679484E-01
   -2.986730432691E-01
   -3.171543215060E-01
   -5.057931654754E-01
   -7.363409591251E-01
   -1.869262006642E+00
   -1.687959816551E+00
   -1.207076751948E+00
   -6.484923946383E-01
   -3.171543215060E-01
   -3.159393335048E-01
   -3.704978066455E-01
   -2.873567196770E-01
   -1.928883188932E-01
   -1.279820034297E-01
   -7.019803346189E-02
   -3.089712789898E-02
    1.459616769601E-03
    2.185301841892E-02
    3.328219840703E-02
    3.813991336318E-02
    3.328219840703E-02
    2.185301841892E-02
    1.459616769601E-03
   -3.089712789898E-02
   -7.019803346189E-02
   -1.279820034297E-01
   -1.928883188932E-01
   -2.873567196770E-01
   -3.704978066455E-01
   -3.159393335048E-01
   -3.171543215060E-01
   -6.484923946383E-01
   -1.207076751948E+00
   -1.687959816551E+00
   -2.908054513819E+00
   -2.688613602390E+00
   -2.060771146023E+00
   -1.207076751948E+00
   -5.057931654754E-01
   -2.859460664562E-01
   -3.619889041288E-01
   -3.295075504358E-01
   -2.190981733374E-01
   -1.474826215418E-01
   -8.526915435688E-02
   -4.192948468816E-02
   -9.105423056648E-03
    1.421384279699E-02
    2.604777327772E-02
    3.267356930363E-02
    2.604777327772E-02
    1.421384279699E-02
   -9.105423056648E-03
   -4.192948468816E-02
   -8.526915435688E-02
   -1.474826215418E-01
   -2.190981733374E-01
   -3.295075504358E-01
   -3.619889041288E-01
   -2.859460664562E-01
   -5.057931654754E-01
   -1.207076751948E+00
   -2.060771146023E+00
   -2.688613602390E+00
   -3.566537680075E+00
   -3.352011214067E+00
   -2.688613602390E+00
   -1.687959816551E+00
   -7.363409591251E-01
   -3.027318652846E-01
   -3.429077979989E-01
   -3.515005952537E-01
   -2.373931513980E-01
   -1.598569834176E-01
   -9.593999149341E-02
   -4.848546647024E-02
   -1.559153305502E-02
    1.010164684204E-02
    2.202454692593E-02
    2.882593126008E-02
    2.202454692593E-02
    1.010164684204E-02
   -1.559153305502E-02
   -4.848546647024E-02
   -9.593999149341E-02
   -1.598569834176E-01
   -2.373931513980E-01
   -3.515005952537E-01
   -3.429077979989E-01
   -3.027318652846E-01
   -7.363409591251E-01
   -1.687959816551E+00
   -2.688613602390E+00
   -3.352011214067E+00
   -2.688316305706E+00
   -2.473523501577E+00
   -1.869262006642E+00
   -1.071217408297E+00
   -4.510642996431E-01
   -2.885769226313E-01
   -3.656294933003E-01
   -3.214747491254E-01
   -2.130267435241E-01
   -1.434314490618E-01
   -8.259329185686E-02
   -3.967019487994E-02
   -7.755387308600E-03
    1.578809013230E-02
    2.809250552690E-02
    3.341853167778E-02
    2.809250552690E-02
    1.578809013230E-02
   -7.755387308600E-03
   -3.967019487994E-02
   -8.259329185686E-02
   -1.434314490618E-01
   -2.130267435241E-01
   -3.214747491254E-01
   -3.656294933003E-01
   -2.885769226313E-01
   -4.510642996431E-01
   -1.071217408297E+00
   -1.869262006642E+00
   -2.473523501577E+00
   -2.473523501577E+00
   -2.265167314342E+00
   -1.687959816551E+00
   -9.483405114784E-01
   -4.057002935023E-01
   -2.937149873914E-01
   -3.693225521702E-01
   -3.130216951078E-01
   -2.076706963870E-01
   -1.397535483681E-01
   -7.955364206572E-02
   -3.755381473928E-02
   -4.969026249557E-03
    1.774009354121E-02
    2.948727004298E-02
    3.472254043107E-02
    2.948727004298E-02
    1.774009354121E-02
   -4.969026249557E-03
   -3.755381473928E-02
   -7.955364206572E-02
   -1.397535483681E-01
   -2.076706963870E-01
   -3.130216951078E-01
   -3.693225521702E-01
   -2.937149873914E-01
   -4.057002935023E-01
   -9.483405114784E-01
   -1.687959816551E+00
   -2.265167314342E+00
   -1.869262006642E+00
   -1.687959816551E+00
   -1.207076751948E+00
   -6.484923946383E-01
   -3.171543215060E-01
   -3.159393335048E-01
   -3.704978066455E-01
   -2.873567196770E-01
   -1.928883188932E-01
   -1.279820034297E-01
   -7.019803346189E-02
   -3.089712789898E-02
    1.459616769601E-03
    2.185301841892E-02
    3.328219840703E-02
    3.813991336318E-02
    3.328219840703E-02
    2.185301841892E-02
    1.459616769601E-03
   -3.089712789898E-02
   -7.019803346189E-02
   -1.279820034297E-01
   -1.928883188932E-01
   -2.873567196770E-01
   -3.704978066455E-01
   -3.159393335048E-01
   -3.171543215060E-01
   -6.484923946383E-01
   -1.207076751948E+00
   -1.687959816551E+00
   -1.071217408297E+00
   -9.483405114784E-01
   -6.484923946383E-01
   -3.687669713278E-01
   -2.880985812541E-01
   -3.550072223966E-01
   -3.488250107292E-01
   -2.474286043962E-01
   -1.708136792201E-01
   -1.088719579903E-01
   -5.734240744504E-02
   -2.061369946093E-02
    1.014872158823E-02
    2.888637434323E-02
    4.132805857471E-02
    4.487719086864E-02
    4.132805857471E-02
    2.888637434323E-02
    1.014872158823E-02
   -2.061369946093E-02
   -5.734240744504E-02
   -1.088719579903E-01
   -1.708136792201E-01
   -2.474286043962E-01
   -3.488250107292E-01
   -3.550072223966E-01
   -2.880985812541E-01
   -3.687669713278E-01
   -6.484923946383E-01
   -9.483405114784E-01
   -4.510642996431E-01
   -4.057002935023E-01
   -3.171543215060E-01
   -2.880985812541E-01
   -3.412250660920E-01
   -3.670118039580E-01
   -2.944532720678E-01
   -2.039418577929E-01
   -1.428693335686E-01
   -8.395447926804E-02
   -4.074203909702E-02
   -5.792035203051E-03
    2.112457260492E-02
    3.831210111772E-02
    5.107913039312E-02
    5.282894141162E-02
    5.107913039312E-02
    3.831210111772E-02
    2.112457260492E-02
   -5.792035203051E-03
   -4.074203909702E-02
   -8.395447926804E-02
   -1.428693335686E-01
   -2.039418577929E-01
   -2.944532720678E-01
   -3.670118039580E-01
   -3.412250660920E-01
   -2.880985812541E-01
   -3.171543215060E-01
   -4.057002935023E-01
   -2.885769226313E-01
   -2.937149873914E-01
   -3.159393335048E-01
   -3.550072223966E-01
   -3.670118039580E-01
   -3.105996877659E-01
   -2.257802700990E-01
   -1.634016558649E-01
   -1.086450581712E-01
   -5.779322210876E-02
   -2.143980994216E-02
    1.160325501915E-02
    3.462948383401E-02
    5.038833975374E-02
    6.091710005864E-02
    6.193405531261E-02
    6.091710005864E-02
    5.038833975374E-02
    3.462948383401E-02
    1.160325501915E-02
   -2.143980994216E-02
   -5.779322210876E-02
   -1.086450581712E-01
   -1.634016558649E-01
   -2.257802700990E-01
   -3.105996877659E-01
   -3.670118039580E-01
   -3.550072223966E-01
   -3.159393335048E-01
   -2.937149873914E-01
   -3.656294933003E-01
   -3.693225521702E-01
   -3.704978066455E-01
   -3.488250107292E-01
   -2.944532720678E-01
   -2.257802700990E-01
   -1.706088522910E-01
   -1.213471293935E-01
   -7.108483144658E-02
   -3.278054522399E-02
    4.704517562470E-04
    2.870570728658E-02
    4.858746780700E-02
    6.355239054101E-02
    7.227386237910E-02
    7.533936525921E-02
    7.227386237910E-02
    6.355239054100E-02
    4.858746780700E-02
    2.870570728658E-02
    4.704517562469E-04
   -3.278054522399E-02
   -7.108483144658E-02
   -1.213471293935E-01
   -1.706088522910E-01
   -2.257802700990E-01
   -2.944532720678E-01
   -3.488250107292E-01
   -3.704978066455E-01
   -3.693225521702E-01
   -3.214747491254E-01
   -3.130216951078E-01
   -2.873567196770E-01
   -2.474286043962E-01
   -2.039418577929E-01
   -1.634016558649E-01
   -1.213471293935E-01
   -7.594533759331E-02
   -3.855664725973E-02
   -7.375847030612E-03
    2.433733700244E-02
    4.619934319049E-02
    6.351710184199E-02
    7.640683726806E-02
    8.356594692321E-02
    8.809523323199E-02
    8.356594692321E-02
    7.640683726806E-02
    6.351710184199E-02
    4.619934319049E-02
    2.433733700244E-02
   -7.375847030612E-03
   -3.855664725973E-02
   -7.594533759331E-02
   -1.213471293935E-01
   -1.634016558649E-01
   -2.039418577929E-01
   -2.474286043962E-01
   -2.873567196770E-01
   -3.130216951078E-01
   -2.130267435241E-01
   -2.076706963870E-01
   -1.928883188932E-01
   -1.708136792201E-01
   -1.428693335686E-01
   -1.086450581712E-01
   -7.108483144658E-02
   -3.855664725973E-02
   -9.702363828493E-03
    2.002255412688E-02
    4.411396869643E-02
    6.253880548848E-02
    7.935169379931E-02
    9.041813132507E-02
    9.629883207494E-02
    9.882573033869E-02
    9.629883207494E-02
    9.041813132507E-02
    7.935169379931E-02
    6.253880548848E-02
    4.411396869643E-02
    2.002255412688E-02
   -9.702363828493E-03
   -3.855664725973E-02
   -7.108483144658E-02
   -1.086450581712E-01
   -1.428693335686E-01
   -1.708136792201E-01
   -1.928883188932E-01
   -2.076706963870E-01
   -1.434314490618E-01
   -1.397535483681E-01
   -1.279820034297E-01
   -1.088719579903E-01
   -8.395447926804E-02
   -5.779322210876E-02
   -3.278054522399E-02
   -7.375847030612E-03
    2.002255412688E-02
    4.412893124973E-02
    6.161940750452E-02
    7.987257337169E-02
    9.290468800459E-02
    1.018865971908E-01
    1.087670167601E-01
    1.095747752580E-01
    1.087670167601E-01
    1.018865971908E-01
    9.290468800459E-02
    7.987257337169E-02
    6.161940750452E-02
    4.412893124973E-02
    2.002255412688E-02
   -7.375847030612E-03
   -3.278054522399E-02
   -5.779322210876E-02
   -8.395447926804E-02
   -1.088719579903E-01
   -1.279820034297E-01
   -1.397535483681E-01
   -8.259329185686E-02
   -7.955364206572E-02
   -7.019803346189E-02
   -5.734240744504E-02
   -4.074203909702E-02
   -2.143980994216E-02
    4.704517562470E-04
    2.433733700244E-02
    4.411396869643E-02
    6.161940750452E-02
    7.904915349682E-02
    9.497342735478E-02
    1.053756310764E-01
    1.136962031819E-01
    1.192861183646E-01
    1.195361786250E-01
    1.192861183646E-01
    1.136962031819E-01
    1.053756310764E-01
    9.497342735478E-02
    7.904915349682E-02
    6.161940750452E-02
    4.411396869643E-02
    2.433733700244E-02
    4.704517562471E-04
   -2.143980994216E-02
   -4.074203909702E-02
   -5.734240744504E-02
   -7.019803346189E-02
   -7.955364206572E-02
   -3.967019487994E-02
   -3.755381473928E-02
   -3.089712789898E-02
   -2.061369946093E-02
   -5.792035203051E-03
    1.160325501915E-02
    2.870570728658E-02
    4.619934319049E-02
    6.253880548848E-02
    7.987257337169E-02
    9.497342735478E-02
    1.052106299219E-01
    1.161468943762E-01
    1.240066232039E-01
    1.277889962275E-01
    1.298093193692E-01
    1.277889962275E-01
    1.240066232039E-01
    1.161468943762E-01
    1.052106299219E-01
    9.497342735478E-02
    7.987257337169E-02
    6.253880548848E-02
    4.619934319049E-02
    2.870570728658E-02
    1.160325501915E-02
   -5.792035203051E-03
   -2.061369946093E-02
   -3.089712789898E-02
   -3.755381473928E-02
   -7.755387308600E-03
   -4.969026249557E-03
    1.459616769601E-03
    1.014872158823E-02
    2.112457260492E-02
    3.462948383401E-02
    4.858746780700E-02
    6.351710184199E-02
    7.935169379931E-02
    9.290468800459E-02
    1.053756310764E-01
    1.161468943762E-01
    1.256679139761E-01
    1.310949469073E-01
    1.347494913858E-01
    1.379317669243E-01
    1.347494913858E-01
    1.310949469073E-01
    1.256679139761E-01
    1.161468943762E-01
    1.053756310764E-01
    9.290468800459E-02
    7.935169379931E-02
    6.351710184199E-02
    4.858746780700E-02
    3.462948383401E-02
    2.112457260492E-02
    1.014872158823E-02
    1.459616769601E-03
   -4.969026249557E-03
    1.578809013230E-02
    1.774009354121E-02
    2.185301841892E-02
    2.888637434323E-02
    3.831210111772E-02
    5.038833975374E-02
    6.355239054100E-02
    7.640683726806E-02
    9.041813132507E-02
    1.018865971908E-01
    1.136962031819E-01
    1.240066232039E-01
    1.310949469073E-01
    1.379328849936E-01
    1.412002353997E-01
    1.415466433261E-01
    1.412002353997E-01
    1.379328849936E-01
    1.310949469073E-01
    1.240066232039E-01
    1.136962031819E-01
    1.018865971908E-01
    9.041813132507E-02
    7.640683726806E-02
    6.355239054100E-02
    5.038833975374E-02
    3.831210111772E-02
    2.888637434323E-02
    2.185301841892E-02
    1.774009354121E-02
    2.809250552690E-02
    2.948727004298E-02
    3.328219840703E-02
    4.132805857471E-02
    5.107913039312E-02
    6.091710005864E-02
    7.227386237910E-02
    8.356594692321E-02
    9.629883207494E-02
    1.087670167601E-01
    1.192861183646E-01
    1.277889962275E-01
    1.347494913858E-01
    1.412002353997E-01
    1.445715441472E-01
    1.450656118569E-01
    1.445715441472E-01
    1.412002353997E-01
    1.347494913858E-01
    1.277889962275E-01
    1.192861183646E-01
    1.087670167601E-01
    9.629883207494E-02
    8.356594692321E-02
    7.227386237910E-02
    6.091710005864E-02
    5.107913039312E-02
    4.132805857471E-02
    3.328219840703E-02
    2.948727004298E-02
    3.341853167777E-02
    3.472254043107E-02
    3.813991336318E-02
    4.487719086864E-02
    5.282894141162E-02
    6.193405531261E-02
    7.533936525921E-02
    8.809523323199E-02
    9.882573033869E-02
    1.095747752580E-01
    1.195361786250E-01
    1.298093193692E-01
    1.379317669243E-01
    1.415466433261E-01
    1.450656118569E-01
    1.476340316403E-01
    1.450656118569E-01
    1.415466433261E-01
    1.379317669243E-01
    1.298093193692E-01
    1.195361786250E-01
    1.095747752580E-01
    9.882573033869E-02
    8.809523323199E-02
    7.533936525921E-02
    6.193405531261E-02
    5.282894141162E-02
    4.487719086864E-02
    3.813991336318E-02
    3.472254043107E-02
    2.809250552690E-02
    2.948727004298E-02
    3.328219840703E-02
    4.132805857471E-02
    5.107913039312E-02
    6.091710005864E-02
    7.227386237910E-02
    8.356594692321E-02
    9.629883207494E-02
    1.087670167601E-01
    1.192861183646E-01
    1.277889962275E-01
    1.347494913858E-01
    1.412002353997E-01
    1.445715441472E-01
    1.450656118569E-01
    1.445715441472E-01
    1.412002353997E-01
    1.347494913858E-01
    1.277889962275E-01
    1.192861183646E-01
    1.087670167601E-01
    9.629883207494E-02
    8.356594692321E-02
    7.227386237910E-02
    6.091710005864E-02
    5.107913039312E-02
    4.132805857471E-02
    3.328219840703E-02
    2.948727004298E-02
    1.578809013230E-02
    1.774009354121E-02
    2.185301841892E-02
    2.888637434323E-02
    3.831210111772E-02
    5.038833975374E-02
    6.355239054101E-02
    7.640683726806E-02
    9.041813132507E-02
    1.018865971908E-01
    1.136962031819E-01
    1.240066232039E-01
    1.310949469073E-01
    1.379328849936E-01
    1.412002353997E-01
    1.415466433261E-01
    1.412002353997E-01
    1.379328849936E-01
    1.310949469073E-01
    1.240066232039E-01
    1.136962031819E-01
    1.018865971908E-01
    9.041813132507E-02
    7.640683726806E-02
    6.355239054100E-02
    5.038833975374E-02
    3.831210111772E-02
    2.888637434323E-02
    2.185301841892E-02
    1.774009354121E-02
   -7.755387308600E-03
   -4.969026249556E-03
    1.459616769601E-03
    1.014872158823E-02
    2.112457260492E-02
    3.462948383401E-02
    4.858746780700E-02
    6.351710184199E-02
    7.935169379931E-02
    9.290468800459E-02
    1.053756310764E-01
    1.161468943762E-01
    1.256679139761E-01
    1.310949469073E-01
    1.347494913858E-01
    1.379317669243E-01
    1.347494913858E-01
    1.310949469073E-01
    1.256679139761E-01
    1.161468943762E-01
    1.053756310764E-01
    9.290468800459E-02
    7.935169379931E-02
    6.351710184199E-02
    4.858746780700E-02
    3.462948383401E-02
    2.112457260492E-02
    1.014872158823E-02
    1.459616769601E-03
   -4.969026249557E-03
   -3.967019487994E-02
   -3.755381473928E-02
   -3.089712789898E-02
   -2.061369946093E-02
   -5.792035203051E-03
    1.160325501915E-02
    2.870570728658E-02
    4.619934319049E-02
    6.253880548848E-02
    7.987257337169E-02
    9.497342735478E-02
    1.052106299219E-01
    1.161468943762E-01
    1.240066232039E-01
    1.277889962275E-01
    1.298093193692E-01
    1.277889962275E-01
    1.240066232039E-01
    1.161468943762E-01
    1.052106299219E-01
    9.497342735478E-02
    7.987257337169E-02
    6.253880548848E-02
    4.619934319049E-02
    2.870570728658E-02
    1.160325501915E-02
   -5.792035203051E-03
   -2.061369946093E-02
   -3.089712789898E-02
   -3.755381473928E-02
   -8.259329185686E-02
   -7.955364206572E-02
   -7.019803346189E-02
   -5.734240744504E-02
   -4.074203909702E-02
   -2.143980994216E-02
    4.704517562471E-04
    2.433733700244E-02
    4.411396869643E-02
    6.161940750452E-02
    7.904915349682E-02
    9.497342735478E-02
    1.053756310764E-01
    1.136962031819E-01
    1.192861183646E-01
    1.195361786250E-01
    1.192861183646E-01
    1.136962031819E-01
    1.053756310764E-01
    9.497342735478E-02
    7.904915349682E-02
    6.161940750452E-02
    4.411396869643E-02
    2.433733700244E-02
    4.704517562469E-04
   -2.143980994216E-02
   -4.074203909702E-02
   -5.734240744504E-02
   -7.019803346189E-02
   -7.955364206572E-02
   -1.434314490618E-01
   -1.397535483681E-01
   -1.279820034297E-01
   -1.088719579903E-01
   -8.395447926804E-02
   -5.779322210876E-02
   -3.278054522399E-02
   -7.375847030612E-03
    2.002255412688E-02
    4.412893124973E-02
    6.161940750452E-02
    7.987257337169E-02
    9.290468800459E-02
    1.018865971908E-01
    1.087670167601E-01
    1.095747752580E-01
    1.087670167601E-01
    1.018865971908E-01
    9.290468800459E-02
    7.987257337169E-02
    6.161940750452E-02
    4.412893124973E-02
    2.002255412688E-02
   -7.375847030612E-03
   -3.278054522399E-02
   -5.779322210876E-02
   -8.395447926804E-02
   -1.088719579903E-01
   -1.279820034297E-01
   -1.397535483681E-01
   -2.130267435241E-01
   -2.076706963870E-01
   -1.928883188932E-01
   -1.708136792201E-01
   -1.428693335686E-01
   -1.086450581712E-01
   -7.108483144658E-02
   -3.855664725973E-02
   -9.702363828493E-03
    2.002255412688E-02
    4.411396869643E-02
    6.253880548848E-02
    7.935169379931E-02
    9.041813132507E-02
    9.629883207494E-02
    9.882573033869E-02
    9.629883207494E-02
    9.041813132507E-02
    7.935169379931E-02
    6.253880548848E-02
    4.411396869643E-02
    2.002255412688E-02
   -9.702363828493E-03
   -3.855664725973E-02
   -7.108483144658E-02
   -1.086450581712E-01
   -1.428693335686E-01
   -1.708136792201E-01
   -1.928883188932E-01
   -2.076706963870E-01
   -3.214747491254E-01
   -3.130216951078E-01
   -2.873567196770E-01
   -2.474286043962E-01
   -2.039418577929E-01
   -1.634016558649E-01
   -1.213471293935E-01
   -7.594533759331E-02
   -3.855664725973E-02
   -7.375847030612E-03
    2.433733700244E-02
    4.619934319049E-02
    6.351710184199E-02
    7.640683726806E-02
    8.356594692321E-02
    8.809523323199E-02
    8.356594692321E-02
    7.640683726806E-02
    6.351710184199E-02
    4.619934319049E-02
    2.433733700244E-02
   -7.375847030612E-03
   -3.855664725973E-02
   -7.594533759331E-02
   -1.213471293935E-01
   -1.634016558649E-01
   -2.039418577929E-01
   -2.474286043962E-01
   -2.873567196770E-01
   -3.130216951078E-01
   -3.656294933003E-01
   -3.693225521702E-01
   -3.704978066455E-01
   -3.488250107292E-01
   -2.944532720678E-01
   -2.257802700990E-01
   -1.706088522910E-01
   -1.213471293935E-01
   -7.108483144658E-02
   -3.278054522399E-02
    4.704517562470E-04
    2.870570728658E-02
    4.858746780700E-02
    6.355239054101E-02
    7.227386237910E-02
    7.533936525921E-02
    7.227386237910E-02
    6.355239054100E-02
    4.858746780700E-02
    2.870570728658E-02
    4.704517562471E-04
   -3.278054522399E-02
   -7.108483144658E-02
   -1.213471293935E-01
   -1.706088522910E-01
   -2.257802700990E-01
   -2.944532720678E-01
   -3.488250107292E-01
   -3.704978066455E-01
   -3.693225521702E-01
   -2.885769226313E-01
   -2.937149873914E-01
   -3.159393335048E-01
   -3.550072223966E-01
   -3.670118039580E-01
   -3.105996877659E-01
   -2.257802700990E-01
   -1.634016558649E-01
   -1.086450581712E-01
   -5.779322210876E-02
   -2.143980994216E-02
    1.160325501915E-02
    3.462948383401E-02
    5.038833975374E-02
    6.091710005864E-02
    6.193405531261E-02
    6.091710005864E-02
    5.038833975374E-02
    3.462948383401E-02
    1.160325501915E-02
   -2.143980994216E-02
   -5.779322210876E-02
   -1.086450581712E-01
   -1.634016558649E-01
   -2.257802700990E-01
   -3.105996877659E-01
   -3.670118039580E-01
   -3.550072223966E-01
   -3.159393335048E-01
   -2.937149873914E-01
   -4.510642996431E-01
   -4.057002935023E-01
   -3.171543215060E-01
   -2.880985812541E-01
   -3.412250660920E-01
   -3.670118039580E-01
   -2.944532720678E-01
   -2.039418577929E-01
   -1.428693335686E-01
   -8.395447926804E-02
   -4.074203909702E-02
   -5.792035203051E-03
    2.112457260492E-02
    3.831210111772E-02
    5.107913039312E-02
    5.282894141162E-02
    5.107913039312E-02
    3.831210111772E-02
    2.112457260492E-02
   -5.792035203051E-03
   -4.074203909702E-02
   -8.395447926804E-02
   -1.428693335686E-01
   -2.039418577929E-01
   -2.944532720678E-01
   -3.670118039580E-01
   -3.412250660920E-01
   -2.880985812541E-01
   -3.171543215060E-01
   -4.057002935023E-01
   -1.071217408297E+00
   -9.483405114784E-01
   -6.484923946383E-01
   -3.687669713278E-01
   -2.880985812541E-01
   -3.550072223966E-01
   -3.488250107292E-01
   -2.474286043962E-01
   -1.708136792201E-01
   -1.088719579903E-01
   -5.734240744504E-02
   -2.061369946093E-02
    1.014872158823E-02
    2.888637434323E-02
    4.132805857471E-02
    4.487719086864E-02
    4.132805857471E-02
    2.888637434323E-02
    1.014872158823E-02
   -2.061369946093E-02
   -5.734240744504E-02
   -1.088719579903E-01
   -1.708136792201E-01
   -2.474286043962E-01
   -3.488250107292E-01
   -3.550072223966E-01
   -2.880985812541E-01
   -3.687669713278E-01
   -6.484923946383E-01
   -9.483405114784E-01
   -1.869262006642E+00
   -1.687959816551E+00
   -1.207076751948E+00
   -6.484923946383E-01
   -3.171543215060E-01
   -3.159393335048E-01
   -3.704978066455E-01
   -2.873567196770E-01
   -1.928883188932E-01
   -1.279820034297E-01
   -7.019803346189E-02
   -3.089712789898E-02
    1.459616769601E-03
    2.185301841892E-02
    3.328219840703E-02
    3.813991336318E-02
    3.328219840703E-02
    2.185301841892E-02
    1.459616769601E-03
   -3.089712789898E-02
   -7.019803346189E-02
   -1.279820034297E-01
   -1.928883188932E-01
   -2.873567196770E-01
   -3.704978066455E-01
   -3.159393335048E-01
   -3.171543215060E-01
   -6.484923946383E-01
   -1.207076751948E+00
   -1.687959816551E+00
   -2.473523501577E+00
   -2.265167314342E+00
   -1.687959816551E+00
   -9.483405114784E-01
   -4.057002935023E-01
   -2.937149873914E-01
   -3.693225521702E-01
   -3.130216951078E-01
   -2.076706963870E-01
   -1.397535483681E-01
   -7.955364206572E-02
   -3.755381473928E-02
   -4.969026249557E-03
    1.774009354121E-02
    2.948727004298E-02
    3.472254043107E-02
    2.948727004298E-02
    1.774009354121E-02
   -4.969026249557E-03
   -3.755381473928E-02
   -7.955364206572E-02
   -1.397535483681E-01
   -2.076706963870E-01
   -3.130216951078E-01
   -3.693225521702E-01
   -2.937149873914E-01
   -4.057002935023E-01
   -9.483405114784E-01
   -1.687959816551E+00
   -2.265167314342E+00
   -1.355613759711E+00
   -1.207385292063E+00
   -8.351336545574E-01
   -4.510642996431E-01
   -2.869399499656E-01
   -3.419201324466E-01
   -3.607451000350E-01
   -2.636113854877E-01
   -1.793388176842E-01
   -1.162811398709E-01
   -6.250759783043E-02
   -2.438725532728E-02
    6.423122398341E-03
    2.545423601242E-02
    3.794345380508E-02
    4.217969020307E-02
    3.794345380508E-02
    2.545423601242E-02
    6.423122398341E-03
   -2.438725532728E-02
   -6.250759783043E-02
   -1.162811398709E-01
   -1.793388176842E-01
   -2.636113854877E-01
   -3.607451000350E-01
   -3.419201324466E-01
   -2.869399499656E-01
   -4.510642996431E-01
   -8.351336545574E-01
   -1.207385292063E+00
   -1.207385292063E+00
   -1.071761622743E+00
   -7.363409591251E-01
   -4.057002935023E-01
   -2.854773852618E-01
   -3.488818786855E-01
   -3.554136448955E-01
   -2.552577198883E-01
   -1.750372981168E-01
   -1.129955342925E-01
   -6.005001395813E-02
   -2.249376198336E-02
    8.460955733809E-03
    2.735390037749E-02
    3.933174350435E-02
    4.303532513430E-02
    3.933174350435E-02
    2.735390037749E-02
    8.460955733809E-03
   -2.249376198336E-02
   -6.005001395813E-02
   -1.129955342925E-01
   -1.750372981168E-01
   -2.552577198883E-01
   -3.554136448955E-01
   -3.488818786855E-01
   -2.854773852618E-01
   -4.057002935023E-01
   -7.363409591251E-01
   -1.071761622743E+00
   -8.351336545574E-01
   -7.363409591251E-01
   -5.057931654754E-01
   -3.171543215060E-01
   -2.986730432691E-01
   -3.656335679484E-01
   -3.361462741906E-01
   -2.334816979848E-01
   -1.625416598806E-01
   -1.017581646211E-01
   -5.205952408974E-02
   -1.632078029084E-02
    1.303260875521E-02
    3.139751200916E-02
    4.414223547787E-02
    4.737265903202E-02
    4.414223547787E-02
    3.139751200916E-02
    1.303260875521E-02
   -1.632078029084E-02
   -5.205952408974E-02
   -1.017581646211E-01
   -1.625416598806E-01
   -2.334816979848E-01
   -3.361462741906E-01
   -3.656335679484E-01
   -2.986730432691E-01
   -3.171543215060E-01
   -5.057931654754E-01
   -7.363409591251E-01
   -4.510642996431E-01
   -4.057002935023E-01
   -3.171543215060E-01
   -2.880985812541E-01
   -3.412250660920E-01
   -3.670118039580E-01
   -2.944532720678E-01
   -2.039418577929E-01
   -1.428693335686E-01
   -8.395447926804E-02
   -4.074203909702E-02
   -5.792035203051E-03
    2.112457260492E-02
    3.831210111772E-02
    5.107913039312E-02
    5.282894141162E-02
    5.107913039312E-02
    3.831210111772E-02
    2.112457260492E-02
   -5.792035203051E-03
   -4.074203909702E-02
   -8.395447926804E-02
   -1.428693335686E-01
   -2.039418577929E-01
   -2.944532720678E-01
   -3.670118039580E-01
   -3.412250660920E-01
   -2.880985812541E-01
   -3.171543215060E-01
   -4.057002935023E-01
   -2.869399499656E-01
   -2.854773852618E-01
   -2.986730432691E-01
   -3.412250660920E-01
   -3.698044254909E-01
   -3.261499051223E-01
   -2.386126386595E-01
   -1.720072461656E-01
   -1.159360888675E-01
   -6.227588568335E-02
   -2.567983565598E-02
    8.380426955204E-03
    3.178874262166E-02
    4.753711610092E-02
    5.910095795807E-02
    5.986327784560E-02
    5.910095795807E-02
    4.753711610092E-02
    3.178874262166E-02
    8.380426955204E-03
   -2.567983565598E-02
   -6.227588568335E-02
   -1.159360888675E-01
   -1.720072461656E-01
   -2.386126386595E-01
   -3.261499051223E-01
   -3.698044254909E-01
   -3.412250660920E-01
   -2.986730432691E-01
   -2.854773852618E-01
   -3.419201324466E-01
   -3.488818786855E-01
   -3.656335679484E-01
   -3.670118039580E-01
   -3.261499051223E-01
   -2.532147007121E-01
   -1.873565604865E-01
   -1.363272382706E-01
   -8.326469450655E-02
   -4.036943613445E-02
   -7.262896925006E-03
    2.327893794898E-02
    4.382402683327E-02
    5.932709159905E-02
    6.892820669534E-02
    7.064714105826E-02
    6.892820669534E-02
    5.932709159905E-02
    4.382402683327E-02
    2.327893794898E-02
   -7.262896925006E-03
   -4.036943613445E-02
   -8.326469450655E-02
   -1.363272382706E-01
   -1.873565604865E-01
   -2.532147007121E-01
   -3.261499051223E-01
   -3.670118039580E-01
   -3.656335679484E-01
   -3.488818786855E-01
   -3.607451000350E-01
   -3.554136448955E-01
   -3.361462741906E-01
   -2.944532720678E-01
   -2.386126386595E-01
   -1.873565604865E-01
   -1.432437971296E-01
   -9.564899407192E-02
   -5.093395405984E-02
   -1.753598404614E-02
    1.408851624137E-02
    3.817762990661E-02
    5.743205730518E-02
    7.253330717707E-02
    7.915273130117E-02
    8.212321854958E-02
    7.915273130117E-02
    7.253330717707E-02
    5.743205730518E-02
    3.817762990661E-02
    1.408851624137E-02
   -1.753598404614E-02
   -5.093395405984E-02
   -9.564899407192E-02
   -1.432437971296E-01
   -1.873565604865E-01
   -2.386126386595E-01
   -2.944532720678E-01
   -3.361462741906E-01
   -3.554136448955E-01
   -2.636113854877E-01
   -2.552577198883E-01
   -2.334816979848E-01
   -2.039418577929E-01
   -1.720072461656E-01
   -1.363272382706E-01
   -9.564899407192E-02
   -5.602292958161E-02
   -2.300813086690E-02
    7.066623004289E-03
    3.521998432279E-02
    5.481319512730E-02
    7.231942452256E-02
    8.461511847392E-02
    9.024523459946E-02
    9.377538107919E-02
    9.024523459946E-02
    8.461511847392E-02
    7.231942452256E-02
    5.481319512730E-02
    3.521998432279E-02
    7.066623004289E-03
   -2.300813086690E-02
   -5.602292958161E-02
   -9.564899407192E-02
   -1.363272382706E-01
   -1.720072461656E-01
   -2.039418577929E-01
   -2.334816979848E-01
   -2.552577198883E-01
   -1.793388176842E-01
   -1.750372981168E-01
   -1.625416598806E-01
   -1.428693335686E-01
   -1.159360888675E-01
   -8.326469450655E-02
   -5.093395405984E-02
   -2.300813086690E-02
    5.130578252538E-03
    3.185725513183E-02
    5.205573223681E-02
    7.118216749560E-02
    8.691033816453E-02
    9.667511292784E-02
    1.027343541507E-01
    1.044296253163E-01
    1.027343541507E-01
    9.667511292784E-02
    8.691033816453E-02
    7.118216749560E-02
    5.205573223681E-02
    3.185725513183E-02
    5.130578252538E-03
   -2.300813086690E-02
   -5.093395405984E-02
   -8.326469450655E-02
   -1.159360888675E-01
   -1.428693335686E-01
   -1.625416598806E-01
   -1.750372981168E-01
   -1.162811398709E-01
   -1.129955342925E-01
   -1.017581646211E-01
   -8.395447926804E-02
   -6.227588568335E-02
   -4.036943613445E-02
   -1.753598404614E-02
    7.066623004289E-03
    3.185725513183E-02
    5.349134978848E-02
    7.017360174925E-02
    8.760658953119E-02
    9.882090761940E-02
    1.074206790993E-01
    1.145634926991E-01
    1.148777223706E-01
    1.145634926991E-01
    1.074206790993E-01
    9.882090761940E-02
    8.760658953119E-02
    7.017360174925E-02
    5.349134978848E-02
    3.185725513183E-02
    7.066623004289E-03
   -1.753598404614E-02
   -4.036943613445E-02
   -6.227588568335E-02
   -8.395447926804E-02
   -1.017581646211E-01
   -1.129955342925E-01
   -6.250759783043E-02
   -6.005001395813E-02
   -5.205952408974E-02
   -4.074203909702E-02
   -2.567983565598E-02
   -7.262896925006E-03
    1.408851624137E-02
    3.521998432279E-02
    5.205573223681E-02
    7.017360174925E-02
    8.774504160826E-02
    1.014252247297E-01
    1.109404776920E-01
    1.189680420727E-01
    1.245152541812E-01
    1.252399208086E-01
    1.245152541812E-01
    1.189680420727E-01
    1.109404776920E-01
    1.014252247297E-01
    8.774504160826E-02
    7.017360174925E-02
    5.205573223681E-02
    3.521998432279E-02
    1.408851624137E-02
   -7.262896925006E-03
   -2.567983565598E-02
   -4.074203909702E-02
   -5.205952408974E-02
   -6.005001395813E-02
   -2.438725532728E-02
   -2.249376198336E-02
   -1.632078029084E-02
   -5.792035203051E-03
    8.380426955204E-03
    2.327893794898E-02
    3.817762990661E-02
    5.481319512730E-02
    7.118216749560E-02
    8.760658953119E-02
    1.014252247297E-01
    1.111999121850E-01
    1.217679392281E-01
    1.287519580310E-01
    1.322768208087E-01
    1.346620110649E-01
    1.322768208087E-01
    1.287519580310E-01
    1.217679392281E-01
    1.111999121850E-01
    1.014252247297E-01
    8.760658953119E-02
    7.118216749560E-02
    5.481319512730E-02
    3.817762990661E-02
    2.327893794898E-02
    8.380426955204E-03
   -5.792035203051E-03
   -1.632078029084E-02
   -2.249376198336E-02
    6.423122398341E-03
    8.460955733809E-03
    1.303260875521E-02
    2.112457260492E-02
    3.178874262166E-02
    4.382402683327E-02
    5.743205730518E-02
    7.231942452256E-02
    8.691033816453E-02
    9.882090761940E-02
    1.109404776920E-01
    1.217679392281E-01
    1.305577574456E-01
    1.357343793841E-01
    1.392679584516E-01
    1.421785914175E-01
    1.392679584516E-01
    1.357343793841E-01
    1.305577574456E-01
    1.217679392281E-01
    1.109404776920E-01
    9.882090761940E-02
    8.691033816453E-02
    7.231942452256E-02
    5.743205730518E-02
    4.382402683327E-02
    3.178874262166E-02
    2.112457260492E-02
    1.303260875521E-02
    8.460955733809E-03
    2.545423601242E-02
    2.735390037749E-02
    3.139751200916E-02
    3.831210111772E-02
    4.753711610092E-02
    5.932709159905E-02
    7.253330717707E-02
    8.461511847392E-02
    9.667511292784E-02
    1.074206790993E-01
    1.189680420727E-01
    1.287519580310E-01
    1.357343793841E-01
    1.421030970963E-01
    1.452728546615E-01
    1.459229930894E-01
    1.452728546615E-01
    1.421030970963E-01
    1.357343793841E-01
    1.287519580310E-01
    1.189680420727E-01
    1.074206790993E-01
    9.667511292784E-02
    8.461511847392E-02
    7.253330717707E-02
    5.932709159905E-02
    4.753711610092E-02
    3.831210111772E-02
    3.139751200916E-02
    2.735390037749E-02
    3.794345380508E-02
    3.933174350435E-02
    4.414223547787E-02
    5.107913039312E-02
    5.910095795807E-02
    6.892820669534E-02
    7.915273130117E-02
    9.024523459946E-02
    1.027343541507E-01
    1.145634926991E-01
    1.245152541812E-01
    1.322768208087E-01
    1.392679584516E-01
    1.452728546615E-01
    1.483946397615E-01
    1.491647496461E-01
    1.483946397615E-01
    1.452728546615E-01
    1.392679584516E-01
    1.322768208087E-01
    1.245152541812E-01
    1.145634926991E-01
    1.027343541507E-01
    9.024523459946E-02
    7.915273130117E-02
    6.892820669534E-02
    5.910095795807E-02
    5.107913039312E-02
    4.414223547787E-02
    3.933174350435E-02
    4.217969020307E-02
    4.303532513430E-02
    4.737265903201E-02
    5.282894141162E-02
    5.986327784560E-02
    7.064714105826E-02
    8.212321854958E-02
    9.377538107919E-02
    1.044296253163E-01
    1.148777223706E-01
    1.252399208086E-01
    1.346620110649E-01
    1.421785914175E-01
    1.459229930894E-01
    1.491647496461E-01
    1.514247450179E-01
    1.491647496461E-01
    1.459229930894E-01
    1.421785914175E-01
    1.346620110649E-01
    1.252399208086E-01
    1.148777223706E-01
    1.044296253163E-01
    9.377538107919E-02
    8.212321854958E-02
    7.064714105826E-02
    5.986327784560E-02
    5.282894141162E-02
    4.737265903202E-02
    4.303532513430E-02
    3.794345380508E-02
    3.933174350435E-02
    4.414223547787E-02
    5.107913039312E-02
    5.910095795807E-02
    6.892820669534E-02
    7.915273130117E-02
    9.024523459946E-02
    1.027343541507E-01
    1.145634926991E-01
    1.245152541812E-01
    1.322768208087E-01
    1.392679584516E-01
    1.452728546615E-01
    1.483946397615E-01
    1.491647496461E-01
    1.483946397615E-01
    1.452728546615E-01
    1.392679584516E-01
    1.322768208087E-01
    1.245152541812E-01
    1.145634926991E-01
    1.027343541507E-01
    9.024523459946E-02
    7.915273130117E-02
    6.892820669534E-02
    5.910095795807E-02
    5.107913039312E-02
    4.414223547787E-02
    3.933174350435E-02
    2.545423601242E-02
    2.735390037749E-02
    3.139751200916E-02
    3.831210111772E-02
    4.753711610092E-02
    5.932709159905E-02
    7.253330717707E-02
    8.461511847392E-02
    9.667511292784E-02
    1.074206790993E-01
    1.189680420727E-01
    1.287519580310E-01
    1.357343793841E-01
    1.421030970963E-01
    1.452728546615E-01
    1.459229930894E-01
    1.452728546615E-01
    1.421030970963E-01
    1.357343793841E-01
    1.287519580310E-01
    1.189680420727E-01
    1.074206790993E-01
    9.667511292784E-02
    8.461511847392E-02
    7.253330717707E-02
    5.932709159905E-02
    4.753711610092E-02
    3.831210111772E-02
    3.139751200916E-02
    2.735390037749E-02
    6.423122398341E-03
    8.460955733809E-03
    1.303260875521E-02
    2.112457260492E-02
    3.178874262166E-02
    4.382402683327E-02
    5.743205730518E-02
    7.231942452256E-02
    8.691033816453E-02
    9.882090761940E-02
    1.109404776920E-01
    1.217679392281E-01
    1.305577574456E-01
    1.357343793841E-01
    1.392679584516E-01
    1.421785914175E-01
    1.392679584516E-01
    1.357343793841E-01
    1.305577574456E-01
    1.217679392281E-01
    1.109404776920E-01
    9.882090761940E-02
    8.691033816453E-02
    7.231942452256E-02
    5.743205730518E-02
    4.382402683327E-02
    3.178874262166E-02
    2.112457260492E-02
    1.303260875521E-02
    8.460955733809E-03
   -2.438725532728E-02
   -2.249376198336E-02
   -1.632078029084E-02
   -5.792035203051E-03
    8.380426955204E-03
    2.327893794898E-02
    3.817762990661E-02
    5.481319512730E-02
    7.118216749560E-02
    8.760658953119E-02
    1.014252247297E-01
    1.111999121850E-01
    1.217679392281E-01
    1.287519580310E-01
    1.322768208087E-01
    1.346620110649E-01
    1.322768208087E-01
    1.287519580310E-01
    1.217679392281E-01
    1.111999121850E-01
    1.014252247297E-01
    8.760658953119E-02
    7.118216749560E-02
    5.481319512730E-02
    3.817762990661E-02
    2.327893794898E-02
    8.380426955204E-03
   -5.792035203051E-03
   -1.632078029084E-02
   -2.249376198336E-02
   -6.250759783043E-02
   -6.005001395813E-02
   -5.205952408974E-02
   -4.074203909702E-02
   -2.567983565598E-02
   -7.262896925006E-03
    1.408851624137E-02
    3.521998432279E-02
    5.205573223681E-02
    7.017360174925E-02
    8.774504160826E-02
    1.014252247297E-01
    1.109404776920E-01
    1.189680420727E-01
    1.245152541812E-01
    1.252399208086E-01
    1.245152541812E-01
    1.189680420727E-01
    1.109404776920E-01
    1.014252247297E-01
    8.774504160826E-02
    7.017360174925E-02
    5.205573223681E-02
    3.521998432279E-02
    1.408851624137E-02
   -7.262896925006E-03
   -2.567983565598E-02
   -4.074203909702E-02
   -5.205952408974E-02
   -6.005001395813E-02
   -1.162811398709E-01
   -1.129955342925E-01
   -1.017581646211E-01
   -8.395447926804E-02
   -6.227588568335E-02
   -4.036943613445E-02
   -1.753598404614E-02
    7.066623004289E-03
    3.185725513183E-02
    5.349134978848E-02
    7.017360174925E-02
    8.760658953119E-02
    9.882090761940E-02
    1.074206790993E-01
    1.145634926991E-01
    1.148777223706E-01
    1.145634926991E-01
    1.074206790993E-01
    9.882090761940E-02
    8.760658953119E-02
    7.017360174925E-02
    5.349134978848E-02
    3.185725513183E-02
    7.066623004289E-03
   -1.753598404614E-02
   -4.036943613445E-02
   -6.227588568335E-02
   -8.395447926804E-02
   -1.017581646211E-01
   -1.129955342925E-01
   -1.793388176842E-01
   -1.750372981168E-01
   -1.625416598806E-01
   -1.428693335686E-01
   -1.159360888675E-01
   -8.326469450655E-02
   -5.093395405984E-02
   -2.300813086690E-02
    5.130578252538E-03
    3.185725513183E-02
    5.205573223681E-02
    7.118216749560E-02
    8.691033816453E-02
    9.667511292784E-02
    1.027343541507E-01
    1.044296253163E-01
    1.027343541507E-01
    9.667511292784E-02
    8.691033816453E-02
    7.118216749560E-02
    5.205573223681E-02
    3.185725513183E-02
    5.130578252538E-03
   -2.300813086690E-02
   -5.093395405984E-02
   -8.326469450655E-02
   -1.159360888675E-01
   -1.428693335686E-01
   -1.625416598806E-01
   -1.750372981168E-01
   -2.636113854877E-01
   -2.552577198883E-01
   -2.334816979848E-01
   -2.039418577929E-01
   -1.720072461656E-01
   -1.363272382706E-01
   -9.564899407192E-02
   -5.602292958161E-02
   -2.300813086690E-02
    7.066623004289E-03
    3.521998432279E-02
    5.481319512730E-02
    7.231942452256E-02
    8.461511847392E-02
    9.024523459946E-02
    9.377538107919E-02
    9.024523459946E-02
    8.461511847392E-02
    7.231942452256E-02
    5.481319512730E-02
    3.521998432279E-02
    7.066623004289E-03
   -2.300813086690E-02
   -5.602292958161E-02
   -9.564899407192E-02
   -1.363272382706E-01
   -1.720072461656E-01
   -2.039418577929E-01
   -2.334816979848E-01
   -2.552577198883E-01
   -3.607451000350E-01
   -3.554136448955E-01
   -3.361462741906E-01
   -2.944532720678E-01
   -2.386126386595E-01
   -1.873565604865E-01
   -1.432437971296E-01
   -9.564899407192E-02
   -5.093395405984E-02
   -1.753598404614E-02
    1.408851624137E-02
    3.817762990661E-02
    5.743205730518E-02
    7.253330717707E-02
    7.915273130117E-02
    8.212321854958E-02
    7.915273130117E-02
    7.253330717707E-02
    5.743205730518E-02
    3.817762990661E-02
    1.408851624137E-02
   -1.753598404614E-02
   -5.093395405984E-02
   -9.564899407192E-02
   -1.432437971296E-01
   -1.873565604865E-01
   -2.386126386595E-01
   -2.944532720678E-01
   -3.361462741906E-01
   -3.554136448955E-01
   -3.419201324466E-01
   -3.488818786855E-01
   -3.656335679484E-01
   -3.670118039580E-01
   -3.261499051223E-01
   -2.532147007121E-01
   -1.873565604865E-01
   -1.363272382706E-01
   -8.326469450655E-02
   -4.036943613445E-02
   -7.262896925006E-03
    2.327893794898E-02
    4.382402683327E-02
    5.932709159905E-02
    6.892820669534E-02
    7.064714105826E-02
    6.892820669534E-02
    5.932709159905E-02
    4.382402683327E-02
    2.327893794898E-02
   -7.262896925006E-03
   -4.036943613445E-02
   -8.326469450655E-02
   -1.363272382706E-01
   -1.873565604865E-01
   -2.532147007121E-01
   -3.261499051223E-01
   -3.670118039580E-01
   -3.656335679484E-01
   -3.488818786855E-01
   -2.869399499656E-01
   -2.854773852618E-01
   -2.986730432691E-01
   -3.412250660920E-01
   -3.698044254909E-01
   -3.261499051223E-01
   -2.386126386595E-01
   -1.720072461656E-01
   -1.159360888675E-01
   -6.227588568335E-02
   -2.567983565598E-02
    8.380426955204E-03
    3.178874262166E-02
    4.753711610092E-02
    5.910095795807E-02
    5.986327784560E-02
    5.910095795807E-02
    4.753711610092E-02
    3.178874262166E-02
    8.380426955204E-03
   -2.567983565598E-02
   -6.227588568335E-02
   -1.159360888675E-01
   -1.720072461656E-01
   -2.386126386595E-01
   -3.261499051223E-01
   -3.698044254909E-01
   -3.412250660920E-01
   -2.986730432691E-01
   -2.854773852618E-01
   -4.510642996431E-01
   -4.057002935023E-01
   -3.171543215060E-01
   -2.880985812541E-01
   -3.412250660920E-01
   -3.670118039580E-01
   -2.944532720678E-01
   -2.039418577929E-01
   -1.428693335686E-01
   -8.395447926804E-02
   -4.074203909702E-02
   -5.792035203051E-03
    2.112457260492E-02
    3.831210111772E-02
    5.107913039312E-02
    5.282894141162E-02
    5.107913039312E-02
    3.831210111772E-02
    2.112457260492E-02
   -5.792035203051E-03
   -4.074203909702E-02
   -8.395447926804E-02
   -1.428693335686E-01
   -2.039418577929E-01
   -2.944532720678E-01
   -3.670118039580E-01
   -3.412250660920E-01
   -2.880985812541E-01
   -3.171543215060E-01
   -4.057002935023E-01
   -8.351336545574E-01
   -7.363409591251E-01
   -5.057931654754E-01
   -3.171543215060E-01
   -2.986730432691E-01
   -3.656335679484E-01
   -3.361462741906E-01
   -2.334816979848E-01
   -1.625416598806E-01
   -1.017581646211E-01
   -5.205952408974E-02
   -1.632078029084E-02
    1.303260875521E-02
    3.139751200916E-02
    4.414223547787E-02
    4.737265903202E-02
    4.414223547787E-02
    3.139751200916E-02
    1.303260875521E-02
   -1.632078029084E-02
   -5.205952408974E-02
   -1.017581646211E-01
   -1.625416598806E-01
   -2.334816979848E-01
   -3.361462741906E-01
   -3.656335679484E-01
   -2.986730432691E-01
   -3.171543215060E-01
   -5.057931654754E-01
   -7.363409591251E-01
   -1.207385292063E+00
   -1.071761622743E+00
   -7.363409591251E-01
   -4.057002935023E-01
   -2.854773852618E-01
   -3.488818786855E-01
   -3.554136448955E-01
   -2.552577198883E-01
   -1.750372981168E-01
   -1.129955342925E-01
   -6.005001395813E-02
   -2.249376198336E-02
    8.460955733809E-03
    2.735390037749E-02
    3.933174350435E-02
    4.303532513430E-02
    3.933174350435E-02
    2.735390037749E-02
    8.460955733809E-03
   -2.249376198336E-02
   -6.005001395813E-02
   -1.129955342925E-01
   -1.750372981168E-01
   -2.552577198883E-01
   -3.554136448955E-01
   -3.488818786855E-01
   -2.854773852618E-01
   -4.057002935023E-01
   -7.363409591251E-01
   -1.071761622743E+00
   -4.523995321126E-01
   -4.063189896224E-01
   -3.179513149069E-01
   -2.885769226313E-01
   -3.419201324466E-01
   -3.688998610527E-01
   -2.955471895577E-01
   -2.046485676255E-01
   -1.435766010049E-01
   -8.451971288711E-02
   -4.095067697114E-02
   -6.181900630503E-03
    2.082573460453E-02
    3.788845084053E-02
    5.058050825569E-02
    5.303613105152E-02
    5.058050825569E-02
    3.788845084053E-02
    2.082573460453E-02
   -6.181900630503E-03
   -4.095067697114E-02
   -8.451971288711E-02
   -1.435766010049E-01
   -2.046485676255E-01
   -2.955471895577E-01
   -3.688998610527E-01
   -3.419201324466E-01
   -2.885769226313E-01
   -3.179513149069E-01
   -4.063189896224E-01
   -4.063189896224E-01
   -3.692246971439E-01
   -3.027318652846E-01
   -2.937149873914E-01
   -3.488818786855E-01
   -3.636211532984E-01
   -2.859545217919E-01
   -1.990747212074E-01
   -1.397437599506E-01
   -8.144354409195E-02
   -3.880021657123E-02
   -4.441625042217E-03
    2.261812711775E-02
    3.960019784677E-02
    5.134683481529E-02
    5.322751033305E-02
    5.134683481529E-02
    3.960019784677E-02
    2.261812711775E-02
   -4.441625042217E-03
   -3.880021657123E-02
   -8.144354409195E-02
   -1.397437599506E-01
   -1.990747212074E-01
   -2.859545217919E-01
   -3.636211532984E-01
   -3.488818786855E-01
   -2.937149873914E-01
   -3.027318652846E-01
   -3.692246971439E-01
   -3.179513149069E-01
   -3.027318652846E-01
   -2.859460664562E-01
   -3.159393335048E-01
   -3.656335679484E-01
   -3.483405809926E-01
   -2.617814068878E-01
   -1.846209023157E-01
   -1.279816578492E-01
   -7.184812498738E-02
   -3.153398578248E-02
    1.723597860907E-03
    2.669358135755E-02
    4.325647346250E-02
    5.527204432803E-02
    5.722803813942E-02
    5.527204432803E-02
    4.325647346250E-02
    2.669358135755E-02
    1.723597860907E-03
   -3.153398578248E-02
   -7.184812498738E-02
   -1.279816578492E-01
   -1.846209023157E-01
   -2.617814068878E-01
   -3.483405809926E-01
   -3.656335679484E-01
   -3.159393335048E-01
   -2.859460664562E-01
   -3.027318652846E-01
   -2.885769226313E-01
   -2.937149873914E-01
   -3.159393335048E-01
   -3.550072223966E-01
   -3.670118039580E-01
   -3.105996877659E-01
   -2.257802700990E-01
   -1.634016558649E-01
   -1.086450581712E-01
   -5.779322210876E-02
   -2.143980994216E-02
    1.160325501915E-02
    3.462948383401E-02
    5.038833975374E-02
    6.091710005864E-02
    6.193405531261E-02
    6.091710005864E-02
    5.038833975374E-02
    3.462948383401E-02
    1.160325501915E-02
   -2.143980994216E-02
   -5.779322210876E-02
   -1.086450581712E-01
   -1.634016558649E-01
   -2.257802700990E-01
   -3.105996877659E-01
   -3.670118039580E-01
   -3.550072223966E-01
   -3.159393335048E-01
   -2.937149873914E-01
   -3.419201324466E-01
   -3.488818786855E-01
   -3.656335679484E-01
   -3.670118039580E-01
   -3.261499051223E-01
   -2.532147007121E-01
   -1.873565604865E-01
   -1.363272382706E-01
   -8.326469450655E-02
   -4.036943613445E-02
   -7.262896925006E-03
    2.327893794898E-02
    4.382402683327E-02
    5.932709159905E-02
    6.892820669534E-02
    7.064714105826E-02
    6.892820669534E-02
    5.932709159905E-02
    4.382402683327E-02
    2.327893794898E-02
   -7.262896925006E-03
   -4.036943613445E-02
   -8.326469450655E-02
   -1.363272382706E-01
   -1.873565604865E-01
   -2.532147007121E-01
   -3.261499051223E-01
   -3.670118039580E-01
   -3.656335679484E-01
   -3.488818786855E-01
   -3.688998610527E-01
   -3.636211532984E-01
   -3.483405809926E-01
   -3.105996877659E-01
   -2.532147007121E-01
   -1.979243443758E-01
   -1.503475652602E-01
   -1.019359855298E-01
   -5.625827206108E-02
   -2.178022333407E-02
    1.124350841419E-02
    3.686586802216E-02
    5.465554178642E-02
    6.908098775703E-02
    7.803347867025E-02
    8.247203568636E-02
    7.803347867025E-02
    6.908098775703E-02
    5.465554178642E-02
    3.686586802216E-02
    1.124350841419E-02
   -2.178022333407E-02
   -5.625827206108E-02
   -1.019359855298E-01
   -1.503475652602E-01
   -1.979243443758E-01
   -2.532147007121E-01
   -3.105996877659E-01
   -3.483405809926E-01
   -3.636211532984E-01
   -2.955471895577E-01
   -2.859545217919E-01
   -2.617814068878E-01
   -2.257802700990E-01
   -1.873565604865E-01
   -1.503475652602E-01
   -1.086316192269E-01
   -6.572795429121E-02
   -3.040784617294E-02
   -1.124883382825E-04
    3.030306112355E-02
    5.065679805635E-02
    6.843455864759E-02
    8.130251048638E-02
    8.697882486432E-02
    9.145781664076E-02
    8.697882486432E-02
    8.130251048638E-02
    6.843455864759E-02
    5.065679805635E-02
    3.030306112355E-02
   -1.124883382825E-04
   -3.040784617294E-02
   -6.572795429121E-02
   -1.086316192269E-01
   -1.503475652602E-01
   -1.873565604865E-01
   -2.257802700990E-01
   -2.617814068878E-01
   -2.859545217919E-01
   -2.046485676255E-01
   -1.990747212074E-01
   -1.846209023157E-01
   -1.634016558649E-01
   -1.363272382706E-01
   -1.019359855298E-01
   -6.572795429121E-02
   -3.432744639353E-02
   -4.709064432056E-03
    2.375598751479E-02
    4.789827480731E-02
    6.568961818127E-02
    8.137653986780E-02
    9.234831756790E-02
    9.887317975971E-02
    1.027688740883E-01
    9.887317975971E-02
    9.234831756790E-02
    8.137653986780E-02
    6.568961818127E-02
    4.789827480731E-02
    2.375598751479E-02
   -4.709064432056E-03
   -3.432744639353E-02
   -6.572795429121E-02
   -1.019359855298E-01
   -1.363272382706E-01
   -1.634016558649E-01
   -1.846209023157E-01
   -1.990747212074E-01
   -1.435766010049E-01
   -1.397437599506E-01
   -1.279816578492E-01
   -1.086450581712E-01
   -8.326469450655E-02
   -5.625827206108E-02
   -3.040784617294E-02
   -4.709064432056E-03
    2.172007899194E-02
    4.477561357519E-02
    6.367600289923E-02
    8.223209638975E-02
    9.472516229436E-02
    1.035311478602E-01
    1.105377200881E-01
    1.120675240646E-01
    1.105377200881E-01
    1.035311478602E-01
    9.472516229436E-02
    8.223209638975E-02
    6.367600289923E-02
    4.477561357519E-02
    2.172007899194E-02
   -4.709064432056E-03
   -3.040784617294E-02
   -5.625827206108E-02
   -8.326469450655E-02
   -1.086450581712E-01
   -1.279816578492E-01
   -1.397437599506E-01
   -8.451971288711E-02
   -8.144354409195E-02
   -7.184812498738E-02
   -5.779322210876E-02
   -4.036943613445E-02
   -2.178022333407E-02
   -1.124883382825E-04
    2.375598751479E-02
    4.477561357519E-02
    6.412493228188E-02
    8.087805422145E-02
    9.624216937406E-02
    1.067143117083E-01
    1.152529077805E-01
    1.211795178978E-01
    1.211971681652E-01
    1.211795178978E-01
    1.152529077805E-01
    1.067143117083E-01
    9.624216937406E-02
    8.087805422145E-02
    6.412493228188E-02
    4.477561357519E-02
    2.375598751479E-02
   -1.124883382825E-04
   -2.178022333407E-02
   -4.036943613445E-02
   -5.779322210876E-02
   -7.184812498738E-02
   -8.144354409195E-02
   -4.095067697114E-02
   -3.880021657123E-02
   -3.153398578248E-02
   -2.143980994216E-02
   -7.262896925006E-03
    1.124350841419E-02
    3.030306112355E-02
    4.789827480731E-02
    6.367600289923E-02
    8.087805422145E-02
    9.585832411797E-02
    1.078084160854E-01
    1.185169075941E-01
    1.259478095061E-01
    1.300236831695E-01
    1.311394423805E-01
    1.300236831695E-01
    1.259478095061E-01
    1.185169075941E-01
    1.078084160854E-01
    9.585832411797E-02
    8.087805422145E-02
    6.367600289923E-02
    4.789827480731E-02
    3.030306112355E-02
    1.124350841419E-02
   -7.262896925006E-03
   -2.143980994216E-02
   -3.153398578248E-02
   -3.880021657123E-02
   -6.181900630503E-03
   -4.441625042217E-03
    1.723597860907E-03
    1.160325501915E-02
    2.327893794898E-02
    3.686586802216E-02
    5.065679805635E-02
    6.568961818127E-02
    8.223209638975E-02
    9.624216937406E-02
    1.078084160854E-01
    1.184255523618E-01
    1.286794048088E-01
    1.349176002370E-01
    1.377292868603E-01
    1.394302990840E-01
    1.377292868603E-01
    1.349176002370E-01
    1.286794048088E-01
    1.184255523618E-01
    1.078084160854E-01
    9.624216937406E-02
    8.223209638975E-02
    6.568961818127E-02
    5.065679805635E-02
    3.686586802216E-02
    2.327893794898E-02
    1.160325501915E-02
    1.723597860907E-03
   -4.441625042217E-03
    2.082573460453E-02
    2.261812711775E-02
    2.669358135755E-02
    3.462948383401E-02
    4.382402683327E-02
    5.465554178642E-02
    6.843455864759E-02
    8.137653986780E-02
    9.472516229436E-02
    1.067143117083E-01
    1.185169075941E-01
    1.286794048088E-01
    1.356534708408E-01
    1.414713085118E-01
    1.452122855471E-01
    1.466562855642E-01
    1.452122855471E-01
    1.414713085118E-01
    1.356534708408E-01
    1.286794048088E-01
    1.185169075941E-01
    1.067143117083E-01
    9.472516229436E-02
    8.137653986780E-02
    6.843455864759E-02
    5.465554178642E-02
    4.382402683327E-02
    3.462948383401E-02
    2.669358135755E-02
    2.261812711775E-02
    3.788845084053E-02
    3.960019784677E-02
    4.325647346250E-02
    5.038833975374E-02
    5.932709159905E-02
    6.908098775703E-02
    8.130251048638E-02
    9.234831756790E-02
    1.035311478602E-01
    1.152529077805E-01
    1.259478095061E-01
    1.349176002370E-01
    1.414713085118E-01
    1.470127019548E-01
    1.503093221285E-01
    1.509776721540E-01
    1.503093221285E-01
    1.470127019548E-01
    1.414713085118E-01
    1.349176002370E-01
    1.259478095061E-01
    1.152529077805E-01
    1.035311478602E-01
    9.234831756790E-02
    8.130251048638E-02
    6.908098775703E-02
    5.932709159905E-02
    5.038833975374E-02
    4.325647346250E-02
    3.960019784677E-02
    5.058050825569E-02
    5.134683481529E-02
    5.527204432803E-02
    6.091710005864E-02
    6.892820669534E-02
    7.803347867025E-02
    8.697882486432E-02
    9.887317975971E-02
    1.105377200881E-01
    1.211795178978E-01
    1.300236831695E-01
    1.377292868603E-01
    1.452122855471E-01
    1.503093221285E-01
    1.531705530718E-01
    1.540497034031E-01
    1.531705530718E-01
    1.503093221285E-01
    1.452122855471E-01
    1.377292868603E-01
    1.300236831695E-01
    1.211795178978E-01
    1.105377200881E-01
    9.887317975971E-02
    8.697882486432E-02
    7.803347867025E-02
    6.892820669534E-02
    6.091710005864E-02
    5.527204432803E-02
    5.134683481529E-02
    5.303613105152E-02
    5.322751033305E-02
    5.722803813942E-02
    6.193405531261E-02
    7.064714105826E-02
    8.247203568636E-02
    9.145781664076E-02
    1.027688740883E-01
    1.120675240646E-01
    1.211971681652E-01
    1.311394423805E-01
    1.394302990840E-01
    1.466562855642E-01
    1.509776721540E-01
    1.540497034031E-01
    1.555128039060E-01
    1.540497034031E-01
    1.509776721540E-01
    1.466562855642E-01
    1.394302990840E-01
    1.311394423805E-01
    1.211971681652E-01
    1.120675240646E-01
    1.027688740883E-01
    9.145781664076E-02
    8.247203568636E-02
    7.064714105826E-02
    6.193405531261E-02
    5.722803813942E-02
    5.322751033305E-02
    5.058050825569E-02
    5.134683481529E-02
    5.527204432803E-02
    6.091710005864E-02
    6.892820669534E-02
    7.803347867025E-02
    8.697882486432E-02
    9.887317975971E-02
    1.105377200881E-01
    1.211795178978E-01
    1.300236831695E-01
    1.377292868603E-01
    1.452122855471E-01
    1.503093221285E-01
    1.531705530718E-01
    1.540497034031E-01
    1.531705530718E-01
    1.503093221285E-01
    1.452122855471E-01
    1.377292868603E-01
    1.300236831695E-01
    1.211795178978E-01
    1.105377200881E-01
    9.887317975971E-02
    8.697882486432E-02
    7.803347867025E-02
    6.892820669534E-02
    6.091710005864E-02
    5.527204432803E-02
    5.134683481529E-02
    3.788845084053E-02
    3.960019784677E-02
    4.325647346250E-02
    5.038833975374E-02
    5.932709159905E-02
    6.908098775703E-02
    8.130251048638E-02
    9.234831756790E-02
    1.035311478602E-01
    1.152529077805E-01
    1.259478095061E-01
    1.349176002370E-01
    1.414713085118E-01
    1.470127019548E-01
    1.503093221285E-01
    1.509776721540E-01
    1.503093221285E-01
    1.470127019548E-01
    1.414713085118E-01
    1.349176002370E-01
    1.259478095061E-01
    1.152529077805E-01
    1.035311478602E-01
    9.234831756790E-02
    8.130251048638E-02
    6.908098775703E-02
    5.932709159905E-02
    5.038833975374E-02
    4.325647346250E-02
    3.960019784677E-02
    2.082573460453E-02
    2.261812711775E-02
    2.669358135755E-02
    3.462948383401E-02
    4.382402683327E-02
    5.465554178642E-02
    6.843455864759E-02
    8.137653986780E-02
    9.472516229436E-02
    1.067143117083E-01
    1.185169075941E-01
    1.286794048088E-01
    1.356534708408E-01
    1.414713085118E-01
    1.452122855471E-01
    1.466562855642E-01
    1.452122855471E-01
    1.414713085118E-01
    1.356534708408E-01
    1.286794048088E-01
    1.185169075941E-01
    1.067143117083E-01
    9.472516229436E-02
    8.137653986780E-02
    6.843455864759E-02
    5.465554178642E-02
    4.382402683327E-02
    3.462948383401E-02
    2.669358135755E-02
    2.261812711775E-02
   -6.181900630503E-03
   -4.441625042217E-03
    1.723597860907E-03
    1.160325501915E-02
    2.327893794898E-02
    3.686586802216E-02
    5.065679805635E-02
    6.568961818127E-02
    8.223209638975E-02
    9.624216937406E-02
    1.078084160854E-01
    1.184255523618E-01
    1.286794048088E-01
    1.349176002370E-01
    1.377292868603E-01
    1.394302990840E-01
    1.377292868603E-01
    1.349176002370E-01
    1.286794048088E-01
    1.184255523618E-01
    1.078084160854E-01
    9.624216937406E-02
    8.223209638975E-02
    6.568961818127E-02
    5.065679805635E-02
    3.686586802216E-02
    2.327893794898E-02
    1.160325501915E-02
    1.723597860907E-03
   -4.441625042217E-03
   -4.095067697114E-02
   -3.880021657123E-02
   -3.153398578248E-02
   -2.143980994216E-02
   -7.262896925006E-03
    1.124350841419E-02
    3.030306112355E-02
    4.789827480731E-02
    6.367600289923E-02
    8.087805422145E-02
    9.585832411797E-02
    1.078084160854E-01
    1.185169075941E-01
    1.259478095061E-01
    1.300236831695E-01
    1.311394423805E-01
    1.300236831695E-01
    1.259478095061E-01
    1.185169075941E-01
    1.078084160854E-01
    9.585832411797E-02
    8.087805422145E-02
    6.367600289923E-02
    4.789827480731E-02
    3.030306112355E-02
    1.124350841419E-02
   -7.262896925006E-03
   -2.143980994216E-02
   -3.153398578248E-02
   -3.880021657123E-02
   -8.451971288711E-02
   -8.144354409195E-02
   -7.184812498738E-02
   -5.779322210876E-02
   -4.036943613445E-02
   -2.178022333407E-02
   -1.124883382825E-04
    2.375598751479E-02
    4.477561357519E-02
    6.412493228188E-02
    8.087805422145E-02
    9.624216937406E-02
    1.067143117083E-01
    1.152529077805E-01
    1.211795178978E-01
    1.211971681652E-01
    1.211795178978E-01
    1.152529077805E-01
    1.067143117083E-01
    9.624216937406E-02
    8.087805422145E-02
    6.412493228188E-02
    4.477561357519E-02
    2.375598751479E-02
   -1.124883382825E-04
   -2.178022333407E-02
   -4.036943613445E-02
   -5.779322210876E-02
   -7.184812498738E-02
   -8.144354409195E-02
   -1.435766010049E-01
   -1.397437599506E-01
   -1.279816578492E-01
   -1.086450581712E-01
   -8.326469450655E-02
   -5.625827206108E-02
   -3.040784617294E-02
   -4.709064432056E-03
    2.172007899194E-02
    4.477561357519E-02
    6.367600289923E-02
    8.223209638975E-02
    9.472516229436E-02
    1.035311478602E-01
    1.105377200881E-01
    1.120675240646E-01
    1.105377200881E-01
    1.035311478602E-01
    9.472516229436E-02
    8.223209638975E-02
    6.367600289923E-02
    4.477561357519E-02
    2.172007899194E-02
   -4.709064432056E-03
   -3.040784617294E-02
   -5.625827206108E-02
   -8.326469450655E-02
   -1.086450581712E-01
   -1.279816578492E-01
   -1.397437599506E-01
   -2.046485676255E-01
   -1.990747212074E-01
   -1.846209023157E-01
   -1.634016558649E-01
   -1.363272382706E-01
   -1.019359855298E-01
   -6.572795429121E-02
   -3.432744639353E-02
   -4.709064432056E-03
    2.375598751479E-02
    4.789827480731E-02
    6.568961818127E-02
    8.137653986780E-02
    9.234831756790E-02
    9.887317975971E-02
    1.027688740883E-01
    9.887317975971E-02
    9.234831756790E-02
    8.137653986780E-02
    6.568961818127E-02
    4.789827480731E-02
    2.375598751479E-02
   -4.709064432056E-03
   -3.432744639353E-02
   -6.572795429121E-02
   -1.019359855298E-01
   -1.363272382706E-01
   -1.634016558649E-01
   -1.846209023157E-01
   -1.990747212074E-01
   -2.955471895577E-01
   -2.859545217919E-01
   -2.617814068878E-01
   -2.257802700990E-01
   -1.873565604865E-01
   -1.503475652602E-01
   -1.086316192269E-01
   -6.572795429121E-02
   -3.040784617294E-02
   -1.124883382825E-04
    3.030306112355E-02
    5.065679805635E-02
    6.843455864759E-02
    8.130251048638E-02
    8.697882486432E-02
    9.145781664076E-02
    8.697882486432E-02
    8.130251048638E-02
    6.843455864759E-02
    5.065679805635E-02
    3.030306112355E-02
   -1.124883382826E-04
   -3.040784617294E-02
   -6.572795429121E-02
   -1.086316192269E-01
   -1.503475652602E-01
   -1.873565604865E-01
   -2.257802700990E-01
   -2.617814068878E-01
   -2.859545217919E-01
   -3.688998610527E-01
   -3.636211532984E-01
   -3.483405809926E-01
   -3.105996877659E-01
   -2.532147007121E-01
   -1.979243443758E-01
   -1.503475652602E-01
   -1.019359855298E-01
   -5.625827206108E-02
   -2.178022333407E-02
    1.124350841419E-02
    3.686586802216E-02
    5.465554178642E-02
    6.908098775703E-02
    7.803347867025E-02
    8.247203568636E-02
    7.803347867025E-02
    6.908098775703E-02
    5.465554178642E-02
    3.686586802216E-02
    1.124350841419E-02
   -2.178022333407E-02
   -5.625827206108E-02
   -1.019359855298E-01
   -1.503475652602E-01
   -1.979243443758E-01
   -2.532147007121E-01
   -3.105996877659E-01
   -3.483405809926E-01
   -3.636211532984E-01
   -3.419201324466E-01
   -3.488818786855E-01
   -3.656335679484E-01
   -3.670118039580E-01
   -3.261499051223E-01
   -2.532147007121E-01
   -1.873565604865E-01
   -1.363272382706E-01
   -8.326469450655E-02
   -4.036943613445E-02
   -7.262896925006E-03
    2.327893794898E-02
    4.382402683327E-02
    5.932709159905E-02
    6.892820669534E-02
    7.064714105826E-02
    6.892820669534E-02
    5.932709159905E-02
    4.382402683327E-02
    2.327893794898E-02
   -7.262896925006E-03
   -4.036943613445E-02
   -8.326469450655E-02
   -1.363272382706E-01
   -1.873565604865E-01
   -2.532147007121E-01
   -3.261499051223E-01
   -3.670118039580E-01
   -3.656335679484E-01
   -3.488818786855E-01
   -2.885769226313E-01
   -2.937149873914E-01
   -3.159393335048E-01
   -3.550072223966E-01
   -3.670118039580E-01
   -3.105996877659E-01
   -2.257802700990E-01
   -1.634016558649E-01
   -1.086450581712E-01
   -5.779322210876E-02
   -2.143980994216E-02
    1.160325501915E-02
    3.462948383401E-02
    5.038833975374E-02
    6.091710005864E-02
    6.193405531261E-02
    6.091710005864E-02
    5.038833975374E-02
    3.462948383401E-02
    1.160325501915E-02
   -2.143980994216E-02
   -5.779322210876E-02
   -1.086450581712E-01
   -1.634016558649E-01
   -2.257802700990E-01
   -3.105996877659E-01
   -3.670118039580E-01
   -3.550072223966E-01
   -3.159393335048E-01
   -2.937149873914E-01
   -3.179513149069E-01
   -3.027318652846E-01
   -2.859460664562E-01
   -3.159393335048E-01
   -3.656335679484E-01
   -3.483405809926E-01
   -2.617814068878E-01
   -1.846209023157E-01
   -1.279816578492E-01
   -7.184812498738E-02
   -3.153398578248E-02
    1.723597860907E-03
    2.669358135755E-02
    4.325647346250E-02
    5.527204432803E-02
    5.722803813942E-02
    5.527204432803E-02
    4.325647346250E-02
    2.669358135755E-02
    1.723597860907E-03
   -3.153398578248E-02
   -7.184812498738E-02
   -1.279816578492E-01
   -1.846209023157E-01
   -2.617814068878E-01
   -3.483405809926E-01
   -3.656335679484E-01
   -3.159393335048E-01
   -2.859460664562E-01
   -3.027318652846E-01
   -4.063189896224E-01
   -3.692246971439E-01
   -3.027318652846E-01
   -2.937149873914E-01
   -3.488818786855E-01
   -3.636211532984E-01
   -2.859545217919E-01
   -1.990747212074E-01
   -1.397437599506E-01
   -8.144354409195E-02
   -3.880021657123E-02
   -4.441625042217E-03
    2.261812711775E-02
    3.960019784677E-02
    5.134683481529E-02
    5.322751033305E-02
    5.134683481529E-02
    3.960019784677E-02
    2.261812711775E-02
   -4.441625042217E-03
   -3.880021657123E-02
   -8.144354409195E-02
   -1.397437599506E-01
   -1.990747212074E-01
   -2.859545217919E-01
   -3.636211532984E-01
   -3.488818786855E-01
   -2.937149873914E-01
   -3.027318652846E-01
   -3.692246971439E-01
   -3.000840482223E-01
   -3.083613489273E-01
   -3.346528222637E-01
   -3.656294933003E-01
   -3.607451000350E-01
   -2.955471895577E-01
   -2.142669827539E-01
   -1.562177296859E-01
   -1.017893444884E-01
   -5.340861341676E-02
   -1.796547842167E-02
    1.411339451341E-02
    3.543414867858E-02
    5.156512922347E-02
    6.285205047589E-02
    6.462059646353E-02
    6.285205047589E-02
    5.156512922347E-02
    3.543414867858E-02
    1.411339451341E-02
   -1.796547842167E-02
   -5.340861341676E-02
   -1.017893444884E-01
   -1.562177296859E-01
   -2.142669827539E-01
   -2.955471895577E-01
   -3.607451000350E-01
   -3.656294933003E-01
   -3.346528222637E-01
   -3.083613489273E-01
   -3.083613489273E-01
   -3.170482168186E-01
   -3.429077979989E-01
   -3.693225521702E-01
   -3.554136448955E-01
   -2.859545217919E-01
   -2.088041811259E-01
   -1.529734913514E-01
   -9.812492829863E-02
   -5.077521822520E-02
   -1.630428267350E-02
    1.551769828491E-02
    3.802425314581E-02
    5.391015453793E-02
    6.339136657298E-02
    6.465251559419E-02
    6.339136657298E-02
    5.391015453793E-02
    3.802425314581E-02
    1.551769828491E-02
   -1.630428267350E-02
   -5.077521822520E-02
   -9.812492829863E-02
   -1.529734913514E-01
   -2.088041811259E-01
   -2.859545217919E-01
   -3.554136448955E-01
   -3.693225521702E-01
   -3.429077979989E-01
   -3.170482168186E-01
   -3.346528222637E-01
   -3.429077979989E-01
   -3.619889041288E-01
   -3.704978066455E-01
   -3.361462741906E-01
   -2.617814068878E-01
   -1.937955285831E-01
   -1.414646900305E-01
   -8.743684091446E-02
   -4.342361764880E-02
   -9.631616964304E-03
    2.057170757645E-02
    4.192325039690E-02
    5.728604975433E-02
    6.710270005295E-02
    6.983587283497E-02
    6.710270005295E-02
    5.728604975433E-02
    4.192325039690E-02
    2.057170757645E-02
   -9.631616964304E-03
   -4.342361764880E-02
   -8.743684091446E-02
   -1.414646900305E-01
   -1.937955285831E-01
   -2.617814068878E-01
   -3.361462741906E-01
   -3.704978066455E-01
   -3.619889041288E-01
   -3.429077979989E-01
   -3.656294933003E-01
   -3.693225521702E-01
   -3.704978066455E-01
   -3.488250107292E-01
   -2.944532720678E-01
   -2.257802700990E-01
   -1.706088522910E-01
   -1.213471293935E-01
   -7.108483144658E-02
   -3.278054522399E-02
    4.704517562470E-04
    2.870570728658E-02
    4.858746780700E-02
    6.355239054101E-02
    7.227386237910E-02
    7.533936525921E-02
    7.227386237910E-02
    6.355239054101E-02
    4.858746780700E-02
    2.870570728658E-02
    4.704517562471E-04
   -3.278054522399E-02
   -7.108483144658E-02
   -1.213471293935E-01
   -1.706088522910E-01
   -2.257802700990E-01
   -2.944532720678E-01
   -3.488250107292E-01
   -3.704978066455E-01
   -3.693225521702E-01
   -3.607451000350E-01
   -3.554136448955E-01
   -3.361462741906E-01
   -2.944532720678E-01
   -2.386126386595E-01
   -1.873565604865E-01
   -1.432437971296E-01
   -9.564899407192E-02
   -5.093395405984E-02
   -1.753598404614E-02
    1.408851624137E-02
    3.817762990661E-02
    5.743205730518E-02
    7.253330717707E-02
    7.915273130117E-02
    8.212321854958E-02
    7.915273130117E-02
    7.253330717707E-02
    5.743205730518E-02
    3.817762990661E-02
    1.408851624137E-02
   -1.753598404614E-02
   -5.093395405984E-02
   -9.564899407192E-02
   -1.432437971296E-01
   -1.873565604865E-01
   -2.386126386595E-01
   -2.944532720678E-01
   -3.361462741906E-01
   -3.554136448955E-01
   -2.955471895577E-01
   -2.859545217919E-01
   -2.617814068878E-01
   -2.257802700990E-01
   -1.873565604865E-01
   -1.503475652602E-01
   -1.086316192269E-01
   -6.572795429121E-02
   -3.040784617294E-02
   -1.124883382825E-04
    3.030306112355E-02
    5.065679805635E-02
    6.843455864759E-02
    8.130251048638E-02
    8.697882486432E-02
    9.145781664076E-02
    8.697882486432E-02
    8.130251048638E-02
    6.843455864759E-02
    5.065679805635E-02
    3.030306112355E-02
   -1.124883382825E-04
   -3.040784617294E-02
   -6.572795429121E-02
   -1.086316192269E-01
   -1.503475652602E-01
   -1.873565604865E-01
   -2.257802700990E-01
   -2.617814068878E-01
   -2.859545217919E-01
   -2.142669827539E-01
   -2.088041811259E-01
   -1.937955285831E-01
   -1.706088522910E-01
   -1.432437971296E-01
   -1.086316192269E-01
   -7.025988504686E-02
   -3.757548935735E-02
   -8.170893783286E-03
    1.995874456492E-02
    4.504762720928E-02
    6.372440181639E-02
    8.159251845714E-02
    9.232957333124E-02
    9.633814171543E-02
    9.996422750141E-02
    9.633814171543E-02
    9.232957333124E-02
    8.159251845714E-02
    6.372440181639E-02
    4.504762720928E-02
    1.995874456492E-02
   -8.170893783286E-03
   -3.757548935735E-02
   -7.025988504686E-02
   -1.086316192269E-01
   -1.432437971296E-01
   -1.706088522910E-01
   -1.937955285831E-01
   -2.088041811259E-01
   -1.562177296859E-01
   -1.529734913514E-01
   -1.414646900305E-01
   -1.213471293935E-01
   -9.564899407192E-02
   -6.572795429121E-02
   -3.757548935735E-02
   -1.192793108825E-02
    1.643695950761E-02
    4.117853876055E-02
    6.052626041996E-02
    7.804145515728E-02
    9.224463034349E-02
    1.020730559495E-01
    1.082439365301E-01
    1.106744095108E-01
    1.082439365301E-01
    1.020730559495E-01
    9.224463034349E-02
    7.804145515728E-02
    6.052626041996E-02
    4.117853876055E-02
    1.643695950761E-02
   -1.192793108825E-02
   -3.757548935735E-02
   -6.572795429121E-02
   -9.564899407192E-02
   -1.213471293935E-01
   -1.414646900305E-01
   -1.529734913514E-01
   -1.017893444884E-01
   -9.812492829863E-02
   -8.743684091446E-02
   -7.108483144658E-02
   -5.093395405984E-02
   -3.040784617294E-02
   -8.170893783286E-03
    1.643695950761E-02
    3.896707398263E-02
    5.843528949291E-02
    7.666547704322E-02
    9.348607754197E-02
    1.042092940932E-01
    1.127369390249E-01
    1.183522826079E-01
    1.185602141519E-01
    1.183522826079E-01
    1.127369390249E-01
    1.042092940932E-01
    9.348607754197E-02
    7.666547704322E-02
    5.843528949291E-02
    3.896707398263E-02
    1.643695950761E-02
   -8.170893783286E-03
   -3.040784617294E-02
   -5.093395405984E-02
   -7.108483144658E-02
   -8.743684091446E-02
   -9.812492829863E-02
   -5.340861341676E-02
   -5.077521822520E-02
   -4.342361764880E-02
   -3.278054522399E-02
   -1.753598404614E-02
   -1.124883382825E-04
    1.995874456492E-02
    4.117853876055E-02
    5.843528949291E-02
    7.653857699707E-02
    9.249652639476E-02
    1.046619360821E-01
    1.156060512745E-01
    1.240525901986E-01
    1.283562541073E-01
    1.288511343606E-01
    1.283562541073E-01
    1.240525901986E-01
    1.156060512745E-01
    1.046619360821E-01
    9.249652639476E-02
    7.653857699707E-02
    5.843528949291E-02
    4.117853876055E-02
    1.995874456492E-02
   -1.124883382824E-04
   -1.753598404614E-02
   -3.278054522399E-02
   -4.342361764880E-02
   -5.077521822520E-02
   -1.796547842167E-02
   -1.630428267350E-02
   -9.631616964304E-03
    4.704517562471E-04
    1.408851624137E-02
    3.030306112355E-02
    4.504762720928E-02
    6.052626041996E-02
    7.666547704322E-02
    9.249652639476E-02
    1.057896416461E-01
    1.163891760812E-01
    1.263986041395E-01
    1.321857710987E-01
    1.365215920582E-01
    1.396602759232E-01
    1.365215920582E-01
    1.321857710987E-01
    1.263986041395E-01
    1.163891760812E-01
    1.057896416461E-01
    9.249652639476E-02
    7.666547704322E-02
    6.052626041996E-02
    4.504762720928E-02
    3.030306112355E-02
    1.408851624137E-02
    4.704517562471E-04
   -9.631616964304E-03
   -1.630428267350E-02
    1.411339451341E-02
    1.551769828491E-02
    2.057170757645E-02
    2.870570728658E-02
    3.817762990661E-02
    5.065679805635E-02
    6.372440181639E-02
    7.804145515728E-02
    9.348607754197E-02
    1.046619360821E-01
    1.163891760812E-01
    1.275766484536E-01
    1.352613905166E-01
    1.408743019861E-01
    1.446185503822E-01
    1.465021715426E-01
    1.446185503822E-01
    1.408743019861E-01
    1.352613905166E-01
    1.275766484536E-01
    1.163891760812E-01
    1.046619360821E-01
    9.348607754197E-02
    7.804145515728E-02
    6.372440181639E-02
    5.065679805635E-02
    3.817762990661E-02
    2.870570728658E-02
    2.057170757645E-02
    1.551769828491E-02
    3.543414867858E-02
    3.802425314581E-02
    4.192325039690E-02
    4.858746780700E-02
    5.743205730518E-02
    6.843455864759E-02
    8.159251845714E-02
    9.224463034349E-02
    1.042092940932E-01
    1.156060512745E-01
    1.263986041395E-01
    1.352613905166E-01
    1.409850833041E-01
    1.479691532833E-01
    1.516890023156E-01
    1.516387586652E-01
    1.516890023156E-01
    1.479691532833E-01
    1.409850833041E-01
    1.352613905166E-01
    1.263986041395E-01
    1.156060512745E-01
    1.042092940932E-01
    9.224463034349E-02
    8.159251845714E-02
    6.843455864759E-02
    5.743205730518E-02
    4.858746780700E-02
    4.192325039690E-02
    3.802425314581E-02
    5.156512922347E-02
    5.391015453793E-02
    5.728604975433E-02
    6.355239054101E-02
    7.253330717707E-02
    8.130251048638E-02
    9.232957333124E-02
    1.020730559495E-01
    1.127369390249E-01
    1.240525901986E-01
    1.321857710987E-01
    1.408743019861E-01
    1.479691532833E-01
    1.524890184384E-01
    1.555994473004E-01
    1.563375668874E-01
    1.555994473004E-01
    1.524890184384E-01
    1.479691532833E-01
    1.408743019861E-01
    1.321857710987E-01
    1.240525901986E-01
    1.127369390249E-01
    1.020730559495E-01
    9.232957333124E-02
    8.130251048638E-02
    7.253330717707E-02
    6.355239054101E-02
    5.728604975433E-02
    5.391015453793E-02
    6.285205047589E-02
    6.339136657298E-02
    6.710270005295E-02
    7.227386237910E-02
    7.915273130117E-02
    8.697882486432E-02
    9.633814171543E-02
    1.082439365301E-01
    1.183522826079E-01
    1.283562541073E-01
    1.365215920582E-01
    1.446185503822E-01
    1.516890023156E-01
    1.555994473004E-01
    1.588130435520E-01
    1.598665534095E-01
    1.588130435520E-01
    1.555994473004E-01
    1.516890023156E-01
    1.446185503822E-01
    1.365215920582E-01
    1.283562541073E-01
    1.183522826079E-01
    1.082439365301E-01
    9.633814171543E-02
    8.697882486432E-02
    7.915273130117E-02
    7.227386237910E-02
    6.710270005295E-02
    6.339136657298E-02
    6.462059646353E-02
    6.465251559419E-02
    6.983587283497E-02
    7.533936525921E-02
    8.212321854958E-02
    9.145781664076E-02
    9.996422750141E-02
    1.106744095108E-01
    1.185602141519E-01
    1.288511343606E-01
    1.396602759232E-01
    1.465021715426E-01
    1.516387586652E-01
    1.563375668874E-01
    1.598665534095E-01
    1.602888789438E-01
    1.598665534095E-01
    1.563375668874E-01
    1.516387586652E-01
    1.465021715426E-01
    1.396602759232E-01
    1.288511343606E-01
    1.185602141519E-01
    1.106744095108E-01
    9.996422750141E-02
    9.145781664076E-02
    8.212321854958E-02
    7.533936525921E-02
    6.983587283497E-02
    6.465251559419E-02
    6.285205047589E-02
    6.339136657298E-02
    6.710270005295E-02
    7.227386237910E-02
    7.915273130117E-02
    8.697882486432E-02
    9.633814171543E-02
    1.082439365301E-01
    1.183522826079E-01
    1.283562541073E-01
    1.365215920582E-01
    1.446185503822E-01
    1.516890023156E-01
    1.555994473004E-01
    1.588130435520E-01
    1.598665534095E-01
    1.588130435520E-01
    1.555994473004E-01
    1.516890023156E-01
    1.446185503822E-01
    1.365215920582E-01
    1.283562541073E-01
    1.183522826079E-01
    1.082439365301E-01
    9.633814171543E-02
    8.697882486432E-02
    7.915273130117E-02
    7.227386237910E-02
    6.710270005295E-02
    6.339136657298E-02
    5.156512922347E-02
    5.391015453793E-02
    5.728604975433E-02
    6.355239054101E-02
    7.253330717707E-02
    8.130251048638E-02
    9.232957333124E-02
    1.020730559495E-01
    1.127369390249E-01
    1.240525901986E-01
    1.321857710987E-01
    1.408743019861E-01
    1.479691532833E-01
    1.524890184384E-01
    1.555994473004E-01
    1.563375668874E-01
    1.555994473004E-01
    1.524890184384E-01
    1.479691532833E-01
    1.408743019861E-01
    1.321857710987E-01
    1.240525901986E-01
    1.127369390249E-01
    1.020730559495E-01
    9.232957333124E-02
    8.130251048638E-02
    7.253330717707E-02
    6.355239054101E-02
    5.728604975433E-02
    5.391015453793E-02
    3.543414867858E-02
    3.802425314581E-02
    4.192325039690E-02
    4.858746780700E-02
    5.743205730518E-02
    6.843455864759E-02
    8.159251845714E-02
    9.224463034349E-02
    1.042092940932E-01
    1.156060512745E-01
    1.263986041395E-01
    1.352613905166E-01
    1.409850833041E-01
    1.479691532833E-01
    1.516890023156E-01
    1.516387586652E-01
    1.516890023156E-01
    1.479691532833E-01
    1.409850833041E-01
    1.352613905166E-01
    1.263986041395E-01
    1.156060512745E-01
    1.042092940932E-01
    9.224463034349E-02
    8.159251845714E-02
    6.843455864759E-02
    5.743205730518E-02
    4.858746780700E-02
    4.192325039690E-02
    3.802425314581E-02
    1.411339451341E-02
    1.551769828491E-02
    2.057170757645E-02
    2.870570728658E-02
    3.817762990661E-02
    5.065679805635E-02
    6.372440181639E-02
    7.804145515728E-02
    9.348607754197E-02
    1.046619360821E-01
    1.163891760812E-01
    1.275766484536E-01
    1.352613905166E-01
    1.408743019861E-01
    1.446185503822E-01
    1.465021715426E-01
    1.446185503822E-01
    1.408743019861E-01
    1.352613905166E-01
    1.275766484536E-01
    1.163891760812E-01
    1.046619360821E-01
    9.348607754197E-02
    7.804145515728E-02
    6.372440181639E-02
    5.065679805635E-02
    3.817762990661E-02
    2.870570728658E-02
    2.057170757645E-02
    1.551769828491E-02
   -1.796547842167E-02
   -1.630428267350E-02
   -9.631616964304E-03
    4.704517562471E-04
    1.408851624137E-02
    3.030306112355E-02
    4.504762720928E-02
    6.052626041996E-02
    7.666547704322E-02
    9.249652639476E-02
    1.057896416461E-01
    1.163891760812E-01
    1.263986041395E-01
    1.321857710987E-01
    1.365215920582E-01
    1.396602759232E-01
    1.365215920582E-01
    1.321857710987E-01
    1.263986041395E-01
    1.163891760812E-01
    1.057896416461E-01
    9.249652639476E-02
    7.666547704322E-02
    6.052626041996E-02
    4.504762720928E-02
    3.030306112355E-02
    1.408851624137E-02
    4.704517562471E-04
   -9.631616964304E-03
   -1.630428267350E-02
   -5.340861341676E-02
   -5.077521822520E-02
   -4.342361764880E-02
   -3.278054522399E-02
   -1.753598404614E-02
   -1.124883382825E-04
    1.995874456492E-02
    4.117853876055E-02
    5.843528949291E-02
    7.653857699707E-02
    9.249652639476E-02
    1.046619360821E-01
    1.156060512745E-01
    1.240525901986E-01
    1.283562541073E-01
    1.288511343606E-01
    1.283562541073E-01
    1.240525901986E-01
    1.156060512745E-01
    1.046619360821E-01
    9.249652639476E-02
    7.653857699707E-02
    5.843528949291E-02
    4.117853876055E-02
    1.995874456492E-02
   -1.124883382825E-04
   -1.753598404614E-02
   -3.278054522399E-02
   -4.342361764880E-02
   -5.077521822520E-02
   -1.017893444884E-01
   -9.812492829863E-02
   -8.743684091446E-02
   -7.108483144658E-02
   -5.093395405984E-02
   -3.040784617294E-02
   -8.170893783286E-03
    1.643695950761E-02
    3.896707398263E-02
    5.843528949291E-02
    7.666547704322E-02
    9.348607754197E-02
    1.042092940932E-01
    1.127369390249E-01
    1.183522826079E-01
    1.185602141519E-01
    1.183522826079E-01
    1.127369390249E-01
    1.042092940932E-01
    9.348607754197E-02
    7.666547704322E-02
    5.843528949291E-02
    3.896707398263E-02
    1.643695950761E-02
   -8.170893783286E-03
   -3.040784617294E-02
   -5.093395405984E-02
   -7.108483144658E-02
   -8.743684091446E-02
   -9.812492829863E-02
   -1.562177296859E-01
   -1.529734913514E-01
   -1.414646900305E-01
   -1.213471293935E-01
   -9.564899407192E-02
   -6.572795429121E-02
   -3.757548935735E-02
   -1.192793108825E-02
    1.643695950761E-02
    4.117853876055E-02
    6.052626041996E-02
    7.804145515728E-02
    9.224463034349E-02
    1.020730559495E-01
    1.082439365301E-01
    1.106744095108E-01
    1.082439365301E-01
    1.020730559495E-01
    9.224463034349E-02
    7.804145515728E-02
    6.052626041996E-02
    4.117853876055E-02
    1.643695950761E-02
   -1.192793108825E-02
   -3.757548935735E-02
   -6.572795429121E-02
   -9.564899407192E-02
   -1.213471293935E-01
   -1.414646900305E-01
   -1.529734913514E-01
   -2.142669827539E-01
   -2.088041811259E-01
   -1.937955285831E-01
   -1.706088522910E-01
   -1.432437971296E-01
   -1.086316192269E-01
   -7.025988504686E-02
   -3.757548935735E-02
   -8.170893783286E-03
    1.995874456492E-02
    4.504762720928E-02
    6.372440181639E-02
    8.159251845714E-02
    9.232957333124E-02
    9.633814171543E-02
    9.996422750141E-02
    9.633814171543E-02
    9.232957333124E-02
    8.159251845714E-02
    6.372440181639E-02
    4.504762720928E-02
    1.995874456492E-02
   -8.170893783286E-03
   -3.757548935735E-02
   -7.025988504686E-02
   -1.086316192269E-01
   -1.432437971296E-01
   -1.706088522910E-01
   -1.937955285831E-01
   -2.088041811259E-01
   -2.955471895577E-01
   -2.859545217919E-01
   -2.617814068878E-01
   -2.257802700990E-01
   -1.873565604865E-01
   -1.503475652602E-01
   -1.086316192269E-01
   -6.572795429121E-02
   -3.040784617294E-02
   -1.124883382825E-04
    3.030306112355E-02
    5.065679805635E-02
    6.843455864759E-02
    8.130251048638E-02
    8.697882486432E-02
    9.145781664076E-02
    8.697882486432E-02
    8.130251048638E-02
    6.843455864759E-02
    5.065679805635E-02
    3.030306112355E-02
   -1.124883382825E-04
   -3.040784617294E-02
   -6.572795429121E-02
   -1.086316192269E-01
   -1.503475652602E-01
   -1.873565604865E-01
   -2.257802700990E-01
   -2.617814068878E-01
   -2.859545217919E-01
   -3.607451000350E-01
   -3.554136448955E-01
   -3.361462741906E-01
   -2.944532720678E-01
   -2.386126386595E-01
   -1.873565604865E-01
   -1.432437971296E-01
   -9.564899407192E-02
   -5.093395405984E-02
   -1.753598404614E-02
    1.408851624137E-02
    3.817762990661E-02
    5.743205730518E-02
    7.253330717707E-02
    7.915273130117E-02
    8.212321854958E-02
    7.915273130117E-02
    7.253330717707E-02
    5.743205730518E-02
    3.817762990661E-02
    1.408851624137E-02
   -1.753598404614E-02
   -5.093395405984E-02
   -9.564899407192E-02
   -1.432437971296E-01
   -1.873565604865E-01
   -2.386126386595E-01
   -2.944532720678E-01
   -3.361462741906E-01
   -3.554136448955E-01
   -3.656294933003E-01
   -3.693225521702E-01
   -3.704978066455E-01
   -3.488250107292E-01
   -2.944532720678E-01
   -2.257802700990E-01
   -1.706088522910E-01
   -1.213471293935E-01
   -7.108483144658E-02
   -3.278054522399E-02
    4.704517562471E-04
    2.870570728658E-02
    4.858746780700E-02
    6.355239054101E-02
    7.227386237910E-02
    7.533936525921E-02
    7.227386237910E-02
    6.355239054101E-02
    4.858746780700E-02
    2.870570728658E-02
    4.704517562471E-04
   -3.278054522399E-02
   -7.108483144658E-02
   -1.213471293935E-01
   -1.706088522910E-01
   -2.257802700990E-01
   -2.944532720678E-01
   -3.488250107292E-01
   -3.704978066455E-01
   -3.693225521702E-01
   -3.346528222637E-01
   -3.429077979989E-01
   -3.619889041288E-01
   -3.704978066455E-01
   -3.361462741906E-01
   -2.617814068878E-01
   -1.937955285831E-01
   -1.414646900305E-01
   -8.743684091446E-02
   -4.342361764880E-02
   -9.631616964304E-03
    2.057170757645E-02
    4.192325039690E-02
    5.728604975433E-02
    6.710270005295E-02
    6.983587283497E-02
    6.710270005295E-02
    5.728604975433E-02
    4.192325039690E-02
    2.057170757645E-02
   -9.631616964304E-03
   -4.342361764880E-02
   -8.743684091446E-02
   -1.414646900305E-01
   -1.937955285831E-01
   -2.617814068878E-01
   -3.361462741906E-01
   -3.704978066455E-01
   -3.619889041288E-01
   -3.429077979989E-01
   -3.083613489273E-01
   -3.170482168186E-01
   -3.429077979989E-01
   -3.693225521702E-01
   -3.554136448955E-01
   -2.859545217919E-01
   -2.088041811259E-01
   -1.529734913514E-01
   -9.812492829863E-02
   -5.077521822520E-02
   -1.630428267350E-02
    1.551769828491E-02
    3.802425314581E-02
    5.391015453793E-02
    6.339136657298E-02
    6.465251559419E-02
    6.339136657298E-02
    5.391015453793E-02
    3.802425314581E-02
    1.551769828491E-02
   -1.630428267350E-02
   -5.077521822520E-02
   -9.812492829863E-02
   -1.529734913514E-01
   -2.088041811259E-01
   -2.859545217919E-01
   -3.554136448955E-01
   -3.693225521702E-01
   -3.429077979989E-01
   -3.170482168186E-01
   -3.733948570789E-01
   -3.706535603679E-01
   -3.580079939586E-01
   -3.214747491254E-01
   -2.636113854877E-01
   -2.046485676255E-01
   -1.562177296859E-01
   -1.086813332935E-01
   -6.141159550213E-02
   -2.604101930737E-02
    7.354908037367E-03
    3.398329208205E-02
    5.143555432243E-02
    6.625937637434E-02
    7.540718315739E-02
    7.901614721323E-02
    7.540718315739E-02
    6.625937637434E-02
    5.143555432243E-02
    3.398329208205E-02
    7.354908037367E-03
   -2.604101930737E-02
   -6.141159550213E-02
   -1.086813332935E-01
   -1.562177296859E-01
   -2.046485676255E-01
   -2.636113854877E-01
   -3.214747491254E-01
   -3.580079939586E-01
   -3.706535603679E-01
   -3.706535603679E-01
   -3.667969220942E-01
   -3.515005952537E-01
   -3.130216951078E-01
   -2.552577198883E-01
   -1.990747212074E-01
   -1.529734913514E-01
   -1.049277841512E-01
   -5.813191820687E-02
   -2.384984755043E-02
    8.629299200178E-03
    3.491139381265E-02
    5.398978843756E-02
    6.860547374282E-02
    7.567592933053E-02
    7.851722927921E-02
    7.567592933053E-02
    6.860547374282E-02
    5.398978843756E-02
    3.491139381265E-02
    8.629299200178E-03
   -2.384984755043E-02
   -5.813191820687E-02
   -1.049277841512E-01
   -1.529734913514E-01
   -1.990747212074E-01
   -2.552577198883E-01
   -3.130216951078E-01
   -3.515005952537E-01
   -3.667969220942E-01
   -3.580079939586E-01
   -3.515005952537E-01
   -3.295075504358E-01
   -2.873567196770E-01
   -2.334816979848E-01
   -1.846209023157E-01
   -1.414646900305E-01
   -9.325012718737E-02
   -4.991040417208E-02
   -1.733216484458E-02
    1.479084341591E-02
    3.877418618292E-02
    5.729359306127E-02
    7.135122229033E-02
    7.881054860185E-02
    8.292349256304E-02
    7.881054860185E-02
    7.135122229033E-02
    5.729359306127E-02
    3.877418618292E-02
    1.479084341591E-02
   -1.733216484458E-02
   -4.991040417208E-02
   -9.325012718737E-02
   -1.414646900305E-01
   -1.846209023157E-01
   -2.334816979848E-01
   -2.873567196770E-01
   -3.295075504358E-01
   -3.515005952537E-01
   -3.214747491254E-01
   -3.130216951078E-01
   -2.873567196770E-01
   -2.474286043962E-01
   -2.039418577929E-01
   -1.634016558649E-01
   -1.213471293935E-01
   -7.594533759331E-02
   -3.855664725973E-02
   -7.375847030612E-03
    2.433733700244E-02
    4.619934319049E-02
    6.351710184199E-02
    7.640683726806E-02
    8.356594692321E-02
    8.809523323199E-02
    8.356594692321E-02
    7.640683726806E-02
    6.351710184199E-02
    4.619934319049E-02
    2.433733700244E-02
   -7.375847030612E-03
   -3.855664725973E-02
   -7.594533759331E-02
   -1.213471293935E-01
   -1.634016558649E-01
   -2.039418577929E-01
   -2.474286043962E-01
   -2.873567196770E-01
   -3.130216951078E-01
   -2.636113854877E-01
   -2.552577198883E-01
   -2.334816979848E-01
   -2.039418577929E-01
   -1.720072461656E-01
   -1.363272382706E-01
   -9.564899407192E-02
   -5.602292958161E-02
   -2.300813086690E-02
    7.066623004289E-03
    3.521998432279E-02
    5.481319512730E-02
    7.231942452256E-02
    8.461511847392E-02
    9.024523459946E-02
    9.377538107919E-02
    9.024523459946E-02
    8.461511847392E-02
    7.231942452256E-02
    5.481319512730E-02
    3.521998432279E-02
    7.066623004289E-03
   -2.300813086690E-02
   -5.602292958161E-02
   -9.564899407192E-02
   -1.363272382706E-01
   -1.720072461656E-01
   -2.039418577929E-01
   -2.334816979848E-01
   -2.552577198883E-01
   -2.046485676255E-01
   -1.990747212074E-01
   -1.846209023157E-01
   -1.634016558649E-01
   -1.363272382706E-01
   -1.019359855298E-01
   -6.572795429121E-02
   -3.432744639353E-02
   -4.709064432056E-03
    2.375598751479E-02
    4.789827480731E-02
    6.568961818127E-02
    8.137653986780E-02
    9.234831756790E-02
    9.887317975971E-02
    1.027688740883E-01
    9.887317975971E-02
    9.234831756790E-02
    8.137653986780E-02
    6.568961818127E-02
    4.789827480731E-02
    2.375598751479E-02
   -4.709064432056E-03
   -3.432744639353E-02
   -6.572795429121E-02
   -1.019359855298E-01
   -1.363272382706E-01
   -1.634016558649E-01
   -1.846209023157E-01
   -1.990747212074E-01
   -1.562177296859E-01
   -1.529734913514E-01
   -1.414646900305E-01
   -1.213471293935E-01
   -9.564899407192E-02
   -6.572795429121E-02
   -3.757548935735E-02
   -1.192793108825E-02
    1.643695950761E-02
    4.117853876055E-02
    6.052626041996E-02
    7.804145515728E-02
    9.224463034349E-02
    1.020730559495E-01
    1.082439365301E-01
    1.106744095108E-01
    1.082439365301E-01
    1.020730559495E-01
    9.224463034349E-02
    7.804145515728E-02
    6.052626041996E-02
    4.117853876055E-02
    1.643695950761E-02
   -1.192793108825E-02
   -3.757548935735E-02
   -6.572795429121E-02
   -9.564899407192E-02
   -1.213471293935E-01
   -1.414646900305E-01
   -1.529734913514E-01
   -1.086813332935E-01
   -1.049277841512E-01
   -9.325012718736E-02
   -7.594533759331E-02
   -5.602292958161E-02
   -3.432744639353E-02
   -1.192793108825E-02
    1.231452843454E-02
    3.780985253533E-02
    5.813630898246E-02
    7.498089046031E-02
    9.157751012885E-02
    1.026004913444E-01
    1.116166095629E-01
    1.181923190077E-01
    1.191950197461E-01
    1.181923190077E-01
    1.116166095629E-01
    1.026004913444E-01
    9.157751012885E-02
    7.498089046031E-02
    5.813630898246E-02
    3.780985253533E-02
    1.231452843454E-02
   -1.192793108825E-02
   -3.432744639353E-02
   -5.602292958161E-02
   -7.594533759331E-02
   -9.325012718737E-02
   -1.049277841512E-01
   -6.141159550213E-02
   -5.813191820687E-02
   -4.991040417208E-02
   -3.855664725973E-02
   -2.300813086690E-02
   -4.709064432056E-03
    1.643695950761E-02
    3.780985253533E-02
    5.569508543428E-02
    7.316565073658E-02
    8.986586800451E-02
    1.042582811446E-01
    1.140082040337E-01
    1.219769632463E-01
    1.271112885803E-01
    1.273599100125E-01
    1.271112885803E-01
    1.219769632463E-01
    1.140082040337E-01
    1.042582811446E-01
    8.986586800451E-02
    7.316565073658E-02
    5.569508543428E-02
    3.780985253533E-02
    1.643695950761E-02
   -4.709064432056E-03
   -2.300813086690E-02
   -3.855664725973E-02
   -4.991040417208E-02
   -5.813191820687E-02
   -2.604101930737E-02
   -2.384984755043E-02
   -1.733216484458E-02
   -7.375847030612E-03
    7.066623004289E-03
    2.375598751479E-02
    4.117853876055E-02
    5.813630898247E-02
    7.316565073658E-02
    9.006046989724E-02
    1.035876569429E-01
    1.137051886086E-01
    1.247690408019E-01
    1.321619303804E-01
    1.359798691521E-01
    1.376010281954E-01
    1.359798691521E-01
    1.321619303804E-01
    1.247690408019E-01
    1.137051886086E-01
    1.035876569429E-01
    9.006046989724E-02
    7.316565073658E-02
    5.813630898246E-02
    4.117853876055E-02
    2.375598751479E-02
    7.066623004289E-03
   -7.375847030612E-03
   -1.733216484458E-02
   -2.384984755043E-02
    7.354908037367E-03
    8.629299200178E-03
    1.479084341591E-02
    2.433733700244E-02
    3.521998432279E-02
    4.789827480731E-02
    6.052626041996E-02
    7.498089046031E-02
    8.986586800451E-02
    1.035876569429E-01
    1.160847661456E-01
    1.259505850524E-01
    1.349028199626E-01
    1.396063552613E-01
    1.432043620325E-01
    1.465639191913E-01
    1.432043620325E-01
    1.396063552613E-01
    1.349028199626E-01
    1.259505850524E-01
    1.160847661456E-01
    1.035876569429E-01
    8.986586800451E-02
    7.498089046031E-02
    6.052626041996E-02
    4.789827480731E-02
    3.521998432279E-02
    2.433733700244E-02
    1.479084341591E-02
    8.629299200179E-03
    3.398329208205E-02
    3.491139381265E-02
    3.877418618292E-02
    4.619934319049E-02
    5.481319512730E-02
    6.568961818127E-02
    7.804145515728E-02
    9.157751012885E-02
    1.042582811446E-01
    1.137051886086E-01
    1.259505850524E-01
    1.359119635476E-01
    1.425351485402E-01
    1.484321531249E-01
    1.512390929328E-01
    1.523528391685E-01
    1.512390929328E-01
    1.484321531249E-01
    1.425351485402E-01
    1.359119635476E-01
    1.259505850524E-01
    1.137051886086E-01
    1.042582811446E-01
    9.157751012885E-02
    7.804145515728E-02
    6.568961818127E-02
    5.481319512730E-02
    4.619934319049E-02
    3.877418618292E-02
    3.491139381265E-02
    5.143555432243E-02
    5.398978843756E-02
    5.729359306127E-02
    6.351710184199E-02
    7.231942452256E-02
    8.137653986780E-02
    9.224463034349E-02
    1.026004913444E-01
    1.140082040337E-01
    1.247690408019E-01
    1.349028199626E-01
    1.425351485402E-01
    1.485769847541E-01
    1.552986258132E-01
    1.576642928092E-01
    1.572819800018E-01
    1.576642928092E-01
    1.552986258132E-01
    1.485769847541E-01
    1.425351485402E-01
    1.349028199626E-01
    1.247690408019E-01
    1.140082040337E-01
    1.026004913444E-01
    9.224463034349E-02
    8.137653986780E-02
    7.231942452256E-02
    6.351710184199E-02
    5.729359306127E-02
    5.398978843756E-02
    6.625937637434E-02
    6.860547374282E-02
    7.135122229033E-02
    7.640683726806E-02
    8.461511847392E-02
    9.234831756790E-02
    1.020730559495E-01
    1.116166095629E-01
    1.219769632463E-01
    1.321619303804E-01
    1.396063552613E-01
    1.484321531249E-01
    1.552986258132E-01
    1.582923734020E-01
    1.613511970860E-01
    1.630770625176E-01
    1.613511970860E-01
    1.582923734020E-01
    1.552986258132E-01
    1.484321531249E-01
    1.396063552613E-01
    1.321619303804E-01
    1.219769632463E-01
    1.116166095629E-01
    1.020730559495E-01
    9.234831756790E-02
    8.461511847392E-02
    7.640683726806E-02
    7.135122229033E-02
    6.860547374282E-02
    7.540718315739E-02
    7.567592933053E-02
    7.881054860185E-02
    8.356594692321E-02
    9.024523459946E-02
    9.887317975971E-02
    1.082439365301E-01
    1.181923190077E-01
    1.271112885803E-01
    1.359798691521E-01
    1.432043620325E-01
    1.512390929328E-01
    1.576642928092E-01
    1.613511970860E-01
    1.647291590300E-01
    1.656697591402E-01
    1.647291590300E-01
    1.613511970860E-01
    1.576642928092E-01
    1.512390929328E-01
    1.432043620325E-01
    1.359798691521E-01
    1.271112885803E-01
    1.181923190077E-01
    1.082439365301E-01
    9.887317975971E-02
    9.024523459946E-02
    8.356594692321E-02
    7.881054860185E-02
    7.567592933053E-02
    7.901614721323E-02
    7.851722927921E-02
    8.292349256304E-02
    8.809523323199E-02
    9.377538107919E-02
    1.027688740883E-01
    1.106744095108E-01
    1.191950197461E-01
    1.273599100125E-01
    1.376010281954E-01
    1.465639191913E-01
    1.523528391685E-01
    1.572819800018E-01
    1.630770625176E-01
    1.656697591402E-01
    1.642992777565E-01
    1.656697591402E-01
    1.630770625176E-01
    1.572819800018E-01
    1.523528391685E-01
    1.465639191913E-01
    1.376010281954E-01
    1.273599100125E-01
    1.191950197461E-01
    1.106744095108E-01
    1.027688740883E-01
    9.377538107919E-02
    8.809523323199E-02
    8.292349256304E-02
    7.851722927921E-02
    7.540718315739E-02
    7.567592933053E-02
    7.881054860185E-02
    8.356594692321E-02
    9.024523459946E-02
    9.887317975971E-02
    1.082439365301E-01
    1.181923190077E-01
    1.271112885803E-01
    1.359798691521E-01
    1.432043620325E-01
    1.512390929328E-01
    1.576642928092E-01
    1.613511970860E-01
    1.647291590300E-01
    1.656697591402E-01
    1.647291590300E-01
    1.613511970860E-01
    1.576642928092E-01
    1.512390929328E-01
    1.432043620325E-01
    1.359798691521E-01
    1.271112885803E-01
    1.181923190077E-01
    1.082439365301E-01
    9.887317975971E-02
    9.024523459946E-02
    8.356594692321E-02
    7.881054860185E-02
    7.567592933053E-02
    6.625937637434E-02
    6.860547374282E-02
    7.135122229033E-02
    7.640683726806E-02
    8.461511847392E-02
    9.234831756790E-02
    1.020730559495E-01
    1.116166095629E-01
    1.219769632463E-01
    1.321619303804E-01
    1.396063552613E-01
    1.484321531249E-01
    1.552986258132E-01
    1.582923734020E-01
    1.613511970860E-01
    1.630770625176E-01
    1.613511970860E-01
    1.582923734020E-01
    1.552986258132E-01
    1.484321531249E-01
    1.396063552613E-01
    1.321619303804E-01
    1.219769632463E-01
    1.116166095629E-01
    1.020730559495E-01
    9.234831756790E-02
    8.461511847392E-02
    7.640683726806E-02
    7.135122229033E-02
    6.860547374282E-02
    5.143555432243E-02
    5.398978843756E-02
    5.729359306127E-02
    6.351710184199E-02
    7.231942452256E-02
    8.137653986780E-02
    9.224463034349E-02
    1.026004913444E-01
    1.140082040337E-01
    1.247690408019E-01
    1.349028199626E-01
    1.425351485402E-01
    1.485769847541E-01
    1.552986258132E-01
    1.576642928092E-01
    1.572819800018E-01
    1.576642928092E-01
    1.552986258132E-01
    1.485769847541E-01
    1.425351485402E-01
    1.349028199626E-01
    1.247690408019E-01
    1.140082040337E-01
    1.026004913444E-01
    9.224463034349E-02
    8.137653986780E-02
    7.231942452256E-02
    6.351710184199E-02
    5.729359306127E-02
    5.398978843756E-02
    3.398329208205E-02
    3.491139381265E-02
    3.877418618292E-02
    4.619934319049E-02
    5.481319512730E-02
    6.568961818127E-02
    7.804145515728E-02
    9.157751012885E-02
    1.042582811446E-01
    1.137051886086E-01
    1.259505850524E-01
    1.359119635476E-01
    1.425351485402E-01
    1.484321531249E-01
    1.512390929328E-01
    1.523528391685E-01
    1.512390929328E-01
    1.484321531249E-01
    1.425351485402E-01
    1.359119635476E-01
    1.259505850524E-01
    1.137051886086E-01
    1.042582811446E-01
    9.157751012885E-02
    7.804145515728E-02
    6.568961818127E-02
    5.481319512730E-02
    4.619934319049E-02
    3.877418618292E-02
    3.491139381265E-02
    7.354908037367E-03
    8.629299200178E-03
    1.479084341591E-02
    2.433733700244E-02
    3.521998432279E-02
    4.789827480731E-02
    6.052626041996E-02
    7.498089046031E-02
    8.986586800451E-02
    1.035876569429E-01
    1.160847661456E-01
    1.259505850524E-01
    1.349028199626E-01
    1.396063552613E-01
    1.432043620325E-01
    1.465639191913E-01
    1.432043620325E-01
    1.396063552613E-01
    1.349028199626E-01
    1.259505850524E-01
    1.160847661456E-01
    1.035876569429E-01
    8.986586800451E-02
    7.498089046031E-02
    6.052626041996E-02
    4.789827480731E-02
    3.521998432279E-02
    2.433733700244E-02
    1.479084341591E-02
    8.629299200178E-03
   -2.604101930737E-02
   -2.384984755043E-02
   -1.733216484458E-02
   -7.375847030612E-03
    7.066623004289E-03
    2.375598751479E-02
    4.117853876055E-02
    5.813630898246E-02
    7.316565073658E-02
    9.006046989724E-02
    1.035876569429E-01
    1.137051886086E-01
    1.247690408019E-01
    1.321619303804E-01
    1.359798691521E-01
    1.376010281954E-01
    1.359798691521E-01
    1.321619303804E-01
    1.247690408019E-01
    1.137051886086E-01
    1.035876569429E-01
    9.006046989724E-02
    7.316565073658E-02
    5.813630898246E-02
    4.117853876055E-02
    2.375598751479E-02
    7.066623004289E-03
   -7.375847030612E-03
   -1.733216484458E-02
   -2.384984755043E-02
   -6.141159550213E-02
   -5.813191820687E-02
   -4.991040417208E-02
   -3.855664725973E-02
   -2.300813086690E-02
   -4.709064432056E-03
    1.643695950761E-02
    3.780985253533E-02
    5.569508543428E-02
    7.316565073658E-02
    8.986586800451E-02
    1.042582811446E-01
    1.140082040337E-01
    1.219769632463E-01
    1.271112885803E-01
    1.273599100125E-01
    1.271112885803E-01
    1.219769632463E-01
    1.140082040337E-01
    1.042582811446E-01
    8.986586800451E-02
    7.316565073658E-02
    5.569508543428E-02
    3.780985253533E-02
    1.643695950761E-02
   -4.709064432056E-03
   -2.300813086690E-02
   -3.855664725973E-02
   -4.991040417208E-02
   -5.813191820687E-02
   -1.086813332935E-01
   -1.049277841512E-01
   -9.325012718737E-02
   -7.594533759331E-02
   -5.602292958161E-02
   -3.432744639353E-02
   -1.192793108825E-02
    1.231452843454E-02
    3.780985253533E-02
    5.813630898246E-02
    7.498089046031E-02
    9.157751012885E-02
    1.026004913444E-01
    1.116166095629E-01
    1.181923190077E-01
    1.191950197461E-01
    1.181923190077E-01
    1.116166095629E-01
    1.026004913444E-01
    9.157751012885E-02
    7.498089046031E-02
    5.813630898246E-02
    3.780985253533E-02
    1.231452843454E-02
   -1.192793108825E-02
   -3.432744639353E-02
   -5.602292958161E-02
   -7.594533759331E-02
   -9.325012718737E-02
   -1.049277841512E-01
   -1.562177296859E-01
   -1.529734913514E-01
   -1.414646900305E-01
   -1.213471293935E-01
   -9.564899407192E-02
   -6.572795429121E-02
   -3.757548935735E-02
   -1.192793108825E-02
    1.643695950761E-02
    4.117853876055E-02
    6.052626041996E-02
    7.804145515728E-02
    9.224463034349E-02
    1.020730559495E-01
    1.082439365301E-01
    1.106744095108E-01
    1.082439365301E-01
    1.020730559495E-01
    9.224463034349E-02
    7.804145515728E-02
    6.052626041996E-02
    4.117853876055E-02
    1.643695950761E-02
   -1.192793108825E-02
   -3.757548935735E-02
   -6.572795429121E-02
   -9.564899407192E-02
   -1.213471293935E-01
   -1.414646900305E-01
   -1.529734913514E-01
   -2.046485676255E-01
   -1.990747212074E-01
   -1.846209023157E-01
   -1.634016558649E-01
   -1.363272382706E-01
   -1.019359855298E-01
   -6.572795429121E-02
   -3.432744639353E-02
   -4.709064432056E-03
    2.375598751479E-02
    4.789827480731E-02
    6.568961818127E-02
    8.137653986780E-02
    9.234831756790E-02
    9.887317975971E-02
    1.027688740883E-01
    9.887317975971E-02
    9.234831756790E-02
    8.137653986780E-02
    6.568961818127E-02
    4.789827480731E-02
    2.375598751479E-02
   -4.709064432056E-03
   -3.432744639353E-02
   -6.572795429121E-02
   -1.019359855298E-01
   -1.363272382706E-01
   -1.634016558649E-01
   -1.846209023157E-01
   -1.990747212074E-01
   -2.636113854877E-01
   -2.552577198883E-01
   -2.334816979848E-01
   -2.039418577929E-01
   -1.720072461656E-01
   -1.363272382706E-01
   -9.564899407192E-02
   -5.602292958161E-02
   -2.300813086690E-02
    7.066623004289E-03
    3.521998432279E-02
    5.481319512730E-02
    7.231942452256E-02
    8.461511847392E-02
    9.024523459946E-02
    9.377538107919E-02
    9.024523459946E-02
    8.461511847392E-02
    7.231942452256E-02
    5.481319512730E-02
    3.521998432279E-02
    7.066623004289E-03
   -2.300813086690E-02
   -5.602292958161E-02
   -9.564899407192E-02
   -1.363272382706E-01
   -1.720072461656E-01
   -2.039418577929E-01
   -2.334816979848E-01
   -2.552577198883E-01
   -3.214747491254E-01
   -3.130216951078E-01
   -2.873567196770E-01
   -2.474286043962E-01
   -2.039418577929E-01
   -1.634016558649E-01
   -1.213471293935E-01
   -7.594533759331E-02
   -3.855664725973E-02
   -7.375847030612E-03
    2.433733700244E-02
    4.619934319049E-02
    6.351710184199E-02
    7.640683726806E-02
    8.356594692321E-02
    8.809523323199E-02
    8.356594692321E-02
    7.640683726806E-02
    6.351710184199E-02
    4.619934319049E-02
    2.433733700244E-02
   -7.375847030612E-03
   -3.855664725973E-02
   -7.594533759331E-02
   -1.213471293935E-01
   -1.634016558649E-01
   -2.039418577929E-01
   -2.474286043962E-01
   -2.873567196770E-01
   -3.130216951078E-01
   -3.580079939586E-01
   -3.515005952537E-01
   -3.295075504358E-01
   -2.873567196770E-01
   -2.334816979848E-01
   -1.846209023157E-01
   -1.414646900305E-01
   -9.325012718737E-02
   -4.991040417208E-02
   -1.733216484458E-02
    1.479084341591E-02
    3.877418618292E-02
    5.729359306127E-02
    7.135122229033E-02
    7.881054860185E-02
    8.292349256304E-02
    7.881054860185E-02
    7.135122229033E-02
    5.729359306127E-02
    3.877418618292E-02
    1.479084341591E-02
   -1.733216484458E-02
   -4.991040417208E-02
   -9.325012718737E-02
   -1.414646900305E-01
   -1.846209023157E-01
   -2.334816979848E-01
   -2.873567196770E-01
   -3.295075504358E-01
   -3.515005952537E-01
   -3.706535603679E-01
   -3.667969220942E-01
   -3.515005952537E-01
   -3.130216951078E-01
   -2.552577198883E-01
   -1.990747212074E-01
   -1.529734913514E-01
   -1.049277841512E-01
   -5.813191820687E-02
   -2.384984755043E-02
    8.629299200178E-03
    3.491139381265E-02
    5.398978843756E-02
    6.860547374282E-02
    7.567592933053E-02
    7.851722927921E-02
    7.567592933053E-02
    6.860547374282E-02
    5.398978843756E-02
    3.491139381265E-02
    8.629299200178E-03
   -2.384984755043E-02
   -5.813191820687E-02
   -1.049277841512E-01
   -1.529734913514E-01
   -1.990747212074E-01
   -2.552577198883E-01
   -3.130216951078E-01
   -3.515005952537E-01
   -3.667969220942E-01
   -2.761670521049E-01
   -2.670070052562E-01
   -2.445800511849E-01
   -2.130267435241E-01
   -1.793388176842E-01
   -1.435766010049E-01
   -1.017893444884E-01
   -6.141159550213E-02
   -2.762209849723E-02
    2.871837672029E-03
    3.116134669746E-02
    5.075714532556E-02
    6.833095713135E-02
    8.102924477118E-02
    8.739396430493E-02
    9.167229549037E-02
    8.739396430493E-02
    8.102924477118E-02
    6.833095713135E-02
    5.075714532556E-02
    3.116134669746E-02
    2.871837672029E-03
   -2.762209849723E-02
   -6.141159550213E-02
   -1.017893444884E-01
   -1.435766010049E-01
   -1.793388176842E-01
   -2.130267435241E-01
   -2.445800511849E-01
   -2.670070052562E-01
   -2.670070052562E-01
   -2.584258188548E-01
   -2.373931513980E-01
   -2.076706963870E-01
   -1.750372981168E-01
   -1.397437599506E-01
   -9.812492829863E-02
   -5.813191820687E-02
   -2.565831876582E-02
    4.435520362447E-03
    3.255497422745E-02
    5.209798009806E-02
    7.010155655789E-02
    8.262541888737E-02
    8.809611172440E-02
    9.169743470728E-02
    8.809611172440E-02
    8.262541888737E-02
    7.010155655789E-02
    5.209798009806E-02
    3.255497422745E-02
    4.435520362447E-03
   -2.565831876582E-02
   -5.813191820687E-02
   -9.812492829863E-02
   -1.397437599506E-01
   -1.750372981168E-01
   -2.076706963870E-01
   -2.373931513980E-01
   -2.584258188548E-01
   -2.445800511849E-01
   -2.373931513980E-01
   -2.190981733374E-01
   -1.928883188932E-01
   -1.625416598806E-01
   -1.279816578492E-01
   -8.743684091446E-02
   -4.991040417208E-02
   -1.976801079187E-02
    1.035505909821E-02
    3.741694549094E-02
    5.591111161599E-02
    7.331915008535E-02
    8.553580826347E-02
    9.138393436909E-02
    9.471374552681E-02
    9.138393436909E-02
    8.553580826347E-02
    7.331915008535E-02
    5.591111161599E-02
    3.741694549094E-02
    1.035505909821E-02
   -1.976801079187E-02
   -4.991040417208E-02
   -8.743684091446E-02
   -1.279816578492E-01
   -1.625416598806E-01
   -1.928883188932E-01
   -2.190981733374E-01
   -2.373931513980E-01
   -2.130267435241E-01
   -2.076706963870E-01
   -1.928883188932E-01
   -1.708136792201E-01
   -1.428693335686E-01
   -1.086450581712E-01
   -7.108483144658E-02
   -3.855664725973E-02
   -9.702363828493E-03
    2.002255412688E-02
    4.411396869643E-02
    6.253880548848E-02
    7.935169379931E-02
    9.041813132507E-02
    9.629883207494E-02
    9.882573033869E-02
    9.629883207494E-02
    9.041813132507E-02
    7.935169379931E-02
    6.253880548848E-02
    4.411396869643E-02
    2.002255412688E-02
   -9.702363828493E-03
   -3.855664725973E-02
   -7.108483144658E-02
   -1.086450581712E-01
   -1.428693335686E-01
   -1.708136792201E-01
   -1.928883188932E-01
   -2.076706963870E-01
   -1.793388176842E-01
   -1.750372981168E-01
   -1.625416598806E-01
   -1.428693335686E-01
   -1.159360888675E-01
   -8.326469450655E-02
   -5.093395405984E-02
   -2.300813086690E-02
    5.130578252538E-03
    3.185725513183E-02
    5.205573223681E-02
    7.118216749560E-02
    8.691033816453E-02
    9.667511292784E-02
    1.027343541507E-01
    1.044296253163E-01
    1.027343541507E-01
    9.667511292784E-02
    8.691033816453E-02
    7.118216749560E-02
    5.205573223681E-02
    3.185725513183E-02
    5.130578252538E-03
   -2.300813086690E-02
   -5.093395405984E-02
   -8.326469450655E-02
   -1.159360888675E-01
   -1.428693335686E-01
   -1.625416598806E-01
   -1.750372981168E-01
   -1.435766010049E-01
   -1.397437599506E-01
   -1.279816578492E-01
   -1.086450581712E-01
   -8.326469450655E-02
   -5.625827206108E-02
   -3.040784617294E-02
   -4.709064432056E-03
    2.172007899194E-02
    4.477561357519E-02
    6.367600289923E-02
    8.223209638975E-02
    9.472516229436E-02
    1.035311478602E-01
    1.105377200881E-01
    1.120675240646E-01
    1.105377200881E-01
    1.035311478602E-01
    9.472516229436E-02
    8.223209638975E-02
    6.367600289923E-02
    4.477561357519E-02
    2.172007899194E-02
   -4.709064432056E-03
   -3.040784617294E-02
   -5.625827206108E-02
   -8.326469450655E-02
   -1.086450581712E-01
   -1.279816578492E-01
   -1.397437599506E-01
   -1.017893444884E-01
   -9.812492829863E-02
   -8.743684091446E-02
   -7.108483144658E-02
   -5.093395405984E-02
   -3.040784617294E-02
   -8.170893783286E-03
    1.643695950761E-02
    3.896707398263E-02
    5.843528949291E-02
    7.666547704322E-02
    9.348607754197E-02
    1.042092940932E-01
    1.127369390249E-01
    1.183522826079E-01
    1.185602141519E-01
    1.183522826079E-01
    1.127369390249E-01
    1.042092940932E-01
    9.348607754197E-02
    7.666547704322E-02
    5.843528949291E-02
    3.896707398263E-02
    1.643695950761E-02
   -8.170893783286E-03
   -3.040784617294E-02
   -5.093395405984E-02
   -7.108483144658E-02
   -8.743684091446E-02
   -9.812492829863E-02
   -6.141159550213E-02
   -5.813191820687E-02
   -4.991040417208E-02
   -3.855664725973E-02
   -2.300813086690E-02
   -4.709064432056E-03
    1.643695950761E-02
    3.780985253533E-02
    5.569508543428E-02
    7.316565073658E-02
    8.986586800451E-02
    1.042582811446E-01
    1.140082040337E-01
    1.219769632463E-01
    1.271112885803E-01
    1.273599100125E-01
    1.271112885803E-01
    1.219769632463E-01
    1.140082040337E-01
    1.042582811446E-01
    8.986586800451E-02
    7.316565073658E-02
    5.569508543428E-02
    3.780985253533E-02
    1.643695950761E-02
   -4.709064432056E-03
   -2.300813086690E-02
   -3.855664725973E-02
   -4.991040417208E-02
   -5.813191820687E-02
   -2.762209849723E-02
   -2.565831876582E-02
   -1.976801079187E-02
   -9.702363828493E-03
    5.130578252538E-03
    2.172007899194E-02
    3.896707398263E-02
    5.569508543428E-02
    7.167641221289E-02
    8.869505281890E-02
    1.029150422582E-01
    1.151309105486E-01
    1.243398350759E-01
    1.308245119107E-01
    1.358248963495E-01
    1.371396419622E-01
    1.358248963495E-01
    1.308245119107E-01
    1.243398350759E-01
    1.151309105486E-01
    1.029150422582E-01
    8.869505281890E-02
    7.167641221289E-02
    5.569508543428E-02
    3.896707398263E-02
    2.172007899194E-02
    5.130578252538E-03
   -9.702363828493E-03
   -1.976801079187E-02
   -2.565831876582E-02
    2.871837672029E-03
    4.435520362447E-03
    1.035505909821E-02
    2.002255412688E-02
    3.185725513183E-02
    4.477561357519E-02
    5.843528949291E-02
    7.316565073658E-02
    8.869505281890E-02
    1.033115892268E-01
    1.144153704002E-01
    1.248133703559E-01
    1.341791857636E-01
    1.399198995511E-01
    1.437581765093E-01
    1.453742202322E-01
    1.437581765093E-01
    1.399198995511E-01
    1.341791857636E-01
    1.248133703559E-01
    1.144153704002E-01
    1.033115892268E-01
    8.869505281890E-02
    7.316565073658E-02
    5.843528949291E-02
    4.477561357519E-02
    3.185725513183E-02
    2.002255412688E-02
    1.035505909821E-02
    4.435520362447E-03
    3.116134669746E-02
    3.255497422745E-02
    3.741694549094E-02
    4.411396869643E-02
    5.205573223681E-02
    6.367600289923E-02
    7.666547704322E-02
    8.986586800451E-02
    1.029150422582E-01
    1.144153704002E-01
    1.254831972645E-01
    1.349939681303E-01
    1.430693103533E-01
    1.484285133770E-01
    1.512029465598E-01
    1.526813176409E-01
    1.512029465598E-01
    1.484285133770E-01
    1.430693103533E-01
    1.349939681303E-01
    1.254831972645E-01
    1.144153704002E-01
    1.029150422582E-01
    8.986586800451E-02
    7.666547704322E-02
    6.367600289923E-02
    5.205573223681E-02
    4.411396869643E-02
    3.741694549094E-02
    3.255497422745E-02
    5.075714532556E-02
    5.209798009806E-02
    5.591111161599E-02
    6.253880548848E-02
    7.118216749560E-02
    8.223209638975E-02
    9.348607754197E-02
    1.042582811446E-01
    1.151309105486E-01
    1.248133703559E-01
    1.349939681303E-01
    1.424261481752E-01
    1.494620739788E-01
    1.557372120798E-01
    1.582091350416E-01
    1.593002465677E-01
    1.582091350416E-01
    1.557372120798E-01
    1.494620739788E-01
    1.424261481752E-01
    1.349939681303E-01
    1.248133703559E-01
    1.151309105486E-01
    1.042582811446E-01
    9.348607754197E-02
    8.223209638975E-02
    7.118216749560E-02
    6.253880548848E-02
    5.591111161599E-02
    5.209798009806E-02
    6.833095713135E-02
    7.010155655789E-02
    7.331915008535E-02
    7.935169379931E-02
    8.691033816453E-02
    9.472516229436E-02
    1.042092940932E-01
    1.140082040337E-01
    1.243398350759E-01
    1.341791857636E-01
    1.430693103533E-01
    1.494620739788E-01
    1.559389844054E-01
    1.612063375641E-01
    1.634493726695E-01
    1.647350988424E-01
    1.634493726695E-01
    1.612063375641E-01
    1.559389844054E-01
    1.494620739788E-01
    1.430693103533E-01
    1.341791857636E-01
    1.243398350759E-01
    1.140082040337E-01
    1.042092940932E-01
    9.472516229436E-02
    8.691033816453E-02
    7.935169379931E-02
    7.331915008535E-02
    7.010155655789E-02
    8.102924477118E-02
    8.262541888737E-02
    8.553580826347E-02
    9.041813132507E-02
    9.667511292784E-02
    1.035311478602E-01
    1.127369390249E-01
    1.219769632463E-01
    1.308245119107E-01
    1.399198995511E-01
    1.484285133770E-01
    1.557372120798E-01
    1.612063375641E-01
    1.643178591734E-01
    1.674195786080E-01
    1.696295838767E-01
    1.674195786080E-01
    1.643178591734E-01
    1.612063375641E-01
    1.557372120798E-01
    1.484285133770E-01
    1.399198995511E-01
    1.308245119107E-01
    1.219769632463E-01
    1.127369390249E-01
    1.035311478602E-01
    9.667511292784E-02
    9.041813132507E-02
    8.553580826347E-02
    8.262541888737E-02
    8.739396430493E-02
    8.809611172440E-02
    9.138393436909E-02
    9.629883207494E-02
    1.027343541507E-01
    1.105377200881E-01
    1.183522826079E-01
    1.271112885803E-01
    1.358248963495E-01
    1.437581765093E-01
    1.512029465598E-01
    1.582091350416E-01
    1.634493726695E-01
    1.674195786080E-01
    1.704534744402E-01
    1.713348013450E-01
    1.704534744402E-01
    1.674195786080E-01
    1.634493726695E-01
    1.582091350416E-01
    1.512029465598E-01
    1.437581765093E-01
    1.358248963495E-01
    1.271112885803E-01
    1.183522826079E-01
    1.105377200881E-01
    1.027343541507E-01
    9.629883207494E-02
    9.138393436909E-02
    8.809611172440E-02
    9.167229549037E-02
    9.169743470728E-02
    9.471374552681E-02
    9.882573033869E-02
    1.044296253163E-01
    1.120675240646E-01
    1.185602141519E-01
    1.273599100125E-01
    1.371396419622E-01
    1.453742202322E-01
    1.526813176409E-01
    1.593002465677E-01
    1.647350988424E-01
    1.696295838767E-01
    1.713348013450E-01
    1.703518854619E-01
    1.713348013450E-01
    1.696295838767E-01
    1.647350988424E-01
    1.593002465677E-01
    1.526813176409E-01
    1.453742202322E-01
    1.371396419622E-01
    1.273599100125E-01
    1.185602141519E-01
    1.120675240646E-01
    1.044296253163E-01
    9.882573033869E-02
    9.471374552681E-02
    9.169743470728E-02
    8.739396430493E-02
    8.809611172440E-02
    9.138393436909E-02
    9.629883207494E-02
    1.027343541507E-01
    1.105377200881E-01
    1.183522826079E-01
    1.271112885803E-01
    1.358248963495E-01
    1.437581765093E-01
    1.512029465598E-01
    1.582091350416E-01
    1.634493726695E-01
    1.674195786080E-01
    1.704534744402E-01
    1.713348013450E-01
    1.704534744402E-01
    1.674195786080E-01
    1.634493726695E-01
    1.582091350416E-01
    1.512029465598E-01
    1.437581765093E-01
    1.358248963495E-01
    1.271112885803E-01
    1.183522826079E-01
    1.105377200881E-01
    1.027343541507E-01
    9.629883207494E-02
    9.138393436909E-02
    8.809611172440E-02
    8.102924477118E-02
    8.262541888737E-02
    8.553580826347E-02
    9.041813132507E-02
    9.667511292784E-02
    1.035311478602E-01
    1.127369390249E-01
    1.219769632463E-01
    1.308245119107E-01
    1.399198995511E-01
    1.484285133770E-01
    1.557372120798E-01
    1.612063375641E-01
    1.643178591734E-01
    1.674195786080E-01
    1.696295838767E-01
    1.674195786080E-01
    1.643178591734E-01
    1.612063375641E-01
    1.557372120798E-01
    1.484285133770E-01
    1.399198995511E-01
    1.308245119107E-01
    1.219769632463E-01
    1.127369390249E-01
    1.035311478602E-01
    9.667511292784E-02
    9.041813132507E-02
    8.553580826347E-02
    8.262541888737E-02
    6.833095713135E-02
    7.010155655789E-02
    7.331915008535E-02
    7.935169379931E-02
    8.691033816453E-02
    9.472516229436E-02
    1.042092940932E-01
    1.140082040337E-01
    1.243398350759E-01
    1.341791857636E-01
    1.430693103533E-01
    1.494620739788E-01
    1.559389844054E-01
    1.612063375641E-01
    1.634493726695E-01
    1.647350988424E-01
    1.634493726695E-01
    1.612063375641E-01
    1.559389844054E-01
    1.494620739788E-01
    1.430693103533E-01
    1.341791857636E-01
    1.243398350759E-01
    1.140082040337E-01
    1.042092940932E-01
    9.472516229436E-02
    8.691033816453E-02
    7.935169379931E-02
    7.331915008535E-02
    7.010155655789E-02
    5.075714532556E-02
    5.209798009806E-02
    5.591111161599E-02
    6.253880548848E-02
    7.118216749560E-02
    8.223209638975E-02
    9.348607754197E-02
    1.042582811446E-01
    1.151309105486E-01
    1.248133703559E-01
    1.349939681303E-01
    1.424261481752E-01
    1.494620739788E-01
    1.557372120798E-01
    1.582091350416E-01
    1.593002465677E-01
    1.582091350416E-01
    1.557372120798E-01
    1.494620739788E-01
    1.424261481752E-01
    1.349939681303E-01
    1.248133703559E-01
    1.151309105486E-01
    1.042582811446E-01
    9.348607754197E-02
    8.223209638975E-02
    7.118216749560E-02
    6.253880548848E-02
    5.591111161599E-02
    5.209798009806E-02
    3.116134669746E-02
    3.255497422745E-02
    3.741694549094E-02
    4.411396869643E-02
    5.205573223681E-02
    6.367600289923E-02
    7.666547704322E-02
    8.986586800451E-02
    1.029150422582E-01
    1.144153704002E-01
    1.254831972645E-01
    1.349939681303E-01
    1.430693103533E-01
    1.484285133770E-01
    1.512029465598E-01
    1.526813176409E-01
    1.512029465598E-01
    1.484285133770E-01
    1.430693103533E-01
    1.349939681303E-01
    1.254831972645E-01
    1.144153704002E-01
    1.029150422582E-01
    8.986586800451E-02
    7.666547704322E-02
    6.367600289923E-02
    5.205573223681E-02
    4.411396869643E-02
    3.741694549094E-02
    3.255497422745E-02
    2.871837672029E-03
    4.435520362447E-03
    1.035505909821E-02
    2.002255412688E-02
    3.185725513183E-02
    4.477561357519E-02
    5.843528949291E-02
    7.316565073658E-02
    8.869505281890E-02
    1.033115892268E-01
    1.144153704002E-01
    1.248133703559E-01
    1.341791857636E-01
    1.399198995511E-01
    1.437581765093E-01
    1.453742202322E-01
    1.437581765093E-01
    1.399198995511E-01
    1.341791857636E-01
    1.248133703559E-01
    1.144153704002E-01
    1.033115892268E-01
    8.869505281890E-02
    7.316565073658E-02
    5.843528949291E-02
    4.477561357519E-02
    3.185725513183E-02
    2.002255412688E-02
    1.035505909821E-02
    4.435520362447E-03
   -2.762209849723E-02
   -2.565831876582E-02
   -1.976801079187E-02
   -9.702363828493E-03
    5.130578252538E-03
    2.172007899194E-02
    3.896707398263E-02
    5.569508543428E-02
    7.167641221289E-02
    8.869505281890E-02
    1.029150422582E-01
    1.151309105486E-01
    1.243398350759E-01
    1.308245119107E-01
    1.358248963495E-01
    1.371396419622E-01
    1.358248963495E-01
    1.308245119107E-01
    1.243398350759E-01
    1.151309105486E-01
    1.029150422582E-01
    8.869505281890E-02
    7.167641221289E-02
    5.569508543428E-02
    3.896707398263E-02
    2.172007899194E-02
    5.130578252538E-03
   -9.702363828493E-03
   -1.976801079187E-02
   -2.565831876582E-02
   -6.141159550213E-02
   -5.813191820687E-02
   -4.991040417208E-02
   -3.855664725973E-02
   -2.300813086690E-02
   -4.709064432056E-03
    1.643695950761E-02
    3.780985253533E-02
    5.569508543428E-02
    7.316565073658E-02
    8.986586800451E-02
    1.042582811446E-01
    1.140082040337E-01
    1.219769632463E-01
    1.271112885803E-01
    1.273599100125E-01
    1.271112885803E-01
    1.219769632463E-01
    1.140082040337E-01
    1.042582811446E-01
    8.986586800451E-02
    7.316565073658E-02
    5.569508543428E-02
    3.780985253533E-02
    1.643695950761E-02
   -4.709064432056E-03
   -2.300813086690E-02
   -3.855664725973E-02
   -4.991040417208E-02
   -5.813191820687E-02
   -1.017893444884E-01
   -9.812492829863E-02
   -8.743684091446E-02
   -7.108483144658E-02
   -5.093395405984E-02
   -3.040784617294E-02
   -8.170893783286E-03
    1.643695950761E-02
    3.896707398263E-02
    5.843528949291E-02
    7.666547704322E-02
    9.348607754197E-02
    1.042092940932E-01
    1.127369390249E-01
    1.183522826079E-01
    1.185602141519E-01
    1.183522826079E-01
    1.127369390249E-01
    1.042092940932E-01
    9.348607754197E-02
    7.666547704322E-02
    5.843528949291E-02
    3.896707398263E-02
    1.643695950761E-02
   -8.170893783286E-03
   -3.040784617294E-02
   -5.093395405984E-02
   -7.108483144658E-02
   -8.743684091446E-02
   -9.812492829863E-02
   -1.435766010049E-01
   -1.397437599506E-01
   -1.279816578492E-01
   -1.086450581712E-01
   -8.326469450655E-02
   -5.625827206108E-02
   -3.040784617294E-02
   -4.709064432056E-03
    2.172007899194E-02
    4.477561357519E-02
    6.367600289923E-02
    8.223209638975E-02
    9.472516229436E-02
    1.035311478602E-01
    1.105377200881E-01
    1.120675240646E-01
    1.105377200881E-01
    1.035311478602E-01
    9.472516229436E-02
    8.223209638975E-02
    6.367600289923E-02
    4.477561357519E-02
    2.172007899194E-02
   -4.709064432056E-03
   -3.040784617294E-02
   -5.625827206108E-02
   -8.326469450655E-02
   -1.086450581712E-01
   -1.279816578492E-01
   -1.397437599506E-01
   -1.793388176842E-01
   -1.750372981168E-01
   -1.625416598806E-01
   -1.428693335686E-01
   -1.159360888675E-01
   -8.326469450655E-02
   -5.093395405984E-02
   -2.300813086690E-02
    5.130578252538E-03
    3.185725513183E-02
    5.205573223681E-02
    7.118216749560E-02
    8.691033816453E-02
    9.667511292784E-02
    1.027343541507E-01
    1.044296253163E-01
    1.027343541507E-01
    9.667511292784E-02
    8.691033816453E-02
    7.118216749560E-02
    5.205573223681E-02
    3.185725513183E-02
    5.130578252538E-03
   -2.300813086690E-02
   -5.093395405984E-02
   -8.326469450655E-02
   -1.159360888675E-01
   -1.428693335686E-01
   -1.625416598806E-01
   -1.750372981168E-01
   -2.130267435241E-01
   -2.076706963870E-01
   -1.928883188932E-01
   -1.708136792201E-01
   -1.428693335686E-01
   -1.086450581712E-01
   -7.108483144658E-02
   -3.855664725973E-02
   -9.702363828493E-03
    2.002255412688E-02
    4.411396869643E-02
    6.253880548848E-02
    7.935169379931E-02
    9.041813132507E-02
    9.629883207494E-02
    9.882573033869E-02
    9.629883207494E-02
    9.041813132507E-02
    7.935169379931E-02
    6.253880548848E-02
    4.411396869643E-02
    2.002255412688E-02
   -9.702363828493E-03
   -3.855664725973E-02
   -7.108483144658E-02
   -1.086450581712E-01
   -1.428693335686E-01
   -1.708136792201E-01
   -1.928883188932E-01
   -2.076706963870E-01
   -2.445800511849E-01
   -2.373931513980E-01
   -2.190981733374E-01
   -1.928883188932E-01
   -1.625416598806E-01
   -1.279816578492E-01
   -8.743684091446E-02
   -4.991040417208E-02
   -1.976801079187E-02
    1.035505909821E-02
    3.741694549094E-02
    5.591111161599E-02
    7.331915008535E-02
    8.553580826347E-02
    9.138393436909E-02
    9.471374552681E-02
    9.138393436909E-02
    8.553580826347E-02
    7.331915008535E-02
    5.591111161599E-02
    3.741694549094E-02
    1.035505909821E-02
   -1.976801079187E-02
   -4.991040417208E-02
   -8.743684091446E-02
   -1.279816578492E-01
   -1.625416598806E-01
   -1.928883188932E-01
   -2.190981733374E-01
   -2.373931513980E-01
   -2.670070052562E-01
   -2.584258188548E-01
   -2.373931513980E-01
   -2.076706963870E-01
   -1.750372981168E-01
   -1.397437599506E-01
   -9.812492829863E-02
   -5.813191820687E-02
   -2.565831876582E-02
    4.435520362447E-03
    3.255497422745E-02
    5.209798009806E-02
    7.010155655789E-02
    8.262541888737E-02
    8.809611172440E-02
    9.169743470728E-02
    8.809611172440E-02
    8.262541888737E-02
    7.010155655789E-02
    5.209798009806E-02
    3.255497422745E-02
    4.435520362447E-03
   -2.565831876582E-02
   -5.813191820687E-02
   -9.812492829863E-02
   -1.397437599506E-01
   -1.750372981168E-01
   -2.076706963870E-01
   -2.373931513980E-01
   -2.584258188548E-01
   -1.797568252805E-01
   -1.759771512282E-01
   -1.641277602206E-01
   -1.434314490618E-01
   -1.162811398709E-01
   -8.451971288711E-02
   -5.340861341676E-02
   -2.604101930737E-02
    2.871837672029E-03
    2.965814527178E-02
    5.043847516117E-02
    6.886471194662E-02
    8.459213184981E-02
    9.425773736688E-02
    9.992431487794E-02
    1.026391426234E-01
    9.992431487794E-02
    9.425773736688E-02
    8.459213184981E-02
    6.886471194662E-02
    5.043847516117E-02
    2.965814527178E-02
    2.871837672029E-03
   -2.604101930737E-02
   -5.340861341676E-02
   -8.451971288711E-02
   -1.162811398709E-01
   -1.434314490618E-01
   -1.641277602206E-01
   -1.759771512282E-01
   -1.759771512282E-01
   -1.719369755643E-01
   -1.598569834176E-01
   -1.397535483681E-01
   -1.129955342925E-01
   -8.144354409195E-02
   -5.077521822520E-02
   -2.384984755043E-02
    4.435520362447E-03
    3.112111842933E-02
    5.209892203238E-02
    7.050903309328E-02
    8.529611498338E-02
    9.472621221374E-02
    1.011686287425E-01
    1.040208528195E-01
    1.011686287425E-01
    9.472621221374E-02
    8.529611498338E-02
    7.050903309328E-02
    5.209892203238E-02
    3.112111842933E-02
    4.435520362447E-03
   -2.384984755043E-02
   -5.077521822520E-02
   -8.144354409195E-02
   -1.129955342925E-01
   -1.397535483681E-01
   -1.598569834176E-01
   -1.719369755643E-01
   -1.641277602206E-01
   -1.598569834176E-01
   -1.474826215418E-01
   -1.279820034297E-01
   -1.017581646211E-01
   -7.184812498738E-02
   -4.342361764880E-02
   -1.733216484458E-02
    1.035505909821E-02
    3.608399679558E-02
    5.579506044351E-02
    7.419025684024E-02
    8.804763713750E-02
    9.724865541544E-02
    1.041764569121E-01
    1.062845945945E-01
    1.041764569121E-01
    9.724865541544E-02
    8.804763713750E-02
    7.419025684024E-02
    5.579506044351E-02
    3.608399679558E-02
    1.035505909821E-02
   -1.733216484458E-02
   -4.342361764880E-02
   -7.184812498738E-02
   -1.017581646211E-01
   -1.279820034297E-01
   -1.474826215418E-01
   -1.598569834176E-01
   -1.434314490618E-01
   -1.397535483681E-01
   -1.279820034297E-01
   -1.088719579903E-01
   -8.395447926804E-02
   -5.779322210876E-02
   -3.278054522399E-02
   -7.375847030612E-03
    2.002255412688E-02
    4.412893124973E-02
    6.161940750452E-02
    7.987257337169E-02
    9.290468800459E-02
    1.018865971908E-01
    1.087670167601E-01
    1.095747752580E-01
    1.087670167601E-01
    1.018865971908E-01
    9.290468800459E-02
    7.987257337169E-02
    6.161940750452E-02
    4.412893124973E-02
    2.002255412688E-02
   -7.375847030612E-03
   -3.278054522399E-02
   -5.779322210876E-02
   -8.395447926804E-02
   -1.088719579903E-01
   -1.279820034297E-01
   -1.397535483681E-01
   -1.162811398709E-01
   -1.129955342925E-01
   -1.017581646211E-01
   -8.395447926804E-02
   -6.227588568335E-02
   -4.036943613445E-02
   -1.753598404614E-02
    7.066623004289E-03
    3.185725513183E-02
    5.349134978848E-02
    7.017360174925E-02
    8.760658953119E-02
    9.882090761940E-02
    1.074206790993E-01
    1.145634926991E-01
    1.148777223706E-01
    1.145634926991E-01
    1.074206790993E-01
    9.882090761940E-02
    8.760658953119E-02
    7.017360174925E-02
    5.349134978848E-02
    3.185725513183E-02
    7.066623004289E-03
   -1.753598404614E-02
   -4.036943613445E-02
   -6.227588568335E-02
   -8.395447926804E-02
   -1.017581646211E-01
   -1.129955342925E-01
   -8.451971288711E-02
   -8.144354409195E-02
   -7.184812498738E-02
   -5.779322210876E-02
   -4.036943613445E-02
   -2.178022333407E-02
   -1.124883382825E-04
    2.375598751479E-02
    4.477561357519E-02
    6.412493228188E-02
    8.087805422145E-02
    9.624216937406E-02
    1.067143117083E-01
    1.152529077805E-01
    1.211795178978E-01
    1.211971681652E-01
    1.211795178978E-01
    1.152529077805E-01
    1.067143117083E-01
    9.624216937406E-02
    8.087805422145E-02
    6.412493228188E-02
    4.477561357519E-02
    2.375598751479E-02
   -1.124883382825E-04
   -2.178022333407E-02
   -4.036943613445E-02
   -5.779322210876E-02
   -7.184812498738E-02
   -8.144354409195E-02
   -5.340861341676E-02
   -5.077521822520E-02
   -4.342361764880E-02
   -3.278054522399E-02
   -1.753598404614E-02
   -1.124883382825E-04
    1.995874456492E-02
    4.117853876055E-02
    5.843528949291E-02
    7.653857699707E-02
    9.249652639476E-02
    1.046619360821E-01
    1.156060512745E-01
    1.240525901986E-01
    1.283562541073E-01
    1.288511343606E-01
    1.283562541073E-01
    1.240525901986E-01
    1.156060512745E-01
    1.046619360821E-01
    9.249652639476E-02
    7.653857699707E-02
    5.843528949291E-02
    4.117853876055E-02
    1.995874456492E-02
   -1.124883382825E-04
   -1.753598404614E-02
   -3.278054522399E-02
   -4.342361764880E-02
   -5.077521822520E-02
   -2.604101930737E-02
   -2.384984755043E-02
   -1.733216484458E-02
   -7.375847030612E-03
    7.066623004289E-03
    2.375598751479E-02
    4.117853876055E-02
    5.813630898246E-02
    7.316565073658E-02
    9.006046989724E-02
    1.035876569429E-01
    1.137051886086E-01
    1.247690408019E-01
    1.321619303804E-01
    1.359798691521E-01
    1.376010281954E-01
    1.359798691521E-01
    1.321619303804E-01
    1.247690408019E-01
    1.137051886086E-01
    1.035876569429E-01
    9.006046989724E-02
    7.316565073658E-02
    5.813630898246E-02
    4.117853876055E-02
    2.375598751479E-02
    7.066623004289E-03
   -7.375847030612E-03
   -1.733216484458E-02
   -2.384984755043E-02
    2.871837672029E-03
    4.435520362447E-03
    1.035505909821E-02
    2.002255412688E-02
    3.185725513183E-02
    4.477561357519E-02
    5.843528949291E-02
    7.316565073658E-02
    8.869505281890E-02
    1.033115892268E-01
    1.144153704002E-01
    1.248133703559E-01
    1.341791857636E-01
    1.399198995511E-01
    1.437581765093E-01
    1.453742202322E-01
    1.437581765093E-01
    1.399198995511E-01
    1.341791857636E-01
    1.248133703559E-01
    1.144153704002E-01
    1.033115892268E-01
    8.869505281890E-02
    7.316565073658E-02
    5.843528949291E-02
    4.477561357519E-02
    3.185725513183E-02
    2.002255412688E-02
    1.035505909821E-02
    4.435520362447E-03
    2.965814527178E-02
    3.112111842933E-02
    3.608399679558E-02
    4.412893124973E-02
    5.349134978848E-02
    6.412493228188E-02
    7.653857699707E-02
    9.006046989724E-02
    1.033115892268E-01
    1.141357016872E-01
    1.247169192667E-01
    1.355174303510E-01
    1.421999344585E-01
    1.476163309755E-01
    1.515040539125E-01
    1.519411564192E-01
    1.515040539125E-01
    1.476163309755E-01
    1.421999344585E-01
    1.355174303510E-01
    1.247169192667E-01
    1.141357016872E-01
    1.033115892268E-01
    9.006046989724E-02
    7.653857699707E-02
    6.412493228188E-02
    5.349134978848E-02
    4.412893124973E-02
    3.608399679558E-02
    3.112111842933E-02
    5.043847516117E-02
    5.209892203238E-02
    5.579506044351E-02
    6.161940750452E-02
    7.017360174925E-02
    8.087805422145E-02
    9.249652639476E-02
    1.035876569429E-01
    1.144153704002E-01
    1.247169192667E-01
    1.353062190779E-01
    1.442820048837E-01
    1.499324607443E-01
    1.556405986817E-01
    1.591339056318E-01
    1.592976369779E-01
    1.591339056318E-01
    1.556405986817E-01
    1.499324607443E-01
    1.442820048837E-01
    1.353062190779E-01
    1.247169192667E-01
    1.144153704002E-01
    1.035876569429E-01
    9.249652639476E-02
    8.087805422145E-02
    7.017360174925E-02
    6.161940750452E-02
    5.579506044351E-02
    5.209892203238E-02
    6.886471194662E-02
    7.050903309328E-02
    7.419025684024E-02
    7.987257337169E-02
    8.760658953119E-02
    9.624216937406E-02
    1.046619360821E-01
    1.137051886086E-01
    1.248133703559E-01
    1.355174303510E-01
    1.442820048837E-01
    1.514916888775E-01
    1.574982294370E-01
    1.614519280081E-01
    1.645084175271E-01
    1.664062978926E-01
    1.645084175271E-01
    1.614519280081E-01
    1.574982294370E-01
    1.514916888775E-01
    1.442820048837E-01
    1.355174303510E-01
    1.248133703559E-01
    1.137051886086E-01
    1.046619360821E-01
    9.624216937406E-02
    8.760658953119E-02
    7.987257337169E-02
    7.419025684024E-02
    7.050903309328E-02
    8.459213184981E-02
    8.529611498338E-02
    8.804763713750E-02
    9.290468800459E-02
    9.882090761940E-02
    1.067143117083E-01
    1.156060512745E-01
    1.247690408019E-01
    1.341791857636E-01
    1.421999344585E-01
    1.499324607443E-01
    1.574982294370E-01
    1.640073882122E-01
    1.670958095079E-01
    1.692762172018E-01
    1.713755699532E-01
    1.692762172018E-01
    1.670958095079E-01
    1.640073882122E-01
    1.574982294370E-01
    1.499324607443E-01
    1.421999344585E-01
    1.341791857636E-01
    1.247690408019E-01
    1.156060512745E-01
    1.067143117083E-01
    9.882090761940E-02
    9.290468800459E-02
    8.804763713750E-02
    8.529611498338E-02
    9.425773736688E-02
    9.472621221374E-02
    9.724865541544E-02
    1.018865971908E-01
    1.074206790993E-01
    1.152529077805E-01
    1.240525901986E-01
    1.321619303804E-01
    1.399198995511E-01
    1.476163309755E-01
    1.556405986817E-01
    1.614519280081E-01
    1.670958095079E-01
    1.721405280941E-01
    1.736468356171E-01
    1.738350042230E-01
    1.736468356171E-01
    1.721405280941E-01
    1.670958095079E-01
    1.614519280081E-01
    1.556405986817E-01
    1.476163309755E-01
    1.399198995511E-01
    1.321619303804E-01
    1.240525901986E-01
    1.152529077805E-01
    1.074206790993E-01
    1.018865971908E-01
    9.724865541544E-02
    9.472621221374E-02
    9.992431487794E-02
    1.011686287425E-01
    1.041764569121E-01
    1.087670167601E-01
    1.145634926991E-01
    1.211795178978E-01
    1.283562541073E-01
    1.359798691521E-01
    1.437581765093E-01
    1.515040539125E-01
    1.591339056318E-01
    1.645084175271E-01
    1.692762172018E-01
    1.736468356171E-01
    1.757710759674E-01
    1.764867937170E-01
    1.757710759674E-01
    1.736468356171E-01
    1.692762172018E-01
    1.645084175271E-01
    1.591339056318E-01
    1.515040539125E-01
    1.437581765093E-01
    1.359798691521E-01
    1.283562541073E-01
    1.211795178978E-01
    1.145634926991E-01
    1.087670167601E-01
    1.041764569121E-01
    1.011686287425E-01
    1.026391426234E-01
    1.040208528195E-01
    1.062845945945E-01
    1.095747752580E-01
    1.148777223706E-01
    1.211971681652E-01
    1.288511343606E-01
    1.376010281954E-01
    1.453742202322E-01
    1.519411564192E-01
    1.592976369779E-01
    1.664062978926E-01
    1.713755699532E-01
    1.738350042230E-01
    1.764867937170E-01
    1.785819210894E-01
    1.764867937170E-01
    1.738350042230E-01
    1.713755699532E-01
    1.664062978926E-01
    1.592976369779E-01
    1.519411564192E-01
    1.453742202322E-01
    1.376010281954E-01
    1.288511343606E-01
    1.211971681652E-01
    1.148777223706E-01
    1.095747752580E-01
    1.062845945945E-01
    1.040208528195E-01
    9.992431487794E-02
    1.011686287425E-01
    1.041764569121E-01
    1.087670167601E-01
    1.145634926991E-01
    1.211795178978E-01
    1.283562541073E-01
    1.359798691521E-01
    1.437581765093E-01
    1.515040539125E-01
    1.591339056318E-01
    1.645084175271E-01
    1.692762172018E-01
    1.736468356171E-01
    1.757710759674E-01
    1.764867937170E-01
    1.757710759674E-01
    1.736468356171E-01
    1.692762172018E-01
    1.645084175271E-01
    1.591339056318E-01
    1.515040539125E-01
    1.437581765093E-01
    1.359798691521E-01
    1.283562541073E-01
    1.211795178978E-01
    1.145634926991E-01
    1.087670167601E-01
    1.041764569121E-01
    1.011686287425E-01
    9.425773736688E-02
    9.472621221374E-02
    9.724865541544E-02
    1.018865971908E-01
    1.074206790993E-01
    1.152529077805E-01
    1.240525901986E-01
    1.321619303804E-01
    1.399198995511E-01
    1.476163309755E-01
    1.556405986817E-01
    1.614519280081E-01
    1.670958095079E-01
    1.721405280941E-01
    1.736468356171E-01
    1.738350042230E-01
    1.736468356171E-01
    1.721405280941E-01
    1.670958095079E-01
    1.614519280081E-01
    1.556405986817E-01
    1.476163309755E-01
    1.399198995511E-01
    1.321619303804E-01
    1.240525901986E-01
    1.152529077805E-01
    1.074206790993E-01
    1.018865971908E-01
    9.724865541544E-02
    9.472621221374E-02
    8.459213184981E-02
    8.529611498338E-02
    8.804763713750E-02
    9.290468800459E-02
    9.882090761940E-02
    1.067143117083E-01
    1.156060512745E-01
    1.247690408019E-01
    1.341791857636E-01
    1.421999344585E-01
    1.499324607443E-01
    1.574982294370E-01
    1.640073882122E-01
    1.670958095079E-01
    1.692762172018E-01
    1.713755699532E-01
    1.692762172018E-01
    1.670958095079E-01
    1.640073882122E-01
    1.574982294370E-01
    1.499324607443E-01
    1.421999344585E-01
    1.341791857636E-01
    1.247690408019E-01
    1.156060512745E-01
    1.067143117083E-01
    9.882090761940E-02
    9.290468800459E-02
    8.804763713750E-02
    8.529611498338E-02
    6.886471194662E-02
    7.050903309328E-02
    7.419025684024E-02
    7.987257337169E-02
    8.760658953119E-02
    9.624216937406E-02
    1.046619360821E-01
    1.137051886086E-01
    1.248133703559E-01
    1.355174303510E-01
    1.442820048837E-01
    1.514916888775E-01
    1.574982294370E-01
    1.614519280081E-01
    1.645084175271E-01
    1.664062978926E-01
    1.645084175271E-01
    1.614519280081E-01
    1.574982294370E-01
    1.514916888775E-01
    1.442820048837E-01
    1.355174303510E-01
    1.248133703559E-01
    1.137051886086E-01
    1.046619360821E-01
    9.624216937406E-02
    8.760658953119E-02
    7.987257337169E-02
    7.419025684024E-02
    7.050903309328E-02
    5.043847516117E-02
    5.209892203238E-02
    5.579506044351E-02
    6.161940750452E-02
    7.017360174925E-02
    8.087805422145E-02
    9.249652639476E-02
    1.035876569429E-01
    1.144153704002E-01
    1.247169192667E-01
    1.353062190779E-01
    1.442820048837E-01
    1.499324607443E-01
    1.556405986817E-01
    1.591339056318E-01
    1.592976369779E-01
    1.591339056318E-01
    1.556405986817E-01
    1.499324607443E-01
    1.442820048837E-01
    1.353062190779E-01
    1.247169192667E-01
    1.144153704002E-01
    1.035876569429E-01
    9.249652639476E-02
    8.087805422145E-02
    7.017360174925E-02
    6.161940750452E-02
    5.579506044351E-02
    5.209892203238E-02
    2.965814527178E-02
    3.112111842933E-02
    3.608399679558E-02
    4.412893124973E-02
    5.349134978848E-02
    6.412493228188E-02
    7.653857699707E-02
    9.006046989724E-02
    1.033115892268E-01
    1.141357016872E-01
    1.247169192667E-01
    1.355174303510E-01
    1.421999344585E-01
    1.476163309755E-01
    1.515040539125E-01
    1.519411564192E-01
    1.515040539125E-01
    1.476163309755E-01
    1.421999344585E-01
    1.355174303510E-01
    1.247169192667E-01
    1.141357016872E-01
    1.033115892268E-01
    9.006046989724E-02
    7.653857699707E-02
    6.412493228188E-02
    5.349134978848E-02
    4.412893124973E-02
    3.608399679558E-02
    3.112111842933E-02
    2.871837672029E-03
    4.435520362447E-03
    1.035505909821E-02
    2.002255412688E-02
    3.185725513183E-02
    4.477561357519E-02
    5.843528949291E-02
    7.316565073658E-02
    8.869505281890E-02
    1.033115892268E-01
    1.144153704002E-01
    1.248133703559E-01
    1.341791857636E-01
    1.399198995511E-01
    1.437581765093E-01
    1.453742202322E-01
    1.437581765093E-01
    1.399198995511E-01
    1.341791857636E-01
    1.248133703559E-01
    1.144153704002E-01
    1.033115892268E-01
    8.869505281890E-02
    7.316565073658E-02
    5.843528949291E-02
    4.477561357519E-02
    3.185725513183E-02
    2.002255412688E-02
    1.035505909821E-02
    4.435520362447E-03
   -2.604101930737E-02
   -2.384984755043E-02
   -1.733216484458E-02
   -7.375847030612E-03
    7.066623004289E-03
    2.375598751479E-02
    4.117853876055E-02
    5.813630898247E-02
    7.316565073658E-02
    9.006046989724E-02
    1.035876569429E-01
    1.137051886086E-01
    1.247690408019E-01
    1.321619303804E-01
    1.359798691521E-01
    1.376010281954E-01
    1.359798691521E-01
    1.321619303804E-01
    1.247690408019E-01
    1.137051886086E-01
    1.035876569429E-01
    9.006046989724E-02
    7.316565073658E-02
    5.813630898246E-02
    4.117853876055E-02
    2.375598751479E-02
    7.066623004289E-03
   -7.375847030612E-03
   -1.733216484458E-02
   -2.384984755043E-02
   -5.340861341676E-02
   -5.077521822520E-02
   -4.342361764880E-02
   -3.278054522399E-02
   -1.753598404614E-02
   -1.124883382825E-04
    1.995874456492E-02
    4.117853876055E-02
    5.843528949291E-02
    7.653857699707E-02
    9.249652639476E-02
    1.046619360821E-01
    1.156060512745E-01
    1.240525901986E-01
    1.283562541073E-01
    1.288511343606E-01
    1.283562541073E-01
    1.240525901986E-01
    1.156060512745E-01
    1.046619360821E-01
    9.249652639476E-02
    7.653857699707E-02
    5.843528949291E-02
    4.117853876055E-02
    1.995874456492E-02
   -1.124883382825E-04
   -1.753598404614E-02
   -3.278054522399E-02
   -4.342361764880E-02
   -5.077521822520E-02
   -8.451971288711E-02
   -8.144354409195E-02
   -7.184812498738E-02
   -5.779322210876E-02
   -4.036943613445E-02
   -2.178022333407E-02
   -1.124883382825E-04
    2.375598751479E-02
    4.477561357519E-02
    6.412493228188E-02
    8.087805422145E-02
    9.624216937406E-02
    1.067143117083E-01
    1.152529077805E-01
    1.211795178978E-01
    1.211971681652E-01
    1.211795178978E-01
    1.152529077805E-01
    1.067143117083E-01
    9.624216937406E-02
    8.087805422145E-02
    6.412493228188E-02
    4.477561357519E-02
    2.375598751479E-02
   -1.124883382825E-04
   -2.178022333407E-02
   -4.036943613445E-02
   -5.779322210876E-02
   -7.184812498738E-02
   -8.144354409195E-02
   -1.162811398709E-01
   -1.129955342925E-01
   -1.017581646211E-01
   -8.395447926804E-02
   -6.227588568335E-02
   -4.036943613445E-02
   -1.753598404614E-02
    7.066623004289E-03
    3.185725513183E-02
    5.349134978848E-02
    7.017360174925E-02
    8.760658953119E-02
    9.882090761940E-02
    1.074206790993E-01
    1.145634926991E-01
    1.148777223706E-01
    1.145634926991E-01
    1.074206790993E-01
    9.882090761940E-02
    8.760658953119E-02
    7.017360174925E-02
    5.349134978848E-02
    3.185725513183E-02
    7.066623004289E-03
   -1.753598404614E-02
   -4.036943613445E-02
   -6.227588568335E-02
   -8.395447926804E-02
   -1.017581646211E-01
   -1.129955342925E-01
   -1.434314490618E-01
   -1.397535483681E-01
   -1.279820034297E-01
   -1.088719579903E-01
   -8.395447926804E-02
   -5.779322210876E-02
   -3.278054522399E-02
   -7.375847030612E-03
    2.002255412688E-02
    4.412893124973E-02
    6.161940750452E-02
    7.987257337169E-02
    9.290468800459E-02
    1.018865971908E-01
    1.087670167601E-01
    1.095747752580E-01
    1.087670167601E-01
    1.018865971908E-01
    9.290468800459E-02
    7.987257337169E-02
    6.161940750452E-02
    4.412893124973E-02
    2.002255412688E-02
   -7.375847030612E-03
   -3.278054522399E-02
   -5.779322210876E-02
   -8.395447926804E-02
   -1.088719579903E-01
   -1.279820034297E-01
   -1.397535483681E-01
   -1.641277602206E-01
   -1.598569834176E-01
   -1.474826215418E-01
   -1.279820034297E-01
   -1.017581646211E-01
   -7.184812498738E-02
   -4.342361764880E-02
   -1.733216484458E-02
    1.035505909821E-02
    3.608399679558E-02
    5.579506044351E-02
    7.419025684024E-02
    8.804763713750E-02
    9.724865541544E-02
    1.041764569121E-01
    1.062845945945E-01
    1.041764569121E-01
    9.724865541544E-02
    8.804763713750E-02
    7.419025684024E-02
    5.579506044351E-02
    3.608399679558E-02
    1.035505909821E-02
   -1.733216484458E-02
   -4.342361764880E-02
   -7.184812498738E-02
   -1.017581646211E-01
   -1.279820034297E-01
   -1.474826215418E-01
   -1.598569834176E-01
   -1.759771512282E-01
   -1.719369755643E-01
   -1.598569834176E-01
   -1.397535483681E-01
   -1.129955342925E-01
   -8.144354409195E-02
   -5.077521822520E-02
   -2.384984755043E-02
    4.435520362447E-03
    3.112111842933E-02
    5.209892203238E-02
    7.050903309328E-02
    8.529611498338E-02
    9.472621221374E-02
    1.011686287425E-01
    1.040208528195E-01
    1.011686287425E-01
    9.472621221374E-02
    8.529611498338E-02
    7.050903309328E-02
    5.209892203238E-02
    3.112111842933E-02
    4.435520362447E-03
   -2.384984755043E-02
   -5.077521822520E-02
   -8.144354409195E-02
   -1.129955342925E-01
   -1.397535483681E-01
   -1.598569834176E-01
   -1.719369755643E-01
   -1.133400708713E-01
   -1.098925883614E-01
   -9.914091739268E-02
   -8.259329185686E-02
   -6.250759783043E-02
   -4.095067697114E-02
   -1.796547842167E-02
    7.354908037367E-03
    3.116134669746E-02
    5.043847516117E-02
    6.860361633483E-02
    8.561595290515E-02
    9.699555743799E-02
    1.064025716567E-01
    1.121546606291E-01
    1.125116028957E-01
    1.121546606291E-01
    1.064025716567E-01
    9.699555743799E-02
    8.561595290515E-02
    6.860361633483E-02
    5.043847516117E-02
    3.116134669746E-02
    7.354908037367E-03
   -1.796547842167E-02
   -4.095067697114E-02
   -6.250759783043E-02
   -8.259329185686E-02
   -9.914091739268E-02
   -1.098925883614E-01
   -1.098925883614E-01
   -1.067119667699E-01
   -9.593999149341E-02
   -7.955364206572E-02
   -6.005001395813E-02
   -3.880021657123E-02
   -1.630428267350E-02
    8.629299200178E-03
    3.255497422745E-02
    5.209892203238E-02
    7.017613700165E-02
    8.689240861354E-02
    9.762469197738E-02
    1.068023131266E-01
    1.132767067545E-01
    1.140696201788E-01
    1.132767067545E-01
    1.068023131266E-01
    9.762469197738E-02
    8.689240861354E-02
    7.017613700165E-02
    5.209892203238E-02
    3.255497422745E-02
    8.629299200178E-03
   -1.630428267350E-02
   -3.880021657123E-02
   -6.005001395813E-02
   -7.955364206572E-02
   -9.593999149341E-02
   -1.067119667699E-01
   -9.914091739268E-02
   -9.593999149341E-02
   -8.526915435688E-02
   -7.019803346189E-02
   -5.205952408974E-02
   -3.153398578248E-02
   -9.631616964304E-03
    1.479084341591E-02
    3.741694549094E-02
    5.579506044351E-02
    7.315039769137E-02
    8.998823943429E-02
    1.008638770252E-01
    1.094568281821E-01
    1.152726020574E-01
    1.156282148393E-01
    1.152726020574E-01
    1.094568281821E-01
    1.008638770252E-01
    8.998823943429E-02
    7.315039769137E-02
    5.579506044351E-02
    3.741694549094E-02
    1.479084341591E-02
   -9.631616964304E-03
   -3.153398578248E-02
   -5.205952408974E-02
   -7.019803346189E-02
   -8.526915435688E-02
   -9.593999149341E-02
   -8.259329185686E-02
   -7.955364206572E-02
   -7.019803346189E-02
   -5.734240744504E-02
   -4.074203909702E-02
   -2.143980994216E-02
    4.704517562471E-04
    2.433733700244E-02
    4.411396869643E-02
    6.161940750452E-02
    7.904915349682E-02
    9.497342735478E-02
    1.053756310764E-01
    1.136962031819E-01
    1.192861183646E-01
    1.195361786250E-01
    1.192861183646E-01
    1.136962031819E-01
    1.053756310764E-01
    9.497342735478E-02
    7.904915349682E-02
    6.161940750452E-02
    4.411396869643E-02
    2.433733700244E-02
    4.704517562470E-04
   -2.143980994216E-02
   -4.074203909702E-02
   -5.734240744504E-02
   -7.019803346189E-02
   -7.955364206572E-02
   -6.250759783043E-02
   -6.005001395813E-02
   -5.205952408974E-02
   -4.074203909702E-02
   -2.567983565598E-02
   -7.262896925006E-03
    1.408851624137E-02
    3.521998432279E-02
    5.205573223681E-02
    7.017360174925E-02
    8.774504160826E-02
    1.014252247297E-01
    1.109404776920E-01
    1.189680420727E-01
    1.245152541812E-01
    1.252399208086E-01
    1.245152541812E-01
    1.189680420727E-01
    1.109404776920E-01
    1.014252247297E-01
    8.774504160826E-02
    7.017360174925E-02
    5.205573223681E-02
    3.521998432279E-02
    1.408851624137E-02
   -7.262896925006E-03
   -2.567983565598E-02
   -4.074203909702E-02
   -5.205952408974E-02
   -6.005001395813E-02
   -4.095067697114E-02
   -3.880021657123E-02
   -3.153398578248E-02
   -2.143980994216E-02
   -7.262896925006E-03
    1.124350841419E-02
    3.030306112355E-02
    4.789827480731E-02
    6.367600289923E-02
    8.087805422145E-02
    9.585832411797E-02
    1.078084160854E-01
    1.185169075941E-01
    1.259478095061E-01
    1.300236831695E-01
    1.311394423805E-01
    1.300236831695E-01
    1.259478095061E-01
    1.185169075941E-01
    1.078084160854E-01
    9.585832411797E-02
    8.087805422145E-02
    6.367600289923E-02
    4.789827480731E-02
    3.030306112355E-02
    1.124350841419E-02
   -7.262896925006E-03
   -2.143980994216E-02
   -3.153398578248E-02
   -3.880021657123E-02
   -1.796547842167E-02
   -1.630428267350E-02
   -9.631616964304E-03
    4.704517562470E-04
    1.408851624137E-02
    3.030306112355E-02
    4.504762720928E-02
    6.052626041996E-02
    7.666547704322E-02
    9.249652639476E-02
    1.057896416461E-01
    1.163891760812E-01
    1.263986041395E-01
    1.321857710987E-01
    1.365215920582E-01
    1.396602759232E-01
    1.365215920582E-01
    1.321857710987E-01
    1.263986041395E-01
    1.163891760812E-01
    1.057896416461E-01
    9.249652639476E-02
    7.666547704322E-02
    6.052626041996E-02
    4.504762720928E-02
    3.030306112355E-02
    1.408851624137E-02
    4.704517562470E-04
   -9.631616964304E-03
   -1.630428267350E-02
    7.354908037367E-03
    8.629299200178E-03
    1.479084341591E-02
    2.433733700244E-02
    3.521998432279E-02
    4.789827480731E-02
    6.052626041996E-02
    7.498089046031E-02
    8.986586800451E-02
    1.035876569429E-01
    1.160847661456E-01
    1.259505850524E-01
    1.349028199626E-01
    1.396063552613E-01
    1.432043620325E-01
    1.465639191913E-01
    1.432043620325E-01
    1.396063552613E-01
    1.349028199626E-01
    1.259505850524E-01
    1.160847661456E-01
    1.035876569429E-01
    8.986586800451E-02
    7.498089046031E-02
    6.052626041996E-02
    4.789827480731E-02
    3.521998432279E-02
    2.433733700244E-02
    1.479084341591E-02
    8.629299200178E-03
    3.116134669746E-02
    3.255497422745E-02
    3.741694549094E-02
    4.411396869643E-02
    5.205573223681E-02
    6.367600289923E-02
    7.666547704322E-02
    8.986586800451E-02
    1.029150422582E-01
    1.144153704002E-01
    1.254831972645E-01
    1.349939681303E-01
    1.430693103533E-01
    1.484285133770E-01
    1.512029465598E-01
    1.526813176409E-01
    1.512029465598E-01
    1.484285133770E-01
    1.430693103533E-01
    1.349939681303E-01
    1.254831972645E-01
    1.144153704002E-01
    1.029150422582E-01
    8.986586800451E-02
    7.666547704322E-02
    6.367600289923E-02
    5.205573223681E-02
    4.411396869643E-02
    3.741694549094E-02
    3.255497422745E-02
    5.043847516117E-02
    5.209892203238E-02
    5.579506044351E-02
    6.161940750452E-02
    7.017360174925E-02
    8.087805422145E-02
    9.249652639476E-02
    1.035876569429E-01
    1.144153704002E-01
    1.247169192667E-01
    1.353062190779E-01
    1.442820048837E-01
    1.499324607443E-01
    1.556405986817E-01
    1.591339056318E-01
    1.592976369779E-01
    1.591339056318E-01
    1.556405986817E-01
    1.499324607443E-01
    1.442820048837E-01
    1.353062190779E-01
    1.247169192667E-01
    1.144153704002E-01
    1.035876569429E-01
    9.249652639476E-02
    8.087805422145E-02
    7.017360174925E-02
    6.161940750452E-02
    5.579506044351E-02
    5.209892203238E-02
    6.860361633483E-02
    7.017613700165E-02
    7.315039769137E-02
    7.904915349682E-02
    8.774504160826E-02
    9.585832411797E-02
    1.057896416461E-01
    1.160847661456E-01
    1.254831972645E-01
    1.353062190779E-01
    1.438726443230E-01
    1.512381111188E-01
    1.570247112055E-01
    1.627562359315E-01
    1.657119562423E-01
    1.652209025168E-01
    1.657119562423E-01
    1.627562359315E-01
    1.570247112055E-01
    1.512381111188E-01
    1.438726443230E-01
    1.353062190779E-01
    1.254831972645E-01
    1.160847661456E-01
    1.057896416461E-01
    9.585832411797E-02
    8.774504160826E-02
    7.904915349682E-02
    7.315039769137E-02
    7.017613700165E-02
    8.561595290515E-02
    8.689240861354E-02
    8.998823943429E-02
    9.497342735478E-02
    1.014252247297E-01
    1.078084160854E-01
    1.163891760812E-01
    1.259505850524E-01
    1.349939681303E-01
    1.442820048837E-01
    1.512381111188E-01
    1.582702750724E-01
    1.645893661032E-01
    1.681575577252E-01
    1.706170790738E-01
    1.714289326730E-01
    1.706170790738E-01
    1.681575577252E-01
    1.645893661032E-01
    1.582702750724E-01
    1.512381111188E-01
    1.442820048837E-01
    1.349939681303E-01
    1.259505850524E-01
    1.163891760812E-01
    1.078084160854E-01
    1.014252247297E-01
    9.497342735478E-02
    8.998823943429E-02
    8.689240861354E-02
    9.699555743799E-02
    9.762469197738E-02
    1.008638770252E-01
    1.053756310764E-01
    1.109404776920E-01
    1.185169075941E-01
    1.263986041395E-01
    1.349028199626E-01
    1.430693103533E-01
    1.499324607443E-01
    1.570247112055E-01
    1.645893661032E-01
    1.695950252414E-01
    1.724290862406E-01
    1.755189417323E-01
    1.770755248195E-01
    1.755189417323E-01
    1.724290862406E-01
    1.695950252414E-01
    1.645893661032E-01
    1.570247112055E-01
    1.499324607443E-01
    1.430693103533E-01
    1.349028199626E-01
    1.263986041395E-01
    1.185169075941E-01
    1.109404776920E-01
    1.053756310764E-01
    1.008638770252E-01
    9.762469197738E-02
    1.064025716567E-01
    1.068023131266E-01
    1.094568281821E-01
    1.136962031819E-01
    1.189680420727E-01
    1.259478095061E-01
    1.321857710987E-01
    1.396063552613E-01
    1.484285133770E-01
    1.556405986817E-01
    1.627562359315E-01
    1.681575577252E-01
    1.724290862406E-01
    1.775613387216E-01
    1.794645742103E-01
    1.789563214739E-01
    1.794645742103E-01
    1.775613387216E-01
    1.724290862406E-01
    1.681575577252E-01
    1.627562359315E-01
    1.556405986817E-01
    1.484285133770E-01
    1.396063552613E-01
    1.321857710987E-01
    1.259478095061E-01
    1.189680420727E-01
    1.136962031819E-01
    1.094568281821E-01
    1.068023131266E-01
    1.121546606291E-01
    1.132767067545E-01
    1.152726020574E-01
    1.192861183646E-01
    1.245152541812E-01
    1.300236831695E-01
    1.365215920582E-01
    1.432043620325E-01
    1.512029465598E-01
    1.591339056318E-01
    1.657119562423E-01
    1.706170790738E-01
    1.755189417323E-01
    1.794645742103E-01
    1.809148094935E-01
    1.814580068046E-01
    1.809148094935E-01
    1.794645742103E-01
    1.755189417323E-01
    1.706170790738E-01
    1.657119562423E-01
    1.591339056318E-01
    1.512029465598E-01
    1.432043620325E-01
    1.365215920582E-01
    1.300236831695E-01
    1.245152541812E-01
    1.192861183646E-01
    1.152726020574E-01
    1.132767067545E-01
    1.125116028957E-01
    1.140696201788E-01
    1.156282148393E-01
    1.195361786250E-01
    1.252399208086E-01
    1.311394423805E-01
    1.396602759232E-01
    1.465639191913E-01
    1.526813176409E-01
    1.592976369779E-01
    1.652209025168E-01
    1.714289326730E-01
    1.770755248195E-01
    1.789563214739E-01
    1.814580068046E-01
    1.844558266007E-01
    1.814580068046E-01
    1.789563214739E-01
    1.770755248195E-01
    1.714289326730E-01
    1.652209025168E-01
    1.592976369779E-01
    1.526813176409E-01
    1.465639191913E-01
    1.396602759232E-01
    1.311394423805E-01
    1.252399208086E-01
    1.195361786250E-01
    1.156282148393E-01
    1.140696201788E-01
    1.121546606291E-01
    1.132767067545E-01
    1.152726020574E-01
    1.192861183646E-01
    1.245152541812E-01
    1.300236831695E-01
    1.365215920582E-01
    1.432043620325E-01
    1.512029465598E-01
    1.591339056318E-01
    1.657119562423E-01
    1.706170790738E-01
    1.755189417323E-01
    1.794645742103E-01
    1.809148094935E-01
    1.814580068046E-01
    1.809148094935E-01
    1.794645742103E-01
    1.755189417323E-01
    1.706170790738E-01
    1.657119562423E-01
    1.591339056318E-01
    1.512029465598E-01
    1.432043620325E-01
    1.365215920582E-01
    1.300236831695E-01
    1.245152541812E-01
    1.192861183646E-01
    1.152726020574E-01
    1.132767067545E-01
    1.064025716567E-01
    1.068023131266E-01
    1.094568281821E-01
    1.136962031819E-01
    1.189680420727E-01
    1.259478095061E-01
    1.321857710987E-01
    1.396063552613E-01
    1.484285133770E-01
    1.556405986817E-01
    1.627562359315E-01
    1.681575577252E-01
    1.724290862406E-01
    1.775613387216E-01
    1.794645742103E-01
    1.789563214739E-01
    1.794645742103E-01
    1.775613387216E-01
    1.724290862406E-01
    1.681575577252E-01
    1.627562359315E-01
    1.556405986817E-01
    1.484285133770E-01
    1.396063552613E-01
    1.321857710987E-01
    1.259478095061E-01
    1.189680420727E-01
    1.136962031819E-01
    1.094568281821E-01
    1.068023131266E-01
    9.699555743799E-02
    9.762469197738E-02
    1.008638770252E-01
    1.053756310764E-01
    1.109404776920E-01
    1.185169075941E-01
    1.263986041395E-01
    1.349028199626E-01
    1.430693103533E-01
    1.499324607443E-01
    1.570247112055E-01
    1.645893661032E-01
    1.695950252414E-01
    1.724290862406E-01
    1.755189417323E-01
    1.770755248195E-01
    1.755189417323E-01
    1.724290862406E-01
    1.695950252414E-01
    1.645893661032E-01
    1.570247112055E-01
    1.499324607443E-01
    1.430693103533E-01
    1.349028199626E-01
    1.263986041395E-01
    1.185169075941E-01
    1.109404776920E-01
    1.053756310764E-01
    1.008638770252E-01
    9.762469197738E-02
    8.561595290515E-02
    8.689240861354E-02
    8.998823943429E-02
    9.497342735478E-02
    1.014252247297E-01
    1.078084160854E-01
    1.163891760812E-01
    1.259505850524E-01
    1.349939681303E-01
    1.442820048837E-01
    1.512381111188E-01
    1.582702750724E-01
    1.645893661032E-01
    1.681575577252E-01
    1.706170790738E-01
    1.714289326730E-01
    1.706170790738E-01
    1.681575577252E-01
    1.645893661032E-01
    1.582702750724E-01
    1.512381111188E-01
    1.442820048837E-01
    1.349939681303E-01
    1.259505850524E-01
    1.163891760812E-01
    1.078084160854E-01
    1.014252247297E-01
    9.497342735478E-02
    8.998823943429E-02
    8.689240861354E-02
    6.860361633483E-02
    7.017613700165E-02
    7.315039769137E-02
    7.904915349682E-02
    8.774504160826E-02
    9.585832411797E-02
    1.057896416461E-01
    1.160847661456E-01
    1.254831972645E-01
    1.353062190779E-01
    1.438726443230E-01
    1.512381111188E-01
    1.570247112055E-01
    1.627562359315E-01
    1.657119562423E-01
    1.652209025168E-01
    1.657119562423E-01
    1.627562359315E-01
    1.570247112055E-01
    1.512381111188E-01
    1.438726443230E-01
    1.353062190779E-01
    1.254831972645E-01
    1.160847661456E-01
    1.057896416461E-01
    9.585832411797E-02
    8.774504160826E-02
    7.904915349682E-02
    7.315039769137E-02
    7.017613700165E-02
    5.043847516117E-02
    5.209892203238E-02
    5.579506044351E-02
    6.161940750452E-02
    7.017360174925E-02
    8.087805422145E-02
    9.249652639476E-02
    1.035876569429E-01
    1.144153704002E-01
    1.247169192667E-01
    1.353062190779E-01
    1.442820048837E-01
    1.499324607443E-01
    1.556405986817E-01
    1.591339056318E-01
    1.592976369779E-01
    1.591339056318E-01
    1.556405986817E-01
    1.499324607443E-01
    1.442820048837E-01
    1.353062190779E-01
    1.247169192667E-01
    1.144153704002E-01
    1.035876569429E-01
    9.249652639476E-02
    8.087805422145E-02
    7.017360174925E-02
    6.161940750452E-02
    5.579506044351E-02
    5.209892203238E-02
    3.116134669746E-02
    3.255497422745E-02
    3.741694549094E-02
    4.411396869643E-02
    5.205573223681E-02
    6.367600289923E-02
    7.666547704322E-02
    8.986586800451E-02
    1.029150422582E-01
    1.144153704002E-01
    1.254831972645E-01
    1.349939681303E-01
    1.430693103533E-01
    1.484285133770E-01
    1.512029465598E-01
    1.526813176409E-01
    1.512029465598E-01
    1.484285133770E-01
    1.430693103533E-01
    1.349939681303E-01
    1.254831972645E-01
    1.144153704002E-01
    1.029150422582E-01
    8.986586800451E-02
    7.666547704322E-02
    6.367600289923E-02
    5.205573223681E-02
    4.411396869643E-02
    3.741694549094E-02
    3.255497422745E-02
    7.354908037367E-03
    8.629299200178E-03
    1.479084341591E-02
    2.433733700244E-02
    3.521998432279E-02
    4.789827480731E-02
    6.052626041996E-02
    7.498089046031E-02
    8.986586800451E-02
    1.035876569429E-01
    1.160847661456E-01
    1.259505850524E-01
    1.349028199626E-01
    1.396063552613E-01
    1.432043620325E-01
    1.465639191913E-01
    1.432043620325E-01
    1.396063552613E-01
    1.349028199626E-01
    1.259505850524E-01
    1.160847661456E-01
    1.035876569429E-01
    8.986586800451E-02
    7.498089046031E-02
    6.052626041996E-02
    4.789827480731E-02
    3.521998432279E-02
    2.433733700244E-02
    1.479084341591E-02
    8.629299200178E-03
   -1.796547842167E-02
   -1.630428267350E-02
   -9.631616964304E-03
    4.704517562470E-04
    1.408851624137E-02
    3.030306112355E-02
    4.504762720928E-02
    6.052626041996E-02
    7.666547704322E-02
    9.249652639476E-02
    1.057896416461E-01
    1.163891760812E-01
    1.263986041395E-01
    1.321857710987E-01
    1.365215920582E-01
    1.396602759232E-01
    1.365215920582E-01
    1.321857710987E-01
    1.263986041395E-01
    1.163891760812E-01
    1.057896416461E-01
    9.249652639476E-02
    7.666547704322E-02
    6.052626041996E-02
    4.504762720928E-02
    3.030306112355E-02
    1.408851624137E-02
    4.704517562470E-04
   -9.631616964304E-03
   -1.630428267350E-02
   -4.095067697114E-02
   -3.880021657123E-02
   -3.153398578248E-02
   -2.143980994216E-02
   -7.262896925006E-03
    1.124350841419E-02
    3.030306112355E-02
    4.789827480731E-02
    6.367600289923E-02
    8.087805422145E-02
    9.585832411797E-02
    1.078084160854E-01
    1.185169075941E-01
    1.259478095061E-01
    1.300236831695E-01
    1.311394423805E-01
    1.300236831695E-01
    1.259478095061E-01
    1.185169075941E-01
    1.078084160854E-01
    9.585832411797E-02
    8.087805422145E-02
    6.367600289923E-02
    4.789827480731E-02
    3.030306112355E-02
    1.124350841419E-02
   -7.262896925006E-03
   -2.143980994216E-02
   -3.153398578248E-02
   -3.880021657123E-02
   -6.250759783043E-02
   -6.005001395813E-02
   -5.205952408974E-02
   -4.074203909702E-02
   -2.567983565598E-02
   -7.262896925006E-03
    1.408851624137E-02
    3.521998432279E-02
    5.205573223681E-02
    7.017360174925E-02
    8.774504160826E-02
    1.014252247297E-01
    1.109404776920E-01
    1.189680420727E-01
    1.245152541812E-01
    1.252399208086E-01
    1.245152541812E-01
    1.189680420727E-01
    1.109404776920E-01
    1.014252247297E-01
    8.774504160826E-02
    7.017360174925E-02
    5.205573223681E-02
    3.521998432279E-02
    1.408851624137E-02
   -7.262896925006E-03
   -2.567983565598E-02
   -4.074203909702E-02
   -5.205952408974E-02
   -6.005001395813E-02
   -8.259329185686E-02
   -7.955364206572E-02
   -7.019803346189E-02
   -5.734240744504E-02
   -4.074203909702E-02
   -2.143980994216E-02
    4.704517562470E-04
    2.433733700244E-02
    4.411396869643E-02
    6.161940750452E-02
    7.904915349682E-02
    9.497342735478E-02
    1.053756310764E-01
    1.136962031819E-01
    1.192861183646E-01
    1.195361786250E-01
    1.192861183646E-01
    1.136962031819E-01
    1.053756310764E-01
    9.497342735478E-02
    7.904915349682E-02
    6.161940750452E-02
    4.411396869643E-02
    2.433733700244E-02
    4.704517562470E-04
   -2.143980994216E-02
   -4.074203909702E-02
   -5.734240744504E-02
   -7.019803346189E-02
   -7.955364206572E-02
   -9.914091739268E-02
   -9.593999149341E-02
   -8.526915435688E-02
   -7.019803346189E-02
   -5.205952408974E-02
   -3.153398578248E-02
   -9.631616964304E-03
    1.479084341591E-02
    3.741694549094E-02
    5.579506044351E-02
    7.315039769137E-02
    8.998823943429E-02
    1.008638770252E-01
    1.094568281821E-01
    1.152726020574E-01
    1.156282148393E-01
    1.152726020574E-01
    1.094568281821E-01
    1.008638770252E-01
    8.998823943429E-02
    7.315039769137E-02
    5.579506044351E-02
    3.741694549094E-02
    1.479084341591E-02
   -9.631616964304E-03
   -3.153398578248E-02
   -5.205952408974E-02
   -7.019803346189E-02
   -8.526915435688E-02
   -9.593999149341E-02
   -1.098925883614E-01
   -1.067119667699E-01
   -9.593999149341E-02
   -7.955364206572E-02
   -6.005001395813E-02
   -3.880021657123E-02
   -1.630428267350E-02
    8.629299200178E-03
    3.255497422745E-02
    5.209892203238E-02
    7.017613700165E-02
    8.689240861354E-02
    9.762469197738E-02
    1.068023131266E-01
    1.132767067545E-01
    1.140696201788E-01
    1.132767067545E-01
    1.068023131266E-01
    9.762469197738E-02
    8.689240861354E-02
    7.017613700165E-02
    5.209892203238E-02
    3.255497422745E-02
    8.629299200178E-03
   -1.630428267350E-02
   -3.880021657123E-02
   -6.005001395813E-02
   -7.955364206572E-02
   -9.593999149341E-02
   -1.067119667699E-01
   -6.165851241776E-02
   -5.778592994372E-02
   -4.986296397147E-02
   -3.967019487994E-02
   -2.438725532728E-02
   -6.181900630503E-03
    1.411339451341E-02
    3.398329208205E-02
    5.075714532556E-02
    6.886471194662E-02
    8.561595290515E-02
    9.821727918236E-02
    1.088321150551E-01
    1.170781239796E-01
    1.213890390405E-01
    1.222455791912E-01
    1.213890390405E-01
    1.170781239796E-01
    1.088321150551E-01
    9.821727918236E-02
    8.561595290515E-02
    6.886471194662E-02
    5.075714532556E-02
    3.398329208205E-02
    1.411339451341E-02
   -6.181900630503E-03
   -2.438725532728E-02
   -3.967019487994E-02
   -4.986296397147E-02
   -5.778592994372E-02
   -5.778592994372E-02
   -5.546627163083E-02
   -4.848546647024E-02
   -3.755381473928E-02
   -2.249376198336E-02
   -4.441625042217E-03
    1.551769828491E-02
    3.491139381265E-02
    5.209798009806E-02
    7.050903309328E-02
    8.689240861354E-02
    9.889301637359E-02
    1.093928922629E-01
    1.178135352147E-01
    1.224343609410E-01
    1.235957593862E-01
    1.224343609410E-01
    1.178135352147E-01
    1.093928922629E-01
    9.889301637359E-02
    8.689240861354E-02
    7.050903309328E-02
    5.209798009806E-02
    3.491139381265E-02
    1.551769828491E-02
   -4.441625042217E-03
   -2.249376198336E-02
   -3.755381473928E-02
   -4.848546647024E-02
   -5.546627163083E-02
   -4.986296397147E-02
   -4.848546647024E-02
   -4.192948468816E-02
   -3.089712789898E-02
   -1.632078029084E-02
    1.723597860907E-03
    2.057170757645E-02
    3.877418618292E-02
    5.591111161599E-02
    7.419025684024E-02
    8.998823943429E-02
    1.013335412983E-01
    1.123500175348E-01
    1.205853145531E-01
    1.243404838123E-01
    1.255110212858E-01
    1.243404838123E-01
    1.205853145531E-01
    1.123500175348E-01
    1.013335412983E-01
    8.998823943429E-02
    7.419025684024E-02
    5.591111161599E-02
    3.877418618292E-02
    2.057170757645E-02
    1.723597860907E-03
   -1.632078029084E-02
   -3.089712789898E-02
   -4.192948468816E-02
   -4.848546647024E-02
   -3.967019487994E-02
   -3.755381473928E-02
   -3.089712789898E-02
   -2.061369946093E-02
   -5.792035203051E-03
    1.160325501915E-02
    2.870570728658E-02
    4.619934319049E-02
    6.253880548848E-02
    7.987257337169E-02
    9.497342735478E-02
    1.052106299219E-01
    1.161468943762E-01
    1.240066232039E-01
    1.277889962275E-01
    1.298093193692E-01
    1.277889962275E-01
    1.240066232039E-01
    1.161468943762E-01
    1.052106299219E-01
    9.497342735478E-02
    7.987257337169E-02
    6.253880548848E-02
    4.619934319049E-02
    2.870570728658E-02
    1.160325501915E-02
   -5.792035203051E-03
   -2.061369946093E-02
   -3.089712789898E-02
   -3.755381473928E-02
   -2.438725532728E-02
   -2.249376198336E-02
   -1.632078029084E-02
   -5.792035203051E-03
    8.380426955204E-03
    2.327893794898E-02
    3.817762990661E-02
    5.481319512730E-02
    7.118216749560E-02
    8.760658953119E-02
    1.014252247297E-01
    1.111999121850E-01
    1.217679392281E-01
    1.287519580310E-01
    1.322768208087E-01
    1.346620110649E-01
    1.322768208087E-01
    1.287519580310E-01
    1.217679392281E-01
    1.111999121850E-01
    1.014252247297E-01
    8.760658953119E-02
    7.118216749560E-02
    5.481319512730E-02
    3.817762990661E-02
    2.327893794898E-02
    8.380426955204E-03
   -5.792035203051E-03
   -1.632078029084E-02
   -2.249376198336E-02
   -6.181900630503E-03
   -4.441625042217E-03
    1.723597860907E-03
    1.160325501915E-02
    2.327893794898E-02
    3.686586802216E-02
    5.065679805635E-02
    6.568961818127E-02
    8.223209638975E-02
    9.624216937406E-02
    1.078084160854E-01
    1.184255523618E-01
    1.286794048088E-01
    1.349176002370E-01
    1.377292868603E-01
    1.394302990840E-01
    1.377292868603E-01
    1.349176002370E-01
    1.286794048088E-01
    1.184255523618E-01
    1.078084160854E-01
    9.624216937406E-02
    8.223209638975E-02
    6.568961818127E-02
    5.065679805635E-02
    3.686586802216E-02
    2.327893794898E-02
    1.160325501915E-02
    1.723597860907E-03
   -4.441625042217E-03
    1.411339451341E-02
    1.551769828491E-02
    2.057170757645E-02
    2.870570728658E-02
    3.817762990661E-02
    5.065679805635E-02
    6.372440181639E-02
    7.804145515728E-02
    9.348607754197E-02
    1.046619360821E-01
    1.163891760812E-01
    1.275766484536E-01
    1.352613905166E-01
    1.408743019861E-01
    1.446185503822E-01
    1.465021715426E-01
    1.446185503822E-01
    1.408743019861E-01
    1.352613905166E-01
    1.275766484536E-01
    1.163891760812E-01
    1.046619360821E-01
    9.348607754197E-02
    7.804145515728E-02
    6.372440181639E-02
    5.065679805635E-02
    3.817762990661E-02
    2.870570728658E-02
    2.057170757645E-02
    1.551769828491E-02
    3.398329208205E-02
    3.491139381265E-02
    3.877418618292E-02
    4.619934319049E-02
    5.481319512730E-02
    6.568961818127E-02
    7.804145515728E-02
    9.157751012885E-02
    1.042582811446E-01
    1.137051886086E-01
    1.259505850524E-01
    1.359119635476E-01
    1.425351485402E-01
    1.484321531249E-01
    1.512390929328E-01
    1.523528391685E-01
    1.512390929328E-01
    1.484321531249E-01
    1.425351485402E-01
    1.359119635476E-01
    1.259505850524E-01
    1.137051886086E-01
    1.042582811446E-01
    9.157751012885E-02
    7.804145515728E-02
    6.568961818127E-02
    5.481319512730E-02
    4.619934319049E-02
    3.877418618292E-02
    3.491139381265E-02
    5.075714532556E-02
    5.209798009806E-02
    5.591111161599E-02
    6.253880548848E-02
    7.118216749560E-02
    8.223209638975E-02
    9.348607754197E-02
    1.042582811446E-01
    1.151309105486E-01
    1.248133703559E-01
    1.349939681303E-01
    1.424261481752E-01
    1.494620739788E-01
    1.557372120798E-01
    1.582091350416E-01
    1.593002465677E-01
    1.582091350416E-01
    1.557372120798E-01
    1.494620739788E-01
    1.424261481752E-01
    1.349939681303E-01
    1.248133703559E-01
    1.151309105486E-01
    1.042582811446E-01
    9.348607754197E-02
    8.223209638975E-02
    7.118216749560E-02
    6.253880548848E-02
    5.591111161599E-02
    5.209798009806E-02
    6.886471194662E-02
    7.050903309328E-02
    7.419025684024E-02
    7.987257337169E-02
    8.760658953119E-02
    9.624216937406E-02
    1.046619360821E-01
    1.137051886086E-01
    1.248133703559E-01
    1.355174303510E-01
    1.442820048837E-01
    1.514916888775E-01
    1.574982294370E-01
    1.614519280081E-01
    1.645084175271E-01
    1.664062978926E-01
    1.645084175271E-01
    1.614519280081E-01
    1.574982294370E-01
    1.514916888775E-01
    1.442820048837E-01
    1.355174303510E-01
    1.248133703559E-01
    1.137051886086E-01
    1.046619360821E-01
    9.624216937406E-02
    8.760658953119E-02
    7.987257337169E-02
    7.419025684024E-02
    7.050903309328E-02
    8.561595290515E-02
    8.689240861354E-02
    8.998823943429E-02
    9.497342735478E-02
    1.014252247297E-01
    1.078084160854E-01
    1.163891760812E-01
    1.259505850524E-01
    1.349939681303E-01
    1.442820048837E-01
    1.512381111188E-01
    1.582702750724E-01
    1.645893661032E-01
    1.681575577252E-01
    1.706170790738E-01
    1.714289326730E-01
    1.706170790738E-01
    1.681575577252E-01
    1.645893661032E-01
    1.582702750724E-01
    1.512381111188E-01
    1.442820048837E-01
    1.349939681303E-01
    1.259505850524E-01
    1.163891760812E-01
    1.078084160854E-01
    1.014252247297E-01
    9.497342735478E-02
    8.998823943429E-02
    8.689240861354E-02
    9.821727918236E-02
    9.889301637359E-02
    1.013335412983E-01
    1.052106299219E-01
    1.111999121850E-01
    1.184255523618E-01
    1.275766484536E-01
    1.359119635476E-01
    1.424261481752E-01
    1.514916888775E-01
    1.582702750724E-01
    1.641542788566E-01
    1.703027721178E-01
    1.744946266577E-01
    1.765478666308E-01
    1.763680938552E-01
    1.765478666308E-01
    1.744946266577E-01
    1.703027721178E-01
    1.641542788566E-01
    1.582702750724E-01
    1.514916888775E-01
    1.424261481752E-01
    1.359119635476E-01
    1.275766484536E-01
    1.184255523618E-01
    1.111999121850E-01
    1.052106299219E-01
    1.013335412983E-01
    9.889301637359E-02
    1.088321150551E-01
    1.093928922629E-01
    1.123500175348E-01
    1.161468943762E-01
    1.217679392281E-01
    1.286794048088E-01
    1.352613905166E-01
    1.425351485402E-01
    1.494620739788E-01
    1.574982294370E-01
    1.645893661032E-01
    1.703027721178E-01
    1.743761439312E-01
    1.778708051378E-01
    1.808914783486E-01
    1.813766409763E-01
    1.808914783486E-01
    1.778708051378E-01
    1.743761439312E-01
    1.703027721178E-01
    1.645893661032E-01
    1.574982294370E-01
    1.494620739788E-01
    1.425351485402E-01
    1.352613905166E-01
    1.286794048088E-01
    1.217679392281E-01
    1.161468943762E-01
    1.123500175348E-01
    1.093928922629E-01
    1.170781239796E-01
    1.178135352147E-01
    1.205853145531E-01
    1.240066232039E-01
    1.287519580310E-01
    1.349176002370E-01
    1.408743019861E-01
    1.484321531249E-01
    1.557372120798E-01
    1.614519280081E-01
    1.681575577252E-01
    1.744946266577E-01
    1.778708051378E-01
    1.811418207597E-01
    1.840062319590E-01
    1.845283125116E-01
    1.840062319590E-01
    1.811418207597E-01
    1.778708051378E-01
    1.744946266577E-01
    1.681575577252E-01
    1.614519280081E-01
    1.557372120798E-01
    1.484321531249E-01
    1.408743019861E-01
    1.349176002370E-01
    1.287519580310E-01
    1.240066232039E-01
    1.205853145531E-01
    1.178135352147E-01
    1.213890390405E-01
    1.224343609410E-01
    1.243404838123E-01
    1.277889962275E-01
    1.322768208087E-01
    1.377292868603E-01
    1.446185503822E-01
    1.512390929328E-01
    1.582091350416E-01
    1.645084175271E-01
    1.706170790738E-01
    1.765478666308E-01
    1.808914783486E-01
    1.840062319590E-01
    1.857619817702E-01
    1.863115913584E-01
    1.857619817702E-01
    1.840062319590E-01
    1.808914783486E-01
    1.765478666308E-01
    1.706170790738E-01
    1.645084175271E-01
    1.582091350416E-01
    1.512390929328E-01
    1.446185503822E-01
    1.377292868603E-01
    1.322768208087E-01
    1.277889962275E-01
    1.243404838123E-01
    1.224343609410E-01
    1.222455791912E-01
    1.235957593862E-01
    1.255110212858E-01
    1.298093193692E-01
    1.346620110649E-01
    1.394302990840E-01
    1.465021715426E-01
    1.523528391685E-01
    1.593002465677E-01
    1.664062978926E-01
    1.714289326730E-01
    1.763680938552E-01
    1.813766409763E-01
    1.845283125116E-01
    1.863115913584E-01
    1.874489675940E-01
    1.863115913584E-01
    1.845283125116E-01
    1.813766409763E-01
    1.763680938552E-01
    1.714289326730E-01
    1.664062978926E-01
    1.593002465677E-01
    1.523528391685E-01
    1.465021715426E-01
    1.394302990840E-01
    1.346620110649E-01
    1.298093193692E-01
    1.255110212858E-01
    1.235957593862E-01
    1.213890390405E-01
    1.224343609410E-01
    1.243404838123E-01
    1.277889962275E-01
    1.322768208087E-01
    1.377292868603E-01
    1.446185503822E-01
    1.512390929328E-01
    1.582091350416E-01
    1.645084175271E-01
    1.706170790738E-01
    1.765478666308E-01
    1.808914783486E-01
    1.840062319590E-01
    1.857619817702E-01
    1.863115913584E-01
    1.857619817702E-01
    1.840062319590E-01
    1.808914783486E-01
    1.765478666308E-01
    1.706170790738E-01
    1.645084175271E-01
    1.582091350416E-01
    1.512390929328E-01
    1.446185503822E-01
    1.377292868603E-01
    1.322768208087E-01
    1.277889962275E-01
    1.243404838123E-01
    1.224343609410E-01
    1.170781239796E-01
    1.178135352147E-01
    1.205853145531E-01
    1.240066232039E-01
    1.287519580310E-01
    1.349176002370E-01
    1.408743019861E-01
    1.484321531249E-01
    1.557372120798E-01
    1.614519280081E-01
    1.681575577252E-01
    1.744946266577E-01
    1.778708051378E-01
    1.811418207597E-01
    1.840062319590E-01
    1.845283125116E-01
    1.840062319590E-01
    1.811418207597E-01
    1.778708051378E-01
    1.744946266577E-01
    1.681575577252E-01
    1.614519280081E-01
    1.557372120798E-01
    1.484321531249E-01
    1.408743019861E-01
    1.349176002370E-01
    1.287519580310E-01
    1.240066232039E-01
    1.205853145531E-01
    1.178135352147E-01
    1.088321150551E-01
    1.093928922629E-01
    1.123500175348E-01
    1.161468943762E-01
    1.217679392281E-01
    1.286794048088E-01
    1.352613905166E-01
    1.425351485402E-01
    1.494620739788E-01
    1.574982294370E-01
    1.645893661032E-01
    1.703027721178E-01
    1.743761439312E-01
    1.778708051378E-01
    1.808914783486E-01
    1.813766409763E-01
    1.808914783486E-01
    1.778708051378E-01
    1.743761439312E-01
    1.703027721178E-01
    1.645893661032E-01
    1.574982294370E-01
    1.494620739788E-01
    1.425351485402E-01
    1.352613905166E-01
    1.286794048088E-01
    1.217679392281E-01
    1.161468943762E-01
    1.123500175348E-01
    1.093928922629E-01
    9.821727918236E-02
    9.889301637359E-02
    1.013335412983E-01
    1.052106299219E-01
    1.111999121850E-01
    1.184255523618E-01
    1.275766484536E-01
    1.359119635476E-01
    1.424261481752E-01
    1.514916888775E-01
    1.582702750724E-01
    1.641542788566E-01
    1.703027721178E-01
    1.744946266577E-01
    1.765478666308E-01
    1.763680938552E-01
    1.765478666308E-01
    1.744946266577E-01
    1.703027721178E-01
    1.641542788566E-01
    1.582702750724E-01
    1.514916888775E-01
    1.424261481752E-01
    1.359119635476E-01
    1.275766484536E-01
    1.184255523618E-01
    1.111999121850E-01
    1.052106299219E-01
    1.013335412983E-01
    9.889301637359E-02
    8.561595290515E-02
    8.689240861354E-02
    8.998823943429E-02
    9.497342735478E-02
    1.014252247297E-01
    1.078084160854E-01
    1.163891760812E-01
    1.259505850524E-01
    1.349939681303E-01
    1.442820048837E-01
    1.512381111188E-01
    1.582702750724E-01
    1.645893661032E-01
    1.681575577252E-01
    1.706170790738E-01
    1.714289326730E-01
    1.706170790738E-01
    1.681575577252E-01
    1.645893661032E-01
    1.582702750724E-01
    1.512381111188E-01
    1.442820048837E-01
    1.349939681303E-01
    1.259505850524E-01
    1.163891760812E-01
    1.078084160854E-01
    1.014252247297E-01
    9.497342735478E-02
    8.998823943429E-02
    8.689240861354E-02
    6.886471194662E-02
    7.050903309328E-02
    7.419025684024E-02
    7.987257337169E-02
    8.760658953119E-02
    9.624216937406E-02
    1.046619360821E-01
    1.137051886086E-01
    1.248133703559E-01
    1.355174303510E-01
    1.442820048837E-01
    1.514916888775E-01
    1.574982294370E-01
    1.614519280081E-01
    1.645084175271E-01
    1.664062978926E-01
    1.645084175271E-01
    1.614519280081E-01
    1.574982294370E-01
    1.514916888775E-01
    1.442820048837E-01
    1.355174303510E-01
    1.248133703559E-01
    1.137051886086E-01
    1.046619360821E-01
    9.624216937406E-02
    8.760658953119E-02
    7.987257337169E-02
    7.419025684024E-02
    7.050903309328E-02
    5.075714532556E-02
    5.209798009806E-02
    5.591111161599E-02
    6.253880548848E-02
    7.118216749560E-02
    8.223209638975E-02
    9.348607754197E-02
    1.042582811446E-01
    1.151309105486E-01
    1.248133703559E-01
    1.349939681303E-01
    1.424261481752E-01
    1.494620739788E-01
    1.557372120798E-01
    1.582091350416E-01
    1.593002465677E-01
    1.582091350416E-01
    1.557372120798E-01
    1.494620739788E-01
    1.424261481752E-01
    1.349939681303E-01
    1.248133703559E-01
    1.151309105486E-01
    1.042582811446E-01
    9.348607754197E-02
    8.223209638975E-02
    7.118216749560E-02
    6.253880548848E-02
    5.591111161599E-02
    5.209798009806E-02
    3.398329208205E-02
    3.491139381265E-02
    3.877418618292E-02
    4.619934319049E-02
    5.481319512730E-02
    6.568961818127E-02
    7.804145515728E-02
    9.157751012885E-02
    1.042582811446E-01
    1.137051886086E-01
    1.259505850524E-01
    1.359119635476E-01
    1.425351485402E-01
    1.484321531249E-01
    1.512390929328E-01
    1.523528391685E-01
    1.512390929328E-01
    1.484321531249E-01
    1.425351485402E-01
    1.359119635476E-01
    1.259505850524E-01
    1.137051886086E-01
    1.042582811446E-01
    9.157751012885E-02
    7.804145515728E-02
    6.568961818127E-02
    5.481319512730E-02
    4.619934319049E-02
    3.877418618292E-02
    3.491139381265E-02
    1.411339451341E-02
    1.551769828491E-02
    2.057170757645E-02
    2.870570728658E-02
    3.817762990661E-02
    5.065679805635E-02
    6.372440181639E-02
    7.804145515728E-02
    9.348607754197E-02
    1.046619360821E-01
    1.163891760812E-01
    1.275766484536E-01
    1.352613905166E-01
    1.408743019861E-01
    1.446185503822E-01
    1.465021715426E-01
    1.446185503822E-01
    1.408743019861E-01
    1.352613905166E-01
    1.275766484536E-01
    1.163891760812E-01
    1.046619360821E-01
    9.348607754197E-02
    7.804145515728E-02
    6.372440181639E-02
    5.065679805635E-02
    3.817762990661E-02
    2.870570728658E-02
    2.057170757645E-02
    1.551769828491E-02
   -6.181900630503E-03
   -4.441625042217E-03
    1.723597860907E-03
    1.160325501915E-02
    2.327893794898E-02
    3.686586802216E-02
    5.065679805635E-02
    6.568961818127E-02
    8.223209638975E-02
    9.624216937406E-02
    1.078084160854E-01
    1.184255523618E-01
    1.286794048088E-01
    1.349176002370E-01
    1.377292868603E-01
    1.394302990840E-01
    1.377292868603E-01
    1.349176002370E-01
    1.286794048088E-01
    1.184255523618E-01
    1.078084160854E-01
    9.624216937406E-02
    8.223209638975E-02
    6.568961818127E-02
    5.065679805635E-02
    3.686586802216E-02
    2.327893794898E-02
    1.160325501915E-02
    1.723597860907E-03
   -4.441625042217E-03
   -2.438725532728E-02
   -2.249376198336E-02
   -1.632078029084E-02
   -5.792035203051E-03
    8.380426955204E-03
    2.327893794898E-02
    3.817762990661E-02
    5.481319512730E-02
    7.118216749560E-02
    8.760658953119E-02
    1.014252247297E-01
    1.111999121850E-01
    1.217679392281E-01
    1.287519580310E-01
    1.322768208087E-01
    1.346620110649E-01
    1.322768208087E-01
    1.287519580310E-01
    1.217679392281E-01
    1.111999121850E-01
    1.014252247297E-01
    8.760658953119E-02
    7.118216749560E-02
    5.481319512730E-02
    3.817762990661E-02
    2.327893794898E-02
    8.380426955204E-03
   -5.792035203051E-03
   -1.632078029084E-02
   -2.249376198336E-02
   -3.967019487994E-02
   -3.755381473928E-02
   -3.089712789898E-02
   -2.061369946093E-02
   -5.792035203051E-03
    1.160325501915E-02
    2.870570728658E-02
    4.619934319049E-02
    6.253880548848E-02
    7.987257337169E-02
    9.497342735478E-02
    1.052106299219E-01
    1.161468943762E-01
    1.240066232039E-01
    1.277889962275E-01
    1.298093193692E-01
    1.277889962275E-01
    1.240066232039E-01
    1.161468943762E-01
    1.052106299219E-01
    9.497342735478E-02
    7.987257337169E-02
    6.253880548848E-02
    4.619934319049E-02
    2.870570728658E-02
    1.160325501915E-02
   -5.792035203051E-03
   -2.061369946093E-02
   -3.089712789898E-02
   -3.755381473928E-02
   -4.986296397147E-02
   -4.848546647024E-02
   -4.192948468816E-02
   -3.089712789898E-02
   -1.632078029084E-02
    1.723597860907E-03
    2.057170757645E-02
    3.877418618292E-02
    5.591111161599E-02
    7.419025684024E-02
    8.998823943429E-02
    1.013335412983E-01
    1.123500175348E-01
    1.205853145531E-01
    1.243404838123E-01
    1.255110212858E-01
    1.243404838123E-01
    1.205853145531E-01
    1.123500175348E-01
    1.013335412983E-01
    8.998823943429E-02
    7.419025684024E-02
    5.591111161599E-02
    3.877418618292E-02
    2.057170757645E-02
    1.723597860907E-03
   -1.632078029084E-02
   -3.089712789898E-02
   -4.192948468816E-02
   -4.848546647024E-02
   -5.778592994372E-02
   -5.546627163083E-02
   -4.848546647024E-02
   -3.755381473928E-02
   -2.249376198336E-02
   -4.441625042217E-03
    1.551769828491E-02
    3.491139381265E-02
    5.209798009806E-02
    7.050903309328E-02
    8.689240861354E-02
    9.889301637359E-02
    1.093928922629E-01
    1.178135352147E-01
    1.224343609410E-01
    1.235957593862E-01
    1.224343609410E-01
    1.178135352147E-01
    1.093928922629E-01
    9.889301637359E-02
    8.689240861354E-02
    7.050903309328E-02
    5.209798009806E-02
    3.491139381265E-02
    1.551769828491E-02
   -4.441625042217E-03
   -2.249376198336E-02
   -3.755381473928E-02
   -4.848546647024E-02
   -5.546627163083E-02
   -2.647016012156E-02
   -2.349609624893E-02
   -1.733550234035E-02
   -7.755387308600E-03
    6.423122398342E-03
    2.082573460453E-02
    3.543414867858E-02
    5.143555432243E-02
    6.833095713135E-02
    8.459213184981E-02
    9.699555743799E-02
    1.088321150551E-01
    1.195898247714E-01
    1.249724858980E-01
    1.290160913847E-01
    1.316251624579E-01
    1.290160913847E-01
    1.249724858980E-01
    1.195898247714E-01
    1.088321150551E-01
    9.699555743799E-02
    8.459213184981E-02
    6.833095713135E-02
    5.143555432243E-02
    3.543414867858E-02
    2.082573460453E-02
    6.423122398342E-03
   -7.755387308600E-03
   -1.733550234035E-02
   -2.349609624893E-02
   -2.349609624893E-02
   -2.157543216280E-02
   -1.559153305502E-02
   -4.969026249556E-03
    8.460955733809E-03
    2.261812711775E-02
    3.802425314581E-02
    5.398978843756E-02
    7.010155655789E-02
    8.529611498338E-02
    9.762469197738E-02
    1.093928922629E-01
    1.197607495488E-01
    1.253158825915E-01
    1.297279443315E-01
    1.325844462699E-01
    1.297279443315E-01
    1.253158825915E-01
    1.197607495488E-01
    1.093928922629E-01
    9.762469197738E-02
    8.529611498338E-02
    7.010155655789E-02
    5.398978843756E-02
    3.802425314581E-02
    2.261812711775E-02
    8.460955733809E-03
   -4.969026249556E-03
   -1.559153305502E-02
   -2.157543216280E-02
   -1.733550234035E-02
   -1.559153305502E-02
   -9.105423056648E-03
    1.459616769601E-03
    1.303260875521E-02
    2.669358135755E-02
    4.192325039690E-02
    5.729359306127E-02
    7.331915008535E-02
    8.804763713750E-02
    1.008638770252E-01
    1.123500175348E-01
    1.221863513732E-01
    1.276671288835E-01
    1.316104107377E-01
    1.344848649151E-01
    1.316104107377E-01
    1.276671288835E-01
    1.221863513732E-01
    1.123500175348E-01
    1.008638770252E-01
    8.804763713750E-02
    7.331915008535E-02
    5.729359306127E-02
    4.192325039690E-02
    2.669358135755E-02
    1.303260875521E-02
    1.459616769601E-03
   -9.105423056648E-03
   -1.559153305502E-02
   -7.755387308600E-03
   -4.969026249556E-03
    1.459616769601E-03
    1.014872158823E-02
    2.112457260492E-02
    3.462948383401E-02
    4.858746780700E-02
    6.351710184199E-02
    7.935169379931E-02
    9.290468800459E-02
    1.053756310764E-01
    1.161468943762E-01
    1.256679139761E-01
    1.310949469073E-01
    1.347494913858E-01
    1.379317669243E-01
    1.347494913858E-01
    1.310949469073E-01
    1.256679139761E-01
    1.161468943762E-01
    1.053756310764E-01
    9.290468800459E-02
    7.935169379931E-02
    6.351710184199E-02
    4.858746780700E-02
    3.462948383401E-02
    2.112457260492E-02
    1.014872158823E-02
    1.459616769601E-03
   -4.969026249556E-03
    6.423122398342E-03
    8.460955733809E-03
    1.303260875521E-02
    2.112457260492E-02
    3.178874262166E-02
    4.382402683327E-02
    5.743205730518E-02
    7.231942452256E-02
    8.691033816453E-02
    9.882090761940E-02
    1.109404776920E-01
    1.217679392281E-01
    1.305577574456E-01
    1.357343793841E-01
    1.392679584516E-01
    1.421785914175E-01
    1.392679584516E-01
    1.357343793841E-01
    1.305577574456E-01
    1.217679392281E-01
    1.109404776920E-01
    9.882090761940E-02
    8.691033816453E-02
    7.231942452256E-02
    5.743205730518E-02
    4.382402683327E-02
    3.178874262166E-02
    2.112457260492E-02
    1.303260875521E-02
    8.460955733809E-03
    2.082573460453E-02
    2.261812711775E-02
    2.669358135755E-02
    3.462948383401E-02
    4.382402683327E-02
    5.465554178642E-02
    6.843455864759E-02
    8.137653986780E-02
    9.472516229436E-02
    1.067143117083E-01
    1.185169075941E-01
    1.286794048088E-01
    1.356534708408E-01
    1.414713085118E-01
    1.452122855471E-01
    1.466562855642E-01
    1.452122855471E-01
    1.414713085118E-01
    1.356534708408E-01
    1.286794048088E-01
    1.185169075941E-01
    1.067143117083E-01
    9.472516229436E-02
    8.137653986780E-02
    6.843455864759E-02
    5.465554178642E-02
    4.382402683327E-02
    3.462948383401E-02
    2.669358135755E-02
    2.261812711775E-02
    3.543414867858E-02
    3.802425314581E-02
    4.192325039690E-02
    4.858746780700E-02
    5.743205730518E-02
    6.843455864759E-02
    8.159251845714E-02
    9.224463034349E-02
    1.042092940932E-01
    1.156060512745E-01
    1.263986041395E-01
    1.352613905166E-01
    1.409850833041E-01
    1.479691532833E-01
    1.516890023156E-01
    1.516387586652E-01
    1.516890023156E-01
    1.479691532833E-01
    1.409850833041E-01
    1.352613905166E-01
    1.263986041395E-01
    1.156060512745E-01
    1.042092940932E-01
    9.224463034349E-02
    8.159251845714E-02
    6.843455864759E-02
    5.743205730518E-02
    4.858746780700E-02
    4.192325039690E-02
    3.802425314581E-02
    5.143555432243E-02
    5.398978843756E-02
    5.729359306127E-02
    6.351710184199E-02
    7.231942452256E-02
    8.137653986780E-02
    9.224463034349E-02
    1.026004913444E-01
    1.140082040337E-01
    1.247690408019E-01
    1.349028199626E-01
    1.425351485402E-01
    1.485769847541E-01
    1.552986258132E-01
    1.576642928092E-01
    1.572819800018E-01
    1.576642928092E-01
    1.552986258132E-01
    1.485769847541E-01
    1.425351485402E-01
    1.349028199626E-01
    1.247690408019E-01
    1.140082040337E-01
    1.026004913444E-01
    9.224463034349E-02
    8.137653986780E-02
    7.231942452256E-02
    6.351710184199E-02
    5.729359306127E-02
    5.398978843756E-02
    6.833095713135E-02
    7.010155655789E-02
    7.331915008535E-02
    7.935169379931E-02
    8.691033816453E-02
    9.472516229436E-02
    1.042092940932E-01
    1.140082040337E-01
    1.243398350759E-01
    1.341791857636E-01
    1.430693103533E-01
    1.494620739788E-01
    1.559389844054E-01
    1.612063375641E-01
    1.634493726695E-01
    1.647350988424E-01
    1.634493726695E-01
    1.612063375641E-01
    1.559389844054E-01
    1.494620739788E-01
    1.430693103533E-01
    1.341791857636E-01
    1.243398350759E-01
    1.140082040337E-01
    1.042092940932E-01
    9.472516229436E-02
    8.691033816453E-02
    7.935169379931E-02
    7.331915008535E-02
    7.010155655789E-02
    8.459213184981E-02
    8.529611498338E-02
    8.804763713750E-02
    9.290468800459E-02
    9.882090761940E-02
    1.067143117083E-01
    1.156060512745E-01
    1.247690408019E-01
    1.341791857636E-01
    1.421999344585E-01
    1.499324607443E-01
    1.574982294370E-01
    1.640073882122E-01
    1.670958095079E-01
    1.692762172018E-01
    1.713755699532E-01
    1.692762172018E-01
    1.670958095079E-01
    1.640073882122E-01
    1.574982294370E-01
    1.499324607443E-01
    1.421999344585E-01
    1.341791857636E-01
    1.247690408019E-01
    1.156060512745E-01
    1.067143117083E-01
    9.882090761940E-02
    9.290468800459E-02
    8.804763713750E-02
    8.529611498338E-02
    9.699555743799E-02
    9.762469197738E-02
    1.008638770252E-01
    1.053756310764E-01
    1.109404776920E-01
    1.185169075941E-01
    1.263986041395E-01
    1.349028199626E-01
    1.430693103533E-01
    1.499324607443E-01
    1.570247112055E-01
    1.645893661032E-01
    1.695950252414E-01
    1.724290862406E-01
    1.755189417323E-01
    1.770755248195E-01
    1.755189417323E-01
    1.724290862406E-01
    1.695950252414E-01
    1.645893661032E-01
    1.570247112055E-01
    1.499324607443E-01
    1.430693103533E-01
    1.349028199626E-01
    1.263986041395E-01
    1.185169075941E-01
    1.109404776920E-01
    1.053756310764E-01
    1.008638770252E-01
    9.762469197738E-02
    1.088321150551E-01
    1.093928922629E-01
    1.123500175348E-01
    1.161468943762E-01
    1.217679392281E-01
    1.286794048088E-01
    1.352613905166E-01
    1.425351485402E-01
    1.494620739788E-01
    1.574982294370E-01
    1.645893661032E-01
    1.703027721178E-01
    1.743761439312E-01
    1.778708051378E-01
    1.808914783486E-01
    1.813766409763E-01
    1.808914783486E-01
    1.778708051378E-01
    1.743761439312E-01
    1.703027721178E-01
    1.645893661032E-01
    1.574982294370E-01
    1.494620739788E-01
    1.425351485402E-01
    1.352613905166E-01
    1.286794048088E-01
    1.217679392281E-01
    1.161468943762E-01
    1.123500175348E-01
    1.093928922629E-01
    1.195898247714E-01
    1.197607495488E-01
    1.221863513732E-01
    1.256679139761E-01
    1.305577574456E-01
    1.356534708408E-01
    1.409850833041E-01
    1.485769847541E-01
    1.559389844054E-01
    1.640073882122E-01
    1.695950252414E-01
    1.743761439312E-01
    1.798341752129E-01
    1.831388154155E-01
    1.845238415792E-01
    1.844693285376E-01
    1.845238415792E-01
    1.831388154155E-01
    1.798341752129E-01
    1.743761439312E-01
    1.695950252414E-01
    1.640073882122E-01
    1.559389844054E-01
    1.485769847541E-01
    1.409850833041E-01
    1.356534708408E-01
    1.305577574456E-01
    1.256679139761E-01
    1.221863513732E-01
    1.197607495488E-01
    1.249724858980E-01
    1.253158825915E-01
    1.276671288835E-01
    1.310949469073E-01
    1.357343793841E-01
    1.414713085118E-01
    1.479691532833E-01
    1.552986258132E-01
    1.612063375641E-01
    1.670958095079E-01
    1.724290862406E-01
    1.778708051378E-01
    1.831388154155E-01
    1.859010003688E-01
    1.876615697518E-01
    1.884886692673E-01
    1.876615697518E-01
    1.859010003688E-01
    1.831388154155E-01
    1.778708051378E-01
    1.724290862406E-01
    1.670958095079E-01
    1.612063375641E-01
    1.552986258132E-01
    1.479691532833E-01
    1.414713085118E-01
    1.357343793841E-01
    1.310949469073E-01
    1.276671288835E-01
    1.253158825915E-01
    1.290160913847E-01
    1.297279443315E-01
    1.316104107377E-01
    1.347494913858E-01
    1.392679584516E-01
    1.452122855471E-01
    1.516890023156E-01
    1.576642928092E-01
    1.634493726695E-01
    1.692762172018E-01
    1.755189417323E-01
    1.808914783486E-01
    1.845238415792E-01
    1.876615697518E-01
    1.898083938446E-01
    1.903853752946E-01
    1.898083938446E-01
    1.876615697518E-01
    1.845238415792E-01
    1.808914783486E-01
    1.755189417323E-01
    1.692762172018E-01
    1.634493726695E-01
    1.576642928092E-01
    1.516890023156E-01
    1.452122855471E-01
    1.392679584516E-01
    1.347494913858E-01
    1.316104107377E-01
    1.297279443315E-01
    1.316251624579E-01
    1.325844462699E-01
    1.344848649151E-01
    1.379317669243E-01
    1.421785914175E-01
    1.466562855642E-01
    1.516387586652E-01
    1.572819800018E-01
    1.647350988424E-01
    1.713755699532E-01
    1.770755248195E-01
    1.813766409763E-01
    1.844693285376E-01
    1.884886692673E-01
    1.903853752946E-01
    1.901695295277E-01
    1.903853752946E-01
    1.884886692673E-01
    1.844693285376E-01
    1.813766409763E-01
    1.770755248195E-01
    1.713755699532E-01
    1.647350988424E-01
    1.572819800018E-01
    1.516387586652E-01
    1.466562855642E-01
    1.421785914175E-01
    1.379317669243E-01
    1.344848649151E-01
    1.325844462699E-01
    1.290160913847E-01
    1.297279443315E-01
    1.316104107377E-01
    1.347494913858E-01
    1.392679584516E-01
    1.452122855471E-01
    1.516890023156E-01
    1.576642928092E-01
    1.634493726695E-01
    1.692762172018E-01
    1.755189417323E-01
    1.808914783486E-01
    1.845238415792E-01
    1.876615697518E-01
    1.898083938446E-01
    1.903853752946E-01
    1.898083938446E-01
    1.876615697518E-01
    1.845238415792E-01
    1.808914783486E-01
    1.755189417323E-01
    1.692762172018E-01
    1.634493726695E-01
    1.576642928092E-01
    1.516890023156E-01
    1.452122855471E-01
    1.392679584516E-01
    1.347494913858E-01
    1.316104107377E-01
    1.297279443315E-01
    1.249724858980E-01
    1.253158825915E-01
    1.276671288835E-01
    1.310949469073E-01
    1.357343793841E-01
    1.414713085118E-01
    1.479691532833E-01
    1.552986258132E-01
    1.612063375641E-01
    1.670958095079E-01
    1.724290862406E-01
    1.778708051378E-01
    1.831388154155E-01
    1.859010003688E-01
    1.876615697518E-01
    1.884886692673E-01
    1.876615697518E-01
    1.859010003688E-01
    1.831388154155E-01
    1.778708051378E-01
    1.724290862406E-01
    1.670958095079E-01
    1.612063375641E-01
    1.552986258132E-01
    1.479691532833E-01
    1.414713085118E-01
    1.357343793841E-01
    1.310949469073E-01
    1.276671288835E-01
    1.253158825915E-01
    1.195898247714E-01
    1.197607495488E-01
    1.221863513732E-01
    1.256679139761E-01
    1.305577574456E-01
    1.356534708408E-01
    1.409850833041E-01
    1.485769847541E-01
    1.559389844054E-01
    1.640073882122E-01
    1.695950252414E-01
    1.743761439312E-01
    1.798341752129E-01
    1.831388154155E-01
    1.845238415792E-01
    1.844693285376E-01
    1.845238415792E-01
    1.831388154155E-01
    1.798341752129E-01
    1.743761439312E-01
    1.695950252414E-01
    1.640073882122E-01
    1.559389844054E-01
    1.485769847541E-01
    1.409850833041E-01
    1.356534708408E-01
    1.305577574456E-01
    1.256679139761E-01
    1.221863513732E-01
    1.197607495488E-01
    1.088321150551E-01
    1.093928922629E-01
    1.123500175348E-01
    1.161468943762E-01
    1.217679392281E-01
    1.286794048088E-01
    1.352613905166E-01
    1.425351485402E-01
    1.494620739788E-01
    1.574982294370E-01
    1.645893661032E-01
    1.703027721178E-01
    1.743761439312E-01
    1.778708051378E-01
    1.808914783486E-01
    1.813766409763E-01
    1.808914783486E-01
    1.778708051378E-01
    1.743761439312E-01
    1.703027721178E-01
    1.645893661032E-01
    1.574982294370E-01
    1.494620739788E-01
    1.425351485402E-01
    1.352613905166E-01
    1.286794048088E-01
    1.217679392281E-01
    1.161468943762E-01
    1.123500175348E-01
    1.093928922629E-01
    9.699555743799E-02
    9.762469197738E-02
    1.008638770252E-01
    1.053756310764E-01
    1.109404776920E-01
    1.185169075941E-01
    1.263986041395E-01
    1.349028199626E-01
    1.430693103533E-01
    1.499324607443E-01
    1.570247112055E-01
    1.645893661032E-01
    1.695950252414E-01
    1.724290862406E-01
    1.755189417323E-01
    1.770755248195E-01
    1.755189417323E-01
    1.724290862406E-01
    1.695950252414E-01
    1.645893661032E-01
    1.570247112055E-01
    1.499324607443E-01
    1.430693103533E-01
    1.349028199626E-01
    1.263986041395E-01
    1.185169075941E-01
    1.109404776920E-01
    1.053756310764E-01
    1.008638770252E-01
    9.762469197738E-02
    8.459213184981E-02
    8.529611498338E-02
    8.804763713750E-02
    9.290468800459E-02
    9.882090761940E-02
    1.067143117083E-01
    1.156060512745E-01
    1.247690408019E-01
    1.341791857636E-01
    1.421999344585E-01
    1.499324607443E-01
    1.574982294370E-01
    1.640073882122E-01
    1.670958095079E-01
    1.692762172018E-01
    1.713755699532E-01
    1.692762172018E-01
    1.670958095079E-01
    1.640073882122E-01
    1.574982294370E-01
    1.499324607443E-01
    1.421999344585E-01
    1.341791857636E-01
    1.247690408019E-01
    1.156060512745E-01
    1.067143117083E-01
    9.882090761940E-02
    9.290468800459E-02
    8.804763713750E-02
    8.529611498338E-02
    6.833095713135E-02
    7.010155655789E-02
    7.331915008535E-02
    7.935169379931E-02
    8.691033816453E-02
    9.472516229436E-02
    1.042092940932E-01
    1.140082040337E-01
    1.243398350759E-01
    1.341791857636E-01
    1.430693103533E-01
    1.494620739788E-01
    1.559389844054E-01
    1.612063375641E-01
    1.634493726695E-01
    1.647350988424E-01
    1.634493726695E-01
    1.612063375641E-01
    1.559389844054E-01
    1.494620739788E-01
    1.430693103533E-01
    1.341791857636E-01
    1.243398350759E-01
    1.140082040337E-01
    1.042092940932E-01
    9.472516229436E-02
    8.691033816453E-02
    7.935169379931E-02
    7.331915008535E-02
    7.010155655789E-02
    5.143555432243E-02
    5.398978843756E-02
    5.729359306127E-02
    6.351710184199E-02
    7.231942452256E-02
    8.137653986780E-02
    9.224463034349E-02
    1.026004913444E-01
    1.140082040337E-01
    1.247690408019E-01
    1.349028199626E-01
    1.425351485402E-01
    1.485769847541E-01
    1.552986258132E-01
    1.576642928092E-01
    1.572819800018E-01
    1.576642928092E-01
    1.552986258132E-01
    1.485769847541E-01
    1.425351485402E-01
    1.349028199626E-01
    1.247690408019E-01
    1.140082040337E-01
    1.026004913444E-01
    9.224463034349E-02
    8.137653986780E-02
    7.231942452256E-02
    6.351710184199E-02
    5.729359306127E-02
    5.398978843756E-02
    3.543414867858E-02
    3.802425314581E-02
    4.192325039690E-02
    4.858746780700E-02
    5.743205730518E-02
    6.843455864759E-02
    8.159251845714E-02
    9.224463034349E-02
    1.042092940932E-01
    1.156060512745E-01
    1.263986041395E-01
    1.352613905166E-01
    1.409850833041E-01
    1.479691532833E-01
    1.516890023156E-01
    1.516387586652E-01
    1.516890023156E-01
    1.479691532833E-01
    1.409850833041E-01
    1.352613905166E-01
    1.263986041395E-01
    1.156060512745E-01
    1.042092940932E-01
    9.224463034349E-02
    8.159251845714E-02
    6.843455864759E-02
    5.743205730518E-02
    4.858746780700E-02
    4.192325039690E-02
    3.802425314581E-02
    2.082573460453E-02
    2.261812711775E-02
    2.669358135755E-02
    3.462948383401E-02
    4.382402683327E-02
    5.465554178642E-02
    6.843455864759E-02
    8.137653986780E-02
    9.472516229436E-02
    1.067143117083E-01
    1.185169075941E-01
    1.286794048088E-01
    1.356534708408E-01
    1.414713085118E-01
    1.452122855471E-01
    1.466562855642E-01
    1.452122855471E-01
    1.414713085118E-01
    1.356534708408E-01
    1.286794048088E-01
    1.185169075941E-01
    1.067143117083E-01
    9.472516229436E-02
    8.137653986780E-02
    6.843455864759E-02
    5.465554178642E-02
    4.382402683327E-02
    3.462948383401E-02
    2.669358135755E-02
    2.261812711775E-02
    6.423122398342E-03
    8.460955733809E-03
    1.303260875521E-02
    2.112457260492E-02
    3.178874262166E-02
    4.382402683327E-02
    5.743205730518E-02
    7.231942452256E-02
    8.691033816453E-02
    9.882090761940E-02
    1.109404776920E-01
    1.217679392281E-01
    1.305577574456E-01
    1.357343793841E-01
    1.392679584516E-01
    1.421785914175E-01
    1.392679584516E-01
    1.357343793841E-01
    1.305577574456E-01
    1.217679392281E-01
    1.109404776920E-01
    9.882090761940E-02
    8.691033816453E-02
    7.231942452256E-02
    5.743205730518E-02
    4.382402683327E-02
    3.178874262166E-02
    2.112457260492E-02
    1.303260875521E-02
    8.460955733809E-03
   -7.755387308600E-03
   -4.969026249557E-03
    1.459616769601E-03
    1.014872158823E-02
    2.112457260492E-02
    3.462948383401E-02
    4.858746780700E-02
    6.351710184199E-02
    7.935169379931E-02
    9.290468800459E-02
    1.053756310764E-01
    1.161468943762E-01
    1.256679139761E-01
    1.310949469073E-01
    1.347494913858E-01
    1.379317669243E-01
    1.347494913858E-01
    1.310949469073E-01
    1.256679139761E-01
    1.161468943762E-01
    1.053756310764E-01
    9.290468800459E-02
    7.935169379931E-02
    6.351710184199E-02
    4.858746780700E-02
    3.462948383401E-02
    2.112457260492E-02
    1.014872158823E-02
    1.459616769601E-03
   -4.969026249557E-03
   -1.733550234035E-02
   -1.559153305502E-02
   -9.105423056648E-03
    1.459616769601E-03
    1.303260875521E-02
    2.669358135755E-02
    4.192325039690E-02
    5.729359306127E-02
    7.331915008535E-02
    8.804763713750E-02
    1.008638770252E-01
    1.123500175348E-01
    1.221863513732E-01
    1.276671288835E-01
    1.316104107377E-01
    1.344848649151E-01
    1.316104107377E-01
    1.276671288835E-01
    1.221863513732E-01
    1.123500175348E-01
    1.008638770252E-01
    8.804763713750E-02
    7.331915008535E-02
    5.729359306127E-02
    4.192325039690E-02
    2.669358135755E-02
    1.303260875521E-02
    1.459616769601E-03
   -9.105423056648E-03
   -1.559153305502E-02
   -2.349609624893E-02
   -2.157543216280E-02
   -1.559153305502E-02
   -4.969026249556E-03
    8.460955733809E-03
    2.261812711775E-02
    3.802425314581E-02
    5.398978843756E-02
    7.010155655789E-02
    8.529611498338E-02
    9.762469197738E-02
    1.093928922629E-01
    1.197607495488E-01
    1.253158825915E-01
    1.297279443315E-01
    1.325844462699E-01
    1.297279443315E-01
    1.253158825915E-01
    1.197607495488E-01
    1.093928922629E-01
    9.762469197738E-02
    8.529611498338E-02
    7.010155655789E-02
    5.398978843756E-02
    3.802425314581E-02
    2.261812711775E-02
    8.460955733809E-03
   -4.969026249557E-03
   -1.559153305502E-02
   -2.157543216280E-02
    2.155044475032E-03
    3.719865346328E-03
    8.604333602232E-03
    1.578809013230E-02
    2.545423601242E-02
    3.788845084053E-02
    5.156512922347E-02
    6.625937637434E-02
    8.102924477118E-02
    9.425773736688E-02
    1.064025716567E-01
    1.170781239796E-01
    1.249724858980E-01
    1.317631684707E-01
    1.355825732416E-01
    1.358665682650E-01
    1.355825732416E-01
    1.317631684707E-01
    1.249724858980E-01
    1.170781239796E-01
    1.064025716567E-01
    9.425773736688E-02
    8.102924477118E-02
    6.625937637434E-02
    5.156512922347E-02
    3.788845084053E-02
    2.545423601242E-02
    1.578809013230E-02
    8.604333602232E-03
    3.719865346328E-03
    3.719865346327E-03
    5.284310657950E-03
    1.010164684204E-02
    1.774009354121E-02
    2.735390037749E-02
    3.960019784677E-02
    5.391015453793E-02
    6.860547374282E-02
    8.262541888737E-02
    9.472621221374E-02
    1.068023131266E-01
    1.178135352147E-01
    1.253158825915E-01
    1.320734817290E-01
    1.361993581048E-01
    1.366506043895E-01
    1.361993581048E-01
    1.320734817290E-01
    1.253158825915E-01
    1.178135352147E-01
    1.068023131266E-01
    9.472621221374E-02
    8.262541888737E-02
    6.860547374282E-02
    5.391015453793E-02
    3.960019784677E-02
    2.735390037749E-02
    1.774009354121E-02
    1.010164684204E-02
    5.284310657950E-03
    8.604333602232E-03
    1.010164684204E-02
    1.421384279699E-02
    2.185301841892E-02
    3.139751200916E-02
    4.325647346250E-02
    5.728604975433E-02
    7.135122229033E-02
    8.553580826347E-02
    9.724865541544E-02
    1.094568281821E-01
    1.205853145531E-01
    1.276671288835E-01
    1.343949989736E-01
    1.381878426345E-01
    1.385116987385E-01
    1.381878426345E-01
    1.343949989736E-01
    1.276671288835E-01
    1.205853145531E-01
    1.094568281821E-01
    9.724865541544E-02
    8.553580826347E-02
    7.135122229033E-02
    5.728604975433E-02
    4.325647346250E-02
    3.139751200916E-02
    2.185301841892E-02
    1.421384279699E-02
    1.010164684204E-02
    1.578809013230E-02
    1.774009354121E-02
    2.185301841892E-02
    2.888637434323E-02
    3.831210111772E-02
    5.038833975374E-02
    6.355239054101E-02
    7.640683726806E-02
    9.041813132507E-02
    1.018865971908E-01
    1.136962031819E-01
    1.240066232039E-01
    1.310949469073E-01
    1.379328849936E-01
    1.412002353997E-01
    1.415466433261E-01
    1.412002353997E-01
    1.379328849936E-01
    1.310949469073E-01
    1.240066232039E-01
    1.136962031819E-01
    1.018865971908E-01
    9.041813132507E-02
    7.640683726806E-02
    6.355239054101E-02
    5.038833975374E-02
    3.831210111772E-02
    2.888637434323E-02
    2.185301841892E-02
    1.774009354121E-02
    2.545423601242E-02
    2.735390037749E-02
    3.139751200916E-02
    3.831210111772E-02
    4.753711610092E-02
    5.932709159905E-02
    7.253330717707E-02
    8.461511847392E-02
    9.667511292784E-02
    1.074206790993E-01
    1.189680420727E-01
    1.287519580310E-01
    1.357343793841E-01
    1.421030970963E-01
    1.452728546615E-01
    1.459229930894E-01
    1.452728546615E-01
    1.421030970963E-01
    1.357343793841E-01
    1.287519580310E-01
    1.189680420727E-01
    1.074206790993E-01
    9.667511292784E-02
    8.461511847392E-02
    7.253330717707E-02
    5.932709159905E-02
    4.753711610092E-02
    3.831210111772E-02
    3.139751200916E-02
    2.735390037749E-02
    3.788845084053E-02
    3.960019784677E-02
    4.325647346250E-02
    5.038833975374E-02
    5.932709159905E-02
    6.908098775703E-02
    8.130251048638E-02
    9.234831756790E-02
    1.035311478602E-01
    1.152529077805E-01
    1.259478095061E-01
    1.349176002370E-01
    1.414713085118E-01
    1.470127019548E-01
    1.503093221285E-01
    1.509776721540E-01
    1.503093221285E-01
    1.470127019548E-01
    1.414713085118E-01
    1.349176002370E-01
    1.259478095061E-01
    1.152529077805E-01
    1.035311478602E-01
    9.234831756790E-02
    8.130251048638E-02
    6.908098775703E-02
    5.932709159905E-02
    5.038833975374E-02
    4.325647346250E-02
    3.960019784677E-02
    5.156512922347E-02
    5.391015453793E-02
    5.728604975433E-02
    6.355239054101E-02
    7.253330717707E-02
    8.130251048638E-02
    9.232957333124E-02
    1.020730559495E-01
    1.127369390249E-01
    1.240525901986E-01
    1.321857710987E-01
    1.408743019861E-01
    1.479691532833E-01
    1.524890184384E-01
    1.555994473004E-01
    1.563375668874E-01
    1.555994473004E-01
    1.524890184384E-01
    1.479691532833E-01
    1.408743019861E-01
    1.321857710987E-01
    1.240525901986E-01
    1.127369390249E-01
    1.020730559495E-01
    9.232957333124E-02
    8.130251048638E-02
    7.253330717707E-02
    6.355239054101E-02
    5.728604975433E-02
    5.391015453793E-02
    6.625937637434E-02
    6.860547374282E-02
    7.135122229033E-02
    7.640683726806E-02
    8.461511847392E-02
    9.234831756790E-02
    1.020730559495E-01
    1.116166095629E-01
    1.219769632463E-01
    1.321619303804E-01
    1.396063552613E-01
    1.484321531249E-01
    1.552986258132E-01
    1.582923734020E-01
    1.613511970860E-01
    1.630770625176E-01
    1.613511970860E-01
    1.582923734020E-01
    1.552986258132E-01
    1.484321531249E-01
    1.396063552613E-01
    1.321619303804E-01
    1.219769632463E-01
    1.116166095629E-01
    1.020730559495E-01
    9.234831756790E-02
    8.461511847392E-02
    7.640683726806E-02
    7.135122229033E-02
    6.860547374282E-02
    8.102924477118E-02
    8.262541888737E-02
    8.553580826347E-02
    9.041813132507E-02
    9.667511292784E-02
    1.035311478602E-01
    1.127369390249E-01
    1.219769632463E-01
    1.308245119107E-01
    1.399198995511E-01
    1.484285133770E-01
    1.557372120798E-01
    1.612063375641E-01
    1.643178591734E-01
    1.674195786080E-01
    1.696295838767E-01
    1.674195786080E-01
    1.643178591734E-01
    1.612063375641E-01
    1.557372120798E-01
    1.484285133770E-01
    1.399198995511E-01
    1.308245119107E-01
    1.219769632463E-01
    1.127369390249E-01
    1.035311478602E-01
    9.667511292784E-02
    9.041813132507E-02
    8.553580826347E-02
    8.262541888737E-02
    9.425773736688E-02
    9.472621221374E-02
    9.724865541544E-02
    1.018865971908E-01
    1.074206790993E-01
    1.152529077805E-01
    1.240525901986E-01
    1.321619303804E-01
    1.399198995511E-01
    1.476163309755E-01
    1.556405986817E-01
    1.614519280081E-01
    1.670958095079E-01
    1.721405280941E-01
    1.736468356171E-01
    1.738350042230E-01
    1.736468356171E-01
    1.721405280941E-01
    1.670958095079E-01
    1.614519280081E-01
    1.556405986817E-01
    1.476163309755E-01
    1.399198995511E-01
    1.321619303804E-01
    1.240525901986E-01
    1.152529077805E-01
    1.074206790993E-01
    1.018865971908E-01
    9.724865541544E-02
    9.472621221374E-02
    1.064025716567E-01
    1.068023131266E-01
    1.094568281821E-01
    1.136962031819E-01
    1.189680420727E-01
    1.259478095061E-01
    1.321857710987E-01
    1.396063552613E-01
    1.484285133770E-01
    1.556405986817E-01
    1.627562359315E-01
    1.681575577252E-01
    1.724290862406E-01
    1.775613387216E-01
    1.794645742103E-01
    1.789563214739E-01
    1.794645742103E-01
    1.775613387216E-01
    1.724290862406E-01
    1.681575577252E-01
    1.627562359315E-01
    1.556405986817E-01
    1.484285133770E-01
    1.396063552613E-01
    1.321857710987E-01
    1.259478095061E-01
    1.189680420727E-01
    1.136962031819E-01
    1.094568281821E-01
    1.068023131266E-01
    1.170781239796E-01
    1.178135352147E-01
    1.205853145531E-01
    1.240066232039E-01
    1.287519580310E-01
    1.349176002370E-01
    1.408743019861E-01
    1.484321531249E-01
    1.557372120798E-01
    1.614519280081E-01
    1.681575577252E-01
    1.744946266577E-01
    1.778708051378E-01
    1.811418207597E-01
    1.840062319590E-01
    1.845283125116E-01
    1.840062319590E-01
    1.811418207597E-01
    1.778708051378E-01
    1.744946266577E-01
    1.681575577252E-01
    1.614519280081E-01
    1.557372120798E-01
    1.484321531249E-01
    1.408743019861E-01
    1.349176002370E-01
    1.287519580310E-01
    1.240066232039E-01
    1.205853145531E-01
    1.178135352147E-01
    1.249724858980E-01
    1.253158825915E-01
    1.276671288835E-01
    1.310949469073E-01
    1.357343793841E-01
    1.414713085118E-01
    1.479691532833E-01
    1.552986258132E-01
    1.612063375641E-01
    1.670958095079E-01
    1.724290862406E-01
    1.778708051378E-01
    1.831388154155E-01
    1.859010003688E-01
    1.876615697518E-01
    1.884886692673E-01
    1.876615697518E-01
    1.859010003688E-01
    1.831388154155E-01
    1.778708051378E-01
    1.724290862406E-01
    1.670958095079E-01
    1.612063375641E-01
    1.552986258132E-01
    1.479691532833E-01
    1.414713085118E-01
    1.357343793841E-01
    1.310949469073E-01
    1.276671288835E-01
    1.253158825915E-01
    1.317631684707E-01
    1.320734817290E-01
    1.343949989736E-01
    1.379328849936E-01
    1.421030970963E-01
    1.470127019548E-01
    1.524890184384E-01
    1.582923734020E-01
    1.643178591734E-01
    1.721405280941E-01
    1.775613387216E-01
    1.811418207597E-01
    1.859010003688E-01
    1.885314631381E-01
    1.904186167849E-01
    1.918845194420E-01
    1.904186167849E-01
    1.885314631381E-01
    1.859010003688E-01
    1.811418207597E-01
    1.775613387216E-01
    1.721405280941E-01
    1.643178591734E-01
    1.582923734020E-01
    1.524890184384E-01
    1.470127019548E-01
    1.421030970963E-01
    1.379328849936E-01
    1.343949989736E-01
    1.320734817290E-01
    1.355825732416E-01
    1.361993581048E-01
    1.381878426345E-01
    1.412002353997E-01
    1.452728546615E-01
    1.503093221285E-01
    1.555994473004E-01
    1.613511970860E-01
    1.674195786080E-01
    1.736468356171E-01
    1.794645742103E-01
    1.840062319590E-01
    1.876615697518E-01
    1.904186167849E-01
    1.923689594963E-01
    1.932686324072E-01
    1.923689594963E-01
    1.904186167849E-01
    1.876615697518E-01
    1.840062319590E-01
    1.794645742103E-01
    1.736468356171E-01
    1.674195786080E-01
    1.613511970860E-01
    1.555994473004E-01
    1.503093221285E-01
    1.452728546615E-01
    1.412002353997E-01
    1.381878426345E-01
    1.361993581048E-01
    1.358665682650E-01
    1.366506043895E-01
    1.385116987385E-01
    1.415466433261E-01
    1.459229930894E-01
    1.509776721540E-01
    1.563375668874E-01
    1.630770625176E-01
    1.696295838767E-01
    1.738350042230E-01
    1.789563214739E-01
    1.845283125116E-01
    1.884886692673E-01
    1.918845194420E-01
    1.932686324072E-01
    1.930978626179E-01
    1.932686324072E-01
    1.918845194420E-01
    1.884886692673E-01
    1.845283125116E-01
    1.789563214739E-01
    1.738350042230E-01
    1.696295838767E-01
    1.630770625176E-01
    1.563375668874E-01
    1.509776721540E-01
    1.459229930894E-01
    1.415466433261E-01
    1.385116987385E-01
    1.366506043895E-01
    1.355825732416E-01
    1.361993581048E-01
    1.381878426345E-01
    1.412002353997E-01
    1.452728546615E-01
    1.503093221285E-01
    1.555994473004E-01
    1.613511970860E-01
    1.674195786080E-01
    1.736468356171E-01
    1.794645742103E-01
    1.840062319590E-01
    1.876615697518E-01
    1.904186167849E-01
    1.923689594963E-01
    1.932686324072E-01
    1.923689594963E-01
    1.904186167849E-01
    1.876615697518E-01
    1.840062319590E-01
    1.794645742103E-01
    1.736468356171E-01
    1.674195786080E-01
    1.613511970860E-01
    1.555994473004E-01
    1.503093221285E-01
    1.452728546615E-01
    1.412002353997E-01
    1.381878426345E-01
    1.361993581048E-01
    1.317631684707E-01
    1.320734817290E-01
    1.343949989736E-01
    1.379328849936E-01
    1.421030970963E-01
    1.470127019548E-01
    1.524890184384E-01
    1.582923734020E-01
    1.643178591734E-01
    1.721405280941E-01
    1.775613387216E-01
    1.811418207597E-01
    1.859010003688E-01
    1.885314631381E-01
    1.904186167849E-01
    1.918845194420E-01
    1.904186167849E-01
    1.885314631381E-01
    1.859010003688E-01
    1.811418207597E-01
    1.775613387216E-01
    1.721405280941E-01
    1.643178591734E-01
    1.582923734020E-01
    1.524890184384E-01
    1.470127019548E-01
    1.421030970963E-01
    1.379328849936E-01
    1.343949989736E-01
    1.320734817290E-01
    1.249724858980E-01
    1.253158825915E-01
    1.276671288835E-01
    1.310949469073E-01
    1.357343793841E-01
    1.414713085118E-01
    1.479691532833E-01
    1.552986258132E-01
    1.612063375641E-01
    1.670958095079E-01
    1.724290862406E-01
    1.778708051378E-01
    1.831388154155E-01
    1.859010003688E-01
    1.876615697518E-01
    1.884886692673E-01
    1.876615697518E-01
    1.859010003688E-01
    1.831388154155E-01
    1.778708051378E-01
    1.724290862406E-01
    1.670958095079E-01
    1.612063375641E-01
    1.552986258132E-01
    1.479691532833E-01
    1.414713085118E-01
    1.357343793841E-01
    1.310949469073E-01
    1.276671288835E-01
    1.253158825915E-01
    1.170781239796E-01
    1.178135352147E-01
    1.205853145531E-01
    1.240066232039E-01
    1.287519580310E-01
    1.349176002370E-01
    1.408743019861E-01
    1.484321531249E-01
    1.557372120798E-01
    1.614519280081E-01
    1.681575577252E-01
    1.744946266577E-01
    1.778708051378E-01
    1.811418207597E-01
    1.840062319590E-01
    1.845283125116E-01
    1.840062319590E-01
    1.811418207597E-01
    1.778708051378E-01
    1.744946266577E-01
    1.681575577252E-01
    1.614519280081E-01
    1.557372120798E-01
    1.484321531249E-01
    1.408743019861E-01
    1.349176002370E-01
    1.287519580310E-01
    1.240066232039E-01
    1.205853145531E-01
    1.178135352147E-01
    1.064025716567E-01
    1.068023131266E-01
    1.094568281821E-01
    1.136962031819E-01
    1.189680420727E-01
    1.259478095061E-01
    1.321857710987E-01
    1.396063552613E-01
    1.484285133770E-01
    1.556405986817E-01
    1.627562359315E-01
    1.681575577252E-01
    1.724290862406E-01
    1.775613387216E-01
    1.794645742103E-01
    1.789563214739E-01
    1.794645742103E-01
    1.775613387216E-01
    1.724290862406E-01
    1.681575577252E-01
    1.627562359315E-01
    1.556405986817E-01
    1.484285133770E-01
    1.396063552613E-01
    1.321857710987E-01
    1.259478095061E-01
    1.189680420727E-01
    1.136962031819E-01
    1.094568281821E-01
    1.068023131266E-01
    9.425773736688E-02
    9.472621221374E-02
    9.724865541544E-02
    1.018865971908E-01
    1.074206790993E-01
    1.152529077805E-01
    1.240525901986E-01
    1.321619303804E-01
    1.399198995511E-01
    1.476163309755E-01
    1.556405986817E-01
    1.614519280081E-01
    1.670958095079E-01
    1.721405280941E-01
    1.736468356171E-01
    1.738350042230E-01
    1.736468356171E-01
    1.721405280941E-01
    1.670958095079E-01
    1.614519280081E-01
    1.556405986817E-01
    1.476163309755E-01
    1.399198995511E-01
    1.321619303804E-01
    1.240525901986E-01
    1.152529077805E-01
    1.074206790993E-01
    1.018865971908E-01
    9.724865541544E-02
    9.472621221374E-02
    8.102924477118E-02
    8.262541888737E-02
    8.553580826347E-02
    9.041813132507E-02
    9.667511292784E-02
    1.035311478602E-01
    1.127369390249E-01
    1.219769632463E-01
    1.308245119107E-01
    1.399198995511E-01
    1.484285133770E-01
    1.557372120798E-01
    1.612063375641E-01
    1.643178591734E-01
    1.674195786080E-01
    1.696295838767E-01
    1.674195786080E-01
    1.643178591734E-01
    1.612063375641E-01
    1.557372120798E-01
    1.484285133770E-01
    1.399198995511E-01
    1.308245119107E-01
    1.219769632463E-01
    1.127369390249E-01
    1.035311478602E-01
    9.667511292784E-02
    9.041813132507E-02
    8.553580826347E-02
    8.262541888737E-02
    6.625937637434E-02
    6.860547374282E-02
    7.135122229033E-02
    7.640683726806E-02
    8.461511847392E-02
    9.234831756790E-02
    1.020730559495E-01
    1.116166095629E-01
    1.219769632463E-01
    1.321619303804E-01
    1.396063552613E-01
    1.484321531249E-01
    1.552986258132E-01
    1.582923734020E-01
    1.613511970860E-01
    1.630770625176E-01
    1.613511970860E-01
    1.582923734020E-01
    1.552986258132E-01
    1.484321531249E-01
    1.396063552613E-01
    1.321619303804E-01
    1.219769632463E-01
    1.116166095629E-01
    1.020730559495E-01
    9.234831756790E-02
    8.461511847392E-02
    7.640683726806E-02
    7.135122229033E-02
    6.860547374282E-02
    5.156512922347E-02
    5.391015453793E-02
    5.728604975433E-02
    6.355239054101E-02
    7.253330717707E-02
    8.130251048638E-02
    9.232957333124E-02
    1.020730559495E-01
    1.127369390249E-01
    1.240525901986E-01
    1.321857710987E-01
    1.408743019861E-01
    1.479691532833E-01
    1.524890184384E-01
    1.555994473004E-01
    1.563375668874E-01
    1.555994473004E-01
    1.524890184384E-01
    1.479691532833E-01
    1.408743019861E-01
    1.321857710987E-01
    1.240525901986E-01
    1.127369390249E-01
    1.020730559495E-01
    9.232957333124E-02
    8.130251048638E-02
    7.253330717707E-02
    6.355239054101E-02
    5.728604975433E-02
    5.391015453793E-02
    3.788845084053E-02
    3.960019784677E-02
    4.325647346250E-02
    5.038833975374E-02
    5.932709159905E-02
    6.908098775703E-02
    8.130251048638E-02
    9.234831756790E-02
    1.035311478602E-01
    1.152529077805E-01
    1.259478095061E-01
    1.349176002370E-01
    1.414713085118E-01
    1.470127019548E-01
    1.503093221285E-01
    1.509776721540E-01
    1.503093221285E-01
    1.470127019548E-01
    1.414713085118E-01
    1.349176002370E-01
    1.259478095061E-01
    1.152529077805E-01
    1.035311478602E-01
    9.234831756790E-02
    8.130251048638E-02
    6.908098775703E-02
    5.932709159905E-02
    5.038833975374E-02
    4.325647346250E-02
    3.960019784677E-02
    2.545423601242E-02
    2.735390037749E-02
    3.139751200916E-02
    3.831210111772E-02
    4.753711610092E-02
    5.932709159905E-02
    7.253330717707E-02
    8.461511847392E-02
    9.667511292784E-02
    1.074206790993E-01
    1.189680420727E-01
    1.287519580310E-01
    1.357343793841E-01
    1.421030970963E-01
    1.452728546615E-01
    1.459229930894E-01
    1.452728546615E-01
    1.421030970963E-01
    1.357343793841E-01
    1.287519580310E-01
    1.189680420727E-01
    1.074206790993E-01
    9.667511292784E-02
    8.461511847392E-02
    7.253330717707E-02
    5.932709159905E-02
    4.753711610092E-02
    3.831210111772E-02
    3.139751200916E-02
    2.735390037749E-02
    1.578809013230E-02
    1.774009354121E-02
    2.185301841892E-02
    2.888637434323E-02
    3.831210111772E-02
    5.038833975374E-02
    6.355239054101E-02
    7.640683726806E-02
    9.041813132507E-02
    1.018865971908E-01
    1.136962031819E-01
    1.240066232039E-01
    1.310949469073E-01
    1.379328849936E-01
    1.412002353997E-01
    1.415466433261E-01
    1.412002353997E-01
    1.379328849936E-01
    1.310949469073E-01
    1.240066232039E-01
    1.136962031819E-01
    1.018865971908E-01
    9.041813132507E-02
    7.640683726806E-02
    6.355239054101E-02
    5.038833975374E-02
    3.831210111772E-02
    2.888637434323E-02
    2.185301841892E-02
    1.774009354121E-02
    8.604333602232E-03
    1.010164684204E-02
    1.421384279699E-02
    2.185301841892E-02
    3.139751200916E-02
    4.325647346250E-02
    5.728604975433E-02
    7.135122229033E-02
    8.553580826347E-02
    9.724865541544E-02
    1.094568281821E-01
    1.205853145531E-01
    1.276671288835E-01
    1.343949989736E-01
    1.381878426345E-01
    1.385116987385E-01
    1.381878426345E-01
    1.343949989736E-01
    1.276671288835E-01
    1.205853145531E-01
    1.094568281821E-01
    9.724865541544E-02
    8.553580826347E-02
    7.135122229033E-02
    5.728604975433E-02
    4.325647346250E-02
    3.139751200916E-02
    2.185301841892E-02
    1.421384279699E-02
    1.010164684204E-02
    3.719865346328E-03
    5.284310657950E-03
    1.010164684204E-02
    1.774009354121E-02
    2.735390037749E-02
    3.960019784677E-02
    5.391015453793E-02
    6.860547374282E-02
    8.262541888737E-02
    9.472621221374E-02
    1.068023131266E-01
    1.178135352147E-01
    1.253158825915E-01
    1.320734817290E-01
    1.361993581048E-01
    1.366506043895E-01
    1.361993581048E-01
    1.320734817290E-01
    1.253158825915E-01
    1.178135352147E-01
    1.068023131266E-01
    9.472621221374E-02
    8.262541888737E-02
    6.860547374282E-02
    5.391015453793E-02
    3.960019784677E-02
    2.735390037749E-02
    1.774009354121E-02
    1.010164684204E-02
    5.284310657950E-03
    1.415680241468E-02
    1.448187675378E-02
    1.974419909458E-02
    2.809250552690E-02
    3.794345380508E-02
    5.058050825569E-02
    6.285205047589E-02
    7.540718315739E-02
    8.739396430493E-02
    9.992431487794E-02
    1.121546606291E-01
    1.213890390405E-01
    1.290160913847E-01
    1.355825732416E-01
    1.390088443876E-01
    1.394673288708E-01
    1.390088443876E-01
    1.355825732416E-01
    1.290160913847E-01
    1.213890390405E-01
    1.121546606291E-01
    9.992431487794E-02
    8.739396430493E-02
    7.540718315739E-02
    6.285205047589E-02
    5.058050825569E-02
    3.794345380508E-02
    2.809250552690E-02
    1.974419909458E-02
    1.448187675378E-02
    1.448187675378E-02
    1.641548169599E-02
    2.202454692593E-02
    2.948727004298E-02
    3.933174350435E-02
    5.134683481529E-02
    6.339136657298E-02
    7.567592933053E-02
    8.809611172440E-02
    1.011686287425E-01
    1.132767067545E-01
    1.224343609410E-01
    1.297279443315E-01
    1.361993581048E-01
    1.397347460582E-01
    1.401924811512E-01
    1.397347460582E-01
    1.361993581048E-01
    1.297279443315E-01
    1.224343609410E-01
    1.132767067545E-01
    1.011686287425E-01
    8.809611172440E-02
    7.567592933053E-02
    6.339136657298E-02
    5.134683481529E-02
    3.933174350435E-02
    2.948727004298E-02
    2.202454692593E-02
    1.641548169599E-02
    1.974419909458E-02
    2.202454692593E-02
    2.604777327772E-02
    3.328219840703E-02
    4.414223547787E-02
    5.527204432803E-02
    6.710270005295E-02
    7.881054860185E-02
    9.138393436909E-02
    1.041764569121E-01
    1.152726020574E-01
    1.243404838123E-01
    1.316104107377E-01
    1.381878426345E-01
    1.416376730538E-01
    1.419506139042E-01
    1.416376730538E-01
    1.381878426345E-01
    1.316104107377E-01
    1.243404838123E-01
    1.152726020574E-01
    1.041764569121E-01
    9.138393436909E-02
    7.881054860185E-02
    6.710270005295E-02
    5.527204432803E-02
    4.414223547787E-02
    3.328219840703E-02
    2.604777327772E-02
    2.202454692593E-02
    2.809250552690E-02
    2.948727004298E-02
    3.328219840703E-02
    4.132805857471E-02
    5.107913039312E-02
    6.091710005864E-02
    7.227386237910E-02
    8.356594692321E-02
    9.629883207494E-02
    1.087670167601E-01
    1.192861183646E-01
    1.277889962275E-01
    1.347494913858E-01
    1.412002353997E-01
    1.445715441472E-01
    1.450656118569E-01
    1.445715441472E-01
    1.412002353997E-01
    1.347494913858E-01
    1.277889962275E-01
    1.192861183646E-01
    1.087670167601E-01
    9.629883207494E-02
    8.356594692321E-02
    7.227386237910E-02
    6.091710005864E-02
    5.107913039312E-02
    4.132805857471E-02
    3.328219840703E-02
    2.948727004298E-02
    3.794345380508E-02
    3.933174350435E-02
    4.414223547787E-02
    5.107913039312E-02
    5.910095795807E-02
    6.892820669534E-02
    7.915273130117E-02
    9.024523459946E-02
    1.027343541507E-01
    1.145634926991E-01
    1.245152541812E-01
    1.322768208087E-01
    1.392679584516E-01
    1.452728546615E-01
    1.483946397615E-01
    1.491647496461E-01
    1.483946397615E-01
    1.452728546615E-01
    1.392679584516E-01
    1.322768208087E-01
    1.245152541812E-01
    1.145634926991E-01
    1.027343541507E-01
    9.024523459946E-02
    7.915273130117E-02
    6.892820669534E-02
    5.910095795807E-02
    5.107913039312E-02
    4.414223547787E-02
    3.933174350435E-02
    5.058050825569E-02
    5.134683481529E-02
    5.527204432803E-02
    6.091710005864E-02
    6.892820669534E-02
    7.803347867025E-02
    8.697882486432E-02
    9.887317975971E-02
    1.105377200881E-01
    1.211795178978E-01
    1.300236831695E-01
    1.377292868603E-01
    1.452122855471E-01
    1.503093221285E-01
    1.531705530718E-01
    1.540497034031E-01
    1.531705530718E-01
    1.503093221285E-01
    1.452122855471E-01
    1.377292868603E-01
    1.300236831695E-01
    1.211795178978E-01
    1.105377200881E-01
    9.887317975971E-02
    8.697882486432E-02
    7.803347867025E-02
    6.892820669534E-02
    6.091710005864E-02
    5.527204432803E-02
    5.134683481529E-02
    6.285205047589E-02
    6.339136657298E-02
    6.710270005295E-02
    7.227386237910E-02
    7.915273130117E-02
    8.697882486432E-02
    9.633814171543E-02
    1.082439365301E-01
    1.183522826079E-01
    1.283562541073E-01
    1.365215920582E-01
    1.446185503822E-01
    1.516890023156E-01
    1.555994473004E-01
    1.588130435520E-01
    1.598665534095E-01
    1.588130435520E-01
    1.555994473004E-01
    1.516890023156E-01
    1.446185503822E-01
    1.365215920582E-01
    1.283562541073E-01
    1.183522826079E-01
    1.082439365301E-01
    9.633814171543E-02
    8.697882486432E-02
    7.915273130117E-02
    7.227386237910E-02
    6.710270005295E-02
    6.339136657298E-02
    7.540718315739E-02
    7.567592933053E-02
    7.881054860185E-02
    8.356594692321E-02
    9.024523459946E-02
    9.887317975971E-02
    1.082439365301E-01
    1.181923190077E-01
    1.271112885803E-01
    1.359798691521E-01
    1.432043620325E-01
    1.512390929328E-01
    1.576642928092E-01
    1.613511970860E-01
    1.647291590300E-01
    1.656697591402E-01
    1.647291590300E-01
    1.613511970860E-01
    1.576642928092E-01
    1.512390929328E-01
    1.432043620325E-01
    1.359798691521E-01
    1.271112885803E-01
    1.181923190077E-01
    1.082439365301E-01
    9.887317975971E-02
    9.024523459946E-02
    8.356594692321E-02
    7.881054860185E-02
    7.567592933053E-02
    8.739396430493E-02
    8.809611172440E-02
    9.138393436909E-02
    9.629883207494E-02
    1.027343541507E-01
    1.105377200881E-01
    1.183522826079E-01
    1.271112885803E-01
    1.358248963495E-01
    1.437581765093E-01
    1.512029465598E-01
    1.582091350416E-01
    1.634493726695E-01
    1.674195786080E-01
    1.704534744402E-01
    1.713348013450E-01
    1.704534744402E-01
    1.674195786080E-01
    1.634493726695E-01
    1.582091350416E-01
    1.512029465598E-01
    1.437581765093E-01
    1.358248963495E-01
    1.271112885803E-01
    1.183522826079E-01
    1.105377200881E-01
    1.027343541507E-01
    9.629883207494E-02
    9.138393436909E-02
    8.809611172440E-02
    9.992431487794E-02
    1.011686287425E-01
    1.041764569121E-01
    1.087670167601E-01
    1.145634926991E-01
    1.211795178978E-01
    1.283562541073E-01
    1.359798691521E-01
    1.437581765093E-01
    1.515040539125E-01
    1.591339056318E-01
    1.645084175271E-01
    1.692762172018E-01
    1.736468356171E-01
    1.757710759674E-01
    1.764867937170E-01
    1.757710759674E-01
    1.736468356171E-01
    1.692762172018E-01
    1.645084175271E-01
    1.591339056318E-01
    1.515040539125E-01
    1.437581765093E-01
    1.359798691521E-01
    1.283562541073E-01
    1.211795178978E-01
    1.145634926991E-01
    1.087670167601E-01
    1.041764569121E-01
    1.011686287425E-01
    1.121546606291E-01
    1.132767067545E-01
    1.152726020574E-01
    1.192861183646E-01
    1.245152541812E-01
    1.300236831695E-01
    1.365215920582E-01
    1.432043620325E-01
    1.512029465598E-01
    1.591339056318E-01
    1.657119562423E-01
    1.706170790738E-01
    1.755189417323E-01
    1.794645742103E-01
    1.809148094935E-01
    1.814580068046E-01
    1.809148094935E-01
    1.794645742103E-01
    1.755189417323E-01
    1.706170790738E-01
    1.657119562423E-01
    1.591339056318E-01
    1.512029465598E-01
    1.432043620325E-01
    1.365215920582E-01
    1.300236831695E-01
    1.245152541812E-01
    1.192861183646E-01
    1.152726020574E-01
    1.132767067545E-01
    1.213890390405E-01
    1.224343609410E-01
    1.243404838123E-01
    1.277889962275E-01
    1.322768208087E-01
    1.377292868603E-01
    1.446185503822E-01
    1.512390929328E-01
    1.582091350416E-01
    1.645084175271E-01
    1.706170790738E-01
    1.765478666308E-01
    1.808914783486E-01
    1.840062319590E-01
    1.857619817702E-01
    1.863115913584E-01
    1.857619817702E-01
    1.840062319590E-01
    1.808914783486E-01
    1.765478666308E-01
    1.706170790738E-01
    1.645084175271E-01
    1.582091350416E-01
    1.512390929328E-01
    1.446185503822E-01
    1.377292868603E-01
    1.322768208087E-01
    1.277889962275E-01
    1.243404838123E-01
    1.224343609410E-01
    1.290160913847E-01
    1.297279443315E-01
    1.316104107377E-01
    1.347494913858E-01
    1.392679584516E-01
    1.452122855471E-01
    1.516890023156E-01
    1.576642928092E-01
    1.634493726695E-01
    1.692762172018E-01
    1.755189417323E-01
    1.808914783486E-01
    1.845238415792E-01
    1.876615697518E-01
    1.898083938446E-01
    1.903853752946E-01
    1.898083938446E-01
    1.876615697518E-01
    1.845238415792E-01
    1.808914783486E-01
    1.755189417323E-01
    1.692762172018E-01
    1.634493726695E-01
    1.576642928092E-01
    1.516890023156E-01
    1.452122855471E-01
    1.392679584516E-01
    1.347494913858E-01
    1.316104107377E-01
    1.297279443315E-01
    1.355825732416E-01
    1.361993581048E-01
    1.381878426345E-01
    1.412002353997E-01
    1.452728546615E-01
    1.503093221285E-01
    1.555994473004E-01
    1.613511970860E-01
    1.674195786080E-01
    1.736468356171E-01
    1.794645742103E-01
    1.840062319590E-01
    1.876615697518E-01
    1.904186167849E-01
    1.923689594963E-01
    1.932686324072E-01
    1.923689594963E-01
    1.904186167849E-01
    1.876615697518E-01
    1.840062319590E-01
    1.794645742103E-01
    1.736468356171E-01
    1.674195786080E-01
    1.613511970860E-01
    1.555994473004E-01
    1.503093221285E-01
    1.452728546615E-01
    1.412002353997E-01
    1.381878426345E-01
    1.361993581048E-01
    1.390088443876E-01
    1.397347460582E-01
    1.416376730538E-01
    1.445715441472E-01
    1.483946397615E-01
    1.531705530718E-01
    1.588130435520E-01
    1.647291590300E-01
    1.704534744402E-01
    1.757710759674E-01
    1.809148094935E-01
    1.857619817702E-01
    1.898083938446E-01
    1.923689594963E-01
    1.939998938543E-01
    1.948366613052E-01
    1.939998938543E-01
    1.923689594963E-01
    1.898083938446E-01
    1.857619817702E-01
    1.809148094935E-01
    1.757710759674E-01
    1.704534744402E-01
    1.647291590300E-01
    1.588130435520E-01
    1.531705530718E-01
    1.483946397615E-01
    1.445715441472E-01
    1.416376730538E-01
    1.397347460582E-01
    1.394673288708E-01
    1.401924811512E-01
    1.419506139042E-01
    1.450656118569E-01
    1.491647496461E-01
    1.540497034031E-01
    1.598665534095E-01
    1.656697591402E-01
    1.713348013450E-01
    1.764867937170E-01
    1.814580068046E-01
    1.863115913584E-01
    1.903853752946E-01
    1.932686324072E-01
    1.948366613052E-01
    1.953717062214E-01
    1.948366613052E-01
    1.932686324072E-01
    1.903853752946E-01
    1.863115913584E-01
    1.814580068046E-01
    1.764867937170E-01
    1.713348013450E-01
    1.656697591402E-01
    1.598665534095E-01
    1.540497034031E-01
    1.491647496461E-01
    1.450656118569E-01
    1.419506139042E-01
    1.401924811512E-01
    1.390088443876E-01
    1.397347460582E-01
    1.416376730538E-01
    1.445715441472E-01
    1.483946397615E-01
    1.531705530718E-01
    1.588130435520E-01
    1.647291590300E-01
    1.704534744402E-01
    1.757710759674E-01
    1.809148094935E-01
    1.857619817702E-01
    1.898083938446E-01
    1.923689594963E-01
    1.939998938543E-01
    1.948366613052E-01
    1.939998938543E-01
    1.923689594963E-01
    1.898083938446E-01
    1.857619817702E-01
    1.809148094935E-01
    1.757710759674E-01
    1.704534744402E-01
    1.647291590300E-01
    1.588130435520E-01
    1.531705530718E-01
    1.483946397615E-01
    1.445715441472E-01
    1.416376730538E-01
    1.397347460582E-01
    1.355825732416E-01
    1.361993581048E-01
    1.381878426345E-01
    1.412002353997E-01
    1.452728546615E-01
    1.503093221285E-01
    1.555994473004E-01
    1.613511970860E-01
    1.674195786080E-01
    1.736468356171E-01
    1.794645742103E-01
    1.840062319590E-01
    1.876615697518E-01
    1.904186167849E-01
    1.923689594963E-01
    1.932686324072E-01
    1.923689594963E-01
    1.904186167849E-01
    1.876615697518E-01
    1.840062319590E-01
    1.794645742103E-01
    1.736468356171E-01
    1.674195786080E-01
    1.613511970860E-01
    1.555994473004E-01
    1.503093221285E-01
    1.452728546615E-01
    1.412002353997E-01
    1.381878426345E-01
    1.361993581048E-01
    1.290160913847E-01
    1.297279443315E-01
    1.316104107377E-01
    1.347494913858E-01
    1.392679584516E-01
    1.452122855471E-01
    1.516890023156E-01
    1.576642928092E-01
    1.634493726695E-01
    1.692762172018E-01
    1.755189417323E-01
    1.808914783486E-01
    1.845238415792E-01
    1.876615697518E-01
    1.898083938446E-01
    1.903853752946E-01
    1.898083938446E-01
    1.876615697518E-01
    1.845238415792E-01
    1.808914783486E-01
    1.755189417323E-01
    1.692762172018E-01
    1.634493726695E-01
    1.576642928092E-01
    1.516890023156E-01
    1.452122855471E-01
    1.392679584516E-01
    1.347494913858E-01
    1.316104107377E-01
    1.297279443315E-01
    1.213890390405E-01
    1.224343609410E-01
    1.243404838123E-01
    1.277889962275E-01
    1.322768208087E-01
    1.377292868603E-01
    1.446185503822E-01
    1.512390929328E-01
    1.582091350416E-01
    1.645084175271E-01
    1.706170790738E-01
    1.765478666308E-01
    1.808914783486E-01
    1.840062319590E-01
    1.857619817702E-01
    1.863115913584E-01
    1.857619817702E-01
    1.840062319590E-01
    1.808914783486E-01
    1.765478666308E-01
    1.706170790738E-01
    1.645084175271E-01
    1.582091350416E-01
    1.512390929328E-01
    1.446185503822E-01
    1.377292868603E-01
    1.322768208087E-01
    1.277889962275E-01
    1.243404838123E-01
    1.224343609410E-01
    1.121546606291E-01
    1.132767067545E-01
    1.152726020574E-01
    1.192861183646E-01
    1.245152541812E-01
    1.300236831695E-01
    1.365215920582E-01
    1.432043620325E-01
    1.512029465598E-01
    1.591339056318E-01
    1.657119562423E-01
    1.706170790738E-01
    1.755189417323E-01
    1.794645742103E-01
    1.809148094935E-01
    1.814580068046E-01
    1.809148094935E-01
    1.794645742103E-01
    1.755189417323E-01
    1.706170790738E-01
    1.657119562423E-01
    1.591339056318E-01
    1.512029465598E-01
    1.432043620325E-01
    1.365215920582E-01
    1.300236831695E-01
    1.245152541812E-01
    1.192861183646E-01
    1.152726020574E-01
    1.132767067545E-01
    9.992431487794E-02
    1.011686287425E-01
    1.041764569121E-01
    1.087670167601E-01
    1.145634926991E-01
    1.211795178978E-01
    1.283562541073E-01
    1.359798691521E-01
    1.437581765093E-01
    1.515040539125E-01
    1.591339056318E-01
    1.645084175271E-01
    1.692762172018E-01
    1.736468356171E-01
    1.757710759674E-01
    1.764867937170E-01
    1.757710759674E-01
    1.736468356171E-01
    1.692762172018E-01
    1.645084175271E-01
    1.591339056318E-01
    1.515040539125E-01
    1.437581765093E-01
    1.359798691521E-01
    1.283562541073E-01
    1.211795178978E-01
    1.145634926991E-01
    1.087670167601E-01
    1.041764569121E-01
    1.011686287425E-01
    8.739396430493E-02
    8.809611172440E-02
    9.138393436909E-02
    9.629883207494E-02
    1.027343541507E-01
    1.105377200881E-01
    1.183522826079E-01
    1.271112885803E-01
    1.358248963495E-01
    1.437581765093E-01
    1.512029465598E-01
    1.582091350416E-01
    1.634493726695E-01
    1.674195786080E-01
    1.704534744402E-01
    1.713348013450E-01
    1.704534744402E-01
    1.674195786080E-01
    1.634493726695E-01
    1.582091350416E-01
    1.512029465598E-01
    1.437581765093E-01
    1.358248963495E-01
    1.271112885803E-01
    1.183522826079E-01
    1.105377200881E-01
    1.027343541507E-01
    9.629883207494E-02
    9.138393436909E-02
    8.809611172440E-02
    7.540718315739E-02
    7.567592933053E-02
    7.881054860185E-02
    8.356594692321E-02
    9.024523459946E-02
    9.887317975971E-02
    1.082439365301E-01
    1.181923190077E-01
    1.271112885803E-01
    1.359798691521E-01
    1.432043620325E-01
    1.512390929328E-01
    1.576642928092E-01
    1.613511970860E-01
    1.647291590300E-01
    1.656697591402E-01
    1.647291590300E-01
    1.613511970860E-01
    1.576642928092E-01
    1.512390929328E-01
    1.432043620325E-01
    1.359798691521E-01
    1.271112885803E-01
    1.181923190077E-01
    1.082439365301E-01
    9.887317975971E-02
    9.024523459946E-02
    8.356594692321E-02
    7.881054860185E-02
    7.567592933053E-02
    6.285205047589E-02
    6.339136657298E-02
    6.710270005295E-02
    7.227386237910E-02
    7.915273130117E-02
    8.697882486432E-02
    9.633814171543E-02
    1.082439365301E-01
    1.183522826079E-01
    1.283562541073E-01
    1.365215920582E-01
    1.446185503822E-01
    1.516890023156E-01
    1.555994473004E-01
    1.588130435520E-01
    1.598665534095E-01
    1.588130435520E-01
    1.555994473004E-01
    1.516890023156E-01
    1.446185503822E-01
    1.365215920582E-01
    1.283562541073E-01
    1.183522826079E-01
    1.082439365301E-01
    9.633814171543E-02
    8.697882486432E-02
    7.915273130117E-02
    7.227386237910E-02
    6.710270005295E-02
    6.339136657298E-02
    5.058050825569E-02
    5.134683481529E-02
    5.527204432803E-02
    6.091710005864E-02
    6.892820669534E-02
    7.803347867025E-02
    8.697882486432E-02
    9.887317975971E-02
    1.105377200881E-01
    1.211795178978E-01
    1.300236831695E-01
    1.377292868603E-01
    1.452122855471E-01
    1.503093221285E-01
    1.531705530718E-01
    1.540497034031E-01
    1.531705530718E-01
    1.503093221285E-01
    1.452122855471E-01
    1.377292868603E-01
    1.300236831695E-01
    1.211795178978E-01
    1.105377200881E-01
    9.887317975971E-02
    8.697882486432E-02
    7.803347867025E-02
    6.892820669534E-02
    6.091710005864E-02
    5.527204432803E-02
    5.134683481529E-02
    3.794345380508E-02
    3.933174350435E-02
    4.414223547787E-02
    5.107913039312E-02
    5.910095795807E-02
    6.892820669534E-02
    7.915273130117E-02
    9.024523459946E-02
    1.027343541507E-01
    1.145634926991E-01
    1.245152541812E-01
    1.322768208087E-01
    1.392679584516E-01
    1.452728546615E-01
    1.483946397615E-01
    1.491647496461E-01
    1.483946397615E-01
    1.452728546615E-01
    1.392679584516E-01
    1.322768208087E-01
    1.245152541812E-01
    1.145634926991E-01
    1.027343541507E-01
    9.024523459946E-02
    7.915273130117E-02
    6.892820669534E-02
    5.910095795807E-02
    5.107913039312E-02
    4.414223547787E-02
    3.933174350435E-02
    2.809250552690E-02
    2.948727004298E-02
    3.328219840703E-02
    4.132805857471E-02
    5.107913039312E-02
    6.091710005864E-02
    7.227386237910E-02
    8.356594692321E-02
    9.629883207494E-02
    1.087670167601E-01
    1.192861183646E-01
    1.277889962275E-01
    1.347494913858E-01
    1.412002353997E-01
    1.445715441472E-01
    1.450656118569E-01
    1.445715441472E-01
    1.412002353997E-01
    1.347494913858E-01
    1.277889962275E-01
    1.192861183646E-01
    1.087670167601E-01
    9.629883207494E-02
    8.356594692321E-02
    7.227386237910E-02
    6.091710005864E-02
    5.107913039312E-02
    4.132805857471E-02
    3.328219840703E-02
    2.948727004298E-02
    1.974419909458E-02
    2.202454692593E-02
    2.604777327772E-02
    3.328219840703E-02
    4.414223547787E-02
    5.527204432803E-02
    6.710270005295E-02
    7.881054860185E-02
    9.138393436909E-02
    1.041764569121E-01
    1.152726020574E-01
    1.243404838123E-01
    1.316104107377E-01
    1.381878426345E-01
    1.416376730538E-01
    1.419506139042E-01
    1.416376730538E-01
    1.381878426345E-01
    1.316104107377E-01
    1.243404838123E-01
    1.152726020574E-01
    1.041764569121E-01
    9.138393436909E-02
    7.881054860185E-02
    6.710270005295E-02
    5.527204432803E-02
    4.414223547787E-02
    3.328219840703E-02
    2.604777327772E-02
    2.202454692593E-02
    1.448187675378E-02
    1.641548169599E-02
    2.202454692593E-02
    2.948727004298E-02
    3.933174350435E-02
    5.134683481529E-02
    6.339136657298E-02
    7.567592933053E-02
    8.809611172440E-02
    1.011686287425E-01
    1.132767067545E-01
    1.224343609410E-01
    1.297279443315E-01
    1.361993581048E-01
    1.397347460582E-01
    1.401924811512E-01
    1.397347460582E-01
    1.361993581048E-01
    1.297279443315E-01
    1.224343609410E-01
    1.132767067545E-01
    1.011686287425E-01
    8.809611172440E-02
    7.567592933053E-02
    6.339136657298E-02
    5.134683481529E-02
    3.933174350435E-02
    2.948727004298E-02
    2.202454692593E-02
    1.641548169599E-02
    2.387639363559E-02
    2.259563997347E-02
    2.597096741706E-02
    3.341853167778E-02
    4.217969020307E-02
    5.303613105152E-02
    6.462059646353E-02
    7.901614721323E-02
    9.167229549037E-02
    1.026391426234E-01
    1.125116028957E-01
    1.222455791912E-01
    1.316251624579E-01
    1.358665682650E-01
    1.394673288708E-01
    1.423362012415E-01
    1.394673288708E-01
    1.358665682650E-01
    1.316251624579E-01
    1.222455791912E-01
    1.125116028957E-01
    1.026391426234E-01
    9.167229549037E-02
    7.901614721323E-02
    6.462059646353E-02
    5.303613105152E-02
    4.217969020307E-02
    3.341853167778E-02
    2.597096741706E-02
    2.259563997347E-02
    2.259563997347E-02
    2.415702142653E-02
    2.882593126008E-02
    3.472254043107E-02
    4.303532513430E-02
    5.322751033305E-02
    6.465251559419E-02
    7.851722927921E-02
    9.169743470728E-02
    1.040208528195E-01
    1.140696201788E-01
    1.235957593862E-01
    1.325844462699E-01
    1.366506043895E-01
    1.401924811512E-01
    1.429281124348E-01
    1.401924811512E-01
    1.366506043895E-01
    1.325844462699E-01
    1.235957593862E-01
    1.140696201788E-01
    1.040208528195E-01
    9.169743470728E-02
    7.851722927921E-02
    6.465251559419E-02
    5.322751033305E-02
    4.303532513430E-02
    3.472254043107E-02
    2.882593126008E-02
    2.415702142653E-02
    2.597096741706E-02
    2.882593126008E-02
    3.267356930363E-02
    3.813991336318E-02
    4.737265903202E-02
    5.722803813942E-02
    6.983587283497E-02
    8.292349256304E-02
    9.471374552681E-02
    1.062845945945E-01
    1.156282148393E-01
    1.255110212858E-01
    1.344848649151E-01
    1.385116987385E-01
    1.419506139042E-01
    1.444406682403E-01
    1.419506139042E-01
    1.385116987385E-01
    1.344848649151E-01
    1.255110212858E-01
    1.156282148393E-01
    1.062845945945E-01
    9.471374552681E-02
    8.292349256304E-02
    6.983587283497E-02
    5.722803813942E-02
    4.737265903202E-02
    3.813991336318E-02
    3.267356930363E-02
    2.882593126008E-02
    3.341853167778E-02
    3.472254043107E-02
    3.813991336318E-02
    4.487719086864E-02
    5.282894141162E-02
    6.193405531261E-02
    7.533936525921E-02
    8.809523323199E-02
    9.882573033869E-02
    1.095747752580E-01
    1.195361786250E-01
    1.298093193692E-01
    1.379317669243E-01
    1.415466433261E-01
    1.450656118569E-01
    1.476340316403E-01
    1.450656118569E-01
    1.415466433261E-01
    1.379317669243E-01
    1.298093193692E-01
    1.195361786250E-01
    1.095747752580E-01
    9.882573033869E-02
    8.809523323199E-02
    7.533936525921E-02
    6.193405531261E-02
    5.282894141162E-02
    4.487719086864E-02
    3.813991336318E-02
    3.472254043107E-02
    4.217969020307E-02
    4.303532513430E-02
    4.737265903202E-02
    5.282894141162E-02
    5.986327784560E-02
    7.064714105826E-02
    8.212321854958E-02
    9.377538107919E-02
    1.044296253163E-01
    1.148777223706E-01
    1.252399208086E-01
    1.346620110649E-01
    1.421785914175E-01
    1.459229930894E-01
    1.491647496461E-01
    1.514247450179E-01
    1.491647496461E-01
    1.459229930894E-01
    1.421785914175E-01
    1.346620110649E-01
    1.252399208086E-01
    1.148777223706E-01
    1.044296253163E-01
    9.377538107919E-02
    8.212321854958E-02
    7.064714105826E-02
    5.986327784560E-02
    5.282894141162E-02
    4.737265903202E-02
    4.303532513430E-02
    5.303613105152E-02
    5.322751033305E-02
    5.722803813942E-02
    6.193405531261E-02
    7.064714105826E-02
    8.247203568636E-02
    9.145781664076E-02
    1.027688740883E-01
    1.120675240646E-01
    1.211971681652E-01
    1.311394423805E-01
    1.394302990840E-01
    1.466562855642E-01
    1.509776721540E-01
    1.540497034031E-01
    1.555128039060E-01
    1.540497034031E-01
    1.509776721540E-01
    1.466562855642E-01
    1.394302990840E-01
    1.311394423805E-01
    1.211971681652E-01
    1.120675240646E-01
    1.027688740883E-01
    9.145781664076E-02
    8.247203568636E-02
    7.064714105826E-02
    6.193405531261E-02
    5.722803813942E-02
    5.322751033305E-02
    6.462059646353E-02
    6.465251559419E-02
    6.983587283497E-02
    7.533936525921E-02
    8.212321854958E-02
    9.145781664076E-02
    9.996422750141E-02
    1.106744095108E-01
    1.185602141519E-01
    1.288511343606E-01
    1.396602759232E-01
    1.465021715426E-01
    1.516387586652E-01
    1.563375668874E-01
    1.598665534095E-01
    1.602888789438E-01
    1.598665534095E-01
    1.563375668874E-01
    1.516387586652E-01
    1.465021715426E-01
    1.396602759232E-01
    1.288511343606E-01
    1.185602141519E-01
    1.106744095108E-01
    9.996422750141E-02
    9.145781664076E-02
    8.212321854958E-02
    7.533936525921E-02
    6.983587283497E-02
    6.465251559419E-02
    7.901614721323E-02
    7.851722927921E-02
    8.292349256304E-02
    8.809523323199E-02
    9.377538107919E-02
    1.027688740883E-01
    1.106744095108E-01
    1.191950197461E-01
    1.273599100125E-01
    1.376010281954E-01
    1.465639191913E-01
    1.523528391685E-01
    1.572819800018E-01
    1.630770625176E-01
    1.656697591402E-01
    1.642992777565E-01
    1.656697591402E-01
    1.630770625176E-01
    1.572819800018E-01
    1.523528391685E-01
    1.465639191913E-01
    1.376010281954E-01
    1.273599100125E-01
    1.191950197461E-01
    1.106744095108E-01
    1.027688740883E-01
    9.377538107919E-02
    8.809523323199E-02
    8.292349256304E-02
    7.851722927921E-02
    9.167229549037E-02
    9.169743470728E-02
    9.471374552681E-02
    9.882573033869E-02
    1.044296253163E-01
    1.120675240646E-01
    1.185602141519E-01
    1.273599100125E-01
    1.371396419622E-01
    1.453742202322E-01
    1.526813176409E-01
    1.593002465677E-01
    1.647350988424E-01
    1.696295838767E-01
    1.713348013450E-01
    1.703518854619E-01
    1.713348013450E-01
    1.696295838767E-01
    1.647350988424E-01
    1.593002465677E-01
    1.526813176409E-01
    1.453742202322E-01
    1.371396419622E-01
    1.273599100125E-01
    1.185602141519E-01
    1.120675240646E-01
    1.044296253163E-01
    9.882573033869E-02
    9.471374552681E-02
    9.169743470728E-02
    1.026391426234E-01
    1.040208528195E-01
    1.062845945945E-01
    1.095747752580E-01
    1.148777223706E-01
    1.211971681652E-01
    1.288511343606E-01
    1.376010281954E-01
    1.453742202322E-01
    1.519411564192E-01
    1.592976369779E-01
    1.664062978926E-01
    1.713755699532E-01
    1.738350042230E-01
    1.764867937170E-01
    1.785819210894E-01
    1.764867937170E-01
    1.738350042230E-01
    1.713755699532E-01
    1.664062978926E-01
    1.592976369779E-01
    1.519411564192E-01
    1.453742202322E-01
    1.376010281954E-01
    1.288511343606E-01
    1.211971681652E-01
    1.148777223706E-01
    1.095747752580E-01
    1.062845945945E-01
    1.040208528195E-01
    1.125116028957E-01
    1.140696201788E-01
    1.156282148393E-01
    1.195361786250E-01
    1.252399208086E-01
    1.311394423805E-01
    1.396602759232E-01
    1.465639191913E-01
    1.526813176409E-01
    1.592976369779E-01
    1.652209025168E-01
    1.714289326730E-01
    1.770755248195E-01
    1.789563214739E-01
    1.814580068046E-01
    1.844558266007E-01
    1.814580068046E-01
    1.789563214739E-01
    1.770755248195E-01
    1.714289326730E-01
    1.652209025168E-01
    1.592976369779E-01
    1.526813176409E-01
    1.465639191913E-01
    1.396602759232E-01
    1.311394423805E-01
    1.252399208086E-01
    1.195361786250E-01
    1.156282148393E-01
    1.140696201788E-01
    1.222455791912E-01
    1.235957593862E-01
    1.255110212858E-01
    1.298093193692E-01
    1.346620110649E-01
    1.394302990840E-01
    1.465021715426E-01
    1.523528391685E-01
    1.593002465677E-01
    1.664062978926E-01
    1.714289326730E-01
    1.763680938552E-01
    1.813766409763E-01
    1.845283125116E-01
    1.863115913584E-01
    1.874489675940E-01
    1.863115913584E-01
    1.845283125116E-01
    1.813766409763E-01
    1.763680938552E-01
    1.714289326730E-01
    1.664062978926E-01
    1.593002465677E-01
    1.523528391685E-01
    1.465021715426E-01
    1.394302990840E-01
    1.346620110649E-01
    1.298093193692E-01
    1.255110212858E-01
    1.235957593862E-01
    1.316251624579E-01
    1.325844462699E-01
    1.344848649151E-01
    1.379317669243E-01
    1.421785914175E-01
    1.466562855642E-01
    1.516387586652E-01
    1.572819800018E-01
    1.647350988424E-01
    1.713755699532E-01
    1.770755248195E-01
    1.813766409763E-01
    1.844693285376E-01
    1.884886692673E-01
    1.903853752946E-01
    1.901695295277E-01
    1.903853752946E-01
    1.884886692673E-01
    1.844693285376E-01
    1.813766409763E-01
    1.770755248195E-01
    1.713755699532E-01
    1.647350988424E-01
    1.572819800018E-01
    1.516387586652E-01
    1.466562855642E-01
    1.421785914175E-01
    1.379317669243E-01
    1.344848649151E-01
    1.325844462699E-01
    1.358665682650E-01
    1.366506043895E-01
    1.385116987385E-01
    1.415466433261E-01
    1.459229930894E-01
    1.509776721540E-01
    1.563375668874E-01
    1.630770625176E-01
    1.696295838767E-01
    1.738350042230E-01
    1.789563214739E-01
    1.845283125116E-01
    1.884886692673E-01
    1.918845194420E-01
    1.932686324072E-01
    1.930978626179E-01
    1.932686324072E-01
    1.918845194420E-01
    1.884886692673E-01
    1.845283125116E-01
    1.789563214739E-01
    1.738350042230E-01
    1.696295838767E-01
    1.630770625176E-01
    1.563375668874E-01
    1.509776721540E-01
    1.459229930894E-01
    1.415466433261E-01
    1.385116987385E-01
    1.366506043895E-01
    1.394673288708E-01
    1.401924811512E-01
    1.419506139042E-01
    1.450656118569E-01
    1.491647496461E-01
    1.540497034031E-01
    1.598665534095E-01
    1.656697591402E-01
    1.713348013450E-01
    1.764867937170E-01
    1.814580068046E-01
    1.863115913584E-01
    1.903853752946E-01
    1.932686324072E-01
    1.948366613052E-01
    1.953717062214E-01
    1.948366613052E-01
    1.932686324072E-01
    1.903853752946E-01
    1.863115913584E-01
    1.814580068046E-01
    1.764867937170E-01
    1.713348013450E-01
    1.656697591402E-01
    1.598665534095E-01
    1.540497034031E-01
    1.491647496461E-01
    1.450656118569E-01
    1.419506139042E-01
    1.401924811512E-01
    1.423362012415E-01
    1.429281124348E-01
    1.444406682403E-01
    1.476340316403E-01
    1.514247450179E-01
    1.555128039060E-01
    1.602888789438E-01
    1.642992777565E-01
    1.703518854619E-01
    1.785819210894E-01
    1.844558266007E-01
    1.874489675940E-01
    1.901695295277E-01
    1.930978626179E-01
    1.953717062214E-01
    1.963367271911E-01
    1.953717062214E-01
    1.930978626179E-01
    1.901695295277E-01
    1.874489675940E-01
    1.844558266007E-01
    1.785819210894E-01
    1.703518854619E-01
    1.642992777565E-01
    1.602888789438E-01
    1.555128039060E-01
    1.514247450179E-01
    1.476340316403E-01
    1.444406682403E-01
    1.429281124348E-01
    1.394673288708E-01
    1.401924811512E-01
    1.419506139042E-01
    1.450656118569E-01
    1.491647496461E-01
    1.540497034031E-01
    1.598665534095E-01
    1.656697591402E-01
    1.713348013450E-01
    1.764867937170E-01
    1.814580068046E-01
    1.863115913584E-01
    1.903853752946E-01
    1.932686324072E-01
    1.948366613052E-01
    1.953717062214E-01
    1.948366613052E-01
    1.932686324072E-01
    1.903853752946E-01
    1.863115913584E-01
    1.814580068046E-01
    1.764867937170E-01
    1.713348013450E-01
    1.656697591402E-01
    1.598665534095E-01
    1.540497034031E-01
    1.491647496461E-01
    1.450656118569E-01
    1.419506139042E-01
    1.401924811512E-01
    1.358665682650E-01
    1.366506043895E-01
    1.385116987385E-01
    1.415466433261E-01
    1.459229930894E-01
    1.509776721540E-01
    1.563375668874E-01
    1.630770625176E-01
    1.696295838767E-01
    1.738350042230E-01
    1.789563214739E-01
    1.845283125116E-01
    1.884886692673E-01
    1.918845194420E-01
    1.932686324072E-01
    1.930978626179E-01
    1.932686324072E-01
    1.918845194420E-01
    1.884886692673E-01
    1.845283125116E-01
    1.789563214739E-01
    1.738350042230E-01
    1.696295838767E-01
    1.630770625176E-01
    1.563375668874E-01
    1.509776721540E-01
    1.459229930894E-01
    1.415466433261E-01
    1.385116987385E-01
    1.366506043895E-01
    1.316251624579E-01
    1.325844462699E-01
    1.344848649151E-01
    1.379317669243E-01
    1.421785914175E-01
    1.466562855642E-01
    1.516387586652E-01
    1.572819800018E-01
    1.647350988424E-01
    1.713755699532E-01
    1.770755248195E-01
    1.813766409763E-01
    1.844693285376E-01
    1.884886692673E-01
    1.903853752946E-01
    1.901695295277E-01
    1.903853752946E-01
    1.884886692673E-01
    1.844693285376E-01
    1.813766409763E-01
    1.770755248195E-01
    1.713755699532E-01
    1.647350988424E-01
    1.572819800018E-01
    1.516387586652E-01
    1.466562855642E-01
    1.421785914175E-01
    1.379317669243E-01
    1.344848649151E-01
    1.325844462699E-01
    1.222455791912E-01
    1.235957593862E-01
    1.255110212858E-01
    1.298093193692E-01
    1.346620110649E-01
    1.394302990840E-01
    1.465021715426E-01
    1.523528391685E-01
    1.593002465677E-01
    1.664062978926E-01
    1.714289326730E-01
    1.763680938552E-01
    1.813766409763E-01
    1.845283125116E-01
    1.863115913584E-01
    1.874489675940E-01
    1.863115913584E-01
    1.845283125116E-01
    1.813766409763E-01
    1.763680938552E-01
    1.714289326730E-01
    1.664062978926E-01
    1.593002465677E-01
    1.523528391685E-01
    1.465021715426E-01
    1.394302990840E-01
    1.346620110649E-01
    1.298093193692E-01
    1.255110212858E-01
    1.235957593862E-01
    1.125116028957E-01
    1.140696201788E-01
    1.156282148393E-01
    1.195361786250E-01
    1.252399208086E-01
    1.311394423805E-01
    1.396602759232E-01
    1.465639191913E-01
    1.526813176409E-01
    1.592976369779E-01
    1.652209025168E-01
    1.714289326730E-01
    1.770755248195E-01
    1.789563214739E-01
    1.814580068046E-01
    1.844558266007E-01
    1.814580068046E-01
    1.789563214739E-01
    1.770755248195E-01
    1.714289326730E-01
    1.652209025168E-01
    1.592976369779E-01
    1.526813176409E-01
    1.465639191913E-01
    1.396602759232E-01
    1.311394423805E-01
    1.252399208086E-01
    1.195361786250E-01
    1.156282148393E-01
    1.140696201788E-01
    1.026391426234E-01
    1.040208528195E-01
    1.062845945945E-01
    1.095747752580E-01
    1.148777223706E-01
    1.211971681652E-01
    1.288511343606E-01
    1.376010281954E-01
    1.453742202322E-01
    1.519411564192E-01
    1.592976369779E-01
    1.664062978926E-01
    1.713755699532E-01
    1.738350042230E-01
    1.764867937170E-01
    1.785819210894E-01
    1.764867937170E-01
    1.738350042230E-01
    1.713755699532E-01
    1.664062978926E-01
    1.592976369779E-01
    1.519411564192E-01
    1.453742202322E-01
    1.376010281954E-01
    1.288511343606E-01
    1.211971681652E-01
    1.148777223706E-01
    1.095747752580E-01
    1.062845945945E-01
    1.040208528195E-01
    9.167229549037E-02
    9.169743470728E-02
    9.471374552681E-02
    9.882573033869E-02
    1.044296253163E-01
    1.120675240646E-01
    1.185602141519E-01
    1.273599100125E-01
    1.371396419622E-01
    1.453742202322E-01
    1.526813176409E-01
    1.593002465677E-01
    1.647350988424E-01
    1.696295838767E-01
    1.713348013450E-01
    1.703518854619E-01
    1.713348013450E-01
    1.696295838767E-01
    1.647350988424E-01
    1.593002465677E-01
    1.526813176409E-01
    1.453742202322E-01
    1.371396419622E-01
    1.273599100125E-01
    1.185602141519E-01
    1.120675240646E-01
    1.044296253163E-01
    9.882573033869E-02
    9.471374552681E-02
    9.169743470728E-02
    7.901614721323E-02
    7.851722927921E-02
    8.292349256304E-02
    8.809523323199E-02
    9.377538107919E-02
    1.027688740883E-01
    1.106744095108E-01
    1.191950197461E-01
    1.273599100125E-01
    1.376010281954E-01
    1.465639191913E-01
    1.523528391685E-01
    1.572819800018E-01
    1.630770625176E-01
    1.656697591402E-01
    1.642992777565E-01
    1.656697591402E-01
    1.630770625176E-01
    1.572819800018E-01
    1.523528391685E-01
    1.465639191913E-01
    1.376010281954E-01
    1.273599100125E-01
    1.191950197461E-01
    1.106744095108E-01
    1.027688740883E-01
    9.377538107919E-02
    8.809523323199E-02
    8.292349256304E-02
    7.851722927921E-02
    6.462059646353E-02
    6.465251559419E-02
    6.983587283497E-02
    7.533936525921E-02
    8.212321854958E-02
    9.145781664076E-02
    9.996422750141E-02
    1.106744095108E-01
    1.185602141519E-01
    1.288511343606E-01
    1.396602759232E-01
    1.465021715426E-01
    1.516387586652E-01
    1.563375668874E-01
    1.598665534095E-01
    1.602888789438E-01
    1.598665534095E-01
    1.563375668874E-01
    1.516387586652E-01
    1.465021715426E-01
    1.396602759232E-01
    1.288511343606E-01
    1.185602141519E-01
    1.106744095108E-01
    9.996422750141E-02
    9.145781664076E-02
    8.212321854958E-02
    7.533936525921E-02
    6.983587283497E-02
    6.465251559419E-02
    5.303613105152E-02
    5.322751033305E-02
    5.722803813942E-02
    6.193405531261E-02
    7.064714105826E-02
    8.247203568636E-02
    9.145781664076E-02
    1.027688740883E-01
    1.120675240646E-01
    1.211971681652E-01
    1.311394423805E-01
    1.394302990840E-01
    1.466562855642E-01
    1.509776721540E-01
    1.540497034031E-01
    1.555128039060E-01
    1.540497034031E-01
    1.509776721540E-01
    1.466562855642E-01
    1.394302990840E-01
    1.311394423805E-01
    1.211971681652E-01
    1.120675240646E-01
    1.027688740883E-01
    9.145781664076E-02
    8.247203568636E-02
    7.064714105826E-02
    6.193405531261E-02
    5.722803813942E-02
    5.322751033305E-02
    4.217969020307E-02
    4.303532513430E-02
    4.737265903202E-02
    5.282894141162E-02
    5.986327784560E-02
    7.064714105826E-02
    8.212321854958E-02
    9.377538107919E-02
    1.044296253163E-01
    1.148777223706E-01
    1.252399208086E-01
    1.346620110649E-01
    1.421785914175E-01
    1.459229930894E-01
    1.491647496461E-01
    1.514247450179E-01
    1.491647496461E-01
    1.459229930894E-01
    1.421785914175E-01
    1.346620110649E-01
    1.252399208086E-01
    1.148777223706E-01
    1.044296253163E-01
    9.377538107919E-02
    8.212321854958E-02
    7.064714105826E-02
    5.986327784560E-02
    5.282894141162E-02
    4.737265903202E-02
    4.303532513430E-02
    3.341853167778E-02
    3.472254043107E-02
    3.813991336318E-02
    4.487719086864E-02
    5.282894141162E-02
    6.193405531261E-02
    7.533936525921E-02
    8.809523323199E-02
    9.882573033869E-02
    1.095747752580E-01
    1.195361786250E-01
    1.298093193692E-01
    1.379317669243E-01
    1.415466433261E-01
    1.450656118569E-01
    1.476340316403E-01
    1.450656118569E-01
    1.415466433261E-01
    1.379317669243E-01
    1.298093193692E-01
    1.195361786250E-01
    1.095747752580E-01
    9.882573033869E-02
    8.809523323199E-02
    7.533936525921E-02
    6.193405531261E-02
    5.282894141162E-02
    4.487719086864E-02
    3.813991336318E-02
    3.472254043107E-02
    2.597096741706E-02
    2.882593126008E-02
    3.267356930363E-02
    3.813991336318E-02
    4.737265903202E-02
    5.722803813942E-02
    6.983587283497E-02
    8.292349256304E-02
    9.471374552681E-02
    1.062845945945E-01
    1.156282148393E-01
    1.255110212858E-01
    1.344848649151E-01
    1.385116987385E-01
    1.419506139042E-01
    1.444406682403E-01
    1.419506139042E-01
    1.385116987385E-01
    1.344848649151E-01
    1.255110212858E-01
    1.156282148393E-01
    1.062845945945E-01
    9.471374552681E-02
    8.292349256304E-02
    6.983587283497E-02
    5.722803813942E-02
    4.737265903202E-02
    3.813991336318E-02
    3.267356930363E-02
    2.882593126008E-02
    2.259563997347E-02
    2.415702142653E-02
    2.882593126008E-02
    3.472254043107E-02
    4.303532513430E-02
    5.322751033305E-02
    6.465251559419E-02
    7.851722927921E-02
    9.169743470728E-02
    1.040208528195E-01
    1.140696201788E-01
    1.235957593862E-01
    1.325844462699E-01
    1.366506043895E-01
    1.401924811512E-01
    1.429281124348E-01
    1.401924811512E-01
    1.366506043895E-01
    1.325844462699E-01
    1.235957593862E-01
    1.140696201788E-01
    1.040208528195E-01
    9.169743470728E-02
    7.851722927921E-02
    6.465251559419E-02
    5.322751033305E-02
    4.303532513430E-02
    3.472254043107E-02
    2.882593126008E-02
    2.415702142653E-02
    1.415680241468E-02
    1.448187675378E-02
    1.974419909458E-02
    2.809250552690E-02
    3.794345380508E-02
    5.058050825569E-02
    6.285205047589E-02
    7.540718315739E-02
    8.739396430493E-02
    9.992431487794E-02
    1.121546606291E-01
    1.213890390405E-01
    1.290160913847E-01
    1.355825732416E-01
    1.390088443876E-01
    1.394673288708E-01
    1.390088443876E-01
    1.355825732416E-01
    1.290160913847E-01
    1.213890390405E-01
    1.121546606291E-01
    9.992431487794E-02
    8.739396430493E-02
    7.540718315739E-02
    6.285205047589E-02
    5.058050825569E-02
    3.794345380508E-02
    2.809250552690E-02
    1.974419909458E-02
    1.448187675378E-02
    1.448187675378E-02
    1.641548169599E-02
    2.202454692593E-02
    2.948727004298E-02
    3.933174350435E-02
    5.134683481529E-02
    6.339136657298E-02
    7.567592933053E-02
    8.809611172440E-02
    1.011686287425E-01
    1.132767067545E-01
    1.224343609410E-01
    1.297279443315E-01
    1.361993581048E-01
    1.397347460582E-01
    1.401924811512E-01
    1.397347460582E-01
    1.361993581048E-01
    1.297279443315E-01
    1.224343609410E-01
    1.132767067545E-01
    1.011686287425E-01
    8.809611172440E-02
    7.567592933053E-02
    6.339136657298E-02
    5.134683481529E-02
    3.933174350435E-02
    2.948727004298E-02
    2.202454692593E-02
    1.641548169599E-02
    1.974419909458E-02
    2.202454692593E-02
    2.604777327772E-02
    3.328219840703E-02
    4.414223547787E-02
    5.527204432803E-02
    6.710270005295E-02
    7.881054860185E-02
    9.138393436909E-02
    1.041764569121E-01
    1.152726020574E-01
    1.243404838123E-01
    1.316104107377E-01
    1.381878426345E-01
    1.416376730538E-01
    1.419506139042E-01
    1.416376730538E-01
    1.381878426345E-01
    1.316104107377E-01
    1.243404838123E-01
    1.152726020574E-01
    1.041764569121E-01
    9.138393436909E-02
    7.881054860185E-02
    6.710270005295E-02
    5.527204432803E-02
    4.414223547787E-02
    3.328219840703E-02
    2.604777327772E-02
    2.202454692593E-02
    2.809250552690E-02
    2.948727004298E-02
    3.328219840703E-02
    4.132805857471E-02
    5.107913039312E-02
    6.091710005864E-02
    7.227386237910E-02
    8.356594692321E-02
    9.629883207494E-02
    1.087670167601E-01
    1.192861183646E-01
    1.277889962275E-01
    1.347494913858E-01
    1.412002353997E-01
    1.445715441472E-01
    1.450656118569E-01
    1.445715441472E-01
    1.412002353997E-01
    1.347494913858E-01
    1.277889962275E-01
    1.192861183646E-01
    1.087670167601E-01
    9.629883207494E-02
    8.356594692321E-02
    7.227386237910E-02
    6.091710005864E-02
    5.107913039312E-02
    4.132805857471E-02
    3.328219840703E-02
    2.948727004298E-02
    3.794345380508E-02
    3.933174350435E-02
    4.414223547787E-02
    5.107913039312E-02
    5.910095795807E-02
    6.892820669534E-02
    7.915273130117E-02
    9.024523459946E-02
    1.027343541507E-01
    1.145634926991E-01
    1.245152541812E-01
    1.322768208087E-01
    1.392679584516E-01
    1.452728546615E-01
    1.483946397615E-01
    1.491647496461E-01
    1.483946397615E-01
    1.452728546615E-01
    1.392679584516E-01
    1.322768208087E-01
    1.245152541812E-01
    1.145634926991E-01
    1.027343541507E-01
    9.024523459946E-02
    7.915273130117E-02
    6.892820669534E-02
    5.910095795807E-02
    5.107913039312E-02
    4.414223547787E-02
    3.933174350435E-02
    5.058050825569E-02
    5.134683481529E-02
    5.527204432803E-02
    6.091710005864E-02
    6.892820669534E-02
    7.803347867025E-02
    8.697882486432E-02
    9.887317975971E-02
    1.105377200881E-01
    1.211795178978E-01
    1.300236831695E-01
    1.377292868603E-01
    1.452122855471E-01
    1.503093221285E-01
    1.531705530718E-01
    1.540497034031E-01
    1.531705530718E-01
    1.503093221285E-01
    1.452122855471E-01
    1.377292868603E-01
    1.300236831695E-01
    1.211795178978E-01
    1.105377200881E-01
    9.887317975971E-02
    8.697882486432E-02
    7.803347867025E-02
    6.892820669534E-02
    6.091710005864E-02
    5.527204432803E-02
    5.134683481529E-02
    6.285205047589E-02
    6.339136657298E-02
    6.710270005295E-02
    7.227386237910E-02
    7.915273130117E-02
    8.697882486432E-02
    9.633814171543E-02
    1.082439365301E-01
    1.183522826079E-01
    1.283562541073E-01
    1.365215920582E-01
    1.446185503822E-01
    1.516890023156E-01
    1.555994473004E-01
    1.588130435520E-01
    1.598665534095E-01
    1.588130435520E-01
    1.555994473004E-01
    1.516890023156E-01
    1.446185503822E-01
    1.365215920582E-01
    1.283562541073E-01
    1.183522826079E-01
    1.082439365301E-01
    9.633814171543E-02
    8.697882486432E-02
    7.915273130117E-02
    7.227386237910E-02
    6.710270005295E-02
    6.339136657298E-02
    7.540718315739E-02
    7.567592933053E-02
    7.881054860185E-02
    8.356594692321E-02
    9.024523459946E-02
    9.887317975971E-02
    1.082439365301E-01
    1.181923190077E-01
    1.271112885803E-01
    1.359798691521E-01
    1.432043620325E-01
    1.512390929328E-01
    1.576642928092E-01
    1.613511970860E-01
    1.647291590300E-01
    1.656697591402E-01
    1.647291590300E-01
    1.613511970860E-01
    1.576642928092E-01
    1.512390929328E-01
    1.432043620325E-01
    1.359798691521E-01
    1.271112885803E-01
    1.181923190077E-01
    1.082439365301E-01
    9.887317975971E-02
    9.024523459946E-02
    8.356594692321E-02
    7.881054860185E-02
    7.567592933053E-02
    8.739396430493E-02
    8.809611172440E-02
    9.138393436909E-02
    9.629883207494E-02
    1.027343541507E-01
    1.105377200881E-01
    1.183522826079E-01
    1.271112885803E-01
    1.358248963495E-01
    1.437581765093E-01
    1.512029465598E-01
    1.582091350416E-01
    1.634493726695E-01
    1.674195786080E-01
    1.704534744402E-01
    1.713348013450E-01
    1.704534744402E-01
    1.674195786080E-01
    1.634493726695E-01
    1.582091350416E-01
    1.512029465598E-01
    1.437581765093E-01
    1.358248963495E-01
    1.271112885803E-01
    1.183522826079E-01
    1.105377200881E-01
    1.027343541507E-01
    9.629883207494E-02
    9.138393436909E-02
    8.809611172440E-02
    9.992431487794E-02
    1.011686287425E-01
    1.041764569121E-01
    1.087670167601E-01
    1.145634926991E-01
    1.211795178978E-01
    1.283562541073E-01
    1.359798691521E-01
    1.437581765093E-01
    1.515040539125E-01
    1.591339056318E-01
    1.645084175271E-01
    1.692762172018E-01
    1.736468356171E-01
    1.757710759674E-01
    1.764867937170E-01
    1.757710759674E-01
    1.736468356171E-01
    1.692762172018E-01
    1.645084175271E-01
    1.591339056318E-01
    1.515040539125E-01
    1.437581765093E-01
    1.359798691521E-01
    1.283562541073E-01
    1.211795178978E-01
    1.145634926991E-01
    1.087670167601E-01
    1.041764569121E-01
    1.011686287425E-01
    1.121546606291E-01
    1.132767067545E-01
    1.152726020574E-01
    1.192861183646E-01
    1.245152541812E-01
    1.300236831695E-01
    1.365215920582E-01
    1.432043620325E-01
    1.512029465598E-01
    1.591339056318E-01
    1.657119562423E-01
    1.706170790738E-01
    1.755189417323E-01
    1.794645742103E-01
    1.809148094935E-01
    1.814580068046E-01
    1.809148094935E-01
    1.794645742103E-01
    1.755189417323E-01
    1.706170790738E-01
    1.657119562423E-01
    1.591339056318E-01
    1.512029465598E-01
    1.432043620325E-01
    1.365215920582E-01
    1.300236831695E-01
    1.245152541812E-01
    1.192861183646E-01
    1.152726020574E-01
    1.132767067545E-01
    1.213890390405E-01
    1.224343609410E-01
    1.243404838123E-01
    1.277889962275E-01
    1.322768208087E-01
    1.377292868603E-01
    1.446185503822E-01
    1.512390929328E-01
    1.582091350416E-01
    1.645084175271E-01
    1.706170790738E-01
    1.765478666308E-01
    1.808914783486E-01
    1.840062319590E-01
    1.857619817702E-01
    1.863115913584E-01
    1.857619817702E-01
    1.840062319590E-01
    1.808914783486E-01
    1.765478666308E-01
    1.706170790738E-01
    1.645084175271E-01
    1.582091350416E-01
    1.512390929328E-01
    1.446185503822E-01
    1.377292868603E-01
    1.322768208087E-01
    1.277889962275E-01
    1.243404838123E-01
    1.224343609410E-01
    1.290160913847E-01
    1.297279443315E-01
    1.316104107377E-01
    1.347494913858E-01
    1.392679584516E-01
    1.452122855471E-01
    1.516890023156E-01
    1.576642928092E-01
    1.634493726695E-01
    1.692762172018E-01
    1.755189417323E-01
    1.808914783486E-01
    1.845238415792E-01
    1.876615697518E-01
    1.898083938446E-01
    1.903853752946E-01
    1.898083938446E-01
    1.876615697518E-01
    1.845238415792E-01
    1.808914783486E-01
    1.755189417323E-01
    1.692762172018E-01
    1.634493726695E-01
    1.576642928092E-01
    1.516890023156E-01
    1.452122855471E-01
    1.392679584516E-01
    1.347494913858E-01
    1.316104107377E-01
    1.297279443315E-01
    1.355825732416E-01
    1.361993581048E-01
    1.381878426345E-01
    1.412002353997E-01
    1.452728546615E-01
    1.503093221285E-01
    1.555994473004E-01
    1.613511970860E-01
    1.674195786080E-01
    1.736468356171E-01
    1.794645742103E-01
    1.840062319590E-01
    1.876615697518E-01
    1.904186167849E-01
    1.923689594963E-01
    1.932686324072E-01
    1.923689594963E-01
    1.904186167849E-01
    1.876615697518E-01
    1.840062319590E-01
    1.794645742103E-01
    1.736468356171E-01
    1.674195786080E-01
    1.613511970860E-01
    1.555994473004E-01
    1.503093221285E-01
    1.452728546615E-01
    1.412002353997E-01
    1.381878426345E-01
    1.361993581048E-01
    1.390088443876E-01
    1.397347460582E-01
    1.416376730538E-01
    1.445715441472E-01
    1.483946397615E-01
    1.531705530718E-01
    1.588130435520E-01
    1.647291590300E-01
    1.704534744402E-01
    1.757710759674E-01
    1.809148094935E-01
    1.857619817702E-01
    1.898083938446E-01
    1.923689594963E-01
    1.939998938543E-01
    1.948366613052E-01
    1.939998938543E-01
    1.923689594963E-01
    1.898083938446E-01
    1.857619817702E-01
    1.809148094935E-01
    1.757710759674E-01
    1.704534744402E-01
    1.647291590300E-01
    1.588130435520E-01
    1.531705530718E-01
    1.483946397615E-01
    1.445715441472E-01
    1.416376730538E-01
    1.397347460582E-01
    1.394673288708E-01
    1.401924811512E-01
    1.419506139042E-01
    1.450656118569E-01
    1.491647496461E-01
    1.540497034031E-01
    1.598665534095E-01
    1.656697591402E-01
    1.713348013450E-01
    1.764867937170E-01
    1.814580068046E-01
    1.863115913584E-01
    1.903853752946E-01
    1.932686324072E-01
    1.948366613052E-01
    1.953717062214E-01
    1.948366613052E-01
    1.932686324072E-01
    1.903853752946E-01
    1.863115913584E-01
    1.814580068046E-01
    1.764867937170E-01
    1.713348013450E-01
    1.656697591402E-01
    1.598665534095E-01
    1.540497034031E-01
    1.491647496461E-01
    1.450656118569E-01
    1.419506139042E-01
    1.401924811512E-01
    1.390088443876E-01
    1.397347460582E-01
    1.416376730538E-01
    1.445715441472E-01
    1.483946397615E-01
    1.531705530718E-01
    1.588130435520E-01
    1.647291590300E-01
    1.704534744402E-01
    1.757710759674E-01
    1.809148094935E-01
    1.857619817702E-01
    1.898083938446E-01
    1.923689594963E-01
    1.939998938543E-01
    1.948366613052E-01
    1.939998938543E-01
    1.923689594963E-01
    1.898083938446E-01
    1.857619817702E-01
    1.809148094935E-01
    1.757710759674E-01
    1.704534744402E-01
    1.647291590300E-01
    1.588130435520E-01
    1.531705530718E-01
    1.483946397615E-01
    1.445715441472E-01
    1.416376730538E-01
    1.397347460582E-01
    1.355825732416E-01
    1.361993581048E-01
    1.381878426345E-01
    1.412002353997E-01
    1.452728546615E-01
    1.503093221285E-01
    1.555994473004E-01
    1.613511970860E-01
    1.674195786080E-01
    1.736468356171E-01
    1.794645742103E-01
    1.840062319590E-01
    1.876615697518E-01
    1.904186167849E-01
    1.923689594963E-01
    1.932686324072E-01
    1.923689594963E-01
    1.904186167849E-01
    1.876615697518E-01
    1.840062319590E-01
    1.794645742103E-01
    1.736468356171E-01
    1.674195786080E-01
    1.613511970860E-01
    1.555994473004E-01
    1.503093221285E-01
    1.452728546615E-01
    1.412002353997E-01
    1.381878426345E-01
    1.361993581048E-01
    1.290160913847E-01
    1.297279443315E-01
    1.316104107377E-01
    1.347494913858E-01
    1.392679584516E-01
    1.452122855471E-01
    1.516890023156E-01
    1.576642928092E-01
    1.634493726695E-01
    1.692762172018E-01
    1.755189417323E-01
    1.808914783486E-01
    1.845238415792E-01
    1.876615697518E-01
    1.898083938446E-01
    1.903853752946E-01
    1.898083938446E-01
    1.876615697518E-01
    1.845238415792E-01
    1.808914783486E-01
    1.755189417323E-01
    1.692762172018E-01
    1.634493726695E-01
    1.576642928092E-01
    1.516890023156E-01
    1.452122855471E-01
    1.392679584516E-01
    1.347494913858E-01
    1.316104107377E-01
    1.297279443315E-01
    1.213890390405E-01
    1.224343609410E-01
    1.243404838123E-01
    1.277889962275E-01
    1.322768208087E-01
    1.377292868603E-01
    1.446185503822E-01
    1.512390929328E-01
    1.582091350416E-01
    1.645084175271E-01
    1.706170790738E-01
    1.765478666308E-01
    1.808914783486E-01
    1.840062319590E-01
    1.857619817702E-01
    1.863115913584E-01
    1.857619817702E-01
    1.840062319590E-01
    1.808914783486E-01
    1.765478666308E-01
    1.706170790738E-01
    1.645084175271E-01
    1.582091350416E-01
    1.512390929328E-01
    1.446185503822E-01
    1.377292868603E-01
    1.322768208087E-01
    1.277889962275E-01
    1.243404838123E-01
    1.224343609410E-01
    1.121546606291E-01
    1.132767067545E-01
    1.152726020574E-01
    1.192861183646E-01
    1.245152541812E-01
    1.300236831695E-01
    1.365215920582E-01
    1.432043620325E-01
    1.512029465598E-01
    1.591339056318E-01
    1.657119562423E-01
    1.706170790738E-01
    1.755189417323E-01
    1.794645742103E-01
    1.809148094935E-01
    1.814580068046E-01
    1.809148094935E-01
    1.794645742103E-01
    1.755189417323E-01
    1.706170790738E-01
    1.657119562423E-01
    1.591339056318E-01
    1.512029465598E-01
    1.432043620325E-01
    1.365215920582E-01
    1.300236831695E-01
    1.245152541812E-01
    1.192861183646E-01
    1.152726020574E-01
    1.132767067545E-01
    9.992431487794E-02
    1.011686287425E-01
    1.041764569121E-01
    1.087670167601E-01
    1.145634926991E-01
    1.211795178978E-01
    1.283562541073E-01
    1.359798691521E-01
    1.437581765093E-01
    1.515040539125E-01
    1.591339056318E-01
    1.645084175271E-01
    1.692762172018E-01
    1.736468356171E-01
    1.757710759674E-01
    1.764867937170E-01
    1.757710759674E-01
    1.736468356171E-01
    1.692762172018E-01
    1.645084175271E-01
    1.591339056318E-01
    1.515040539125E-01
    1.437581765093E-01
    1.359798691521E-01
    1.283562541073E-01
    1.211795178978E-01
    1.145634926991E-01
    1.087670167601E-01
    1.041764569121E-01
    1.011686287425E-01
    8.739396430493E-02
    8.809611172440E-02
    9.138393436909E-02
    9.629883207494E-02
    1.027343541507E-01
    1.105377200881E-01
    1.183522826079E-01
    1.271112885803E-01
    1.358248963495E-01
    1.437581765093E-01
    1.512029465598E-01
    1.582091350416E-01
    1.634493726695E-01
    1.674195786080E-01
    1.704534744402E-01
    1.713348013450E-01
    1.704534744402E-01
    1.674195786080E-01
    1.634493726695E-01
    1.582091350416E-01
    1.512029465598E-01
    1.437581765093E-01
    1.358248963495E-01
    1.271112885803E-01
    1.183522826079E-01
    1.105377200881E-01
    1.027343541507E-01
    9.629883207494E-02
    9.138393436909E-02
    8.809611172440E-02
    7.540718315739E-02
    7.567592933053E-02
    7.881054860185E-02
    8.356594692321E-02
    9.024523459946E-02
    9.887317975971E-02
    1.082439365301E-01
    1.181923190077E-01
    1.271112885803E-01
    1.359798691521E-01
    1.432043620325E-01
    1.512390929328E-01
    1.576642928092E-01
    1.613511970860E-01
    1.647291590300E-01
    1.656697591402E-01
    1.647291590300E-01
    1.613511970860E-01
    1.576642928092E-01
    1.512390929328E-01
    1.432043620325E-01
    1.359798691521E-01
    1.271112885803E-01
    1.181923190077E-01
    1.082439365301E-01
    9.887317975971E-02
    9.024523459946E-02
    8.356594692321E-02
    7.881054860185E-02
    7.567592933053E-02
    6.285205047589E-02
    6.339136657298E-02
    6.710270005295E-02
    7.227386237910E-02
    7.915273130117E-02
    8.697882486432E-02
    9.633814171543E-02
    1.082439365301E-01
    1.183522826079E-01
    1.283562541073E-01
    1.365215920582E-01
    1.446185503822E-01
    1.516890023156E-01
    1.555994473004E-01
    1.588130435520E-01
    1.598665534095E-01
    1.588130435520E-01
    1.555994473004E-01
    1.516890023156E-01
    1.446185503822E-01
    1.365215920582E-01
    1.283562541073E-01
    1.183522826079E-01
    1.082439365301E-01
    9.633814171543E-02
    8.697882486432E-02
    7.915273130117E-02
    7.227386237910E-02
    6.710270005295E-02
    6.339136657298E-02
    5.058050825569E-02
    5.134683481529E-02
    5.527204432803E-02
    6.091710005864E-02
    6.892820669534E-02
    7.803347867025E-02
    8.697882486432E-02
    9.887317975971E-02
    1.105377200881E-01
    1.211795178978E-01
    1.300236831695E-01
    1.377292868603E-01
    1.452122855471E-01
    1.503093221285E-01
    1.531705530718E-01
    1.540497034031E-01
    1.531705530718E-01
    1.503093221285E-01
    1.452122855471E-01
    1.377292868603E-01
    1.300236831695E-01
    1.211795178978E-01
    1.105377200881E-01
    9.887317975971E-02
    8.697882486432E-02
    7.803347867025E-02
    6.892820669534E-02
    6.091710005864E-02
    5.527204432803E-02
    5.134683481529E-02
    3.794345380508E-02
    3.933174350435E-02
    4.414223547787E-02
    5.107913039312E-02
    5.910095795807E-02
    6.892820669534E-02
    7.915273130117E-02
    9.024523459946E-02
    1.027343541507E-01
    1.145634926991E-01
    1.245152541812E-01
    1.322768208087E-01
    1.392679584516E-01
    1.452728546615E-01
    1.483946397615E-01
    1.491647496461E-01
    1.483946397615E-01
    1.452728546615E-01
    1.392679584516E-01
    1.322768208087E-01
    1.245152541812E-01
    1.145634926991E-01
    1.027343541507E-01
    9.024523459946E-02
    7.915273130117E-02
    6.892820669534E-02
    5.910095795807E-02
    5.107913039312E-02
    4.414223547787E-02
    3.933174350435E-02
    2.809250552690E-02
    2.948727004298E-02
    3.328219840703E-02
    4.132805857471E-02
    5.107913039312E-02
    6.091710005864E-02
    7.227386237910E-02
    8.356594692321E-02
    9.629883207494E-02
    1.087670167601E-01
    1.192861183646E-01
    1.277889962275E-01
    1.347494913858E-01
    1.412002353997E-01
    1.445715441472E-01
    1.450656118569E-01
    1.445715441472E-01
    1.412002353997E-01
    1.347494913858E-01
    1.277889962275E-01
    1.192861183646E-01
    1.087670167601E-01
    9.629883207494E-02
    8.356594692321E-02
    7.227386237910E-02
    6.091710005864E-02
    5.107913039312E-02
    4.132805857471E-02
    3.328219840703E-02
    2.948727004298E-02
    1.974419909458E-02
    2.202454692593E-02
    2.604777327772E-02
    3.328219840703E-02
    4.414223547787E-02
    5.527204432803E-02
    6.710270005295E-02
    7.881054860185E-02
    9.138393436909E-02
    1.041764569121E-01
    1.152726020574E-01
    1.243404838123E-01
    1.316104107377E-01
    1.381878426345E-01
    1.416376730538E-01
    1.419506139042E-01
    1.416376730538E-01
    1.381878426345E-01
    1.316104107377E-01
    1.243404838123E-01
    1.152726020574E-01
    1.041764569121E-01
    9.138393436909E-02
    7.881054860185E-02
    6.710270005295E-02
    5.527204432803E-02
    4.414223547787E-02
    3.328219840703E-02
    2.604777327772E-02
    2.202454692593E-02
    1.448187675378E-02
    1.641548169599E-02
    2.202454692593E-02
    2.948727004298E-02
    3.933174350435E-02
    5.134683481529E-02
    6.339136657298E-02
    7.567592933053E-02
    8.809611172440E-02
    1.011686287425E-01
    1.132767067545E-01
    1.224343609410E-01
    1.297279443315E-01
    1.361993581048E-01
    1.397347460582E-01
    1.401924811512E-01
    1.397347460582E-01
    1.361993581048E-01
    1.297279443315E-01
    1.224343609410E-01
    1.132767067545E-01
    1.011686287425E-01
    8.809611172440E-02
    7.567592933053E-02
    6.339136657298E-02
    5.134683481529E-02
    3.933174350435E-02
    2.948727004298E-02
    2.202454692593E-02
    1.641548169599E-02
    2.155044475032E-03
    3.719865346327E-03
    8.604333602232E-03
    1.578809013230E-02
    2.545423601242E-02
    3.788845084053E-02
    5.156512922347E-02
    6.625937637434E-02
    8.102924477118E-02
    9.425773736688E-02
    1.064025716567E-01
    1.170781239796E-01
    1.249724858980E-01
    1.317631684707E-01
    1.355825732416E-01
    1.358665682650E-01
    1.355825732416E-01
    1.317631684707E-01
    1.249724858980E-01
    1.170781239796E-01
    1.064025716567E-01
    9.425773736688E-02
    8.102924477118E-02
    6.625937637434E-02
    5.156512922347E-02
    3.788845084053E-02
    2.545423601242E-02
    1.578809013230E-02
    8.604333602232E-03
    3.719865346327E-03
    3.719865346327E-03
    5.284310657950E-03
    1.010164684204E-02
    1.774009354121E-02
    2.735390037749E-02
    3.960019784677E-02
    5.391015453793E-02
    6.860547374282E-02
    8.262541888737E-02
    9.472621221374E-02
    1.068023131266E-01
    1.178135352147E-01
    1.253158825915E-01
    1.320734817290E-01
    1.361993581048E-01
    1.366506043895E-01
    1.361993581048E-01
    1.320734817290E-01
    1.253158825915E-01
    1.178135352147E-01
    1.068023131266E-01
    9.472621221374E-02
    8.262541888737E-02
    6.860547374282E-02
    5.391015453793E-02
    3.960019784677E-02
    2.735390037749E-02
    1.774009354121E-02
    1.010164684204E-02
    5.284310657950E-03
    8.604333602232E-03
    1.010164684204E-02
    1.421384279699E-02
    2.185301841892E-02
    3.139751200916E-02
    4.325647346250E-02
    5.728604975433E-02
    7.135122229033E-02
    8.553580826347E-02
    9.724865541544E-02
    1.094568281821E-01
    1.205853145531E-01
    1.276671288835E-01
    1.343949989736E-01
    1.381878426345E-01
    1.385116987385E-01
    1.381878426345E-01
    1.343949989736E-01
    1.276671288835E-01
    1.205853145531E-01
    1.094568281821E-01
    9.724865541544E-02
    8.553580826347E-02
    7.135122229033E-02
    5.728604975433E-02
    4.325647346250E-02
    3.139751200916E-02
    2.185301841892E-02
    1.421384279699E-02
    1.010164684204E-02
    1.578809013230E-02
    1.774009354121E-02
    2.185301841892E-02
    2.888637434323E-02
    3.831210111772E-02
    5.038833975374E-02
    6.355239054101E-02
    7.640683726806E-02
    9.041813132507E-02
    1.018865971908E-01
    1.136962031819E-01
    1.240066232039E-01
    1.310949469073E-01
    1.379328849936E-01
    1.412002353997E-01
    1.415466433261E-01
    1.412002353997E-01
    1.379328849936E-01
    1.310949469073E-01
    1.240066232039E-01
    1.136962031819E-01
    1.018865971908E-01
    9.041813132507E-02
    7.640683726806E-02
    6.355239054101E-02
    5.038833975374E-02
    3.831210111772E-02
    2.888637434323E-02
    2.185301841892E-02
    1.774009354121E-02
    2.545423601242E-02
    2.735390037749E-02
    3.139751200916E-02
    3.831210111772E-02
    4.753711610092E-02
    5.932709159905E-02
    7.253330717707E-02
    8.461511847392E-02
    9.667511292784E-02
    1.074206790993E-01
    1.189680420727E-01
    1.287519580310E-01
    1.357343793841E-01
    1.421030970963E-01
    1.452728546615E-01
    1.459229930894E-01
    1.452728546615E-01
    1.421030970963E-01
    1.357343793841E-01
    1.287519580310E-01
    1.189680420727E-01
    1.074206790993E-01
    9.667511292784E-02
    8.461511847392E-02
    7.253330717707E-02
    5.932709159905E-02
    4.753711610092E-02
    3.831210111772E-02
    3.139751200916E-02
    2.735390037749E-02
    3.788845084053E-02
    3.960019784677E-02
    4.325647346250E-02
    5.038833975374E-02
    5.932709159905E-02
    6.908098775703E-02
    8.130251048638E-02
    9.234831756790E-02
    1.035311478602E-01
    1.152529077805E-01
    1.259478095061E-01
    1.349176002370E-01
    1.414713085118E-01
    1.470127019548E-01
    1.503093221285E-01
    1.509776721540E-01
    1.503093221285E-01
    1.470127019548E-01
    1.414713085118E-01
    1.349176002370E-01
    1.259478095061E-01
    1.152529077805E-01
    1.035311478602E-01
    9.234831756790E-02
    8.130251048638E-02
    6.908098775703E-02
    5.932709159905E-02
    5.038833975374E-02
    4.325647346250E-02
    3.960019784677E-02
    5.156512922347E-02
    5.391015453793E-02
    5.728604975433E-02
    6.355239054101E-02
    7.253330717707E-02
    8.130251048638E-02
    9.232957333124E-02
    1.020730559495E-01
    1.127369390249E-01
    1.240525901986E-01
    1.321857710987E-01
    1.408743019861E-01
    1.479691532833E-01
    1.524890184384E-01
    1.555994473004E-01
    1.563375668874E-01
    1.555994473004E-01
    1.524890184384E-01
    1.479691532833E-01
    1.408743019861E-01
    1.321857710987E-01
    1.240525901986E-01
    1.127369390249E-01
    1.020730559495E-01
    9.232957333124E-02
    8.130251048638E-02
    7.253330717707E-02
    6.355239054101E-02
    5.728604975433E-02
    5.391015453793E-02
    6.625937637434E-02
    6.860547374282E-02
    7.135122229033E-02
    7.640683726806E-02
    8.461511847392E-02
    9.234831756790E-02
    1.020730559495E-01
    1.116166095629E-01
    1.219769632463E-01
    1.321619303804E-01
    1.396063552613E-01
    1.484321531249E-01
    1.552986258132E-01
    1.582923734020E-01
    1.613511970860E-01
    1.630770625176E-01
    1.613511970860E-01
    1.582923734020E-01
    1.552986258132E-01
    1.484321531249E-01
    1.396063552613E-01
    1.321619303804E-01
    1.219769632463E-01
    1.116166095629E-01
    1.020730559495E-01
    9.234831756790E-02
    8.461511847392E-02
    7.640683726806E-02
    7.135122229033E-02
    6.860547374282E-02
    8.102924477118E-02
    8.262541888737E-02
    8.553580826347E-02
    9.041813132507E-02
    9.667511292784E-02
    1.035311478602E-01
    1.127369390249E-01
    1.219769632463E-01
    1.308245119107E-01
    1.399198995511E-01
    1.484285133770E-01
    1.557372120798E-01
    1.612063375641E-01
    1.643178591734E-01
    1.674195786080E-01
    1.696295838767E-01
    1.674195786080E-01
    1.643178591734E-01
    1.612063375641E-01
    1.557372120798E-01
    1.484285133770E-01
    1.399198995511E-01
    1.308245119107E-01
    1.219769632463E-01
    1.127369390249E-01
    1.035311478602E-01
    9.667511292784E-02
    9.041813132507E-02
    8.553580826347E-02
    8.262541888737E-02
    9.425773736688E-02
    9.472621221374E-02
    9.724865541544E-02
    1.018865971908E-01
    1.074206790993E-01
    1.152529077805E-01
    1.240525901986E-01
    1.321619303804E-01
    1.399198995511E-01
    1.476163309755E-01
    1.556405986817E-01
    1.614519280081E-01
    1.670958095079E-01
    1.721405280941E-01
    1.736468356171E-01
    1.738350042230E-01
    1.736468356171E-01
    1.721405280941E-01
    1.670958095079E-01
    1.614519280081E-01
    1.556405986817E-01
    1.476163309755E-01
    1.399198995511E-01
    1.321619303804E-01
    1.240525901986E-01
    1.152529077805E-01
    1.074206790993E-01
    1.018865971908E-01
    9.724865541544E-02
    9.472621221374E-02
    1.064025716567E-01
    1.068023131266E-01
    1.094568281821E-01
    1.136962031819E-01
    1.189680420727E-01
    1.259478095061E-01
    1.321857710987E-01
    1.396063552613E-01
    1.484285133770E-01
    1.556405986817E-01
    1.627562359315E-01
    1.681575577252E-01
    1.724290862406E-01
    1.775613387216E-01
    1.794645742103E-01
    1.789563214739E-01
    1.794645742103E-01
    1.775613387216E-01
    1.724290862406E-01
    1.681575577252E-01
    1.627562359315E-01
    1.556405986817E-01
    1.484285133770E-01
    1.396063552613E-01
    1.321857710987E-01
    1.259478095061E-01
    1.189680420727E-01
    1.136962031819E-01
    1.094568281821E-01
    1.068023131266E-01
    1.170781239796E-01
    1.178135352147E-01
    1.205853145531E-01
    1.240066232039E-01
    1.287519580310E-01
    1.349176002370E-01
    1.408743019861E-01
    1.484321531249E-01
    1.557372120798E-01
    1.614519280081E-01
    1.681575577252E-01
    1.744946266577E-01
    1.778708051378E-01
    1.811418207597E-01
    1.840062319590E-01
    1.845283125116E-01
    1.840062319590E-01
    1.811418207597E-01
    1.778708051378E-01
    1.744946266577E-01
    1.681575577252E-01
    1.614519280081E-01
    1.557372120798E-01
    1.484321531249E-01
    1.408743019861E-01
    1.349176002370E-01
    1.287519580310E-01
    1.240066232039E-01
    1.205853145531E-01
    1.178135352147E-01
    1.249724858980E-01
    1.253158825915E-01
    1.276671288835E-01
    1.310949469073E-01
    1.357343793841E-01
    1.414713085118E-01
    1.479691532833E-01
    1.552986258132E-01
    1.612063375641E-01
    1.670958095079E-01
    1.724290862406E-01
    1.778708051378E-01
    1.831388154155E-01
    1.859010003688E-01
    1.876615697518E-01
    1.884886692673E-01
    1.876615697518E-01
    1.859010003688E-01
    1.831388154155E-01
    1.778708051378E-01
    1.724290862406E-01
    1.670958095079E-01
    1.612063375641E-01
    1.552986258132E-01
    1.479691532833E-01
    1.414713085118E-01
    1.357343793841E-01
    1.310949469073E-01
    1.276671288835E-01
    1.253158825915E-01
    1.317631684707E-01
    1.320734817290E-01
    1.343949989736E-01
    1.379328849936E-01
    1.421030970963E-01
    1.470127019548E-01
    1.524890184384E-01
    1.582923734020E-01
    1.643178591734E-01
    1.721405280941E-01
    1.775613387216E-01
    1.811418207597E-01
    1.859010003688E-01
    1.885314631381E-01
    1.904186167849E-01
    1.918845194420E-01
    1.904186167849E-01
    1.885314631381E-01
    1.859010003688E-01
    1.811418207597E-01
    1.775613387216E-01
    1.721405280941E-01
    1.643178591734E-01
    1.582923734020E-01
    1.524890184384E-01
    1.470127019548E-01
    1.421030970963E-01
    1.379328849936E-01
    1.343949989736E-01
    1.320734817290E-01
    1.355825732416E-01
    1.361993581048E-01
    1.381878426345E-01
    1.412002353997E-01
    1.452728546615E-01
    1.503093221285E-01
    1.555994473004E-01
    1.613511970860E-01
    1.674195786080E-01
    1.736468356171E-01
    1.794645742103E-01
    1.840062319590E-01
    1.876615697518E-01
    1.904186167849E-01
    1.923689594963E-01
    1.932686324072E-01
    1.923689594963E-01
    1.904186167849E-01
    1.876615697518E-01
    1.840062319590E-01
    1.794645742103E-01
    1.736468356171E-01
    1.674195786080E-01
    1.613511970860E-01
    1.555994473004E-01
    1.503093221285E-01
    1.452728546615E-01
    1.412002353997E-01
    1.381878426345E-01
    1.361993581048E-01
    1.358665682650E-01
    1.366506043895E-01
    1.385116987385E-01
    1.415466433261E-01
    1.459229930894E-01
    1.509776721540E-01
    1.563375668874E-01
    1.630770625176E-01
    1.696295838767E-01
    1.738350042230E-01
    1.789563214739E-01
    1.845283125116E-01
    1.884886692673E-01
    1.918845194420E-01
    1.932686324072E-01
    1.930978626179E-01
    1.932686324072E-01
    1.918845194420E-01
    1.884886692673E-01
    1.845283125116E-01
    1.789563214739E-01
    1.738350042230E-01
    1.696295838767E-01
    1.630770625176E-01
    1.563375668874E-01
    1.509776721540E-01
    1.459229930894E-01
    1.415466433261E-01
    1.385116987385E-01
    1.366506043895E-01
    1.355825732416E-01
    1.361993581048E-01
    1.381878426345E-01
    1.412002353997E-01
    1.452728546615E-01
    1.503093221285E-01
    1.555994473004E-01
    1.613511970860E-01
    1.674195786080E-01
    1.736468356171E-01
    1.794645742103E-01
    1.840062319590E-01
    1.876615697518E-01
    1.904186167849E-01
    1.923689594963E-01
    1.932686324072E-01
    1.923689594963E-01
    1.904186167849E-01
    1.876615697518E-01
    1.840062319590E-01
    1.794645742103E-01
    1.736468356171E-01
    1.674195786080E-01
    1.613511970860E-01
    1.555994473004E-01
    1.503093221285E-01
    1.452728546615E-01
    1.412002353997E-01
    1.381878426345E-01
    1.361993581048E-01
    1.317631684707E-01
    1.320734817290E-01
    1.343949989736E-01
    1.379328849936E-01
    1.421030970963E-01
    1.470127019548E-01
    1.524890184384E-01
    1.582923734020E-01
    1.643178591734E-01
    1.721405280941E-01
    1.775613387216E-01
    1.811418207597E-01
    1.859010003688E-01
    1.885314631381E-01
    1.904186167849E-01
    1.918845194420E-01
    1.904186167849E-01
    1.885314631381E-01
    1.859010003688E-01
    1.811418207597E-01
    1.775613387216E-01
    1.721405280941E-01
    1.643178591734E-01
    1.582923734020E-01
    1.524890184384E-01
    1.470127019548E-01
    1.421030970963E-01
    1.379328849936E-01
    1.343949989736E-01
    1.320734817290E-01
    1.249724858980E-01
    1.253158825915E-01
    1.276671288835E-01
    1.310949469073E-01
    1.357343793841E-01
    1.414713085118E-01
    1.479691532833E-01
    1.552986258132E-01
    1.612063375641E-01
    1.670958095079E-01
    1.724290862406E-01
    1.778708051378E-01
    1.831388154155E-01
    1.859010003688E-01
    1.876615697518E-01
    1.884886692673E-01
    1.876615697518E-01
    1.859010003688E-01
    1.831388154155E-01
    1.778708051378E-01
    1.724290862406E-01
    1.670958095079E-01
    1.612063375641E-01
    1.552986258132E-01
    1.479691532833E-01
    1.414713085118E-01
    1.357343793841E-01
    1.310949469073E-01
    1.276671288835E-01
    1.253158825915E-01
    1.170781239796E-01
    1.178135352147E-01
    1.205853145531E-01
    1.240066232039E-01
    1.287519580310E-01
    1.349176002370E-01
    1.408743019861E-01
    1.484321531249E-01
    1.557372120798E-01
    1.614519280081E-01
    1.681575577252E-01
    1.744946266577E-01
    1.778708051378E-01
    1.811418207597E-01
    1.840062319590E-01
    1.845283125116E-01
    1.840062319590E-01
    1.811418207597E-01
    1.778708051378E-01
    1.744946266577E-01
    1.681575577252E-01
    1.614519280081E-01
    1.557372120798E-01
    1.484321531249E-01
    1.408743019861E-01
    1.349176002370E-01
    1.287519580310E-01
    1.240066232039E-01
    1.205853145531E-01
    1.178135352147E-01
    1.064025716567E-01
    1.068023131266E-01
    1.094568281821E-01
    1.136962031819E-01
    1.189680420727E-01
    1.259478095061E-01
    1.321857710987E-01
    1.396063552613E-01
    1.484285133770E-01
    1.556405986817E-01
    1.627562359315E-01
    1.681575577252E-01
    1.724290862406E-01
    1.775613387216E-01
    1.794645742103E-01
    1.789563214739E-01
    1.794645742103E-01
    1.775613387216E-01
    1.724290862406E-01
    1.681575577252E-01
    1.627562359315E-01
    1.556405986817E-01
    1.484285133770E-01
    1.396063552613E-01
    1.321857710987E-01
    1.259478095061E-01
    1.189680420727E-01
    1.136962031819E-01
    1.094568281821E-01
    1.068023131266E-01
    9.425773736688E-02
    9.472621221374E-02
    9.724865541544E-02
    1.018865971908E-01
    1.074206790993E-01
    1.152529077805E-01
    1.240525901986E-01
    1.321619303804E-01
    1.399198995511E-01
    1.476163309755E-01
    1.556405986817E-01
    1.614519280081E-01
    1.670958095079E-01
    1.721405280941E-01
    1.736468356171E-01
    1.738350042230E-01
    1.736468356171E-01
    1.721405280941E-01
    1.670958095079E-01
    1.614519280081E-01
    1.556405986817E-01
    1.476163309755E-01
    1.399198995511E-01
    1.321619303804E-01
    1.240525901986E-01
    1.152529077805E-01
    1.074206790993E-01
    1.018865971908E-01
    9.724865541544E-02
    9.472621221374E-02
    8.102924477118E-02
    8.262541888737E-02
    8.553580826347E-02
    9.041813132507E-02
    9.667511292784E-02
    1.035311478602E-01
    1.127369390249E-01
    1.219769632463E-01
    1.308245119107E-01
    1.399198995511E-01
    1.484285133770E-01
    1.557372120798E-01
    1.612063375641E-01
    1.643178591734E-01
    1.674195786080E-01
    1.696295838767E-01
    1.674195786080E-01
    1.643178591734E-01
    1.612063375641E-01
    1.557372120798E-01
    1.484285133770E-01
    1.399198995511E-01
    1.308245119107E-01
    1.219769632463E-01
    1.127369390249E-01
    1.035311478602E-01
    9.667511292784E-02
    9.041813132507E-02
    8.553580826347E-02
    8.262541888737E-02
    6.625937637434E-02
    6.860547374282E-02
    7.135122229033E-02
    7.640683726806E-02
    8.461511847392E-02
    9.234831756790E-02
    1.020730559495E-01
    1.116166095629E-01
    1.219769632463E-01
    1.321619303804E-01
    1.396063552613E-01
    1.484321531249E-01
    1.552986258132E-01
    1.582923734020E-01
    1.613511970860E-01
    1.630770625176E-01
    1.613511970860E-01
    1.582923734020E-01
    1.552986258132E-01
    1.484321531249E-01
    1.396063552613E-01
    1.321619303804E-01
    1.219769632463E-01
    1.116166095629E-01
    1.020730559495E-01
    9.234831756790E-02
    8.461511847392E-02
    7.640683726806E-02
    7.135122229033E-02
    6.860547374282E-02
    5.156512922347E-02
    5.391015453793E-02
    5.728604975433E-02
    6.355239054101E-02
    7.253330717707E-02
    8.130251048638E-02
    9.232957333124E-02
    1.020730559495E-01
    1.127369390249E-01
    1.240525901986E-01
    1.321857710987E-01
    1.408743019861E-01
    1.479691532833E-01
    1.524890184384E-01
    1.555994473004E-01
    1.563375668874E-01
    1.555994473004E-01
    1.524890184384E-01
    1.479691532833E-01
    1.408743019861E-01
    1.321857710987E-01
    1.240525901986E-01
    1.127369390249E-01
    1.020730559495E-01
    9.232957333124E-02
    8.130251048638E-02
    7.253330717707E-02
    6.355239054101E-02
    5.728604975433E-02
    5.391015453793E-02
    3.788845084053E-02
    3.960019784677E-02
    4.325647346250E-02
    5.038833975374E-02
    5.932709159905E-02
    6.908098775703E-02
    8.130251048638E-02
    9.234831756790E-02
    1.035311478602E-01
    1.152529077805E-01
    1.259478095061E-01
    1.349176002370E-01
    1.414713085118E-01
    1.470127019548E-01
    1.503093221285E-01
    1.509776721540E-01
    1.503093221285E-01
    1.470127019548E-01
    1.414713085118E-01
    1.349176002370E-01
    1.259478095061E-01
    1.152529077805E-01
    1.035311478602E-01
    9.234831756790E-02
    8.130251048638E-02
    6.908098775703E-02
    5.932709159905E-02
    5.038833975374E-02
    4.325647346250E-02
    3.960019784677E-02
    2.545423601242E-02
    2.735390037749E-02
    3.139751200916E-02
    3.831210111772E-02
    4.753711610092E-02
    5.932709159905E-02
    7.253330717707E-02
    8.461511847392E-02
    9.667511292784E-02
    1.074206790993E-01
    1.189680420727E-01
    1.287519580310E-01
    1.357343793841E-01
    1.421030970963E-01
    1.452728546615E-01
    1.459229930894E-01
    1.452728546615E-01
    1.421030970963E-01
    1.357343793841E-01
    1.287519580310E-01
    1.189680420727E-01
    1.074206790993E-01
    9.667511292784E-02
    8.461511847392E-02
    7.253330717707E-02
    5.932709159905E-02
    4.753711610092E-02
    3.831210111772E-02
    3.139751200916E-02
    2.735390037749E-02
    1.578809013230E-02
    1.774009354121E-02
    2.185301841892E-02
    2.888637434323E-02
    3.831210111772E-02
    5.038833975374E-02
    6.355239054101E-02
    7.640683726806E-02
    9.041813132507E-02
    1.018865971908E-01
    1.136962031819E-01
    1.240066232039E-01
    1.310949469073E-01
    1.379328849936E-01
    1.412002353997E-01
    1.415466433261E-01
    1.412002353997E-01
    1.379328849936E-01
    1.310949469073E-01
    1.240066232039E-01
    1.136962031819E-01
    1.018865971908E-01
    9.041813132507E-02
    7.640683726806E-02
    6.355239054101E-02
    5.038833975374E-02
    3.831210111772E-02
    2.888637434323E-02
    2.185301841892E-02
    1.774009354121E-02
    8.604333602232E-03
    1.010164684204E-02
    1.421384279699E-02
    2.185301841892E-02
    3.139751200916E-02
    4.325647346250E-02
    5.728604975433E-02
    7.135122229033E-02
    8.553580826347E-02
    9.724865541544E-02
    1.094568281821E-01
    1.205853145531E-01
    1.276671288835E-01
    1.343949989736E-01
    1.381878426345E-01
    1.385116987385E-01
    1.381878426345E-01
    1.343949989736E-01
    1.276671288835E-01
    1.205853145531E-01
    1.094568281821E-01
    9.724865541544E-02
    8.553580826347E-02
    7.135122229033E-02
    5.728604975433E-02
    4.325647346250E-02
    3.139751200916E-02
    2.185301841892E-02
    1.421384279699E-02
    1.010164684204E-02
    3.719865346327E-03
    5.284310657950E-03
    1.010164684204E-02
    1.774009354121E-02
    2.735390037749E-02
    3.960019784677E-02
    5.391015453793E-02
    6.860547374282E-02
    8.262541888737E-02
    9.472621221374E-02
    1.068023131266E-01
    1.178135352147E-01
    1.253158825915E-01
    1.320734817290E-01
    1.361993581048E-01
    1.366506043895E-01
    1.361993581048E-01
    1.320734817290E-01
    1.253158825915E-01
    1.178135352147E-01
    1.068023131266E-01
    9.472621221374E-02
    8.262541888737E-02
    6.860547374282E-02
    5.391015453793E-02
    3.960019784677E-02
    2.735390037749E-02
    1.774009354121E-02
    1.010164684204E-02
    5.284310657950E-03
   -2.647016012156E-02
   -2.349609624893E-02
   -1.733550234035E-02
   -7.755387308600E-03
    6.423122398342E-03
    2.082573460453E-02
    3.543414867858E-02
    5.143555432243E-02
    6.833095713135E-02
    8.459213184981E-02
    9.699555743799E-02
    1.088321150551E-01
    1.195898247714E-01
    1.249724858980E-01
    1.290160913847E-01
    1.316251624579E-01
    1.290160913847E-01
    1.249724858980E-01
    1.195898247714E-01
    1.088321150551E-01
    9.699555743799E-02
    8.459213184981E-02
    6.833095713135E-02
    5.143555432243E-02
    3.543414867858E-02
    2.082573460453E-02
    6.423122398342E-03
   -7.755387308600E-03
   -1.733550234035E-02
   -2.349609624893E-02
   -2.349609624893E-02
   -2.157543216280E-02
   -1.559153305502E-02
   -4.969026249556E-03
    8.460955733809E-03
    2.261812711775E-02
    3.802425314581E-02
    5.398978843756E-02
    7.010155655789E-02
    8.529611498338E-02
    9.762469197738E-02
    1.093928922629E-01
    1.197607495488E-01
    1.253158825915E-01
    1.297279443315E-01
    1.325844462699E-01
    1.297279443315E-01
    1.253158825915E-01
    1.197607495488E-01
    1.093928922629E-01
    9.762469197738E-02
    8.529611498338E-02
    7.010155655789E-02
    5.398978843756E-02
    3.802425314581E-02
    2.261812711775E-02
    8.460955733809E-03
   -4.969026249556E-03
   -1.559153305502E-02
   -2.157543216280E-02
   -1.733550234035E-02
   -1.559153305502E-02
   -9.105423056648E-03
    1.459616769601E-03
    1.303260875521E-02
    2.669358135755E-02
    4.192325039690E-02
    5.729359306127E-02
    7.331915008535E-02
    8.804763713750E-02
    1.008638770252E-01
    1.123500175348E-01
    1.221863513732E-01
    1.276671288835E-01
    1.316104107377E-01
    1.344848649151E-01
    1.316104107377E-01
    1.276671288835E-01
    1.221863513732E-01
    1.123500175348E-01
    1.008638770252E-01
    8.804763713750E-02
    7.331915008535E-02
    5.729359306127E-02
    4.192325039690E-02
    2.669358135755E-02
    1.303260875521E-02
    1.459616769601E-03
   -9.105423056648E-03
   -1.559153305502E-02
   -7.755387308600E-03
   -4.969026249556E-03
    1.459616769601E-03
    1.014872158823E-02
    2.112457260492E-02
    3.462948383401E-02
    4.858746780700E-02
    6.351710184199E-02
    7.935169379931E-02
    9.290468800459E-02
    1.053756310764E-01
    1.161468943762E-01
    1.256679139761E-01
    1.310949469073E-01
    1.347494913858E-01
    1.379317669243E-01
    1.347494913858E-01
    1.310949469073E-01
    1.256679139761E-01
    1.161468943762E-01
    1.053756310764E-01
    9.290468800459E-02
    7.935169379931E-02
    6.351710184199E-02
    4.858746780700E-02
    3.462948383401E-02
    2.112457260492E-02
    1.014872158823E-02
    1.459616769601E-03
   -4.969026249556E-03
    6.423122398342E-03
    8.460955733809E-03
    1.303260875521E-02
    2.112457260492E-02
    3.178874262166E-02
    4.382402683327E-02
    5.743205730518E-02
    7.231942452256E-02
    8.691033816453E-02
    9.882090761940E-02
    1.109404776920E-01
    1.217679392281E-01
    1.305577574456E-01
    1.357343793841E-01
    1.392679584516E-01
    1.421785914175E-01
    1.392679584516E-01
    1.357343793841E-01
    1.305577574456E-01
    1.217679392281E-01
    1.109404776920E-01
    9.882090761940E-02
    8.691033816453E-02
    7.231942452256E-02
    5.743205730518E-02
    4.382402683327E-02
    3.178874262166E-02
    2.112457260492E-02
    1.303260875521E-02
    8.460955733809E-03
    2.082573460453E-02
    2.261812711775E-02
    2.669358135755E-02
    3.462948383401E-02
    4.382402683327E-02
    5.465554178642E-02
    6.843455864759E-02
    8.137653986780E-02
    9.472516229436E-02
    1.067143117083E-01
    1.185169075941E-01
    1.286794048088E-01
    1.356534708408E-01
    1.414713085118E-01
    1.452122855471E-01
    1.466562855642E-01
    1.452122855471E-01
    1.414713085118E-01
    1.356534708408E-01
    1.286794048088E-01
    1.185169075941E-01
    1.067143117083E-01
    9.472516229436E-02
    8.137653986780E-02
    6.843455864759E-02
    5.465554178642E-02
    4.382402683327E-02
    3.462948383401E-02
    2.669358135755E-02
    2.261812711775E-02
    3.543414867858E-02
    3.802425314581E-02
    4.192325039690E-02
    4.858746780700E-02
    5.743205730518E-02
    6.843455864759E-02
    8.159251845714E-02
    9.224463034349E-02
    1.042092940932E-01
    1.156060512745E-01
    1.263986041395E-01
    1.352613905166E-01
    1.409850833041E-01
    1.479691532833E-01
    1.516890023156E-01
    1.516387586652E-01
    1.516890023156E-01
    1.479691532833E-01
    1.409850833041E-01
    1.352613905166E-01
    1.263986041395E-01
    1.156060512745E-01
    1.042092940932E-01
    9.224463034349E-02
    8.159251845714E-02
    6.843455864759E-02
    5.743205730518E-02
    4.858746780700E-02
    4.192325039690E-02
    3.802425314581E-02
    5.143555432243E-02
    5.398978843756E-02
    5.729359306127E-02
    6.351710184199E-02
    7.231942452256E-02
    8.137653986780E-02
    9.224463034349E-02
    1.026004913444E-01
    1.140082040337E-01
    1.247690408019E-01
    1.349028199626E-01
    1.425351485402E-01
    1.485769847541E-01
    1.552986258132E-01
    1.576642928092E-01
    1.572819800018E-01
    1.576642928092E-01
    1.552986258132E-01
    1.485769847541E-01
    1.425351485402E-01
    1.349028199626E-01
    1.247690408019E-01
    1.140082040337E-01
    1.026004913444E-01
    9.224463034349E-02
    8.137653986780E-02
    7.231942452256E-02
    6.351710184199E-02
    5.729359306127E-02
    5.398978843756E-02
    6.833095713135E-02
    7.010155655789E-02
    7.331915008535E-02
    7.935169379931E-02
    8.691033816453E-02
    9.472516229436E-02
    1.042092940932E-01
    1.140082040337E-01
    1.243398350759E-01
    1.341791857636E-01
    1.430693103533E-01
    1.494620739788E-01
    1.559389844054E-01
    1.612063375641E-01
    1.634493726695E-01
    1.647350988424E-01
    1.634493726695E-01
    1.612063375641E-01
    1.559389844054E-01
    1.494620739788E-01
    1.430693103533E-01
    1.341791857636E-01
    1.243398350759E-01
    1.140082040337E-01
    1.042092940932E-01
    9.472516229436E-02
    8.691033816453E-02
    7.935169379931E-02
    7.331915008535E-02
    7.010155655789E-02
    8.459213184981E-02
    8.529611498338E-02
    8.804763713750E-02
    9.290468800459E-02
    9.882090761940E-02
    1.067143117083E-01
    1.156060512745E-01
    1.247690408019E-01
    1.341791857636E-01
    1.421999344585E-01
    1.499324607443E-01
    1.574982294370E-01
    1.640073882122E-01
    1.670958095079E-01
    1.692762172018E-01
    1.713755699532E-01
    1.692762172018E-01
    1.670958095079E-01
    1.640073882122E-01
    1.574982294370E-01
    1.499324607443E-01
    1.421999344585E-01
    1.341791857636E-01
    1.247690408019E-01
    1.156060512745E-01
    1.067143117083E-01
    9.882090761940E-02
    9.290468800459E-02
    8.804763713750E-02
    8.529611498338E-02
    9.699555743799E-02
    9.762469197738E-02
    1.008638770252E-01
    1.053756310764E-01
    1.109404776920E-01
    1.185169075941E-01
    1.263986041395E-01
    1.349028199626E-01
    1.430693103533E-01
    1.499324607443E-01
    1.570247112055E-01
    1.645893661032E-01
    1.695950252414E-01
    1.724290862406E-01
    1.755189417323E-01
    1.770755248195E-01
    1.755189417323E-01
    1.724290862406E-01
    1.695950252414E-01
    1.645893661032E-01
    1.570247112055E-01
    1.499324607443E-01
    1.430693103533E-01
    1.349028199626E-01
    1.263986041395E-01
    1.185169075941E-01
    1.109404776920E-01
    1.053756310764E-01
    1.008638770252E-01
    9.762469197738E-02
    1.088321150551E-01
    1.093928922629E-01
    1.123500175348E-01
    1.161468943762E-01
    1.217679392281E-01
    1.286794048088E-01
    1.352613905166E-01
    1.425351485402E-01
    1.494620739788E-01
    1.574982294370E-01
    1.645893661032E-01
    1.703027721178E-01
    1.743761439312E-01
    1.778708051378E-01
    1.808914783486E-01
    1.813766409763E-01
    1.808914783486E-01
    1.778708051378E-01
    1.743761439312E-01
    1.703027721178E-01
    1.645893661032E-01
    1.574982294370E-01
    1.494620739788E-01
    1.425351485402E-01
    1.352613905166E-01
    1.286794048088E-01
    1.217679392281E-01
    1.161468943762E-01
    1.123500175348E-01
    1.093928922629E-01
    1.195898247714E-01
    1.197607495488E-01
    1.221863513732E-01
    1.256679139761E-01
    1.305577574456E-01
    1.356534708408E-01
    1.409850833041E-01
    1.485769847541E-01
    1.559389844054E-01
    1.640073882122E-01
    1.695950252414E-01
    1.743761439312E-01
    1.798341752129E-01
    1.831388154155E-01
    1.845238415792E-01
    1.844693285376E-01
    1.845238415792E-01
    1.831388154155E-01
    1.798341752129E-01
    1.743761439312E-01
    1.695950252414E-01
    1.640073882122E-01
    1.559389844054E-01
    1.485769847541E-01
    1.409850833041E-01
    1.356534708408E-01
    1.305577574456E-01
    1.256679139761E-01
    1.221863513732E-01
    1.197607495488E-01
    1.249724858980E-01
    1.253158825915E-01
    1.276671288835E-01
    1.310949469073E-01
    1.357343793841E-01
    1.414713085118E-01
    1.479691532833E-01
    1.552986258132E-01
    1.612063375641E-01
    1.670958095079E-01
    1.724290862406E-01
    1.778708051378E-01
    1.831388154155E-01
    1.859010003688E-01
    1.876615697518E-01
    1.884886692673E-01
    1.876615697518E-01
    1.859010003688E-01
    1.831388154155E-01
    1.778708051378E-01
    1.724290862406E-01
    1.670958095079E-01
    1.612063375641E-01
    1.552986258132E-01
    1.479691532833E-01
    1.414713085118E-01
    1.357343793841E-01
    1.310949469073E-01
    1.276671288835E-01
    1.253158825915E-01
    1.290160913847E-01
    1.297279443315E-01
    1.316104107377E-01
    1.347494913858E-01
    1.392679584516E-01
    1.452122855471E-01
    1.516890023156E-01
    1.576642928092E-01
    1.634493726695E-01
    1.692762172018E-01
    1.755189417323E-01
    1.808914783486E-01
    1.845238415792E-01
    1.876615697518E-01
    1.898083938446E-01
    1.903853752946E-01
    1.898083938446E-01
    1.876615697518E-01
    1.845238415792E-01
    1.808914783486E-01
    1.755189417323E-01
    1.692762172018E-01
    1.634493726695E-01
    1.576642928092E-01
    1.516890023156E-01
    1.452122855471E-01
    1.392679584516E-01
    1.347494913858E-01
    1.316104107377E-01
    1.297279443315E-01
    1.316251624579E-01
    1.325844462699E-01
    1.344848649151E-01
    1.379317669243E-01
    1.421785914175E-01
    1.466562855642E-01
    1.516387586652E-01
    1.572819800018E-01
    1.647350988424E-01
    1.713755699532E-01
    1.770755248195E-01
    1.813766409763E-01
    1.844693285376E-01
    1.884886692673E-01
    1.903853752946E-01
    1.901695295277E-01
    1.903853752946E-01
    1.884886692673E-01
    1.844693285376E-01
    1.813766409763E-01
    1.770755248195E-01
    1.713755699532E-01
    1.647350988424E-01
    1.572819800018E-01
    1.516387586652E-01
    1.466562855642E-01
    1.421785914175E-01
    1.379317669243E-01
    1.344848649151E-01
    1.325844462699E-01
    1.290160913847E-01
    1.297279443315E-01
    1.316104107377E-01
    1.347494913858E-01
    1.392679584516E-01
    1.452122855471E-01
    1.516890023156E-01
    1.576642928092E-01
    1.634493726695E-01
    1.692762172018E-01
    1.755189417323E-01
    1.808914783486E-01
    1.845238415792E-01
    1.876615697518E-01
    1.898083938446E-01
    1.903853752946E-01
    1.898083938446E-01
    1.876615697518E-01
    1.845238415792E-01
    1.808914783486E-01
    1.755189417323E-01
    1.692762172018E-01
    1.634493726695E-01
    1.576642928092E-01
    1.516890023156E-01
    1.452122855471E-01
    1.392679584516E-01
    1.347494913858E-01
    1.316104107377E-01
    1.297279443315E-01
    1.249724858980E-01
    1.253158825915E-01
    1.276671288835E-01
    1.310949469073E-01
    1.357343793841E-01
    1.414713085118E-01
    1.479691532833E-01
    1.552986258132E-01
    1.612063375641E-01
    1.670958095079E-01
    1.724290862406E-01
    1.778708051378E-01
    1.831388154155E-01
    1.859010003688E-01
    1.876615697518E-01
    1.884886692673E-01
    1.876615697518E-01
    1.859010003688E-01
    1.831388154155E-01
    1.778708051378E-01
    1.724290862406E-01
    1.670958095079E-01
    1.612063375641E-01
    1.552986258132E-01
    1.479691532833E-01
    1.414713085118E-01
    1.357343793841E-01
    1.310949469073E-01
    1.276671288835E-01
    1.253158825915E-01
    1.195898247714E-01
    1.197607495488E-01
    1.221863513732E-01
    1.256679139761E-01
    1.305577574456E-01
    1.356534708408E-01
    1.409850833041E-01
    1.485769847541E-01
    1.559389844054E-01
    1.640073882122E-01
    1.695950252414E-01
    1.743761439312E-01
    1.798341752129E-01
    1.831388154155E-01
    1.845238415792E-01
    1.844693285376E-01
    1.845238415792E-01
    1.831388154155E-01
    1.798341752129E-01
    1.743761439312E-01
    1.695950252414E-01
    1.640073882122E-01
    1.559389844054E-01
    1.485769847541E-01
    1.409850833041E-01
    1.356534708408E-01
    1.305577574456E-01
    1.256679139761E-01
    1.221863513732E-01
    1.197607495488E-01
    1.088321150551E-01
    1.093928922629E-01
    1.123500175348E-01
    1.161468943762E-01
    1.217679392281E-01
    1.286794048088E-01
    1.352613905166E-01
    1.425351485402E-01
    1.494620739788E-01
    1.574982294370E-01
    1.645893661032E-01
    1.703027721178E-01
    1.743761439312E-01
    1.778708051378E-01
    1.808914783486E-01
    1.813766409763E-01
    1.808914783486E-01
    1.778708051378E-01
    1.743761439312E-01
    1.703027721178E-01
    1.645893661032E-01
    1.574982294370E-01
    1.494620739788E-01
    1.425351485402E-01
    1.352613905166E-01
    1.286794048088E-01
    1.217679392281E-01
    1.161468943762E-01
    1.123500175348E-01
    1.093928922629E-01
    9.699555743799E-02
    9.762469197738E-02
    1.008638770252E-01
    1.053756310764E-01
    1.109404776920E-01
    1.185169075941E-01
    1.263986041395E-01
    1.349028199626E-01
    1.430693103533E-01
    1.499324607443E-01
    1.570247112055E-01
    1.645893661032E-01
    1.695950252414E-01
    1.724290862406E-01
    1.755189417323E-01
    1.770755248195E-01
    1.755189417323E-01
    1.724290862406E-01
    1.695950252414E-01
    1.645893661032E-01
    1.570247112055E-01
    1.499324607443E-01
    1.430693103533E-01
    1.349028199626E-01
    1.263986041395E-01
    1.185169075941E-01
    1.109404776920E-01
    1.053756310764E-01
    1.008638770252E-01
    9.762469197738E-02
    8.459213184981E-02
    8.529611498338E-02
    8.804763713750E-02
    9.290468800459E-02
    9.882090761940E-02
    1.067143117083E-01
    1.156060512745E-01
    1.247690408019E-01
    1.341791857636E-01
    1.421999344585E-01
    1.499324607443E-01
    1.574982294370E-01
    1.640073882122E-01
    1.670958095079E-01
    1.692762172018E-01
    1.713755699532E-01
    1.692762172018E-01
    1.670958095079E-01
    1.640073882122E-01
    1.574982294370E-01
    1.499324607443E-01
    1.421999344585E-01
    1.341791857636E-01
    1.247690408019E-01
    1.156060512745E-01
    1.067143117083E-01
    9.882090761940E-02
    9.290468800459E-02
    8.804763713750E-02
    8.529611498338E-02
    6.833095713135E-02
    7.010155655789E-02
    7.331915008535E-02
    7.935169379931E-02
    8.691033816453E-02
    9.472516229436E-02
    1.042092940932E-01
    1.140082040337E-01
    1.243398350759E-01
    1.341791857636E-01
    1.430693103533E-01
    1.494620739788E-01
    1.559389844054E-01
    1.612063375641E-01
    1.634493726695E-01
    1.647350988424E-01
    1.634493726695E-01
    1.612063375641E-01
    1.559389844054E-01
    1.494620739788E-01
    1.430693103533E-01
    1.341791857636E-01
    1.243398350759E-01
    1.140082040337E-01
    1.042092940932E-01
    9.472516229436E-02
    8.691033816453E-02
    7.935169379931E-02
    7.331915008535E-02
    7.010155655789E-02
    5.143555432243E-02
    5.398978843756E-02
    5.729359306127E-02
    6.351710184199E-02
    7.231942452256E-02
    8.137653986780E-02
    9.224463034349E-02
    1.026004913444E-01
    1.140082040337E-01
    1.247690408019E-01
    1.349028199626E-01
    1.425351485402E-01
    1.485769847541E-01
    1.552986258132E-01
    1.576642928092E-01
    1.572819800018E-01
    1.576642928092E-01
    1.552986258132E-01
    1.485769847541E-01
    1.425351485402E-01
    1.349028199626E-01
    1.247690408019E-01
    1.140082040337E-01
    1.026004913444E-01
    9.224463034349E-02
    8.137653986780E-02
    7.231942452256E-02
    6.351710184199E-02
    5.729359306127E-02
    5.398978843756E-02
    3.543414867858E-02
    3.802425314581E-02
    4.192325039690E-02
    4.858746780700E-02
    5.743205730518E-02
    6.843455864759E-02
    8.159251845714E-02
    9.224463034349E-02
    1.042092940932E-01
    1.156060512745E-01
    1.263986041395E-01
    1.352613905166E-01
    1.409850833041E-01
    1.479691532833E-01
    1.516890023156E-01
    1.516387586652E-01
    1.516890023156E-01
    1.479691532833E-01
    1.409850833041E-01
    1.352613905166E-01
    1.263986041395E-01
    1.156060512745E-01
    1.042092940932E-01
    9.224463034349E-02
    8.159251845714E-02
    6.843455864759E-02
    5.743205730518E-02
    4.858746780700E-02
    4.192325039690E-02
    3.802425314581E-02
    2.082573460453E-02
    2.261812711775E-02
    2.669358135755E-02
    3.462948383401E-02
    4.382402683327E-02
    5.465554178642E-02
    6.843455864759E-02
    8.137653986780E-02
    9.472516229436E-02
    1.067143117083E-01
    1.185169075941E-01
    1.286794048088E-01
    1.356534708408E-01
    1.414713085118E-01
    1.452122855471E-01
    1.466562855642E-01
    1.452122855471E-01
    1.414713085118E-01
    1.356534708408E-01
    1.286794048088E-01
    1.185169075941E-01
    1.067143117083E-01
    9.472516229436E-02
    8.137653986780E-02
    6.843455864759E-02
    5.465554178642E-02
    4.382402683327E-02
    3.462948383401E-02
    2.669358135755E-02
    2.261812711775E-02
    6.423122398342E-03
    8.460955733809E-03
    1.303260875521E-02
    2.112457260492E-02
    3.178874262166E-02
    4.382402683327E-02
    5.743205730518E-02
    7.231942452256E-02
    8.691033816453E-02
    9.882090761940E-02
    1.109404776920E-01
    1.217679392281E-01
    1.305577574456E-01
    1.357343793841E-01
    1.392679584516E-01
    1.421785914175E-01
    1.392679584516E-01
    1.357343793841E-01
    1.305577574456E-01
    1.217679392281E-01
    1.109404776920E-01
    9.882090761940E-02
    8.691033816453E-02
    7.231942452256E-02
    5.743205730518E-02
    4.382402683327E-02
    3.178874262166E-02
    2.112457260492E-02
    1.303260875521E-02
    8.460955733809E-03
   -7.755387308600E-03
   -4.969026249556E-03
    1.459616769601E-03
    1.014872158823E-02
    2.112457260492E-02
    3.462948383401E-02
    4.858746780700E-02
    6.351710184199E-02
    7.935169379931E-02
    9.290468800459E-02
    1.053756310764E-01
    1.161468943762E-01
    1.256679139761E-01
    1.310949469073E-01
    1.347494913858E-01
    1.379317669243E-01
    1.347494913858E-01
    1.310949469073E-01
    1.256679139761E-01
    1.161468943762E-01
    1.053756310764E-01
    9.290468800459E-02
    7.935169379931E-02
    6.351710184199E-02
    4.858746780700E-02
    3.462948383401E-02
    2.112457260492E-02
    1.014872158823E-02
    1.459616769601E-03
   -4.969026249556E-03
   -1.733550234035E-02
   -1.559153305502E-02
   -9.105423056648E-03
    1.459616769601E-03
    1.303260875521E-02
    2.669358135755E-02
    4.192325039690E-02
    5.729359306127E-02
    7.331915008535E-02
    8.804763713750E-02
    1.008638770252E-01
    1.123500175348E-01
    1.221863513732E-01
    1.276671288835E-01
    1.316104107377E-01
    1.344848649151E-01
    1.316104107377E-01
    1.276671288835E-01
    1.221863513732E-01
    1.123500175348E-01
    1.008638770252E-01
    8.804763713750E-02
    7.331915008535E-02
    5.729359306127E-02
    4.192325039690E-02
    2.669358135755E-02
    1.303260875521E-02
    1.459616769601E-03
   -9.105423056648E-03
   -1.559153305502E-02
   -2.349609624893E-02
   -2.157543216280E-02
   -1.559153305502E-02
   -4.969026249556E-03
    8.460955733809E-03
    2.261812711775E-02
    3.802425314581E-02
    5.398978843756E-02
    7.010155655789E-02
    8.529611498338E-02
    9.762469197738E-02
    1.093928922629E-01
    1.197607495488E-01
    1.253158825915E-01
    1.297279443315E-01
    1.325844462699E-01
    1.297279443315E-01
    1.253158825915E-01
    1.197607495488E-01
    1.093928922629E-01
    9.762469197738E-02
    8.529611498338E-02
    7.010155655789E-02
    5.398978843756E-02
    3.802425314581E-02
    2.261812711775E-02
    8.460955733809E-03
   -4.969026249557E-03
   -1.559153305502E-02
   -2.157543216280E-02
   -6.165851241776E-02
   -5.778592994372E-02
   -4.986296397147E-02
   -3.967019487994E-02
   -2.438725532728E-02
   -6.181900630503E-03
    1.411339451341E-02
    3.398329208205E-02
    5.075714532556E-02
    6.886471194662E-02
    8.561595290515E-02
    9.821727918236E-02
    1.088321150551E-01
    1.170781239796E-01
    1.213890390405E-01
    1.222455791912E-01
    1.213890390405E-01
    1.170781239796E-01
    1.088321150551E-01
    9.821727918236E-02
    8.561595290515E-02
    6.886471194662E-02
    5.075714532556E-02
    3.398329208205E-02
    1.411339451341E-02
   -6.181900630503E-03
   -2.438725532728E-02
   -3.967019487994E-02
   -4.986296397147E-02
   -5.778592994372E-02
   -5.778592994372E-02
   -5.546627163083E-02
   -4.848546647024E-02
   -3.755381473928E-02
   -2.249376198336E-02
   -4.441625042217E-03
    1.551769828491E-02
    3.491139381265E-02
    5.209798009806E-02
    7.050903309328E-02
    8.689240861354E-02
    9.889301637359E-02
    1.093928922629E-01
    1.178135352147E-01
    1.224343609410E-01
    1.235957593862E-01
    1.224343609410E-01
    1.178135352147E-01
    1.093928922629E-01
    9.889301637359E-02
    8.689240861354E-02
    7.050903309328E-02
    5.209798009806E-02
    3.491139381265E-02
    1.551769828491E-02
   -4.441625042217E-03
   -2.249376198336E-02
   -3.755381473928E-02
   -4.848546647024E-02
   -5.546627163083E-02
   -4.986296397147E-02
   -4.848546647024E-02
   -4.192948468816E-02
   -3.089712789898E-02
   -1.632078029084E-02
    1.723597860907E-03
    2.057170757645E-02
    3.877418618292E-02
    5.591111161599E-02
    7.419025684024E-02
    8.998823943429E-02
    1.013335412983E-01
    1.123500175348E-01
    1.205853145531E-01
    1.243404838123E-01
    1.255110212858E-01
    1.243404838123E-01
    1.205853145531E-01
    1.123500175348E-01
    1.013335412983E-01
    8.998823943429E-02
    7.419025684024E-02
    5.591111161599E-02
    3.877418618292E-02
    2.057170757645E-02
    1.723597860907E-03
   -1.632078029084E-02
   -3.089712789898E-02
   -4.192948468816E-02
   -4.848546647024E-02
   -3.967019487994E-02
   -3.755381473928E-02
   -3.089712789898E-02
   -2.061369946093E-02
   -5.792035203051E-03
    1.160325501915E-02
    2.870570728658E-02
    4.619934319049E-02
    6.253880548848E-02
    7.987257337169E-02
    9.497342735478E-02
    1.052106299219E-01
    1.161468943762E-01
    1.240066232039E-01
    1.277889962275E-01
    1.298093193692E-01
    1.277889962275E-01
    1.240066232039E-01
    1.161468943762E-01
    1.052106299219E-01
    9.497342735478E-02
    7.987257337169E-02
    6.253880548848E-02
    4.619934319049E-02
    2.870570728658E-02
    1.160325501915E-02
   -5.792035203051E-03
   -2.061369946093E-02
   -3.089712789898E-02
   -3.755381473928E-02
   -2.438725532728E-02
   -2.249376198336E-02
   -1.632078029084E-02
   -5.792035203051E-03
    8.380426955204E-03
    2.327893794898E-02
    3.817762990661E-02
    5.481319512730E-02
    7.118216749560E-02
    8.760658953119E-02
    1.014252247297E-01
    1.111999121850E-01
    1.217679392281E-01
    1.287519580310E-01
    1.322768208087E-01
    1.346620110649E-01
    1.322768208087E-01
    1.287519580310E-01
    1.217679392281E-01
    1.111999121850E-01
    1.014252247297E-01
    8.760658953119E-02
    7.118216749560E-02
    5.481319512730E-02
    3.817762990661E-02
    2.327893794898E-02
    8.380426955204E-03
   -5.792035203051E-03
   -1.632078029084E-02
   -2.249376198336E-02
   -6.181900630503E-03
   -4.441625042217E-03
    1.723597860907E-03
    1.160325501915E-02
    2.327893794898E-02
    3.686586802216E-02
    5.065679805635E-02
    6.568961818127E-02
    8.223209638975E-02
    9.624216937406E-02
    1.078084160854E-01
    1.184255523618E-01
    1.286794048088E-01
    1.349176002370E-01
    1.377292868603E-01
    1.394302990840E-01
    1.377292868603E-01
    1.349176002370E-01
    1.286794048088E-01
    1.184255523618E-01
    1.078084160854E-01
    9.624216937406E-02
    8.223209638975E-02
    6.568961818127E-02
    5.065679805635E-02
    3.686586802216E-02
    2.327893794898E-02
    1.160325501915E-02
    1.723597860907E-03
   -4.441625042217E-03
    1.411339451341E-02
    1.551769828491E-02
    2.057170757645E-02
    2.870570728658E-02
    3.817762990661E-02
    5.065679805635E-02
    6.372440181639E-02
    7.804145515728E-02
    9.348607754197E-02
    1.046619360821E-01
    1.163891760812E-01
    1.275766484536E-01
    1.352613905166E-01
    1.408743019861E-01
    1.446185503822E-01
    1.465021715426E-01
    1.446185503822E-01
    1.408743019861E-01
    1.352613905166E-01
    1.275766484536E-01
    1.163891760812E-01
    1.046619360821E-01
    9.348607754197E-02
    7.804145515728E-02
    6.372440181639E-02
    5.065679805635E-02
    3.817762990661E-02
    2.870570728658E-02
    2.057170757645E-02
    1.551769828491E-02
    3.398329208205E-02
    3.491139381265E-02
    3.877418618292E-02
    4.619934319049E-02
    5.481319512730E-02
    6.568961818127E-02
    7.804145515728E-02
    9.157751012885E-02
    1.042582811446E-01
    1.137051886086E-01
    1.259505850524E-01
    1.359119635476E-01
    1.425351485402E-01
    1.484321531249E-01
    1.512390929328E-01
    1.523528391685E-01
    1.512390929328E-01
    1.484321531249E-01
    1.425351485402E-01
    1.359119635476E-01
    1.259505850524E-01
    1.137051886086E-01
    1.042582811446E-01
    9.157751012885E-02
    7.804145515728E-02
    6.568961818127E-02
    5.481319512730E-02
    4.619934319049E-02
    3.877418618292E-02
    3.491139381265E-02
    5.075714532556E-02
    5.209798009806E-02
    5.591111161599E-02
    6.253880548848E-02
    7.118216749560E-02
    8.223209638975E-02
    9.348607754197E-02
    1.042582811446E-01
    1.151309105486E-01
    1.248133703559E-01
    1.349939681303E-01
    1.424261481752E-01
    1.494620739788E-01
    1.557372120798E-01
    1.582091350416E-01
    1.593002465677E-01
    1.582091350416E-01
    1.557372120798E-01
    1.494620739788E-01
    1.424261481752E-01
    1.349939681303E-01
    1.248133703559E-01
    1.151309105486E-01
    1.042582811446E-01
    9.348607754197E-02
    8.223209638975E-02
    7.118216749560E-02
    6.253880548848E-02
    5.591111161599E-02
    5.209798009806E-02
    6.886471194662E-02
    7.050903309328E-02
    7.419025684024E-02
    7.987257337169E-02
    8.760658953119E-02
    9.624216937406E-02
    1.046619360821E-01
    1.137051886086E-01
    1.248133703559E-01
    1.355174303510E-01
    1.442820048837E-01
    1.514916888775E-01
    1.574982294370E-01
    1.614519280081E-01
    1.645084175271E-01
    1.664062978926E-01
    1.645084175271E-01
    1.614519280081E-01
    1.574982294370E-01
    1.514916888775E-01
    1.442820048837E-01
    1.355174303510E-01
    1.248133703559E-01
    1.137051886086E-01
    1.046619360821E-01
    9.624216937406E-02
    8.760658953119E-02
    7.987257337169E-02
    7.419025684024E-02
    7.050903309328E-02
    8.561595290515E-02
    8.689240861354E-02
    8.998823943429E-02
    9.497342735478E-02
    1.014252247297E-01
    1.078084160854E-01
    1.163891760812E-01
    1.259505850524E-01
    1.349939681303E-01
    1.442820048837E-01
    1.512381111188E-01
    1.582702750724E-01
    1.645893661032E-01
    1.681575577252E-01
    1.706170790738E-01
    1.714289326730E-01
    1.706170790738E-01
    1.681575577252E-01
    1.645893661032E-01
    1.582702750724E-01
    1.512381111188E-01
    1.442820048837E-01
    1.349939681303E-01
    1.259505850524E-01
    1.163891760812E-01
    1.078084160854E-01
    1.014252247297E-01
    9.497342735478E-02
    8.998823943429E-02
    8.689240861354E-02
    9.821727918236E-02
    9.889301637359E-02
    1.013335412983E-01
    1.052106299219E-01
    1.111999121850E-01
    1.184255523618E-01
    1.275766484536E-01
    1.359119635476E-01
    1.424261481752E-01
    1.514916888775E-01
    1.582702750724E-01
    1.641542788566E-01
    1.703027721178E-01
    1.744946266577E-01
    1.765478666308E-01
    1.763680938552E-01
    1.765478666308E-01
    1.744946266577E-01
    1.703027721178E-01
    1.641542788566E-01
    1.582702750724E-01
    1.514916888775E-01
    1.424261481752E-01
    1.359119635476E-01
    1.275766484536E-01
    1.184255523618E-01
    1.111999121850E-01
    1.052106299219E-01
    1.013335412983E-01
    9.889301637359E-02
    1.088321150551E-01
    1.093928922629E-01
    1.123500175348E-01
    1.161468943762E-01
    1.217679392281E-01
    1.286794048088E-01
    1.352613905166E-01
    1.425351485402E-01
    1.494620739788E-01
    1.574982294370E-01
    1.645893661032E-01
    1.703027721178E-01
    1.743761439312E-01
    1.778708051378E-01
    1.808914783486E-01
    1.813766409763E-01
    1.808914783486E-01
    1.778708051378E-01
    1.743761439312E-01
    1.703027721178E-01
    1.645893661032E-01
    1.574982294370E-01
    1.494620739788E-01
    1.425351485402E-01
    1.352613905166E-01
    1.286794048088E-01
    1.217679392281E-01
    1.161468943762E-01
    1.123500175348E-01
    1.093928922629E-01
    1.170781239796E-01
    1.178135352147E-01
    1.205853145531E-01
    1.240066232039E-01
    1.287519580310E-01
    1.349176002370E-01
    1.408743019861E-01
    1.484321531249E-01
    1.557372120798E-01
    1.614519280081E-01
    1.681575577252E-01
    1.744946266577E-01
    1.778708051378E-01
    1.811418207597E-01
    1.840062319590E-01
    1.845283125116E-01
    1.840062319590E-01
    1.811418207597E-01
    1.778708051378E-01
    1.744946266577E-01
    1.681575577252E-01
    1.614519280081E-01
    1.557372120798E-01
    1.484321531249E-01
    1.408743019861E-01
    1.349176002370E-01
    1.287519580310E-01
    1.240066232039E-01
    1.205853145531E-01
    1.178135352147E-01
    1.213890390405E-01
    1.224343609410E-01
    1.243404838123E-01
    1.277889962275E-01
    1.322768208087E-01
    1.377292868603E-01
    1.446185503822E-01
    1.512390929328E-01
    1.582091350416E-01
    1.645084175271E-01
    1.706170790738E-01
    1.765478666308E-01
    1.808914783486E-01
    1.840062319590E-01
    1.857619817702E-01
    1.863115913584E-01
    1.857619817702E-01
    1.840062319590E-01
    1.808914783486E-01
    1.765478666308E-01
    1.706170790738E-01
    1.645084175271E-01
    1.582091350416E-01
    1.512390929328E-01
    1.446185503822E-01
    1.377292868603E-01
    1.322768208087E-01
    1.277889962275E-01
    1.243404838123E-01
    1.224343609410E-01
    1.222455791912E-01
    1.235957593862E-01
    1.255110212858E-01
    1.298093193692E-01
    1.346620110649E-01
    1.394302990840E-01
    1.465021715426E-01
    1.523528391685E-01
    1.593002465677E-01
    1.664062978926E-01
    1.714289326730E-01
    1.763680938552E-01
    1.813766409763E-01
    1.845283125116E-01
    1.863115913584E-01
    1.874489675940E-01
    1.863115913584E-01
    1.845283125116E-01
    1.813766409763E-01
    1.763680938552E-01
    1.714289326730E-01
    1.664062978926E-01
    1.593002465677E-01
    1.523528391685E-01
    1.465021715426E-01
    1.394302990840E-01
    1.346620110649E-01
    1.298093193692E-01
    1.255110212858E-01
    1.235957593862E-01
    1.213890390405E-01
    1.224343609410E-01
    1.243404838123E-01
    1.277889962275E-01
    1.322768208087E-01
    1.377292868603E-01
    1.446185503822E-01
    1.512390929328E-01
    1.582091350416E-01
    1.645084175271E-01
    1.706170790738E-01
    1.765478666308E-01
    1.808914783486E-01
    1.840062319590E-01
    1.857619817702E-01
    1.863115913584E-01
    1.857619817702E-01
    1.840062319590E-01
    1.808914783486E-01
    1.765478666308E-01
    1.706170790738E-01
    1.645084175271E-01
    1.582091350416E-01
    1.512390929328E-01
    1.446185503822E-01
    1.377292868603E-01
    1.322768208087E-01
    1.277889962275E-01
    1.243404838123E-01
    1.224343609410E-01
    1.170781239796E-01
    1.178135352147E-01
    1.205853145531E-01
    1.240066232039E-01
    1.287519580310E-01
    1.349176002370E-01
    1.408743019861E-01
    1.484321531249E-01
    1.557372120798E-01
    1.614519280081E-01
    1.681575577252E-01
    1.744946266577E-01
    1.778708051378E-01
    1.811418207597E-01
    1.840062319590E-01
    1.845283125116E-01
    1.840062319590E-01
    1.811418207597E-01
    1.778708051378E-01
    1.744946266577E-01
    1.681575577252E-01
    1.614519280081E-01
    1.557372120798E-01
    1.484321531249E-01
    1.408743019861E-01
    1.349176002370E-01
    1.287519580310E-01
    1.240066232039E-01
    1.205853145531E-01
    1.178135352147E-01
    1.088321150551E-01
    1.093928922629E-01
    1.123500175348E-01
    1.161468943762E-01
    1.217679392281E-01
    1.286794048088E-01
    1.352613905166E-01
    1.425351485402E-01
    1.494620739788E-01
    1.574982294370E-01
    1.645893661032E-01
    1.703027721178E-01
    1.743761439312E-01
    1.778708051378E-01
    1.808914783486E-01
    1.813766409763E-01
    1.808914783486E-01
    1.778708051378E-01
    1.743761439312E-01
    1.703027721178E-01
    1.645893661032E-01
    1.574982294370E-01
    1.494620739788E-01
    1.425351485402E-01
    1.352613905166E-01
    1.286794048088E-01
    1.217679392281E-01
    1.161468943762E-01
    1.123500175348E-01
    1.093928922629E-01
    9.821727918236E-02
    9.889301637359E-02
    1.013335412983E-01
    1.052106299219E-01
    1.111999121850E-01
    1.184255523618E-01
    1.275766484536E-01
    1.359119635476E-01
    1.424261481752E-01
    1.514916888775E-01
    1.582702750724E-01
    1.641542788566E-01
    1.703027721178E-01
    1.744946266577E-01
    1.765478666308E-01
    1.763680938552E-01
    1.765478666308E-01
    1.744946266577E-01
    1.703027721178E-01
    1.641542788566E-01
    1.582702750724E-01
    1.514916888775E-01
    1.424261481752E-01
    1.359119635476E-01
    1.275766484536E-01
    1.184255523618E-01
    1.111999121850E-01
    1.052106299219E-01
    1.013335412983E-01
    9.889301637359E-02
    8.561595290515E-02
    8.689240861354E-02
    8.998823943429E-02
    9.497342735478E-02
    1.014252247297E-01
    1.078084160854E-01
    1.163891760812E-01
    1.259505850524E-01
    1.349939681303E-01
    1.442820048837E-01
    1.512381111188E-01
    1.582702750724E-01
    1.645893661032E-01
    1.681575577252E-01
    1.706170790738E-01
    1.714289326730E-01
    1.706170790738E-01
    1.681575577252E-01
    1.645893661032E-01
    1.582702750724E-01
    1.512381111188E-01
    1.442820048837E-01
    1.349939681303E-01
    1.259505850524E-01
    1.163891760812E-01
    1.078084160854E-01
    1.014252247297E-01
    9.497342735478E-02
    8.998823943429E-02
    8.689240861354E-02
    6.886471194662E-02
    7.050903309328E-02
    7.419025684024E-02
    7.987257337169E-02
    8.760658953119E-02
    9.624216937406E-02
    1.046619360821E-01
    1.137051886086E-01
    1.248133703559E-01
    1.355174303510E-01
    1.442820048837E-01
    1.514916888775E-01
    1.574982294370E-01
    1.614519280081E-01
    1.645084175271E-01
    1.664062978926E-01
    1.645084175271E-01
    1.614519280081E-01
    1.574982294370E-01
    1.514916888775E-01
    1.442820048837E-01
    1.355174303510E-01
    1.248133703559E-01
    1.137051886086E-01
    1.046619360821E-01
    9.624216937406E-02
    8.760658953119E-02
    7.987257337169E-02
    7.419025684024E-02
    7.050903309328E-02
    5.075714532556E-02
    5.209798009806E-02
    5.591111161599E-02
    6.253880548848E-02
    7.118216749560E-02
    8.223209638975E-02
    9.348607754197E-02
    1.042582811446E-01
    1.151309105486E-01
    1.248133703559E-01
    1.349939681303E-01
    1.424261481752E-01
    1.494620739788E-01
    1.557372120798E-01
    1.582091350416E-01
    1.593002465677E-01
    1.582091350416E-01
    1.557372120798E-01
    1.494620739788E-01
    1.424261481752E-01
    1.349939681303E-01
    1.248133703559E-01
    1.151309105486E-01
    1.042582811446E-01
    9.348607754197E-02
    8.223209638975E-02
    7.118216749560E-02
    6.253880548848E-02
    5.591111161599E-02
    5.209798009806E-02
    3.398329208205E-02
    3.491139381265E-02
    3.877418618292E-02
    4.619934319049E-02
    5.481319512730E-02
    6.568961818127E-02
    7.804145515728E-02
    9.157751012885E-02
    1.042582811446E-01
    1.137051886086E-01
    1.259505850524E-01
    1.359119635476E-01
    1.425351485402E-01
    1.484321531249E-01
    1.512390929328E-01
    1.523528391685E-01
    1.512390929328E-01
    1.484321531249E-01
    1.425351485402E-01
    1.359119635476E-01
    1.259505850524E-01
    1.137051886086E-01
    1.042582811446E-01
    9.157751012885E-02
    7.804145515728E-02
    6.568961818127E-02
    5.481319512730E-02
    4.619934319049E-02
    3.877418618292E-02
    3.491139381265E-02
    1.411339451341E-02
    1.551769828491E-02
    2.057170757645E-02
    2.870570728658E-02
    3.817762990661E-02
    5.065679805635E-02
    6.372440181639E-02
    7.804145515728E-02
    9.348607754197E-02
    1.046619360821E-01
    1.163891760812E-01
    1.275766484536E-01
    1.352613905166E-01
    1.408743019861E-01
    1.446185503822E-01
    1.465021715426E-01
    1.446185503822E-01
    1.408743019861E-01
    1.352613905166E-01
    1.275766484536E-01
    1.163891760812E-01
    1.046619360821E-01
    9.348607754197E-02
    7.804145515728E-02
    6.372440181639E-02
    5.065679805635E-02
    3.817762990661E-02
    2.870570728658E-02
    2.057170757645E-02
    1.551769828491E-02
   -6.181900630503E-03
   -4.441625042217E-03
    1.723597860907E-03
    1.160325501915E-02
    2.327893794898E-02
    3.686586802216E-02
    5.065679805635E-02
    6.568961818127E-02
    8.223209638975E-02
    9.624216937406E-02
    1.078084160854E-01
    1.184255523618E-01
    1.286794048088E-01
    1.349176002370E-01
    1.377292868603E-01
    1.394302990840E-01
    1.377292868603E-01
    1.349176002370E-01
    1.286794048088E-01
    1.184255523618E-01
    1.078084160854E-01
    9.624216937406E-02
    8.223209638975E-02
    6.568961818127E-02
    5.065679805635E-02
    3.686586802216E-02
    2.327893794898E-02
    1.160325501915E-02
    1.723597860907E-03
   -4.441625042217E-03
   -2.438725532728E-02
   -2.249376198336E-02
   -1.632078029084E-02
   -5.792035203051E-03
    8.380426955204E-03
    2.327893794898E-02
    3.817762990661E-02
    5.481319512730E-02
    7.118216749560E-02
    8.760658953119E-02
    1.014252247297E-01
    1.111999121850E-01
    1.217679392281E-01
    1.287519580310E-01
    1.322768208087E-01
    1.346620110649E-01
    1.322768208087E-01
    1.287519580310E-01
    1.217679392281E-01
    1.111999121850E-01
    1.014252247297E-01
    8.760658953119E-02
    7.118216749560E-02
    5.481319512730E-02
    3.817762990661E-02
    2.327893794898E-02
    8.380426955204E-03
   -5.792035203051E-03
   -1.632078029084E-02
   -2.249376198336E-02
   -3.967019487994E-02
   -3.755381473928E-02
   -3.089712789898E-02
   -2.061369946093E-02
   -5.792035203051E-03
    1.160325501915E-02
    2.870570728658E-02
    4.619934319049E-02
    6.253880548848E-02
    7.987257337169E-02
    9.497342735478E-02
    1.052106299219E-01
    1.161468943762E-01
    1.240066232039E-01
    1.277889962275E-01
    1.298093193692E-01
    1.277889962275E-01
    1.240066232039E-01
    1.161468943762E-01
    1.052106299219E-01
    9.497342735478E-02
    7.987257337169E-02
    6.253880548848E-02
    4.619934319049E-02
    2.870570728658E-02
    1.160325501915E-02
   -5.792035203051E-03
   -2.061369946093E-02
   -3.089712789898E-02
   -3.755381473928E-02
   -4.986296397147E-02
   -4.848546647024E-02
   -4.192948468816E-02
   -3.089712789898E-02
   -1.632078029084E-02
    1.723597860907E-03
    2.057170757645E-02
    3.877418618292E-02
    5.591111161599E-02
    7.419025684024E-02
    8.998823943429E-02
    1.013335412983E-01
    1.123500175348E-01
    1.205853145531E-01
    1.243404838123E-01
    1.255110212858E-01
    1.243404838123E-01
    1.205853145531E-01
    1.123500175348E-01
    1.013335412983E-01
    8.998823943429E-02
    7.419025684024E-02
    5.591111161599E-02
    3.877418618292E-02
    2.057170757645E-02
    1.723597860907E-03
   -1.632078029084E-02
   -3.089712789898E-02
   -4.192948468816E-02
   -4.848546647024E-02
   -5.778592994372E-02
   -5.546627163083E-02
   -4.848546647024E-02
   -3.755381473928E-02
   -2.249376198336E-02
   -4.441625042217E-03
    1.551769828491E-02
    3.491139381265E-02
    5.209798009806E-02
    7.050903309328E-02
    8.689240861354E-02
    9.889301637359E-02
    1.093928922629E-01
    1.178135352147E-01
    1.224343609410E-01
    1.235957593862E-01
    1.224343609410E-01
    1.178135352147E-01
    1.093928922629E-01
    9.889301637359E-02
    8.689240861354E-02
    7.050903309328E-02
    5.209798009806E-02
    3.491139381265E-02
    1.551769828491E-02
   -4.441625042217E-03
   -2.249376198336E-02
   -3.755381473928E-02
   -4.848546647024E-02
   -5.546627163083E-02
   -1.133400708713E-01
   -1.098925883614E-01
   -9.914091739268E-02
   -8.259329185686E-02
   -6.250759783043E-02
   -4.095067697114E-02
   -1.796547842167E-02
    7.354908037367E-03
    3.116134669746E-02
    5.043847516117E-02
    6.860361633483E-02
    8.561595290515E-02
    9.699555743799E-02
    1.064025716567E-01
    1.121546606291E-01
    1.125116028957E-01
    1.121546606291E-01
    1.064025716567E-01
    9.699555743799E-02
    8.561595290515E-02
    6.860361633483E-02
    5.043847516117E-02
    3.116134669746E-02
    7.354908037367E-03
   -1.796547842167E-02
   -4.095067697114E-02
   -6.250759783043E-02
   -8.259329185686E-02
   -9.914091739268E-02
   -1.098925883614E-01
   -1.098925883614E-01
   -1.067119667699E-01
   -9.593999149341E-02
   -7.955364206572E-02
   -6.005001395813E-02
   -3.880021657123E-02
   -1.630428267350E-02
    8.629299200178E-03
    3.255497422745E-02
    5.209892203238E-02
    7.017613700165E-02
    8.689240861354E-02
    9.762469197738E-02
    1.068023131266E-01
    1.132767067545E-01
    1.140696201788E-01
    1.132767067545E-01
    1.068023131266E-01
    9.762469197738E-02
    8.689240861354E-02
    7.017613700165E-02
    5.209892203238E-02
    3.255497422745E-02
    8.629299200178E-03
   -1.630428267350E-02
   -3.880021657123E-02
   -6.005001395813E-02
   -7.955364206572E-02
   -9.593999149341E-02
   -1.067119667699E-01
   -9.914091739268E-02
   -9.593999149341E-02
   -8.526915435688E-02
   -7.019803346189E-02
   -5.205952408974E-02
   -3.153398578248E-02
   -9.631616964304E-03
    1.479084341591E-02
    3.741694549094E-02
    5.579506044351E-02
    7.315039769137E-02
    8.998823943429E-02
    1.008638770252E-01
    1.094568281821E-01
    1.152726020574E-01
    1.156282148393E-01
    1.152726020574E-01
    1.094568281821E-01
    1.008638770252E-01
    8.998823943429E-02
    7.315039769137E-02
    5.579506044351E-02
    3.741694549094E-02
    1.479084341591E-02
   -9.631616964304E-03
   -3.153398578248E-02
   -5.205952408974E-02
   -7.019803346189E-02
   -8.526915435688E-02
   -9.593999149341E-02
   -8.259329185686E-02
   -7.955364206572E-02
   -7.019803346189E-02
   -5.734240744504E-02
   -4.074203909702E-02
   -2.143980994216E-02
    4.704517562470E-04
    2.433733700244E-02
    4.411396869643E-02
    6.161940750452E-02
    7.904915349682E-02
    9.497342735478E-02
    1.053756310764E-01
    1.136962031819E-01
    1.192861183646E-01
    1.195361786250E-01
    1.192861183646E-01
    1.136962031819E-01
    1.053756310764E-01
    9.497342735478E-02
    7.904915349682E-02
    6.161940750452E-02
    4.411396869643E-02
    2.433733700244E-02
    4.704517562470E-04
   -2.143980994216E-02
   -4.074203909702E-02
   -5.734240744504E-02
   -7.019803346189E-02
   -7.955364206572E-02
   -6.250759783043E-02
   -6.005001395813E-02
   -5.205952408974E-02
   -4.074203909702E-02
   -2.567983565598E-02
   -7.262896925006E-03
    1.408851624137E-02
    3.521998432279E-02
    5.205573223681E-02
    7.017360174925E-02
    8.774504160826E-02
    1.014252247297E-01
    1.109404776920E-01
    1.189680420727E-01
    1.245152541812E-01
    1.252399208086E-01
    1.245152541812E-01
    1.189680420727E-01
    1.109404776920E-01
    1.014252247297E-01
    8.774504160826E-02
    7.017360174925E-02
    5.205573223681E-02
    3.521998432279E-02
    1.408851624137E-02
   -7.262896925006E-03
   -2.567983565598E-02
   -4.074203909702E-02
   -5.205952408974E-02
   -6.005001395813E-02
   -4.095067697114E-02
   -3.880021657123E-02
   -3.153398578248E-02
   -2.143980994216E-02
   -7.262896925006E-03
    1.124350841419E-02
    3.030306112355E-02
    4.789827480731E-02
    6.367600289923E-02
    8.087805422145E-02
    9.585832411797E-02
    1.078084160854E-01
    1.185169075941E-01
    1.259478095061E-01
    1.300236831695E-01
    1.311394423805E-01
    1.300236831695E-01
    1.259478095061E-01
    1.185169075941E-01
    1.078084160854E-01
    9.585832411797E-02
    8.087805422145E-02
    6.367600289923E-02
    4.789827480731E-02
    3.030306112355E-02
    1.124350841419E-02
   -7.262896925006E-03
   -2.143980994216E-02
   -3.153398578248E-02
   -3.880021657123E-02
   -1.796547842167E-02
   -1.630428267350E-02
   -9.631616964304E-03
    4.704517562470E-04
    1.408851624137E-02
    3.030306112355E-02
    4.504762720928E-02
    6.052626041996E-02
    7.666547704322E-02
    9.249652639476E-02
    1.057896416461E-01
    1.163891760812E-01
    1.263986041395E-01
    1.321857710987E-01
    1.365215920582E-01
    1.396602759232E-01
    1.365215920582E-01
    1.321857710987E-01
    1.263986041395E-01
    1.163891760812E-01
    1.057896416461E-01
    9.249652639476E-02
    7.666547704322E-02
    6.052626041996E-02
    4.504762720928E-02
    3.030306112355E-02
    1.408851624137E-02
    4.704517562470E-04
   -9.631616964304E-03
   -1.630428267350E-02
    7.354908037367E-03
    8.629299200178E-03
    1.479084341591E-02
    2.433733700244E-02
    3.521998432279E-02
    4.789827480731E-02
    6.052626041996E-02
    7.498089046031E-02
    8.986586800451E-02
    1.035876569429E-01
    1.160847661456E-01
    1.259505850524E-01
    1.349028199626E-01
    1.396063552613E-01
    1.432043620325E-01
    1.465639191913E-01
    1.432043620325E-01
    1.396063552613E-01
    1.349028199626E-01
    1.259505850524E-01
    1.160847661456E-01
    1.035876569429E-01
    8.986586800451E-02
    7.498089046031E-02
    6.052626041996E-02
    4.789827480731E-02
    3.521998432279E-02
    2.433733700244E-02
    1.479084341591E-02
    8.629299200178E-03
    3.116134669746E-02
    3.255497422745E-02
    3.741694549094E-02
    4.411396869643E-02
    5.205573223681E-02
    6.367600289923E-02
    7.666547704322E-02
    8.986586800451E-02
    1.029150422582E-01
    1.144153704002E-01
    1.254831972645E-01
    1.349939681303E-01
    1.430693103533E-01
    1.484285133770E-01
    1.512029465598E-01
    1.526813176409E-01
    1.512029465598E-01
    1.484285133770E-01
    1.430693103533E-01
    1.349939681303E-01
    1.254831972645E-01
    1.144153704002E-01
    1.029150422582E-01
    8.986586800451E-02
    7.666547704322E-02
    6.367600289923E-02
    5.205573223681E-02
    4.411396869643E-02
    3.741694549094E-02
    3.255497422745E-02
    5.043847516117E-02
    5.209892203238E-02
    5.579506044351E-02
    6.161940750452E-02
    7.017360174925E-02
    8.087805422145E-02
    9.249652639476E-02
    1.035876569429E-01
    1.144153704002E-01
    1.247169192667E-01
    1.353062190779E-01
    1.442820048837E-01
    1.499324607443E-01
    1.556405986817E-01
    1.591339056318E-01
    1.592976369779E-01
    1.591339056318E-01
    1.556405986817E-01
    1.499324607443E-01
    1.442820048837E-01
    1.353062190779E-01
    1.247169192667E-01
    1.144153704002E-01
    1.035876569429E-01
    9.249652639476E-02
    8.087805422145E-02
    7.017360174925E-02
    6.161940750452E-02
    5.579506044351E-02
    5.209892203238E-02
    6.860361633483E-02
    7.017613700165E-02
    7.315039769137E-02
    7.904915349682E-02
    8.774504160826E-02
    9.585832411797E-02
    1.057896416461E-01
    1.160847661456E-01
    1.254831972645E-01
    1.353062190779E-01
    1.438726443230E-01
    1.512381111188E-01
    1.570247112055E-01
    1.627562359315E-01
    1.657119562423E-01
    1.652209025168E-01
    1.657119562423E-01
    1.627562359315E-01
    1.570247112055E-01
    1.512381111188E-01
    1.438726443230E-01
    1.353062190779E-01
    1.254831972645E-01
    1.160847661456E-01
    1.057896416461E-01
    9.585832411797E-02
    8.774504160826E-02
    7.904915349682E-02
    7.315039769137E-02
    7.017613700165E-02
    8.561595290515E-02
    8.689240861354E-02
    8.998823943429E-02
    9.497342735478E-02
    1.014252247297E-01
    1.078084160854E-01
    1.163891760812E-01
    1.259505850524E-01
    1.349939681303E-01
    1.442820048837E-01
    1.512381111188E-01
    1.582702750724E-01
    1.645893661032E-01
    1.681575577252E-01
    1.706170790738E-01
    1.714289326730E-01
    1.706170790738E-01
    1.681575577252E-01
    1.645893661032E-01
    1.582702750724E-01
    1.512381111188E-01
    1.442820048837E-01
    1.349939681303E-01
    1.259505850524E-01
    1.163891760812E-01
    1.078084160854E-01
    1.014252247297E-01
    9.497342735478E-02
    8.998823943429E-02
    8.689240861354E-02
    9.699555743799E-02
    9.762469197738E-02
    1.008638770252E-01
    1.053756310764E-01
    1.109404776920E-01
    1.185169075941E-01
    1.263986041395E-01
    1.349028199626E-01
    1.430693103533E-01
    1.499324607443E-01
    1.570247112055E-01
    1.645893661032E-01
    1.695950252414E-01
    1.724290862406E-01
    1.755189417323E-01
    1.770755248195E-01
    1.755189417323E-01
    1.724290862406E-01
    1.695950252414E-01
    1.645893661032E-01
    1.570247112055E-01
    1.499324607443E-01
    1.430693103533E-01
    1.349028199626E-01
    1.263986041395E-01
    1.185169075941E-01
    1.109404776920E-01
    1.053756310764E-01
    1.008638770252E-01
    9.762469197738E-02
    1.064025716567E-01
    1.068023131266E-01
    1.094568281821E-01
    1.136962031819E-01
    1.189680420727E-01
    1.259478095061E-01
    1.321857710987E-01
    1.396063552613E-01
    1.484285133770E-01
    1.556405986817E-01
    1.627562359315E-01
    1.681575577252E-01
    1.724290862406E-01
    1.775613387216E-01
    1.794645742103E-01
    1.789563214739E-01
    1.794645742103E-01
    1.775613387216E-01
    1.724290862406E-01
    1.681575577252E-01
    1.627562359315E-01
    1.556405986817E-01
    1.484285133770E-01
    1.396063552613E-01
    1.321857710987E-01
    1.259478095061E-01
    1.189680420727E-01
    1.136962031819E-01
    1.094568281821E-01
    1.068023131266E-01
    1.121546606291E-01
    1.132767067545E-01
    1.152726020574E-01
    1.192861183646E-01
    1.245152541812E-01
    1.300236831695E-01
    1.365215920582E-01
    1.432043620325E-01
    1.512029465598E-01
    1.591339056318E-01
    1.657119562423E-01
    1.706170790738E-01
    1.755189417323E-01
    1.794645742103E-01
    1.809148094935E-01
    1.814580068046E-01
    1.809148094935E-01
    1.794645742103E-01
    1.755189417323E-01
    1.706170790738E-01
    1.657119562423E-01
    1.591339056318E-01
    1.512029465598E-01
    1.432043620325E-01
    1.365215920582E-01
    1.300236831695E-01
    1.245152541812E-01
    1.192861183646E-01
    1.152726020574E-01
    1.132767067545E-01
    1.125116028957E-01
    1.140696201788E-01
    1.156282148393E-01
    1.195361786250E-01
    1.252399208086E-01
    1.311394423805E-01
    1.396602759232E-01
    1.465639191913E-01
    1.526813176409E-01
    1.592976369779E-01
    1.652209025168E-01
    1.714289326730E-01
    1.770755248195E-01
    1.789563214739E-01
    1.814580068046E-01
    1.844558266007E-01
    1.814580068046E-01
    1.789563214739E-01
    1.770755248195E-01
    1.714289326730E-01
    1.652209025168E-01
    1.592976369779E-01
    1.526813176409E-01
    1.465639191913E-01
    1.396602759232E-01
    1.311394423805E-01
    1.252399208086E-01
    1.195361786250E-01
    1.156282148393E-01
    1.140696201788E-01
    1.121546606291E-01
    1.132767067545E-01
    1.152726020574E-01
    1.192861183646E-01
    1.245152541812E-01
    1.300236831695E-01
    1.365215920582E-01
    1.432043620325E-01
    1.512029465598E-01
    1.591339056318E-01
    1.657119562423E-01
    1.706170790738E-01
    1.755189417323E-01
    1.794645742103E-01
    1.809148094935E-01
    1.814580068046E-01
    1.809148094935E-01
    1.794645742103E-01
    1.755189417323E-01
    1.706170790738E-01
    1.657119562423E-01
    1.591339056318E-01
    1.512029465598E-01
    1.432043620325E-01
    1.365215920582E-01
    1.300236831695E-01
    1.245152541812E-01
    1.192861183646E-01
    1.152726020574E-01
    1.132767067545E-01
    1.064025716567E-01
    1.068023131266E-01
    1.094568281821E-01
    1.136962031819E-01
    1.189680420727E-01
    1.259478095061E-01
    1.321857710987E-01
    1.396063552613E-01
    1.484285133770E-01
    1.556405986817E-01
    1.627562359315E-01
    1.681575577252E-01
    1.724290862406E-01
    1.775613387216E-01
    1.794645742103E-01
    1.789563214739E-01
    1.794645742103E-01
    1.775613387216E-01
    1.724290862406E-01
    1.681575577252E-01
    1.627562359315E-01
    1.556405986817E-01
    1.484285133770E-01
    1.396063552613E-01
    1.321857710987E-01
    1.259478095061E-01
    1.189680420727E-01
    1.136962031819E-01
    1.094568281821E-01
    1.068023131266E-01
    9.699555743799E-02
    9.762469197738E-02
    1.008638770252E-01
    1.053756310764E-01
    1.109404776920E-01
    1.185169075941E-01
    1.263986041395E-01
    1.349028199626E-01
    1.430693103533E-01
    1.499324607443E-01
    1.570247112055E-01
    1.645893661032E-01
    1.695950252414E-01
    1.724290862406E-01
    1.755189417323E-01
    1.770755248195E-01
    1.755189417323E-01
    1.724290862406E-01
    1.695950252414E-01
    1.645893661032E-01
    1.570247112055E-01
    1.499324607443E-01
    1.430693103533E-01
    1.349028199626E-01
    1.263986041395E-01
    1.185169075941E-01
    1.109404776920E-01
    1.053756310764E-01
    1.008638770252E-01
    9.762469197738E-02
    8.561595290515E-02
    8.689240861354E-02
    8.998823943429E-02
    9.497342735478E-02
    1.014252247297E-01
    1.078084160854E-01
    1.163891760812E-01
    1.259505850524E-01
    1.349939681303E-01
    1.442820048837E-01
    1.512381111188E-01
    1.582702750724E-01
    1.645893661032E-01
    1.681575577252E-01
    1.706170790738E-01
    1.714289326730E-01
    1.706170790738E-01
    1.681575577252E-01
    1.645893661032E-01
    1.582702750724E-01
    1.512381111188E-01
    1.442820048837E-01
    1.349939681303E-01
    1.259505850524E-01
    1.163891760812E-01
    1.078084160854E-01
    1.014252247297E-01
    9.497342735478E-02
    8.998823943429E-02
    8.689240861354E-02
    6.860361633483E-02
    7.017613700165E-02
    7.315039769137E-02
    7.904915349682E-02
    8.774504160826E-02
    9.585832411797E-02
    1.057896416461E-01
    1.160847661456E-01
    1.254831972645E-01
    1.353062190779E-01
    1.438726443230E-01
    1.512381111188E-01
    1.570247112055E-01
    1.627562359315E-01
    1.657119562423E-01
    1.652209025168E-01
    1.657119562423E-01
    1.627562359315E-01
    1.570247112055E-01
    1.512381111188E-01
    1.438726443230E-01
    1.353062190779E-01
    1.254831972645E-01
    1.160847661456E-01
    1.057896416461E-01
    9.585832411797E-02
    8.774504160826E-02
    7.904915349682E-02
    7.315039769137E-02
    7.017613700165E-02
    5.043847516117E-02
    5.209892203238E-02
    5.579506044351E-02
    6.161940750452E-02
    7.017360174925E-02
    8.087805422145E-02
    9.249652639476E-02
    1.035876569429E-01
    1.144153704002E-01
    1.247169192667E-01
    1.353062190779E-01
    1.442820048837E-01
    1.499324607443E-01
    1.556405986817E-01
    1.591339056318E-01
    1.592976369779E-01
    1.591339056318E-01
    1.556405986817E-01
    1.499324607443E-01
    1.442820048837E-01
    1.353062190779E-01
    1.247169192667E-01
    1.144153704002E-01
    1.035876569429E-01
    9.249652639476E-02
    8.087805422145E-02
    7.017360174925E-02
    6.161940750452E-02
    5.579506044351E-02
    5.209892203238E-02
    3.116134669746E-02
    3.255497422745E-02
    3.741694549094E-02
    4.411396869643E-02
    5.205573223681E-02
    6.367600289923E-02
    7.666547704322E-02
    8.986586800451E-02
    1.029150422582E-01
    1.144153704002E-01
    1.254831972645E-01
    1.349939681303E-01
    1.430693103533E-01
    1.484285133770E-01
    1.512029465598E-01
    1.526813176409E-01
    1.512029465598E-01
    1.484285133770E-01
    1.430693103533E-01
    1.349939681303E-01
    1.254831972645E-01
    1.144153704002E-01
    1.029150422582E-01
    8.986586800451E-02
    7.666547704322E-02
    6.367600289923E-02
    5.205573223681E-02
    4.411396869643E-02
    3.741694549094E-02
    3.255497422745E-02
    7.354908037367E-03
    8.629299200178E-03
    1.479084341591E-02
    2.433733700244E-02
    3.521998432279E-02
    4.789827480731E-02
    6.052626041996E-02
    7.498089046031E-02
    8.986586800451E-02
    1.035876569429E-01
    1.160847661456E-01
    1.259505850524E-01
    1.349028199626E-01
    1.396063552613E-01
    1.432043620325E-01
    1.465639191913E-01
    1.432043620325E-01
    1.396063552613E-01
    1.349028199626E-01
    1.259505850524E-01
    1.160847661456E-01
    1.035876569429E-01
    8.986586800451E-02
    7.498089046031E-02
    6.052626041996E-02
    4.789827480731E-02
    3.521998432279E-02
    2.433733700244E-02
    1.479084341591E-02
    8.629299200178E-03
   -1.796547842167E-02
   -1.630428267350E-02
   -9.631616964304E-03
    4.704517562470E-04
    1.408851624137E-02
    3.030306112355E-02
    4.504762720928E-02
    6.052626041996E-02
    7.666547704322E-02
    9.249652639476E-02
    1.057896416461E-01
    1.163891760812E-01
    1.263986041395E-01
    1.321857710987E-01
    1.365215920582E-01
    1.396602759232E-01
    1.365215920582E-01
    1.321857710987E-01
    1.263986041395E-01
    1.163891760812E-01
    1.057896416461E-01
    9.249652639476E-02
    7.666547704322E-02
    6.052626041996E-02
    4.504762720928E-02
    3.030306112355E-02
    1.408851624137E-02
    4.704517562470E-04
   -9.631616964304E-03
   -1.630428267350E-02
   -4.095067697114E-02
   -3.880021657123E-02
   -3.153398578248E-02
   -2.143980994216E-02
   -7.262896925006E-03
    1.124350841419E-02
    3.030306112355E-02
    4.789827480731E-02
    6.367600289923E-02
    8.087805422145E-02
    9.585832411797E-02
    1.078084160854E-01
    1.185169075941E-01
    1.259478095061E-01
    1.300236831695E-01
    1.311394423805E-01
    1.300236831695E-01
    1.259478095061E-01
    1.185169075941E-01
    1.078084160854E-01
    9.585832411797E-02
    8.087805422145E-02
    6.367600289923E-02
    4.789827480731E-02
    3.030306112355E-02
    1.124350841419E-02
   -7.262896925006E-03
   -2.143980994216E-02
   -3.153398578248E-02
   -3.880021657123E-02
   -6.250759783043E-02
   -6.005001395813E-02
   -5.205952408974E-02
   -4.074203909702E-02
   -2.567983565598E-02
   -7.262896925006E-03
    1.408851624137E-02
    3.521998432279E-02
    5.205573223681E-02
    7.017360174925E-02
    8.774504160826E-02
    1.014252247297E-01
    1.109404776920E-01
    1.189680420727E-01
    1.245152541812E-01
    1.252399208086E-01
    1.245152541812E-01
    1.189680420727E-01
    1.109404776920E-01
    1.014252247297E-01
    8.774504160826E-02
    7.017360174925E-02
    5.205573223681E-02
    3.521998432279E-02
    1.408851624137E-02
   -7.262896925006E-03
   -2.567983565598E-02
   -4.074203909702E-02
   -5.205952408974E-02
   -6.005001395813E-02
   -8.259329185686E-02
   -7.955364206572E-02
   -7.019803346189E-02
   -5.734240744504E-02
   -4.074203909702E-02
   -2.143980994216E-02
    4.704517562470E-04
    2.433733700244E-02
    4.411396869643E-02
    6.161940750452E-02
    7.904915349682E-02
    9.497342735478E-02
    1.053756310764E-01
    1.136962031819E-01
    1.192861183646E-01
    1.195361786250E-01
    1.192861183646E-01
    1.136962031819E-01
    1.053756310764E-01
    9.497342735478E-02
    7.904915349682E-02
    6.161940750452E-02
    4.411396869643E-02
    2.433733700244E-02
    4.704517562471E-04
   -2.143980994216E-02
   -4.074203909702E-02
   -5.734240744504E-02
   -7.019803346189E-02
   -7.955364206572E-02
   -9.914091739268E-02
   -9.593999149341E-02
   -8.526915435688E-02
   -7.019803346189E-02
   -5.205952408974E-02
   -3.153398578248E-02
   -9.631616964304E-03
    1.479084341591E-02
    3.741694549094E-02
    5.579506044351E-02
    7.315039769137E-02
    8.998823943429E-02
    1.008638770252E-01
    1.094568281821E-01
    1.152726020574E-01
    1.156282148393E-01
    1.152726020574E-01
    1.094568281821E-01
    1.008638770252E-01
    8.998823943429E-02
    7.315039769137E-02
    5.579506044351E-02
    3.741694549094E-02
    1.479084341591E-02
   -9.631616964304E-03
   -3.153398578248E-02
   -5.205952408974E-02
   -7.019803346189E-02
   -8.526915435688E-02
   -9.593999149341E-02
   -1.098925883614E-01
   -1.067119667699E-01
   -9.593999149341E-02
   -7.955364206572E-02
   -6.005001395813E-02
   -3.880021657123E-02
   -1.630428267350E-02
    8.629299200178E-03
    3.255497422745E-02
    5.209892203238E-02
    7.017613700165E-02
    8.689240861354E-02
    9.762469197738E-02
    1.068023131266E-01
    1.132767067545E-01
    1.140696201788E-01
    1.132767067545E-01
    1.068023131266E-01
    9.762469197738E-02
    8.689240861354E-02
    7.017613700165E-02
    5.209892203238E-02
    3.255497422745E-02
    8.629299200178E-03
   -1.630428267350E-02
   -3.880021657123E-02
   -6.005001395813E-02
   -7.955364206572E-02
   -9.593999149341E-02
   -1.067119667699E-01
   -1.797568252805E-01
   -1.759771512282E-01
   -1.641277602206E-01
   -1.434314490618E-01
   -1.162811398709E-01
   -8.451971288711E-02
   -5.340861341676E-02
   -2.604101930737E-02
    2.871837672029E-03
    2.965814527178E-02
    5.043847516117E-02
    6.886471194662E-02
    8.459213184981E-02
    9.425773736688E-02
    9.992431487794E-02
    1.026391426234E-01
    9.992431487794E-02
    9.425773736688E-02
    8.459213184981E-02
    6.886471194662E-02
    5.043847516117E-02
    2.965814527178E-02
    2.871837672029E-03
   -2.604101930737E-02
   -5.340861341676E-02
   -8.451971288711E-02
   -1.162811398709E-01
   -1.434314490618E-01
   -1.641277602206E-01
   -1.759771512282E-01
   -1.759771512282E-01
   -1.719369755643E-01
   -1.598569834176E-01
   -1.397535483681E-01
   -1.129955342925E-01
   -8.144354409195E-02
   -5.077521822520E-02
   -2.384984755043E-02
    4.435520362447E-03
    3.112111842933E-02
    5.209892203238E-02
    7.050903309328E-02
    8.529611498338E-02
    9.472621221374E-02
    1.011686287425E-01
    1.040208528195E-01
    1.011686287425E-01
    9.472621221374E-02
    8.529611498338E-02
    7.050903309328E-02
    5.209892203238E-02
    3.112111842933E-02
    4.435520362447E-03
   -2.384984755043E-02
   -5.077521822520E-02
   -8.144354409195E-02
   -1.129955342925E-01
   -1.397535483681E-01
   -1.598569834176E-01
   -1.719369755643E-01
   -1.641277602206E-01
   -1.598569834176E-01
   -1.474826215418E-01
   -1.279820034297E-01
   -1.017581646211E-01
   -7.184812498738E-02
   -4.342361764880E-02
   -1.733216484458E-02
    1.035505909821E-02
    3.608399679558E-02
    5.579506044351E-02
    7.419025684024E-02
    8.804763713750E-02
    9.724865541544E-02
    1.041764569121E-01
    1.062845945945E-01
    1.041764569121E-01
    9.724865541544E-02
    8.804763713750E-02
    7.419025684024E-02
    5.579506044351E-02
    3.608399679558E-02
    1.035505909821E-02
   -1.733216484458E-02
   -4.342361764880E-02
   -7.184812498738E-02
   -1.017581646211E-01
   -1.279820034297E-01
   -1.474826215418E-01
   -1.598569834176E-01
   -1.434314490618E-01
   -1.397535483681E-01
   -1.279820034297E-01
   -1.088719579903E-01
   -8.395447926804E-02
   -5.779322210876E-02
   -3.278054522399E-02
   -7.375847030612E-03
    2.002255412688E-02
    4.412893124973E-02
    6.161940750452E-02
    7.987257337169E-02
    9.290468800459E-02
    1.018865971908E-01
    1.087670167601E-01
    1.095747752580E-01
    1.087670167601E-01
    1.018865971908E-01
    9.290468800459E-02
    7.987257337169E-02
    6.161940750452E-02
    4.412893124973E-02
    2.002255412688E-02
   -7.375847030612E-03
   -3.278054522399E-02
   -5.779322210876E-02
   -8.395447926804E-02
   -1.088719579903E-01
   -1.279820034297E-01
   -1.397535483681E-01
   -1.162811398709E-01
   -1.129955342925E-01
   -1.017581646211E-01
   -8.395447926804E-02
   -6.227588568335E-02
   -4.036943613445E-02
   -1.753598404614E-02
    7.066623004289E-03
    3.185725513183E-02
    5.349134978848E-02
    7.017360174925E-02
    8.760658953119E-02
    9.882090761940E-02
    1.074206790993E-01
    1.145634926991E-01
    1.148777223706E-01
    1.145634926991E-01
    1.074206790993E-01
    9.882090761940E-02
    8.760658953119E-02
    7.017360174925E-02
    5.349134978848E-02
    3.185725513183E-02
    7.066623004289E-03
   -1.753598404614E-02
   -4.036943613445E-02
   -6.227588568335E-02
   -8.395447926804E-02
   -1.017581646211E-01
   -1.129955342925E-01
   -8.451971288711E-02
   -8.144354409195E-02
   -7.184812498738E-02
   -5.779322210876E-02
   -4.036943613445E-02
   -2.178022333407E-02
   -1.124883382825E-04
    2.375598751479E-02
    4.477561357519E-02
    6.412493228188E-02
    8.087805422145E-02
    9.624216937406E-02
    1.067143117083E-01
    1.152529077805E-01
    1.211795178978E-01
    1.211971681652E-01
    1.211795178978E-01
    1.152529077805E-01
    1.067143117083E-01
    9.624216937406E-02
    8.087805422145E-02
    6.412493228188E-02
    4.477561357519E-02
    2.375598751479E-02
   -1.124883382825E-04
   -2.178022333407E-02
   -4.036943613445E-02
   -5.779322210876E-02
   -7.184812498738E-02
   -8.144354409195E-02
   -5.340861341676E-02
   -5.077521822520E-02
   -4.342361764880E-02
   -3.278054522399E-02
   -1.753598404614E-02
   -1.124883382825E-04
    1.995874456492E-02
    4.117853876055E-02
    5.843528949291E-02
    7.653857699707E-02
    9.249652639476E-02
    1.046619360821E-01
    1.156060512745E-01
    1.240525901986E-01
    1.283562541073E-01
    1.288511343606E-01
    1.283562541073E-01
    1.240525901986E-01
    1.156060512745E-01
    1.046619360821E-01
    9.249652639476E-02
    7.653857699707E-02
    5.843528949291E-02
    4.117853876055E-02
    1.995874456492E-02
   -1.124883382825E-04
   -1.753598404614E-02
   -3.278054522399E-02
   -4.342361764880E-02
   -5.077521822520E-02
   -2.604101930737E-02
   -2.384984755043E-02
   -1.733216484458E-02
   -7.375847030612E-03
    7.066623004289E-03
    2.375598751479E-02
    4.117853876055E-02
    5.813630898246E-02
    7.316565073658E-02
    9.006046989724E-02
    1.035876569429E-01
    1.137051886086E-01
    1.247690408019E-01
    1.321619303804E-01
    1.359798691521E-01
    1.376010281954E-01
    1.359798691521E-01
    1.321619303804E-01
    1.247690408019E-01
    1.137051886086E-01
    1.035876569429E-01
    9.006046989724E-02
    7.316565073658E-02
    5.813630898246E-02
    4.117853876055E-02
    2.375598751479E-02
    7.066623004289E-03
   -7.375847030612E-03
   -1.733216484458E-02
   -2.384984755043E-02
    2.871837672029E-03
    4.435520362447E-03
    1.035505909821E-02
    2.002255412688E-02
    3.185725513183E-02
    4.477561357519E-02
    5.843528949291E-02
    7.316565073658E-02
    8.869505281890E-02
    1.033115892268E-01
    1.144153704002E-01
    1.248133703559E-01
    1.341791857636E-01
    1.399198995511E-01
    1.437581765093E-01
    1.453742202322E-01
    1.437581765093E-01
    1.399198995511E-01
    1.341791857636E-01
    1.248133703559E-01
    1.144153704002E-01
    1.033115892268E-01
    8.869505281890E-02
    7.316565073658E-02
    5.843528949291E-02
    4.477561357519E-02
    3.185725513183E-02
    2.002255412688E-02
    1.035505909821E-02
    4.435520362447E-03
    2.965814527178E-02
    3.112111842933E-02
    3.608399679558E-02
    4.412893124973E-02
    5.349134978848E-02
    6.412493228188E-02
    7.653857699707E-02
    9.006046989724E-02
    1.033115892268E-01
    1.141357016872E-01
    1.247169192667E-01
    1.355174303510E-01
    1.421999344585E-01
    1.476163309755E-01
    1.515040539125E-01
    1.519411564192E-01
    1.515040539125E-01
    1.476163309755E-01
    1.421999344585E-01
    1.355174303510E-01
    1.247169192667E-01
    1.141357016872E-01
    1.033115892268E-01
    9.006046989724E-02
    7.653857699707E-02
    6.412493228188E-02
    5.349134978848E-02
    4.412893124973E-02
    3.608399679558E-02
    3.112111842933E-02
    5.043847516117E-02
    5.209892203238E-02
    5.579506044351E-02
    6.161940750452E-02
    7.017360174925E-02
    8.087805422145E-02
    9.249652639476E-02
    1.035876569429E-01
    1.144153704002E-01
    1.247169192667E-01
    1.353062190779E-01
    1.442820048837E-01
    1.499324607443E-01
    1.556405986817E-01
    1.591339056318E-01
    1.592976369779E-01
    1.591339056318E-01
    1.556405986817E-01
    1.499324607443E-01
    1.442820048837E-01
    1.353062190779E-01
    1.247169192667E-01
    1.144153704002E-01
    1.035876569429E-01
    9.249652639476E-02
    8.087805422145E-02
    7.017360174925E-02
    6.161940750452E-02
    5.579506044351E-02
    5.209892203238E-02
    6.886471194662E-02
    7.050903309328E-02
    7.419025684024E-02
    7.987257337169E-02
    8.760658953119E-02
    9.624216937406E-02
    1.046619360821E-01
    1.137051886086E-01
    1.248133703559E-01
    1.355174303510E-01
    1.442820048837E-01
    1.514916888775E-01
    1.574982294370E-01
    1.614519280081E-01
    1.645084175271E-01
    1.664062978926E-01
    1.645084175271E-01
    1.614519280081E-01
    1.574982294370E-01
    1.514916888775E-01
    1.442820048837E-01
    1.355174303510E-01
    1.248133703559E-01
    1.137051886086E-01
    1.046619360821E-01
    9.624216937406E-02
    8.760658953119E-02
    7.987257337169E-02
    7.419025684024E-02
    7.050903309328E-02
    8.459213184981E-02
    8.529611498338E-02
    8.804763713750E-02
    9.290468800459E-02
    9.882090761940E-02
    1.067143117083E-01
    1.156060512745E-01
    1.247690408019E-01
    1.341791857636E-01
    1.421999344585E-01
    1.499324607443E-01
    1.574982294370E-01
    1.640073882122E-01
    1.670958095079E-01
    1.692762172018E-01
    1.713755699532E-01
    1.692762172018E-01
    1.670958095079E-01
    1.640073882122E-01
    1.574982294370E-01
    1.499324607443E-01
    1.421999344585E-01
    1.341791857636E-01
    1.247690408019E-01
    1.156060512745E-01
    1.067143117083E-01
    9.882090761940E-02
    9.290468800459E-02
    8.804763713750E-02
    8.529611498338E-02
    9.425773736688E-02
    9.472621221374E-02
    9.724865541544E-02
    1.018865971908E-01
    1.074206790993E-01
    1.152529077805E-01
    1.240525901986E-01
    1.321619303804E-01
    1.399198995511E-01
    1.476163309755E-01
    1.556405986817E-01
    1.614519280081E-01
    1.670958095079E-01
    1.721405280941E-01
    1.736468356171E-01
    1.738350042230E-01
    1.736468356171E-01
    1.721405280941E-01
    1.670958095079E-01
    1.614519280081E-01
    1.556405986817E-01
    1.476163309755E-01
    1.399198995511E-01
    1.321619303804E-01
    1.240525901986E-01
    1.152529077805E-01
    1.074206790993E-01
    1.018865971908E-01
    9.724865541544E-02
    9.472621221374E-02
    9.992431487794E-02
    1.011686287425E-01
    1.041764569121E-01
    1.087670167601E-01
    1.145634926991E-01
    1.211795178978E-01
    1.283562541073E-01
    1.359798691521E-01
    1.437581765093E-01
    1.515040539125E-01
    1.591339056318E-01
    1.645084175271E-01
    1.692762172018E-01
    1.736468356171E-01
    1.757710759674E-01
    1.764867937170E-01
    1.757710759674E-01
    1.736468356171E-01
    1.692762172018E-01
    1.645084175271E-01
    1.591339056318E-01
    1.515040539125E-01
    1.437581765093E-01
    1.359798691521E-01
    1.283562541073E-01
    1.211795178978E-01
    1.145634926991E-01
    1.087670167601E-01
    1.041764569121E-01
    1.011686287425E-01
    1.026391426234E-01
    1.040208528195E-01
    1.062845945945E-01
    1.095747752580E-01
    1.148777223706E-01
    1.211971681652E-01
    1.288511343606E-01
    1.376010281954E-01
    1.453742202322E-01
    1.519411564192E-01
    1.592976369779E-01
    1.664062978926E-01
    1.713755699532E-01
    1.738350042230E-01
    1.764867937170E-01
    1.785819210894E-01
    1.764867937170E-01
    1.738350042230E-01
    1.713755699532E-01
    1.664062978926E-01
    1.592976369779E-01
    1.519411564192E-01
    1.453742202322E-01
    1.376010281954E-01
    1.288511343606E-01
    1.211971681652E-01
    1.148777223706E-01
    1.095747752580E-01
    1.062845945945E-01
    1.040208528195E-01
    9.992431487794E-02
    1.011686287425E-01
    1.041764569121E-01
    1.087670167601E-01
    1.145634926991E-01
    1.211795178978E-01
    1.283562541073E-01
    1.359798691521E-01
    1.437581765093E-01
    1.515040539125E-01
    1.591339056318E-01
    1.645084175271E-01
    1.692762172018E-01
    1.736468356171E-01
    1.757710759674E-01
    1.764867937170E-01
    1.757710759674E-01
    1.736468356171E-01
    1.692762172018E-01
    1.645084175271E-01
    1.591339056318E-01
    1.515040539125E-01
    1.437581765093E-01
    1.359798691521E-01
    1.283562541073E-01
    1.211795178978E-01
    1.145634926991E-01
    1.087670167601E-01
    1.041764569121E-01
    1.011686287425E-01
    9.425773736688E-02
    9.472621221374E-02
    9.724865541544E-02
    1.018865971908E-01
    1.074206790993E-01
    1.152529077805E-01
    1.240525901986E-01
    1.321619303804E-01
    1.399198995511E-01
    1.476163309755E-01
    1.556405986817E-01
    1.614519280081E-01
    1.670958095079E-01
    1.721405280941E-01
    1.736468356171E-01
    1.738350042230E-01
    1.736468356171E-01
    1.721405280941E-01
    1.670958095079E-01
    1.614519280081E-01
    1.556405986817E-01
    1.476163309755E-01
    1.399198995511E-01
    1.321619303804E-01
    1.240525901986E-01
    1.152529077805E-01
    1.074206790993E-01
    1.018865971908E-01
    9.724865541544E-02
    9.472621221374E-02
    8.459213184981E-02
    8.529611498338E-02
    8.804763713750E-02
    9.290468800459E-02
    9.882090761940E-02
    1.067143117083E-01
    1.156060512745E-01
    1.247690408019E-01
    1.341791857636E-01
    1.421999344585E-01
    1.499324607443E-01
    1.574982294370E-01
    1.640073882122E-01
    1.670958095079E-01
    1.692762172018E-01
    1.713755699532E-01
    1.692762172018E-01
    1.670958095079E-01
    1.640073882122E-01
    1.574982294370E-01
    1.499324607443E-01
    1.421999344585E-01
    1.341791857636E-01
    1.247690408019E-01
    1.156060512745E-01
    1.067143117083E-01
    9.882090761940E-02
    9.290468800459E-02
    8.804763713750E-02
    8.529611498338E-02
    6.886471194662E-02
    7.050903309328E-02
    7.419025684024E-02
    7.987257337169E-02
    8.760658953119E-02
    9.624216937406E-02
    1.046619360821E-01
    1.137051886086E-01
    1.248133703559E-01
    1.355174303510E-01
    1.442820048837E-01
    1.514916888775E-01
    1.574982294370E-01
    1.614519280081E-01
    1.645084175271E-01
    1.664062978926E-01
    1.645084175271E-01
    1.614519280081E-01
    1.574982294370E-01
    1.514916888775E-01
    1.442820048837E-01
    1.355174303510E-01
    1.248133703559E-01
    1.137051886086E-01
    1.046619360821E-01
    9.624216937406E-02
    8.760658953119E-02
    7.987257337169E-02
    7.419025684024E-02
    7.050903309328E-02
    5.043847516117E-02
    5.209892203238E-02
    5.579506044351E-02
    6.161940750452E-02
    7.017360174925E-02
    8.087805422145E-02
    9.249652639476E-02
    1.035876569429E-01
    1.144153704002E-01
    1.247169192667E-01
    1.353062190779E-01
    1.442820048837E-01
    1.499324607443E-01
    1.556405986817E-01
    1.591339056318E-01
    1.592976369779E-01
    1.591339056318E-01
    1.556405986817E-01
    1.499324607443E-01
    1.442820048837E-01
    1.353062190779E-01
    1.247169192667E-01
    1.144153704002E-01
    1.035876569429E-01
    9.249652639476E-02
    8.087805422145E-02
    7.017360174925E-02
    6.161940750452E-02
    5.579506044351E-02
    5.209892203238E-02
    2.965814527178E-02
    3.112111842933E-02
    3.608399679558E-02
    4.412893124973E-02
    5.349134978848E-02
    6.412493228188E-02
    7.653857699707E-02
    9.006046989724E-02
    1.033115892268E-01
    1.141357016872E-01
    1.247169192667E-01
    1.355174303510E-01
    1.421999344585E-01
    1.476163309755E-01
    1.515040539125E-01
    1.519411564192E-01
    1.515040539125E-01
    1.476163309755E-01
    1.421999344585E-01
    1.355174303510E-01
    1.247169192667E-01
    1.141357016872E-01
    1.033115892268E-01
    9.006046989724E-02
    7.653857699707E-02
    6.412493228188E-02
    5.349134978848E-02
    4.412893124973E-02
    3.608399679558E-02
    3.112111842933E-02
    2.871837672029E-03
    4.435520362447E-03
    1.035505909821E-02
    2.002255412688E-02
    3.185725513183E-02
    4.477561357519E-02
    5.843528949291E-02
    7.316565073658E-02
    8.869505281890E-02
    1.033115892268E-01
    1.144153704002E-01
    1.248133703559E-01
    1.341791857636E-01
    1.399198995511E-01
    1.437581765093E-01
    1.453742202322E-01
    1.437581765093E-01
    1.399198995511E-01
    1.341791857636E-01
    1.248133703559E-01
    1.144153704002E-01
    1.033115892268E-01
    8.869505281890E-02
    7.316565073658E-02
    5.843528949291E-02
    4.477561357519E-02
    3.185725513183E-02
    2.002255412688E-02
    1.035505909821E-02
    4.435520362447E-03
   -2.604101930737E-02
   -2.384984755043E-02
   -1.733216484458E-02
   -7.375847030612E-03
    7.066623004289E-03
    2.375598751479E-02
    4.117853876055E-02
    5.813630898246E-02
    7.316565073658E-02
    9.006046989724E-02
    1.035876569429E-01
    1.137051886086E-01
    1.247690408019E-01
    1.321619303804E-01
    1.359798691521E-01
    1.376010281954E-01
    1.359798691521E-01
    1.321619303804E-01
    1.247690408019E-01
    1.137051886086E-01
    1.035876569429E-01
    9.006046989724E-02
    7.316565073658E-02
    5.813630898246E-02
    4.117853876055E-02
    2.375598751479E-02
    7.066623004289E-03
   -7.375847030612E-03
   -1.733216484458E-02
   -2.384984755043E-02
   -5.340861341676E-02
   -5.077521822520E-02
   -4.342361764880E-02
   -3.278054522399E-02
   -1.753598404614E-02
   -1.124883382825E-04
    1.995874456492E-02
    4.117853876055E-02
    5.843528949291E-02
    7.653857699707E-02
    9.249652639476E-02
    1.046619360821E-01
    1.156060512745E-01
    1.240525901986E-01
    1.283562541073E-01
    1.288511343606E-01
    1.283562541073E-01
    1.240525901986E-01
    1.156060512745E-01
    1.046619360821E-01
    9.249652639476E-02
    7.653857699707E-02
    5.843528949291E-02
    4.117853876055E-02
    1.995874456492E-02
   -1.124883382825E-04
   -1.753598404614E-02
   -3.278054522399E-02
   -4.342361764880E-02
   -5.077521822520E-02
   -8.451971288711E-02
   -8.144354409195E-02
   -7.184812498738E-02
   -5.779322210876E-02
   -4.036943613445E-02
   -2.178022333407E-02
   -1.124883382825E-04
    2.375598751479E-02
    4.477561357519E-02
    6.412493228188E-02
    8.087805422145E-02
    9.624216937406E-02
    1.067143117083E-01
    1.152529077805E-01
    1.211795178978E-01
    1.211971681652E-01
    1.211795178978E-01
    1.152529077805E-01
    1.067143117083E-01
    9.624216937406E-02
    8.087805422145E-02
    6.412493228188E-02
    4.477561357519E-02
    2.375598751479E-02
   -1.124883382825E-04
   -2.178022333407E-02
   -4.036943613445E-02
   -5.779322210876E-02
   -7.184812498738E-02
   -8.144354409195E-02
   -1.162811398709E-01
   -1.129955342925E-01
   -1.017581646211E-01
   -8.395447926804E-02
   -6.227588568335E-02
   -4.036943613445E-02
   -1.753598404614E-02
    7.066623004289E-03
    3.185725513183E-02
    5.349134978848E-02
    7.017360174925E-02
    8.760658953119E-02
    9.882090761940E-02
    1.074206790993E-01
    1.145634926991E-01
    1.148777223706E-01
    1.145634926991E-01
    1.074206790993E-01
    9.882090761940E-02
    8.760658953119E-02
    7.017360174925E-02
    5.349134978848E-02
    3.185725513183E-02
    7.066623004289E-03
   -1.753598404614E-02
   -4.036943613445E-02
   -6.227588568335E-02
   -8.395447926804E-02
   -1.017581646211E-01
   -1.129955342925E-01
   -1.434314490618E-01
   -1.397535483681E-01
   -1.279820034297E-01
   -1.088719579903E-01
   -8.395447926804E-02
   -5.779322210876E-02
   -3.278054522399E-02
   -7.375847030612E-03
    2.002255412688E-02
    4.412893124973E-02
    6.161940750452E-02
    7.987257337169E-02
    9.290468800459E-02
    1.018865971908E-01
    1.087670167601E-01
    1.095747752580E-01
    1.087670167601E-01
    1.018865971908E-01
    9.290468800459E-02
    7.987257337169E-02
    6.161940750452E-02
    4.412893124973E-02
    2.002255412688E-02
   -7.375847030612E-03
   -3.278054522399E-02
   -5.779322210876E-02
   -8.395447926804E-02
   -1.088719579903E-01
   -1.279820034297E-01
   -1.397535483681E-01
   -1.641277602206E-01
   -1.598569834176E-01
   -1.474826215418E-01
   -1.279820034297E-01
   -1.017581646211E-01
   -7.184812498738E-02
   -4.342361764880E-02
   -1.733216484458E-02
    1.035505909821E-02
    3.608399679558E-02
    5.579506044351E-02
    7.419025684024E-02
    8.804763713750E-02
    9.724865541544E-02
    1.041764569121E-01
    1.062845945945E-01
    1.041764569121E-01
    9.724865541544E-02
    8.804763713750E-02
    7.419025684024E-02
    5.579506044351E-02
    3.608399679558E-02
    1.035505909821E-02
   -1.733216484458E-02
   -4.342361764880E-02
   -7.184812498738E-02
   -1.017581646211E-01
   -1.279820034297E-01
   -1.474826215418E-01
   -1.598569834176E-01
   -1.759771512282E-01
   -1.719369755643E-01
   -1.598569834176E-01
   -1.397535483681E-01
   -1.129955342925E-01
   -8.144354409195E-02
   -5.077521822520E-02
   -2.384984755043E-02
    4.435520362447E-03
    3.112111842933E-02
    5.209892203238E-02
    7.050903309328E-02
    8.529611498338E-02
    9.472621221374E-02
    1.011686287425E-01
    1.040208528195E-01
    1.011686287425E-01
    9.472621221374E-02
    8.529611498338E-02
    7.050903309328E-02
    5.209892203238E-02
    3.112111842933E-02
    4.435520362447E-03
   -2.384984755043E-02
   -5.077521822520E-02
   -8.144354409195E-02
   -1.129955342925E-01
   -1.397535483681E-01
   -1.598569834176E-01
   -1.719369755643E-01
   -2.761670521049E-01
   -2.670070052562E-01
   -2.445800511849E-01
   -2.130267435241E-01
   -1.793388176842E-01
   -1.435766010049E-01
   -1.017893444884E-01
   -6.141159550213E-02
   -2.762209849723E-02
    2.871837672029E-03
    3.116134669746E-02
    5.075714532556E-02
    6.833095713135E-02
    8.102924477118E-02
    8.739396430493E-02
    9.167229549037E-02
    8.739396430493E-02
    8.102924477118E-02
    6.833095713135E-02
    5.075714532556E-02
    3.116134669746E-02
    2.871837672029E-03
   -2.762209849723E-02
   -6.141159550213E-02
   -1.017893444884E-01
   -1.435766010049E-01
   -1.793388176842E-01
   -2.130267435241E-01
   -2.445800511849E-01
   -2.670070052562E-01
   -2.670070052562E-01
   -2.584258188548E-01
   -2.373931513980E-01
   -2.076706963870E-01
   -1.750372981168E-01
   -1.397437599506E-01
   -9.812492829863E-02
   -5.813191820687E-02
   -2.565831876582E-02
    4.435520362447E-03
    3.255497422745E-02
    5.209798009806E-02
    7.010155655789E-02
    8.262541888737E-02
    8.809611172440E-02
    9.169743470728E-02
    8.809611172440E-02
    8.262541888737E-02
    7.010155655789E-02
    5.209798009806E-02
    3.255497422745E-02
    4.435520362447E-03
   -2.565831876582E-02
   -5.813191820687E-02
   -9.812492829863E-02
   -1.397437599506E-01
   -1.750372981168E-01
   -2.076706963870E-01
   -2.373931513980E-01
   -2.584258188548E-01
   -2.445800511849E-01
   -2.373931513980E-01
   -2.190981733374E-01
   -1.928883188932E-01
   -1.625416598806E-01
   -1.279816578492E-01
   -8.743684091446E-02
   -4.991040417208E-02
   -1.976801079187E-02
    1.035505909821E-02
    3.741694549094E-02
    5.591111161599E-02
    7.331915008535E-02
    8.553580826347E-02
    9.138393436909E-02
    9.471374552681E-02
    9.138393436909E-02
    8.553580826347E-02
    7.331915008535E-02
    5.591111161599E-02
    3.741694549094E-02
    1.035505909821E-02
   -1.976801079187E-02
   -4.991040417208E-02
   -8.743684091446E-02
   -1.279816578492E-01
   -1.625416598806E-01
   -1.928883188932E-01
   -2.190981733374E-01
   -2.373931513980E-01
   -2.130267435241E-01
   -2.076706963870E-01
   -1.928883188932E-01
   -1.708136792201E-01
   -1.428693335686E-01
   -1.086450581712E-01
   -7.108483144658E-02
   -3.855664725973E-02
   -9.702363828493E-03
    2.002255412688E-02
    4.411396869643E-02
    6.253880548848E-02
    7.935169379931E-02
    9.041813132507E-02
    9.629883207494E-02
    9.882573033869E-02
    9.629883207494E-02
    9.041813132507E-02
    7.935169379931E-02
    6.253880548848E-02
    4.411396869643E-02
    2.002255412688E-02
   -9.702363828493E-03
   -3.855664725973E-02
   -7.108483144658E-02
   -1.086450581712E-01
   -1.428693335686E-01
   -1.708136792201E-01
   -1.928883188932E-01
   -2.076706963870E-01
   -1.793388176842E-01
   -1.750372981168E-01
   -1.625416598806E-01
   -1.428693335686E-01
   -1.159360888675E-01
   -8.326469450655E-02
   -5.093395405984E-02
   -2.300813086690E-02
    5.130578252538E-03
    3.185725513183E-02
    5.205573223681E-02
    7.118216749560E-02
    8.691033816453E-02
    9.667511292784E-02
    1.027343541507E-01
    1.044296253163E-01
    1.027343541507E-01
    9.667511292784E-02
    8.691033816453E-02
    7.118216749560E-02
    5.205573223681E-02
    3.185725513183E-02
    5.130578252538E-03
   -2.300813086690E-02
   -5.093395405984E-02
   -8.326469450655E-02
   -1.159360888675E-01
   -1.428693335686E-01
   -1.625416598806E-01
   -1.750372981168E-01
   -1.435766010049E-01
   -1.397437599506E-01
   -1.279816578492E-01
   -1.086450581712E-01
   -8.326469450655E-02
   -5.625827206108E-02
   -3.040784617294E-02
   -4.709064432056E-03
    2.172007899194E-02
    4.477561357519E-02
    6.367600289923E-02
    8.223209638975E-02
    9.472516229436E-02
    1.035311478602E-01
    1.105377200881E-01
    1.120675240646E-01
    1.105377200881E-01
    1.035311478602E-01
    9.472516229436E-02
    8.223209638975E-02
    6.367600289923E-02
    4.477561357519E-02
    2.172007899194E-02
   -4.709064432056E-03
   -3.040784617294E-02
   -5.625827206108E-02
   -8.326469450655E-02
   -1.086450581712E-01
   -1.279816578492E-01
   -1.397437599506E-01
   -1.017893444884E-01
   -9.812492829863E-02
   -8.743684091446E-02
   -7.108483144658E-02
   -5.093395405984E-02
   -3.040784617294E-02
   -8.170893783286E-03
    1.643695950761E-02
    3.896707398263E-02
    5.843528949291E-02
    7.666547704322E-02
    9.348607754197E-02
    1.042092940932E-01
    1.127369390249E-01
    1.183522826079E-01
    1.185602141519E-01
    1.183522826079E-01
    1.127369390249E-01
    1.042092940932E-01
    9.348607754197E-02
    7.666547704322E-02
    5.843528949291E-02
    3.896707398263E-02
    1.643695950761E-02
   -8.170893783286E-03
   -3.040784617294E-02
   -5.093395405984E-02
   -7.108483144658E-02
   -8.743684091446E-02
   -9.812492829863E-02
   -6.141159550213E-02
   -5.813191820687E-02
   -4.991040417208E-02
   -3.855664725973E-02
   -2.300813086690E-02
   -4.709064432056E-03
    1.643695950761E-02
    3.780985253533E-02
    5.569508543428E-02
    7.316565073658E-02
    8.986586800451E-02
    1.042582811446E-01
    1.140082040337E-01
    1.219769632463E-01
    1.271112885803E-01
    1.273599100125E-01
    1.271112885803E-01
    1.219769632463E-01
    1.140082040337E-01
    1.042582811446E-01
    8.986586800451E-02
    7.316565073658E-02
    5.569508543428E-02
    3.780985253533E-02
    1.643695950761E-02
   -4.709064432056E-03
   -2.300813086690E-02
   -3.855664725973E-02
   -4.991040417208E-02
   -5.813191820687E-02
   -2.762209849723E-02
   -2.565831876582E-02
   -1.976801079187E-02
   -9.702363828493E-03
    5.130578252538E-03
    2.172007899194E-02
    3.896707398263E-02
    5.569508543428E-02
    7.167641221289E-02
    8.869505281890E-02
    1.029150422582E-01
    1.151309105486E-01
    1.243398350759E-01
    1.308245119107E-01
    1.358248963495E-01
    1.371396419622E-01
    1.358248963495E-01
    1.308245119107E-01
    1.243398350759E-01
    1.151309105486E-01
    1.029150422582E-01
    8.869505281890E-02
    7.167641221289E-02
    5.569508543428E-02
    3.896707398263E-02
    2.172007899194E-02
    5.130578252538E-03
   -9.702363828493E-03
   -1.976801079187E-02
   -2.565831876582E-02
    2.871837672029E-03
    4.435520362447E-03
    1.035505909821E-02
    2.002255412688E-02
    3.185725513183E-02
    4.477561357519E-02
    5.843528949291E-02
    7.316565073658E-02
    8.869505281890E-02
    1.033115892268E-01
    1.144153704002E-01
    1.248133703559E-01
    1.341791857636E-01
    1.399198995511E-01
    1.437581765093E-01
    1.453742202322E-01
    1.437581765093E-01
    1.399198995511E-01
    1.341791857636E-01
    1.248133703559E-01
    1.144153704002E-01
    1.033115892268E-01
    8.869505281890E-02
    7.316565073658E-02
    5.843528949291E-02
    4.477561357519E-02
    3.185725513183E-02
    2.002255412688E-02
    1.035505909821E-02
    4.435520362447E-03
    3.116134669746E-02
    3.255497422745E-02
    3.741694549094E-02
    4.411396869643E-02
    5.205573223681E-02
    6.367600289923E-02
    7.666547704322E-02
    8.986586800451E-02
    1.029150422582E-01
    1.144153704002E-01
    1.254831972645E-01
    1.349939681303E-01
    1.430693103533E-01
    1.484285133770E-01
    1.512029465598E-01
    1.526813176409E-01
    1.512029465598E-01
    1.484285133770E-01
    1.430693103533E-01
    1.349939681303E-01
    1.254831972645E-01
    1.144153704002E-01
    1.029150422582E-01
    8.986586800451E-02
    7.666547704322E-02
    6.367600289923E-02
    5.205573223681E-02
    4.411396869643E-02
    3.741694549094E-02
    3.255497422745E-02
    5.075714532556E-02
    5.209798009806E-02
    5.591111161599E-02
    6.253880548848E-02
    7.118216749560E-02
    8.223209638975E-02
    9.348607754197E-02
    1.042582811446E-01
    1.151309105486E-01
    1.248133703559E-01
    1.349939681303E-01
    1.424261481752E-01
    1.494620739788E-01
    1.557372120798E-01
    1.582091350416E-01
    1.593002465677E-01
    1.582091350416E-01
    1.557372120798E-01
    1.494620739788E-01
    1.424261481752E-01
    1.349939681303E-01
    1.248133703559E-01
    1.151309105486E-01
    1.042582811446E-01
    9.348607754197E-02
    8.223209638975E-02
    7.118216749560E-02
    6.253880548848E-02
    5.591111161599E-02
    5.209798009806E-02
    6.833095713135E-02
    7.010155655789E-02
    7.331915008535E-02
    7.935169379931E-02
    8.691033816453E-02
    9.472516229436E-02
    1.042092940932E-01
    1.140082040337E-01
    1.243398350759E-01
    1.341791857636E-01
    1.430693103533E-01
    1.494620739788E-01
    1.559389844054E-01
    1.612063375641E-01
    1.634493726695E-01
    1.647350988424E-01
    1.634493726695E-01
    1.612063375641E-01
    1.559389844054E-01
    1.494620739788E-01
    1.430693103533E-01
    1.341791857636E-01
    1.243398350759E-01
    1.140082040337E-01
    1.042092940932E-01
    9.472516229436E-02
    8.691033816453E-02
    7.935169379931E-02
    7.331915008535E-02
    7.010155655789E-02
    8.102924477118E-02
    8.262541888737E-02
    8.553580826347E-02
    9.041813132507E-02
    9.667511292784E-02
    1.035311478602E-01
    1.127369390249E-01
    1.219769632463E-01
    1.308245119107E-01
    1.399198995511E-01
    1.484285133770E-01
    1.557372120798E-01
    1.612063375641E-01
    1.643178591734E-01
    1.674195786080E-01
    1.696295838767E-01
    1.674195786080E-01
    1.643178591734E-01
    1.612063375641E-01
    1.557372120798E-01
    1.484285133770E-01
    1.399198995511E-01
    1.308245119107E-01
    1.219769632463E-01
    1.127369390249E-01
    1.035311478602E-01
    9.667511292784E-02
    9.041813132507E-02
    8.553580826347E-02
    8.262541888737E-02
    8.739396430493E-02
    8.809611172440E-02
    9.138393436909E-02
    9.629883207494E-02
    1.027343541507E-01
    1.105377200881E-01
    1.183522826079E-01
    1.271112885803E-01
    1.358248963495E-01
    1.437581765093E-01
    1.512029465598E-01
    1.582091350416E-01
    1.634493726695E-01
    1.674195786080E-01
    1.704534744402E-01
    1.713348013450E-01
    1.704534744402E-01
    1.674195786080E-01
    1.634493726695E-01
    1.582091350416E-01
    1.512029465598E-01
    1.437581765093E-01
    1.358248963495E-01
    1.271112885803E-01
    1.183522826079E-01
    1.105377200881E-01
    1.027343541507E-01
    9.629883207494E-02
    9.138393436909E-02
    8.809611172440E-02
    9.167229549037E-02
    9.169743470728E-02
    9.471374552681E-02
    9.882573033869E-02
    1.044296253163E-01
    1.120675240646E-01
    1.185602141519E-01
    1.273599100125E-01
    1.371396419622E-01
    1.453742202322E-01
    1.526813176409E-01
    1.593002465677E-01
    1.647350988424E-01
    1.696295838767E-01
    1.713348013450E-01
    1.703518854619E-01
    1.713348013450E-01
    1.696295838767E-01
    1.647350988424E-01
    1.593002465677E-01
    1.526813176409E-01
    1.453742202322E-01
    1.371396419622E-01
    1.273599100125E-01
    1.185602141519E-01
    1.120675240646E-01
    1.044296253163E-01
    9.882573033869E-02
    9.471374552681E-02
    9.169743470728E-02
    8.739396430493E-02
    8.809611172440E-02
    9.138393436909E-02
    9.629883207494E-02
    1.027343541507E-01
    1.105377200881E-01
    1.183522826079E-01
    1.271112885803E-01
    1.358248963495E-01
    1.437581765093E-01
    1.512029465598E-01
    1.582091350416E-01
    1.634493726695E-01
    1.674195786080E-01
    1.704534744402E-01
    1.713348013450E-01
    1.704534744402E-01
    1.674195786080E-01
    1.634493726695E-01
    1.582091350416E-01
    1.512029465598E-01
    1.437581765093E-01
    1.358248963495E-01
    1.271112885803E-01
    1.183522826079E-01
    1.105377200881E-01
    1.027343541507E-01
    9.629883207494E-02
    9.138393436909E-02
    8.809611172440E-02
    8.102924477118E-02
    8.262541888737E-02
    8.553580826347E-02
    9.041813132507E-02
    9.667511292784E-02
    1.035311478602E-01
    1.127369390249E-01
    1.219769632463E-01
    1.308245119107E-01
    1.399198995511E-01
    1.484285133770E-01
    1.557372120798E-01
    1.612063375641E-01
    1.643178591734E-01
    1.674195786080E-01
    1.696295838767E-01
    1.674195786080E-01
    1.643178591734E-01
    1.612063375641E-01
    1.557372120798E-01
    1.484285133770E-01
    1.399198995511E-01
    1.308245119107E-01
    1.219769632463E-01
    1.127369390249E-01
    1.035311478602E-01
    9.667511292784E-02
    9.041813132507E-02
    8.553580826347E-02
    8.262541888737E-02
    6.833095713135E-02
    7.010155655789E-02
    7.331915008535E-02
    7.935169379931E-02
    8.691033816453E-02
    9.472516229436E-02
    1.042092940932E-01
    1.140082040337E-01
    1.243398350759E-01
    1.341791857636E-01
    1.430693103533E-01
    1.494620739788E-01
    1.559389844054E-01
    1.612063375641E-01
    1.634493726695E-01
    1.647350988424E-01
    1.634493726695E-01
    1.612063375641E-01
    1.559389844054E-01
    1.494620739788E-01
    1.430693103533E-01
    1.341791857636E-01
    1.243398350759E-01
    1.140082040337E-01
    1.042092940932E-01
    9.472516229436E-02
    8.691033816453E-02
    7.935169379931E-02
    7.331915008535E-02
    7.010155655789E-02
    5.075714532556E-02
    5.209798009806E-02
    5.591111161599E-02
    6.253880548848E-02
    7.118216749560E-02
    8.223209638975E-02
    9.348607754197E-02
    1.042582811446E-01
    1.151309105486E-01
    1.248133703559E-01
    1.349939681303E-01
    1.424261481752E-01
    1.494620739788E-01
    1.557372120798E-01
    1.582091350416E-01
    1.593002465677E-01
    1.582091350416E-01
    1.557372120798E-01
    1.494620739788E-01
    1.424261481752E-01
    1.349939681303E-01
    1.248133703559E-01
    1.151309105486E-01
    1.042582811446E-01
    9.348607754197E-02
    8.223209638975E-02
    7.118216749560E-02
    6.253880548848E-02
    5.591111161599E-02
    5.209798009806E-02
    3.116134669746E-02
    3.255497422745E-02
    3.741694549094E-02
    4.411396869643E-02
    5.205573223681E-02
    6.367600289923E-02
    7.666547704322E-02
    8.986586800451E-02
    1.029150422582E-01
    1.144153704002E-01
    1.254831972645E-01
    1.349939681303E-01
    1.430693103533E-01
    1.484285133770E-01
    1.512029465598E-01
    1.526813176409E-01
    1.512029465598E-01
    1.484285133770E-01
    1.430693103533E-01
    1.349939681303E-01
    1.254831972645E-01
    1.144153704002E-01
    1.029150422582E-01
    8.986586800451E-02
    7.666547704322E-02
    6.367600289923E-02
    5.205573223681E-02
    4.411396869643E-02
    3.741694549094E-02
    3.255497422745E-02
    2.871837672029E-03
    4.435520362447E-03
    1.035505909821E-02
    2.002255412688E-02
    3.185725513183E-02
    4.477561357519E-02
    5.843528949291E-02
    7.316565073658E-02
    8.869505281890E-02
    1.033115892268E-01
    1.144153704002E-01
    1.248133703559E-01
    1.341791857636E-01
    1.399198995511E-01
    1.437581765093E-01
    1.453742202322E-01
    1.437581765093E-01
    1.399198995511E-01
    1.341791857636E-01
    1.248133703559E-01
    1.144153704002E-01
    1.033115892268E-01
    8.869505281890E-02
    7.316565073658E-02
    5.843528949291E-02
    4.477561357519E-02
    3.185725513183E-02
    2.002255412688E-02
    1.035505909821E-02
    4.435520362447E-03
   -2.762209849723E-02
   -2.565831876582E-02
   -1.976801079187E-02
   -9.702363828493E-03
    5.130578252538E-03
    2.172007899194E-02
    3.896707398263E-02
    5.569508543428E-02
    7.167641221289E-02
    8.869505281890E-02
    1.029150422582E-01
    1.151309105486E-01
    1.243398350759E-01
    1.308245119107E-01
    1.358248963495E-01
    1.371396419622E-01
    1.358248963495E-01
    1.308245119107E-01
    1.243398350759E-01
    1.151309105486E-01
    1.029150422582E-01
    8.869505281890E-02
    7.167641221289E-02
    5.569508543428E-02
    3.896707398263E-02
    2.172007899194E-02
    5.130578252538E-03
   -9.702363828493E-03
   -1.976801079187E-02
   -2.565831876582E-02
   -6.141159550213E-02
   -5.813191820687E-02
   -4.991040417208E-02
   -3.855664725973E-02
   -2.300813086690E-02
   -4.709064432056E-03
    1.643695950761E-02
    3.780985253533E-02
    5.569508543428E-02
    7.316565073658E-02
    8.986586800451E-02
    1.042582811446E-01
    1.140082040337E-01
    1.219769632463E-01
    1.271112885803E-01
    1.273599100125E-01
    1.271112885803E-01
    1.219769632463E-01
    1.140082040337E-01
    1.042582811446E-01
    8.986586800451E-02
    7.316565073658E-02
    5.569508543428E-02
    3.780985253533E-02
    1.643695950761E-02
   -4.709064432056E-03
   -2.300813086690E-02
   -3.855664725973E-02
   -4.991040417208E-02
   -5.813191820687E-02
   -1.017893444884E-01
   -9.812492829863E-02
   -8.743684091446E-02
   -7.108483144658E-02
   -5.093395405984E-02
   -3.040784617294E-02
   -8.170893783286E-03
    1.643695950761E-02
    3.896707398263E-02
    5.843528949291E-02
    7.666547704322E-02
    9.348607754197E-02
    1.042092940932E-01
    1.127369390249E-01
    1.183522826079E-01
    1.185602141519E-01
    1.183522826079E-01
    1.127369390249E-01
    1.042092940932E-01
    9.348607754197E-02
    7.666547704322E-02
    5.843528949291E-02
    3.896707398263E-02
    1.643695950761E-02
   -8.170893783286E-03
   -3.040784617294E-02
   -5.093395405984E-02
   -7.108483144658E-02
   -8.743684091446E-02
   -9.812492829863E-02
   -1.435766010049E-01
   -1.397437599506E-01
   -1.279816578492E-01
   -1.086450581712E-01
   -8.326469450655E-02
   -5.625827206108E-02
   -3.040784617294E-02
   -4.709064432056E-03
    2.172007899194E-02
    4.477561357519E-02
    6.367600289923E-02
    8.223209638975E-02
    9.472516229436E-02
    1.035311478602E-01
    1.105377200881E-01
    1.120675240646E-01
    1.105377200881E-01
    1.035311478602E-01
    9.472516229436E-02
    8.223209638975E-02
    6.367600289923E-02
    4.477561357519E-02
    2.172007899194E-02
   -4.709064432056E-03
   -3.040784617294E-02
   -5.625827206108E-02
   -8.326469450655E-02
   -1.086450581712E-01
   -1.279816578492E-01
   -1.397437599506E-01
   -1.793388176842E-01
   -1.750372981168E-01
   -1.625416598806E-01
   -1.428693335686E-01
   -1.159360888675E-01
   -8.326469450655E-02
   -5.093395405984E-02
   -2.300813086690E-02
    5.130578252538E-03
    3.185725513183E-02
    5.205573223681E-02
    7.118216749560E-02
    8.691033816453E-02
    9.667511292784E-02
    1.027343541507E-01
    1.044296253163E-01
    1.027343541507E-01
    9.667511292784E-02
    8.691033816453E-02
    7.118216749560E-02
    5.205573223681E-02
    3.185725513183E-02
    5.130578252538E-03
   -2.300813086690E-02
   -5.093395405984E-02
   -8.326469450655E-02
   -1.159360888675E-01
   -1.428693335686E-01
   -1.625416598806E-01
   -1.750372981168E-01
   -2.130267435241E-01
   -2.076706963870E-01
   -1.928883188932E-01
   -1.708136792201E-01
   -1.428693335686E-01
   -1.086450581712E-01
   -7.108483144658E-02
   -3.855664725973E-02
   -9.702363828493E-03
    2.002255412688E-02
    4.411396869643E-02
    6.253880548848E-02
    7.935169379931E-02
    9.041813132507E-02
    9.629883207494E-02
    9.882573033869E-02
    9.629883207494E-02
    9.041813132507E-02
    7.935169379931E-02
    6.253880548848E-02
    4.411396869643E-02
    2.002255412688E-02
   -9.702363828493E-03
   -3.855664725973E-02
   -7.108483144658E-02
   -1.086450581712E-01
   -1.428693335686E-01
   -1.708136792201E-01
   -1.928883188932E-01
   -2.076706963870E-01
   -2.445800511849E-01
   -2.373931513980E-01
   -2.190981733374E-01
   -1.928883188932E-01
   -1.625416598806E-01
   -1.279816578492E-01
   -8.743684091446E-02
   -4.991040417208E-02
   -1.976801079187E-02
    1.035505909821E-02
    3.741694549094E-02
    5.591111161599E-02
    7.331915008535E-02
    8.553580826347E-02
    9.138393436909E-02
    9.471374552681E-02
    9.138393436909E-02
    8.553580826347E-02
    7.331915008535E-02
    5.591111161599E-02
    3.741694549094E-02
    1.035505909821E-02
   -1.976801079187E-02
   -4.991040417208E-02
   -8.743684091446E-02
   -1.279816578492E-01
   -1.625416598806E-01
   -1.928883188932E-01
   -2.190981733374E-01
   -2.373931513980E-01
   -2.670070052562E-01
   -2.584258188548E-01
   -2.373931513980E-01
   -2.076706963870E-01
   -1.750372981168E-01
   -1.397437599506E-01
   -9.812492829863E-02
   -5.813191820687E-02
   -2.565831876582E-02
    4.435520362447E-03
    3.255497422745E-02
    5.209798009806E-02
    7.010155655789E-02
    8.262541888737E-02
    8.809611172440E-02
    9.169743470728E-02
    8.809611172440E-02
    8.262541888737E-02
    7.010155655789E-02
    5.209798009806E-02
    3.255497422745E-02
    4.435520362447E-03
   -2.565831876582E-02
   -5.813191820687E-02
   -9.812492829863E-02
   -1.397437599506E-01
   -1.750372981168E-01
   -2.076706963870E-01
   -2.373931513980E-01
   -2.584258188548E-01
   -3.733948570789E-01
   -3.706535603679E-01
   -3.580079939586E-01
   -3.214747491254E-01
   -2.636113854877E-01
   -2.046485676255E-01
   -1.562177296859E-01
   -1.086813332935E-01
   -6.141159550213E-02
   -2.604101930737E-02
    7.354908037367E-03
    3.398329208205E-02
    5.143555432243E-02
    6.625937637434E-02
    7.540718315739E-02
    7.901614721323E-02
    7.540718315739E-02
    6.625937637434E-02
    5.143555432243E-02
    3.398329208205E-02
    7.354908037367E-03
   -2.604101930737E-02
   -6.141159550213E-02
   -1.086813332935E-01
   -1.562177296859E-01
   -2.046485676255E-01
   -2.636113854877E-01
   -3.214747491254E-01
   -3.580079939586E-01
   -3.706535603679E-01
   -3.706535603679E-01
   -3.667969220942E-01
   -3.515005952537E-01
   -3.130216951078E-01
   -2.552577198883E-01
   -1.990747212074E-01
   -1.529734913514E-01
   -1.049277841512E-01
   -5.813191820687E-02
   -2.384984755043E-02
    8.629299200178E-03
    3.491139381265E-02
    5.398978843756E-02
    6.860547374282E-02
    7.567592933053E-02
    7.851722927921E-02
    7.567592933053E-02
    6.860547374282E-02
    5.398978843756E-02
    3.491139381265E-02
    8.629299200178E-03
   -2.384984755043E-02
   -5.813191820687E-02
   -1.049277841512E-01
   -1.529734913514E-01
   -1.990747212074E-01
   -2.552577198883E-01
   -3.130216951078E-01
   -3.515005952537E-01
   -3.667969220942E-01
   -3.580079939586E-01
   -3.515005952537E-01
   -3.295075504358E-01
   -2.873567196770E-01
   -2.334816979848E-01
   -1.846209023157E-01
   -1.414646900305E-01
   -9.325012718737E-02
   -4.991040417208E-02
   -1.733216484458E-02
    1.479084341591E-02
    3.877418618292E-02
    5.729359306127E-02
    7.135122229033E-02
    7.881054860185E-02
    8.292349256304E-02
    7.881054860185E-02
    7.135122229033E-02
    5.729359306127E-02
    3.877418618292E-02
    1.479084341591E-02
   -1.733216484458E-02
   -4.991040417208E-02
   -9.325012718737E-02
   -1.414646900305E-01
   -1.846209023157E-01
   -2.334816979848E-01
   -2.873567196770E-01
   -3.295075504358E-01
   -3.515005952537E-01
   -3.214747491254E-01
   -3.130216951078E-01
   -2.873567196770E-01
   -2.474286043962E-01
   -2.039418577929E-01
   -1.634016558649E-01
   -1.213471293935E-01
   -7.594533759331E-02
   -3.855664725973E-02
   -7.375847030612E-03
    2.433733700244E-02
    4.619934319049E-02
    6.351710184199E-02
    7.640683726806E-02
    8.356594692321E-02
    8.809523323199E-02
    8.356594692321E-02
    7.640683726806E-02
    6.351710184199E-02
    4.619934319049E-02
    2.433733700244E-02
   -7.375847030612E-03
   -3.855664725973E-02
   -7.594533759331E-02
   -1.213471293935E-01
   -1.634016558649E-01
   -2.039418577929E-01
   -2.474286043962E-01
   -2.873567196770E-01
   -3.130216951078E-01
   -2.636113854877E-01
   -2.552577198883E-01
   -2.334816979848E-01
   -2.039418577929E-01
   -1.720072461656E-01
   -1.363272382706E-01
   -9.564899407192E-02
   -5.602292958161E-02
   -2.300813086690E-02
    7.066623004289E-03
    3.521998432279E-02
    5.481319512730E-02
    7.231942452256E-02
    8.461511847392E-02
    9.024523459946E-02
    9.377538107919E-02
    9.024523459946E-02
    8.461511847392E-02
    7.231942452256E-02
    5.481319512730E-02
    3.521998432279E-02
    7.066623004289E-03
   -2.300813086690E-02
   -5.602292958161E-02
   -9.564899407192E-02
   -1.363272382706E-01
   -1.720072461656E-01
   -2.039418577929E-01
   -2.334816979848E-01
   -2.552577198883E-01
   -2.046485676255E-01
   -1.990747212074E-01
   -1.846209023157E-01
   -1.634016558649E-01
   -1.363272382706E-01
   -1.019359855298E-01
   -6.572795429121E-02
   -3.432744639353E-02
   -4.709064432056E-03
    2.375598751479E-02
    4.789827480731E-02
    6.568961818127E-02
    8.137653986780E-02
    9.234831756790E-02
    9.887317975971E-02
    1.027688740883E-01
    9.887317975971E-02
    9.234831756790E-02
    8.137653986780E-02
    6.568961818127E-02
    4.789827480731E-02
    2.375598751479E-02
   -4.709064432056E-03
   -3.432744639353E-02
   -6.572795429121E-02
   -1.019359855298E-01
   -1.363272382706E-01
   -1.634016558649E-01
   -1.846209023157E-01
   -1.990747212074E-01
   -1.562177296859E-01
   -1.529734913514E-01
   -1.414646900305E-01
   -1.213471293935E-01
   -9.564899407192E-02
   -6.572795429121E-02
   -3.757548935735E-02
   -1.192793108825E-02
    1.643695950761E-02
    4.117853876055E-02
    6.052626041996E-02
    7.804145515728E-02
    9.224463034349E-02
    1.020730559495E-01
    1.082439365301E-01
    1.106744095108E-01
    1.082439365301E-01
    1.020730559495E-01
    9.224463034349E-02
    7.804145515728E-02
    6.052626041996E-02
    4.117853876055E-02
    1.643695950761E-02
   -1.192793108825E-02
   -3.757548935735E-02
   -6.572795429121E-02
   -9.564899407192E-02
   -1.213471293935E-01
   -1.414646900305E-01
   -1.529734913514E-01
   -1.086813332935E-01
   -1.049277841512E-01
   -9.325012718736E-02
   -7.594533759331E-02
   -5.602292958161E-02
   -3.432744639353E-02
   -1.192793108825E-02
    1.231452843454E-02
    3.780985253533E-02
    5.813630898246E-02
    7.498089046031E-02
    9.157751012885E-02
    1.026004913444E-01
    1.116166095629E-01
    1.181923190077E-01
    1.191950197461E-01
    1.181923190077E-01
    1.116166095629E-01
    1.026004913444E-01
    9.157751012885E-02
    7.498089046031E-02
    5.813630898247E-02
    3.780985253533E-02
    1.231452843454E-02
   -1.192793108825E-02
   -3.432744639353E-02
   -5.602292958161E-02
   -7.594533759331E-02
   -9.325012718736E-02
   -1.049277841512E-01
   -6.141159550213E-02
   -5.813191820687E-02
   -4.991040417208E-02
   -3.855664725973E-02
   -2.300813086690E-02
   -4.709064432056E-03
    1.643695950761E-02
    3.780985253533E-02
    5.569508543428E-02
    7.316565073658E-02
    8.986586800451E-02
    1.042582811446E-01
    1.140082040337E-01
    1.219769632463E-01
    1.271112885803E-01
    1.273599100125E-01
    1.271112885803E-01
    1.219769632463E-01
    1.140082040337E-01
    1.042582811446E-01
    8.986586800451E-02
    7.316565073658E-02
    5.569508543428E-02
    3.780985253533E-02
    1.643695950761E-02
   -4.709064432056E-03
   -2.300813086690E-02
   -3.855664725973E-02
   -4.991040417208E-02
   -5.813191820687E-02
   -2.604101930737E-02
   -2.384984755043E-02
   -1.733216484458E-02
   -7.375847030612E-03
    7.066623004289E-03
    2.375598751479E-02
    4.117853876055E-02
    5.813630898247E-02
    7.316565073658E-02
    9.006046989724E-02
    1.035876569429E-01
    1.137051886086E-01
    1.247690408019E-01
    1.321619303804E-01
    1.359798691521E-01
    1.376010281954E-01
    1.359798691521E-01
    1.321619303804E-01
    1.247690408019E-01
    1.137051886086E-01
    1.035876569429E-01
    9.006046989724E-02
    7.316565073658E-02
    5.813630898247E-02
    4.117853876055E-02
    2.375598751479E-02
    7.066623004289E-03
   -7.375847030612E-03
   -1.733216484458E-02
   -2.384984755043E-02
    7.354908037367E-03
    8.629299200178E-03
    1.479084341591E-02
    2.433733700244E-02
    3.521998432279E-02
    4.789827480731E-02
    6.052626041996E-02
    7.498089046031E-02
    8.986586800451E-02
    1.035876569429E-01
    1.160847661456E-01
    1.259505850524E-01
    1.349028199626E-01
    1.396063552613E-01
    1.432043620325E-01
    1.465639191913E-01
    1.432043620325E-01
    1.396063552613E-01
    1.349028199626E-01
    1.259505850524E-01
    1.160847661456E-01
    1.035876569429E-01
    8.986586800451E-02
    7.498089046031E-02
    6.052626041996E-02
    4.789827480731E-02
    3.521998432279E-02
    2.433733700244E-02
    1.479084341591E-02
    8.629299200179E-03
    3.398329208205E-02
    3.491139381265E-02
    3.877418618292E-02
    4.619934319049E-02
    5.481319512730E-02
    6.568961818127E-02
    7.804145515728E-02
    9.157751012885E-02
    1.042582811446E-01
    1.137051886086E-01
    1.259505850524E-01
    1.359119635476E-01
    1.425351485402E-01
    1.484321531249E-01
    1.512390929328E-01
    1.523528391685E-01
    1.512390929328E-01
    1.484321531249E-01
    1.425351485402E-01
    1.359119635476E-01
    1.259505850524E-01
    1.137051886086E-01
    1.042582811446E-01
    9.157751012885E-02
    7.804145515728E-02
    6.568961818127E-02
    5.481319512730E-02
    4.619934319049E-02
    3.877418618292E-02
    3.491139381265E-02
    5.143555432243E-02
    5.398978843756E-02
    5.729359306127E-02
    6.351710184199E-02
    7.231942452256E-02
    8.137653986780E-02
    9.224463034349E-02
    1.026004913444E-01
    1.140082040337E-01
    1.247690408019E-01
    1.349028199626E-01
    1.425351485402E-01
    1.485769847541E-01
    1.552986258132E-01
    1.576642928092E-01
    1.572819800018E-01
    1.576642928092E-01
    1.552986258132E-01
    1.485769847541E-01
    1.425351485402E-01
    1.349028199626E-01
    1.247690408019E-01
    1.140082040337E-01
    1.026004913444E-01
    9.224463034349E-02
    8.137653986780E-02
    7.231942452256E-02
    6.351710184199E-02
    5.729359306127E-02
    5.398978843756E-02
    6.625937637434E-02
    6.860547374282E-02
    7.135122229033E-02
    7.640683726806E-02
    8.461511847392E-02
    9.234831756790E-02
    1.020730559495E-01
    1.116166095629E-01
    1.219769632463E-01
    1.321619303804E-01
    1.396063552613E-01
    1.484321531249E-01
    1.552986258132E-01
    1.582923734020E-01
    1.613511970860E-01
    1.630770625176E-01
    1.613511970860E-01
    1.582923734020E-01
    1.552986258132E-01
    1.484321531249E-01
    1.396063552613E-01
    1.321619303804E-01
    1.219769632463E-01
    1.116166095629E-01
    1.020730559495E-01
    9.234831756790E-02
    8.461511847392E-02
    7.640683726806E-02
    7.135122229033E-02
    6.860547374282E-02
    7.540718315739E-02
    7.567592933053E-02
    7.881054860185E-02
    8.356594692321E-02
    9.024523459946E-02
    9.887317975971E-02
    1.082439365301E-01
    1.181923190077E-01
    1.271112885803E-01
    1.359798691521E-01
    1.432043620325E-01
    1.512390929328E-01
    1.576642928092E-01
    1.613511970860E-01
    1.647291590300E-01
    1.656697591402E-01
    1.647291590300E-01
    1.613511970860E-01
    1.576642928092E-01
    1.512390929328E-01
    1.432043620325E-01
    1.359798691521E-01
    1.271112885803E-01
    1.181923190077E-01
    1.082439365301E-01
    9.887317975971E-02
    9.024523459946E-02
    8.356594692321E-02
    7.881054860185E-02
    7.567592933053E-02
    7.901614721323E-02
    7.851722927921E-02
    8.292349256304E-02
    8.809523323199E-02
    9.377538107919E-02
    1.027688740883E-01
    1.106744095108E-01
    1.191950197461E-01
    1.273599100125E-01
    1.376010281954E-01
    1.465639191913E-01
    1.523528391685E-01
    1.572819800018E-01
    1.630770625176E-01
    1.656697591402E-01
    1.642992777565E-01
    1.656697591402E-01
    1.630770625176E-01
    1.572819800018E-01
    1.523528391685E-01
    1.465639191913E-01
    1.376010281954E-01
    1.273599100125E-01
    1.191950197461E-01
    1.106744095108E-01
    1.027688740883E-01
    9.377538107919E-02
    8.809523323199E-02
    8.292349256304E-02
    7.851722927921E-02
    7.540718315739E-02
    7.567592933053E-02
    7.881054860185E-02
    8.356594692321E-02
    9.024523459946E-02
    9.887317975971E-02
    1.082439365301E-01
    1.181923190077E-01
    1.271112885803E-01
    1.359798691521E-01
    1.432043620325E-01
    1.512390929328E-01
    1.576642928092E-01
    1.613511970860E-01
    1.647291590300E-01
    1.656697591402E-01
    1.647291590300E-01
    1.613511970860E-01
    1.576642928092E-01
    1.512390929328E-01
    1.432043620325E-01
    1.359798691521E-01
    1.271112885803E-01
    1.181923190077E-01
    1.082439365301E-01
    9.887317975971E-02
    9.024523459946E-02
    8.356594692321E-02
    7.881054860185E-02
    7.567592933053E-02
    6.625937637434E-02
    6.860547374282E-02
    7.135122229033E-02
    7.640683726806E-02
    8.461511847392E-02
    9.234831756790E-02
    1.020730559495E-01
    1.116166095629E-01
    1.219769632463E-01
    1.321619303804E-01
    1.396063552613E-01
    1.484321531249E-01
    1.552986258132E-01
    1.582923734020E-01
    1.613511970860E-01
    1.630770625176E-01
    1.613511970860E-01
    1.582923734020E-01
    1.552986258132E-01
    1.484321531249E-01
    1.396063552613E-01
    1.321619303804E-01
    1.219769632463E-01
    1.116166095629E-01
    1.020730559495E-01
    9.234831756790E-02
    8.461511847392E-02
    7.640683726806E-02
    7.135122229033E-02
    6.860547374282E-02
    5.143555432243E-02
    5.398978843756E-02
    5.729359306127E-02
    6.351710184199E-02
    7.231942452256E-02
    8.137653986780E-02
    9.224463034349E-02
    1.026004913444E-01
    1.140082040337E-01
    1.247690408019E-01
    1.349028199626E-01
    1.425351485402E-01
    1.485769847541E-01
    1.552986258132E-01
    1.576642928092E-01
    1.572819800018E-01
    1.576642928092E-01
    1.552986258132E-01
    1.485769847541E-01
    1.425351485402E-01
    1.349028199626E-01
    1.247690408019E-01
    1.140082040337E-01
    1.026004913444E-01
    9.224463034349E-02
    8.137653986780E-02
    7.231942452256E-02
    6.351710184199E-02
    5.729359306127E-02
    5.398978843756E-02
    3.398329208205E-02
    3.491139381265E-02
    3.877418618292E-02
    4.619934319049E-02
    5.481319512730E-02
    6.568961818127E-02
    7.804145515728E-02
    9.157751012885E-02
    1.042582811446E-01
    1.137051886086E-01
    1.259505850524E-01
    1.359119635476E-01
    1.425351485402E-01
    1.484321531249E-01
    1.512390929328E-01
    1.523528391685E-01
    1.512390929328E-01
    1.484321531249E-01
    1.425351485402E-01
    1.359119635476E-01
    1.259505850524E-01
    1.137051886086E-01
    1.042582811446E-01
    9.157751012885E-02
    7.804145515728E-02
    6.568961818127E-02
    5.481319512730E-02
    4.619934319049E-02
    3.877418618292E-02
    3.491139381265E-02
    7.354908037367E-03
    8.629299200178E-03
    1.479084341591E-02
    2.433733700244E-02
    3.521998432279E-02
    4.789827480731E-02
    6.052626041996E-02
    7.498089046031E-02
    8.986586800451E-02
    1.035876569429E-01
    1.160847661456E-01
    1.259505850524E-01
    1.349028199626E-01
    1.396063552613E-01
    1.432043620325E-01
    1.465639191913E-01
    1.432043620325E-01
    1.396063552613E-01
    1.349028199626E-01
    1.259505850524E-01
    1.160847661456E-01
    1.035876569429E-01
    8.986586800451E-02
    7.498089046031E-02
    6.052626041996E-02
    4.789827480731E-02
    3.521998432279E-02
    2.433733700244E-02
    1.479084341591E-02
    8.629299200178E-03
   -2.604101930737E-02
   -2.384984755043E-02
   -1.733216484458E-02
   -7.375847030612E-03
    7.066623004289E-03
    2.375598751479E-02
    4.117853876055E-02
    5.813630898246E-02
    7.316565073658E-02
    9.006046989724E-02
    1.035876569429E-01
    1.137051886086E-01
    1.247690408019E-01
    1.321619303804E-01
    1.359798691521E-01
    1.376010281954E-01
    1.359798691521E-01
    1.321619303804E-01
    1.247690408019E-01
    1.137051886086E-01
    1.035876569429E-01
    9.006046989724E-02
    7.316565073658E-02
    5.813630898246E-02
    4.117853876055E-02
    2.375598751479E-02
    7.066623004289E-03
   -7.375847030612E-03
   -1.733216484458E-02
   -2.384984755043E-02
   -6.141159550213E-02
   -5.813191820687E-02
   -4.991040417208E-02
   -3.855664725973E-02
   -2.300813086690E-02
   -4.709064432056E-03
    1.643695950761E-02
    3.780985253533E-02
    5.569508543428E-02
    7.316565073658E-02
    8.986586800451E-02
    1.042582811446E-01
    1.140082040337E-01
    1.219769632463E-01
    1.271112885803E-01
    1.273599100125E-01
    1.271112885803E-01
    1.219769632463E-01
    1.140082040337E-01
    1.042582811446E-01
    8.986586800451E-02
    7.316565073658E-02
    5.569508543428E-02
    3.780985253533E-02
    1.643695950761E-02
   -4.709064432056E-03
   -2.300813086690E-02
   -3.855664725973E-02
   -4.991040417208E-02
   -5.813191820687E-02
   -1.086813332935E-01
   -1.049277841512E-01
   -9.325012718737E-02
   -7.594533759331E-02
   -5.602292958161E-02
   -3.432744639353E-02
   -1.192793108825E-02
    1.231452843454E-02
    3.780985253533E-02
    5.813630898246E-02
    7.498089046031E-02
    9.157751012885E-02
    1.026004913444E-01
    1.116166095629E-01
    1.181923190077E-01
    1.191950197461E-01
    1.181923190077E-01
    1.116166095629E-01
    1.026004913444E-01
    9.157751012885E-02
    7.498089046031E-02
    5.813630898246E-02
    3.780985253533E-02
    1.231452843454E-02
   -1.192793108825E-02
   -3.432744639353E-02
   -5.602292958161E-02
   -7.594533759331E-02
   -9.325012718737E-02
   -1.049277841512E-01
   -1.562177296859E-01
   -1.529734913514E-01
   -1.414646900305E-01
   -1.213471293935E-01
   -9.564899407192E-02
   -6.572795429121E-02
   -3.757548935735E-02
   -1.192793108825E-02
    1.643695950761E-02
    4.117853876055E-02
    6.052626041996E-02
    7.804145515728E-02
    9.224463034349E-02
    1.020730559495E-01
    1.082439365301E-01
    1.106744095108E-01
    1.082439365301E-01
    1.020730559495E-01
    9.224463034349E-02
    7.804145515728E-02
    6.052626041996E-02
    4.117853876055E-02
    1.643695950761E-02
   -1.192793108825E-02
   -3.757548935735E-02
   -6.572795429121E-02
   -9.564899407192E-02
   -1.213471293935E-01
   -1.414646900305E-01
   -1.529734913514E-01
   -2.046485676255E-01
   -1.990747212074E-01
   -1.846209023157E-01
   -1.634016558649E-01
   -1.363272382706E-01
   -1.019359855298E-01
   -6.572795429121E-02
   -3.432744639353E-02
   -4.709064432056E-03
    2.375598751479E-02
    4.789827480731E-02
    6.568961818127E-02
    8.137653986780E-02
    9.234831756790E-02
    9.887317975971E-02
    1.027688740883E-01
    9.887317975971E-02
    9.234831756790E-02
    8.137653986780E-02
    6.568961818127E-02
    4.789827480731E-02
    2.375598751479E-02
   -4.709064432056E-03
   -3.432744639353E-02
   -6.572795429121E-02
   -1.019359855298E-01
   -1.363272382706E-01
   -1.634016558649E-01
   -1.846209023157E-01
   -1.990747212074E-01
   -2.636113854877E-01
   -2.552577198883E-01
   -2.334816979848E-01
   -2.039418577929E-01
   -1.720072461656E-01
   -1.363272382706E-01
   -9.564899407192E-02
   -5.602292958161E-02
   -2.300813086690E-02
    7.066623004289E-03
    3.521998432279E-02
    5.481319512730E-02
    7.231942452256E-02
    8.461511847392E-02
    9.024523459946E-02
    9.377538107919E-02
    9.024523459946E-02
    8.461511847392E-02
    7.231942452256E-02
    5.481319512730E-02
    3.521998432279E-02
    7.066623004289E-03
   -2.300813086690E-02
   -5.602292958161E-02
   -9.564899407192E-02
   -1.363272382706E-01
   -1.720072461656E-01
   -2.039418577929E-01
   -2.334816979848E-01
   -2.552577198883E-01
   -3.214747491254E-01
   -3.130216951078E-01
   -2.873567196770E-01
   -2.474286043962E-01
   -2.039418577929E-01
   -1.634016558649E-01
   -1.213471293935E-01
   -7.594533759331E-02
   -3.855664725973E-02
   -7.375847030612E-03
    2.433733700244E-02
    4.619934319049E-02
    6.351710184199E-02
    7.640683726806E-02
    8.356594692321E-02
    8.809523323199E-02
    8.356594692321E-02
    7.640683726806E-02
    6.351710184199E-02
    4.619934319049E-02
    2.433733700244E-02
   -7.375847030612E-03
   -3.855664725973E-02
   -7.594533759331E-02
   -1.213471293935E-01
   -1.634016558649E-01
   -2.039418577929E-01
   -2.474286043962E-01
   -2.873567196770E-01
   -3.130216951078E-01
   -3.580079939586E-01
   -3.515005952537E-01
   -3.295075504358E-01
   -2.873567196770E-01
   -2.334816979848E-01
   -1.846209023157E-01
   -1.414646900305E-01
   -9.325012718737E-02
   -4.991040417208E-02
   -1.733216484458E-02
    1.479084341591E-02
    3.877418618292E-02
    5.729359306127E-02
    7.135122229033E-02
    7.881054860185E-02
    8.292349256304E-02
    7.881054860185E-02
    7.135122229033E-02
    5.729359306127E-02
    3.877418618292E-02
    1.479084341591E-02
   -1.733216484458E-02
   -4.991040417208E-02
   -9.325012718737E-02
   -1.414646900305E-01
   -1.846209023157E-01
   -2.334816979848E-01
   -2.873567196770E-01
   -3.295075504358E-01
   -3.515005952537E-01
   -3.706535603679E-01
   -3.667969220942E-01
   -3.515005952537E-01
   -3.130216951078E-01
   -2.552577198883E-01
   -1.990747212074E-01
   -1.529734913514E-01
   -1.049277841512E-01
   -5.813191820687E-02
   -2.384984755043E-02
    8.629299200178E-03
    3.491139381265E-02
    5.398978843756E-02
    6.860547374282E-02
    7.567592933053E-02
    7.851722927921E-02
    7.567592933053E-02
    6.860547374282E-02
    5.398978843756E-02
    3.491139381265E-02
    8.629299200178E-03
   -2.384984755043E-02
   -5.813191820687E-02
   -1.049277841512E-01
   -1.529734913514E-01
   -1.990747212074E-01
   -2.552577198883E-01
   -3.130216951078E-01
   -3.515005952537E-01
   -3.667969220942E-01
   -3.000840482223E-01
   -3.083613489273E-01
   -3.346528222637E-01
   -3.656294933003E-01
   -3.607451000350E-01
   -2.955471895577E-01
   -2.142669827539E-01
   -1.562177296859E-01
   -1.017893444884E-01
   -5.340861341676E-02
   -1.796547842167E-02
    1.411339451341E-02
    3.543414867858E-02
    5.156512922347E-02
    6.285205047589E-02
    6.462059646353E-02
    6.285205047589E-02
    5.156512922347E-02
    3.543414867858E-02
    1.411339451341E-02
   -1.796547842167E-02
   -5.340861341676E-02
   -1.017893444884E-01
   -1.562177296859E-01
   -2.142669827539E-01
   -2.955471895577E-01
   -3.607451000350E-01
   -3.656294933003E-01
   -3.346528222637E-01
   -3.083613489273E-01
   -3.083613489273E-01
   -3.170482168186E-01
   -3.429077979989E-01
   -3.693225521702E-01
   -3.554136448955E-01
   -2.859545217919E-01
   -2.088041811259E-01
   -1.529734913514E-01
   -9.812492829863E-02
   -5.077521822520E-02
   -1.630428267350E-02
    1.551769828491E-02
    3.802425314581E-02
    5.391015453793E-02
    6.339136657298E-02
    6.465251559419E-02
    6.339136657298E-02
    5.391015453793E-02
    3.802425314581E-02
    1.551769828491E-02
   -1.630428267350E-02
   -5.077521822520E-02
   -9.812492829863E-02
   -1.529734913514E-01
   -2.088041811259E-01
   -2.859545217919E-01
   -3.554136448955E-01
   -3.693225521702E-01
   -3.429077979989E-01
   -3.170482168186E-01
   -3.346528222637E-01
   -3.429077979989E-01
   -3.619889041288E-01
   -3.704978066455E-01
   -3.361462741906E-01
   -2.617814068878E-01
   -1.937955285831E-01
   -1.414646900305E-01
   -8.743684091446E-02
   -4.342361764880E-02
   -9.631616964304E-03
    2.057170757645E-02
    4.192325039690E-02
    5.728604975433E-02
    6.710270005295E-02
    6.983587283497E-02
    6.710270005295E-02
    5.728604975433E-02
    4.192325039690E-02
    2.057170757645E-02
   -9.631616964304E-03
   -4.342361764880E-02
   -8.743684091446E-02
   -1.414646900305E-01
   -1.937955285831E-01
   -2.617814068878E-01
   -3.361462741906E-01
   -3.704978066455E-01
   -3.619889041288E-01
   -3.429077979989E-01
   -3.656294933003E-01
   -3.693225521702E-01
   -3.704978066455E-01
   -3.488250107292E-01
   -2.944532720678E-01
   -2.257802700990E-01
   -1.706088522910E-01
   -1.213471293935E-01
   -7.108483144658E-02
   -3.278054522399E-02
    4.704517562471E-04
    2.870570728658E-02
    4.858746780700E-02
    6.355239054101E-02
    7.227386237910E-02
    7.533936525921E-02
    7.227386237910E-02
    6.355239054101E-02
    4.858746780700E-02
    2.870570728658E-02
    4.704517562471E-04
   -3.278054522399E-02
   -7.108483144658E-02
   -1.213471293935E-01
   -1.706088522910E-01
   -2.257802700990E-01
   -2.944532720678E-01
   -3.488250107292E-01
   -3.704978066455E-01
   -3.693225521702E-01
   -3.607451000350E-01
   -3.554136448955E-01
   -3.361462741906E-01
   -2.944532720678E-01
   -2.386126386595E-01
   -1.873565604865E-01
   -1.432437971296E-01
   -9.564899407192E-02
   -5.093395405984E-02
   -1.753598404614E-02
    1.408851624137E-02
    3.817762990661E-02
    5.743205730518E-02
    7.253330717707E-02
    7.915273130117E-02
    8.212321854958E-02
    7.915273130117E-02
    7.253330717707E-02
    5.743205730518E-02
    3.817762990661E-02
    1.408851624137E-02
   -1.753598404614E-02
   -5.093395405984E-02
   -9.564899407192E-02
   -1.432437971296E-01
   -1.873565604865E-01
   -2.386126386595E-01
   -2.944532720678E-01
   -3.361462741906E-01
   -3.554136448955E-01
   -2.955471895577E-01
   -2.859545217919E-01
   -2.617814068878E-01
   -2.257802700990E-01
   -1.873565604865E-01
   -1.503475652602E-01
   -1.086316192269E-01
   -6.572795429121E-02
   -3.040784617294E-02
   -1.124883382825E-04
    3.030306112355E-02
    5.065679805635E-02
    6.843455864759E-02
    8.130251048638E-02
    8.697882486432E-02
    9.145781664076E-02
    8.697882486432E-02
    8.130251048638E-02
    6.843455864759E-02
    5.065679805635E-02
    3.030306112355E-02
   -1.124883382825E-04
   -3.040784617294E-02
   -6.572795429121E-02
   -1.086316192269E-01
   -1.503475652602E-01
   -1.873565604865E-01
   -2.257802700990E-01
   -2.617814068878E-01
   -2.859545217919E-01
   -2.142669827539E-01
   -2.088041811259E-01
   -1.937955285831E-01
   -1.706088522910E-01
   -1.432437971296E-01
   -1.086316192269E-01
   -7.025988504686E-02
   -3.757548935735E-02
   -8.170893783286E-03
    1.995874456492E-02
    4.504762720928E-02
    6.372440181639E-02
    8.159251845714E-02
    9.232957333124E-02
    9.633814171543E-02
    9.996422750141E-02
    9.633814171543E-02
    9.232957333124E-02
    8.159251845714E-02
    6.372440181639E-02
    4.504762720928E-02
    1.995874456492E-02
   -8.170893783286E-03
   -3.757548935735E-02
   -7.025988504686E-02
   -1.086316192269E-01
   -1.432437971296E-01
   -1.706088522910E-01
   -1.937955285831E-01
   -2.088041811259E-01
   -1.562177296859E-01
   -1.529734913514E-01
   -1.414646900305E-01
   -1.213471293935E-01
   -9.564899407192E-02
   -6.572795429121E-02
   -3.757548935735E-02
   -1.192793108825E-02
    1.643695950761E-02
    4.117853876055E-02
    6.052626041996E-02
    7.804145515728E-02
    9.224463034349E-02
    1.020730559495E-01
    1.082439365301E-01
    1.106744095108E-01
    1.082439365301E-01
    1.020730559495E-01
    9.224463034349E-02
    7.804145515728E-02
    6.052626041996E-02
    4.117853876055E-02
    1.643695950761E-02
   -1.192793108825E-02
   -3.757548935735E-02
   -6.572795429121E-02
   -9.564899407192E-02
   -1.213471293935E-01
   -1.414646900305E-01
   -1.529734913514E-01
   -1.017893444884E-01
   -9.812492829863E-02
   -8.743684091446E-02
   -7.108483144658E-02
   -5.093395405984E-02
   -3.040784617294E-02
   -8.170893783286E-03
    1.643695950761E-02
    3.896707398263E-02
    5.843528949291E-02
    7.666547704322E-02
    9.348607754197E-02
    1.042092940932E-01
    1.127369390249E-01
    1.183522826079E-01
    1.185602141519E-01
    1.183522826079E-01
    1.127369390249E-01
    1.042092940932E-01
    9.348607754197E-02
    7.666547704322E-02
    5.843528949291E-02
    3.896707398263E-02
    1.643695950761E-02
   -8.170893783286E-03
   -3.040784617294E-02
   -5.093395405984E-02
   -7.108483144658E-02
   -8.743684091446E-02
   -9.812492829863E-02
   -5.340861341676E-02
   -5.077521822520E-02
   -4.342361764880E-02
   -3.278054522399E-02
   -1.753598404614E-02
   -1.124883382824E-04
    1.995874456492E-02
    4.117853876055E-02
    5.843528949291E-02
    7.653857699707E-02
    9.249652639476E-02
    1.046619360821E-01
    1.156060512745E-01
    1.240525901986E-01
    1.283562541073E-01
    1.288511343606E-01
    1.283562541073E-01
    1.240525901986E-01
    1.156060512745E-01
    1.046619360821E-01
    9.249652639476E-02
    7.653857699707E-02
    5.843528949291E-02
    4.117853876055E-02
    1.995874456492E-02
   -1.124883382824E-04
   -1.753598404614E-02
   -3.278054522399E-02
   -4.342361764880E-02
   -5.077521822520E-02
   -1.796547842167E-02
   -1.630428267350E-02
   -9.631616964304E-03
    4.704517562472E-04
    1.408851624137E-02
    3.030306112355E-02
    4.504762720928E-02
    6.052626041996E-02
    7.666547704322E-02
    9.249652639476E-02
    1.057896416461E-01
    1.163891760812E-01
    1.263986041395E-01
    1.321857710987E-01
    1.365215920582E-01
    1.396602759232E-01
    1.365215920582E-01
    1.321857710987E-01
    1.263986041395E-01
    1.163891760812E-01
    1.057896416461E-01
    9.249652639476E-02
    7.666547704322E-02
    6.052626041996E-02
    4.504762720928E-02
    3.030306112355E-02
    1.408851624137E-02
    4.704517562472E-04
   -9.631616964304E-03
   -1.630428267350E-02
    1.411339451341E-02
    1.551769828491E-02
    2.057170757645E-02
    2.870570728658E-02
    3.817762990661E-02
    5.065679805635E-02
    6.372440181639E-02
    7.804145515728E-02
    9.348607754197E-02
    1.046619360821E-01
    1.163891760812E-01
    1.275766484536E-01
    1.352613905166E-01
    1.408743019861E-01
    1.446185503822E-01
    1.465021715426E-01
    1.446185503822E-01
    1.408743019861E-01
    1.352613905166E-01
    1.275766484536E-01
    1.163891760812E-01
    1.046619360821E-01
    9.348607754197E-02
    7.804145515728E-02
    6.372440181639E-02
    5.065679805635E-02
    3.817762990661E-02
    2.870570728658E-02
    2.057170757645E-02
    1.551769828491E-02
    3.543414867858E-02
    3.802425314581E-02
    4.192325039690E-02
    4.858746780700E-02
    5.743205730518E-02
    6.843455864759E-02
    8.159251845714E-02
    9.224463034349E-02
    1.042092940932E-01
    1.156060512745E-01
    1.263986041395E-01
    1.352613905166E-01
    1.409850833041E-01
    1.479691532833E-01
    1.516890023156E-01
    1.516387586652E-01
    1.516890023156E-01
    1.479691532833E-01
    1.409850833041E-01
    1.352613905166E-01
    1.263986041395E-01
    1.156060512745E-01
    1.042092940932E-01
    9.224463034349E-02
    8.159251845714E-02
    6.843455864759E-02
    5.743205730518E-02
    4.858746780700E-02
    4.192325039690E-02
    3.802425314581E-02
    5.156512922347E-02
    5.391015453793E-02
    5.728604975433E-02
    6.355239054101E-02
    7.253330717707E-02
    8.130251048638E-02
    9.232957333124E-02
    1.020730559495E-01
    1.127369390249E-01
    1.240525901986E-01
    1.321857710987E-01
    1.408743019861E-01
    1.479691532833E-01
    1.524890184384E-01
    1.555994473004E-01
    1.563375668874E-01
    1.555994473004E-01
    1.524890184384E-01
    1.479691532833E-01
    1.408743019861E-01
    1.321857710987E-01
    1.240525901986E-01
    1.127369390249E-01
    1.020730559495E-01
    9.232957333124E-02
    8.130251048638E-02
    7.253330717707E-02
    6.355239054101E-02
    5.728604975433E-02
    5.391015453793E-02
    6.285205047589E-02
    6.339136657298E-02
    6.710270005295E-02
    7.227386237910E-02
    7.915273130117E-02
    8.697882486432E-02
    9.633814171543E-02
    1.082439365301E-01
    1.183522826079E-01
    1.283562541073E-01
    1.365215920582E-01
    1.446185503822E-01
    1.516890023156E-01
    1.555994473004E-01
    1.588130435520E-01
    1.598665534095E-01
    1.588130435520E-01
    1.555994473004E-01
    1.516890023156E-01
    1.446185503822E-01
    1.365215920582E-01
    1.283562541073E-01
    1.183522826079E-01
    1.082439365301E-01
    9.633814171543E-02
    8.697882486432E-02
    7.915273130117E-02
    7.227386237910E-02
    6.710270005295E-02
    6.339136657298E-02
    6.462059646353E-02
    6.465251559419E-02
    6.983587283497E-02
    7.533936525921E-02
    8.212321854958E-02
    9.145781664076E-02
    9.996422750141E-02
    1.106744095108E-01
    1.185602141519E-01
    1.288511343606E-01
    1.396602759232E-01
    1.465021715426E-01
    1.516387586652E-01
    1.563375668874E-01
    1.598665534095E-01
    1.602888789438E-01
    1.598665534095E-01
    1.563375668874E-01
    1.516387586652E-01
    1.465021715426E-01
    1.396602759232E-01
    1.288511343606E-01
    1.185602141519E-01
    1.106744095108E-01
    9.996422750141E-02
    9.145781664076E-02
    8.212321854958E-02
    7.533936525921E-02
    6.983587283497E-02
    6.465251559419E-02
    6.285205047589E-02
    6.339136657298E-02
    6.710270005295E-02
    7.227386237910E-02
    7.915273130117E-02
    8.697882486432E-02
    9.633814171543E-02
    1.082439365301E-01
    1.183522826079E-01
    1.283562541073E-01
    1.365215920582E-01
    1.446185503822E-01
    1.516890023156E-01
    1.555994473004E-01
    1.588130435520E-01
    1.598665534095E-01
    1.588130435520E-01
    1.555994473004E-01
    1.516890023156E-01
    1.446185503822E-01
    1.365215920582E-01
    1.283562541073E-01
    1.183522826079E-01
    1.082439365301E-01
    9.633814171543E-02
    8.697882486432E-02
    7.915273130117E-02
    7.227386237910E-02
    6.710270005295E-02
    6.339136657298E-02
    5.156512922347E-02
    5.391015453793E-02
    5.728604975433E-02
    6.355239054101E-02
    7.253330717707E-02
    8.130251048638E-02
    9.232957333124E-02
    1.020730559495E-01
    1.127369390249E-01
    1.240525901986E-01
    1.321857710987E-01
    1.408743019861E-01
    1.479691532833E-01
    1.524890184384E-01
    1.555994473004E-01
    1.563375668874E-01
    1.555994473004E-01
    1.524890184384E-01
    1.479691532833E-01
    1.408743019861E-01
    1.321857710987E-01
    1.240525901986E-01
    1.127369390249E-01
    1.020730559495E-01
    9.232957333124E-02
    8.130251048638E-02
    7.253330717707E-02
    6.355239054101E-02
    5.728604975433E-02
    5.391015453793E-02
    3.543414867858E-02
    3.802425314581E-02
    4.192325039690E-02
    4.858746780700E-02
    5.743205730518E-02
    6.843455864759E-02
    8.159251845714E-02
    9.224463034349E-02
    1.042092940932E-01
    1.156060512745E-01
    1.263986041395E-01
    1.352613905166E-01
    1.409850833041E-01
    1.479691532833E-01
    1.516890023156E-01
    1.516387586652E-01
    1.516890023156E-01
    1.479691532833E-01
    1.409850833041E-01
    1.352613905166E-01
    1.263986041395E-01
    1.156060512745E-01
    1.042092940932E-01
    9.224463034349E-02
    8.159251845714E-02
    6.843455864759E-02
    5.743205730518E-02
    4.858746780700E-02
    4.192325039690E-02
    3.802425314581E-02
    1.411339451341E-02
    1.551769828491E-02
    2.057170757645E-02
    2.870570728658E-02
    3.817762990661E-02
    5.065679805635E-02
    6.372440181639E-02
    7.804145515728E-02
    9.348607754197E-02
    1.046619360821E-01
    1.163891760812E-01
    1.275766484536E-01
    1.352613905166E-01
    1.408743019861E-01
    1.446185503822E-01
    1.465021715426E-01
    1.446185503822E-01
    1.408743019861E-01
    1.352613905166E-01
    1.275766484536E-01
    1.163891760812E-01
    1.046619360821E-01
    9.348607754197E-02
    7.804145515728E-02
    6.372440181639E-02
    5.065679805635E-02
    3.817762990661E-02
    2.870570728658E-02
    2.057170757645E-02
    1.551769828491E-02
   -1.796547842167E-02
   -1.630428267350E-02
   -9.631616964304E-03
    4.704517562471E-04
    1.408851624137E-02
    3.030306112355E-02
    4.504762720928E-02
    6.052626041996E-02
    7.666547704322E-02
    9.249652639476E-02
    1.057896416461E-01
    1.163891760812E-01
    1.263986041395E-01
    1.321857710987E-01
    1.365215920582E-01
    1.396602759232E-01
    1.365215920582E-01
    1.321857710987E-01
    1.263986041395E-01
    1.163891760812E-01
    1.057896416461E-01
    9.249652639476E-02
    7.666547704322E-02
    6.052626041996E-02
    4.504762720928E-02
    3.030306112355E-02
    1.408851624137E-02
    4.704517562471E-04
   -9.631616964304E-03
   -1.630428267350E-02
   -5.340861341676E-02
   -5.077521822520E-02
   -4.342361764880E-02
   -3.278054522399E-02
   -1.753598404614E-02
   -1.124883382826E-04
    1.995874456492E-02
    4.117853876055E-02
    5.843528949291E-02
    7.653857699707E-02
    9.249652639476E-02
    1.046619360821E-01
    1.156060512745E-01
    1.240525901986E-01
    1.283562541073E-01
    1.288511343606E-01
    1.283562541073E-01
    1.240525901986E-01
    1.156060512745E-01
    1.046619360821E-01
    9.249652639476E-02
    7.653857699707E-02
    5.843528949291E-02
    4.117853876055E-02
    1.995874456492E-02
   -1.124883382826E-04
   -1.753598404614E-02
   -3.278054522399E-02
   -4.342361764880E-02
   -5.077521822520E-02
   -1.017893444884E-01
   -9.812492829863E-02
   -8.743684091446E-02
   -7.108483144658E-02
   -5.093395405984E-02
   -3.040784617294E-02
   -8.170893783286E-03
    1.643695950761E-02
    3.896707398263E-02
    5.843528949291E-02
    7.666547704322E-02
    9.348607754197E-02
    1.042092940932E-01
    1.127369390249E-01
    1.183522826079E-01
    1.185602141519E-01
    1.183522826079E-01
    1.127369390249E-01
    1.042092940932E-01
    9.348607754197E-02
    7.666547704322E-02
    5.843528949291E-02
    3.896707398263E-02
    1.643695950761E-02
   -8.170893783286E-03
   -3.040784617294E-02
   -5.093395405984E-02
   -7.108483144658E-02
   -8.743684091446E-02
   -9.812492829863E-02
   -1.562177296859E-01
   -1.529734913514E-01
   -1.414646900305E-01
   -1.213471293935E-01
   -9.564899407192E-02
   -6.572795429121E-02
   -3.757548935735E-02
   -1.192793108825E-02
    1.643695950761E-02
    4.117853876055E-02
    6.052626041996E-02
    7.804145515728E-02
    9.224463034349E-02
    1.020730559495E-01
    1.082439365301E-01
    1.106744095108E-01
    1.082439365301E-01
    1.020730559495E-01
    9.224463034349E-02
    7.804145515728E-02
    6.052626041996E-02
    4.117853876055E-02
    1.643695950761E-02
   -1.192793108825E-02
   -3.757548935735E-02
   -6.572795429121E-02
   -9.564899407192E-02
   -1.213471293935E-01
   -1.414646900305E-01
   -1.529734913514E-01
   -2.142669827539E-01
   -2.088041811259E-01
   -1.937955285831E-01
   -1.706088522910E-01
   -1.432437971296E-01
   -1.086316192269E-01
   -7.025988504686E-02
   -3.757548935735E-02
   -8.170893783286E-03
    1.995874456492E-02
    4.504762720928E-02
    6.372440181639E-02
    8.159251845714E-02
    9.232957333124E-02
    9.633814171543E-02
    9.996422750141E-02
    9.633814171543E-02
    9.232957333124E-02
    8.159251845714E-02
    6.372440181639E-02
    4.504762720928E-02
    1.995874456492E-02
   -8.170893783286E-03
   -3.757548935735E-02
   -7.025988504686E-02
   -1.086316192269E-01
   -1.432437971296E-01
   -1.706088522910E-01
   -1.937955285831E-01
   -2.088041811259E-01
   -2.955471895577E-01
   -2.859545217919E-01
   -2.617814068878E-01
   -2.257802700990E-01
   -1.873565604865E-01
   -1.503475652602E-01
   -1.086316192269E-01
   -6.572795429121E-02
   -3.040784617294E-02
   -1.124883382825E-04
    3.030306112355E-02
    5.065679805635E-02
    6.843455864759E-02
    8.130251048638E-02
    8.697882486432E-02
    9.145781664076E-02
    8.697882486432E-02
    8.130251048638E-02
    6.843455864759E-02
    5.065679805635E-02
    3.030306112355E-02
   -1.124883382826E-04
   -3.040784617294E-02
   -6.572795429121E-02
   -1.086316192269E-01
   -1.503475652602E-01
   -1.873565604865E-01
   -2.257802700990E-01
   -2.617814068878E-01
   -2.859545217919E-01
   -3.607451000350E-01
   -3.554136448955E-01
   -3.361462741906E-01
   -2.944532720678E-01
   -2.386126386595E-01
   -1.873565604865E-01
   -1.432437971296E-01
   -9.564899407192E-02
   -5.093395405984E-02
   -1.753598404614E-02
    1.408851624137E-02
    3.817762990661E-02
    5.743205730518E-02
    7.253330717707E-02
    7.915273130117E-02
    8.212321854958E-02
    7.915273130117E-02
    7.253330717707E-02
    5.743205730518E-02
    3.817762990661E-02
    1.408851624137E-02
   -1.753598404614E-02
   -5.093395405984E-02
   -9.564899407192E-02
   -1.432437971296E-01
   -1.873565604865E-01
   -2.386126386595E-01
   -2.944532720678E-01
   -3.361462741906E-01
   -3.554136448955E-01
   -3.656294933003E-01
   -3.693225521702E-01
   -3.704978066455E-01
   -3.488250107292E-01
   -2.944532720678E-01
   -2.257802700990E-01
   -1.706088522910E-01
   -1.213471293935E-01
   -7.108483144658E-02
   -3.278054522399E-02
    4.704517562471E-04
    2.870570728658E-02
    4.858746780700E-02
    6.355239054101E-02
    7.227386237910E-02
    7.533936525921E-02
    7.227386237910E-02
    6.355239054101E-02
    4.858746780700E-02
    2.870570728658E-02
    4.704517562471E-04
   -3.278054522399E-02
   -7.108483144658E-02
   -1.213471293935E-01
   -1.706088522910E-01
   -2.257802700990E-01
   -2.944532720678E-01
   -3.488250107292E-01
   -3.704978066455E-01
   -3.693225521702E-01
   -3.346528222637E-01
   -3.429077979989E-01
   -3.619889041288E-01
   -3.704978066455E-01
   -3.361462741906E-01
   -2.617814068878E-01
   -1.937955285831E-01
   -1.414646900305E-01
   -8.743684091446E-02
   -4.342361764880E-02
   -9.631616964304E-03
    2.057170757645E-02
    4.192325039690E-02
    5.728604975433E-02
    6.710270005295E-02
    6.983587283497E-02
    6.710270005295E-02
    5.728604975433E-02
    4.192325039690E-02
    2.057170757645E-02
   -9.631616964304E-03
   -4.342361764880E-02
   -8.743684091446E-02
   -1.414646900305E-01
   -1.937955285831E-01
   -2.617814068878E-01
   -3.361462741906E-01
   -3.704978066455E-01
   -3.619889041288E-01
   -3.429077979989E-01
   -3.083613489273E-01
   -3.170482168186E-01
   -3.429077979989E-01
   -3.693225521702E-01
   -3.554136448955E-01
   -2.859545217919E-01
   -2.088041811259E-01
   -1.529734913514E-01
   -9.812492829863E-02
   -5.077521822520E-02
   -1.630428267350E-02
    1.551769828491E-02
    3.802425314581E-02
    5.391015453793E-02
    6.339136657298E-02
    6.465251559419E-02
    6.339136657298E-02
    5.391015453793E-02
    3.802425314581E-02
    1.551769828491E-02
   -1.630428267350E-02
   -5.077521822520E-02
   -9.812492829863E-02
   -1.529734913514E-01
   -2.088041811259E-01
   -2.859545217919E-01
   -3.554136448955E-01
   -3.693225521702E-01
   -3.429077979989E-01
   -3.170482168186E-01
   -4.523995321126E-01
   -4.063189896224E-01
   -3.179513149069E-01
   -2.885769226313E-01
   -3.419201324466E-01
   -3.688998610527E-01
   -2.955471895577E-01
   -2.046485676255E-01
   -1.435766010049E-01
   -8.451971288711E-02
   -4.095067697114E-02
   -6.181900630503E-03
    2.082573460453E-02
    3.788845084053E-02
    5.058050825569E-02
    5.303613105152E-02
    5.058050825569E-02
    3.788845084053E-02
    2.082573460453E-02
   -6.181900630503E-03
   -4.095067697114E-02
   -8.451971288711E-02
   -1.435766010049E-01
   -2.046485676255E-01
   -2.955471895577E-01
   -3.688998610527E-01
   -3.419201324466E-01
   -2.885769226313E-01
   -3.179513149069E-01
   -4.063189896224E-01
   -4.063189896224E-01
   -3.692246971439E-01
   -3.027318652846E-01
   -2.937149873914E-01
   -3.488818786855E-01
   -3.636211532984E-01
   -2.859545217919E-01
   -1.990747212074E-01
   -1.397437599506E-01
   -8.144354409195E-02
   -3.880021657123E-02
   -4.441625042217E-03
    2.261812711775E-02
    3.960019784677E-02
    5.134683481529E-02
    5.322751033305E-02
    5.134683481529E-02
    3.960019784677E-02
    2.261812711775E-02
   -4.441625042217E-03
   -3.880021657123E-02
   -8.144354409195E-02
   -1.397437599506E-01
   -1.990747212074E-01
   -2.859545217919E-01
   -3.636211532984E-01
   -3.488818786855E-01
   -2.937149873914E-01
   -3.027318652846E-01
   -3.692246971439E-01
   -3.179513149069E-01
   -3.027318652846E-01
   -2.859460664562E-01
   -3.159393335048E-01
   -3.656335679484E-01
   -3.483405809926E-01
   -2.617814068878E-01
   -1.846209023157E-01
   -1.279816578492E-01
   -7.184812498738E-02
   -3.153398578248E-02
    1.723597860907E-03
    2.669358135755E-02
    4.325647346250E-02
    5.527204432803E-02
    5.722803813942E-02
    5.527204432803E-02
    4.325647346250E-02
    2.669358135755E-02
    1.723597860907E-03
   -3.153398578248E-02
   -7.184812498738E-02
   -1.279816578492E-01
   -1.846209023157E-01
   -2.617814068878E-01
   -3.483405809926E-01
   -3.656335679484E-01
   -3.159393335048E-01
   -2.859460664562E-01
   -3.027318652846E-01
   -2.885769226313E-01
   -2.937149873914E-01
   -3.159393335048E-01
   -3.550072223966E-01
   -3.670118039580E-01
   -3.105996877659E-01
   -2.257802700990E-01
   -1.634016558649E-01
   -1.086450581712E-01
   -5.779322210876E-02
   -2.143980994216E-02
    1.160325501915E-02
    3.462948383401E-02
    5.038833975374E-02
    6.091710005864E-02
    6.193405531261E-02
    6.091710005864E-02
    5.038833975374E-02
    3.462948383401E-02
    1.160325501915E-02
   -2.143980994216E-02
   -5.779322210876E-02
   -1.086450581712E-01
   -1.634016558649E-01
   -2.257802700990E-01
   -3.105996877659E-01
   -3.670118039580E-01
   -3.550072223966E-01
   -3.159393335048E-01
   -2.937149873914E-01
   -3.419201324466E-01
   -3.488818786855E-01
   -3.656335679484E-01
   -3.670118039580E-01
   -3.261499051223E-01
   -2.532147007121E-01
   -1.873565604865E-01
   -1.363272382706E-01
   -8.326469450655E-02
   -4.036943613445E-02
   -7.262896925006E-03
    2.327893794898E-02
    4.382402683327E-02
    5.932709159905E-02
    6.892820669534E-02
    7.064714105826E-02
    6.892820669534E-02
    5.932709159905E-02
    4.382402683327E-02
    2.327893794898E-02
   -7.262896925006E-03
   -4.036943613445E-02
   -8.326469450655E-02
   -1.363272382706E-01
   -1.873565604865E-01
   -2.532147007121E-01
   -3.261499051223E-01
   -3.670118039580E-01
   -3.656335679484E-01
   -3.488818786855E-01
   -3.688998610527E-01
   -3.636211532984E-01
   -3.483405809926E-01
   -3.105996877659E-01
   -2.532147007121E-01
   -1.979243443758E-01
   -1.503475652602E-01
   -1.019359855298E-01
   -5.625827206108E-02
   -2.178022333407E-02
    1.124350841419E-02
    3.686586802216E-02
    5.465554178642E-02
    6.908098775703E-02
    7.803347867025E-02
    8.247203568636E-02
    7.803347867025E-02
    6.908098775703E-02
    5.465554178642E-02
    3.686586802216E-02
    1.124350841419E-02
   -2.178022333407E-02
   -5.625827206108E-02
   -1.019359855298E-01
   -1.503475652602E-01
   -1.979243443758E-01
   -2.532147007121E-01
   -3.105996877659E-01
   -3.483405809926E-01
   -3.636211532984E-01
   -2.955471895577E-01
   -2.859545217919E-01
   -2.617814068878E-01
   -2.257802700990E-01
   -1.873565604865E-01
   -1.503475652602E-01
   -1.086316192269E-01
   -6.572795429121E-02
   -3.040784617294E-02
   -1.124883382825E-04
    3.030306112355E-02
    5.065679805635E-02
    6.843455864759E-02
    8.130251048638E-02
    8.697882486432E-02
    9.145781664076E-02
    8.697882486432E-02
    8.130251048638E-02
    6.843455864759E-02
    5.065679805635E-02
    3.030306112355E-02
   -1.124883382825E-04
   -3.040784617294E-02
   -6.572795429121E-02
   -1.086316192269E-01
   -1.503475652602E-01
   -1.873565604865E-01
   -2.257802700990E-01
   -2.617814068878E-01
   -2.859545217919E-01
   -2.046485676255E-01
   -1.990747212074E-01
   -1.846209023157E-01
   -1.634016558649E-01
   -1.363272382706E-01
   -1.019359855298E-01
   -6.572795429121E-02
   -3.432744639353E-02
   -4.709064432056E-03
    2.375598751479E-02
    4.789827480731E-02
    6.568961818127E-02
    8.137653986780E-02
    9.234831756790E-02
    9.887317975971E-02
    1.027688740883E-01
    9.887317975971E-02
    9.234831756790E-02
    8.137653986780E-02
    6.568961818127E-02
    4.789827480731E-02
    2.375598751479E-02
   -4.709064432056E-03
   -3.432744639353E-02
   -6.572795429121E-02
   -1.019359855298E-01
   -1.363272382706E-01
   -1.634016558649E-01
   -1.846209023157E-01
   -1.990747212074E-01
   -1.435766010049E-01
   -1.397437599506E-01
   -1.279816578492E-01
   -1.086450581712E-01
   -8.326469450655E-02
   -5.625827206108E-02
   -3.040784617294E-02
   -4.709064432056E-03
    2.172007899194E-02
    4.477561357519E-02
    6.367600289923E-02
    8.223209638975E-02
    9.472516229436E-02
    1.035311478602E-01
    1.105377200881E-01
    1.120675240646E-01
    1.105377200881E-01
    1.035311478602E-01
    9.472516229436E-02
    8.223209638975E-02
    6.367600289923E-02
    4.477561357519E-02
    2.172007899194E-02
   -4.709064432056E-03
   -3.040784617294E-02
   -5.625827206108E-02
   -8.326469450655E-02
   -1.086450581712E-01
   -1.279816578492E-01
   -1.397437599506E-01
   -8.451971288711E-02
   -8.144354409195E-02
   -7.184812498738E-02
   -5.779322210876E-02
   -4.036943613445E-02
   -2.178022333407E-02
   -1.124883382825E-04
    2.375598751479E-02
    4.477561357519E-02
    6.412493228188E-02
    8.087805422145E-02
    9.624216937406E-02
    1.067143117083E-01
    1.152529077805E-01
    1.211795178978E-01
    1.211971681652E-01
    1.211795178978E-01
    1.152529077805E-01
    1.067143117083E-01
    9.624216937406E-02
    8.087805422145E-02
    6.412493228188E-02
    4.477561357519E-02
    2.375598751479E-02
   -1.124883382825E-04
   -2.178022333407E-02
   -4.036943613445E-02
   -5.779322210876E-02
   -7.184812498738E-02
   -8.144354409195E-02
   -4.095067697114E-02
   -3.880021657123E-02
   -3.153398578248E-02
   -2.143980994216E-02
   -7.262896925006E-03
    1.124350841419E-02
    3.030306112355E-02
    4.789827480731E-02
    6.367600289923E-02
    8.087805422145E-02
    9.585832411797E-02
    1.078084160854E-01
    1.185169075941E-01
    1.259478095061E-01
    1.300236831695E-01
    1.311394423805E-01
    1.300236831695E-01
    1.259478095061E-01
    1.185169075941E-01
    1.078084160854E-01
    9.585832411797E-02
    8.087805422145E-02
    6.367600289923E-02
    4.789827480731E-02
    3.030306112355E-02
    1.124350841419E-02
   -7.262896925006E-03
   -2.143980994216E-02
   -3.153398578248E-02
   -3.880021657123E-02
   -6.181900630503E-03
   -4.441625042217E-03
    1.723597860907E-03
    1.160325501915E-02
    2.327893794898E-02
    3.686586802216E-02
    5.065679805635E-02
    6.568961818127E-02
    8.223209638975E-02
    9.624216937406E-02
    1.078084160854E-01
    1.184255523618E-01
    1.286794048088E-01
    1.349176002370E-01
    1.377292868603E-01
    1.394302990840E-01
    1.377292868603E-01
    1.349176002370E-01
    1.286794048088E-01
    1.184255523618E-01
    1.078084160854E-01
    9.624216937406E-02
    8.223209638975E-02
    6.568961818127E-02
    5.065679805635E-02
    3.686586802216E-02
    2.327893794898E-02
    1.160325501915E-02
    1.723597860907E-03
   -4.441625042217E-03
    2.082573460453E-02
    2.261812711775E-02
    2.669358135755E-02
    3.462948383401E-02
    4.382402683327E-02
    5.465554178642E-02
    6.843455864759E-02
    8.137653986780E-02
    9.472516229436E-02
    1.067143117083E-01
    1.185169075941E-01
    1.286794048088E-01
    1.356534708408E-01
    1.414713085118E-01
    1.452122855471E-01
    1.466562855642E-01
    1.452122855471E-01
    1.414713085118E-01
    1.356534708408E-01
    1.286794048088E-01
    1.185169075941E-01
    1.067143117083E-01
    9.472516229436E-02
    8.137653986780E-02
    6.843455864759E-02
    5.465554178642E-02
    4.382402683327E-02
    3.462948383401E-02
    2.669358135755E-02
    2.261812711775E-02
    3.788845084053E-02
    3.960019784677E-02
    4.325647346250E-02
    5.038833975374E-02
    5.932709159905E-02
    6.908098775703E-02
    8.130251048638E-02
    9.234831756790E-02
    1.035311478602E-01
    1.152529077805E-01
    1.259478095061E-01
    1.349176002370E-01
    1.414713085118E-01
    1.470127019548E-01
    1.503093221285E-01
    1.509776721540E-01
    1.503093221285E-01
    1.470127019548E-01
    1.414713085118E-01
    1.349176002370E-01
    1.259478095061E-01
    1.152529077805E-01
    1.035311478602E-01
    9.234831756790E-02
    8.130251048638E-02
    6.908098775703E-02
    5.932709159905E-02
    5.038833975374E-02
    4.325647346250E-02
    3.960019784677E-02
    5.058050825569E-02
    5.134683481529E-02
    5.527204432803E-02
    6.091710005864E-02
    6.892820669534E-02
    7.803347867025E-02
    8.697882486432E-02
    9.887317975971E-02
    1.105377200881E-01
    1.211795178978E-01
    1.300236831695E-01
    1.377292868603E-01
    1.452122855471E-01
    1.503093221285E-01
    1.531705530718E-01
    1.540497034031E-01
    1.531705530718E-01
    1.503093221285E-01
    1.452122855471E-01
    1.377292868603E-01
    1.300236831695E-01
    1.211795178978E-01
    1.105377200881E-01
    9.887317975971E-02
    8.697882486432E-02
    7.803347867025E-02
    6.892820669534E-02
    6.091710005864E-02
    5.527204432803E-02
    5.134683481529E-02
    5.303613105152E-02
    5.322751033305E-02
    5.722803813942E-02
    6.193405531261E-02
    7.064714105826E-02
    8.247203568636E-02
    9.145781664076E-02
    1.027688740883E-01
    1.120675240646E-01
    1.211971681652E-01
    1.311394423805E-01
    1.394302990840E-01
    1.466562855642E-01
    1.509776721540E-01
    1.540497034031E-01
    1.555128039060E-01
    1.540497034031E-01
    1.509776721540E-01
    1.466562855642E-01
    1.394302990840E-01
    1.311394423805E-01
    1.211971681652E-01
    1.120675240646E-01
    1.027688740883E-01
    9.145781664076E-02
    8.247203568636E-02
    7.064714105826E-02
    6.193405531261E-02
    5.722803813942E-02
    5.322751033305E-02
    5.058050825569E-02
    5.134683481529E-02
    5.527204432803E-02
    6.091710005864E-02
    6.892820669534E-02
    7.803347867025E-02
    8.697882486432E-02
    9.887317975971E-02
    1.105377200881E-01
    1.211795178978E-01
    1.300236831695E-01
    1.377292868603E-01
    1.452122855471E-01
    1.503093221285E-01
    1.531705530718E-01
    1.540497034031E-01
    1.531705530718E-01
    1.503093221285E-01
    1.452122855471E-01
    1.377292868603E-01
    1.300236831695E-01
    1.211795178978E-01
    1.105377200881E-01
    9.887317975971E-02
    8.697882486432E-02
    7.803347867025E-02
    6.892820669534E-02
    6.091710005864E-02
    5.527204432803E-02
    5.134683481529E-02
    3.788845084053E-02
    3.960019784677E-02
    4.325647346250E-02
    5.038833975374E-02
    5.932709159905E-02
    6.908098775703E-02
    8.130251048638E-02
    9.234831756790E-02
    1.035311478602E-01
    1.152529077805E-01
    1.259478095061E-01
    1.349176002370E-01
    1.414713085118E-01
    1.470127019548E-01
    1.503093221285E-01
    1.509776721540E-01
    1.503093221285E-01
    1.470127019548E-01
    1.414713085118E-01
    1.349176002370E-01
    1.259478095061E-01
    1.152529077805E-01
    1.035311478602E-01
    9.234831756790E-02
    8.130251048638E-02
    6.908098775703E-02
    5.932709159905E-02
    5.038833975374E-02
    4.325647346250E-02
    3.960019784677E-02
    2.082573460453E-02
    2.261812711775E-02
    2.669358135755E-02
    3.462948383401E-02
    4.382402683327E-02
    5.465554178642E-02
    6.843455864759E-02
    8.137653986780E-02
    9.472516229436E-02
    1.067143117083E-01
    1.185169075941E-01
    1.286794048088E-01
    1.356534708408E-01
    1.414713085118E-01
    1.452122855471E-01
    1.466562855642E-01
    1.452122855471E-01
    1.414713085118E-01
    1.356534708408E-01
    1.286794048088E-01
    1.185169075941E-01
    1.067143117083E-01
    9.472516229436E-02
    8.137653986780E-02
    6.843455864759E-02
    5.465554178642E-02
    4.382402683327E-02
    3.462948383401E-02
    2.669358135755E-02
    2.261812711775E-02
   -6.181900630503E-03
   -4.441625042217E-03
    1.723597860907E-03
    1.160325501915E-02
    2.327893794898E-02
    3.686586802216E-02
    5.065679805635E-02
    6.568961818127E-02
    8.223209638975E-02
    9.624216937406E-02
    1.078084160854E-01
    1.184255523618E-01
    1.286794048088E-01
    1.349176002370E-01
    1.377292868603E-01
    1.394302990840E-01
    1.377292868603E-01
    1.349176002370E-01
    1.286794048088E-01
    1.184255523618E-01
    1.078084160854E-01
    9.624216937406E-02
    8.223209638975E-02
    6.568961818127E-02
    5.065679805635E-02
    3.686586802216E-02
    2.327893794898E-02
    1.160325501915E-02
    1.723597860907E-03
   -4.441625042217E-03
   -4.095067697114E-02
   -3.880021657123E-02
   -3.153398578248E-02
   -2.143980994216E-02
   -7.262896925006E-03
    1.124350841419E-02
    3.030306112355E-02
    4.789827480731E-02
    6.367600289923E-02
    8.087805422145E-02
    9.585832411797E-02
    1.078084160854E-01
    1.185169075941E-01
    1.259478095061E-01
    1.300236831695E-01
    1.311394423805E-01
    1.300236831695E-01
    1.259478095061E-01
    1.185169075941E-01
    1.078084160854E-01
    9.585832411797E-02
    8.087805422145E-02
    6.367600289923E-02
    4.789827480731E-02
    3.030306112355E-02
    1.124350841419E-02
   -7.262896925006E-03
   -2.143980994216E-02
   -3.153398578248E-02
   -3.880021657123E-02
   -8.451971288711E-02
   -8.144354409195E-02
   -7.184812498738E-02
   -5.779322210876E-02
   -4.036943613445E-02
   -2.178022333407E-02
   -1.124883382825E-04
    2.375598751479E-02
    4.477561357519E-02
    6.412493228188E-02
    8.087805422145E-02
    9.624216937406E-02
    1.067143117083E-01
    1.152529077805E-01
    1.211795178978E-01
    1.211971681652E-01
    1.211795178978E-01
    1.152529077805E-01
    1.067143117083E-01
    9.624216937406E-02
    8.087805422145E-02
    6.412493228188E-02
    4.477561357519E-02
    2.375598751479E-02
   -1.124883382825E-04
   -2.178022333407E-02
   -4.036943613445E-02
   -5.779322210876E-02
   -7.184812498738E-02
   -8.144354409195E-02
   -1.435766010049E-01
   -1.397437599506E-01
   -1.279816578492E-01
   -1.086450581712E-01
   -8.326469450655E-02
   -5.625827206108E-02
   -3.040784617294E-02
   -4.709064432056E-03
    2.172007899194E-02
    4.477561357519E-02
    6.367600289923E-02
    8.223209638975E-02
    9.472516229436E-02
    1.035311478602E-01
    1.105377200881E-01
    1.120675240646E-01
    1.105377200881E-01
    1.035311478602E-01
    9.472516229436E-02
    8.223209638975E-02
    6.367600289923E-02
    4.477561357519E-02
    2.172007899194E-02
   -4.709064432056E-03
   -3.040784617294E-02
   -5.625827206108E-02
   -8.326469450655E-02
   -1.086450581712E-01
   -1.279816578492E-01
   -1.397437599506E-01
   -2.046485676255E-01
   -1.990747212074E-01
   -1.846209023157E-01
   -1.634016558649E-01
   -1.363272382706E-01
   -1.019359855298E-01
   -6.572795429121E-02
   -3.432744639353E-02
   -4.709064432056E-03
    2.375598751479E-02
    4.789827480731E-02
    6.568961818127E-02
    8.137653986780E-02
    9.234831756790E-02
    9.887317975971E-02
    1.027688740883E-01
    9.887317975971E-02
    9.234831756790E-02
    8.137653986780E-02
    6.568961818127E-02
    4.789827480731E-02
    2.375598751479E-02
   -4.709064432056E-03
   -3.432744639353E-02
   -6.572795429121E-02
   -1.019359855298E-01
   -1.363272382706E-01
   -1.634016558649E-01
   -1.846209023157E-01
   -1.990747212074E-01
   -2.955471895577E-01
   -2.859545217919E-01
   -2.617814068878E-01
   -2.257802700990E-01
   -1.873565604865E-01
   -1.503475652602E-01
   -1.086316192269E-01
   -6.572795429121E-02
   -3.040784617294E-02
   -1.124883382825E-04
    3.030306112355E-02
    5.065679805635E-02
    6.843455864759E-02
    8.130251048638E-02
    8.697882486432E-02
    9.145781664076E-02
    8.697882486432E-02
    8.130251048638E-02
    6.843455864759E-02
    5.065679805635E-02
    3.030306112355E-02
   -1.124883382825E-04
   -3.040784617294E-02
   -6.572795429121E-02
   -1.086316192269E-01
   -1.503475652602E-01
   -1.873565604865E-01
   -2.257802700990E-01
   -2.617814068878E-01
   -2.859545217919E-01
   -3.688998610527E-01
   -3.636211532984E-01
   -3.483405809926E-01
   -3.105996877659E-01
   -2.532147007121E-01
   -1.979243443758E-01
   -1.503475652602E-01
   -1.019359855298E-01
   -5.625827206108E-02
   -2.178022333407E-02
    1.124350841419E-02
    3.686586802216E-02
    5.465554178642E-02
    6.908098775703E-02
    7.803347867025E-02
    8.247203568636E-02
    7.803347867025E-02
    6.908098775703E-02
    5.465554178642E-02
    3.686586802216E-02
    1.124350841419E-02
   -2.178022333407E-02
   -5.625827206108E-02
   -1.019359855298E-01
   -1.503475652602E-01
   -1.979243443758E-01
   -2.532147007121E-01
   -3.105996877659E-01
   -3.483405809926E-01
   -3.636211532984E-01
   -3.419201324466E-01
   -3.488818786855E-01
   -3.656335679484E-01
   -3.670118039580E-01
   -3.261499051223E-01
   -2.532147007121E-01
   -1.873565604865E-01
   -1.363272382706E-01
   -8.326469450655E-02
   -4.036943613445E-02
   -7.262896925006E-03
    2.327893794898E-02
    4.382402683327E-02
    5.932709159905E-02
    6.892820669534E-02
    7.064714105826E-02
    6.892820669534E-02
    5.932709159905E-02
    4.382402683327E-02
    2.327893794898E-02
   -7.262896925006E-03
   -4.036943613445E-02
   -8.326469450655E-02
   -1.363272382706E-01
   -1.873565604865E-01
   -2.532147007121E-01
   -3.261499051223E-01
   -3.670118039580E-01
   -3.656335679484E-01
   -3.488818786855E-01
   -2.885769226313E-01
   -2.937149873914E-01
   -3.159393335048E-01
   -3.550072223966E-01
   -3.670118039580E-01
   -3.105996877659E-01
   -2.257802700990E-01
   -1.634016558649E-01
   -1.086450581712E-01
   -5.779322210876E-02
   -2.143980994216E-02
    1.160325501915E-02
    3.462948383401E-02
    5.038833975374E-02
    6.091710005864E-02
    6.193405531261E-02
    6.091710005864E-02
    5.038833975374E-02
    3.462948383401E-02
    1.160325501915E-02
   -2.143980994216E-02
   -5.779322210876E-02
   -1.086450581712E-01
   -1.634016558649E-01
   -2.257802700990E-01
   -3.105996877659E-01
   -3.670118039580E-01
   -3.550072223966E-01
   -3.159393335048E-01
   -2.937149873914E-01
   -3.179513149069E-01
   -3.027318652846E-01
   -2.859460664562E-01
   -3.159393335048E-01
   -3.656335679484E-01
   -3.483405809926E-01
   -2.617814068878E-01
   -1.846209023157E-01
   -1.279816578492E-01
   -7.184812498738E-02
   -3.153398578248E-02
    1.723597860907E-03
    2.669358135755E-02
    4.325647346250E-02
    5.527204432803E-02
    5.722803813942E-02
    5.527204432803E-02
    4.325647346250E-02
    2.669358135755E-02
    1.723597860907E-03
   -3.153398578248E-02
   -7.184812498738E-02
   -1.279816578492E-01
   -1.846209023157E-01
   -2.617814068878E-01
   -3.483405809926E-01
   -3.656335679484E-01
   -3.159393335048E-01
   -2.859460664562E-01
   -3.027318652846E-01
   -4.063189896224E-01
   -3.692246971439E-01
   -3.027318652846E-01
   -2.937149873914E-01
   -3.488818786855E-01
   -3.636211532984E-01
   -2.859545217919E-01
   -1.990747212074E-01
   -1.397437599506E-01
   -8.144354409195E-02
   -3.880021657123E-02
   -4.441625042217E-03
    2.261812711775E-02
    3.960019784677E-02
    5.134683481529E-02
    5.322751033305E-02
    5.134683481529E-02
    3.960019784677E-02
    2.261812711775E-02
   -4.441625042217E-03
   -3.880021657123E-02
   -8.144354409195E-02
   -1.397437599506E-01
   -1.990747212074E-01
   -2.859545217919E-01
   -3.636211532984E-01
   -3.488818786855E-01
   -2.937149873914E-01
   -3.027318652846E-01
   -3.692246971439E-01
   -1.355613759711E+00
   -1.207385292063E+00
   -8.351336545574E-01
   -4.510642996431E-01
   -2.869399499656E-01
   -3.419201324466E-01
   -3.607451000350E-01
   -2.636113854877E-01
   -1.793388176842E-01
   -1.162811398709E-01
   -6.250759783043E-02
   -2.438725532728E-02
    6.423122398341E-03
    2.545423601242E-02
    3.794345380508E-02
    4.217969020307E-02
    3.794345380508E-02
    2.545423601242E-02
    6.423122398341E-03
   -2.438725532728E-02
   -6.250759783043E-02
   -1.162811398709E-01
   -1.793388176842E-01
   -2.636113854877E-01
   -3.607451000350E-01
   -3.419201324466E-01
   -2.869399499656E-01
   -4.510642996431E-01
   -8.351336545574E-01
   -1.207385292063E+00
   -1.207385292063E+00
   -1.071761622743E+00
   -7.363409591251E-01
   -4.057002935023E-01
   -2.854773852618E-01
   -3.488818786855E-01
   -3.554136448955E-01
   -2.552577198883E-01
   -1.750372981168E-01
   -1.129955342925E-01
   -6.005001395813E-02
   -2.249376198336E-02
    8.460955733809E-03
    2.735390037749E-02
    3.933174350435E-02
    4.303532513430E-02
    3.933174350435E-02
    2.735390037749E-02
    8.460955733809E-03
   -2.249376198336E-02
   -6.005001395813E-02
   -1.129955342925E-01
   -1.750372981168E-01
   -2.552577198883E-01
   -3.554136448955E-01
   -3.488818786855E-01
   -2.854773852618E-01
   -4.057002935023E-01
   -7.363409591251E-01
   -1.071761622743E+00
   -8.351336545574E-01
   -7.363409591251E-01
   -5.057931654754E-01
   -3.171543215060E-01
   -2.986730432691E-01
   -3.656335679484E-01
   -3.361462741906E-01
   -2.334816979848E-01
   -1.625416598806E-01
   -1.017581646211E-01
   -5.205952408974E-02
   -1.632078029084E-02
    1.303260875521E-02
    3.139751200916E-02
    4.414223547787E-02
    4.737265903202E-02
    4.414223547787E-02
    3.139751200916E-02
    1.303260875521E-02
   -1.632078029084E-02
   -5.205952408974E-02
   -1.017581646211E-01
   -1.625416598806E-01
   -2.334816979848E-01
   -3.361462741906E-01
   -3.656335679484E-01
   -2.986730432691E-01
   -3.171543215060E-01
   -5.057931654754E-01
   -7.363409591251E-01
   -4.510642996431E-01
   -4.057002935023E-01
   -3.171543215060E-01
   -2.880985812541E-01
   -3.412250660920E-01
   -3.670118039580E-01
   -2.944532720678E-01
   -2.039418577929E-01
   -1.428693335686E-01
   -8.395447926804E-02
   -4.074203909702E-02
   -5.792035203051E-03
    2.112457260492E-02
    3.831210111772E-02
    5.107913039312E-02
    5.282894141162E-02
    5.107913039312E-02
    3.831210111772E-02
    2.112457260492E-02
   -5.792035203051E-03
   -4.074203909702E-02
   -8.395447926804E-02
   -1.428693335686E-01
   -2.039418577929E-01
   -2.944532720678E-01
   -3.670118039580E-01
   -3.412250660920E-01
   -2.880985812541E-01
   -3.171543215060E-01
   -4.057002935023E-01
   -2.869399499656E-01
   -2.854773852618E-01
   -2.986730432691E-01
   -3.412250660920E-01
   -3.698044254909E-01
   -3.261499051223E-01
   -2.386126386595E-01
   -1.720072461656E-01
   -1.159360888675E-01
   -6.227588568335E-02
   -2.567983565598E-02
    8.380426955204E-03
    3.178874262166E-02
    4.753711610092E-02
    5.910095795807E-02
    5.986327784560E-02
    5.910095795807E-02
    4.753711610092E-02
    3.178874262166E-02
    8.380426955204E-03
   -2.567983565598E-02
   -6.227588568335E-02
   -1.159360888675E-01
   -1.720072461656E-01
   -2.386126386595E-01
   -3.261499051223E-01
   -3.698044254909E-01
   -3.412250660920E-01
   -2.986730432691E-01
   -2.854773852618E-01
   -3.419201324466E-01
   -3.488818786855E-01
   -3.656335679484E-01
   -3.670118039580E-01
   -3.261499051223E-01
   -2.532147007121E-01
   -1.873565604865E-01
   -1.363272382706E-01
   -8.326469450655E-02
   -4.036943613445E-02
   -7.262896925006E-03
    2.327893794898E-02
    4.382402683327E-02
    5.932709159905E-02
    6.892820669534E-02
    7.064714105826E-02
    6.892820669534E-02
    5.932709159905E-02
    4.382402683327E-02
    2.327893794898E-02
   -7.262896925006E-03
   -4.036943613445E-02
   -8.326469450655E-02
   -1.363272382706E-01
   -1.873565604865E-01
   -2.532147007121E-01
   -3.261499051223E-01
   -3.670118039580E-01
   -3.656335679484E-01
   -3.488818786855E-01
   -3.607451000350E-01
   -3.554136448955E-01
   -3.361462741906E-01
   -2.944532720678E-01
   -2.386126386595E-01
   -1.873565604865E-01
   -1.432437971296E-01
   -9.564899407192E-02
   -5.093395405984E-02
   -1.753598404614E-02
    1.408851624137E-02
    3.817762990661E-02
    5.743205730518E-02
    7.253330717707E-02
    7.915273130117E-02
    8.212321854958E-02
    7.915273130117E-02
    7.253330717707E-02
    5.743205730518E-02
    3.817762990661E-02
    1.408851624137E-02
   -1.753598404614E-02
   -5.093395405984E-02
   -9.564899407192E-02
   -1.432437971296E-01
   -1.873565604865E-01
   -2.386126386595E-01
   -2.944532720678E-01
   -3.361462741906E-01
   -3.554136448955E-01
   -2.636113854877E-01
   -2.552577198883E-01
   -2.334816979848E-01
   -2.039418577929E-01
   -1.720072461656E-01
   -1.363272382706E-01
   -9.564899407192E-02
   -5.602292958161E-02
   -2.300813086690E-02
    7.066623004289E-03
    3.521998432279E-02
    5.481319512730E-02
    7.231942452256E-02
    8.461511847392E-02
    9.024523459946E-02
    9.377538107919E-02
    9.024523459946E-02
    8.461511847392E-02
    7.231942452256E-02
    5.481319512730E-02
    3.521998432279E-02
    7.066623004289E-03
   -2.300813086690E-02
   -5.602292958161E-02
   -9.564899407192E-02
   -1.363272382706E-01
   -1.720072461656E-01
   -2.039418577929E-01
   -2.334816979848E-01
   -2.552577198883E-01
   -1.793388176842E-01
   -1.750372981168E-01
   -1.625416598806E-01
   -1.428693335686E-01
   -1.159360888675E-01
   -8.326469450655E-02
   -5.093395405984E-02
   -2.300813086690E-02
    5.130578252538E-03
    3.185725513183E-02
    5.205573223681E-02
    7.118216749560E-02
    8.691033816453E-02
    9.667511292784E-02
    1.027343541507E-01
    1.044296253163E-01
    1.027343541507E-01
    9.667511292784E-02
    8.691033816453E-02
    7.118216749560E-02
    5.205573223681E-02
    3.185725513183E-02
    5.130578252538E-03
   -2.300813086690E-02
   -5.093395405984E-02
   -8.326469450655E-02
   -1.159360888675E-01
   -1.428693335686E-01
   -1.625416598806E-01
   -1.750372981168E-01
   -1.162811398709E-01
   -1.129955342925E-01
   -1.017581646211E-01
   -8.395447926804E-02
   -6.227588568335E-02
   -4.036943613445E-02
   -1.753598404614E-02
    7.066623004289E-03
    3.185725513183E-02
    5.349134978848E-02
    7.017360174925E-02
    8.760658953119E-02
    9.882090761940E-02
    1.074206790993E-01
    1.145634926991E-01
    1.148777223706E-01
    1.145634926991E-01
    1.074206790993E-01
    9.882090761940E-02
    8.760658953119E-02
    7.017360174925E-02
    5.349134978848E-02
    3.185725513183E-02
    7.066623004289E-03
   -1.753598404614E-02
   -4.036943613445E-02
   -6.227588568335E-02
   -8.395447926804E-02
   -1.017581646211E-01
   -1.129955342925E-01
   -6.250759783043E-02
   -6.005001395813E-02
   -5.205952408974E-02
   -4.074203909702E-02
   -2.567983565598E-02
   -7.262896925006E-03
    1.408851624137E-02
    3.521998432279E-02
    5.205573223681E-02
    7.017360174925E-02
    8.774504160826E-02
    1.014252247297E-01
    1.109404776920E-01
    1.189680420727E-01
    1.245152541812E-01
    1.252399208086E-01
    1.245152541812E-01
    1.189680420727E-01
    1.109404776920E-01
    1.014252247297E-01
    8.774504160826E-02
    7.017360174925E-02
    5.205573223681E-02
    3.521998432279E-02
    1.408851624137E-02
   -7.262896925006E-03
   -2.567983565598E-02
   -4.074203909702E-02
   -5.205952408974E-02
   -6.005001395813E-02
   -2.438725532728E-02
   -2.249376198336E-02
   -1.632078029084E-02
   -5.792035203051E-03
    8.380426955204E-03
    2.327893794898E-02
    3.817762990661E-02
    5.481319512730E-02
    7.118216749560E-02
    8.760658953119E-02
    1.014252247297E-01
    1.111999121850E-01
    1.217679392281E-01
    1.287519580310E-01
    1.322768208087E-01
    1.346620110649E-01
    1.322768208087E-01
    1.287519580310E-01
    1.217679392281E-01
    1.111999121850E-01
    1.014252247297E-01
    8.760658953119E-02
    7.118216749560E-02
    5.481319512730E-02
    3.817762990661E-02
    2.327893794898E-02
    8.380426955204E-03
   -5.792035203051E-03
   -1.632078029084E-02
   -2.249376198336E-02
    6.423122398341E-03
    8.460955733809E-03
    1.303260875521E-02
    2.112457260492E-02
    3.178874262166E-02
    4.382402683327E-02
    5.743205730518E-02
    7.231942452256E-02
    8.691033816453E-02
    9.882090761940E-02
    1.109404776920E-01
    1.217679392281E-01
    1.305577574456E-01
    1.357343793841E-01
    1.392679584516E-01
    1.421785914175E-01
    1.392679584516E-01
    1.357343793841E-01
    1.305577574456E-01
    1.217679392281E-01
    1.109404776920E-01
    9.882090761940E-02
    8.691033816453E-02
    7.231942452256E-02
    5.743205730518E-02
    4.382402683327E-02
    3.178874262166E-02
    2.112457260492E-02
    1.303260875521E-02
    8.460955733809E-03
    2.545423601242E-02
    2.735390037749E-02
    3.139751200916E-02
    3.831210111772E-02
    4.753711610092E-02
    5.932709159905E-02
    7.253330717707E-02
    8.461511847392E-02
    9.667511292784E-02
    1.074206790993E-01
    1.189680420727E-01
    1.287519580310E-01
    1.357343793841E-01
    1.421030970963E-01
    1.452728546615E-01
    1.459229930894E-01
    1.452728546615E-01
    1.421030970963E-01
    1.357343793841E-01
    1.287519580310E-01
    1.189680420727E-01
    1.074206790993E-01
    9.667511292784E-02
    8.461511847392E-02
    7.253330717707E-02
    5.932709159905E-02
    4.753711610092E-02
    3.831210111772E-02
    3.139751200916E-02
    2.735390037749E-02
    3.794345380508E-02
    3.933174350435E-02
    4.414223547787E-02
    5.107913039312E-02
    5.910095795807E-02
    6.892820669534E-02
    7.915273130117E-02
    9.024523459946E-02
    1.027343541507E-01
    1.145634926991E-01
    1.245152541812E-01
    1.322768208087E-01
    1.392679584516E-01
    1.452728546615E-01
    1.483946397615E-01
    1.491647496461E-01
    1.483946397615E-01
    1.452728546615E-01
    1.392679584516E-01
    1.322768208087E-01
    1.245152541812E-01
    1.145634926991E-01
    1.027343541507E-01
    9.024523459946E-02
    7.915273130117E-02
    6.892820669534E-02
    5.910095795807E-02
    5.107913039312E-02
    4.414223547787E-02
    3.933174350435E-02
    4.217969020307E-02
    4.303532513430E-02
    4.737265903202E-02
    5.282894141162E-02
    5.986327784560E-02
    7.064714105826E-02
    8.212321854958E-02
    9.377538107919E-02
    1.044296253163E-01
    1.148777223706E-01
    1.252399208086E-01
    1.346620110649E-01
    1.421785914175E-01
    1.459229930894E-01
    1.491647496461E-01
    1.514247450179E-01
    1.491647496461E-01
    1.459229930894E-01
    1.421785914175E-01
    1.346620110649E-01
    1.252399208086E-01
    1.148777223706E-01
    1.044296253163E-01
    9.377538107919E-02
    8.212321854958E-02
    7.064714105826E-02
    5.986327784560E-02
    5.282894141162E-02
    4.737265903202E-02
    4.303532513430E-02
    3.794345380508E-02
    3.933174350435E-02
    4.414223547787E-02
    5.107913039312E-02
    5.910095795807E-02
    6.892820669534E-02
    7.915273130117E-02
    9.024523459946E-02
    1.027343541507E-01
    1.145634926991E-01
    1.245152541812E-01
    1.322768208087E-01
    1.392679584516E-01
    1.452728546615E-01
    1.483946397615E-01
    1.491647496461E-01
    1.483946397615E-01
    1.452728546615E-01
    1.392679584516E-01
    1.322768208087E-01
    1.245152541812E-01
    1.145634926991E-01
    1.027343541507E-01
    9.024523459946E-02
    7.915273130117E-02
    6.892820669534E-02
    5.910095795807E-02
    5.107913039312E-02
    4.414223547787E-02
    3.933174350435E-02
    2.545423601242E-02
    2.735390037749E-02
    3.139751200916E-02
    3.831210111772E-02
    4.753711610092E-02
    5.932709159905E-02
    7.253330717707E-02
    8.461511847392E-02
    9.667511292784E-02
    1.074206790993E-01
    1.189680420727E-01
    1.287519580310E-01
    1.357343793841E-01
    1.421030970963E-01
    1.452728546615E-01
    1.459229930894E-01
    1.452728546615E-01
    1.421030970963E-01
    1.357343793841E-01
    1.287519580310E-01
    1.189680420727E-01
    1.074206790993E-01
    9.667511292784E-02
    8.461511847392E-02
    7.253330717707E-02
    5.932709159905E-02
    4.753711610092E-02
    3.831210111772E-02
    3.139751200916E-02
    2.735390037749E-02
    6.423122398341E-03
    8.460955733809E-03
    1.303260875521E-02
    2.112457260492E-02
    3.178874262166E-02
    4.382402683327E-02
    5.743205730518E-02
    7.231942452256E-02
    8.691033816453E-02
    9.882090761940E-02
    1.109404776920E-01
    1.217679392281E-01
    1.305577574456E-01
    1.357343793841E-01
    1.392679584516E-01
    1.421785914175E-01
    1.392679584516E-01
    1.357343793841E-01
    1.305577574456E-01
    1.217679392281E-01
    1.109404776920E-01
    9.882090761940E-02
    8.691033816453E-02
    7.231942452256E-02
    5.743205730518E-02
    4.382402683327E-02
    3.178874262166E-02
    2.112457260492E-02
    1.303260875521E-02
    8.460955733809E-03
   -2.438725532728E-02
   -2.249376198336E-02
   -1.632078029084E-02
   -5.792035203051E-03
    8.380426955204E-03
    2.327893794898E-02
    3.817762990661E-02
    5.481319512730E-02
    7.118216749560E-02
    8.760658953119E-02
    1.014252247297E-01
    1.111999121850E-01
    1.217679392281E-01
    1.287519580310E-01
    1.322768208087E-01
    1.346620110649E-01
    1.322768208087E-01
    1.287519580310E-01
    1.217679392281E-01
    1.111999121850E-01
    1.014252247297E-01
    8.760658953119E-02
    7.118216749560E-02
    5.481319512730E-02
    3.817762990661E-02
    2.327893794898E-02
    8.380426955204E-03
   -5.792035203051E-03
   -1.632078029084E-02
   -2.249376198336E-02
   -6.250759783043E-02
   -6.005001395813E-02
   -5.205952408974E-02
   -4.074203909702E-02
   -2.567983565598E-02
   -7.262896925006E-03
    1.408851624137E-02
    3.521998432279E-02
    5.205573223681E-02
    7.017360174925E-02
    8.774504160826E-02
    1.014252247297E-01
    1.109404776920E-01
    1.189680420727E-01
    1.245152541812E-01
    1.252399208086E-01
    1.245152541812E-01
    1.189680420727E-01
    1.109404776920E-01
    1.014252247297E-01
    8.774504160826E-02
    7.017360174925E-02
    5.205573223681E-02
    3.521998432279E-02
    1.408851624137E-02
   -7.262896925006E-03
   -2.567983565598E-02
   -4.074203909702E-02
   -5.205952408974E-02
   -6.005001395813E-02
   -1.162811398709E-01
   -1.129955342925E-01
   -1.017581646211E-01
   -8.395447926804E-02
   -6.227588568335E-02
   -4.036943613445E-02
   -1.753598404614E-02
    7.066623004288E-03
    3.185725513183E-02
    5.349134978848E-02
    7.017360174925E-02
    8.760658953119E-02
    9.882090761940E-02
    1.074206790993E-01
    1.145634926991E-01
    1.148777223706E-01
    1.145634926991E-01
    1.074206790993E-01
    9.882090761940E-02
    8.760658953119E-02
    7.017360174925E-02
    5.349134978848E-02
    3.185725513183E-02
    7.066623004289E-03
   -1.753598404614E-02
   -4.036943613445E-02
   -6.227588568335E-02
   -8.395447926804E-02
   -1.017581646211E-01
   -1.129955342925E-01
   -1.793388176842E-01
   -1.750372981168E-01
   -1.625416598806E-01
   -1.428693335686E-01
   -1.159360888675E-01
   -8.326469450655E-02
   -5.093395405984E-02
   -2.300813086690E-02
    5.130578252538E-03
    3.185725513183E-02
    5.205573223681E-02
    7.118216749560E-02
    8.691033816453E-02
    9.667511292784E-02
    1.027343541507E-01
    1.044296253163E-01
    1.027343541507E-01
    9.667511292784E-02
    8.691033816453E-02
    7.118216749560E-02
    5.205573223681E-02
    3.185725513183E-02
    5.130578252538E-03
   -2.300813086690E-02
   -5.093395405984E-02
   -8.326469450655E-02
   -1.159360888675E-01
   -1.428693335686E-01
   -1.625416598806E-01
   -1.750372981168E-01
   -2.636113854877E-01
   -2.552577198883E-01
   -2.334816979848E-01
   -2.039418577929E-01
   -1.720072461656E-01
   -1.363272382706E-01
   -9.564899407192E-02
   -5.602292958161E-02
   -2.300813086690E-02
    7.066623004289E-03
    3.521998432279E-02
    5.481319512730E-02
    7.231942452256E-02
    8.461511847392E-02
    9.024523459946E-02
    9.377538107919E-02
    9.024523459946E-02
    8.461511847392E-02
    7.231942452256E-02
    5.481319512730E-02
    3.521998432279E-02
    7.066623004289E-03
   -2.300813086690E-02
   -5.602292958161E-02
   -9.564899407192E-02
   -1.363272382706E-01
   -1.720072461656E-01
   -2.039418577929E-01
   -2.334816979848E-01
   -2.552577198883E-01
   -3.607451000350E-01
   -3.554136448955E-01
   -3.361462741906E-01
   -2.944532720678E-01
   -2.386126386595E-01
   -1.873565604865E-01
   -1.432437971296E-01
   -9.564899407192E-02
   -5.093395405984E-02
   -1.753598404614E-02
    1.408851624137E-02
    3.817762990661E-02
    5.743205730518E-02
    7.253330717707E-02
    7.915273130117E-02
    8.212321854958E-02
    7.915273130117E-02
    7.253330717707E-02
    5.743205730518E-02
    3.817762990661E-02
    1.408851624137E-02
   -1.753598404614E-02
   -5.093395405984E-02
   -9.564899407192E-02
   -1.432437971296E-01
   -1.873565604865E-01
   -2.386126386595E-01
   -2.944532720678E-01
   -3.361462741906E-01
   -3.554136448955E-01
   -3.419201324466E-01
   -3.488818786855E-01
   -3.656335679484E-01
   -3.670118039580E-01
   -3.261499051223E-01
   -2.532147007121E-01
   -1.873565604865E-01
   -1.363272382706E-01
   -8.326469450655E-02
   -4.036943613445E-02
   -7.262896925006E-03
    2.327893794898E-02
    4.382402683327E-02
    5.932709159905E-02
    6.892820669534E-02
    7.064714105826E-02
    6.892820669534E-02
    5.932709159905E-02
    4.382402683327E-02
    2.327893794898E-02
   -7.262896925006E-03
   -4.036943613445E-02
   -8.326469450655E-02
   -1.363272382706E-01
   -1.873565604865E-01
   -2.532147007121E-01
   -3.261499051223E-01
   -3.670118039580E-01
   -3.656335679484E-01
   -3.488818786855E-01
   -2.869399499656E-01
   -2.854773852618E-01
   -2.986730432691E-01
   -3.412250660920E-01
   -3.698044254909E-01
   -3.261499051223E-01
   -2.386126386595E-01
   -1.720072461656E-01
   -1.159360888675E-01
   -6.227588568335E-02
   -2.567983565598E-02
    8.380426955204E-03
    3.178874262166E-02
    4.753711610092E-02
    5.910095795807E-02
    5.986327784560E-02
    5.910095795807E-02
    4.753711610092E-02
    3.178874262166E-02
    8.380426955204E-03
   -2.567983565598E-02
   -6.227588568335E-02
   -1.159360888675E-01
   -1.720072461656E-01
   -2.386126386595E-01
   -3.261499051223E-01
   -3.698044254909E-01
   -3.412250660920E-01
   -2.986730432691E-01
   -2.854773852618E-01
   -4.510642996431E-01
   -4.057002935023E-01
   -3.171543215060E-01
   -2.880985812541E-01
   -3.412250660920E-01
   -3.670118039580E-01
   -2.944532720678E-01
   -2.039418577929E-01
   -1.428693335686E-01
   -8.395447926804E-02
   -4.074203909702E-02
   -5.792035203051E-03
    2.112457260492E-02
    3.831210111772E-02
    5.107913039312E-02
    5.282894141162E-02
    5.107913039312E-02
    3.831210111772E-02
    2.112457260492E-02
   -5.792035203051E-03
   -4.074203909702E-02
   -8.395447926804E-02
   -1.428693335686E-01
   -2.039418577929E-01
   -2.944532720678E-01
   -3.670118039580E-01
   -3.412250660920E-01
   -2.880985812541E-01
   -3.171543215060E-01
   -4.057002935023E-01
   -8.351336545574E-01
   -7.363409591251E-01
   -5.057931654754E-01
   -3.171543215060E-01
   -2.986730432691E-01
   -3.656335679484E-01
   -3.361462741906E-01
   -2.334816979848E-01
   -1.625416598806E-01
   -1.017581646211E-01
   -5.205952408974E-02
   -1.632078029084E-02
    1.303260875521E-02
    3.139751200916E-02
    4.414223547787E-02
    4.737265903202E-02
    4.414223547787E-02
    3.139751200916E-02
    1.303260875521E-02
   -1.632078029084E-02
   -5.205952408974E-02
   -1.017581646211E-01
   -1.625416598806E-01
   -2.334816979848E-01
   -3.361462741906E-01
   -3.656335679484E-01
   -2.986730432691E-01
   -3.171543215060E-01
   -5.057931654754E-01
   -7.363409591251E-01
   -1.207385292063E+00
   -1.071761622743E+00
   -7.363409591251E-01
   -4.057002935023E-01
   -2.854773852618E-01
   -3.488818786855E-01
   -3.554136448955E-01
   -2.552577198883E-01
   -1.750372981168E-01
   -1.129955342925E-01
   -6.005001395813E-02
   -2.249376198336E-02
    8.460955733809E-03
    2.735390037749E-02
    3.933174350435E-02
    4.303532513430E-02
    3.933174350435E-02
    2.735390037749E-02
    8.460955733809E-03
   -2.249376198336E-02
   -6.005001395813E-02
   -1.129955342925E-01
   -1.750372981168E-01
   -2.552577198883E-01
   -3.554136448955E-01
   -3.488818786855E-01
   -2.854773852618E-01
   -4.057002935023E-01
   -7.363409591251E-01
   -1.071761622743E+00
   -2.688316305706E+00
   -2.473523501577E+00
   -1.869262006642E+00
   -1.071217408297E+00
   -4.510642996431E-01
   -2.885769226313E-01
   -3.656294933003E-01
   -3.214747491254E-01
   -2.130267435241E-01
   -1.434314490618E-01
   -8.259329185686E-02
   -3.967019487994E-02
   -7.755387308600E-03
    1.578809013230E-02
    2.809250552690E-02
    3.341853167778E-02
    2.809250552690E-02
    1.578809013230E-02
   -7.755387308600E-03
   -3.967019487994E-02
   -8.259329185686E-02
   -1.434314490618E-01
   -2.130267435241E-01
   -3.214747491254E-01
   -3.656294933003E-01
   -2.885769226313E-01
   -4.510642996431E-01
   -1.071217408297E+00
   -1.869262006642E+00
   -2.473523501577E+00
   -2.473523501577E+00
   -2.265167314342E+00
   -1.687959816551E+00
   -9.483405114784E-01
   -4.057002935023E-01
   -2.937149873914E-01
   -3.693225521702E-01
   -3.130216951078E-01
   -2.076706963870E-01
   -1.397535483681E-01
   -7.955364206572E-02
   -3.755381473928E-02
   -4.969026249557E-03
    1.774009354121E-02
    2.948727004298E-02
    3.472254043107E-02
    2.948727004298E-02
    1.774009354121E-02
   -4.969026249557E-03
   -3.755381473928E-02
   -7.955364206572E-02
   -1.397535483681E-01
   -2.076706963870E-01
   -3.130216951078E-01
   -3.693225521702E-01
   -2.937149873914E-01
   -4.057002935023E-01
   -9.483405114784E-01
   -1.687959816551E+00
   -2.265167314342E+00
   -1.869262006642E+00
   -1.687959816551E+00
   -1.207076751948E+00
   -6.484923946383E-01
   -3.171543215060E-01
   -3.159393335048E-01
   -3.704978066455E-01
   -2.873567196770E-01
   -1.928883188932E-01
   -1.279820034297E-01
   -7.019803346189E-02
   -3.089712789898E-02
    1.459616769601E-03
    2.185301841892E-02
    3.328219840703E-02
    3.813991336318E-02
    3.328219840703E-02
    2.185301841892E-02
    1.459616769601E-03
   -3.089712789898E-02
   -7.019803346189E-02
   -1.279820034297E-01
   -1.928883188932E-01
   -2.873567196770E-01
   -3.704978066455E-01
   -3.159393335048E-01
   -3.171543215060E-01
   -6.484923946383E-01
   -1.207076751948E+00
   -1.687959816551E+00
   -1.071217408297E+00
   -9.483405114784E-01
   -6.484923946383E-01
   -3.687669713278E-01
   -2.880985812541E-01
   -3.550072223966E-01
   -3.488250107292E-01
   -2.474286043962E-01
   -1.708136792201E-01
   -1.088719579903E-01
   -5.734240744504E-02
   -2.061369946093E-02
    1.014872158823E-02
    2.888637434323E-02
    4.132805857471E-02
    4.487719086864E-02
    4.132805857471E-02
    2.888637434323E-02
    1.014872158823E-02
   -2.061369946093E-02
   -5.734240744504E-02
   -1.088719579903E-01
   -1.708136792201E-01
   -2.474286043962E-01
   -3.488250107292E-01
   -3.550072223966E-01
   -2.880985812541E-01
   -3.687669713278E-01
   -6.484923946383E-01
   -9.483405114784E-01
   -4.510642996431E-01
   -4.057002935023E-01
   -3.171543215060E-01
   -2.880985812541E-01
   -3.412250660920E-01
   -3.670118039580E-01
   -2.944532720678E-01
   -2.039418577929E-01
   -1.428693335686E-01
   -8.395447926804E-02
   -4.074203909702E-02
   -5.792035203051E-03
    2.112457260492E-02
    3.831210111772E-02
    5.107913039312E-02
    5.282894141162E-02
    5.107913039312E-02
    3.831210111772E-02
    2.112457260492E-02
   -5.792035203051E-03
   -4.074203909702E-02
   -8.395447926804E-02
   -1.428693335686E-01
   -2.039418577929E-01
   -2.944532720678E-01
   -3.670118039580E-01
   -3.412250660920E-01
   -2.880985812541E-01
   -3.171543215060E-01
   -4.057002935023E-01
   -2.885769226313E-01
   -2.937149873914E-01
   -3.159393335048E-01
   -3.550072223966E-01
   -3.670118039580E-01
   -3.105996877659E-01
   -2.257802700990E-01
   -1.634016558649E-01
   -1.086450581712E-01
   -5.779322210876E-02
   -2.143980994216E-02
    1.160325501915E-02
    3.462948383401E-02
    5.038833975374E-02
    6.091710005864E-02
    6.193405531261E-02
    6.091710005864E-02
    5.038833975374E-02
    3.462948383401E-02
    1.160325501915E-02
   -2.143980994216E-02
   -5.779322210876E-02
   -1.086450581712E-01
   -1.634016558649E-01
   -2.257802700990E-01
   -3.105996877659E-01
   -3.670118039580E-01
   -3.550072223966E-01
   -3.159393335048E-01
   -2.937149873914E-01
   -3.656294933003E-01
   -3.693225521702E-01
   -3.704978066455E-01
   -3.488250107292E-01
   -2.944532720678E-01
   -2.257802700990E-01
   -1.706088522910E-01
   -1.213471293935E-01
   -7.108483144658E-02
   -3.278054522399E-02
    4.704517562470E-04
    2.870570728658E-02
    4.858746780700E-02
    6.355239054101E-02
    7.227386237910E-02
    7.533936525921E-02
    7.227386237910E-02
    6.355239054100E-02
    4.858746780700E-02
    2.870570728658E-02
    4.704517562469E-04
   -3.278054522399E-02
   -7.108483144658E-02
   -1.213471293935E-01
   -1.706088522910E-01
   -2.257802700990E-01
   -2.944532720678E-01
   -3.488250107292E-01
   -3.704978066455E-01
   -3.693225521702E-01
   -3.214747491254E-01
   -3.130216951078E-01
   -2.873567196770E-01
   -2.474286043962E-01
   -2.039418577929E-01
   -1.634016558649E-01
   -1.213471293935E-01
   -7.594533759331E-02
   -3.855664725973E-02
   -7.375847030612E-03
    2.433733700244E-02
    4.619934319049E-02
    6.351710184199E-02
    7.640683726806E-02
    8.356594692321E-02
    8.809523323199E-02
    8.356594692321E-02
    7.640683726806E-02
    6.351710184199E-02
    4.619934319049E-02
    2.433733700244E-02
   -7.375847030612E-03
   -3.855664725973E-02
   -7.594533759331E-02
   -1.213471293935E-01
   -1.634016558649E-01
   -2.039418577929E-01
   -2.474286043962E-01
   -2.873567196770E-01
   -3.130216951078E-01
   -2.130267435241E-01
   -2.076706963870E-01
   -1.928883188932E-01
   -1.708136792201E-01
   -1.428693335686E-01
   -1.086450581712E-01
   -7.108483144658E-02
   -3.855664725973E-02
   -9.702363828493E-03
    2.002255412688E-02
    4.411396869643E-02
    6.253880548848E-02
    7.935169379931E-02
    9.041813132507E-02
    9.629883207494E-02
    9.882573033869E-02
    9.629883207494E-02
    9.041813132507E-02
    7.935169379931E-02
    6.253880548848E-02
    4.411396869643E-02
    2.002255412688E-02
   -9.702363828493E-03
   -3.855664725973E-02
   -7.108483144658E-02
   -1.086450581712E-01
   -1.428693335686E-01
   -1.708136792201E-01
   -1.928883188932E-01
   -2.076706963870E-01
   -1.434314490618E-01
   -1.397535483681E-01
   -1.279820034297E-01
   -1.088719579903E-01
   -8.395447926804E-02
   -5.779322210876E-02
   -3.278054522399E-02
   -7.375847030612E-03
    2.002255412688E-02
    4.412893124973E-02
    6.161940750452E-02
    7.987257337169E-02
    9.290468800459E-02
    1.018865971908E-01
    1.087670167601E-01
    1.095747752580E-01
    1.087670167601E-01
    1.018865971908E-01
    9.290468800459E-02
    7.987257337169E-02
    6.161940750452E-02
    4.412893124973E-02
    2.002255412688E-02
   -7.375847030612E-03
   -3.278054522399E-02
   -5.779322210876E-02
   -8.395447926804E-02
   -1.088719579903E-01
   -1.279820034297E-01
   -1.397535483681E-01
   -8.259329185686E-02
   -7.955364206572E-02
   -7.019803346189E-02
   -5.734240744504E-02
   -4.074203909702E-02
   -2.143980994216E-02
    4.704517562470E-04
    2.433733700244E-02
    4.411396869643E-02
    6.161940750452E-02
    7.904915349682E-02
    9.497342735478E-02
    1.053756310764E-01
    1.136962031819E-01
    1.192861183646E-01
    1.195361786250E-01
    1.192861183646E-01
    1.136962031819E-01
    1.053756310764E-01
    9.497342735478E-02
    7.904915349682E-02
    6.161940750452E-02
    4.411396869643E-02
    2.433733700244E-02
    4.704517562471E-04
   -2.143980994216E-02
   -4.074203909702E-02
   -5.734240744504E-02
   -7.019803346189E-02
   -7.955364206572E-02
   -3.967019487994E-02
   -3.755381473928E-02
   -3.089712789898E-02
   -2.061369946093E-02
   -5.792035203051E-03
    1.160325501915E-02
    2.870570728658E-02
    4.619934319049E-02
    6.253880548848E-02
    7.987257337169E-02
    9.497342735478E-02
    1.052106299219E-01
    1.161468943762E-01
    1.240066232039E-01
    1.277889962275E-01
    1.298093193692E-01
    1.277889962275E-01
    1.240066232039E-01
    1.161468943762E-01
    1.052106299219E-01
    9.497342735478E-02
    7.987257337169E-02
    6.253880548848E-02
    4.619934319049E-02
    2.870570728658E-02
    1.160325501915E-02
   -5.792035203051E-03
   -2.061369946093E-02
   -3.089712789898E-02
   -3.755381473928E-02
   -7.755387308601E-03
   -4.969026249557E-03
    1.459616769601E-03
    1.014872158823E-02
    2.112457260492E-02
    3.462948383401E-02
    4.858746780700E-02
    6.351710184199E-02
    7.935169379931E-02
    9.290468800459E-02
    1.053756310764E-01
    1.161468943762E-01
    1.256679139761E-01
    1.310949469073E-01
    1.347494913858E-01
    1.379317669243E-01
    1.347494913858E-01
    1.310949469073E-01
    1.256679139761E-01
    1.161468943762E-01
    1.053756310764E-01
    9.290468800459E-02
    7.935169379931E-02
    6.351710184199E-02
    4.858746780700E-02
    3.462948383401E-02
    2.112457260492E-02
    1.014872158823E-02
    1.459616769601E-03
   -4.969026249557E-03
    1.578809013230E-02
    1.774009354121E-02
    2.185301841892E-02
    2.888637434323E-02
    3.831210111772E-02
    5.038833975374E-02
    6.355239054101E-02
    7.640683726806E-02
    9.041813132507E-02
    1.018865971908E-01
    1.136962031819E-01
    1.240066232039E-01
    1.310949469073E-01
    1.379328849936E-01
    1.412002353997E-01
    1.415466433261E-01
    1.412002353997E-01
    1.379328849936E-01
    1.310949469073E-01
    1.240066232039E-01
    1.136962031819E-01
    1.018865971908E-01
    9.041813132507E-02
    7.640683726806E-02
    6.355239054101E-02
    5.038833975374E-02
    3.831210111772E-02
    2.888637434323E-02
    2.185301841892E-02
    1.774009354121E-02
    2.809250552690E-02
    2.948727004298E-02
    3.328219840703E-02
    4.132805857471E-02
    5.107913039312E-02
    6.091710005864E-02
    7.227386237910E-02
    8.356594692321E-02
    9.629883207494E-02
    1.087670167601E-01
    1.192861183646E-01
    1.277889962275E-01
    1.347494913858E-01
    1.412002353997E-01
    1.445715441472E-01
    1.450656118569E-01
    1.445715441472E-01
    1.412002353997E-01
    1.347494913858E-01
    1.277889962275E-01
    1.192861183646E-01
    1.087670167601E-01
    9.629883207494E-02
    8.356594692321E-02
    7.227386237910E-02
    6.091710005864E-02
    5.107913039312E-02
    4.132805857471E-02
    3.328219840703E-02
    2.948727004298E-02
    3.341853167778E-02
    3.472254043107E-02
    3.813991336318E-02
    4.487719086864E-02
    5.282894141162E-02
    6.193405531261E-02
    7.533936525921E-02
    8.809523323199E-02
    9.882573033869E-02
    1.095747752580E-01
    1.195361786250E-01
    1.298093193692E-01
    1.379317669243E-01
    1.415466433261E-01
    1.450656118569E-01
    1.476340316403E-01
    1.450656118569E-01
    1.415466433261E-01
    1.379317669243E-01
    1.298093193692E-01
    1.195361786250E-01
    1.095747752580E-01
    9.882573033869E-02
    8.809523323199E-02
    7.533936525921E-02
    6.193405531261E-02
    5.282894141162E-02
    4.487719086864E-02
    3.813991336318E-02
    3.472254043107E-02
    2.809250552690E-02
    2.948727004298E-02
    3.328219840703E-02
    4.132805857471E-02
    5.107913039312E-02
    6.091710005864E-02
    7.227386237910E-02
    8.356594692321E-02
    9.629883207494E-02
    1.087670167601E-01
    1.192861183646E-01
    1.277889962275E-01
    1.347494913858E-01
    1.412002353997E-01
    1.445715441472E-01
    1.450656118569E-01
    1.445715441472E-01
    1.412002353997E-01
    1.347494913858E-01
    1.277889962275E-01
    1.192861183646E-01
    1.087670167601E-01
    9.629883207494E-02
    8.356594692321E-02
    7.227386237910E-02
    6.091710005864E-02
    5.107913039312E-02
    4.132805857471E-02
    3.328219840703E-02
    2.948727004298E-02
    1.578809013230E-02
    1.774009354121E-02
    2.185301841892E-02
    2.888637434323E-02
    3.831210111772E-02
    5.038833975374E-02
    6.355239054101E-02
    7.640683726806E-02
    9.041813132507E-02
    1.018865971908E-01
    1.136962031819E-01
    1.240066232039E-01
    1.310949469073E-01
    1.379328849936E-01
    1.412002353997E-01
    1.415466433261E-01
    1.412002353997E-01
    1.379328849936E-01
    1.310949469073E-01
    1.240066232039E-01
    1.136962031819E-01
    1.018865971908E-01
    9.041813132507E-02
    7.640683726806E-02
    6.355239054101E-02
    5.038833975374E-02
    3.831210111772E-02
    2.888637434323E-02
    2.185301841892E-02
    1.774009354121E-02
   -7.755387308600E-03
   -4.969026249557E-03
    1.459616769601E-03
    1.014872158823E-02
    2.112457260492E-02
    3.462948383401E-02
    4.858746780700E-02
    6.351710184199E-02
    7.935169379931E-02
    9.290468800459E-02
    1.053756310764E-01
    1.161468943762E-01
    1.256679139761E-01
    1.310949469073E-01
    1.347494913858E-01
    1.379317669243E-01
    1.347494913858E-01
    1.310949469073E-01
    1.256679139761E-01
    1.161468943762E-01
    1.053756310764E-01
    9.290468800459E-02
    7.935169379931E-02
    6.351710184199E-02
    4.858746780700E-02
    3.462948383401E-02
    2.112457260492E-02
    1.014872158823E-02
    1.459616769601E-03
   -4.969026249556E-03
   -3.967019487994E-02
   -3.755381473928E-02
   -3.089712789898E-02
   -2.061369946093E-02
   -5.792035203051E-03
    1.160325501915E-02
    2.870570728658E-02
    4.619934319049E-02
    6.253880548848E-02
    7.987257337169E-02
    9.497342735478E-02
    1.052106299219E-01
    1.161468943762E-01
    1.240066232039E-01
    1.277889962275E-01
    1.298093193692E-01
    1.277889962275E-01
    1.240066232039E-01
    1.161468943762E-01
    1.052106299219E-01
    9.497342735478E-02
    7.987257337169E-02
    6.253880548848E-02
    4.619934319049E-02
    2.870570728658E-02
    1.160325501915E-02
   -5.792035203051E-03
   -2.061369946093E-02
   -3.089712789898E-02
   -3.755381473928E-02
   -8.259329185686E-02
   -7.955364206572E-02
   -7.019803346189E-02
   -5.734240744504E-02
   -4.074203909702E-02
   -2.143980994216E-02
    4.704517562471E-04
    2.433733700244E-02
    4.411396869643E-02
    6.161940750452E-02
    7.904915349682E-02
    9.497342735478E-02
    1.053756310764E-01
    1.136962031819E-01
    1.192861183646E-01
    1.195361786250E-01
    1.192861183646E-01
    1.136962031819E-01
    1.053756310764E-01
    9.497342735478E-02
    7.904915349682E-02
    6.161940750452E-02
    4.411396869643E-02
    2.433733700244E-02
    4.704517562470E-04
   -2.143980994216E-02
   -4.074203909702E-02
   -5.734240744504E-02
   -7.019803346189E-02
   -7.955364206572E-02
   -1.434314490618E-01
   -1.397535483681E-01
   -1.279820034297E-01
   -1.088719579903E-01
   -8.395447926804E-02
   -5.779322210876E-02
   -3.278054522399E-02
   -7.375847030612E-03
    2.002255412688E-02
    4.412893124973E-02
    6.161940750452E-02
    7.987257337169E-02
    9.290468800459E-02
    1.018865971908E-01
    1.087670167601E-01
    1.095747752580E-01
    1.087670167601E-01
    1.018865971908E-01
    9.290468800459E-02
    7.987257337169E-02
    6.161940750452E-02
    4.412893124973E-02
    2.002255412688E-02
   -7.375847030612E-03
   -3.278054522399E-02
   -5.779322210876E-02
   -8.395447926804E-02
   -1.088719579903E-01
   -1.279820034297E-01
   -1.397535483681E-01
   -2.130267435241E-01
   -2.076706963870E-01
   -1.928883188932E-01
   -1.708136792201E-01
   -1.428693335686E-01
   -1.086450581712E-01
   -7.108483144658E-02
   -3.855664725973E-02
   -9.702363828493E-03
    2.002255412688E-02
    4.411396869643E-02
    6.253880548848E-02
    7.935169379931E-02
    9.041813132507E-02
    9.629883207494E-02
    9.882573033869E-02
    9.629883207494E-02
    9.041813132507E-02
    7.935169379931E-02
    6.253880548848E-02
    4.411396869643E-02
    2.002255412688E-02
   -9.702363828493E-03
   -3.855664725973E-02
   -7.108483144658E-02
   -1.086450581712E-01
   -1.428693335686E-01
   -1.708136792201E-01
   -1.928883188932E-01
   -2.076706963870E-01
   -3.214747491254E-01
   -3.130216951078E-01
   -2.873567196770E-01
   -2.474286043962E-01
   -2.039418577929E-01
   -1.634016558649E-01
   -1.213471293935E-01
   -7.594533759331E-02
   -3.855664725973E-02
   -7.375847030612E-03
    2.433733700244E-02
    4.619934319049E-02
    6.351710184199E-02
    7.640683726806E-02
    8.356594692321E-02
    8.809523323199E-02
    8.356594692321E-02
    7.640683726806E-02
    6.351710184199E-02
    4.619934319049E-02
    2.433733700244E-02
   -7.375847030612E-03
   -3.855664725973E-02
   -7.594533759331E-02
   -1.213471293935E-01
   -1.634016558649E-01
   -2.039418577929E-01
   -2.474286043962E-01
   -2.873567196770E-01
   -3.130216951078E-01
   -3.656294933003E-01
   -3.693225521702E-01
   -3.704978066455E-01
   -3.488250107292E-01
   -2.944532720678E-01
   -2.257802700990E-01
   -1.706088522910E-01
   -1.213471293935E-01
   -7.108483144658E-02
   -3.278054522399E-02
    4.704517562470E-04
    2.870570728658E-02
    4.858746780700E-02
    6.355239054100E-02
    7.227386237910E-02
    7.533936525921E-02
    7.227386237910E-02
    6.355239054100E-02
    4.858746780700E-02
    2.870570728658E-02
    4.704517562471E-04
   -3.278054522399E-02
   -7.108483144658E-02
   -1.213471293935E-01
   -1.706088522910E-01
   -2.257802700990E-01
   -2.944532720678E-01
   -3.488250107292E-01
   -3.704978066455E-01
   -3.693225521702E-01
   -2.885769226313E-01
   -2.937149873914E-01
   -3.159393335048E-01
   -3.550072223966E-01
   -3.670118039580E-01
   -3.105996877659E-01
   -2.257802700990E-01
   -1.634016558649E-01
   -1.086450581712E-01
   -5.779322210876E-02
   -2.143980994216E-02
    1.160325501915E-02
    3.462948383401E-02
    5.038833975374E-02
    6.091710005864E-02
    6.193405531261E-02
    6.091710005864E-02
    5.038833975374E-02
    3.462948383401E-02
    1.160325501915E-02
   -2.143980994216E-02
   -5.779322210876E-02
   -1.086450581712E-01
   -1.634016558649E-01
   -2.257802700990E-01
   -3.105996877659E-01
   -3.670118039580E-01
   -3.550072223966E-01
   -3.159393335048E-01
   -2.937149873914E-01
   -4.510642996431E-01
   -4.057002935023E-01
   -3.171543215060E-01
   -2.880985812541E-01
   -3.412250660920E-01
   -3.670118039580E-01
   -2.944532720678E-01
   -2.039418577929E-01
   -1.428693335686E-01
   -8.395447926804E-02
   -4.074203909702E-02
   -5.792035203051E-03
    2.112457260492E-02
    3.831210111772E-02
    5.107913039312E-02
    5.282894141162E-02
    5.107913039312E-02
    3.831210111772E-02
    2.112457260492E-02
   -5.792035203051E-03
   -4.074203909702E-02
   -8.395447926804E-02
   -1.428693335686E-01
   -2.039418577929E-01
   -2.944532720678E-01
   -3.670118039580E-01
   -3.412250660920E-01
   -2.880985812541E-01
   -3.171543215060E-01
   -4.057002935023E-01
   -1.071217408297E+00
   -9.483405114784E-01
   -6.484923946383E-01
   -3.687669713278E-01
   -2.880985812541E-01
   -3.550072223966E-01
   -3.488250107292E-01
   -2.474286043962E-01
   -1.708136792201E-01
   -1.088719579903E-01
   -5.734240744504E-02
   -2.061369946093E-02
    1.014872158823E-02
    2.888637434323E-02
    4.132805857471E-02
    4.487719086864E-02
    4.132805857471E-02
    2.888637434323E-02
    1.014872158823E-02
   -2.061369946093E-02
   -5.734240744504E-02
   -1.088719579903E-01
   -1.708136792201E-01
   -2.474286043962E-01
   -3.488250107292E-01
   -3.550072223966E-01
   -2.880985812541E-01
   -3.687669713278E-01
   -6.484923946383E-01
   -9.483405114784E-01
   -1.869262006642E+00
   -1.687959816551E+00
   -1.207076751948E+00
   -6.484923946383E-01
   -3.171543215060E-01
   -3.159393335048E-01
   -3.704978066455E-01
   -2.873567196770E-01
   -1.928883188932E-01
   -1.279820034297E-01
   -7.019803346189E-02
   -3.089712789898E-02
    1.459616769601E-03
    2.185301841892E-02
    3.328219840703E-02
    3.813991336318E-02
    3.328219840703E-02
    2.185301841892E-02
    1.459616769601E-03
   -3.089712789898E-02
   -7.019803346189E-02
   -1.279820034297E-01
   -1.928883188932E-01
   -2.873567196770E-01
   -3.704978066455E-01
   -3.159393335048E-01
   -3.171543215060E-01
   -6.484923946383E-01
   -1.207076751948E+00
   -1.687959816551E+00
   -2.473523501577E+00
   -2.265167314342E+00
   -1.687959816551E+00
   -9.483405114784E-01
   -4.057002935023E-01
   -2.937149873914E-01
   -3.693225521702E-01
   -3.130216951078E-01
   -2.076706963870E-01
   -1.397535483681E-01
   -7.955364206572E-02
   -3.755381473928E-02
   -4.969026249557E-03
    1.774009354121E-02
    2.948727004298E-02
    3.472254043107E-02
    2.948727004298E-02
    1.774009354121E-02
   -4.969026249557E-03
   -3.755381473928E-02
   -7.955364206572E-02
   -1.397535483681E-01
   -2.076706963870E-01
   -3.130216951078E-01
   -3.693225521702E-01
   -2.937149873914E-01
   -4.057002935023E-01
   -9.483405114784E-01
   -1.687959816551E+00
   -2.265167314342E+00
   -3.770013280001E+00
   -3.566537680075E+00
   -2.908054513819E+00
   -1.869262006642E+00
   -8.351336545574E-01
   -3.179513149069E-01
   -3.346528222637E-01
   -3.580079939586E-01
   -2.445800511849E-01
   -1.641277602206E-01
   -9.914091739268E-02
   -4.986296397147E-02
   -1.733550234035E-02
    8.604333602232E-03
    1.974419909458E-02
    2.597096741706E-02
    1.974419909458E-02
    8.604333602232E-03
   -1.733550234035E-02
   -4.986296397147E-02
   -9.914091739268E-02
   -1.641277602206E-01
   -2.445800511849E-01
   -3.580079939586E-01
   -3.346528222637E-01
   -3.179513149069E-01
   -8.351336545574E-01
   -1.869262006642E+00
   -2.908054513819E+00
   -3.566537680075E+00
   -3.566537680075E+00
   -3.352011214067E+00
   -2.688613602390E+00
   -1.687959816551E+00
   -7.363409591251E-01
   -3.027318652846E-01
   -3.429077979989E-01
   -3.515005952537E-01
   -2.373931513980E-01
   -1.598569834176E-01
   -9.593999149341E-02
   -4.848546647024E-02
   -1.559153305502E-02
    1.010164684204E-02
    2.202454692593E-02
    2.882593126008E-02
    2.202454692593E-02
    1.010164684204E-02
   -1.559153305502E-02
   -4.848546647024E-02
   -9.593999149341E-02
   -1.598569834176E-01
   -2.373931513980E-01
   -3.515005952537E-01
   -3.429077979989E-01
   -3.027318652846E-01
   -7.363409591251E-01
   -1.687959816551E+00
   -2.688613602390E+00
   -3.352011214067E+00
   -2.908054513819E+00
   -2.688613602390E+00
   -2.060771146023E+00
   -1.207076751948E+00
   -5.057931654754E-01
   -2.859460664562E-01
   -3.619889041288E-01
   -3.295075504358E-01
   -2.190981733374E-01
   -1.474826215418E-01
   -8.526915435688E-02
   -4.192948468816E-02
   -9.105423056648E-03
    1.421384279699E-02
    2.604777327772E-02
    3.267356930363E-02
    2.604777327772E-02
    1.421384279699E-02
   -9.105423056648E-03
   -4.192948468816E-02
   -8.526915435688E-02
   -1.474826215418E-01
   -2.190981733374E-01
   -3.295075504358E-01
   -3.619889041288E-01
   -2.859460664562E-01
   -5.057931654754E-01
   -1.207076751948E+00
   -2.060771146023E+00
   -2.688613602390E+00
   -1.869262006642E+00
   -1.687959816551E+00
   -1.207076751948E+00
   -6.484923946383E-01
   -3.171543215060E-01
   -3.159393335048E-01
   -3.704978066455E-01
   -2.873567196770E-01
   -1.928883188932E-01
   -1.279820034297E-01
   -7.019803346189E-02
   -3.089712789898E-02
    1.459616769601E-03
    2.185301841892E-02
    3.328219840703E-02
    3.813991336318E-02
    3.328219840703E-02
    2.185301841892E-02
    1.459616769601E-03
   -3.089712789898E-02
   -7.019803346189E-02
   -1.279820034297E-01
   -1.928883188932E-01
   -2.873567196770E-01
   -3.704978066455E-01
   -3.159393335048E-01
   -3.171543215060E-01
   -6.484923946383E-01
   -1.207076751948E+00
   -1.687959816551E+00
   -8.351336545574E-01
   -7.363409591251E-01
   -5.057931654754E-01
   -3.171543215060E-01
   -2.986730432691E-01
   -3.656335679484E-01
   -3.361462741906E-01
   -2.334816979848E-01
   -1.625416598806E-01
   -1.017581646211E-01
   -5.205952408974E-02
   -1.632078029084E-02
    1.303260875521E-02
    3.139751200916E-02
    4.414223547787E-02
    4.737265903202E-02
    4.414223547787E-02
    3.139751200916E-02
    1.303260875521E-02
   -1.632078029084E-02
   -5.205952408974E-02
   -1.017581646211E-01
   -1.625416598806E-01
   -2.334816979848E-01
   -3.361462741906E-01
   -3.656335679484E-01
   -2.986730432691E-01
   -3.171543215060E-01
   -5.057931654754E-01
   -7.363409591251E-01
   -3.179513149069E-01
   -3.027318652846E-01
   -2.859460664562E-01
   -3.159393335048E-01
   -3.656335679484E-01
   -3.483405809926E-01
   -2.617814068878E-01
   -1.846209023157E-01
   -1.279816578492E-01
   -7.184812498738E-02
   -3.153398578248E-02
    1.723597860907E-03
    2.669358135755E-02
    4.325647346250E-02
    5.527204432803E-02
    5.722803813942E-02
    5.527204432803E-02
    4.325647346250E-02
    2.669358135755E-02
    1.723597860907E-03
   -3.153398578248E-02
   -7.184812498738E-02
   -1.279816578492E-01
   -1.846209023157E-01
   -2.617814068878E-01
   -3.483405809926E-01
   -3.656335679484E-01
   -3.159393335048E-01
   -2.859460664562E-01
   -3.027318652846E-01
   -3.346528222637E-01
   -3.429077979989E-01
   -3.619889041288E-01
   -3.704978066455E-01
   -3.361462741906E-01
   -2.617814068878E-01
   -1.937955285831E-01
   -1.414646900305E-01
   -8.743684091446E-02
   -4.342361764880E-02
   -9.631616964304E-03
    2.057170757645E-02
    4.192325039690E-02
    5.728604975433E-02
    6.710270005295E-02
    6.983587283497E-02
    6.710270005295E-02
    5.728604975433E-02
    4.192325039690E-02
    2.057170757645E-02
   -9.631616964304E-03
   -4.342361764880E-02
   -8.743684091446E-02
   -1.414646900305E-01
   -1.937955285831E-01
   -2.617814068878E-01
   -3.361462741906E-01
   -3.704978066455E-01
   -3.619889041288E-01
   -3.429077979989E-01
   -3.580079939586E-01
   -3.515005952537E-01
   -3.295075504358E-01
   -2.873567196770E-01
   -2.334816979848E-01
   -1.846209023157E-01
   -1.414646900305E-01
   -9.325012718737E-02
   -4.991040417208E-02
   -1.733216484458E-02
    1.479084341591E-02
    3.877418618292E-02
    5.729359306127E-02
    7.135122229033E-02
    7.881054860185E-02
    8.292349256304E-02
    7.881054860185E-02
    7.135122229033E-02
    5.729359306127E-02
    3.877418618292E-02
    1.479084341591E-02
   -1.733216484458E-02
   -4.991040417208E-02
   -9.325012718737E-02
   -1.414646900305E-01
   -1.846209023157E-01
   -2.334816979848E-01
   -2.873567196770E-01
   -3.295075504358E-01
   -3.515005952537E-01
   -2.445800511849E-01
   -2.373931513980E-01
   -2.190981733374E-01
   -1.928883188932E-01
   -1.625416598806E-01
   -1.279816578492E-01
   -8.743684091446E-02
   -4.991040417208E-02
   -1.976801079187E-02
    1.035505909821E-02
    3.741694549094E-02
    5.591111161599E-02
    7.331915008535E-02
    8.553580826347E-02
    9.138393436909E-02
    9.471374552681E-02
    9.138393436909E-02
    8.553580826347E-02
    7.331915008535E-02
    5.591111161599E-02
    3.741694549094E-02
    1.035505909821E-02
   -1.976801079187E-02
   -4.991040417208E-02
   -8.743684091446E-02
   -1.279816578492E-01
   -1.625416598806E-01
   -1.928883188932E-01
   -2.190981733374E-01
   -2.373931513980E-01
   -1.641277602206E-01
   -1.598569834176E-01
   -1.474826215418E-01
   -1.279820034297E-01
   -1.017581646211E-01
   -7.184812498738E-02
   -4.342361764880E-02
   -1.733216484458E-02
    1.035505909821E-02
    3.608399679558E-02
    5.579506044351E-02
    7.419025684024E-02
    8.804763713750E-02
    9.724865541544E-02
    1.041764569121E-01
    1.062845945945E-01
    1.041764569121E-01
    9.724865541544E-02
    8.804763713750E-02
    7.419025684024E-02
    5.579506044351E-02
    3.608399679558E-02
    1.035505909821E-02
   -1.733216484458E-02
   -4.342361764880E-02
   -7.184812498738E-02
   -1.017581646211E-01
   -1.279820034297E-01
   -1.474826215418E-01
   -1.598569834176E-01
   -9.914091739268E-02
   -9.593999149341E-02
   -8.526915435688E-02
   -7.019803346189E-02
   -5.205952408974E-02
   -3.153398578248E-02
   -9.631616964304E-03
    1.479084341591E-02
    3.741694549094E-02
    5.579506044351E-02
    7.315039769137E-02
    8.998823943429E-02
    1.008638770252E-01
    1.094568281821E-01
    1.152726020574E-01
    1.156282148393E-01
    1.152726020574E-01
    1.094568281821E-01
    1.008638770252E-01
    8.998823943429E-02
    7.315039769137E-02
    5.579506044351E-02
    3.741694549094E-02
    1.479084341591E-02
   -9.631616964304E-03
   -3.153398578248E-02
   -5.205952408974E-02
   -7.019803346189E-02
   -8.526915435688E-02
   -9.593999149341E-02
   -4.986296397147E-02
   -4.848546647024E-02
   -4.192948468816E-02
   -3.089712789898E-02
   -1.632078029084E-02
    1.723597860907E-03
    2.057170757645E-02
    3.877418618292E-02
    5.591111161599E-02
    7.419025684024E-02
    8.998823943429E-02
    1.013335412983E-01
    1.123500175348E-01
    1.205853145531E-01
    1.243404838123E-01
    1.255110212858E-01
    1.243404838123E-01
    1.205853145531E-01
    1.123500175348E-01
    1.013335412983E-01
    8.998823943429E-02
    7.419025684024E-02
    5.591111161599E-02
    3.877418618292E-02
    2.057170757645E-02
    1.723597860907E-03
   -1.632078029084E-02
   -3.089712789898E-02
   -4.192948468816E-02
   -4.848546647024E-02
   -1.733550234035E-02
   -1.559153305502E-02
   -9.105423056648E-03
    1.459616769601E-03
    1.303260875521E-02
    2.669358135755E-02
    4.192325039690E-02
    5.729359306127E-02
    7.331915008535E-02
    8.804763713750E-02
    1.008638770252E-01
    1.123500175348E-01
    1.221863513732E-01
    1.276671288835E-01
    1.316104107377E-01
    1.344848649151E-01
    1.316104107377E-01
    1.276671288835E-01
    1.221863513732E-01
    1.123500175348E-01
    1.008638770252E-01
    8.804763713750E-02
    7.331915008535E-02
    5.729359306127E-02
    4.192325039690E-02
    2.669358135755E-02
    1.303260875521E-02
    1.459616769601E-03
   -9.105423056648E-03
   -1.559153305502E-02
    8.604333602231E-03
    1.010164684204E-02
    1.421384279699E-02
    2.185301841892E-02
    3.139751200916E-02
    4.325647346250E-02
    5.728604975433E-02
    7.135122229033E-02
    8.553580826347E-02
    9.724865541544E-02
    1.094568281821E-01
    1.205853145531E-01
    1.276671288835E-01
    1.343949989736E-01
    1.381878426345E-01
    1.385116987385E-01
    1.381878426345E-01
    1.343949989736E-01
    1.276671288835E-01
    1.205853145531E-01
    1.094568281821E-01
    9.724865541544E-02
    8.553580826347E-02
    7.135122229033E-02
    5.728604975433E-02
    4.325647346250E-02
    3.139751200916E-02
    2.185301841892E-02
    1.421384279699E-02
    1.010164684204E-02
    1.974419909458E-02
    2.202454692593E-02
    2.604777327772E-02
    3.328219840703E-02
    4.414223547787E-02
    5.527204432803E-02
    6.710270005295E-02
    7.881054860185E-02
    9.138393436909E-02
    1.041764569121E-01
    1.152726020574E-01
    1.243404838123E-01
    1.316104107377E-01
    1.381878426345E-01
    1.416376730538E-01
    1.419506139042E-01
    1.416376730538E-01
    1.381878426345E-01
    1.316104107377E-01
    1.243404838123E-01
    1.152726020574E-01
    1.041764569121E-01
    9.138393436909E-02
    7.881054860185E-02
    6.710270005295E-02
    5.527204432803E-02
    4.414223547787E-02
    3.328219840703E-02
    2.604777327772E-02
    2.202454692593E-02
    2.597096741706E-02
    2.882593126008E-02
    3.267356930363E-02
    3.813991336318E-02
    4.737265903201E-02
    5.722803813942E-02
    6.983587283497E-02
    8.292349256304E-02
    9.471374552681E-02
    1.062845945945E-01
    1.156282148393E-01
    1.255110212858E-01
    1.344848649151E-01
    1.385116987385E-01
    1.419506139042E-01
    1.444406682403E-01
    1.419506139042E-01
    1.385116987385E-01
    1.344848649151E-01
    1.255110212858E-01
    1.156282148393E-01
    1.062845945945E-01
    9.471374552681E-02
    8.292349256304E-02
    6.983587283497E-02
    5.722803813942E-02
    4.737265903201E-02
    3.813991336318E-02
    3.267356930363E-02
    2.882593126008E-02
    1.974419909458E-02
    2.202454692593E-02
    2.604777327772E-02
    3.328219840703E-02
    4.414223547787E-02
    5.527204432803E-02
    6.710270005295E-02
    7.881054860185E-02
    9.138393436909E-02
    1.041764569121E-01
    1.152726020574E-01
    1.243404838123E-01
    1.316104107377E-01
    1.381878426345E-01
    1.416376730538E-01
    1.419506139042E-01
    1.416376730538E-01
    1.381878426345E-01
    1.316104107377E-01
    1.243404838123E-01
    1.152726020574E-01
    1.041764569121E-01
    9.138393436909E-02
    7.881054860185E-02
    6.710270005295E-02
    5.527204432803E-02
    4.414223547787E-02
    3.328219840703E-02
    2.604777327772E-02
    2.202454692593E-02
    8.604333602232E-03
    1.010164684204E-02
    1.421384279699E-02
    2.185301841892E-02
    3.139751200916E-02
    4.325647346250E-02
    5.728604975433E-02
    7.135122229033E-02
    8.553580826347E-02
    9.724865541544E-02
    1.094568281821E-01
    1.205853145531E-01
    1.276671288835E-01
    1.343949989736E-01
    1.381878426345E-01
    1.385116987385E-01
    1.381878426345E-01
    1.343949989736E-01
    1.276671288835E-01
    1.205853145531E-01
    1.094568281821E-01
    9.724865541544E-02
    8.553580826347E-02
    7.135122229033E-02
    5.728604975433E-02
    4.325647346250E-02
    3.139751200916E-02
    2.185301841892E-02
    1.421384279699E-02
    1.010164684204E-02
   -1.733550234035E-02
   -1.559153305502E-02
   -9.105423056648E-03
    1.459616769601E-03
    1.303260875521E-02
    2.669358135755E-02
    4.192325039690E-02
    5.729359306127E-02
    7.331915008535E-02
    8.804763713750E-02
    1.008638770252E-01
    1.123500175348E-01
    1.221863513732E-01
    1.276671288835E-01
    1.316104107377E-01
    1.344848649151E-01
    1.316104107377E-01
    1.276671288835E-01
    1.221863513732E-01
    1.123500175348E-01
    1.008638770252E-01
    8.804763713750E-02
    7.331915008535E-02
    5.729359306127E-02
    4.192325039690E-02
    2.669358135755E-02
    1.303260875521E-02
    1.459616769601E-03
   -9.105423056648E-03
   -1.559153305502E-02
   -4.986296397147E-02
   -4.848546647024E-02
   -4.192948468816E-02
   -3.089712789898E-02
   -1.632078029084E-02
    1.723597860907E-03
    2.057170757645E-02
    3.877418618292E-02
    5.591111161599E-02
    7.419025684024E-02
    8.998823943429E-02
    1.013335412983E-01
    1.123500175348E-01
    1.205853145531E-01
    1.243404838123E-01
    1.255110212858E-01
    1.243404838123E-01
    1.205853145531E-01
    1.123500175348E-01
    1.013335412983E-01
    8.998823943429E-02
    7.419025684024E-02
    5.591111161599E-02
    3.877418618292E-02
    2.057170757645E-02
    1.723597860907E-03
   -1.632078029084E-02
   -3.089712789898E-02
   -4.192948468816E-02
   -4.848546647024E-02
   -9.914091739268E-02
   -9.593999149341E-02
   -8.526915435688E-02
   -7.019803346189E-02
   -5.205952408974E-02
   -3.153398578248E-02
   -9.631616964304E-03
    1.479084341591E-02
    3.741694549094E-02
    5.579506044351E-02
    7.315039769137E-02
    8.998823943429E-02
    1.008638770252E-01
    1.094568281821E-01
    1.152726020574E-01
    1.156282148393E-01
    1.152726020574E-01
    1.094568281821E-01
    1.008638770252E-01
    8.998823943429E-02
    7.315039769137E-02
    5.579506044351E-02
    3.741694549094E-02
    1.479084341591E-02
   -9.631616964304E-03
   -3.153398578248E-02
   -5.205952408974E-02
   -7.019803346189E-02
   -8.526915435688E-02
   -9.593999149341E-02
   -1.641277602206E-01
   -1.598569834176E-01
   -1.474826215418E-01
   -1.279820034297E-01
   -1.017581646211E-01
   -7.184812498738E-02
   -4.342361764880E-02
   -1.733216484458E-02
    1.035505909821E-02
    3.608399679558E-02
    5.579506044351E-02
    7.419025684024E-02
    8.804763713750E-02
    9.724865541544E-02
    1.041764569121E-01
    1.062845945945E-01
    1.041764569121E-01
    9.724865541544E-02
    8.804763713750E-02
    7.419025684024E-02
    5.579506044351E-02
    3.608399679558E-02
    1.035505909821E-02
   -1.733216484458E-02
   -4.342361764880E-02
   -7.184812498738E-02
   -1.017581646211E-01
   -1.279820034297E-01
   -1.474826215418E-01
   -1.598569834176E-01
   -2.445800511849E-01
   -2.373931513980E-01
   -2.190981733374E-01
   -1.928883188932E-01
   -1.625416598806E-01
   -1.279816578492E-01
   -8.743684091446E-02
   -4.991040417208E-02
   -1.976801079187E-02
    1.035505909821E-02
    3.741694549094E-02
    5.591111161599E-02
    7.331915008535E-02
    8.553580826347E-02
    9.138393436909E-02
    9.471374552681E-02
    9.138393436909E-02
    8.553580826347E-02
    7.331915008535E-02
    5.591111161599E-02
    3.741694549094E-02
    1.035505909821E-02
   -1.976801079187E-02
   -4.991040417208E-02
   -8.743684091446E-02
   -1.279816578492E-01
   -1.625416598806E-01
   -1.928883188932E-01
   -2.190981733374E-01
   -2.373931513980E-01
   -3.580079939586E-01
   -3.515005952537E-01
   -3.295075504358E-01
   -2.873567196770E-01
   -2.334816979848E-01
   -1.846209023157E-01
   -1.414646900305E-01
   -9.325012718737E-02
   -4.991040417208E-02
   -1.733216484458E-02
    1.479084341591E-02
    3.877418618292E-02
    5.729359306127E-02
    7.135122229033E-02
    7.881054860185E-02
    8.292349256304E-02
    7.881054860185E-02
    7.135122229033E-02
    5.729359306127E-02
    3.877418618292E-02
    1.479084341591E-02
   -1.733216484458E-02
   -4.991040417208E-02
   -9.325012718737E-02
   -1.414646900305E-01
   -1.846209023157E-01
   -2.334816979848E-01
   -2.873567196770E-01
   -3.295075504358E-01
   -3.515005952537E-01
   -3.346528222637E-01
   -3.429077979989E-01
   -3.619889041288E-01
   -3.704978066455E-01
   -3.361462741906E-01
   -2.617814068878E-01
   -1.937955285831E-01
   -1.414646900305E-01
   -8.743684091446E-02
   -4.342361764880E-02
   -9.631616964304E-03
    2.057170757645E-02
    4.192325039690E-02
    5.728604975433E-02
    6.710270005295E-02
    6.983587283497E-02
    6.710270005295E-02
    5.728604975433E-02
    4.192325039690E-02
    2.057170757645E-02
   -9.631616964304E-03
   -4.342361764880E-02
   -8.743684091446E-02
   -1.414646900305E-01
   -1.937955285831E-01
   -2.617814068878E-01
   -3.361462741906E-01
   -3.704978066455E-01
   -3.619889041288E-01
   -3.429077979989E-01
   -3.179513149069E-01
   -3.027318652846E-01
   -2.859460664562E-01
   -3.159393335048E-01
   -3.656335679484E-01
   -3.483405809926E-01
   -2.617814068878E-01
   -1.846209023157E-01
   -1.279816578492E-01
   -7.184812498738E-02
   -3.153398578248E-02
    1.723597860907E-03
    2.669358135755E-02
    4.325647346250E-02
    5.527204432803E-02
    5.722803813942E-02
    5.527204432803E-02
    4.325647346250E-02
    2.669358135755E-02
    1.723597860907E-03
   -3.153398578248E-02
   -7.184812498738E-02
   -1.279816578492E-01
   -1.846209023157E-01
   -2.617814068878E-01
   -3.483405809926E-01
   -3.656335679484E-01
   -3.159393335048E-01
   -2.859460664562E-01
   -3.027318652846E-01
   -8.351336545574E-01
   -7.363409591251E-01
   -5.057931654754E-01
   -3.171543215060E-01
   -2.986730432691E-01
   -3.656335679484E-01
   -3.361462741906E-01
   -2.334816979848E-01
   -1.625416598806E-01
   -1.017581646211E-01
   -5.205952408974E-02
   -1.632078029084E-02
    1.303260875521E-02
    3.139751200916E-02
    4.414223547787E-02
    4.737265903202E-02
    4.414223547787E-02
    3.139751200916E-02
    1.303260875521E-02
   -1.632078029084E-02
   -5.205952408974E-02
   -1.017581646211E-01
   -1.625416598806E-01
   -2.334816979848E-01
   -3.361462741906E-01
   -3.656335679484E-01
   -2.986730432691E-01
   -3.171543215060E-01
   -5.057931654754E-01
   -7.363409591251E-01
   -1.869262006642E+00
   -1.687959816551E+00
   -1.207076751948E+00
   -6.484923946383E-01
   -3.171543215060E-01
   -3.159393335048E-01
   -3.704978066455E-01
   -2.873567196770E-01
   -1.928883188932E-01
   -1.279820034297E-01
   -7.019803346189E-02
   -3.089712789898E-02
    1.459616769601E-03
    2.185301841892E-02
    3.328219840703E-02
    3.813991336318E-02
    3.328219840703E-02
    2.185301841892E-02
    1.459616769601E-03
   -3.089712789898E-02
   -7.019803346189E-02
   -1.279820034297E-01
   -1.928883188932E-01
   -2.873567196770E-01
   -3.704978066455E-01
   -3.159393335048E-01
   -3.171543215060E-01
   -6.484923946383E-01
   -1.207076751948E+00
   -1.687959816551E+00
   -2.908054513819E+00
   -2.688613602390E+00
   -2.060771146023E+00
   -1.207076751948E+00
   -5.057931654754E-01
   -2.859460664562E-01
   -3.619889041288E-01
   -3.295075504358E-01
   -2.190981733374E-01
   -1.474826215418E-01
   -8.526915435688E-02
   -4.192948468816E-02
   -9.105423056648E-03
    1.421384279699E-02
    2.604777327772E-02
    3.267356930363E-02
    2.604777327772E-02
    1.421384279699E-02
   -9.105423056648E-03
   -4.192948468816E-02
   -8.526915435688E-02
   -1.474826215418E-01
   -2.190981733374E-01
   -3.295075504358E-01
   -3.619889041288E-01
   -2.859460664562E-01
   -5.057931654754E-01
   -1.207076751948E+00
   -2.060771146023E+00
   -2.688613602390E+00
   -3.566537680075E+00
   -3.352011214067E+00
   -2.688613602390E+00
   -1.687959816551E+00
   -7.363409591251E-01
   -3.027318652846E-01
   -3.429077979989E-01
   -3.515005952537E-01
   -2.373931513980E-01
   -1.598569834176E-01
   -9.593999149341E-02
   -4.848546647024E-02
   -1.559153305502E-02
    1.010164684204E-02
    2.202454692593E-02
    2.882593126008E-02
    2.202454692593E-02
    1.010164684204E-02
   -1.559153305502E-02
   -4.848546647024E-02
   -9.593999149341E-02
   -1.598569834176E-01
   -2.373931513980E-01
   -3.515005952537E-01
   -3.429077979989E-01
   -3.027318652846E-01
   -7.363409591251E-01
   -1.687959816551E+00
   -2.688613602390E+00
   -3.352011214067E+00
   -4.234611122543E+00
   -4.116262248044E+00
   -3.566537680075E+00
   -2.473523501577E+00
   -1.207385292063E+00
   -4.063189896224E-01
   -3.083613489273E-01
   -3.706535603679E-01
   -2.670070052562E-01
   -1.759771512282E-01
   -1.098925883614E-01
   -5.778592994372E-02
   -2.349609624893E-02
    3.719865346328E-03
    1.448187675378E-02
    2.259563997347E-02
    1.448187675378E-02
    3.719865346327E-03
   -2.349609624893E-02
   -5.778592994372E-02
   -1.098925883614E-01
   -1.759771512282E-01
   -2.670070052562E-01
   -3.706535603679E-01
   -3.083613489273E-01
   -4.063189896224E-01
   -1.207385292063E+00
   -2.473523501577E+00
   -3.566537680075E+00
   -4.116262248044E+00
   -4.116262248044E+00
   -3.958020554338E+00
   -3.352011214067E+00
   -2.265167314342E+00
   -1.071761622743E+00
   -3.692246971439E-01
   -3.170482168186E-01
   -3.667969220942E-01
   -2.584258188548E-01
   -1.719369755643E-01
   -1.067119667699E-01
   -5.546627163083E-02
   -2.157543216280E-02
    5.284310657950E-03
    1.641548169599E-02
    2.415702142653E-02
    1.641548169599E-02
    5.284310657950E-03
   -2.157543216280E-02
   -5.546627163083E-02
   -1.067119667699E-01
   -1.719369755643E-01
   -2.584258188548E-01
   -3.667969220942E-01
   -3.170482168186E-01
   -3.692246971439E-01
   -1.071761622743E+00
   -2.265167314342E+00
   -3.352011214067E+00
   -3.958020554338E+00
   -3.566537680075E+00
   -3.352011214067E+00
   -2.688613602390E+00
   -1.687959816551E+00
   -7.363409591251E-01
   -3.027318652846E-01
   -3.429077979989E-01
   -3.515005952537E-01
   -2.373931513980E-01
   -1.598569834176E-01
   -9.593999149341E-02
   -4.848546647024E-02
   -1.559153305502E-02
    1.010164684204E-02
    2.202454692593E-02
    2.882593126008E-02
    2.202454692593E-02
    1.010164684204E-02
   -1.559153305502E-02
   -4.848546647024E-02
   -9.593999149341E-02
   -1.598569834176E-01
   -2.373931513980E-01
   -3.515005952537E-01
   -3.429077979989E-01
   -3.027318652846E-01
   -7.363409591251E-01
   -1.687959816551E+00
   -2.688613602390E+00
   -3.352011214067E+00
   -2.473523501577E+00
   -2.265167314342E+00
   -1.687959816551E+00
   -9.483405114784E-01
   -4.057002935023E-01
   -2.937149873914E-01
   -3.693225521702E-01
   -3.130216951078E-01
   -2.076706963870E-01
   -1.397535483681E-01
   -7.955364206572E-02
   -3.755381473928E-02
   -4.969026249556E-03
    1.774009354121E-02
    2.948727004298E-02
    3.472254043107E-02
    2.948727004298E-02
    1.774009354121E-02
   -4.969026249557E-03
   -3.755381473928E-02
   -7.955364206572E-02
   -1.397535483681E-01
   -2.076706963870E-01
   -3.130216951078E-01
   -3.693225521702E-01
   -2.937149873914E-01
   -4.057002935023E-01
   -9.483405114784E-01
   -1.687959816551E+00
   -2.265167314342E+00
   -1.207385292063E+00
   -1.071761622743E+00
   -7.363409591251E-01
   -4.057002935023E-01
   -2.854773852618E-01
   -3.488818786855E-01
   -3.554136448955E-01
   -2.552577198883E-01
   -1.750372981168E-01
   -1.129955342925E-01
   -6.005001395813E-02
   -2.249376198336E-02
    8.460955733809E-03
    2.735390037749E-02
    3.933174350435E-02
    4.303532513430E-02
    3.933174350435E-02
    2.735390037749E-02
    8.460955733809E-03
   -2.249376198336E-02
   -6.005001395813E-02
   -1.129955342925E-01
   -1.750372981168E-01
   -2.552577198883E-01
   -3.554136448955E-01
   -3.488818786855E-01
   -2.854773852618E-01
   -4.057002935023E-01
   -7.363409591251E-01
   -1.071761622743E+00
   -4.063189896224E-01
   -3.692246971439E-01
   -3.027318652846E-01
   -2.937149873914E-01
   -3.488818786855E-01
   -3.636211532984E-01
   -2.859545217919E-01
   -1.990747212074E-01
   -1.397437599506E-01
   -8.144354409195E-02
   -3.880021657123E-02
   -4.441625042217E-03
    2.261812711775E-02
    3.960019784677E-02
    5.134683481529E-02
    5.322751033305E-02
    5.134683481529E-02
    3.960019784677E-02
    2.261812711775E-02
   -4.441625042217E-03
   -3.880021657123E-02
   -8.144354409195E-02
   -1.397437599506E-01
   -1.990747212074E-01
   -2.859545217919E-01
   -3.636211532984E-01
   -3.488818786855E-01
   -2.937149873914E-01
   -3.027318652846E-01
   -3.692246971439E-01
   -3.083613489273E-01
   -3.170482168186E-01
   -3.429077979989E-01
   -3.693225521702E-01
   -3.554136448955E-01
   -2.859545217919E-01
   -2.088041811259E-01
   -1.529734913514E-01
   -9.812492829863E-02
   -5.077521822520E-02
   -1.630428267350E-02
    1.551769828491E-02
    3.802425314581E-02
    5.391015453793E-02
    6.339136657298E-02
    6.465251559419E-02
    6.339136657298E-02
    5.391015453793E-02
    3.802425314581E-02
    1.551769828491E-02
   -1.630428267350E-02
   -5.077521822520E-02
   -9.812492829863E-02
   -1.529734913514E-01
   -2.088041811259E-01
   -2.859545217919E-01
   -3.554136448955E-01
   -3.693225521702E-01
   -3.429077979989E-01
   -3.170482168186E-01
   -3.706535603679E-01
   -3.667969220942E-01
   -3.515005952537E-01
   -3.130216951078E-01
   -2.552577198883E-01
   -1.990747212074E-01
   -1.529734913514E-01
   -1.049277841512E-01
   -5.813191820687E-02
   -2.384984755043E-02
    8.629299200178E-03
    3.491139381265E-02
    5.398978843756E-02
    6.860547374282E-02
    7.567592933053E-02
    7.851722927921E-02
    7.567592933053E-02
    6.860547374282E-02
    5.398978843756E-02
    3.491139381265E-02
    8.629299200179E-03
   -2.384984755043E-02
   -5.813191820687E-02
   -1.049277841512E-01
   -1.529734913514E-01
   -1.990747212074E-01
   -2.552577198883E-01
   -3.130216951078E-01
   -3.515005952537E-01
   -3.667969220942E-01
   -2.670070052562E-01
   -2.584258188548E-01
   -2.373931513980E-01
   -2.076706963870E-01
   -1.750372981168E-01
   -1.397437599506E-01
   -9.812492829863E-02
   -5.813191820687E-02
   -2.565831876582E-02
    4.435520362447E-03
    3.255497422745E-02
    5.209798009806E-02
    7.010155655789E-02
    8.262541888737E-02
    8.809611172440E-02
    9.169743470728E-02
    8.809611172440E-02
    8.262541888737E-02
    7.010155655789E-02
    5.209798009806E-02
    3.255497422745E-02
    4.435520362447E-03
   -2.565831876582E-02
   -5.813191820687E-02
   -9.812492829863E-02
   -1.397437599506E-01
   -1.750372981168E-01
   -2.076706963870E-01
   -2.373931513980E-01
   -2.584258188548E-01
   -1.759771512282E-01
   -1.719369755643E-01
   -1.598569834176E-01
   -1.397535483681E-01
   -1.129955342925E-01
   -8.144354409195E-02
   -5.077521822520E-02
   -2.384984755043E-02
    4.435520362447E-03
    3.112111842933E-02
    5.209892203238E-02
    7.050903309328E-02
    8.529611498338E-02
    9.472621221374E-02
    1.011686287425E-01
    1.040208528195E-01
    1.011686287425E-01
    9.472621221374E-02
    8.529611498338E-02
    7.050903309328E-02
    5.209892203238E-02
    3.112111842933E-02
    4.435520362447E-03
   -2.384984755043E-02
   -5.077521822520E-02
   -8.144354409195E-02
   -1.129955342925E-01
   -1.397535483681E-01
   -1.598569834176E-01
   -1.719369755643E-01
   -1.098925883614E-01
   -1.067119667699E-01
   -9.593999149341E-02
   -7.955364206572E-02
   -6.005001395813E-02
   -3.880021657123E-02
   -1.630428267350E-02
    8.629299200179E-03
    3.255497422745E-02
    5.209892203238E-02
    7.017613700165E-02
    8.689240861354E-02
    9.762469197738E-02
    1.068023131266E-01
    1.132767067545E-01
    1.140696201788E-01
    1.132767067545E-01
    1.068023131266E-01
    9.762469197738E-02
    8.689240861354E-02
    7.017613700165E-02
    5.209892203238E-02
    3.255497422745E-02
    8.629299200178E-03
   -1.630428267350E-02
   -3.880021657123E-02
   -6.005001395813E-02
   -7.955364206572E-02
   -9.593999149341E-02
   -1.067119667699E-01
   -5.778592994372E-02
   -5.546627163083E-02
   -4.848546647024E-02
   -3.755381473928E-02
   -2.249376198336E-02
   -4.441625042217E-03
    1.551769828491E-02
    3.491139381265E-02
    5.209798009806E-02
    7.050903309328E-02
    8.689240861354E-02
    9.889301637359E-02
    1.093928922629E-01
    1.178135352147E-01
    1.224343609410E-01
    1.235957593862E-01
    1.224343609410E-01
    1.178135352147E-01
    1.093928922629E-01
    9.889301637359E-02
    8.689240861354E-02
    7.050903309328E-02
    5.209798009806E-02
    3.491139381265E-02
    1.551769828491E-02
   -4.441625042217E-03
   -2.249376198336E-02
   -3.755381473928E-02
   -4.848546647024E-02
   -5.546627163083E-02
   -2.349609624893E-02
   -2.157543216280E-02
   -1.559153305502E-02
   -4.969026249557E-03
    8.460955733809E-03
    2.261812711775E-02
    3.802425314581E-02
    5.398978843756E-02
    7.010155655789E-02
    8.529611498338E-02
    9.762469197738E-02
    1.093928922629E-01
    1.197607495488E-01
    1.253158825915E-01
    1.297279443315E-01
    1.325844462699E-01
    1.297279443315E-01
    1.253158825915E-01
    1.197607495488E-01
    1.093928922629E-01
    9.762469197738E-02
    8.529611498338E-02
    7.010155655789E-02
    5.398978843756E-02
    3.802425314581E-02
    2.261812711775E-02
    8.460955733809E-03
   -4.969026249557E-03
   -1.559153305502E-02
   -2.157543216280E-02
    3.719865346327E-03
    5.284310657950E-03
    1.010164684204E-02
    1.774009354121E-02
    2.735390037749E-02
    3.960019784677E-02
    5.391015453793E-02
    6.860547374282E-02
    8.262541888737E-02
    9.472621221374E-02
    1.068023131266E-01
    1.178135352147E-01
    1.253158825915E-01
    1.320734817290E-01
    1.361993581048E-01
    1.366506043895E-01
    1.361993581048E-01
    1.320734817290E-01
    1.253158825915E-01
    1.178135352147E-01
    1.068023131266E-01
    9.472621221374E-02
    8.262541888737E-02
    6.860547374282E-02
    5.391015453793E-02
    3.960019784677E-02
    2.735390037749E-02
    1.774009354121E-02
    1.010164684204E-02
    5.284310657950E-03
    1.448187675378E-02
    1.641548169599E-02
    2.202454692593E-02
    2.948727004298E-02
    3.933174350435E-02
    5.134683481529E-02
    6.339136657298E-02
    7.567592933053E-02
    8.809611172440E-02
    1.011686287425E-01
    1.132767067545E-01
    1.224343609410E-01
    1.297279443315E-01
    1.361993581048E-01
    1.397347460582E-01
    1.401924811512E-01
    1.397347460582E-01
    1.361993581048E-01
    1.297279443315E-01
    1.224343609410E-01
    1.132767067545E-01
    1.011686287425E-01
    8.809611172440E-02
    7.567592933053E-02
    6.339136657298E-02
    5.134683481529E-02
    3.933174350435E-02
    2.948727004298E-02
    2.202454692593E-02
    1.641548169599E-02
    2.259563997347E-02
    2.415702142653E-02
    2.882593126008E-02
    3.472254043107E-02
    4.303532513430E-02
    5.322751033305E-02
    6.465251559419E-02
    7.851722927921E-02
    9.169743470728E-02
    1.040208528195E-01
    1.140696201788E-01
    1.235957593862E-01
    1.325844462699E-01
    1.366506043895E-01
    1.401924811512E-01
    1.429281124348E-01
    1.401924811512E-01
    1.366506043895E-01
    1.325844462699E-01
    1.235957593862E-01
    1.140696201788E-01
    1.040208528195E-01
    9.169743470728E-02
    7.851722927921E-02
    6.465251559419E-02
    5.322751033305E-02
    4.303532513430E-02
    3.472254043107E-02
    2.882593126008E-02
    2.415702142653E-02
    1.448187675378E-02
    1.641548169599E-02
    2.202454692593E-02
    2.948727004298E-02
    3.933174350435E-02
    5.134683481529E-02
    6.339136657298E-02
    7.567592933053E-02
    8.809611172440E-02
    1.011686287425E-01
    1.132767067545E-01
    1.224343609410E-01
    1.297279443315E-01
    1.361993581048E-01
    1.397347460582E-01
    1.401924811512E-01
    1.397347460582E-01
    1.361993581048E-01
    1.297279443315E-01
    1.224343609410E-01
    1.132767067545E-01
    1.011686287425E-01
    8.809611172440E-02
    7.567592933053E-02
    6.339136657298E-02
    5.134683481529E-02
    3.933174350435E-02
    2.948727004298E-02
    2.202454692593E-02
    1.641548169599E-02
    3.719865346327E-03
    5.284310657950E-03
    1.010164684204E-02
    1.774009354121E-02
    2.735390037749E-02
    3.960019784677E-02
    5.391015453793E-02
    6.860547374282E-02
    8.262541888737E-02
    9.472621221374E-02
    1.068023131266E-01
    1.178135352147E-01
    1.253158825915E-01
    1.320734817290E-01
    1.361993581048E-01
    1.366506043895E-01
    1.361993581048E-01
    1.320734817290E-01
    1.253158825915E-01
    1.178135352147E-01
    1.068023131266E-01
    9.472621221374E-02
    8.262541888737E-02
    6.860547374282E-02
    5.391015453793E-02
    3.960019784677E-02
    2.735390037749E-02
    1.774009354121E-02
    1.010164684204E-02
    5.284310657950E-03
   -2.349609624893E-02
   -2.157543216280E-02
   -1.559153305502E-02
   -4.969026249557E-03
    8.460955733809E-03
    2.261812711775E-02
    3.802425314581E-02
    5.398978843756E-02
    7.010155655789E-02
    8.529611498338E-02
    9.762469197738E-02
    1.093928922629E-01
    1.197607495488E-01
    1.253158825915E-01
    1.297279443315E-01
    1.325844462699E-01
    1.297279443315E-01
    1.253158825915E-01
    1.197607495488E-01
    1.093928922629E-01
    9.762469197738E-02
    8.529611498338E-02
    7.010155655789E-02
    5.398978843756E-02
    3.802425314581E-02
    2.261812711775E-02
    8.460955733809E-03
   -4.969026249557E-03
   -1.559153305502E-02
   -2.157543216280E-02
   -5.778592994372E-02
   -5.546627163083E-02
   -4.848546647024E-02
   -3.755381473928E-02
   -2.249376198336E-02
   -4.441625042217E-03
    1.551769828491E-02
    3.491139381265E-02
    5.209798009806E-02
    7.050903309328E-02
    8.689240861354E-02
    9.889301637359E-02
    1.093928922629E-01
    1.178135352147E-01
    1.224343609410E-01
    1.235957593862E-01
    1.224343609410E-01
    1.178135352147E-01
    1.093928922629E-01
    9.889301637359E-02
    8.689240861354E-02
    7.050903309328E-02
    5.209798009806E-02
    3.491139381265E-02
    1.551769828491E-02
   -4.441625042217E-03
   -2.249376198336E-02
   -3.755381473928E-02
   -4.848546647024E-02
   -5.546627163083E-02
   -1.098925883614E-01
   -1.067119667699E-01
   -9.593999149341E-02
   -7.955364206572E-02
   -6.005001395813E-02
   -3.880021657123E-02
   -1.630428267350E-02
    8.629299200179E-03
    3.255497422745E-02
    5.209892203238E-02
    7.017613700165E-02
    8.689240861354E-02
    9.762469197738E-02
    1.068023131266E-01
    1.132767067545E-01
    1.140696201788E-01
    1.132767067545E-01
    1.068023131266E-01
    9.762469197738E-02
    8.689240861354E-02
    7.017613700165E-02
    5.209892203238E-02
    3.255497422745E-02
    8.629299200178E-03
   -1.630428267350E-02
   -3.880021657123E-02
   -6.005001395813E-02
   -7.955364206572E-02
   -9.593999149341E-02
   -1.067119667699E-01
   -1.759771512282E-01
   -1.719369755643E-01
   -1.598569834176E-01
   -1.397535483681E-01
   -1.129955342925E-01
   -8.144354409195E-02
   -5.077521822520E-02
   -2.384984755043E-02
    4.435520362447E-03
    3.112111842933E-02
    5.209892203238E-02
    7.050903309328E-02
    8.529611498338E-02
    9.472621221374E-02
    1.011686287425E-01
    1.040208528195E-01
    1.011686287425E-01
    9.472621221374E-02
    8.529611498338E-02
    7.050903309328E-02
    5.209892203238E-02
    3.112111842933E-02
    4.435520362447E-03
   -2.384984755043E-02
   -5.077521822520E-02
   -8.144354409195E-02
   -1.129955342925E-01
   -1.397535483681E-01
   -1.598569834176E-01
   -1.719369755643E-01
   -2.670070052562E-01
   -2.584258188548E-01
   -2.373931513980E-01
   -2.076706963870E-01
   -1.750372981168E-01
   -1.397437599506E-01
   -9.812492829863E-02
   -5.813191820687E-02
   -2.565831876582E-02
    4.435520362447E-03
    3.255497422745E-02
    5.209798009806E-02
    7.010155655789E-02
    8.262541888737E-02
    8.809611172440E-02
    9.169743470728E-02
    8.809611172440E-02
    8.262541888737E-02
    7.010155655789E-02
    5.209798009806E-02
    3.255497422745E-02
    4.435520362447E-03
   -2.565831876582E-02
   -5.813191820687E-02
   -9.812492829863E-02
   -1.397437599506E-01
   -1.750372981168E-01
   -2.076706963870E-01
   -2.373931513980E-01
   -2.584258188548E-01
   -3.706535603679E-01
   -3.667969220942E-01
   -3.515005952537E-01
   -3.130216951078E-01
   -2.552577198883E-01
   -1.990747212074E-01
   -1.529734913514E-01
   -1.049277841512E-01
   -5.813191820687E-02
   -2.384984755043E-02
    8.629299200179E-03
    3.491139381265E-02
    5.398978843756E-02
    6.860547374282E-02
    7.567592933053E-02
    7.851722927921E-02
    7.567592933053E-02
    6.860547374282E-02
    5.398978843756E-02
    3.491139381265E-02
    8.629299200179E-03
   -2.384984755043E-02
   -5.813191820687E-02
   -1.049277841512E-01
   -1.529734913514E-01
   -1.990747212074E-01
   -2.552577198883E-01
   -3.130216951078E-01
   -3.515005952537E-01
   -3.667969220942E-01
   -3.083613489273E-01
   -3.170482168186E-01
   -3.429077979989E-01
   -3.693225521702E-01
   -3.554136448955E-01
   -2.859545217919E-01
   -2.088041811259E-01
   -1.529734913514E-01
   -9.812492829863E-02
   -5.077521822520E-02
   -1.630428267350E-02
    1.551769828491E-02
    3.802425314581E-02
    5.391015453793E-02
    6.339136657298E-02
    6.465251559419E-02
    6.339136657298E-02
    5.391015453793E-02
    3.802425314581E-02
    1.551769828491E-02
   -1.630428267350E-02
   -5.077521822520E-02
   -9.812492829863E-02
   -1.529734913514E-01
   -2.088041811259E-01
   -2.859545217919E-01
   -3.554136448955E-01
   -3.693225521702E-01
   -3.429077979989E-01
   -3.170482168186E-01
   -4.063189896224E-01
   -3.692246971439E-01
   -3.027318652846E-01
   -2.937149873914E-01
   -3.488818786855E-01
   -3.636211532984E-01
   -2.859545217919E-01
   -1.990747212074E-01
   -1.397437599506E-01
   -8.144354409195E-02
   -3.880021657123E-02
   -4.441625042217E-03
    2.261812711775E-02
    3.960019784677E-02
    5.134683481529E-02
    5.322751033305E-02
    5.134683481529E-02
    3.960019784677E-02
    2.261812711775E-02
   -4.441625042217E-03
   -3.880021657123E-02
   -8.144354409195E-02
   -1.397437599506E-01
   -1.990747212074E-01
   -2.859545217919E-01
   -3.636211532984E-01
   -3.488818786855E-01
   -2.937149873914E-01
   -3.027318652846E-01
   -3.692246971439E-01
   -1.207385292063E+00
   -1.071761622743E+00
   -7.363409591251E-01
   -4.057002935023E-01
   -2.854773852618E-01
   -3.488818786855E-01
   -3.554136448955E-01
   -2.552577198883E-01
   -1.750372981168E-01
   -1.129955342925E-01
   -6.005001395813E-02
   -2.249376198336E-02
    8.460955733809E-03
    2.735390037749E-02
    3.933174350435E-02
    4.303532513430E-02
    3.933174350435E-02
    2.735390037749E-02
    8.460955733809E-03
   -2.249376198336E-02
   -6.005001395813E-02
   -1.129955342925E-01
   -1.750372981168E-01
   -2.552577198883E-01
   -3.554136448955E-01
   -3.488818786855E-01
   -2.854773852618E-01
   -4.057002935023E-01
   -7.363409591251E-01
   -1.071761622743E+00
   -2.473523501577E+00
   -2.265167314342E+00
   -1.687959816551E+00
   -9.483405114784E-01
   -4.057002935023E-01
   -2.937149873914E-01
   -3.693225521702E-01
   -3.130216951078E-01
   -2.076706963870E-01
   -1.397535483681E-01
   -7.955364206572E-02
   -3.755381473928E-02
   -4.969026249557E-03
    1.774009354121E-02
    2.948727004298E-02
    3.472254043107E-02
    2.948727004298E-02
    1.774009354121E-02
   -4.969026249557E-03
   -3.755381473928E-02
   -7.955364206572E-02
   -1.397535483681E-01
   -2.076706963870E-01
   -3.130216951078E-01
   -3.693225521702E-01
   -2.937149873914E-01
   -4.057002935023E-01
   -9.483405114784E-01
   -1.687959816551E+00
   -2.265167314342E+00
   -3.566537680075E+00
   -3.352011214067E+00
   -2.688613602390E+00
   -1.687959816551E+00
   -7.363409591251E-01
   -3.027318652846E-01
   -3.429077979989E-01
   -3.515005952537E-01
   -2.373931513980E-01
   -1.598569834176E-01
   -9.593999149341E-02
   -4.848546647024E-02
   -1.559153305502E-02
    1.010164684204E-02
    2.202454692593E-02
    2.882593126008E-02
    2.202454692593E-02
    1.010164684204E-02
   -1.559153305502E-02
   -4.848546647024E-02
   -9.593999149341E-02
   -1.598569834176E-01
   -2.373931513980E-01
   -3.515005952537E-01
   -3.429077979989E-01
   -3.027318652846E-01
   -7.363409591251E-01
   -1.687959816551E+00
   -2.688613602390E+00
   -3.352011214067E+00
   -4.116262248044E+00
   -3.958020554338E+00
   -3.352011214067E+00
   -2.265167314342E+00
   -1.071761622743E+00
   -3.692246971439E-01
   -3.170482168186E-01
   -3.667969220942E-01
   -2.584258188548E-01
   -1.719369755643E-01
   -1.067119667699E-01
   -5.546627163083E-02
   -2.157543216280E-02
    5.284310657950E-03
    1.641548169599E-02
    2.415702142653E-02
    1.641548169599E-02
    5.284310657950E-03
   -2.157543216280E-02
   -5.546627163083E-02
   -1.067119667699E-01
   -1.719369755643E-01
   -2.584258188548E-01
   -3.667969220942E-01
   -3.170482168186E-01
   -3.692246971439E-01
   -1.071761622743E+00
   -2.265167314342E+00
   -3.352011214067E+00
   -3.958020554338E+00
