5.708795217173293253e-03
1.243224235428534545e-02
3.434842508854497878e-02
5.521644098081528867e-02
5.335008369431580577e-02
3.805056213060575149e-02
2.454110251448770805e-02
1.545518175420390085e-02
9.713706334298442130e-03
6.419773457621384509e-03
4.581804532947167385e-03
3.640431649801525917e-03
3.361291885161053587e-03
3.640431649801535892e-03
4.581804532947176926e-03
6.419773457621391448e-03
9.713706334298443865e-03
1.545518175420391473e-02
2.454110251448770805e-02
3.805056213060575149e-02
5.335008369431580577e-02
5.521644098081528867e-02
3.434842508854498572e-02
1.243224235428534372e-02
1.243224235428534372e-02
2.002508285321177167e-02
4.106834422666377771e-02
5.775509073100983798e-02
5.321971850428892925e-02
3.785794609744878858e-02
2.474542171459673257e-02
1.580041441467415833e-02
1.007371216384964421e-02
6.745594858955718774e-03
4.871161442696021054e-03
3.918890129039069754e-03
3.640431649801525917e-03
3.918890129039073224e-03
4.871161442696029728e-03
6.745594858955724846e-03
1.007371216384965289e-02
1.580041441467416180e-02
2.474542171459674297e-02
3.785794609744878164e-02
5.321971850428892925e-02
5.775509073100985186e-02
4.106834422666377077e-02
2.002508285321177861e-02
3.434842508854498572e-02
4.106834422666377771e-02
5.520254214718341851e-02
6.087994548667383793e-02
5.145787046546149157e-02
3.693687540971773292e-02
2.512808226130817599e-02
1.671752057110143658e-02
1.116583755701310195e-02
7.820702193701487698e-03
5.867772224747372020e-03
4.871161442696020187e-03
4.581804532947170855e-03
4.871161442696018452e-03
5.867772224747374622e-03
7.820702193701501576e-03
1.116583755701311062e-02
1.671752057110144352e-02
2.512808226130817946e-02
3.693687540971774680e-02
5.145787046546149157e-02
6.087994548667383793e-02
5.520254214718342545e-02
4.106834422666377771e-02
5.521644098081528867e-02
5.775509073100983798e-02
6.087994548667383793e-02
5.708024048600510159e-02
4.647877118616026287e-02
3.488990999332827747e-02
2.530641556359593952e-02
1.802452475558878955e-02
1.302635616160487120e-02
9.824094711679347627e-03
7.820702193701494637e-03
6.745594858955722244e-03
6.419773457621387978e-03
6.745594858955718774e-03
7.820702193701491167e-03
9.824094711679344158e-03
1.302635616160487640e-02
1.802452475558878955e-02
2.530641556359594299e-02
3.488990999332828441e-02
4.647877118616026287e-02
5.708024048600510159e-02
6.087994548667383793e-02
5.775509073100985186e-02
5.335008369431580577e-02
5.321971850428892925e-02
5.145787046546149157e-02
4.647877118616026287e-02
3.930514476889759856e-02
3.186518350256471038e-02
2.512808226130817252e-02
1.967661055468980860e-02
1.575353698996722826e-02
1.302635616160487120e-02
1.116583755701310889e-02
1.007371216384964768e-02
9.713706334298445599e-03
1.007371216384964421e-02
1.116583755701310889e-02
1.302635616160486773e-02
1.575353698996722826e-02
1.967661055468982248e-02
2.512808226130817946e-02
3.186518350256471038e-02
3.930514476889760550e-02
4.647877118616025593e-02
5.145787046546149157e-02
5.321971850428892925e-02
3.805056213060575149e-02
3.785794609744878164e-02
3.693687540971773292e-02
3.488990999332827747e-02
3.186518350256471038e-02
2.828884467107529999e-02
2.474542171459673603e-02
2.183290214891631109e-02
1.967661055468980860e-02
1.802452475558878955e-02
1.671752057110144005e-02
1.580041441467416527e-02
1.545518175420390779e-02
1.580041441467416527e-02
1.671752057110143311e-02
1.802452475558878955e-02
1.967661055468980860e-02
2.183290214891631456e-02
2.474542171459673603e-02
2.828884467107531386e-02
3.186518350256471038e-02
3.488990999332827747e-02
3.693687540971773292e-02
3.785794609744878164e-02
2.454110251448770805e-02
2.474542171459673257e-02
2.512808226130817252e-02
2.530641556359594299e-02
2.512808226130817252e-02
2.474542171459673603e-02
2.454110251448770111e-02
2.474542171459673603e-02
2.512808226130816905e-02
2.530641556359594299e-02
2.512808226130817599e-02
2.474542171459673603e-02
2.454110251448770805e-02
2.474542171459672910e-02
2.512808226130817599e-02
2.530641556359593258e-02
2.512808226130817599e-02
2.474542171459672216e-02
2.454110251448771152e-02
2.474542171459673603e-02
2.512808226130818293e-02
2.530641556359594299e-02
2.512808226130817599e-02
2.474542171459673603e-02
1.545518175420391473e-02
1.580041441467416527e-02
1.671752057110143658e-02
1.802452475558878608e-02
1.967661055468981554e-02
2.183290214891631109e-02
2.474542171459673603e-02
2.828884467107530346e-02
3.186518350256471038e-02
3.488990999332827747e-02
3.693687540971773292e-02
3.785794609744878858e-02
3.805056213060575149e-02
3.785794609744878164e-02
3.693687540971773292e-02
3.488990999332827747e-02
3.186518350256470344e-02
2.828884467107531039e-02
2.474542171459672216e-02
2.183290214891631456e-02
1.967661055468981901e-02
1.802452475558878955e-02
1.671752057110144352e-02
1.580041441467416180e-02
9.713706334298445599e-03
1.007371216384965809e-02
1.116583755701311235e-02
1.302635616160487120e-02
1.575353698996723520e-02
1.967661055468981901e-02
2.512808226130816905e-02
3.186518350256471038e-02
3.930514476889759856e-02
4.647877118616025593e-02
5.145787046546149157e-02
5.321971850428892925e-02
5.335008369431580577e-02
5.321971850428892925e-02
5.145787046546148463e-02
4.647877118616025593e-02
3.930514476889760550e-02
3.186518350256470344e-02
2.512808226130817599e-02
1.967661055468980860e-02
1.575353698996722826e-02
1.302635616160487120e-02
1.116583755701311409e-02
1.007371216384965289e-02
6.419773457621391448e-03
6.745594858955722244e-03
7.820702193701501576e-03
9.824094711679344158e-03
1.302635616160487120e-02
1.802452475558878608e-02
2.530641556359594299e-02
3.488990999332827747e-02
4.647877118616026287e-02
5.708024048600510159e-02
6.087994548667383793e-02
5.775509073100983798e-02
5.521644098081528867e-02
5.775509073100984492e-02
6.087994548667383793e-02
5.708024048600510159e-02
4.647877118616025593e-02
3.488990999332828441e-02
2.530641556359593952e-02
1.802452475558878262e-02
1.302635616160486773e-02
9.824094711679344158e-03
7.820702193701496371e-03
6.745594858955724846e-03
4.581804532947178661e-03
4.871161442696026259e-03
5.867772224747378959e-03
7.820702193701501576e-03
1.116583755701309848e-02
1.671752057110144005e-02
2.512808226130817599e-02
3.693687540971773292e-02
5.145787046546149157e-02
6.087994548667383793e-02
5.520254214718341851e-02
4.106834422666377771e-02
3.434842508854497878e-02
4.106834422666377771e-02
5.520254214718341851e-02
6.087994548667383793e-02
5.145787046546149851e-02
3.693687540971773292e-02
2.512808226130817946e-02
1.671752057110143658e-02
1.116583755701310195e-02
7.820702193701491167e-03
5.867772224747374622e-03
4.871161442696026259e-03
3.640431649801534157e-03
3.918890129039080163e-03
4.871161442696026259e-03
6.745594858955718774e-03
1.007371216384965462e-02
1.580041441467415833e-02
2.474542171459673603e-02
3.785794609744878164e-02
5.321971850428892925e-02
5.775509073100983798e-02
4.106834422666377771e-02
2.002508285321177514e-02
1.243224235428534372e-02
2.002508285321177861e-02
4.106834422666377771e-02
5.775509073100984492e-02
5.321971850428892925e-02
3.785794609744878164e-02
2.474542171459672910e-02
1.580041441467416527e-02
1.007371216384964595e-02
6.745594858955712703e-03
4.871161442696020187e-03
3.918890129039073224e-03
3.361291885161053587e-03
3.640431649801535892e-03
4.581804532947176926e-03
6.419773457621391448e-03
9.713706334298443865e-03
1.545518175420391473e-02
2.454110251448770805e-02
3.805056213060575149e-02
5.335008369431580577e-02
5.521644098081528867e-02
3.434842508854498572e-02
1.243224235428534372e-02
5.708795217173293253e-03
1.243224235428534545e-02
3.434842508854497878e-02
5.521644098081528867e-02
5.335008369431580577e-02
3.805056213060575149e-02
2.454110251448770805e-02
1.545518175420390085e-02
9.713706334298442130e-03
6.419773457621384509e-03
4.581804532947167385e-03
3.640431649801525917e-03
3.640431649801525917e-03
3.918890129039073224e-03
4.871161442696029728e-03
6.745594858955724846e-03
1.007371216384965289e-02
1.580041441467416180e-02
2.474542171459674297e-02
3.785794609744878164e-02
5.321971850428892925e-02
5.775509073100985186e-02
4.106834422666377077e-02
2.002508285321177861e-02
1.243224235428534372e-02
2.002508285321177167e-02
4.106834422666377771e-02
5.775509073100983798e-02
5.321971850428892925e-02
3.785794609744878858e-02
2.474542171459673257e-02
1.580041441467415833e-02
1.007371216384964421e-02
6.745594858955718774e-03
4.871161442696021054e-03
3.918890129039069754e-03
4.581804532947170855e-03
4.871161442696018452e-03
5.867772224747374622e-03
7.820702193701501576e-03
1.116583755701311062e-02
1.671752057110144352e-02
2.512808226130817946e-02
3.693687540971774680e-02
5.145787046546149157e-02
6.087994548667383793e-02
5.520254214718342545e-02
4.106834422666377771e-02
3.434842508854498572e-02
4.106834422666377771e-02
5.520254214718341851e-02
6.087994548667383793e-02
5.145787046546149157e-02
3.693687540971773292e-02
2.512808226130817599e-02
1.671752057110143658e-02
1.116583755701310195e-02
7.820702193701487698e-03
5.867772224747372020e-03
4.871161442696020187e-03
6.419773457621387978e-03
6.745594858955718774e-03
7.820702193701491167e-03
9.824094711679344158e-03
1.302635616160487640e-02
1.802452475558878955e-02
2.530641556359594299e-02
3.488990999332828441e-02
4.647877118616026287e-02
5.708024048600510159e-02
6.087994548667383793e-02
5.775509073100985186e-02
5.521644098081528867e-02
5.775509073100983798e-02
6.087994548667383793e-02
5.708024048600510159e-02
4.647877118616026287e-02
3.488990999332827747e-02
2.530641556359593952e-02
1.802452475558878955e-02
1.302635616160487120e-02
9.824094711679347627e-03
7.820702193701494637e-03
6.745594858955722244e-03
9.713706334298445599e-03
1.007371216384964421e-02
1.116583755701310889e-02
1.302635616160486773e-02
1.575353698996722826e-02
1.967661055468982248e-02
2.512808226130817946e-02
3.186518350256471038e-02
3.930514476889760550e-02
4.647877118616025593e-02
5.145787046546149157e-02
5.321971850428892925e-02
5.335008369431580577e-02
5.321971850428892925e-02
5.145787046546149157e-02
4.647877118616026287e-02
3.930514476889759856e-02
3.186518350256471038e-02
2.512808226130817252e-02
1.967661055468980860e-02
1.575353698996722826e-02
1.302635616160487120e-02
1.116583755701310889e-02
1.007371216384964768e-02
1.545518175420390779e-02
1.580041441467416527e-02
1.671752057110143311e-02
1.802452475558878955e-02
1.967661055468980860e-02
2.183290214891631456e-02
2.474542171459673603e-02
2.828884467107531386e-02
3.186518350256471038e-02
3.488990999332827747e-02
3.693687540971773292e-02
3.785794609744878164e-02
3.805056213060575149e-02
3.785794609744878164e-02
3.693687540971773292e-02
3.488990999332827747e-02
3.186518350256471038e-02
2.828884467107529999e-02
2.474542171459673603e-02
2.183290214891631109e-02
1.967661055468980860e-02
1.802452475558878955e-02
1.671752057110144005e-02
1.580041441467416527e-02
2.454110251448770805e-02
2.474542171459672910e-02
2.512808226130817599e-02
2.530641556359593258e-02
2.512808226130817599e-02
2.474542171459672216e-02
2.454110251448771152e-02
2.474542171459673603e-02
2.512808226130818293e-02
2.530641556359594299e-02
2.512808226130817599e-02
2.474542171459673603e-02
2.454110251448770805e-02
2.474542171459673257e-02
2.512808226130817252e-02
2.530641556359594299e-02
2.512808226130817252e-02
2.474542171459673603e-02
2.454110251448770111e-02
2.474542171459673603e-02
2.512808226130816905e-02
2.530641556359594299e-02
2.512808226130817599e-02
2.474542171459673603e-02
3.805056213060575149e-02
3.785794609744878164e-02
3.693687540971773292e-02
3.488990999332827747e-02
3.186518350256470344e-02
2.828884467107531039e-02
2.474542171459672216e-02
2.183290214891631456e-02
1.967661055468981901e-02
1.802452475558878955e-02
1.671752057110144352e-02
1.580041441467416180e-02
1.545518175420391473e-02
1.580041441467416527e-02
1.671752057110143658e-02
1.802452475558878608e-02
1.967661055468981554e-02
2.183290214891631109e-02
2.474542171459673603e-02
2.828884467107530346e-02
3.186518350256471038e-02
3.488990999332827747e-02
3.693687540971773292e-02
3.785794609744878858e-02
5.335008369431580577e-02
5.321971850428892925e-02
5.145787046546148463e-02
4.647877118616025593e-02
3.930514476889760550e-02
3.186518350256470344e-02
2.512808226130817599e-02
1.967661055468980860e-02
1.575353698996722826e-02
1.302635616160487120e-02
1.116583755701311409e-02
1.007371216384965289e-02
9.713706334298445599e-03
1.007371216384965809e-02
1.116583755701311235e-02
1.302635616160487120e-02
1.575353698996723520e-02
1.967661055468981901e-02
2.512808226130816905e-02
3.186518350256471038e-02
3.930514476889759856e-02
4.647877118616025593e-02
5.145787046546149157e-02
5.321971850428892925e-02
5.521644098081528867e-02
5.775509073100984492e-02
6.087994548667383793e-02
5.708024048600510159e-02
4.647877118616025593e-02
3.488990999332828441e-02
2.530641556359593952e-02
1.802452475558878262e-02
1.302635616160486773e-02
9.824094711679344158e-03
7.820702193701496371e-03
6.745594858955724846e-03
6.419773457621391448e-03
6.745594858955722244e-03
7.820702193701501576e-03
9.824094711679344158e-03
1.302635616160487120e-02
1.802452475558878608e-02
2.530641556359594299e-02
3.488990999332827747e-02
4.647877118616026287e-02
5.708024048600510159e-02
6.087994548667383793e-02
5.775509073100983798e-02
3.434842508854497878e-02
4.106834422666377771e-02
5.520254214718341851e-02
6.087994548667383793e-02
5.145787046546149851e-02
3.693687540971773292e-02
2.512808226130817946e-02
1.671752057110143658e-02
1.116583755701310195e-02
7.820702193701491167e-03
5.867772224747374622e-03
4.871161442696026259e-03
4.581804532947178661e-03
4.871161442696026259e-03
5.867772224747378959e-03
7.820702193701501576e-03
1.116583755701309848e-02
1.671752057110144005e-02
2.512808226130817599e-02
3.693687540971773292e-02
5.145787046546149157e-02
6.087994548667383793e-02
5.520254214718341851e-02
4.106834422666377771e-02
1.243224235428534372e-02
2.002508285321177861e-02
4.106834422666377771e-02
5.775509073100984492e-02
5.321971850428892925e-02
3.785794609744878164e-02
2.474542171459672910e-02
1.580041441467416527e-02
1.007371216384964595e-02
6.745594858955712703e-03
4.871161442696020187e-03
3.918890129039073224e-03
3.640431649801534157e-03
3.918890129039080163e-03
4.871161442696026259e-03
6.745594858955718774e-03
1.007371216384965462e-02
1.580041441467415833e-02
2.474542171459673603e-02
3.785794609744878164e-02
5.321971850428892925e-02
5.775509073100983798e-02
4.106834422666377771e-02
2.002508285321177514e-02
1.243224235428534372e-02
2.002508285321178208e-02
4.106834422666377771e-02
5.775509073100985186e-02
5.321971850428892925e-02
3.785794609744878858e-02
2.474542171459673603e-02
1.580041441467415833e-02
1.007371216384965115e-02
6.745594858955720509e-03
4.871161442696021054e-03
3.918890129039073224e-03
3.640431649801530688e-03
3.918890129039071489e-03
4.871161442696028861e-03
6.745594858955720509e-03
1.007371216384965462e-02
1.580041441467416527e-02
2.474542171459674297e-02
3.785794609744878858e-02
5.321971850428892925e-02
5.775509073100986573e-02
4.106834422666378465e-02
2.002508285321179596e-02
2.002508285321178555e-02
2.962749285924158940e-02
5.123327663322560510e-02
6.554787211026742721e-02
5.870869360297485684e-02
4.225567381851250137e-02
2.828884467107530346e-02
1.846099786632323866e-02
1.198375643021894893e-02
8.062663319654580010e-03
5.728960434479866103e-03
4.442698288657922351e-03
3.918890129039074958e-03
3.977230936868365006e-03
4.669719696981415417e-03
6.197324517101245218e-03
9.022566612311284234e-03
1.399159230067032779e-02
2.183290214891632150e-02
3.338661441490836657e-02
4.753719326104442755e-02
5.408541552610581643e-02
4.299066494794030052e-02
2.600239420039524019e-02
4.106834422666378465e-02
5.123327663322561204e-02
6.708148413961137480e-02
7.231229474029503279e-02
6.153828698174563377e-02
4.545111468579973724e-02
3.186518350256471038e-02
2.172416203398955942e-02
1.475855296515162299e-02
1.030473786473358293e-02
7.451416368618798448e-03
5.728960434479866103e-03
4.871161442696024524e-03
4.669719696981418887e-03
5.116844364139348615e-03
6.364929087133543509e-03
8.770179468533444156e-03
1.301635151783241649e-02
1.967661055468982248e-02
2.925575912528640896e-02
4.161511364114395956e-02
5.144529353855655657e-02
5.069341736450259234e-02
4.299066494794029358e-02
5.775509073100986573e-02
6.554787211026741334e-02
7.231229474029503279e-02
7.016601794026136596e-02
5.950479807616090855e-02
4.658423349094670957e-02
3.488990999332828441e-02
2.536281958602221512e-02
1.843295687931821927e-02
1.365077637553185549e-02
1.030473786473358293e-02
8.062663319654586949e-03
6.745594858955723978e-03
6.197324517101240014e-03
6.364929087133546978e-03
7.324459066417782910e-03
9.287328881358023966e-03
1.271213216196352344e-02
1.802452475558878608e-02
2.536281958602221859e-02
3.480114456580463145e-02
4.479072406747186541e-02
5.144529353855655657e-02
5.408541552610582337e-02
5.321971850428892925e-02
5.870869360297485684e-02
6.153828698174563377e-02
5.950479807616092243e-02
5.346222284106285499e-02
4.545111468579973030e-02
3.693687540971773986e-02
2.925575912528639855e-02
2.315267252831498465e-02
1.843295687931821233e-02
1.475855296515162472e-02
1.198375643021894893e-02
1.007371216384965289e-02
9.022566612311289438e-03
8.770179468533440686e-03
9.287328881358029170e-03
1.063299106961844431e-02
1.301635151783241649e-02
1.671752057110144352e-02
2.172416203398956289e-02
2.785069284138847259e-02
3.480114456580463145e-02
4.161511364114395956e-02
4.753719326104442755e-02
3.785794609744878858e-02
4.225567381851250137e-02
4.545111468579974418e-02
4.658423349094670263e-02
4.545111468579973724e-02
4.225567381851249443e-02
3.785794609744878858e-02
3.338661441490835963e-02
2.925575912528639855e-02
2.536281958602221512e-02
2.172416203398955942e-02
1.846099786632323866e-02
1.580041441467416180e-02
1.399159230067032952e-02
1.301635151783241996e-02
1.271213216196351824e-02
1.301635151783241996e-02
1.399159230067032432e-02
1.580041441467416527e-02
1.846099786632323866e-02
2.172416203398956289e-02
2.536281958602221859e-02
2.925575912528640896e-02
3.338661441490835963e-02
2.474542171459673603e-02
2.828884467107531039e-02
3.186518350256471038e-02
3.488990999332829135e-02
3.693687540971773986e-02
3.785794609744880246e-02
3.805056213060575843e-02
3.785794609744878858e-02
3.693687540971773292e-02
3.488990999332827747e-02
3.186518350256471038e-02
2.828884467107531386e-02
2.474542171459673603e-02
2.183290214891631803e-02
1.967661055468982248e-02
1.802452475558878955e-02
1.671752057110143658e-02
1.580041441467416527e-02
1.545518175420390779e-02
1.580041441467416527e-02
1.671752057110144352e-02
1.802452475558878955e-02
1.967661055468981901e-02
2.183290214891631803e-02
1.580041441467416874e-02
1.846099786632323866e-02
2.172416203398956289e-02
2.536281958602221859e-02
2.925575912528641936e-02
3.338661441490835963e-02
3.785794609744878858e-02
4.225567381851250137e-02
4.545111468579973030e-02
4.658423349094670957e-02
4.545111468579973030e-02
4.225567381851250137e-02
3.785794609744878164e-02
3.338661441490835963e-02
2.925575912528639855e-02
2.536281958602221859e-02
2.172416203398956289e-02
1.846099786632323173e-02
1.580041441467416527e-02
1.399159230067032432e-02
1.301635151783241649e-02
1.271213216196352518e-02
1.301635151783241996e-02
1.399159230067033126e-02
1.007371216384966156e-02
1.198375643021895934e-02
1.475855296515162646e-02
1.843295687931822621e-02
2.315267252831498465e-02
2.925575912528640896e-02
3.693687540971773986e-02
4.545111468579973724e-02
5.346222284106286193e-02
5.950479807616091549e-02
6.153828698174563377e-02
5.870869360297484990e-02
5.321971850428892925e-02
4.753719326104442061e-02
4.161511364114395956e-02
3.480114456580462451e-02
2.785069284138846912e-02
2.172416203398956289e-02
1.671752057110143658e-02
1.301635151783241649e-02
1.063299106961844084e-02
9.287328881358023966e-03
8.770179468533444156e-03
9.022566612311287704e-03
6.745594858955722244e-03
8.062663319654586949e-03
1.030473786473358640e-02
1.365077637553185896e-02
1.843295687931821927e-02
2.536281958602221512e-02
3.488990999332829135e-02
4.658423349094671650e-02
5.950479807616091549e-02
7.016601794026136596e-02
7.231229474029501891e-02
6.554787211026741334e-02
5.775509073100984492e-02
5.408541552610582337e-02
5.144529353855655657e-02
4.479072406747185847e-02
3.480114456580462451e-02
2.536281958602221859e-02
1.802452475558878955e-02
1.271213216196351824e-02
9.287328881358023966e-03
7.324459066417782042e-03
6.364929087133543509e-03
6.197324517101242616e-03
4.871161442696025391e-03
5.728960434479864368e-03
7.451416368618801918e-03
1.030473786473358987e-02
1.475855296515162646e-02
2.172416203398956289e-02
3.186518350256471038e-02
4.545111468579974418e-02
6.153828698174563377e-02
7.231229474029503279e-02
6.708148413961136092e-02
5.123327663322560510e-02
4.106834422666378465e-02
4.299066494794027971e-02
5.069341736450259234e-02
5.144529353855654963e-02
4.161511364114395956e-02
2.925575912528639855e-02
1.967661055468981554e-02
1.301635151783241823e-02
8.770179468533437217e-03
6.364929087133541774e-03
5.116844364139349483e-03
4.669719696981415417e-03
3.918890129039071489e-03
4.442698288657925820e-03
5.728960434479864368e-03
8.062663319654586949e-03
1.198375643021895934e-02
1.846099786632324560e-02
2.828884467107532080e-02
4.225567381851250137e-02
5.870869360297487072e-02
6.554787211026741334e-02
5.123327663322561204e-02
2.962749285924158246e-02
2.002508285321179249e-02
2.600239420039524366e-02
4.299066494794027971e-02
5.408541552610582337e-02
4.753719326104442061e-02
3.338661441490835963e-02
2.183290214891631456e-02
1.399159230067032259e-02
9.022566612311287704e-03
6.197324517101236545e-03
4.669719696981415417e-03
3.977230936868361537e-03
3.640431649801530688e-03
3.918890129039071489e-03
4.871161442696028861e-03
6.745594858955720509e-03
1.007371216384965462e-02
1.580041441467416527e-02
2.474542171459674297e-02
3.785794609744878858e-02
5.321971850428892925e-02
5.775509073100986573e-02
4.106834422666378465e-02
2.002508285321179596e-02
1.243224235428534372e-02
2.002508285321178208e-02
4.106834422666377771e-02
5.775509073100985186e-02
5.321971850428892925e-02
3.785794609744878858e-02
2.474542171459673603e-02
1.580041441467415833e-02
1.007371216384965115e-02
6.745594858955720509e-03
4.871161442696021054e-03
3.918890129039073224e-03
3.918890129039074958e-03
3.977230936868365006e-03
4.669719696981415417e-03
6.197324517101245218e-03
9.022566612311284234e-03
1.399159230067032779e-02
2.183290214891632150e-02
3.338661441490836657e-02
4.753719326104442755e-02
5.408541552610581643e-02
4.299066494794030052e-02
2.600239420039524019e-02
2.002508285321178555e-02
2.962749285924158940e-02
5.123327663322560510e-02
6.554787211026742721e-02
5.870869360297485684e-02
4.225567381851250137e-02
2.828884467107530346e-02
1.846099786632323866e-02
1.198375643021894893e-02
8.062663319654580010e-03
5.728960434479866103e-03
4.442698288657922351e-03
4.871161442696024524e-03
4.669719696981418887e-03
5.116844364139348615e-03
6.364929087133543509e-03
8.770179468533444156e-03
1.301635151783241649e-02
1.967661055468982248e-02
2.925575912528640896e-02
4.161511364114395956e-02
5.144529353855655657e-02
5.069341736450259234e-02
4.299066494794029358e-02
4.106834422666378465e-02
5.123327663322561204e-02
6.708148413961137480e-02
7.231229474029503279e-02
6.153828698174563377e-02
4.545111468579973724e-02
3.186518350256471038e-02
2.172416203398955942e-02
1.475855296515162299e-02
1.030473786473358293e-02
7.451416368618798448e-03
5.728960434479866103e-03
6.745594858955723978e-03
6.197324517101240014e-03
6.364929087133546978e-03
7.324459066417782910e-03
9.287328881358023966e-03
1.271213216196352344e-02
1.802452475558878608e-02
2.536281958602221859e-02
3.480114456580463145e-02
4.479072406747186541e-02
5.144529353855655657e-02
5.408541552610582337e-02
5.775509073100986573e-02
6.554787211026741334e-02
7.231229474029503279e-02
7.016601794026136596e-02
5.950479807616090855e-02
4.658423349094670957e-02
3.488990999332828441e-02
2.536281958602221512e-02
1.843295687931821927e-02
1.365077637553185549e-02
1.030473786473358293e-02
8.062663319654586949e-03
1.007371216384965289e-02
9.022566612311289438e-03
8.770179468533440686e-03
9.287328881358029170e-03
1.063299106961844431e-02
1.301635151783241649e-02
1.671752057110144352e-02
2.172416203398956289e-02
2.785069284138847259e-02
3.480114456580463145e-02
4.161511364114395956e-02
4.753719326104442755e-02
5.321971850428892925e-02
5.870869360297485684e-02
6.153828698174563377e-02
5.950479807616092243e-02
5.346222284106285499e-02
4.545111468579973030e-02
3.693687540971773986e-02
2.925575912528639855e-02
2.315267252831498465e-02
1.843295687931821233e-02
1.475855296515162472e-02
1.198375643021894893e-02
1.580041441467416180e-02
1.399159230067032952e-02
1.301635151783241996e-02
1.271213216196351824e-02
1.301635151783241996e-02
1.399159230067032432e-02
1.580041441467416527e-02
1.846099786632323866e-02
2.172416203398956289e-02
2.536281958602221859e-02
2.925575912528640896e-02
3.338661441490835963e-02
3.785794609744878858e-02
4.225567381851250137e-02
4.545111468579974418e-02
4.658423349094670263e-02
4.545111468579973724e-02
4.225567381851249443e-02
3.785794609744878858e-02
3.338661441490835963e-02
2.925575912528639855e-02
2.536281958602221512e-02
2.172416203398955942e-02
1.846099786632323866e-02
2.474542171459673603e-02
2.183290214891631803e-02
1.967661055468982248e-02
1.802452475558878955e-02
1.671752057110143658e-02
1.580041441467416527e-02
1.545518175420390779e-02
1.580041441467416527e-02
1.671752057110144352e-02
1.802452475558878955e-02
1.967661055468981901e-02
2.183290214891631803e-02
2.474542171459673603e-02
2.828884467107531039e-02
3.186518350256471038e-02
3.488990999332829135e-02
3.693687540971773986e-02
3.785794609744880246e-02
3.805056213060575843e-02
3.785794609744878858e-02
3.693687540971773292e-02
3.488990999332827747e-02
3.186518350256471038e-02
2.828884467107531386e-02
3.785794609744878164e-02
3.338661441490835963e-02
2.925575912528639855e-02
2.536281958602221859e-02
2.172416203398956289e-02
1.846099786632323173e-02
1.580041441467416527e-02
1.399159230067032432e-02
1.301635151783241649e-02
1.271213216196352518e-02
1.301635151783241996e-02
1.399159230067033126e-02
1.580041441467416874e-02
1.846099786632323866e-02
2.172416203398956289e-02
2.536281958602221859e-02
2.925575912528641936e-02
3.338661441490835963e-02
3.785794609744878858e-02
4.225567381851250137e-02
4.545111468579973030e-02
4.658423349094670957e-02
4.545111468579973030e-02
4.225567381851250137e-02
5.321971850428892925e-02
4.753719326104442061e-02
4.161511364114395956e-02
3.480114456580462451e-02
2.785069284138846912e-02
2.172416203398956289e-02
1.671752057110143658e-02
1.301635151783241649e-02
1.063299106961844084e-02
9.287328881358023966e-03
8.770179468533444156e-03
9.022566612311287704e-03
1.007371216384966156e-02
1.198375643021895934e-02
1.475855296515162646e-02
1.843295687931822621e-02
2.315267252831498465e-02
2.925575912528640896e-02
3.693687540971773986e-02
4.545111468579973724e-02
5.346222284106286193e-02
5.950479807616091549e-02
6.153828698174563377e-02
5.870869360297484990e-02
5.775509073100984492e-02
5.408541552610582337e-02
5.144529353855655657e-02
4.479072406747185847e-02
3.480114456580462451e-02
2.536281958602221859e-02
1.802452475558878955e-02
1.271213216196351824e-02
9.287328881358023966e-03
7.324459066417782042e-03
6.364929087133543509e-03
6.197324517101242616e-03
6.745594858955722244e-03
8.062663319654586949e-03
1.030473786473358640e-02
1.365077637553185896e-02
1.843295687931821927e-02
2.536281958602221512e-02
3.488990999332829135e-02
4.658423349094671650e-02
5.950479807616091549e-02
7.016601794026136596e-02
7.231229474029501891e-02
6.554787211026741334e-02
4.106834422666378465e-02
4.299066494794027971e-02
5.069341736450259234e-02
5.144529353855654963e-02
4.161511364114395956e-02
2.925575912528639855e-02
1.967661055468981554e-02
1.301635151783241823e-02
8.770179468533437217e-03
6.364929087133541774e-03
5.116844364139349483e-03
4.669719696981415417e-03
4.871161442696025391e-03
5.728960434479864368e-03
7.451416368618801918e-03
1.030473786473358987e-02
1.475855296515162646e-02
2.172416203398956289e-02
3.186518350256471038e-02
4.545111468579974418e-02
6.153828698174563377e-02
7.231229474029503279e-02
6.708148413961136092e-02
5.123327663322560510e-02
2.002508285321179249e-02
2.600239420039524366e-02
4.299066494794027971e-02
5.408541552610582337e-02
4.753719326104442061e-02
3.338661441490835963e-02
2.183290214891631456e-02
1.399159230067032259e-02
9.022566612311287704e-03
6.197324517101236545e-03
4.669719696981415417e-03
3.977230936868361537e-03
3.918890129039071489e-03
4.442698288657925820e-03
5.728960434479864368e-03
8.062663319654586949e-03
1.198375643021895934e-02
1.846099786632324560e-02
2.828884467107532080e-02
4.225567381851250137e-02
5.870869360297487072e-02
6.554787211026741334e-02
5.123327663322561204e-02
2.962749285924158246e-02
3.434842508854500653e-02
4.106834422666379852e-02
5.520254214718342545e-02
6.087994548667385181e-02
5.145787046546149157e-02
3.693687540971774680e-02
2.512808226130817599e-02
1.671752057110144005e-02
1.116583755701310889e-02
7.820702193701498106e-03
5.867772224747379826e-03
4.871161442696027993e-03
4.581804532947176926e-03
4.871161442696031463e-03
5.867772224747375490e-03
7.820702193701498106e-03
1.116583755701310715e-02
1.671752057110144352e-02
2.512808226130817946e-02
3.693687540971774680e-02
5.145787046546149157e-02
6.087994548667383793e-02
5.520254214718342545e-02
4.106834422666378465e-02
4.106834422666378465e-02
5.123327663322561898e-02
6.708148413961137480e-02
7.231229474029501891e-02
6.153828698174564765e-02
4.545111468579973030e-02
3.186518350256471732e-02
2.172416203398955942e-02
1.475855296515162125e-02
1.030473786473358813e-02
7.451416368618801918e-03
5.728960434479868705e-03
4.871161442696028861e-03
4.669719696981424958e-03
5.116844364139356421e-03
6.364929087133545244e-03
8.770179468533445891e-03
1.301635151783241823e-02
1.967661055468981901e-02
2.925575912528641589e-02
4.161511364114395956e-02
5.144529353855654269e-02
5.069341736450259234e-02
4.299066494794028664e-02
5.520254214718343239e-02
6.708148413961136092e-02
7.960304581161324611e-02
8.066348102679621324e-02
6.905544288745171788e-02
5.346222284106287581e-02
3.930514476889760550e-02
2.785069284138847259e-02
1.955835717196773016e-02
1.392828033379657493e-02
1.005625497904420740e-02
7.451416368618803653e-03
5.867772224747384163e-03
5.116844364139353819e-03
5.086946841838335329e-03
5.796012652477700901e-03
7.472291158495530765e-03
1.063299106961844778e-02
1.575353698996723173e-02
2.315267252831498465e-02
3.307769865156236916e-02
4.338265378507615705e-02
4.920192334366594450e-02
5.069341736450259928e-02
6.087994548667383793e-02
7.231229474029501891e-02
8.066348102679619936e-02
8.024468161058866122e-02
7.176477406520280489e-02
5.950479807616092243e-02
4.647877118616026287e-02
3.480114456580462451e-02
2.568926348404347582e-02
1.892616473193612855e-02
1.392828033379657493e-02
1.030473786473358813e-02
7.820702193701501576e-03
6.364929087133553917e-03
5.796012652477695697e-03
6.006594901735002288e-03
7.067845377513328441e-03
9.287328881358023966e-03
1.302635616160487814e-02
1.843295687931822274e-02
2.568926348404347235e-02
3.454541234641022446e-02
4.338265378507615705e-02
5.144529353855655657e-02
5.145787046546149157e-02
6.153828698174563377e-02
6.905544288745171788e-02
7.176477406520277713e-02
6.905544288745171788e-02
6.153828698174563377e-02
5.145787046546149851e-02
4.161511364114396649e-02
3.307769865156236916e-02
2.568926348404347235e-02
1.955835717196773016e-02
1.475855296515162472e-02
1.116583755701310889e-02
8.770179468533445891e-03
7.472291158495539438e-03
7.067845377513323236e-03
7.472291158495540306e-03
8.770179468533447625e-03
1.116583755701310715e-02
1.475855296515162646e-02
1.955835717196774057e-02
2.568926348404347235e-02
3.307769865156237610e-02
4.161511364114395262e-02
3.693687540971773986e-02
4.545111468579973030e-02
5.346222284106285499e-02
5.950479807616092243e-02
6.153828698174561990e-02
5.870869360297486378e-02
5.321971850428895007e-02
4.753719326104442755e-02
4.161511364114396649e-02
3.480114456580463145e-02
2.785069284138846912e-02
2.172416203398955595e-02
1.671752057110144352e-02
1.301635151783241823e-02
1.063299106961845125e-02
9.287328881358029170e-03
8.770179468533442421e-03
9.022566612311292908e-03
1.007371216384965636e-02
1.198375643021895413e-02
1.475855296515162646e-02
1.843295687931821927e-02
2.315267252831498812e-02
2.925575912528641589e-02
2.512808226130818640e-02
3.186518350256471038e-02
3.930514476889759856e-02
4.647877118616025593e-02
5.145787046546149851e-02
5.321971850428893619e-02
5.335008369431581965e-02
5.321971850428895007e-02
5.145787046546149851e-02
4.647877118616026287e-02
3.930514476889759856e-02
3.186518350256471038e-02
2.512808226130816905e-02
1.967661055468982595e-02
1.575353698996723173e-02
1.302635616160488161e-02
1.116583755701310889e-02
1.007371216384965289e-02
9.713706334298450804e-03
1.007371216384965289e-02
1.116583755701310542e-02
1.302635616160487814e-02
1.575353698996723520e-02
1.967661055468982248e-02
1.671752057110144699e-02
2.172416203398956983e-02
2.785069284138846565e-02
3.480114456580461063e-02
4.161511364114395956e-02
4.753719326104443449e-02
5.321971850428893619e-02
5.870869360297485684e-02
6.153828698174563377e-02
5.950479807616090855e-02
5.346222284106286887e-02
4.545111468579973030e-02
3.693687540971773986e-02
2.925575912528640549e-02
2.315267252831498812e-02
1.843295687931821927e-02
1.475855296515162646e-02
1.198375643021895240e-02
1.007371216384965115e-02
9.022566612311291173e-03
8.770179468533444156e-03
9.287328881358025701e-03
1.063299106961844778e-02
1.301635151783242170e-02
1.116583755701311582e-02
1.475855296515162646e-02
1.955835717196774057e-02
2.568926348404347235e-02
3.307769865156235528e-02
4.161511364114396649e-02
5.145787046546150545e-02
6.153828698174561990e-02
6.905544288745171788e-02
7.176477406520279101e-02
6.905544288745171788e-02
6.153828698174564765e-02
5.145787046546149851e-02
4.161511364114395262e-02
3.307769865156236222e-02
2.568926348404347582e-02
1.955835717196773710e-02
1.475855296515162646e-02
1.116583755701310715e-02
8.770179468533440686e-03
7.472291158495538571e-03
7.067845377513324104e-03
7.472291158495534234e-03
8.770179468533445891e-03
7.820702193701498106e-03
1.030473786473359334e-02
1.392828033379657840e-02
1.892616473193613896e-02
2.568926348404347582e-02
3.480114456580462451e-02
4.647877118616026287e-02
5.950479807616090855e-02
7.176477406520277713e-02
8.024468161058866122e-02
8.066348102679619936e-02
7.231229474029503279e-02
6.087994548667385181e-02
5.144529353855655657e-02
4.338265378507615705e-02
3.454541234641021058e-02
2.568926348404347582e-02
1.843295687931821927e-02
1.302635616160487814e-02
9.287328881358027435e-03
7.067845377513320634e-03
6.006594901735000554e-03
5.796012652477698299e-03
6.364929087133549580e-03
5.867772224747377224e-03
7.451416368618799316e-03
1.005625497904420913e-02
1.392828033379657840e-02
1.955835717196774404e-02
2.785069284138847259e-02
3.930514476889759856e-02
5.346222284106286887e-02
6.905544288745171788e-02
8.066348102679619936e-02
7.960304581161324611e-02
6.708148413961137480e-02
5.520254214718342545e-02
5.069341736450259928e-02
4.920192334366595838e-02
4.338265378507615705e-02
3.307769865156236916e-02
2.315267252831498812e-02
1.575353698996723173e-02
1.063299106961844431e-02
7.472291158495534234e-03
5.796012652477694829e-03
5.086946841838331859e-03
5.116844364139353819e-03
4.871161442696029728e-03
5.728960434479864368e-03
7.451416368618799316e-03
1.030473786473358813e-02
1.475855296515162299e-02
2.172416203398956289e-02
3.186518350256471732e-02
4.545111468579973030e-02
6.153828698174563377e-02
7.231229474029503279e-02
6.708148413961136092e-02
5.123327663322561204e-02
4.106834422666379852e-02
4.299066494794029358e-02
5.069341736450259928e-02
5.144529353855655657e-02
4.161511364114395956e-02
2.925575912528640549e-02
1.967661055468982248e-02
1.301635151783241823e-02
8.770179468533442421e-03
6.364929087133548713e-03
5.116844364139351217e-03
4.669719696981424091e-03
4.581804532947176926e-03
4.871161442696031463e-03
5.867772224747375490e-03
7.820702193701498106e-03
1.116583755701310715e-02
1.671752057110144352e-02
2.512808226130817946e-02
3.693687540971774680e-02
5.145787046546149157e-02
6.087994548667383793e-02
5.520254214718342545e-02
4.106834422666378465e-02
3.434842508854500653e-02
4.106834422666379852e-02
5.520254214718342545e-02
6.087994548667385181e-02
5.145787046546149157e-02
3.693687540971774680e-02
2.512808226130817599e-02
1.671752057110144005e-02
1.116583755701310889e-02
7.820702193701498106e-03
5.867772224747379826e-03
4.871161442696027993e-03
4.871161442696028861e-03
4.669719696981424958e-03
5.116844364139356421e-03
6.364929087133545244e-03
8.770179468533445891e-03
1.301635151783241823e-02
1.967661055468981901e-02
2.925575912528641589e-02
4.161511364114395956e-02
5.144529353855654269e-02
5.069341736450259234e-02
4.299066494794028664e-02
4.106834422666378465e-02
5.123327663322561898e-02
6.708148413961137480e-02
7.231229474029501891e-02
6.153828698174564765e-02
4.545111468579973030e-02
3.186518350256471732e-02
2.172416203398955942e-02
1.475855296515162125e-02
1.030473786473358813e-02
7.451416368618801918e-03
5.728960434479868705e-03
5.867772224747384163e-03
5.116844364139353819e-03
5.086946841838335329e-03
5.796012652477700901e-03
7.472291158495530765e-03
1.063299106961844778e-02
1.575353698996723173e-02
2.315267252831498465e-02
3.307769865156236916e-02
4.338265378507615705e-02
4.920192334366594450e-02
5.069341736450259928e-02
5.520254214718343239e-02
6.708148413961136092e-02
7.960304581161324611e-02
8.066348102679621324e-02
6.905544288745171788e-02
5.346222284106287581e-02
3.930514476889760550e-02
2.785069284138847259e-02
1.955835717196773016e-02
1.392828033379657493e-02
1.005625497904420740e-02
7.451416368618803653e-03
7.820702193701501576e-03
6.364929087133553917e-03
5.796012652477695697e-03
6.006594901735002288e-03
7.067845377513328441e-03
9.287328881358023966e-03
1.302635616160487814e-02
1.843295687931822274e-02
2.568926348404347235e-02
3.454541234641022446e-02
4.338265378507615705e-02
5.144529353855655657e-02
6.087994548667383793e-02
7.231229474029501891e-02
8.066348102679619936e-02
8.024468161058866122e-02
7.176477406520280489e-02
5.950479807616092243e-02
4.647877118616026287e-02
3.480114456580462451e-02
2.568926348404347582e-02
1.892616473193612855e-02
1.392828033379657493e-02
1.030473786473358813e-02
1.116583755701310889e-02
8.770179468533445891e-03
7.472291158495539438e-03
7.067845377513323236e-03
7.472291158495540306e-03
8.770179468533447625e-03
1.116583755701310715e-02
1.475855296515162646e-02
1.955835717196774057e-02
2.568926348404347235e-02
3.307769865156237610e-02
4.161511364114395262e-02
5.145787046546149157e-02
6.153828698174563377e-02
6.905544288745171788e-02
7.176477406520277713e-02
6.905544288745171788e-02
6.153828698174563377e-02
5.145787046546149851e-02
4.161511364114396649e-02
3.307769865156236916e-02
2.568926348404347235e-02
1.955835717196773016e-02
1.475855296515162472e-02
1.671752057110144352e-02
1.301635151783241823e-02
1.063299106961845125e-02
9.287328881358029170e-03
8.770179468533442421e-03
9.022566612311292908e-03
1.007371216384965636e-02
1.198375643021895413e-02
1.475855296515162646e-02
1.843295687931821927e-02
2.315267252831498812e-02
2.925575912528641589e-02
3.693687540971773986e-02
4.545111468579973030e-02
5.346222284106285499e-02
5.950479807616092243e-02
6.153828698174561990e-02
5.870869360297486378e-02
5.321971850428895007e-02
4.753719326104442755e-02
4.161511364114396649e-02
3.480114456580463145e-02
2.785069284138846912e-02
2.172416203398955595e-02
2.512808226130816905e-02
1.967661055468982595e-02
1.575353698996723173e-02
1.302635616160488161e-02
1.116583755701310889e-02
1.007371216384965289e-02
9.713706334298450804e-03
1.007371216384965289e-02
1.116583755701310542e-02
1.302635616160487814e-02
1.575353698996723520e-02
1.967661055468982248e-02
2.512808226130818640e-02
3.186518350256471038e-02
3.930514476889759856e-02
4.647877118616025593e-02
5.145787046546149851e-02
5.321971850428893619e-02
5.335008369431581965e-02
5.321971850428895007e-02
5.145787046546149851e-02
4.647877118616026287e-02
3.930514476889759856e-02
3.186518350256471038e-02
3.693687540971773986e-02
2.925575912528640549e-02
2.315267252831498812e-02
1.843295687931821927e-02
1.475855296515162646e-02
1.198375643021895240e-02
1.007371216384965115e-02
9.022566612311291173e-03
8.770179468533444156e-03
9.287328881358025701e-03
1.063299106961844778e-02
1.301635151783242170e-02
1.671752057110144699e-02
2.172416203398956983e-02
2.785069284138846565e-02
3.480114456580461063e-02
4.161511364114395956e-02
4.753719326104443449e-02
5.321971850428893619e-02
5.870869360297485684e-02
6.153828698174563377e-02
5.950479807616090855e-02
5.346222284106286887e-02
4.545111468579973030e-02
5.145787046546149851e-02
4.161511364114395262e-02
3.307769865156236222e-02
2.568926348404347582e-02
1.955835717196773710e-02
1.475855296515162646e-02
1.116583755701310715e-02
8.770179468533440686e-03
7.472291158495538571e-03
7.067845377513324104e-03
7.472291158495534234e-03
8.770179468533445891e-03
1.116583755701311582e-02
1.475855296515162646e-02
1.955835717196774057e-02
2.568926348404347235e-02
3.307769865156235528e-02
4.161511364114396649e-02
5.145787046546150545e-02
6.153828698174561990e-02
6.905544288745171788e-02
7.176477406520279101e-02
6.905544288745171788e-02
6.153828698174564765e-02
6.087994548667385181e-02
5.144529353855655657e-02
4.338265378507615705e-02
3.454541234641021058e-02
2.568926348404347582e-02
1.843295687931821927e-02
1.302635616160487814e-02
9.287328881358027435e-03
7.067845377513320634e-03
6.006594901735000554e-03
5.796012652477698299e-03
6.364929087133549580e-03
7.820702193701498106e-03
1.030473786473359334e-02
1.392828033379657840e-02
1.892616473193613896e-02
2.568926348404347582e-02
3.480114456580462451e-02
4.647877118616026287e-02
5.950479807616090855e-02
7.176477406520277713e-02
8.024468161058866122e-02
8.066348102679619936e-02
7.231229474029503279e-02
5.520254214718342545e-02
5.069341736450259928e-02
4.920192334366595838e-02
4.338265378507615705e-02
3.307769865156236916e-02
2.315267252831498812e-02
1.575353698996723173e-02
1.063299106961844431e-02
7.472291158495534234e-03
5.796012652477694829e-03
5.086946841838331859e-03
5.116844364139353819e-03
5.867772224747377224e-03
7.451416368618799316e-03
1.005625497904420913e-02
1.392828033379657840e-02
1.955835717196774404e-02
2.785069284138847259e-02
3.930514476889759856e-02
5.346222284106286887e-02
6.905544288745171788e-02
8.066348102679619936e-02
7.960304581161324611e-02
6.708148413961137480e-02
4.106834422666379852e-02
4.299066494794029358e-02
5.069341736450259928e-02
5.144529353855655657e-02
4.161511364114395956e-02
2.925575912528640549e-02
1.967661055468982248e-02
1.301635151783241823e-02
8.770179468533442421e-03
6.364929087133548713e-03
5.116844364139351217e-03
4.669719696981424091e-03
4.871161442696029728e-03
5.728960434479864368e-03
7.451416368618799316e-03
1.030473786473358813e-02
1.475855296515162299e-02
2.172416203398956289e-02
3.186518350256471732e-02
4.545111468579973030e-02
6.153828698174563377e-02
7.231229474029503279e-02
6.708148413961136092e-02
5.123327663322561204e-02
5.521644098081530255e-02
5.775509073100985186e-02
6.087994548667383793e-02
5.708024048600510159e-02
4.647877118616026287e-02
3.488990999332827747e-02
2.530641556359594646e-02
1.802452475558878955e-02
1.302635616160487814e-02
9.824094711679349362e-03
7.820702193701499841e-03
6.745594858955729183e-03
6.419773457621394050e-03
6.745594858955727448e-03
7.820702193701499841e-03
9.824094711679345893e-03
1.302635616160487987e-02
1.802452475558878955e-02
2.530641556359594646e-02
3.488990999332828441e-02
4.647877118616025593e-02
5.708024048600510159e-02
6.087994548667383793e-02
5.775509073100985186e-02
5.775509073100985186e-02
6.554787211026742721e-02
7.231229474029503279e-02
7.016601794026136596e-02
5.950479807616090855e-02
4.658423349094671650e-02
3.488990999332827747e-02
2.536281958602222206e-02
1.843295687931822274e-02
1.365077637553186070e-02
1.030473786473358813e-02
8.062663319654585214e-03
6.745594858955730917e-03
6.197324517101246953e-03
6.364929087133554785e-03
7.324459066417785512e-03
9.287328881358025701e-03
1.271213216196352344e-02
1.802452475558878955e-02
2.536281958602222206e-02
3.480114456580463145e-02
4.479072406747185847e-02
5.144529353855655657e-02
5.408541552610582337e-02
6.087994548667383793e-02
7.231229474029503279e-02
8.066348102679621324e-02
8.024468161058866122e-02
7.176477406520277713e-02
5.950479807616091549e-02
4.647877118616026287e-02
3.480114456580462451e-02
2.568926348404346888e-02
1.892616473193613549e-02
1.392828033379658013e-02
1.030473786473358813e-02
7.820702193701503310e-03
6.364929087133557387e-03
5.796012652477697431e-03
6.006594901735004023e-03
7.067845377513322369e-03
9.287328881358027435e-03
1.302635616160487987e-02
1.843295687931822621e-02
2.568926348404346888e-02
3.454541234641021752e-02
4.338265378507615705e-02
5.144529353855655657e-02
5.708024048600510159e-02
7.016601794026136596e-02
8.024468161058866122e-02
8.395601002061084395e-02
8.024468161058866122e-02
7.016601794026136596e-02
5.708024048600510159e-02
4.479072406747185847e-02
3.454541234641021058e-02
2.591278989630556653e-02
1.892616473193613549e-02
1.365077637553186417e-02
9.824094711679347627e-03
7.324459066417788981e-03
6.006594901735005758e-03
5.607816738179522559e-03
6.006594901735005758e-03
7.324459066417785512e-03
9.824094711679351097e-03
1.365077637553186070e-02
1.892616473193613896e-02
2.591278989630556653e-02
3.454541234641021752e-02
4.479072406747186541e-02
4.647877118616025593e-02
5.950479807616090855e-02
7.176477406520277713e-02
8.024468161058866122e-02
8.066348102679621324e-02
7.231229474029503279e-02
6.087994548667383793e-02
5.144529353855655657e-02
4.338265378507616399e-02
3.454541234641021058e-02
2.568926348404346888e-02
1.843295687931822621e-02
1.302635616160488334e-02
9.287328881358027435e-03
7.067845377513324971e-03
6.006594901735004891e-03
5.796012652477696564e-03
6.364929087133556519e-03
7.820702193701498106e-03
1.030473786473358987e-02
1.392828033379657840e-02
1.892616473193613896e-02
2.568926348404346888e-02
3.480114456580463145e-02
3.488990999332828441e-02
4.658423349094670957e-02
5.950479807616090855e-02
7.016601794026136596e-02
7.231229474029503279e-02
6.554787211026742721e-02
5.775509073100985186e-02
5.408541552610582337e-02
5.144529353855654963e-02
4.479072406747186541e-02
3.480114456580462451e-02
2.536281958602222206e-02
1.802452475558878955e-02
1.271213216196352691e-02
9.287328881358027435e-03
7.324459066417785512e-03
6.364929087133555652e-03
6.197324517101244351e-03
6.745594858955728315e-03
8.062663319654583480e-03
1.030473786473358813e-02
1.365077637553186070e-02
1.843295687931822621e-02
2.536281958602222206e-02
2.530641556359594646e-02
3.488990999332828441e-02
4.647877118616025593e-02
5.708024048600510159e-02
6.087994548667383793e-02
5.775509073100985186e-02
5.521644098081530255e-02
5.775509073100985186e-02
6.087994548667383793e-02
5.708024048600510159e-02
4.647877118616026287e-02
3.488990999332827747e-02
2.530641556359594646e-02
1.802452475558878955e-02
1.302635616160488161e-02
9.824094711679345893e-03
7.820702193701496371e-03
6.745594858955727448e-03
6.419773457621391448e-03
6.745594858955727448e-03
7.820702193701496371e-03
9.824094711679345893e-03
1.302635616160487987e-02
1.802452475558878955e-02
1.802452475558878955e-02
2.536281958602222206e-02
3.480114456580463145e-02
4.479072406747185847e-02
5.144529353855655657e-02
5.408541552610582337e-02
5.775509073100985186e-02
6.554787211026742721e-02
7.231229474029503279e-02
7.016601794026136596e-02
5.950479807616090855e-02
4.658423349094671650e-02
3.488990999332827747e-02
2.536281958602222206e-02
1.843295687931822968e-02
1.365077637553186070e-02
1.030473786473358466e-02
8.062663319654581745e-03
6.745594858955727448e-03
6.197324517101241749e-03
6.364929087133553050e-03
7.324459066417783777e-03
9.287328881358025701e-03
1.271213216196352691e-02
1.302635616160487987e-02
1.843295687931822621e-02
2.568926348404346888e-02
3.454541234641021752e-02
4.338265378507615705e-02
5.144529353855655657e-02
6.087994548667383793e-02
7.231229474029503279e-02
8.066348102679621324e-02
8.024468161058866122e-02
7.176477406520277713e-02
5.950479807616091549e-02
4.647877118616026287e-02
3.480114456580462451e-02
2.568926348404346888e-02
1.892616473193614243e-02
1.392828033379657666e-02
1.030473786473358466e-02
7.820702193701496371e-03
6.364929087133552182e-03
5.796012652477695697e-03
6.006594901735005758e-03
7.067845377513322369e-03
9.287328881358027435e-03
9.824094711679347627e-03
1.365077637553186070e-02
1.892616473193613896e-02
2.591278989630556653e-02
3.454541234641021752e-02
4.479072406747186541e-02
5.708024048600510159e-02
7.016601794026136596e-02
8.024468161058866122e-02
8.395601002061084395e-02
8.024468161058866122e-02
7.016601794026136596e-02
5.708024048600510159e-02
4.479072406747187235e-02
3.454541234641021058e-02
2.591278989630556653e-02
1.892616473193614243e-02
1.365077637553185723e-02
9.824094711679347627e-03
7.324459066417782910e-03
6.006594901735004023e-03
5.607816738179524294e-03
6.006594901735005758e-03
7.324459066417785512e-03
7.820702193701498106e-03
1.030473786473358640e-02
1.392828033379657840e-02
1.892616473193613896e-02
2.568926348404346888e-02
3.480114456580463145e-02
4.647877118616025593e-02
5.950479807616090855e-02
7.176477406520277713e-02
8.024468161058866122e-02
8.066348102679621324e-02
7.231229474029503279e-02
6.087994548667383793e-02
5.144529353855655657e-02
4.338265378507616399e-02
3.454541234641021058e-02
2.568926348404346888e-02
1.843295687931822621e-02
1.302635616160487640e-02
9.287328881358027435e-03
7.067845377513319767e-03
6.006594901735003156e-03
5.796012652477698299e-03
6.364929087133554785e-03
6.745594858955728315e-03
8.062663319654583480e-03
1.030473786473358466e-02
1.365077637553186070e-02
1.843295687931822621e-02
2.536281958602222206e-02
3.488990999332828441e-02
4.658423349094670957e-02
5.950479807616090855e-02
7.016601794026136596e-02
7.231229474029503279e-02
6.554787211026742721e-02
5.775509073100985186e-02
5.408541552610582337e-02
5.144529353855654963e-02
4.479072406747186541e-02
3.480114456580462451e-02
2.536281958602222206e-02
1.802452475558878955e-02
1.271213216196352344e-02
9.287328881358027435e-03
7.324459066417783777e-03
6.364929087133553917e-03
6.197324517101246086e-03
6.419773457621394050e-03
6.745594858955727448e-03
7.820702193701499841e-03
9.824094711679345893e-03
1.302635616160487987e-02
1.802452475558878955e-02
2.530641556359594646e-02
3.488990999332828441e-02
4.647877118616025593e-02
5.708024048600510159e-02
6.087994548667383793e-02
5.775509073100985186e-02
5.521644098081530255e-02
5.775509073100985186e-02
6.087994548667383793e-02
5.708024048600510159e-02
4.647877118616026287e-02
3.488990999332827747e-02
2.530641556359594646e-02
1.802452475558878955e-02
1.302635616160487814e-02
9.824094711679349362e-03
7.820702193701499841e-03
6.745594858955729183e-03
6.745594858955730917e-03
6.197324517101246953e-03
6.364929087133554785e-03
7.324459066417785512e-03
9.287328881358025701e-03
1.271213216196352344e-02
1.802452475558878955e-02
2.536281958602222206e-02
3.480114456580463145e-02
4.479072406747185847e-02
5.144529353855655657e-02
5.408541552610582337e-02
5.775509073100985186e-02
6.554787211026742721e-02
7.231229474029503279e-02
7.016601794026136596e-02
5.950479807616090855e-02
4.658423349094671650e-02
3.488990999332827747e-02
2.536281958602222206e-02
1.843295687931822274e-02
1.365077637553186070e-02
1.030473786473358813e-02
8.062663319654585214e-03
7.820702193701503310e-03
6.364929087133557387e-03
5.796012652477697431e-03
6.006594901735004023e-03
7.067845377513322369e-03
9.287328881358027435e-03
1.302635616160487987e-02
1.843295687931822621e-02
2.568926348404346888e-02
3.454541234641021752e-02
4.338265378507615705e-02
5.144529353855655657e-02
6.087994548667383793e-02
7.231229474029503279e-02
8.066348102679621324e-02
8.024468161058866122e-02
7.176477406520277713e-02
5.950479807616091549e-02
4.647877118616026287e-02
3.480114456580462451e-02
2.568926348404346888e-02
1.892616473193613549e-02
1.392828033379658013e-02
1.030473786473358813e-02
9.824094711679347627e-03
7.324459066417788981e-03
6.006594901735005758e-03
5.607816738179522559e-03
6.006594901735005758e-03
7.324459066417785512e-03
9.824094711679351097e-03
1.365077637553186070e-02
1.892616473193613896e-02
2.591278989630556653e-02
3.454541234641021752e-02
4.479072406747186541e-02
5.708024048600510159e-02
7.016601794026136596e-02
8.024468161058866122e-02
8.395601002061084395e-02
8.024468161058866122e-02
7.016601794026136596e-02
5.708024048600510159e-02
4.479072406747185847e-02
3.454541234641021058e-02
2.591278989630556653e-02
1.892616473193613549e-02
1.365077637553186417e-02
1.302635616160488334e-02
9.287328881358027435e-03
7.067845377513324971e-03
6.006594901735004891e-03
5.796012652477696564e-03
6.364929087133556519e-03
7.820702193701498106e-03
1.030473786473358987e-02
1.392828033379657840e-02
1.892616473193613896e-02
2.568926348404346888e-02
3.480114456580463145e-02
4.647877118616025593e-02
5.950479807616090855e-02
7.176477406520277713e-02
8.024468161058866122e-02
8.066348102679621324e-02
7.231229474029503279e-02
6.087994548667383793e-02
5.144529353855655657e-02
4.338265378507616399e-02
3.454541234641021058e-02
2.568926348404346888e-02
1.843295687931822621e-02
1.802452475558878955e-02
1.271213216196352691e-02
9.287328881358027435e-03
7.324459066417785512e-03
6.364929087133555652e-03
6.197324517101244351e-03
6.745594858955728315e-03
8.062663319654583480e-03
1.030473786473358813e-02
1.365077637553186070e-02
1.843295687931822621e-02
2.536281958602222206e-02
3.488990999332828441e-02
4.658423349094670957e-02
5.950479807616090855e-02
7.016601794026136596e-02
7.231229474029503279e-02
6.554787211026742721e-02
5.775509073100985186e-02
5.408541552610582337e-02
5.144529353855654963e-02
4.479072406747186541e-02
3.480114456580462451e-02
2.536281958602222206e-02
2.530641556359594646e-02
1.802452475558878955e-02
1.302635616160488161e-02
9.824094711679345893e-03
7.820702193701496371e-03
6.745594858955727448e-03
6.419773457621391448e-03
6.745594858955727448e-03
7.820702193701496371e-03
9.824094711679345893e-03
1.302635616160487987e-02
1.802452475558878955e-02
2.530641556359594646e-02
3.488990999332828441e-02
4.647877118616025593e-02
5.708024048600510159e-02
6.087994548667383793e-02
5.775509073100985186e-02
5.521644098081530255e-02
5.775509073100985186e-02
6.087994548667383793e-02
5.708024048600510159e-02
4.647877118616026287e-02
3.488990999332827747e-02
3.488990999332827747e-02
2.536281958602222206e-02
1.843295687931822968e-02
1.365077637553186070e-02
1.030473786473358466e-02
8.062663319654581745e-03
6.745594858955727448e-03
6.197324517101241749e-03
6.364929087133553050e-03
7.324459066417783777e-03
9.287328881358025701e-03
1.271213216196352691e-02
1.802452475558878955e-02
2.536281958602222206e-02
3.480114456580463145e-02
4.479072406747185847e-02
5.144529353855655657e-02
5.408541552610582337e-02
5.775509073100985186e-02
6.554787211026742721e-02
7.231229474029503279e-02
7.016601794026136596e-02
5.950479807616090855e-02
4.658423349094671650e-02
4.647877118616026287e-02
3.480114456580462451e-02
2.568926348404346888e-02
1.892616473193614243e-02
1.392828033379657666e-02
1.030473786473358466e-02
7.820702193701496371e-03
6.364929087133552182e-03
5.796012652477695697e-03
6.006594901735005758e-03
7.067845377513322369e-03
9.287328881358027435e-03
1.302635616160487987e-02
1.843295687931822621e-02
2.568926348404346888e-02
3.454541234641021752e-02
4.338265378507615705e-02
5.144529353855655657e-02
6.087994548667383793e-02
7.231229474029503279e-02
8.066348102679621324e-02
8.024468161058866122e-02
7.176477406520277713e-02
5.950479807616091549e-02
5.708024048600510159e-02
4.479072406747187235e-02
3.454541234641021058e-02
2.591278989630556653e-02
1.892616473193614243e-02
1.365077637553185723e-02
9.824094711679347627e-03
7.324459066417782910e-03
6.006594901735004023e-03
5.607816738179524294e-03
6.006594901735005758e-03
7.324459066417785512e-03
9.824094711679347627e-03
1.365077637553186070e-02
1.892616473193613896e-02
2.591278989630556653e-02
3.454541234641021752e-02
4.479072406747186541e-02
5.708024048600510159e-02
7.016601794026136596e-02
8.024468161058866122e-02
8.395601002061084395e-02
8.024468161058866122e-02
7.016601794026136596e-02
6.087994548667383793e-02
5.144529353855655657e-02
4.338265378507616399e-02
3.454541234641021058e-02
2.568926348404346888e-02
1.843295687931822621e-02
1.302635616160487640e-02
9.287328881358027435e-03
7.067845377513319767e-03
6.006594901735003156e-03
5.796012652477698299e-03
6.364929087133554785e-03
7.820702193701498106e-03
1.030473786473358640e-02
1.392828033379657840e-02
1.892616473193613896e-02
2.568926348404346888e-02
3.480114456580463145e-02
4.647877118616025593e-02
5.950479807616090855e-02
7.176477406520277713e-02
8.024468161058866122e-02
8.066348102679621324e-02
7.231229474029503279e-02
5.775509073100985186e-02
5.408541552610582337e-02
5.144529353855654963e-02
4.479072406747186541e-02
3.480114456580462451e-02
2.536281958602222206e-02
1.802452475558878955e-02
1.271213216196352344e-02
9.287328881358027435e-03
7.324459066417783777e-03
6.364929087133553917e-03
6.197324517101246086e-03
6.745594858955728315e-03
8.062663319654583480e-03
1.030473786473358466e-02
1.365077637553186070e-02
1.843295687931822621e-02
2.536281958602222206e-02
3.488990999332828441e-02
4.658423349094670957e-02
5.950479807616090855e-02
7.016601794026136596e-02
7.231229474029503279e-02
6.554787211026742721e-02
5.335008369431581965e-02
5.321971850428892925e-02
5.145787046546149157e-02
4.647877118616026287e-02
3.930514476889760550e-02
3.186518350256471038e-02
2.512808226130817252e-02
1.967661055468982248e-02
1.575353698996722826e-02
1.302635616160487467e-02
1.116583755701310889e-02
1.007371216384965115e-02
9.713706334298449069e-03
1.007371216384965115e-02
1.116583755701311235e-02
1.302635616160487814e-02
1.575353698996723173e-02
1.967661055468982248e-02
2.512808226130817599e-02
3.186518350256471732e-02
3.930514476889760550e-02
4.647877118616026287e-02
5.145787046546149851e-02
5.321971850428895007e-02
5.321971850428895007e-02
5.870869360297486378e-02
6.153828698174561990e-02
5.950479807616092243e-02
5.346222284106286887e-02
4.545111468579973030e-02
3.693687540971773986e-02
2.925575912528640549e-02
2.315267252831498812e-02
1.843295687931821927e-02
1.475855296515162472e-02
1.198375643021895587e-02
1.007371216384965462e-02
9.022566612311291173e-03
8.770179468533440686e-03
9.287328881358032640e-03
1.063299106961844778e-02
1.301635151783241823e-02
1.671752057110144352e-02
2.172416203398955942e-02
2.785069284138847259e-02
3.480114456580463145e-02
4.161511364114396649e-02
4.753719326104442061e-02
5.145787046546149851e-02
6.153828698174563377e-02
6.905544288745171788e-02
7.176477406520277713e-02
6.905544288745171788e-02
6.153828698174563377e-02
5.145787046546149157e-02
4.161511364114395262e-02
3.307769865156236916e-02
2.568926348404347235e-02
1.955835717196773710e-02
1.475855296515162299e-02
1.116583755701310889e-02
8.770179468533444156e-03
7.472291158495537704e-03
7.067845377513319767e-03
7.472291158495539438e-03
8.770179468533442421e-03
1.116583755701310889e-02
1.475855296515162646e-02
1.955835717196773710e-02
2.568926348404347582e-02
3.307769865156236916e-02
4.161511364114396649e-02
4.647877118616026287e-02
5.950479807616092243e-02
7.176477406520280489e-02
8.024468161058866122e-02
8.066348102679619936e-02
7.231229474029501891e-02
6.087994548667383793e-02
5.144529353855654963e-02
4.338265378507615705e-02
3.454541234641021058e-02
2.568926348404346888e-02
1.843295687931821927e-02
1.302635616160487467e-02
9.287328881358025701e-03
7.067845377513323236e-03
6.006594901734999686e-03
5.796012652477693962e-03
6.364929087133555652e-03
7.820702193701501576e-03
1.030473786473359160e-02
1.392828033379658013e-02
1.892616473193613549e-02
2.568926348404347582e-02
3.480114456580463145e-02
3.930514476889761244e-02
5.346222284106286887e-02
6.905544288745171788e-02
8.066348102679621324e-02
7.960304581161325999e-02
6.708148413961136092e-02
5.520254214718342545e-02
5.069341736450259234e-02
4.920192334366594450e-02
4.338265378507615705e-02
3.307769865156236222e-02
2.315267252831498465e-02
1.575353698996723173e-02
1.063299106961844431e-02
7.472291158495531632e-03
5.796012652477695697e-03
5.086946841838334461e-03
5.116844364139352085e-03
5.867772224747385898e-03
7.451416368618804520e-03
1.005625497904420913e-02
1.392828033379657840e-02
1.955835717196773710e-02
2.785069284138846912e-02
3.186518350256471038e-02
4.545111468579974418e-02
6.153828698174564765e-02
7.231229474029501891e-02
6.708148413961137480e-02
5.123327663322561898e-02
4.106834422666378465e-02
4.299066494794029358e-02
5.069341736450259234e-02
5.144529353855653575e-02
4.161511364114395956e-02
2.925575912528640896e-02
1.967661055468981901e-02
1.301635151783241823e-02
8.770179468533444156e-03
6.364929087133544376e-03
5.116844364139353819e-03
4.669719696981424091e-03
4.871161442696026259e-03
5.728960434479871307e-03
7.451416368618802785e-03
1.030473786473358813e-02
1.475855296515162299e-02
2.172416203398956289e-02
2.512808226130817599e-02
3.693687540971773986e-02
5.145787046546149851e-02
6.087994548667385181e-02
5.520254214718342545e-02
4.106834422666379852e-02
3.434842508854500653e-02
4.106834422666377771e-02
5.520254214718341851e-02
6.087994548667383793e-02
5.145787046546148463e-02
3.693687540971774680e-02
2.512808226130817946e-02
1.671752057110144352e-02
1.116583755701310889e-02
7.820702193701498106e-03
5.867772224747372888e-03
4.871161442696028861e-03
4.581804532947174324e-03
4.871161442696022789e-03
5.867772224747381561e-03
7.820702193701501576e-03
1.116583755701310889e-02
1.671752057110144352e-02
1.967661055468982248e-02
2.925575912528640549e-02
4.161511364114395262e-02
5.144529353855654963e-02
5.069341736450259928e-02
4.299066494794028664e-02
4.106834422666379852e-02
5.123327663322561204e-02
6.708148413961136092e-02
7.231229474029501891e-02
6.153828698174563377e-02
4.545111468579973030e-02
3.186518350256471732e-02
2.172416203398955942e-02
1.475855296515162299e-02
1.030473786473358640e-02
7.451416368618800183e-03
5.728960434479862633e-03
4.871161442696027993e-03
4.669719696981419754e-03
5.116844364139346880e-03
6.364929087133552182e-03
8.770179468533445891e-03
1.301635151783241823e-02
1.575353698996723173e-02
2.315267252831498465e-02
3.307769865156236916e-02
4.338265378507615705e-02
4.920192334366595838e-02
5.069341736450259928e-02
5.520254214718342545e-02
6.708148413961137480e-02
7.960304581161324611e-02
8.066348102679619936e-02
6.905544288745171788e-02
5.346222284106286193e-02
3.930514476889759856e-02
2.785069284138847259e-02
1.955835717196773710e-02
1.392828033379657840e-02
1.005625497904420740e-02
7.451416368618801050e-03
5.867772224747376357e-03
5.116844364139350350e-03
5.086946841838329257e-03
5.796012652477693095e-03
7.472291158495539438e-03
1.063299106961844778e-02
1.302635616160487814e-02
1.843295687931821927e-02
2.568926348404346888e-02
3.454541234641021058e-02
4.338265378507615705e-02
5.144529353855655657e-02
6.087994548667385181e-02
7.231229474029503279e-02
8.066348102679619936e-02
8.024468161058866122e-02
7.176477406520277713e-02
5.950479807616090161e-02
4.647877118616026287e-02
3.480114456580463145e-02
2.568926348404347582e-02
1.892616473193613549e-02
1.392828033379658187e-02
1.030473786473358640e-02
7.820702193701498106e-03
6.364929087133548713e-03
5.796012652477693095e-03
6.006594901734996217e-03
7.067845377513322369e-03
9.287328881358032640e-03
1.116583755701311235e-02
1.475855296515162646e-02
1.955835717196773710e-02
2.568926348404347235e-02
3.307769865156236222e-02
4.161511364114395956e-02
5.145787046546150545e-02
6.153828698174564765e-02
6.905544288745171788e-02
7.176477406520279101e-02
6.905544288745170400e-02
6.153828698174561990e-02
5.145787046546149851e-02
4.161511364114395956e-02
3.307769865156235528e-02
2.568926348404347582e-02
1.955835717196773710e-02
1.475855296515162646e-02
1.116583755701310542e-02
8.770179468533442421e-03
7.472291158495533367e-03
7.067845377513318900e-03
7.472291158495535969e-03
8.770179468533442421e-03
1.007371216384965115e-02
1.198375643021896107e-02
1.475855296515162646e-02
1.843295687931821927e-02
2.315267252831498812e-02
2.925575912528640896e-02
3.693687540971774680e-02
4.545111468579974418e-02
5.346222284106287581e-02
5.950479807616090855e-02
6.153828698174563377e-02
5.870869360297485684e-02
5.321971850428893619e-02
4.753719326104442755e-02
4.161511364114395956e-02
3.480114456580461757e-02
2.785069284138846565e-02
2.172416203398956289e-02
1.671752057110144699e-02
1.301635151783241476e-02
1.063299106961844258e-02
9.287328881358025701e-03
8.770179468533440686e-03
9.022566612311289438e-03
9.713706334298449069e-03
1.007371216384965115e-02
1.116583755701311235e-02
1.302635616160487814e-02
1.575353698996723173e-02
1.967661055468982248e-02
2.512808226130817599e-02
3.186518350256471732e-02
3.930514476889760550e-02
4.647877118616026287e-02
5.145787046546149851e-02
5.321971850428895007e-02
5.335008369431581965e-02
5.321971850428892925e-02
5.145787046546149157e-02
4.647877118616026287e-02
3.930514476889760550e-02
3.186518350256471038e-02
2.512808226130817252e-02
1.967661055468982248e-02
1.575353698996722826e-02
1.302635616160487467e-02
1.116583755701310889e-02
1.007371216384965115e-02
1.007371216384965462e-02
9.022566612311291173e-03
8.770179468533440686e-03
9.287328881358032640e-03
1.063299106961844778e-02
1.301635151783241823e-02
1.671752057110144352e-02
2.172416203398955942e-02
2.785069284138847259e-02
3.480114456580463145e-02
4.161511364114396649e-02
4.753719326104442061e-02
5.321971850428895007e-02
5.870869360297486378e-02
6.153828698174561990e-02
5.950479807616092243e-02
5.346222284106286887e-02
4.545111468579973030e-02
3.693687540971773986e-02
2.925575912528640549e-02
2.315267252831498812e-02
1.843295687931821927e-02
1.475855296515162472e-02
1.198375643021895587e-02
1.116583755701310889e-02
8.770179468533444156e-03
7.472291158495537704e-03
7.067845377513319767e-03
7.472291158495539438e-03
8.770179468533442421e-03
1.116583755701310889e-02
1.475855296515162646e-02
1.955835717196773710e-02
2.568926348404347582e-02
3.307769865156236916e-02
4.161511364114396649e-02
5.145787046546149851e-02
6.153828698174563377e-02
6.905544288745171788e-02
7.176477406520277713e-02
6.905544288745171788e-02
6.153828698174563377e-02
5.145787046546149157e-02
4.161511364114395262e-02
3.307769865156236916e-02
2.568926348404347235e-02
1.955835717196773710e-02
1.475855296515162299e-02
1.302635616160487467e-02
9.287328881358025701e-03
7.067845377513323236e-03
6.006594901734999686e-03
5.796012652477693962e-03
6.364929087133555652e-03
7.820702193701501576e-03
1.030473786473359160e-02
1.392828033379658013e-02
1.892616473193613549e-02
2.568926348404347582e-02
3.480114456580463145e-02
4.647877118616026287e-02
5.950479807616092243e-02
7.176477406520280489e-02
8.024468161058866122e-02
8.066348102679619936e-02
7.231229474029501891e-02
6.087994548667383793e-02
5.144529353855654963e-02
4.338265378507615705e-02
3.454541234641021058e-02
2.568926348404346888e-02
1.843295687931821927e-02
1.575353698996723173e-02
1.063299106961844431e-02
7.472291158495531632e-03
5.796012652477695697e-03
5.086946841838334461e-03
5.116844364139352085e-03
5.867772224747385898e-03
7.451416368618804520e-03
1.005625497904420913e-02
1.392828033379657840e-02
1.955835717196773710e-02
2.785069284138846912e-02
3.930514476889761244e-02
5.346222284106286887e-02
6.905544288745171788e-02
8.066348102679621324e-02
7.960304581161325999e-02
6.708148413961136092e-02
5.520254214718342545e-02
5.069341736450259234e-02
4.920192334366594450e-02
4.338265378507615705e-02
3.307769865156236222e-02
2.315267252831498465e-02
1.967661055468981901e-02
1.301635151783241823e-02
8.770179468533444156e-03
6.364929087133544376e-03
5.116844364139353819e-03
4.669719696981424091e-03
4.871161442696026259e-03
5.728960434479871307e-03
7.451416368618802785e-03
1.030473786473358813e-02
1.475855296515162299e-02
2.172416203398956289e-02
3.186518350256471038e-02
4.545111468579974418e-02
6.153828698174564765e-02
7.231229474029501891e-02
6.708148413961137480e-02
5.123327663322561898e-02
4.106834422666378465e-02
4.299066494794029358e-02
5.069341736450259234e-02
5.144529353855653575e-02
4.161511364114395956e-02
2.925575912528640896e-02
2.512808226130817946e-02
1.671752057110144352e-02
1.116583755701310889e-02
7.820702193701498106e-03
5.867772224747372888e-03
4.871161442696028861e-03
4.581804532947174324e-03
4.871161442696022789e-03
5.867772224747381561e-03
7.820702193701501576e-03
1.116583755701310889e-02
1.671752057110144352e-02
2.512808226130817599e-02
3.693687540971773986e-02
5.145787046546149851e-02
6.087994548667385181e-02
5.520254214718342545e-02
4.106834422666379852e-02
3.434842508854500653e-02
4.106834422666377771e-02
5.520254214718341851e-02
6.087994548667383793e-02
5.145787046546148463e-02
3.693687540971774680e-02
3.186518350256471732e-02
2.172416203398955942e-02
1.475855296515162299e-02
1.030473786473358640e-02
7.451416368618800183e-03
5.728960434479862633e-03
4.871161442696027993e-03
4.669719696981419754e-03
5.116844364139346880e-03
6.364929087133552182e-03
8.770179468533445891e-03
1.301635151783241823e-02
1.967661055468982248e-02
2.925575912528640549e-02
4.161511364114395262e-02
5.144529353855654963e-02
5.069341736450259928e-02
4.299066494794028664e-02
4.106834422666379852e-02
5.123327663322561204e-02
6.708148413961136092e-02
7.231229474029501891e-02
6.153828698174563377e-02
4.545111468579973030e-02
3.930514476889759856e-02
2.785069284138847259e-02
1.955835717196773710e-02
1.392828033379657840e-02
1.005625497904420740e-02
7.451416368618801050e-03
5.867772224747376357e-03
5.116844364139350350e-03
5.086946841838329257e-03
5.796012652477693095e-03
7.472291158495539438e-03
1.063299106961844778e-02
1.575353698996723173e-02
2.315267252831498465e-02
3.307769865156236916e-02
4.338265378507615705e-02
4.920192334366595838e-02
5.069341736450259928e-02
5.520254214718342545e-02
6.708148413961137480e-02
7.960304581161324611e-02
8.066348102679619936e-02
6.905544288745171788e-02
5.346222284106286193e-02
4.647877118616026287e-02
3.480114456580463145e-02
2.568926348404347582e-02
1.892616473193613549e-02
1.392828033379658187e-02
1.030473786473358640e-02
7.820702193701498106e-03
6.364929087133548713e-03
5.796012652477693095e-03
6.006594901734996217e-03
7.067845377513322369e-03
9.287328881358032640e-03
1.302635616160487814e-02
1.843295687931821927e-02
2.568926348404346888e-02
3.454541234641021058e-02
4.338265378507615705e-02
5.144529353855655657e-02
6.087994548667385181e-02
7.231229474029503279e-02
8.066348102679619936e-02
8.024468161058866122e-02
7.176477406520277713e-02
5.950479807616090161e-02
5.145787046546149851e-02
4.161511364114395956e-02
3.307769865156235528e-02
2.568926348404347582e-02
1.955835717196773710e-02
1.475855296515162646e-02
1.116583755701310542e-02
8.770179468533442421e-03
7.472291158495533367e-03
7.067845377513318900e-03
7.472291158495535969e-03
8.770179468533442421e-03
1.116583755701311235e-02
1.475855296515162646e-02
1.955835717196773710e-02
2.568926348404347235e-02
3.307769865156236222e-02
4.161511364114395956e-02
5.145787046546150545e-02
6.153828698174564765e-02
6.905544288745171788e-02
7.176477406520279101e-02
6.905544288745170400e-02
6.153828698174561990e-02
5.321971850428893619e-02
4.753719326104442755e-02
4.161511364114395956e-02
3.480114456580461757e-02
2.785069284138846565e-02
2.172416203398956289e-02
1.671752057110144699e-02
1.301635151783241476e-02
1.063299106961844258e-02
9.287328881358025701e-03
8.770179468533440686e-03
9.022566612311289438e-03
1.007371216384965115e-02
1.198375643021896107e-02
1.475855296515162646e-02
1.843295687931821927e-02
2.315267252831498812e-02
2.925575912528640896e-02
3.693687540971774680e-02
4.545111468579974418e-02
5.346222284106287581e-02
5.950479807616090855e-02
6.153828698174563377e-02
5.870869360297485684e-02
3.805056213060575843e-02
3.785794609744880246e-02
3.693687540971773986e-02
3.488990999332829829e-02
3.186518350256471038e-02
2.828884467107531039e-02
2.474542171459673950e-02
2.183290214891632150e-02
1.967661055468981554e-02
1.802452475558878262e-02
1.671752057110144352e-02
1.580041441467416180e-02
1.545518175420390779e-02
1.580041441467416874e-02
1.671752057110143658e-02
1.802452475558878955e-02
1.967661055468981901e-02
2.183290214891631456e-02
2.474542171459673603e-02
2.828884467107531386e-02
3.186518350256471038e-02
3.488990999332829135e-02
3.693687540971773292e-02
3.785794609744878164e-02
3.785794609744878858e-02
4.225567381851248749e-02
4.545111468579974418e-02
4.658423349094670263e-02
4.545111468579974418e-02
4.225567381851250137e-02
3.785794609744878858e-02
3.338661441490836657e-02
2.925575912528641243e-02
2.536281958602222206e-02
2.172416203398955942e-02
1.846099786632323866e-02
1.580041441467416180e-02
1.399159230067032432e-02
1.301635151783242170e-02
1.271213216196351477e-02
1.301635151783241649e-02
1.399159230067032085e-02
1.580041441467415833e-02
1.846099786632323866e-02
2.172416203398955942e-02
2.536281958602221859e-02
2.925575912528640896e-02
3.338661441490835269e-02
3.693687540971773986e-02
4.545111468579973030e-02
5.346222284106285499e-02
5.950479807616092937e-02
6.153828698174563377e-02
5.870869360297487072e-02
5.321971850428892925e-02
4.753719326104442755e-02
4.161511364114396649e-02
3.480114456580463145e-02
2.785069284138847259e-02
2.172416203398955942e-02
1.671752057110144352e-02
1.301635151783241302e-02
1.063299106961844431e-02
9.287328881358029170e-03
8.770179468533435482e-03
9.022566612311284234e-03
1.007371216384964595e-02
1.198375643021895240e-02
1.475855296515162646e-02
1.843295687931821233e-02
2.315267252831498812e-02
2.925575912528641589e-02
3.488990999332829135e-02
4.658423349094670957e-02
5.950479807616090161e-02
7.016601794026136596e-02
7.231229474029503279e-02
6.554787211026742721e-02
5.775509073100986573e-02
5.408541552610581643e-02
5.144529353855655657e-02
4.479072406747186541e-02
3.480114456580463145e-02
2.536281958602221859e-02
1.802452475558878262e-02
1.271213216196352518e-02
9.287328881358023966e-03
7.324459066417782042e-03
6.364929087133550448e-03
6.197324517101237412e-03
6.745594858955723111e-03
8.062663319654583480e-03
1.030473786473358293e-02
1.365077637553185896e-02
1.843295687931821927e-02
2.536281958602221859e-02
3.186518350256471038e-02
4.545111468579974418e-02
6.153828698174563377e-02
7.231229474029503279e-02
6.708148413961137480e-02
5.123327663322561898e-02
4.106834422666378465e-02
4.299066494794028664e-02
5.069341736450259234e-02
5.144529353855655657e-02
4.161511364114396649e-02
2.925575912528641589e-02
1.967661055468982248e-02
1.301635151783241649e-02
8.770179468533445891e-03
6.364929087133544376e-03
5.116844364139348615e-03
4.669719696981422356e-03
4.871161442696024524e-03
5.728960434479869572e-03
7.451416368618798448e-03
1.030473786473357946e-02
1.475855296515162646e-02
2.172416203398955942e-02
2.828884467107530346e-02
4.225567381851250137e-02
5.870869360297484990e-02
6.554787211026742721e-02
5.123327663322560510e-02
2.962749285924158246e-02
2.002508285321178555e-02
2.600239420039524019e-02
4.299066494794028664e-02
5.408541552610581643e-02
4.753719326104442755e-02
3.338661441490836657e-02
2.183290214891632150e-02
1.399159230067032952e-02
9.022566612311284234e-03
6.197324517101246086e-03
4.669719696981417152e-03
3.977230936868365006e-03
3.918890129039076693e-03
4.442698288657920616e-03
5.728960434479866103e-03
8.062663319654576541e-03
1.198375643021895240e-02
1.846099786632323866e-02
2.474542171459673603e-02
3.785794609744878164e-02
5.321971850428892925e-02
5.775509073100985186e-02
4.106834422666377771e-02
2.002508285321177861e-02
1.243224235428534545e-02
2.002508285321179596e-02
4.106834422666378465e-02
5.775509073100985880e-02
5.321971850428892925e-02
3.785794609744878858e-02
2.474542171459674644e-02
1.580041441467416874e-02
1.007371216384965636e-02
6.745594858955718774e-03
4.871161442696030595e-03
3.918890129039073224e-03
3.640431649801530688e-03
3.918890129039073224e-03
4.871161442696020187e-03
6.745594858955723111e-03
1.007371216384964768e-02
1.580041441467416180e-02
2.183290214891631109e-02
3.338661441490835269e-02
4.753719326104442061e-02
5.408541552610581643e-02
4.299066494794027971e-02
2.600239420039524019e-02
2.002508285321178902e-02
2.962749285924158246e-02
5.123327663322560510e-02
6.554787211026741334e-02
5.870869360297487072e-02
4.225567381851250137e-02
2.828884467107532080e-02
1.846099786632324907e-02
1.198375643021896281e-02
8.062663319654590419e-03
5.728960434479862633e-03
4.442698288657929290e-03
3.918890129039074091e-03
3.977230936868361537e-03
4.669719696981417152e-03
6.197324517101233075e-03
9.022566612311287704e-03
1.399159230067032085e-02
1.967661055468980860e-02
2.925575912528640202e-02
4.161511364114395956e-02
5.144529353855654963e-02
5.069341736450258540e-02
4.299066494794028664e-02
4.106834422666378465e-02
5.123327663322560510e-02
6.708148413961137480e-02
7.231229474029501891e-02
6.153828698174563377e-02
4.545111468579974418e-02
3.186518350256471038e-02
2.172416203398956289e-02
1.475855296515163687e-02
1.030473786473359334e-02
7.451416368618801918e-03
5.728960434479862633e-03
4.871161442696029728e-03
4.669719696981418020e-03
5.116844364139349483e-03
6.364929087133548713e-03
8.770179468533438952e-03
1.301635151783241996e-02
1.802452475558878955e-02
2.536281958602221512e-02
3.480114456580462451e-02
4.479072406747185153e-02
5.144529353855655657e-02
5.408541552610581643e-02
5.775509073100985186e-02
6.554787211026741334e-02
7.231229474029501891e-02
7.016601794026136596e-02
5.950479807616091549e-02
4.658423349094670957e-02
3.488990999332829135e-02
2.536281958602221859e-02
1.843295687931821927e-02
1.365077637553186590e-02
1.030473786473358987e-02
8.062663319654586949e-03
6.745594858955718774e-03
6.197324517101240882e-03
6.364929087133544376e-03
7.324459066417782042e-03
9.287328881358030905e-03
1.271213216196351824e-02
1.671752057110143658e-02
2.172416203398956289e-02
2.785069284138846912e-02
3.480114456580461757e-02
4.161511364114395956e-02
4.753719326104442061e-02
5.321971850428892925e-02
5.870869360297485684e-02
6.153828698174563377e-02
5.950479807616092243e-02
5.346222284106286193e-02
4.545111468579973030e-02
3.693687540971773986e-02
2.925575912528641243e-02
2.315267252831498465e-02
1.843295687931822621e-02
1.475855296515162993e-02
1.198375643021896107e-02
1.007371216384965809e-02
9.022566612311280765e-03
8.770179468533438952e-03
9.287328881358023966e-03
1.063299106961844084e-02
1.301635151783242343e-02
1.580041441467416874e-02
1.846099786632323173e-02
2.172416203398956636e-02
2.536281958602221512e-02
2.925575912528640202e-02
3.338661441490835963e-02
3.785794609744878164e-02
4.225567381851250137e-02
4.545111468579973724e-02
4.658423349094670957e-02
4.545111468579973030e-02
4.225567381851248749e-02
3.785794609744878858e-02
3.338661441490835963e-02
2.925575912528641589e-02
2.536281958602221859e-02
2.172416203398956289e-02
1.846099786632323866e-02
1.580041441467416180e-02
1.399159230067032605e-02
1.301635151783241302e-02
1.271213216196351997e-02
1.301635151783241476e-02
1.399159230067032432e-02
1.545518175420390779e-02
1.580041441467416874e-02
1.671752057110143658e-02
1.802452475558878955e-02
1.967661055468981901e-02
2.183290214891631456e-02
2.474542171459673603e-02
2.828884467107531386e-02
3.186518350256471038e-02
3.488990999332829135e-02
3.693687540971773292e-02
3.785794609744878164e-02
3.805056213060575843e-02
3.785794609744880246e-02
3.693687540971773986e-02
3.488990999332829829e-02
3.186518350256471038e-02
2.828884467107531039e-02
2.474542171459673950e-02
2.183290214891632150e-02
1.967661055468981554e-02
1.802452475558878262e-02
1.671752057110144352e-02
1.580041441467416180e-02
1.580041441467416180e-02
1.399159230067032432e-02
1.301635151783242170e-02
1.271213216196351477e-02
1.301635151783241649e-02
1.399159230067032085e-02
1.580041441467415833e-02
1.846099786632323866e-02
2.172416203398955942e-02
2.536281958602221859e-02
2.925575912528640896e-02
3.338661441490835269e-02
3.785794609744878858e-02
4.225567381851248749e-02
4.545111468579974418e-02
4.658423349094670263e-02
4.545111468579974418e-02
4.225567381851250137e-02
3.785794609744878858e-02
3.338661441490836657e-02
2.925575912528641243e-02
2.536281958602222206e-02
2.172416203398955942e-02
1.846099786632323866e-02
1.671752057110144352e-02
1.301635151783241302e-02
1.063299106961844431e-02
9.287328881358029170e-03
8.770179468533435482e-03
9.022566612311284234e-03
1.007371216384964595e-02
1.198375643021895240e-02
1.475855296515162646e-02
1.843295687931821233e-02
2.315267252831498812e-02
2.925575912528641589e-02
3.693687540971773986e-02
4.545111468579973030e-02
5.346222284106285499e-02
5.950479807616092937e-02
6.153828698174563377e-02
5.870869360297487072e-02
5.321971850428892925e-02
4.753719326104442755e-02
4.161511364114396649e-02
3.480114456580463145e-02
2.785069284138847259e-02
2.172416203398955942e-02
1.802452475558878262e-02
1.271213216196352518e-02
9.287328881358023966e-03
7.324459066417782042e-03
6.364929087133550448e-03
6.197324517101237412e-03
6.745594858955723111e-03
8.062663319654583480e-03
1.030473786473358293e-02
1.365077637553185896e-02
1.843295687931821927e-02
2.536281958602221859e-02
3.488990999332829135e-02
4.658423349094670957e-02
5.950479807616090161e-02
7.016601794026136596e-02
7.231229474029503279e-02
6.554787211026742721e-02
5.775509073100986573e-02
5.408541552610581643e-02
5.144529353855655657e-02
4.479072406747186541e-02
3.480114456580463145e-02
2.536281958602221859e-02
1.967661055468982248e-02
1.301635151783241649e-02
8.770179468533445891e-03
6.364929087133544376e-03
5.116844364139348615e-03
4.669719696981422356e-03
4.871161442696024524e-03
5.728960434479869572e-03
7.451416368618798448e-03
1.030473786473357946e-02
1.475855296515162646e-02
2.172416203398955942e-02
3.186518350256471038e-02
4.545111468579974418e-02
6.153828698174563377e-02
7.231229474029503279e-02
6.708148413961137480e-02
5.123327663322561898e-02
4.106834422666378465e-02
4.299066494794028664e-02
5.069341736450259234e-02
5.144529353855655657e-02
4.161511364114396649e-02
2.925575912528641589e-02
2.183290214891632150e-02
1.399159230067032952e-02
9.022566612311284234e-03
6.197324517101246086e-03
4.669719696981417152e-03
3.977230936868365006e-03
3.918890129039076693e-03
4.442698288657920616e-03
5.728960434479866103e-03
8.062663319654576541e-03
1.198375643021895240e-02
1.846099786632323866e-02
2.828884467107530346e-02
4.225567381851250137e-02
5.870869360297484990e-02
6.554787211026742721e-02
5.123327663322560510e-02
2.962749285924158246e-02
2.002508285321178555e-02
2.600239420039524019e-02
4.299066494794028664e-02
5.408541552610581643e-02
4.753719326104442755e-02
3.338661441490836657e-02
2.474542171459674644e-02
1.580041441467416874e-02
1.007371216384965636e-02
6.745594858955718774e-03
4.871161442696030595e-03
3.918890129039073224e-03
3.640431649801530688e-03
3.918890129039073224e-03
4.871161442696020187e-03
6.745594858955723111e-03
1.007371216384964768e-02
1.580041441467416180e-02
2.474542171459673603e-02
3.785794609744878164e-02
5.321971850428892925e-02
5.775509073100985186e-02
4.106834422666377771e-02
2.002508285321177861e-02
1.243224235428534545e-02
2.002508285321179596e-02
4.106834422666378465e-02
5.775509073100985880e-02
5.321971850428892925e-02
3.785794609744878858e-02
2.828884467107532080e-02
1.846099786632324907e-02
1.198375643021896281e-02
8.062663319654590419e-03
5.728960434479862633e-03
4.442698288657929290e-03
3.918890129039074091e-03
3.977230936868361537e-03
4.669719696981417152e-03
6.197324517101233075e-03
9.022566612311287704e-03
1.399159230067032085e-02
2.183290214891631109e-02
3.338661441490835269e-02
4.753719326104442061e-02
5.408541552610581643e-02
4.299066494794027971e-02
2.600239420039524019e-02
2.002508285321178902e-02
2.962749285924158246e-02
5.123327663322560510e-02
6.554787211026741334e-02
5.870869360297487072e-02
4.225567381851250137e-02
3.186518350256471038e-02
2.172416203398956289e-02
1.475855296515163687e-02
1.030473786473359334e-02
7.451416368618801918e-03
5.728960434479862633e-03
4.871161442696029728e-03
4.669719696981418020e-03
5.116844364139349483e-03
6.364929087133548713e-03
8.770179468533438952e-03
1.301635151783241996e-02
1.967661055468980860e-02
2.925575912528640202e-02
4.161511364114395956e-02
5.144529353855654963e-02
5.069341736450258540e-02
4.299066494794028664e-02
4.106834422666378465e-02
5.123327663322560510e-02
6.708148413961137480e-02
7.231229474029501891e-02
6.153828698174563377e-02
4.545111468579974418e-02
3.488990999332829135e-02
2.536281958602221859e-02
1.843295687931821927e-02
1.365077637553186590e-02
1.030473786473358987e-02
8.062663319654586949e-03
6.745594858955718774e-03
6.197324517101240882e-03
6.364929087133544376e-03
7.324459066417782042e-03
9.287328881358030905e-03
1.271213216196351824e-02
1.802452475558878955e-02
2.536281958602221512e-02
3.480114456580462451e-02
4.479072406747185153e-02
5.144529353855655657e-02
5.408541552610581643e-02
5.775509073100985186e-02
6.554787211026741334e-02
7.231229474029501891e-02
7.016601794026136596e-02
5.950479807616091549e-02
4.658423349094670957e-02
3.693687540971773986e-02
2.925575912528641243e-02
2.315267252831498465e-02
1.843295687931822621e-02
1.475855296515162993e-02
1.198375643021896107e-02
1.007371216384965809e-02
9.022566612311280765e-03
8.770179468533438952e-03
9.287328881358023966e-03
1.063299106961844084e-02
1.301635151783242343e-02
1.671752057110143658e-02
2.172416203398956289e-02
2.785069284138846912e-02
3.480114456580461757e-02
4.161511364114395956e-02
4.753719326104442061e-02
5.321971850428892925e-02
5.870869360297485684e-02
6.153828698174563377e-02
5.950479807616092243e-02
5.346222284106286193e-02
4.545111468579973030e-02
3.785794609744878858e-02
3.338661441490835963e-02
2.925575912528641589e-02
2.536281958602221859e-02
2.172416203398956289e-02
1.846099786632323866e-02
1.580041441467416180e-02
1.399159230067032605e-02
1.301635151783241302e-02
1.271213216196351997e-02
1.301635151783241476e-02
1.399159230067032432e-02
1.580041441467416874e-02
1.846099786632323173e-02
2.172416203398956636e-02
2.536281958602221512e-02
2.925575912528640202e-02
3.338661441490835963e-02
3.785794609744878164e-02
4.225567381851250137e-02
4.545111468579973724e-02
4.658423349094670957e-02
4.545111468579973030e-02
4.225567381851248749e-02
2.454110251448770111e-02
2.474542171459673603e-02
2.512808226130816905e-02
2.530641556359593952e-02
2.512808226130817599e-02
2.474542171459672910e-02
2.454110251448770805e-02
2.474542171459673257e-02
2.512808226130817599e-02
2.530641556359594299e-02
2.512808226130817599e-02
2.474542171459673950e-02
2.454110251448771152e-02
2.474542171459672910e-02
2.512808226130817252e-02
2.530641556359593605e-02
2.512808226130817946e-02
2.474542171459672910e-02
2.454110251448770805e-02
2.474542171459673603e-02
2.512808226130818640e-02
2.530641556359593952e-02
2.512808226130817599e-02
2.474542171459674297e-02
2.474542171459674297e-02
2.828884467107530346e-02
3.186518350256471038e-02
3.488990999332827747e-02
3.693687540971773292e-02
3.785794609744878858e-02
3.805056213060575149e-02
3.785794609744878858e-02
3.693687540971773986e-02
3.488990999332828441e-02
3.186518350256471038e-02
2.828884467107531039e-02
2.474542171459673603e-02
2.183290214891631456e-02
1.967661055468981207e-02
1.802452475558878262e-02
1.671752057110142964e-02
1.580041441467416527e-02
1.545518175420390432e-02
1.580041441467415833e-02
1.671752057110144352e-02
1.802452475558878955e-02
1.967661055468981207e-02
2.183290214891632150e-02
2.512808226130818293e-02
3.186518350256471038e-02
3.930514476889759856e-02
4.647877118616026287e-02
5.145787046546149157e-02
5.321971850428892925e-02
5.335008369431580577e-02
5.321971850428892925e-02
5.145787046546149851e-02
4.647877118616025593e-02
3.930514476889760550e-02
3.186518350256471038e-02
2.512808226130817599e-02
1.967661055468982248e-02
1.575353698996722826e-02
1.302635616160486773e-02
1.116583755701310542e-02
1.007371216384964421e-02
9.713706334298447334e-03
1.007371216384964421e-02
1.116583755701310195e-02
1.302635616160487120e-02
1.575353698996723520e-02
1.967661055468981207e-02
2.530641556359593605e-02
3.488990999332829135e-02
4.647877118616026287e-02
5.708024048600510159e-02
6.087994548667383793e-02
5.775509073100983798e-02
5.521644098081528867e-02
5.775509073100985186e-02
6.087994548667383793e-02
5.708024048600510159e-02
4.647877118616026287e-02
3.488990999332827747e-02
2.530641556359594299e-02
1.802452475558878955e-02
1.302635616160487467e-02
9.824094711679344158e-03
7.820702193701491167e-03
6.745594858955719642e-03
6.419773457621384509e-03
6.745594858955718774e-03
7.820702193701494637e-03
9.824094711679347627e-03
1.302635616160487120e-02
1.802452475558879649e-02
2.512808226130818987e-02
3.693687540971773292e-02
5.145787046546149851e-02
6.087994548667383793e-02
5.520254214718341851e-02
4.106834422666377771e-02
3.434842508854497878e-02
4.106834422666377771e-02
5.520254214718342545e-02
6.087994548667383793e-02
5.145787046546148463e-02
3.693687540971774680e-02
2.512808226130817599e-02
1.671752057110144352e-02
1.116583755701311235e-02
7.820702193701499841e-03
5.867772224747373755e-03
4.871161442696021054e-03
4.581804532947170855e-03
4.871161442696020187e-03
5.867772224747372020e-03
7.820702193701487698e-03
1.116583755701310889e-02
1.671752057110143658e-02
2.474542171459672910e-02
3.785794609744879552e-02
5.321971850428892925e-02
5.775509073100984492e-02
4.106834422666379159e-02
2.002508285321177167e-02
1.243224235428534372e-02
2.002508285321177861e-02
4.106834422666377771e-02
5.775509073100985186e-02
5.321971850428892925e-02
3.785794609744878164e-02
2.474542171459674297e-02
1.580041441467416527e-02
1.007371216384965462e-02
6.745594858955724846e-03
4.871161442696028861e-03
3.918890129039073224e-03
3.640431649801529387e-03
3.918890129039071489e-03
4.871161442696021054e-03
6.745594858955715305e-03
1.007371216384964768e-02
1.580041441467416527e-02
2.454110251448770805e-02
3.805056213060575149e-02
5.335008369431580577e-02
5.521644098081528867e-02
3.434842508854498572e-02
1.243224235428535066e-02
5.708795217173293253e-03
1.243224235428534198e-02
3.434842508854497878e-02
5.521644098081528867e-02
5.335008369431580577e-02
3.805056213060575843e-02
2.454110251448770805e-02
1.545518175420391820e-02
9.713706334298449069e-03
6.419773457621391448e-03
4.581804532947176926e-03
3.640431649801534157e-03
3.361291885161053587e-03
3.640431649801529387e-03
4.581804532947169120e-03
6.419773457621387978e-03
9.713706334298445599e-03
1.545518175420390085e-02
2.474542171459672563e-02
3.785794609744878164e-02
5.321971850428892231e-02
5.775509073100984492e-02
4.106834422666377771e-02
2.002508285321178208e-02
1.243224235428534892e-02
2.002508285321177167e-02
4.106834422666377771e-02
5.775509073100983798e-02
5.321971850428892925e-02
3.785794609744878858e-02
2.474542171459673603e-02
1.580041441467416180e-02
1.007371216384965809e-02
6.745594858955722244e-03
4.871161442696026259e-03
3.918890129039078428e-03
3.640431649801532422e-03
3.918890129039073224e-03
4.871161442696020187e-03
6.745594858955717039e-03
1.007371216384964768e-02
1.580041441467416527e-02
2.512808226130817599e-02
3.693687540971772598e-02
5.145787046546148463e-02
6.087994548667383793e-02
5.520254214718342545e-02
4.106834422666377771e-02
3.434842508854498572e-02
4.106834422666379159e-02
5.520254214718341851e-02
6.087994548667383793e-02
5.145787046546149157e-02
3.693687540971773292e-02
2.512808226130817252e-02
1.671752057110143658e-02
1.116583755701310542e-02
7.820702193701505045e-03
5.867772224747378959e-03
4.871161442696026259e-03
4.581804532947175192e-03
4.871161442696027993e-03
5.867772224747374622e-03
7.820702193701491167e-03
1.116583755701310542e-02
1.671752057110143658e-02
2.530641556359593605e-02
3.488990999332827747e-02
4.647877118616025593e-02
5.708024048600510159e-02
6.087994548667383793e-02
5.775509073100985186e-02
5.521644098081529561e-02
5.775509073100985186e-02
6.087994548667383793e-02
5.708024048600510159e-02
4.647877118616025593e-02
3.488990999332827747e-02
2.530641556359593952e-02
1.802452475558878608e-02
1.302635616160487120e-02
9.824094711679344158e-03
7.820702193701501576e-03
6.745594858955718774e-03
6.419773457621391448e-03
6.745594858955720509e-03
7.820702193701494637e-03
9.824094711679344158e-03
1.302635616160486773e-02
1.802452475558878608e-02
2.512808226130817599e-02
3.186518350256470344e-02
3.930514476889760550e-02
4.647877118616025593e-02
5.145787046546149851e-02
5.321971850428892925e-02
5.335008369431581965e-02
5.321971850428892925e-02
5.145787046546149851e-02
4.647877118616026287e-02
3.930514476889759856e-02
3.186518350256471038e-02
2.512808226130817252e-02
1.967661055468981554e-02
1.575353698996722479e-02
1.302635616160487120e-02
1.116583755701310542e-02
1.007371216384965462e-02
9.713706334298442130e-03
1.007371216384965115e-02
1.116583755701310542e-02
1.302635616160487293e-02
1.575353698996722826e-02
1.967661055468980860e-02
2.474542171459672910e-02
2.828884467107531039e-02
3.186518350256470344e-02
3.488990999332828441e-02
3.693687540971773292e-02
3.785794609744878164e-02
3.805056213060575843e-02
3.785794609744879552e-02
3.693687540971773292e-02
3.488990999332828441e-02
3.186518350256471038e-02
2.828884467107530346e-02
2.474542171459673603e-02
2.183290214891631109e-02
1.967661055468981554e-02
1.802452475558878608e-02
1.671752057110143658e-02
1.580041441467415833e-02
1.545518175420390779e-02
1.580041441467415833e-02
1.671752057110144005e-02
1.802452475558878262e-02
1.967661055468981901e-02
2.183290214891631456e-02
2.454110251448771152e-02
2.474542171459672910e-02
2.512808226130817252e-02
2.530641556359593605e-02
2.512808226130817946e-02
2.474542171459672910e-02
2.454110251448770805e-02
2.474542171459673603e-02
2.512808226130818640e-02
2.530641556359593952e-02
2.512808226130817599e-02
2.474542171459674297e-02
2.454110251448770111e-02
2.474542171459673603e-02
2.512808226130816905e-02
2.530641556359593952e-02
2.512808226130817599e-02
2.474542171459672910e-02
2.454110251448770805e-02
2.474542171459673257e-02
2.512808226130817599e-02
2.530641556359594299e-02
2.512808226130817599e-02
2.474542171459673950e-02
2.474542171459673603e-02
2.183290214891631456e-02
1.967661055468981207e-02
1.802452475558878262e-02
1.671752057110142964e-02
1.580041441467416527e-02
1.545518175420390432e-02
1.580041441467415833e-02
1.671752057110144352e-02
1.802452475558878955e-02
1.967661055468981207e-02
2.183290214891632150e-02
2.474542171459674297e-02
2.828884467107530346e-02
3.186518350256471038e-02
3.488990999332827747e-02
3.693687540971773292e-02
3.785794609744878858e-02
3.805056213060575149e-02
3.785794609744878858e-02
3.693687540971773986e-02
3.488990999332828441e-02
3.186518350256471038e-02
2.828884467107531039e-02
2.512808226130817599e-02
1.967661055468982248e-02
1.575353698996722826e-02
1.302635616160486773e-02
1.116583755701310542e-02
1.007371216384964421e-02
9.713706334298447334e-03
1.007371216384964421e-02
1.116583755701310195e-02
1.302635616160487120e-02
1.575353698996723520e-02
1.967661055468981207e-02
2.512808226130818293e-02
3.186518350256471038e-02
3.930514476889759856e-02
4.647877118616026287e-02
5.145787046546149157e-02
5.321971850428892925e-02
5.335008369431580577e-02
5.321971850428892925e-02
5.145787046546149851e-02
4.647877118616025593e-02
3.930514476889760550e-02
3.186518350256471038e-02
2.530641556359594299e-02
1.802452475558878955e-02
1.302635616160487467e-02
9.824094711679344158e-03
7.820702193701491167e-03
6.745594858955719642e-03
6.419773457621384509e-03
6.745594858955718774e-03
7.820702193701494637e-03
9.824094711679347627e-03
1.302635616160487120e-02
1.802452475558879649e-02
2.530641556359593605e-02
3.488990999332829135e-02
4.647877118616026287e-02
5.708024048600510159e-02
6.087994548667383793e-02
5.775509073100983798e-02
5.521644098081528867e-02
5.775509073100985186e-02
6.087994548667383793e-02
5.708024048600510159e-02
4.647877118616026287e-02
3.488990999332827747e-02
2.512808226130817599e-02
1.671752057110144352e-02
1.116583755701311235e-02
7.820702193701499841e-03
5.867772224747373755e-03
4.871161442696021054e-03
4.581804532947170855e-03
4.871161442696020187e-03
5.867772224747372020e-03
7.820702193701487698e-03
1.116583755701310889e-02
1.671752057110143658e-02
2.512808226130818987e-02
3.693687540971773292e-02
5.145787046546149851e-02
6.087994548667383793e-02
5.520254214718341851e-02
4.106834422666377771e-02
3.434842508854497878e-02
4.106834422666377771e-02
5.520254214718342545e-02
6.087994548667383793e-02
5.145787046546148463e-02
3.693687540971774680e-02
2.474542171459674297e-02
1.580041441467416527e-02
1.007371216384965462e-02
6.745594858955724846e-03
4.871161442696028861e-03
3.918890129039073224e-03
3.640431649801529387e-03
3.918890129039071489e-03
4.871161442696021054e-03
6.745594858955715305e-03
1.007371216384964768e-02
1.580041441467416527e-02
2.474542171459672910e-02
3.785794609744879552e-02
5.321971850428892925e-02
5.775509073100984492e-02
4.106834422666379159e-02
2.002508285321177167e-02
1.243224235428534372e-02
2.002508285321177861e-02
4.106834422666377771e-02
5.775509073100985186e-02
5.321971850428892925e-02
3.785794609744878164e-02
2.454110251448770805e-02
1.545518175420391820e-02
9.713706334298449069e-03
6.419773457621391448e-03
4.581804532947176926e-03
3.640431649801534157e-03
3.361291885161053587e-03
3.640431649801529387e-03
4.581804532947169120e-03
6.419773457621387978e-03
9.713706334298445599e-03
1.545518175420390085e-02
2.454110251448770805e-02
3.805056213060575149e-02
5.335008369431580577e-02
5.521644098081528867e-02
3.434842508854498572e-02
1.243224235428535066e-02
5.708795217173293253e-03
1.243224235428534198e-02
3.434842508854497878e-02
5.521644098081528867e-02
5.335008369431580577e-02
3.805056213060575843e-02
2.474542171459673603e-02
1.580041441467416180e-02
1.007371216384965809e-02
6.745594858955722244e-03
4.871161442696026259e-03
3.918890129039078428e-03
3.640431649801532422e-03
3.918890129039073224e-03
4.871161442696020187e-03
6.745594858955717039e-03
1.007371216384964768e-02
1.580041441467416527e-02
2.474542171459672563e-02
3.785794609744878164e-02
5.321971850428892231e-02
5.775509073100984492e-02
4.106834422666377771e-02
2.002508285321178208e-02
1.243224235428534892e-02
2.002508285321177167e-02
4.106834422666377771e-02
5.775509073100983798e-02
5.321971850428892925e-02
3.785794609744878858e-02
2.512808226130817252e-02
1.671752057110143658e-02
1.116583755701310542e-02
7.820702193701505045e-03
5.867772224747378959e-03
4.871161442696026259e-03
4.581804532947175192e-03
4.871161442696027993e-03
5.867772224747374622e-03
7.820702193701491167e-03
1.116583755701310542e-02
1.671752057110143658e-02
2.512808226130817599e-02
3.693687540971772598e-02
5.145787046546148463e-02
6.087994548667383793e-02
5.520254214718342545e-02
4.106834422666377771e-02
3.434842508854498572e-02
4.106834422666379159e-02
5.520254214718341851e-02
6.087994548667383793e-02
5.145787046546149157e-02
3.693687540971773292e-02
2.530641556359593952e-02
1.802452475558878608e-02
1.302635616160487120e-02
9.824094711679344158e-03
7.820702193701501576e-03
6.745594858955718774e-03
6.419773457621391448e-03
6.745594858955720509e-03
7.820702193701494637e-03
9.824094711679344158e-03
1.302635616160486773e-02
1.802452475558878608e-02
2.530641556359593605e-02
3.488990999332827747e-02
4.647877118616025593e-02
5.708024048600510159e-02
6.087994548667383793e-02
5.775509073100985186e-02
5.521644098081529561e-02
5.775509073100985186e-02
6.087994548667383793e-02
5.708024048600510159e-02
4.647877118616025593e-02
3.488990999332827747e-02
2.512808226130817252e-02
1.967661055468981554e-02
1.575353698996722479e-02
1.302635616160487120e-02
1.116583755701310542e-02
1.007371216384965462e-02
9.713706334298442130e-03
1.007371216384965115e-02
1.116583755701310542e-02
1.302635616160487293e-02
1.575353698996722826e-02
1.967661055468980860e-02
2.512808226130817599e-02
3.186518350256470344e-02
3.930514476889760550e-02
4.647877118616025593e-02
5.145787046546149851e-02
5.321971850428892925e-02
5.335008369431581965e-02
5.321971850428892925e-02
5.145787046546149851e-02
4.647877118616026287e-02
3.930514476889759856e-02
3.186518350256471038e-02
2.474542171459673603e-02
2.183290214891631109e-02
1.967661055468981554e-02
1.802452475558878608e-02
1.671752057110143658e-02
1.580041441467415833e-02
1.545518175420390779e-02
1.580041441467415833e-02
1.671752057110144005e-02
1.802452475558878262e-02
1.967661055468981901e-02
2.183290214891631456e-02
2.474542171459672910e-02
2.828884467107531039e-02
3.186518350256470344e-02
3.488990999332828441e-02
3.693687540971773292e-02
3.785794609744878164e-02
3.805056213060575843e-02
3.785794609744879552e-02
3.693687540971773292e-02
3.488990999332828441e-02
3.186518350256471038e-02
2.828884467107530346e-02
1.545518175420391126e-02
1.580041441467416180e-02
1.671752057110144352e-02
1.802452475558879649e-02
1.967661055468981554e-02
2.183290214891632497e-02
2.474542171459673603e-02
2.828884467107530346e-02
3.186518350256471038e-02
3.488990999332827747e-02
3.693687540971774680e-02
3.785794609744878858e-02
3.805056213060575149e-02
3.785794609744878858e-02
3.693687540971773292e-02
3.488990999332827747e-02
3.186518350256470344e-02
2.828884467107531039e-02
2.474542171459673603e-02
2.183290214891632150e-02
1.967661055468981554e-02
1.802452475558878262e-02
1.671752057110144005e-02
1.580041441467416527e-02
1.580041441467416527e-02
1.846099786632323866e-02
2.172416203398955942e-02
2.536281958602221859e-02
2.925575912528642283e-02
3.338661441490835963e-02
3.785794609744879552e-02
4.225567381851250137e-02
4.545111468579973030e-02
4.658423349094670957e-02
4.545111468579973030e-02
4.225567381851249443e-02
3.785794609744878858e-02
3.338661441490835963e-02
2.925575912528640202e-02
2.536281958602221512e-02
2.172416203398956289e-02
1.846099786632323173e-02
1.580041441467416527e-02
1.399159230067032605e-02
1.301635151783242343e-02
1.271213216196351477e-02
1.301635151783241649e-02
1.399159230067033646e-02
1.671752057110144352e-02
2.172416203398956289e-02
2.785069284138847953e-02
3.480114456580462451e-02
4.161511364114395956e-02
4.753719326104444143e-02
5.321971850428892925e-02
5.870869360297486378e-02
6.153828698174563377e-02
5.950479807616090855e-02
5.346222284106286887e-02
4.545111468579973030e-02
3.693687540971774680e-02
2.925575912528640202e-02
2.315267252831498465e-02
1.843295687931821580e-02
1.475855296515161778e-02
1.198375643021895587e-02
1.007371216384964942e-02
9.022566612311284234e-03
8.770179468533442421e-03
9.287328881358027435e-03
1.063299106961844084e-02
1.301635151783241996e-02
1.802452475558878608e-02
2.536281958602222900e-02
3.480114456580463145e-02
4.479072406747186541e-02
5.144529353855654963e-02
5.408541552610582337e-02
5.775509073100985880e-02
6.554787211026741334e-02
7.231229474029504667e-02
7.016601794026136596e-02
5.950479807616090855e-02
4.658423349094671650e-02
3.488990999332827747e-02
2.536281958602222206e-02
1.843295687931821580e-02
1.365077637553185723e-02
1.030473786473357946e-02
8.062663319654581745e-03
6.745594858955720509e-03
6.197324517101240882e-03
6.364929087133546978e-03
7.324459066417788981e-03
9.287328881358027435e-03
1.271213216196352171e-02
1.967661055468981554e-02
2.925575912528640896e-02
4.161511364114395956e-02
5.144529353855654963e-02
5.069341736450259234e-02
4.299066494794027971e-02
4.106834422666378465e-02
5.123327663322561204e-02
6.708148413961137480e-02
7.231229474029501891e-02
6.153828698174563377e-02
4.545111468579973030e-02
3.186518350256471732e-02
2.172416203398956289e-02
1.475855296515162299e-02
1.030473786473357946e-02
7.451416368618794979e-03
5.728960434479857429e-03
4.871161442696026259e-03
4.669719696981418887e-03
5.116844364139352085e-03
6.364929087133546978e-03
8.770179468533449360e-03
1.301635151783241302e-02
2.183290214891631803e-02
3.338661441490835269e-02
4.753719326104442755e-02
5.408541552610582337e-02
4.299066494794027971e-02
2.600239420039524019e-02
2.002508285321178555e-02
2.962749285924159634e-02
5.123327663322561204e-02
6.554787211026741334e-02
5.870869360297487072e-02
4.225567381851249443e-02
2.828884467107530692e-02
1.846099786632324213e-02
1.198375643021895760e-02
8.062663319654583480e-03
5.728960434479857429e-03
4.442698288657929290e-03
3.918890129039067152e-03
3.977230936868363272e-03
4.669719696981422356e-03
6.197324517101240882e-03
9.022566612311284234e-03
1.399159230067032779e-02
2.474542171459673603e-02
3.785794609744878858e-02
5.321971850428892231e-02
5.775509073100985186e-02
4.106834422666377771e-02
2.002508285321178555e-02
1.243224235428534545e-02
2.002508285321178208e-02
4.106834422666378465e-02
5.775509073100985186e-02
5.321971850428892231e-02
3.785794609744879552e-02
2.474542171459673603e-02
1.580041441467415833e-02
1.007371216384965809e-02
6.745594858955720509e-03
4.871161442696022789e-03
3.918890129039067152e-03
3.640431649801541096e-03
3.918890129039067152e-03
4.871161442696026259e-03
6.745594858955718774e-03
1.007371216384965115e-02
1.580041441467416527e-02
2.828884467107531039e-02
4.225567381851249443e-02
5.870869360297485684e-02
6.554787211026741334e-02
5.123327663322560510e-02
2.962749285924159634e-02
2.002508285321177861e-02
2.600239420039524019e-02
4.299066494794027971e-02
5.408541552610581643e-02
4.753719326104442755e-02
3.338661441490835963e-02
2.183290214891633191e-02
1.399159230067032952e-02
9.022566612311280765e-03
6.197324517101247821e-03
4.669719696981422356e-03
3.977230936868363272e-03
3.918890129039067152e-03
4.442698288657925820e-03
5.728960434479855694e-03
8.062663319654583480e-03
1.198375643021895934e-02
1.846099786632323866e-02
3.186518350256470344e-02
4.545111468579973030e-02
6.153828698174563377e-02
7.231229474029501891e-02
6.708148413961137480e-02
5.123327663322560510e-02
4.106834422666378465e-02
4.299066494794027971e-02
5.069341736450259234e-02
5.144529353855655657e-02
4.161511364114395956e-02
2.925575912528640896e-02
1.967661055468982248e-02
1.301635151783242690e-02
8.770179468533449360e-03
6.364929087133546978e-03
5.116844364139358156e-03
4.669719696981422356e-03
4.871161442696022789e-03
5.728960434479855694e-03
7.451416368618800183e-03
1.030473786473357946e-02
1.475855296515161778e-02
2.172416203398955942e-02
3.488990999332827747e-02
4.658423349094670263e-02
5.950479807616090855e-02
7.016601794026136596e-02
7.231229474029501891e-02
6.554787211026741334e-02
5.775509073100985186e-02
5.408541552610582337e-02
5.144529353855654963e-02
4.479072406747186541e-02
3.480114456580461757e-02
2.536281958602221512e-02
1.802452475558878955e-02
1.271213216196352518e-02
9.287328881358034374e-03
7.324459066417795920e-03
6.364929087133546978e-03
6.197324517101240882e-03
6.745594858955718774e-03
8.062663319654585214e-03
1.030473786473357946e-02
1.365077637553185723e-02
1.843295687931821580e-02
2.536281958602221512e-02
3.693687540971773292e-02
4.545111468579973030e-02
5.346222284106285499e-02
5.950479807616090855e-02
6.153828698174563377e-02
5.870869360297486378e-02
5.321971850428893619e-02
4.753719326104442755e-02
4.161511364114395956e-02
3.480114456580461757e-02
2.785069284138846565e-02
2.172416203398955942e-02
1.671752057110144352e-02
1.301635151783242690e-02
1.063299106961844084e-02
9.287328881358034374e-03
8.770179468533442421e-03
9.022566612311280765e-03
1.007371216384965115e-02
1.198375643021895413e-02
1.475855296515161952e-02
1.843295687931821580e-02
2.315267252831498465e-02
2.925575912528640202e-02
3.785794609744878858e-02
4.225567381851249443e-02
4.545111468579973030e-02
4.658423349094670263e-02
4.545111468579973030e-02
4.225567381851250137e-02
3.785794609744879552e-02
3.338661441490836657e-02
2.925575912528640896e-02
2.536281958602221512e-02
2.172416203398956289e-02
1.846099786632323173e-02
1.580041441467416527e-02
1.399159230067033646e-02
1.301635151783242690e-02
1.271213216196351824e-02
1.301635151783241996e-02
1.399159230067032605e-02
1.580041441467416180e-02
1.846099786632323519e-02
2.172416203398955942e-02
2.536281958602222206e-02
2.925575912528640202e-02
3.338661441490835963e-02
3.805056213060575149e-02
3.785794609744878858e-02
3.693687540971773292e-02
3.488990999332827747e-02
3.186518350256470344e-02
2.828884467107531039e-02
2.474542171459673603e-02
2.183290214891632150e-02
1.967661055468981554e-02
1.802452475558878262e-02
1.671752057110144005e-02
1.580041441467416527e-02
1.545518175420391126e-02
1.580041441467416180e-02
1.671752057110144352e-02
1.802452475558879649e-02
1.967661055468981554e-02
2.183290214891632497e-02
2.474542171459673603e-02
2.828884467107530346e-02
3.186518350256471038e-02
3.488990999332827747e-02
3.693687540971774680e-02
3.785794609744878858e-02
3.785794609744878858e-02
3.338661441490835963e-02
2.925575912528640202e-02
2.536281958602221512e-02
2.172416203398956289e-02
1.846099786632323173e-02
1.580041441467416527e-02
1.399159230067032605e-02
1.301635151783242343e-02
1.271213216196351477e-02
1.301635151783241649e-02
1.399159230067033646e-02
1.580041441467416527e-02
1.846099786632323866e-02
2.172416203398955942e-02
2.536281958602221859e-02
2.925575912528642283e-02
3.338661441490835963e-02
3.785794609744879552e-02
4.225567381851250137e-02
4.545111468579973030e-02
4.658423349094670957e-02
4.545111468579973030e-02
4.225567381851249443e-02
3.693687540971774680e-02
2.925575912528640202e-02
2.315267252831498465e-02
1.843295687931821580e-02
1.475855296515161778e-02
1.198375643021895587e-02
1.007371216384964942e-02
9.022566612311284234e-03
8.770179468533442421e-03
9.287328881358027435e-03
1.063299106961844084e-02
1.301635151783241996e-02
1.671752057110144352e-02
2.172416203398956289e-02
2.785069284138847953e-02
3.480114456580462451e-02
4.161511364114395956e-02
4.753719326104444143e-02
5.321971850428892925e-02
5.870869360297486378e-02
6.153828698174563377e-02
5.950479807616090855e-02
5.346222284106286887e-02
4.545111468579973030e-02
3.488990999332827747e-02
2.536281958602222206e-02
1.843295687931821580e-02
1.365077637553185723e-02
1.030473786473357946e-02
8.062663319654581745e-03
6.745594858955720509e-03
6.197324517101240882e-03
6.364929087133546978e-03
7.324459066417788981e-03
9.287328881358027435e-03
1.271213216196352171e-02
1.802452475558878608e-02
2.536281958602222900e-02
3.480114456580463145e-02
4.479072406747186541e-02
5.144529353855654963e-02
5.408541552610582337e-02
5.775509073100985880e-02
6.554787211026741334e-02
7.231229474029504667e-02
7.016601794026136596e-02
5.950479807616090855e-02
4.658423349094671650e-02
3.186518350256471732e-02
2.172416203398956289e-02
1.475855296515162299e-02
1.030473786473357946e-02
7.451416368618794979e-03
5.728960434479857429e-03
4.871161442696026259e-03
4.669719696981418887e-03
5.116844364139352085e-03
6.364929087133546978e-03
8.770179468533449360e-03
1.301635151783241302e-02
1.967661055468981554e-02
2.925575912528640896e-02
4.161511364114395956e-02
5.144529353855654963e-02
5.069341736450259234e-02
4.299066494794027971e-02
4.106834422666378465e-02
5.123327663322561204e-02
6.708148413961137480e-02
7.231229474029501891e-02
6.153828698174563377e-02
4.545111468579973030e-02
2.828884467107530692e-02
1.846099786632324213e-02
1.198375643021895760e-02
8.062663319654583480e-03
5.728960434479857429e-03
4.442698288657929290e-03
3.918890129039067152e-03
3.977230936868363272e-03
4.669719696981422356e-03
6.197324517101240882e-03
9.022566612311284234e-03
1.399159230067032779e-02
2.183290214891631803e-02
3.338661441490835269e-02
4.753719326104442755e-02
5.408541552610582337e-02
4.299066494794027971e-02
2.600239420039524019e-02
2.002508285321178555e-02
2.962749285924159634e-02
5.123327663322561204e-02
6.554787211026741334e-02
5.870869360297487072e-02
4.225567381851249443e-02
2.474542171459673603e-02
1.580041441467415833e-02
1.007371216384965809e-02
6.745594858955720509e-03
4.871161442696022789e-03
3.918890129039067152e-03
3.640431649801541096e-03
3.918890129039067152e-03
4.871161442696026259e-03
6.745594858955718774e-03
1.007371216384965115e-02
1.580041441467416527e-02
2.474542171459673603e-02
3.785794609744878858e-02
5.321971850428892231e-02
5.775509073100985186e-02
4.106834422666377771e-02
2.002508285321178555e-02
1.243224235428534545e-02
2.002508285321178208e-02
4.106834422666378465e-02
5.775509073100985186e-02
5.321971850428892231e-02
3.785794609744879552e-02
2.183290214891633191e-02
1.399159230067032952e-02
9.022566612311280765e-03
6.197324517101247821e-03
4.669719696981422356e-03
3.977230936868363272e-03
3.918890129039067152e-03
4.442698288657925820e-03
5.728960434479855694e-03
8.062663319654583480e-03
1.198375643021895934e-02
1.846099786632323866e-02
2.828884467107531039e-02
4.225567381851249443e-02
5.870869360297485684e-02
6.554787211026741334e-02
5.123327663322560510e-02
2.962749285924159634e-02
2.002508285321177861e-02
2.600239420039524019e-02
4.299066494794027971e-02
5.408541552610581643e-02
4.753719326104442755e-02
3.338661441490835963e-02
1.967661055468982248e-02
1.301635151783242690e-02
8.770179468533449360e-03
6.364929087133546978e-03
5.116844364139358156e-03
4.669719696981422356e-03
4.871161442696022789e-03
5.728960434479855694e-03
7.451416368618800183e-03
1.030473786473357946e-02
1.475855296515161778e-02
2.172416203398955942e-02
3.186518350256470344e-02
4.545111468579973030e-02
6.153828698174563377e-02
7.231229474029501891e-02
6.708148413961137480e-02
5.123327663322560510e-02
4.106834422666378465e-02
4.299066494794027971e-02
5.069341736450259234e-02
5.144529353855655657e-02
4.161511364114395956e-02
2.925575912528640896e-02
1.802452475558878955e-02
1.271213216196352518e-02
9.287328881358034374e-03
7.324459066417795920e-03
6.364929087133546978e-03
6.197324517101240882e-03
6.745594858955718774e-03
8.062663319654585214e-03
1.030473786473357946e-02
1.365077637553185723e-02
1.843295687931821580e-02
2.536281958602221512e-02
3.488990999332827747e-02
4.658423349094670263e-02
5.950479807616090855e-02
7.016601794026136596e-02
7.231229474029501891e-02
6.554787211026741334e-02
5.775509073100985186e-02
5.408541552610582337e-02
5.144529353855654963e-02
4.479072406747186541e-02
3.480114456580461757e-02
2.536281958602221512e-02
1.671752057110144352e-02
1.301635151783242690e-02
1.063299106961844084e-02
9.287328881358034374e-03
8.770179468533442421e-03
9.022566612311280765e-03
1.007371216384965115e-02
1.198375643021895413e-02
1.475855296515161952e-02
1.843295687931821580e-02
2.315267252831498465e-02
2.925575912528640202e-02
3.693687540971773292e-02
4.545111468579973030e-02
5.346222284106285499e-02
5.950479807616090855e-02
6.153828698174563377e-02
5.870869360297486378e-02
5.321971850428893619e-02
4.753719326104442755e-02
4.161511364114395956e-02
3.480114456580461757e-02
2.785069284138846565e-02
2.172416203398955942e-02
1.580041441467416527e-02
1.399159230067033646e-02
1.301635151783242690e-02
1.271213216196351824e-02
1.301635151783241996e-02
1.399159230067032605e-02
1.580041441467416180e-02
1.846099786632323519e-02
2.172416203398955942e-02
2.536281958602222206e-02
2.925575912528640202e-02
3.338661441490835963e-02
3.785794609744878858e-02
4.225567381851249443e-02
4.545111468579973030e-02
4.658423349094670263e-02
4.545111468579973030e-02
4.225567381851250137e-02
3.785794609744879552e-02
3.338661441490836657e-02
2.925575912528640896e-02
2.536281958602221512e-02
2.172416203398956289e-02
1.846099786632323173e-02
9.713706334298443865e-03
1.007371216384965809e-02
1.116583755701310542e-02
1.302635616160487814e-02
1.575353698996723867e-02
1.967661055468982248e-02
2.512808226130818640e-02
3.186518350256471038e-02
3.930514476889760550e-02
4.647877118616026287e-02
5.145787046546149851e-02
5.321971850428892925e-02
5.335008369431580577e-02
5.321971850428892925e-02
5.145787046546148463e-02
4.647877118616025593e-02
3.930514476889761244e-02
3.186518350256471732e-02
2.512808226130817599e-02
1.967661055468982595e-02
1.575353698996722826e-02
1.302635616160487467e-02
1.116583755701311235e-02
1.007371216384965462e-02
1.007371216384965115e-02
1.198375643021895240e-02
1.475855296515162993e-02
1.843295687931821927e-02
2.315267252831499506e-02
2.925575912528641589e-02
3.693687540971774680e-02
4.545111468579974418e-02
5.346222284106285499e-02
5.950479807616091549e-02
6.153828698174564765e-02
5.870869360297484296e-02
5.321971850428892925e-02
4.753719326104442755e-02
4.161511364114395956e-02
3.480114456580461757e-02
2.785069284138847259e-02
2.172416203398956289e-02
1.671752057110144699e-02
1.301635151783242343e-02
1.063299106961844084e-02
9.287328881358020496e-03
8.770179468533445891e-03
9.022566612311294643e-03
1.116583755701311582e-02
1.475855296515162299e-02
1.955835717196773710e-02
2.568926348404347582e-02
3.307769865156236916e-02
4.161511364114395956e-02
5.145787046546151239e-02
6.153828698174563377e-02
6.905544288745171788e-02
7.176477406520277713e-02
6.905544288745171788e-02
6.153828698174564765e-02
5.145787046546149157e-02
4.161511364114395956e-02
3.307769865156236222e-02
2.568926348404346194e-02
1.955835717196773016e-02
1.475855296515162472e-02
1.116583755701310715e-02
8.770179468533445891e-03
7.472291158495537704e-03
7.067845377513317165e-03
7.472291158495530765e-03
8.770179468533438952e-03
1.302635616160487814e-02
1.843295687931822621e-02
2.568926348404346541e-02
3.454541234641021752e-02
4.338265378507616399e-02
5.144529353855655657e-02
6.087994548667383793e-02
7.231229474029503279e-02
8.066348102679621324e-02
8.024468161058864735e-02
7.176477406520277713e-02
5.950479807616091549e-02
4.647877118616026287e-02
3.480114456580462451e-02
2.568926348404346541e-02
1.892616473193613202e-02
1.392828033379657320e-02
1.030473786473358813e-02
7.820702193701494637e-03
6.364929087133546978e-03
5.796012652477702636e-03
6.006594901735003156e-03
7.067845377513324104e-03
9.287328881358027435e-03
1.575353698996723173e-02
2.315267252831499159e-02
3.307769865156237610e-02
4.338265378507615011e-02
4.920192334366595838e-02
5.069341736450259928e-02
5.520254214718342545e-02
6.708148413961137480e-02
7.960304581161324611e-02
8.066348102679619936e-02
6.905544288745171788e-02
5.346222284106286193e-02
3.930514476889761244e-02
2.785069284138847953e-02
1.955835717196773016e-02
1.392828033379657493e-02
1.005625497904420566e-02
7.451416368618798448e-03
5.867772224747382429e-03
5.116844364139348615e-03
5.086946841838318849e-03
5.796012652477702636e-03
7.472291158495537704e-03
1.063299106961845472e-02
1.967661055468982942e-02
2.925575912528640202e-02
4.161511364114395956e-02
5.144529353855655657e-02
5.069341736450258540e-02
4.299066494794027971e-02
4.106834422666379159e-02
5.123327663322560510e-02
6.708148413961137480e-02
7.231229474029501891e-02
6.153828698174563377e-02
4.545111468579973724e-02
3.186518350256471038e-02
2.172416203398956289e-02
1.475855296515163340e-02
1.030473786473358640e-02
7.451416368618801918e-03
5.728960434479862633e-03
4.871161442696029728e-03
4.669719696981418887e-03
5.116844364139345146e-03
6.364929087133540039e-03
8.770179468533445891e-03
1.301635151783241996e-02
2.512808226130817599e-02
3.693687540971774680e-02
5.145787046546149157e-02
6.087994548667383793e-02
5.520254214718343239e-02
4.106834422666377771e-02
3.434842508854498572e-02
4.106834422666379159e-02
5.520254214718342545e-02
6.087994548667383793e-02
5.145787046546151239e-02
3.693687540971773986e-02
2.512808226130817946e-02
1.671752057110145046e-02
1.116583755701310889e-02
7.820702193701508514e-03
5.867772224747378959e-03
4.871161442696029728e-03
4.581804532947175192e-03
4.871161442696026259e-03
5.867772224747378959e-03
7.820702193701498106e-03
1.116583755701310542e-02
1.671752057110144352e-02
3.186518350256471038e-02
4.545111468579973030e-02
6.153828698174563377e-02
7.231229474029501891e-02
6.708148413961137480e-02
5.123327663322560510e-02
4.106834422666378465e-02
4.299066494794028664e-02
5.069341736450259234e-02
5.144529353855655657e-02
4.161511364114395956e-02
2.925575912528640896e-02
1.967661055468982595e-02
1.301635151783243037e-02
8.770179468533449360e-03
6.364929087133553917e-03
5.116844364139361626e-03
4.669719696981418887e-03
4.871161442696029728e-03
5.728960434479866103e-03
7.451416368618801918e-03
1.030473786473358640e-02
1.475855296515162299e-02
2.172416203398956289e-02
3.930514476889760550e-02
5.346222284106286193e-02
6.905544288745169013e-02
8.066348102679619936e-02
7.960304581161323223e-02
6.708148413961137480e-02
5.520254214718342545e-02
5.069341736450258540e-02
4.920192334366595838e-02
4.338265378507615705e-02
3.307769865156236916e-02
2.315267252831498465e-02
1.575353698996724908e-02
1.063299106961844778e-02
7.472291158495544643e-03
5.796012652477702636e-03
5.086946841838325788e-03
5.116844364139358156e-03
5.867772224747375490e-03
7.451416368618804520e-03
1.005625497904420566e-02
1.392828033379657320e-02
1.955835717196773710e-02
2.785069284138847259e-02
4.647877118616025593e-02
5.950479807616090855e-02
7.176477406520277713e-02
8.024468161058864735e-02
8.066348102679619936e-02
7.231229474029501891e-02
6.087994548667383793e-02
5.144529353855655657e-02
4.338265378507615705e-02
3.454541234641021752e-02
2.568926348404346888e-02
1.843295687931821927e-02
1.302635616160487814e-02
9.287328881358041313e-03
7.067845377513331043e-03
6.006594901735010095e-03
5.796012652477702636e-03
6.364929087133543509e-03
7.820702193701501576e-03
1.030473786473358293e-02
1.392828033379657320e-02
1.892616473193613896e-02
2.568926348404347235e-02
3.480114456580462451e-02
5.145787046546149157e-02
6.153828698174563377e-02
6.905544288745171788e-02
7.176477406520277713e-02
6.905544288745171788e-02
6.153828698174563377e-02
5.145787046546149851e-02
4.161511364114395956e-02
3.307769865156237610e-02
2.568926348404346888e-02
1.955835717196773710e-02
1.475855296515162299e-02
1.116583755701310542e-02
8.770179468533445891e-03
7.472291158495544643e-03
7.067845377513331043e-03
7.472291158495537704e-03
8.770179468533445891e-03
1.116583755701311235e-02
1.475855296515162993e-02
1.955835717196773710e-02
2.568926348404346888e-02
3.307769865156236916e-02
4.161511364114395956e-02
5.321971850428892925e-02
5.870869360297484296e-02
6.153828698174563377e-02
5.950479807616091549e-02
5.346222284106286193e-02
4.545111468579973724e-02
3.693687540971774680e-02
2.925575912528640202e-02
2.315267252831498465e-02
1.843295687931822621e-02
1.475855296515162299e-02
1.198375643021895934e-02
1.007371216384965809e-02
9.022566612311284234e-03
8.770179468533442421e-03
9.287328881358034374e-03
1.063299106961844778e-02
1.301635151783242690e-02
1.671752057110144005e-02
2.172416203398956289e-02
2.785069284138847606e-02
3.480114456580463145e-02
4.161511364114395956e-02
4.753719326104442061e-02
5.335008369431580577e-02
5.321971850428892925e-02
5.145787046546148463e-02
4.647877118616025593e-02
3.930514476889761244e-02
3.186518350256471732e-02
2.512808226130817599e-02
1.967661055468982595e-02
1.575353698996722826e-02
1.302635616160487467e-02
1.116583755701311235e-02
1.007371216384965462e-02
9.713706334298443865e-03
1.007371216384965809e-02
1.116583755701310542e-02
1.302635616160487814e-02
1.575353698996723867e-02
1.967661055468982248e-02
2.512808226130818640e-02
3.186518350256471038e-02
3.930514476889760550e-02
4.647877118616026287e-02
5.145787046546149851e-02
5.321971850428892925e-02
5.321971850428892925e-02
4.753719326104442755e-02
4.161511364114395956e-02
3.480114456580461757e-02
2.785069284138847259e-02
2.172416203398956289e-02
1.671752057110144699e-02
1.301635151783242343e-02
1.063299106961844084e-02
9.287328881358020496e-03
8.770179468533445891e-03
9.022566612311294643e-03
1.007371216384965115e-02
1.198375643021895240e-02
1.475855296515162993e-02
1.843295687931821927e-02
2.315267252831499506e-02
2.925575912528641589e-02
3.693687540971774680e-02
4.545111468579974418e-02
5.346222284106285499e-02
5.950479807616091549e-02
6.153828698174564765e-02
5.870869360297484296e-02
5.145787046546149157e-02
4.161511364114395956e-02
3.307769865156236222e-02
2.568926348404346194e-02
1.955835717196773016e-02
1.475855296515162472e-02
1.116583755701310715e-02
8.770179468533445891e-03
7.472291158495537704e-03
7.067845377513317165e-03
7.472291158495530765e-03
8.770179468533438952e-03
1.116583755701311582e-02
1.475855296515162299e-02
1.955835717196773710e-02
2.568926348404347582e-02
3.307769865156236916e-02
4.161511364114395956e-02
5.145787046546151239e-02
6.153828698174563377e-02
6.905544288745171788e-02
7.176477406520277713e-02
6.905544288745171788e-02
6.153828698174564765e-02
4.647877118616026287e-02
3.480114456580462451e-02
2.568926348404346541e-02
1.892616473193613202e-02
1.392828033379657320e-02
1.030473786473358813e-02
7.820702193701494637e-03
6.364929087133546978e-03
5.796012652477702636e-03
6.006594901735003156e-03
7.067845377513324104e-03
9.287328881358027435e-03
1.302635616160487814e-02
1.843295687931822621e-02
2.568926348404346541e-02
3.454541234641021752e-02
4.338265378507616399e-02
5.144529353855655657e-02
6.087994548667383793e-02
7.231229474029503279e-02
8.066348102679621324e-02
8.024468161058864735e-02
7.176477406520277713e-02
5.950479807616091549e-02
3.930514476889761244e-02
2.785069284138847953e-02
1.955835717196773016e-02
1.392828033379657493e-02
1.005625497904420566e-02
7.451416368618798448e-03
5.867772224747382429e-03
5.116844364139348615e-03
5.086946841838318849e-03
5.796012652477702636e-03
7.472291158495537704e-03
1.063299106961845472e-02
1.575353698996723173e-02
2.315267252831499159e-02
3.307769865156237610e-02
4.338265378507615011e-02
4.920192334366595838e-02
5.069341736450259928e-02
5.520254214718342545e-02
6.708148413961137480e-02
7.960304581161324611e-02
8.066348102679619936e-02
6.905544288745171788e-02
5.346222284106286193e-02
3.186518350256471038e-02
2.172416203398956289e-02
1.475855296515163340e-02
1.030473786473358640e-02
7.451416368618801918e-03
5.728960434479862633e-03
4.871161442696029728e-03
4.669719696981418887e-03
5.116844364139345146e-03
6.364929087133540039e-03
8.770179468533445891e-03
1.301635151783241996e-02
1.967661055468982942e-02
2.925575912528640202e-02
4.161511364114395956e-02
5.144529353855655657e-02
5.069341736450258540e-02
4.299066494794027971e-02
4.106834422666379159e-02
5.123327663322560510e-02
6.708148413961137480e-02
7.231229474029501891e-02
6.153828698174563377e-02
4.545111468579973724e-02
2.512808226130817946e-02
1.671752057110145046e-02
1.116583755701310889e-02
7.820702193701508514e-03
5.867772224747378959e-03
4.871161442696029728e-03
4.581804532947175192e-03
4.871161442696026259e-03
5.867772224747378959e-03
7.820702193701498106e-03
1.116583755701310542e-02
1.671752057110144352e-02
2.512808226130817599e-02
3.693687540971774680e-02
5.145787046546149157e-02
6.087994548667383793e-02
5.520254214718343239e-02
4.106834422666377771e-02
3.434842508854498572e-02
4.106834422666379159e-02
5.520254214718342545e-02
6.087994548667383793e-02
5.145787046546151239e-02
3.693687540971773986e-02
1.967661055468982595e-02
1.301635151783243037e-02
8.770179468533449360e-03
6.364929087133553917e-03
5.116844364139361626e-03
4.669719696981418887e-03
4.871161442696029728e-03
5.728960434479866103e-03
7.451416368618801918e-03
1.030473786473358640e-02
1.475855296515162299e-02
2.172416203398956289e-02
3.186518350256471038e-02
4.545111468579973030e-02
6.153828698174563377e-02
7.231229474029501891e-02
6.708148413961137480e-02
5.123327663322560510e-02
4.106834422666378465e-02
4.299066494794028664e-02
5.069341736450259234e-02
5.144529353855655657e-02
4.161511364114395956e-02
2.925575912528640896e-02
1.575353698996724908e-02
1.063299106961844778e-02
7.472291158495544643e-03
5.796012652477702636e-03
5.086946841838325788e-03
5.116844364139358156e-03
5.867772224747375490e-03
7.451416368618804520e-03
1.005625497904420566e-02
1.392828033379657320e-02
1.955835717196773710e-02
2.785069284138847259e-02
3.930514476889760550e-02
5.346222284106286193e-02
6.905544288745169013e-02
8.066348102679619936e-02
7.960304581161323223e-02
6.708148413961137480e-02
5.520254214718342545e-02
5.069341736450258540e-02
4.920192334366595838e-02
4.338265378507615705e-02
3.307769865156236916e-02
2.315267252831498465e-02
1.302635616160487814e-02
9.287328881358041313e-03
7.067845377513331043e-03
6.006594901735010095e-03
5.796012652477702636e-03
6.364929087133543509e-03
7.820702193701501576e-03
1.030473786473358293e-02
1.392828033379657320e-02
1.892616473193613896e-02
2.568926348404347235e-02
3.480114456580462451e-02
4.647877118616025593e-02
5.950479807616090855e-02
7.176477406520277713e-02
8.024468161058864735e-02
8.066348102679619936e-02
7.231229474029501891e-02
6.087994548667383793e-02
5.144529353855655657e-02
4.338265378507615705e-02
3.454541234641021752e-02
2.568926348404346888e-02
1.843295687931821927e-02
1.116583755701310542e-02
8.770179468533445891e-03
7.472291158495544643e-03
7.067845377513331043e-03
7.472291158495537704e-03
8.770179468533445891e-03
1.116583755701311235e-02
1.475855296515162993e-02
1.955835717196773710e-02
2.568926348404346888e-02
3.307769865156236916e-02
4.161511364114395956e-02
5.145787046546149157e-02
6.153828698174563377e-02
6.905544288745171788e-02
7.176477406520277713e-02
6.905544288745171788e-02
6.153828698174563377e-02
5.145787046546149851e-02
4.161511364114395956e-02
3.307769865156237610e-02
2.568926348404346888e-02
1.955835717196773710e-02
1.475855296515162299e-02
1.007371216384965809e-02
9.022566612311284234e-03
8.770179468533442421e-03
9.287328881358034374e-03
1.063299106961844778e-02
1.301635151783242690e-02
1.671752057110144005e-02
2.172416203398956289e-02
2.785069284138847606e-02
3.480114456580463145e-02
4.161511364114395956e-02
4.753719326104442061e-02
5.321971850428892925e-02
5.870869360297484296e-02
6.153828698174563377e-02
5.950479807616091549e-02
5.346222284106286193e-02
4.545111468579973724e-02
3.693687540971774680e-02
2.925575912528640202e-02
2.315267252831498465e-02
1.843295687931822621e-02
1.475855296515162299e-02
1.198375643021895934e-02
6.419773457621391448e-03
6.745594858955735254e-03
7.820702193701508514e-03
9.824094711679351097e-03
1.302635616160488161e-02
1.802452475558878955e-02
2.530641556359595340e-02
3.488990999332829135e-02
4.647877118616025593e-02
5.708024048600510852e-02
6.087994548667383793e-02
5.775509073100983798e-02
5.521644098081529561e-02
5.775509073100985186e-02
6.087994548667383793e-02
5.708024048600509465e-02
4.647877118616025593e-02
3.488990999332829135e-02
2.530641556359594646e-02
1.802452475558878955e-02
1.302635616160487120e-02
9.824094711679347627e-03
7.820702193701511984e-03
6.745594858955735254e-03
6.745594858955735254e-03
8.062663319654583480e-03
1.030473786473359681e-02
1.365077637553187284e-02
1.843295687931821927e-02
2.536281958602222900e-02
3.488990999332829135e-02
4.658423349094672344e-02
5.950479807616091549e-02
7.016601794026136596e-02
7.231229474029501891e-02
6.554787211026741334e-02
5.775509073100983798e-02
5.408541552610582337e-02
5.144529353855655657e-02
4.479072406747186541e-02
3.480114456580463145e-02
2.536281958602221512e-02
1.802452475558878955e-02
1.271213216196352865e-02
9.287328881358027435e-03
7.324459066417775971e-03
6.364929087133540039e-03
6.197324517101254759e-03
7.820702193701511984e-03
1.030473786473358987e-02
1.392828033379657840e-02
1.892616473193614937e-02
2.568926348404347582e-02
3.480114456580462451e-02
4.647877118616026287e-02
5.950479807616091549e-02
7.176477406520280489e-02
8.024468161058867510e-02
8.066348102679619936e-02
7.231229474029501891e-02
6.087994548667383793e-02
5.144529353855655657e-02
4.338265378507615705e-02
3.454541234641021058e-02
2.568926348404347582e-02
1.843295687931822274e-02
1.302635616160487814e-02
9.287328881358027435e-03
7.067845377513324104e-03
6.006594901734989278e-03
5.796012652477688758e-03
6.364929087133540039e-03
9.824094711679344158e-03
1.365077637553187631e-02
1.892616473193614590e-02
2.591278989630557000e-02
3.454541234641022446e-02
4.479072406747187235e-02
5.708024048600510159e-02
7.016601794026137984e-02
8.024468161058866122e-02
8.395601002061084395e-02
8.024468161058866122e-02
7.016601794026136596e-02
5.708024048600510159e-02
4.479072406747186541e-02
3.454541234641021058e-02
2.591278989630557000e-02
1.892616473193613896e-02
1.365077637553186590e-02
9.824094711679344158e-03
7.324459066417782910e-03
6.006594901734996217e-03
5.607816738179528630e-03
6.006594901734989278e-03
7.324459066417782910e-03
1.302635616160488161e-02
1.843295687931821580e-02
2.568926348404347582e-02
3.454541234641022446e-02
4.338265378507615705e-02
5.144529353855655657e-02
6.087994548667383793e-02
7.231229474029501891e-02
8.066348102679619936e-02
8.024468161058864735e-02
7.176477406520279101e-02
5.950479807616091549e-02
4.647877118616025593e-02
3.480114456580462451e-02
2.568926348404346888e-02
1.892616473193613202e-02
1.392828033379657840e-02
1.030473786473358293e-02
7.820702193701515453e-03
6.364929087133553917e-03
5.796012652477688758e-03
6.006594901734996217e-03
7.067845377513324104e-03
9.287328881358027435e-03
1.802452475558879649e-02
2.536281958602222206e-02
3.480114456580461757e-02
4.479072406747187235e-02
5.144529353855655657e-02
5.408541552610582337e-02
5.775509073100985186e-02
6.554787211026741334e-02
7.231229474029501891e-02
7.016601794026136596e-02
5.950479807616091549e-02
4.658423349094671650e-02
3.488990999332828441e-02
2.536281958602222206e-02
1.843295687931821927e-02
1.365077637553186243e-02
1.030473786473358293e-02
8.062663319654583480e-03
6.745594858955724846e-03
6.197324517101254759e-03
6.364929087133553917e-03
7.324459066417782910e-03
9.287328881358027435e-03
1.271213216196352865e-02
2.530641556359594646e-02
3.488990999332829135e-02
4.647877118616025593e-02
5.708024048600510159e-02
6.087994548667383793e-02
5.775509073100985186e-02
5.521644098081529561e-02
5.775509073100985186e-02
6.087994548667383793e-02
5.708024048600510852e-02
4.647877118616025593e-02
3.488990999332828441e-02
2.530641556359595340e-02
1.802452475558878955e-02
1.302635616160488161e-02
9.824094711679351097e-03
7.820702193701498106e-03
6.745594858955718774e-03
6.419773457621391448e-03
6.745594858955724846e-03
7.820702193701508514e-03
9.824094711679351097e-03
1.302635616160487467e-02
1.802452475558878955e-02
3.488990999332829135e-02
4.658423349094670957e-02
5.950479807616091549e-02
7.016601794026136596e-02
7.231229474029500504e-02
6.554787211026741334e-02
5.775509073100985186e-02
5.408541552610582337e-02
5.144529353855655657e-02
4.479072406747186541e-02
3.480114456580463145e-02
2.536281958602221512e-02
1.802452475558878955e-02
1.271213216196353905e-02
9.287328881358027435e-03
7.324459066417788981e-03
6.364929087133553917e-03
6.197324517101244351e-03
6.745594858955718774e-03
8.062663319654583480e-03
1.030473786473358293e-02
1.365077637553186937e-02
1.843295687931822274e-02
2.536281958602221512e-02
4.647877118616025593e-02
5.950479807616091549e-02
7.176477406520277713e-02
8.024468161058866122e-02
8.066348102679619936e-02
7.231229474029500504e-02
6.087994548667383793e-02
5.144529353855655657e-02
4.338265378507615705e-02
3.454541234641022446e-02
2.568926348404347582e-02
1.843295687931822621e-02
1.302635616160487814e-02
9.287328881358027435e-03
7.067845377513337114e-03
6.006594901734996217e-03
5.796012652477695697e-03
6.364929087133553917e-03
7.820702193701498106e-03
1.030473786473358293e-02
1.392828033379657840e-02
1.892616473193613549e-02
2.568926348404347582e-02
3.480114456580463145e-02
5.708024048600510159e-02
7.016601794026136596e-02
8.024468161058864735e-02
8.395601002061084395e-02
8.024468161058866122e-02
7.016601794026136596e-02
5.708024048600510159e-02
4.479072406747186541e-02
3.454541234641022446e-02
2.591278989630557000e-02
1.892616473193614243e-02
1.365077637553186937e-02
9.824094711679354566e-03
7.324459066417782910e-03
6.006594901735003156e-03
5.607816738179528630e-03
6.006594901734989278e-03
7.324459066417788981e-03
9.824094711679354566e-03
1.365077637553185896e-02
1.892616473193613202e-02
2.591278989630557000e-02
3.454541234641021752e-02
4.479072406747186541e-02
6.087994548667385181e-02
7.231229474029501891e-02
8.066348102679619936e-02
8.024468161058864735e-02
7.176477406520280489e-02
5.950479807616091549e-02
4.647877118616025593e-02
3.480114456580461757e-02
2.568926348404347235e-02
1.892616473193614937e-02
1.392828033379657840e-02
1.030473786473359334e-02
7.820702193701508514e-03
6.364929087133553917e-03
5.796012652477695697e-03
6.006594901734996217e-03
7.067845377513331043e-03
9.287328881358027435e-03
1.302635616160487814e-02
1.843295687931822621e-02
2.568926348404346888e-02
3.454541234641021058e-02
4.338265378507615705e-02
5.144529353855655657e-02
5.775509073100985186e-02
6.554787211026741334e-02
7.231229474029501891e-02
7.016601794026136596e-02
5.950479807616091549e-02
4.658423349094672344e-02
3.488990999332829135e-02
2.536281958602220818e-02
1.843295687931821580e-02
1.365077637553186937e-02
1.030473786473359681e-02
8.062663319654583480e-03
6.745594858955735254e-03
6.197324517101254759e-03
6.364929087133553917e-03
7.324459066417795920e-03
9.287328881358027435e-03
1.271213216196353558e-02
1.802452475558878955e-02
2.536281958602221512e-02
3.480114456580463145e-02
4.479072406747186541e-02
5.144529353855655657e-02
5.408541552610582337e-02
5.521644098081529561e-02
5.775509073100985186e-02
6.087994548667383793e-02
5.708024048600509465e-02
4.647877118616025593e-02
3.488990999332829135e-02
2.530641556359594646e-02
1.802452475558878955e-02
1.302635616160487120e-02
9.824094711679347627e-03
7.820702193701511984e-03
6.745594858955735254e-03
6.419773457621391448e-03
6.745594858955735254e-03
7.820702193701508514e-03
9.824094711679351097e-03
1.302635616160488161e-02
1.802452475558878955e-02
2.530641556359595340e-02
3.488990999332829135e-02
4.647877118616025593e-02
5.708024048600510852e-02
6.087994548667383793e-02
5.775509073100983798e-02
5.775509073100983798e-02
5.408541552610582337e-02
5.144529353855655657e-02
4.479072406747186541e-02
3.480114456580463145e-02
2.536281958602221512e-02
1.802452475558878955e-02
1.271213216196352865e-02
9.287328881358027435e-03
7.324459066417775971e-03
6.364929087133540039e-03
6.197324517101254759e-03
6.745594858955735254e-03
8.062663319654583480e-03
1.030473786473359681e-02
1.365077637553187284e-02
1.843295687931821927e-02
2.536281958602222900e-02
3.488990999332829135e-02
4.658423349094672344e-02
5.950479807616091549e-02
7.016601794026136596e-02
7.231229474029501891e-02
6.554787211026741334e-02
6.087994548667383793e-02
5.144529353855655657e-02
4.338265378507615705e-02
3.454541234641021058e-02
2.568926348404347582e-02
1.843295687931822274e-02
1.302635616160487814e-02
9.287328881358027435e-03
7.067845377513324104e-03
6.006594901734989278e-03
5.796012652477688758e-03
6.364929087133540039e-03
7.820702193701511984e-03
1.030473786473358987e-02
1.392828033379657840e-02
1.892616473193614937e-02
2.568926348404347582e-02
3.480114456580462451e-02
4.647877118616026287e-02
5.950479807616091549e-02
7.176477406520280489e-02
8.024468161058867510e-02
8.066348102679619936e-02
7.231229474029501891e-02
5.708024048600510159e-02
4.479072406747186541e-02
3.454541234641021058e-02
2.591278989630557000e-02
1.892616473193613896e-02
1.365077637553186590e-02
9.824094711679344158e-03
7.324459066417782910e-03
6.006594901734996217e-03
5.607816738179528630e-03
6.006594901734989278e-03
7.324459066417782910e-03
9.824094711679344158e-03
1.365077637553187631e-02
1.892616473193614590e-02
2.591278989630557000e-02
3.454541234641022446e-02
4.479072406747187235e-02
5.708024048600510159e-02
7.016601794026137984e-02
8.024468161058866122e-02
8.395601002061084395e-02
8.024468161058866122e-02
7.016601794026136596e-02
4.647877118616025593e-02
3.480114456580462451e-02
2.568926348404346888e-02
1.892616473193613202e-02
1.392828033379657840e-02
1.030473786473358293e-02
7.820702193701515453e-03
6.364929087133553917e-03
5.796012652477688758e-03
6.006594901734996217e-03
7.067845377513324104e-03
9.287328881358027435e-03
1.302635616160488161e-02
1.843295687931821580e-02
2.568926348404347582e-02
3.454541234641022446e-02
4.338265378507615705e-02
5.144529353855655657e-02
6.087994548667383793e-02
7.231229474029501891e-02
8.066348102679619936e-02
8.024468161058864735e-02
7.176477406520279101e-02
5.950479807616091549e-02
3.488990999332828441e-02
2.536281958602222206e-02
1.843295687931821927e-02
1.365077637553186243e-02
1.030473786473358293e-02
8.062663319654583480e-03
6.745594858955724846e-03
6.197324517101254759e-03
6.364929087133553917e-03
7.324459066417782910e-03
9.287328881358027435e-03
1.271213216196352865e-02
1.802452475558879649e-02
2.536281958602222206e-02
3.480114456580461757e-02
4.479072406747187235e-02
5.144529353855655657e-02
5.408541552610582337e-02
5.775509073100985186e-02
6.554787211026741334e-02
7.231229474029501891e-02
7.016601794026136596e-02
5.950479807616091549e-02
4.658423349094671650e-02
2.530641556359595340e-02
1.802452475558878955e-02
1.302635616160488161e-02
9.824094711679351097e-03
7.820702193701498106e-03
6.745594858955718774e-03
6.419773457621391448e-03
6.745594858955724846e-03
7.820702193701508514e-03
9.824094711679351097e-03
1.302635616160487467e-02
1.802452475558878955e-02
2.530641556359594646e-02
3.488990999332829135e-02
4.647877118616025593e-02
5.708024048600510159e-02
6.087994548667383793e-02
5.775509073100985186e-02
5.521644098081529561e-02
5.775509073100985186e-02
6.087994548667383793e-02
5.708024048600510852e-02
4.647877118616025593e-02
3.488990999332828441e-02
1.802452475558878955e-02
1.271213216196353905e-02
9.287328881358027435e-03
7.324459066417788981e-03
6.364929087133553917e-03
6.197324517101244351e-03
6.745594858955718774e-03
8.062663319654583480e-03
1.030473786473358293e-02
1.365077637553186937e-02
1.843295687931822274e-02
2.536281958602221512e-02
3.488990999332829135e-02
4.658423349094670957e-02
5.950479807616091549e-02
7.016601794026136596e-02
7.231229474029500504e-02
6.554787211026741334e-02
5.775509073100985186e-02
5.408541552610582337e-02
5.144529353855655657e-02
4.479072406747186541e-02
3.480114456580463145e-02
2.536281958602221512e-02
1.302635616160487814e-02
9.287328881358027435e-03
7.067845377513337114e-03
6.006594901734996217e-03
5.796012652477695697e-03
6.364929087133553917e-03
7.820702193701498106e-03
1.030473786473358293e-02
1.392828033379657840e-02
1.892616473193613549e-02
2.568926348404347582e-02
3.480114456580463145e-02
4.647877118616025593e-02
5.950479807616091549e-02
7.176477406520277713e-02
8.024468161058866122e-02
8.066348102679619936e-02
7.231229474029500504e-02
6.087994548667383793e-02
5.144529353855655657e-02
4.338265378507615705e-02
3.454541234641022446e-02
2.568926348404347582e-02
1.843295687931822621e-02
9.824094711679354566e-03
7.324459066417782910e-03
6.006594901735003156e-03
5.607816738179528630e-03
6.006594901734989278e-03
7.324459066417788981e-03
9.824094711679354566e-03
1.365077637553185896e-02
1.892616473193613202e-02
2.591278989630557000e-02
3.454541234641021752e-02
4.479072406747186541e-02
5.708024048600510159e-02
7.016601794026136596e-02
8.024468161058864735e-02
8.395601002061084395e-02
8.024468161058866122e-02
7.016601794026136596e-02
5.708024048600510159e-02
4.479072406747186541e-02
3.454541234641022446e-02
2.591278989630557000e-02
1.892616473193614243e-02
1.365077637553186937e-02
7.820702193701508514e-03
6.364929087133553917e-03
5.796012652477695697e-03
6.006594901734996217e-03
7.067845377513331043e-03
9.287328881358027435e-03
1.302635616160487814e-02
1.843295687931822621e-02
2.568926348404346888e-02
3.454541234641021058e-02
4.338265378507615705e-02
5.144529353855655657e-02
6.087994548667385181e-02
7.231229474029501891e-02
8.066348102679619936e-02
8.024468161058864735e-02
7.176477406520280489e-02
5.950479807616091549e-02
4.647877118616025593e-02
3.480114456580461757e-02
2.568926348404347235e-02
1.892616473193614937e-02
1.392828033379657840e-02
1.030473786473359334e-02
6.745594858955735254e-03
6.197324517101254759e-03
6.364929087133553917e-03
7.324459066417795920e-03
9.287328881358027435e-03
1.271213216196353558e-02
1.802452475558878955e-02
2.536281958602221512e-02
3.480114456580463145e-02
4.479072406747186541e-02
5.144529353855655657e-02
5.408541552610582337e-02
5.775509073100985186e-02
6.554787211026741334e-02
7.231229474029501891e-02
7.016601794026136596e-02
5.950479807616091549e-02
4.658423349094672344e-02
3.488990999332829135e-02
2.536281958602220818e-02
1.843295687931821580e-02
1.365077637553186937e-02
1.030473786473359681e-02
8.062663319654583480e-03
4.581804532947178661e-03
4.871161442696026259e-03
5.867772224747378959e-03
7.820702193701508514e-03
1.116583755701310542e-02
1.671752057110145046e-02
2.512808226130817946e-02
3.693687540971774680e-02
5.145787046546150545e-02
6.087994548667383793e-02
5.520254214718342545e-02
4.106834422666379159e-02
3.434842508854497878e-02
4.106834422666377771e-02
5.520254214718342545e-02
6.087994548667383793e-02
5.145787046546149157e-02
3.693687540971774680e-02
2.512808226130818640e-02
1.671752057110144699e-02
1.116583755701310889e-02
7.820702193701498106e-03
5.867772224747372020e-03
4.871161442696026259e-03
4.871161442696022789e-03
5.728960434479866103e-03
7.451416368618801918e-03
1.030473786473359334e-02
1.475855296515163166e-02
2.172416203398956289e-02
3.186518350256471732e-02
4.545111468579974418e-02
6.153828698174563377e-02
7.231229474029503279e-02
6.708148413961137480e-02
5.123327663322560510e-02
4.106834422666379159e-02
4.299066494794027971e-02
5.069341736450258540e-02
5.144529353855655657e-02
4.161511364114395956e-02
2.925575912528640549e-02
1.967661055468982248e-02
1.301635151783241996e-02
8.770179468533449360e-03
6.364929087133540039e-03
5.116844364139348615e-03
4.669719696981411948e-03
5.867772224747375490e-03
7.451416368618801918e-03
1.005625497904420913e-02
1.392828033379657666e-02
1.955835717196774404e-02
2.785069284138847953e-02
3.930514476889761244e-02
5.346222284106286193e-02
6.905544288745171788e-02
8.066348102679619936e-02
7.960304581161324611e-02
6.708148413961137480e-02
5.520254214718342545e-02
5.069341736450259928e-02
4.920192334366595838e-02
4.338265378507615011e-02
3.307769865156236916e-02
2.315267252831499159e-02
1.575353698996722479e-02
1.063299106961844084e-02
7.472291158495530765e-03
5.796012652477702636e-03
5.086946841838325788e-03
5.116844364139348615e-03
7.820702193701498106e-03
1.030473786473358813e-02
1.392828033379657493e-02
1.892616473193614243e-02
2.568926348404346888e-02
3.480114456580463145e-02
4.647877118616026287e-02
5.950479807616091549e-02
7.176477406520277713e-02
8.024468161058864735e-02
8.066348102679619936e-02
7.231229474029503279e-02
6.087994548667383793e-02
5.144529353855655657e-02
4.338265378507615705e-02
3.454541234641021058e-02
2.568926348404346541e-02
1.843295687931821927e-02
1.302635616160487814e-02
9.287328881358027435e-03
7.067845377513324104e-03
6.006594901735003156e-03
5.796012652477702636e-03
6.364929087133553917e-03
1.116583755701311409e-02
1.475855296515162472e-02
1.955835717196773363e-02
2.568926348404346888e-02
3.307769865156236222e-02
4.161511364114395956e-02
5.145787046546149851e-02
6.153828698174563377e-02
6.905544288745171788e-02
7.176477406520277713e-02
6.905544288745171788e-02
6.153828698174563377e-02
5.145787046546150545e-02
4.161511364114395262e-02
3.307769865156236916e-02
2.568926348404347582e-02
1.955835717196773016e-02
1.475855296515161952e-02
1.116583755701310542e-02
8.770179468533438952e-03
7.472291158495530765e-03
7.067845377513324104e-03
7.472291158495530765e-03
8.770179468533445891e-03
1.671752057110144699e-02
2.172416203398956983e-02
2.785069284138847259e-02
3.480114456580462451e-02
4.161511364114395956e-02
4.753719326104442755e-02
5.321971850428892925e-02
5.870869360297484990e-02
6.153828698174564765e-02
5.950479807616091549e-02
5.346222284106286193e-02
4.545111468579974418e-02
3.693687540971774680e-02
2.925575912528641589e-02
2.315267252831498812e-02
1.843295687931821927e-02
1.475855296515162993e-02
1.198375643021895240e-02
1.007371216384965115e-02
9.022566612311287704e-03
8.770179468533445891e-03
9.287328881358027435e-03
1.063299106961844431e-02
1.301635151783241996e-02
2.512808226130817252e-02
3.186518350256471732e-02
3.930514476889761938e-02
4.647877118616025593e-02
5.145787046546149851e-02
5.321971850428892925e-02
5.335008369431580577e-02
5.321971850428892925e-02
5.145787046546149851e-02
4.647877118616026287e-02
3.930514476889760550e-02
3.186518350256471038e-02
2.512808226130818640e-02
1.967661055468982595e-02
1.575353698996724214e-02
1.302635616160487814e-02
1.116583755701310542e-02
1.007371216384965809e-02
9.713706334298440395e-03
1.007371216384965809e-02
1.116583755701310542e-02
1.302635616160487814e-02
1.575353698996722826e-02
1.967661055468982248e-02
3.693687540971774680e-02
4.545111468579973030e-02
5.346222284106285499e-02
5.950479807616091549e-02
6.153828698174563377e-02
5.870869360297484990e-02
5.321971850428892925e-02
4.753719326104442755e-02
4.161511364114395956e-02
3.480114456580463145e-02
2.785069284138847953e-02
2.172416203398956289e-02
1.671752057110144352e-02
1.301635151783243037e-02
1.063299106961844778e-02
9.287328881358041313e-03
8.770179468533442421e-03
9.022566612311287704e-03
1.007371216384965809e-02
1.198375643021894893e-02
1.475855296515162299e-02
1.843295687931821927e-02
2.315267252831498465e-02
2.925575912528639855e-02
5.145787046546149851e-02
6.153828698174563377e-02
6.905544288745170400e-02
7.176477406520277713e-02
6.905544288745171788e-02
6.153828698174563377e-02
5.145787046546149851e-02
4.161511364114395956e-02
3.307769865156236916e-02
2.568926348404346888e-02
1.955835717196774404e-02
1.475855296515162993e-02
1.116583755701311235e-02
8.770179468533445891e-03
7.472291158495544643e-03
7.067845377513331043e-03
7.472291158495537704e-03
8.770179468533452830e-03
1.116583755701310542e-02
1.475855296515162299e-02
1.955835717196774057e-02
2.568926348404346888e-02
3.307769865156236916e-02
4.161511364114395956e-02
6.087994548667383793e-02
7.231229474029501891e-02
8.066348102679619936e-02
8.024468161058864735e-02
7.176477406520277713e-02
5.950479807616091549e-02
4.647877118616025593e-02
3.480114456580462451e-02
2.568926348404346888e-02
1.892616473193614243e-02
1.392828033379657320e-02
1.030473786473359334e-02
7.820702193701508514e-03
6.364929087133550448e-03
5.796012652477702636e-03
6.006594901735010095e-03
7.067845377513324104e-03
9.287328881358041313e-03
1.302635616160487814e-02
1.843295687931821927e-02
2.568926348404347235e-02
3.454541234641021058e-02
4.338265378507615705e-02
5.144529353855655657e-02
5.520254214718342545e-02
6.708148413961137480e-02
7.960304581161323223e-02
8.066348102679619936e-02
6.905544288745171788e-02
5.346222284106286193e-02
3.930514476889761244e-02
2.785069284138847259e-02
1.955835717196773363e-02
1.392828033379657493e-02
1.005625497904421087e-02
7.451416368618801918e-03
5.867772224747378959e-03
5.116844364139365095e-03
5.086946841838325788e-03
5.796012652477702636e-03
7.472291158495544643e-03
1.063299106961844778e-02
1.575353698996724214e-02
2.315267252831498812e-02
3.307769865156236916e-02
4.338265378507615705e-02
4.920192334366595144e-02
5.069341736450259234e-02
4.106834422666378465e-02
5.123327663322560510e-02
6.708148413961137480e-02
7.231229474029501891e-02
6.153828698174563377e-02
4.545111468579974418e-02
3.186518350256471038e-02
2.172416203398956289e-02
1.475855296515162299e-02
1.030473786473358466e-02
7.451416368618801918e-03
5.728960434479869572e-03
4.871161442696026259e-03
4.669719696981425826e-03
5.116844364139361626e-03
6.364929087133553917e-03
8.770179468533445891e-03
1.301635151783242343e-02
1.967661055468982595e-02
2.925575912528640896e-02
4.161511364114396649e-02
5.144529353855655657e-02
5.069341736450259234e-02
4.299066494794028664e-02
3.434842508854497878e-02
4.106834422666377771e-02
5.520254214718342545e-02
6.087994548667383793e-02
5.145787046546149157e-02
3.693687540971774680e-02
2.512808226130818640e-02
1.671752057110144699e-02
1.116583755701310889e-02
7.820702193701498106e-03
5.867772224747372020e-03
4.871161442696026259e-03
4.581804532947178661e-03
4.871161442696026259e-03
5.867772224747378959e-03
7.820702193701508514e-03
1.116583755701310542e-02
1.671752057110145046e-02
2.512808226130817946e-02
3.693687540971774680e-02
5.145787046546150545e-02
6.087994548667383793e-02
5.520254214718342545e-02
4.106834422666379159e-02
4.106834422666379159e-02
4.299066494794027971e-02
5.069341736450258540e-02
5.144529353855655657e-02
4.161511364114395956e-02
2.925575912528640549e-02
1.967661055468982248e-02
1.301635151783241996e-02
8.770179468533449360e-03
6.364929087133540039e-03
5.116844364139348615e-03
4.669719696981411948e-03
4.871161442696022789e-03
5.728960434479866103e-03
7.451416368618801918e-03
1.030473786473359334e-02
1.475855296515163166e-02
2.172416203398956289e-02
3.186518350256471732e-02
4.545111468579974418e-02
6.153828698174563377e-02
7.231229474029503279e-02
6.708148413961137480e-02
5.123327663322560510e-02
5.520254214718342545e-02
5.069341736450259928e-02
4.920192334366595838e-02
4.338265378507615011e-02
3.307769865156236916e-02
2.315267252831499159e-02
1.575353698996722479e-02
1.063299106961844084e-02
7.472291158495530765e-03
5.796012652477702636e-03
5.086946841838325788e-03
5.116844364139348615e-03
5.867772224747375490e-03
7.451416368618801918e-03
1.005625497904420913e-02
1.392828033379657666e-02
1.955835717196774404e-02
2.785069284138847953e-02
3.930514476889761244e-02
5.346222284106286193e-02
6.905544288745171788e-02
8.066348102679619936e-02
7.960304581161324611e-02
6.708148413961137480e-02
6.087994548667383793e-02
5.144529353855655657e-02
4.338265378507615705e-02
3.454541234641021058e-02
2.568926348404346541e-02
1.843295687931821927e-02
1.302635616160487814e-02
9.287328881358027435e-03
7.067845377513324104e-03
6.006594901735003156e-03
5.796012652477702636e-03
6.364929087133553917e-03
7.820702193701498106e-03
1.030473786473358813e-02
1.392828033379657493e-02
1.892616473193614243e-02
2.568926348404346888e-02
3.480114456580463145e-02
4.647877118616026287e-02
5.950479807616091549e-02
7.176477406520277713e-02
8.024468161058864735e-02
8.066348102679619936e-02
7.231229474029503279e-02
5.145787046546150545e-02
4.161511364114395262e-02
3.307769865156236916e-02
2.568926348404347582e-02
1.955835717196773016e-02
1.475855296515161952e-02
1.116583755701310542e-02
8.770179468533438952e-03
7.472291158495530765e-03
7.067845377513324104e-03
7.472291158495530765e-03
8.770179468533445891e-03
1.116583755701311409e-02
1.475855296515162472e-02
1.955835717196773363e-02
2.568926348404346888e-02
3.307769865156236222e-02
4.161511364114395956e-02
5.145787046546149851e-02
6.153828698174563377e-02
6.905544288745171788e-02
7.176477406520277713e-02
6.905544288745171788e-02
6.153828698174563377e-02
3.693687540971774680e-02
2.925575912528641589e-02
2.315267252831498812e-02
1.843295687931821927e-02
1.475855296515162993e-02
1.198375643021895240e-02
1.007371216384965115e-02
9.022566612311287704e-03
8.770179468533445891e-03
9.287328881358027435e-03
1.063299106961844431e-02
1.301635151783241996e-02
1.671752057110144699e-02
2.172416203398956983e-02
2.785069284138847259e-02
3.480114456580462451e-02
4.161511364114395956e-02
4.753719326104442755e-02
5.321971850428892925e-02
5.870869360297484990e-02
6.153828698174564765e-02
5.950479807616091549e-02
5.346222284106286193e-02
4.545111468579974418e-02
2.512808226130818640e-02
1.967661055468982595e-02
1.575353698996724214e-02
1.302635616160487814e-02
1.116583755701310542e-02
1.007371216384965809e-02
9.713706334298440395e-03
1.007371216384965809e-02
1.116583755701310542e-02
1.302635616160487814e-02
1.575353698996722826e-02
1.967661055468982248e-02
2.512808226130817252e-02
3.186518350256471732e-02
3.930514476889761938e-02
4.647877118616025593e-02
5.145787046546149851e-02
5.321971850428892925e-02
5.335008369431580577e-02
5.321971850428892925e-02
5.145787046546149851e-02
4.647877118616026287e-02
3.930514476889760550e-02
3.186518350256471038e-02
1.671752057110144352e-02
1.301635151783243037e-02
1.063299106961844778e-02
9.287328881358041313e-03
8.770179468533442421e-03
9.022566612311287704e-03
1.007371216384965809e-02
1.198375643021894893e-02
1.475855296515162299e-02
1.843295687931821927e-02
2.315267252831498465e-02
2.925575912528639855e-02
3.693687540971774680e-02
4.545111468579973030e-02
5.346222284106285499e-02
5.950479807616091549e-02
6.153828698174563377e-02
5.870869360297484990e-02
5.321971850428892925e-02
4.753719326104442755e-02
4.161511364114395956e-02
3.480114456580463145e-02
2.785069284138847953e-02
2.172416203398956289e-02
1.116583755701311235e-02
8.770179468533445891e-03
7.472291158495544643e-03
7.067845377513331043e-03
7.472291158495537704e-03
8.770179468533452830e-03
1.116583755701310542e-02
1.475855296515162299e-02
1.955835717196774057e-02
2.568926348404346888e-02
3.307769865156236916e-02
4.161511364114395956e-02
5.145787046546149851e-02
6.153828698174563377e-02
6.905544288745170400e-02
7.176477406520277713e-02
6.905544288745171788e-02
6.153828698174563377e-02
5.145787046546149851e-02
4.161511364114395956e-02
3.307769865156236916e-02
2.568926348404346888e-02
1.955835717196774404e-02
1.475855296515162993e-02
7.820702193701508514e-03
6.364929087133550448e-03
5.796012652477702636e-03
6.006594901735010095e-03
7.067845377513324104e-03
9.287328881358041313e-03
1.302635616160487814e-02
1.843295687931821927e-02
2.568926348404347235e-02
3.454541234641021058e-02
4.338265378507615705e-02
5.144529353855655657e-02
6.087994548667383793e-02
7.231229474029501891e-02
8.066348102679619936e-02
8.024468161058864735e-02
7.176477406520277713e-02
5.950479807616091549e-02
4.647877118616025593e-02
3.480114456580462451e-02
2.568926348404346888e-02
1.892616473193614243e-02
1.392828033379657320e-02
1.030473786473359334e-02
5.867772224747378959e-03
5.116844364139365095e-03
5.086946841838325788e-03
5.796012652477702636e-03
7.472291158495544643e-03
1.063299106961844778e-02
1.575353698996724214e-02
2.315267252831498812e-02
3.307769865156236916e-02
4.338265378507615705e-02
4.920192334366595144e-02
5.069341736450259234e-02
5.520254214718342545e-02
6.708148413961137480e-02
7.960304581161323223e-02
8.066348102679619936e-02
6.905544288745171788e-02
5.346222284106286193e-02
3.930514476889761244e-02
2.785069284138847259e-02
1.955835717196773363e-02
1.392828033379657493e-02
1.005625497904421087e-02
7.451416368618801918e-03
4.871161442696026259e-03
4.669719696981425826e-03
5.116844364139361626e-03
6.364929087133553917e-03
8.770179468533445891e-03
1.301635151783242343e-02
1.967661055468982595e-02
2.925575912528640896e-02
4.161511364114396649e-02
5.144529353855655657e-02
5.069341736450259234e-02
4.299066494794028664e-02
4.106834422666378465e-02
5.123327663322560510e-02
6.708148413961137480e-02
7.231229474029501891e-02
6.153828698174563377e-02
4.545111468579974418e-02
3.186518350256471038e-02
2.172416203398956289e-02
1.475855296515162299e-02
1.030473786473358466e-02
7.451416368618801918e-03
5.728960434479869572e-03
3.640431649801534157e-03
3.918890129039069754e-03
4.871161442696026259e-03
6.745594858955724846e-03
1.007371216384965462e-02
1.580041441467415833e-02
2.474542171459673603e-02
3.785794609744880246e-02
5.321971850428892925e-02
5.775509073100985186e-02
4.106834422666378465e-02
2.002508285321178208e-02
1.243224235428535066e-02
2.002508285321178555e-02
4.106834422666377771e-02
5.775509073100983798e-02
5.321971850428892925e-02
3.785794609744878858e-02
2.474542171459674297e-02
1.580041441467417221e-02
1.007371216384964768e-02
6.745594858955715305e-03
4.871161442696020187e-03
3.918890129039067152e-03
3.918890129039067152e-03
4.442698288657925820e-03
5.728960434479862633e-03
8.062663319654583480e-03
1.198375643021896454e-02
1.846099786632324213e-02
2.828884467107531039e-02
4.225567381851250137e-02
5.870869360297487072e-02
6.554787211026741334e-02
5.123327663322561204e-02
2.962749285924159981e-02
2.002508285321178555e-02
2.600239420039524713e-02
4.299066494794027971e-02
5.408541552610582337e-02
4.753719326104442755e-02
3.338661441490835963e-02
2.183290214891632150e-02
1.399159230067032605e-02
9.022566612311287704e-03
6.197324517101237412e-03
4.669719696981418887e-03
3.977230936868356333e-03
4.871161442696020187e-03
5.728960434479859164e-03
7.451416368618798448e-03
1.030473786473358466e-02
1.475855296515161952e-02
2.172416203398956983e-02
3.186518350256472426e-02
4.545111468579973030e-02
6.153828698174563377e-02
7.231229474029503279e-02
6.708148413961137480e-02
5.123327663322561204e-02
4.106834422666378465e-02
4.299066494794027971e-02
5.069341736450260621e-02
5.144529353855655657e-02
4.161511364114396649e-02
2.925575912528640549e-02
1.967661055468981554e-02
1.301635151783241302e-02
8.770179468533438952e-03
6.364929087133553917e-03
5.116844364139348615e-03
4.669719696981422356e-03
6.745594858955724846e-03
8.062663319654580010e-03
1.030473786473358293e-02
1.365077637553185202e-02
1.843295687931821927e-02
2.536281958602221859e-02
3.488990999332829135e-02
4.658423349094671650e-02
5.950479807616090855e-02
7.016601794026137984e-02
7.231229474029503279e-02
6.554787211026741334e-02
5.775509073100985186e-02
5.408541552610582337e-02
5.144529353855654963e-02
4.479072406747186541e-02
3.480114456580463145e-02
2.536281958602222553e-02
1.802452475558878262e-02
1.271213216196351824e-02
9.287328881358027435e-03
7.324459066417782910e-03
6.364929087133553917e-03
6.197324517101240882e-03
1.007371216384965289e-02
1.198375643021895934e-02
1.475855296515161605e-02
1.843295687931821580e-02
2.315267252831498465e-02
2.925575912528640549e-02
3.693687540971773292e-02
4.545111468579973724e-02
5.346222284106286887e-02
5.950479807616090855e-02
6.153828698174563377e-02
5.870869360297486378e-02
5.321971850428892925e-02
4.753719326104443449e-02
4.161511364114395956e-02
3.480114456580462451e-02
2.785069284138847606e-02
2.172416203398956289e-02
1.671752057110144352e-02
1.301635151783241302e-02
1.063299106961844084e-02
9.287328881358027435e-03
8.770179468533438952e-03
9.022566612311294643e-03
1.580041441467417221e-02
1.846099786632323519e-02
2.172416203398956289e-02
2.536281958602221512e-02
2.925575912528640202e-02
3.338661441490835963e-02
3.785794609744878858e-02
4.225567381851249443e-02
4.545111468579973724e-02
4.658423349094670957e-02
4.545111468579973030e-02
4.225567381851250137e-02
3.785794609744879552e-02
3.338661441490835963e-02
2.925575912528641589e-02
2.536281958602221512e-02
2.172416203398955942e-02
1.846099786632323866e-02
1.580041441467417221e-02
1.399159230067033299e-02
1.301635151783241302e-02
1.271213216196351477e-02
1.301635151783241996e-02
1.399159230067032952e-02
2.474542171459673603e-02
2.828884467107531733e-02
3.186518350256471038e-02
3.488990999332827747e-02
3.693687540971773292e-02
3.785794609744878858e-02
3.805056213060575149e-02
3.785794609744878858e-02
3.693687540971773986e-02
3.488990999332829135e-02
3.186518350256471038e-02
2.828884467107530346e-02
2.474542171459674297e-02
2.183290214891632844e-02
1.967661055468981207e-02
1.802452475558879649e-02
1.671752057110144352e-02
1.580041441467416180e-02
1.545518175420391473e-02
1.580041441467416527e-02
1.671752057110144352e-02
1.802452475558877915e-02
1.967661055468982248e-02
2.183290214891632497e-02
3.785794609744878858e-02
4.225567381851250137e-02
4.545111468579973030e-02
4.658423349094669569e-02
4.545111468579973030e-02
4.225567381851248749e-02
3.785794609744878858e-02
3.338661441490835963e-02
2.925575912528640202e-02
2.536281958602222206e-02
2.172416203398956983e-02
1.846099786632324213e-02
1.580041441467415833e-02
1.399159230067032605e-02
1.301635151783241996e-02
1.271213216196351824e-02
1.301635151783242690e-02
1.399159230067033299e-02
1.580041441467416527e-02
1.846099786632324560e-02
2.172416203398956289e-02
2.536281958602221512e-02
2.925575912528639855e-02
3.338661441490835963e-02
5.321971850428893619e-02
5.870869360297486378e-02
6.153828698174563377e-02
5.950479807616091549e-02
5.346222284106285499e-02
4.545111468579973030e-02
3.693687540971773292e-02
2.925575912528639855e-02
2.315267252831498465e-02
1.843295687931821927e-02
1.475855296515162299e-02
1.198375643021896628e-02
1.007371216384965462e-02
9.022566612311280765e-03
8.770179468533438952e-03
9.287328881358041313e-03
1.063299106961844084e-02
1.301635151783242690e-02
1.671752057110144352e-02
2.172416203398955942e-02
2.785069284138848300e-02
3.480114456580462451e-02
4.161511364114396649e-02
4.753719326104441367e-02
5.775509073100983798e-02
6.554787211026741334e-02
7.231229474029501891e-02
7.016601794026137984e-02
5.950479807616091549e-02
4.658423349094670263e-02
3.488990999332827747e-02
2.536281958602221165e-02
1.843295687931821233e-02
1.365077637553185549e-02
1.030473786473358466e-02
8.062663319654586949e-03
6.745594858955724846e-03
6.197324517101240882e-03
6.364929087133546978e-03
7.324459066417782910e-03
9.287328881358027435e-03
1.271213216196352518e-02
1.802452475558879649e-02
2.536281958602221512e-02
3.480114456580461757e-02
4.479072406747186541e-02
5.144529353855654963e-02
5.408541552610583031e-02
4.106834422666378465e-02
5.123327663322559816e-02
6.708148413961137480e-02
7.231229474029501891e-02
6.153828698174563377e-02
4.545111468579974418e-02
3.186518350256471038e-02
2.172416203398956289e-02
1.475855296515161605e-02
1.030473786473357946e-02
7.451416368618804520e-03
5.728960434479859164e-03
4.871161442696029728e-03
4.669719696981425826e-03
5.116844364139355554e-03
6.364929087133546978e-03
8.770179468533438952e-03
1.301635151783242690e-02
1.967661055468982248e-02
2.925575912528641589e-02
4.161511364114395956e-02
5.144529353855655657e-02
5.069341736450259234e-02
4.299066494794027971e-02
2.002508285321178555e-02
2.962749285924159287e-02
5.123327663322559816e-02
6.554787211026741334e-02
5.870869360297485684e-02
4.225567381851250137e-02
2.828884467107531733e-02
1.846099786632323519e-02
1.198375643021895413e-02
8.062663319654576541e-03
5.728960434479853960e-03
4.442698288657931892e-03
3.918890129039073224e-03
3.977230936868363272e-03
4.669719696981425826e-03
6.197324517101237412e-03
9.022566612311280765e-03
1.399159230067032259e-02
2.183290214891632497e-02
3.338661441490835963e-02
4.753719326104443449e-02
5.408541552610582337e-02
4.299066494794027971e-02
2.600239420039524019e-02
1.243224235428535066e-02
2.002508285321178555e-02
4.106834422666377771e-02
5.775509073100983798e-02
5.321971850428892925e-02
3.785794609744878858e-02
2.474542171459674297e-02
1.580041441467417221e-02
1.007371216384964768e-02
6.745594858955715305e-03
4.871161442696020187e-03
3.918890129039067152e-03
3.640431649801534157e-03
3.918890129039069754e-03
4.871161442696026259e-03
6.745594858955724846e-03
1.007371216384965462e-02
1.580041441467415833e-02
2.474542171459673603e-02
3.785794609744880246e-02
5.321971850428892925e-02
5.775509073100985186e-02
4.106834422666378465e-02
2.002508285321178208e-02
2.002508285321178555e-02
2.600239420039524713e-02
4.299066494794027971e-02
5.408541552610582337e-02
4.753719326104442755e-02
3.338661441490835963e-02
2.183290214891632150e-02
1.399159230067032605e-02
9.022566612311287704e-03
6.197324517101237412e-03
4.669719696981418887e-03
3.977230936868356333e-03
3.918890129039067152e-03
4.442698288657925820e-03
5.728960434479862633e-03
8.062663319654583480e-03
1.198375643021896454e-02
1.846099786632324213e-02
2.828884467107531039e-02
4.225567381851250137e-02
5.870869360297487072e-02
6.554787211026741334e-02
5.123327663322561204e-02
2.962749285924159981e-02
4.106834422666378465e-02
4.299066494794027971e-02
5.069341736450260621e-02
5.144529353855655657e-02
4.161511364114396649e-02
2.925575912528640549e-02
1.967661055468981554e-02
1.301635151783241302e-02
8.770179468533438952e-03
6.364929087133553917e-03
5.116844364139348615e-03
4.669719696981422356e-03
4.871161442696020187e-03
5.728960434479859164e-03
7.451416368618798448e-03
1.030473786473358466e-02
1.475855296515161952e-02
2.172416203398956983e-02
3.186518350256472426e-02
4.545111468579973030e-02
6.153828698174563377e-02
7.231229474029503279e-02
6.708148413961137480e-02
5.123327663322561204e-02
5.775509073100985186e-02
5.408541552610582337e-02
5.144529353855654963e-02
4.479072406747186541e-02
3.480114456580463145e-02
2.536281958602222553e-02
1.802452475558878262e-02
1.271213216196351824e-02
9.287328881358027435e-03
7.324459066417782910e-03
6.364929087133553917e-03
6.197324517101240882e-03
6.745594858955724846e-03
8.062663319654580010e-03
1.030473786473358293e-02
1.365077637553185202e-02
1.843295687931821927e-02
2.536281958602221859e-02
3.488990999332829135e-02
4.658423349094671650e-02
5.950479807616090855e-02
7.016601794026137984e-02
7.231229474029503279e-02
6.554787211026741334e-02
5.321971850428892925e-02
4.753719326104443449e-02
4.161511364114395956e-02
3.480114456580462451e-02
2.785069284138847606e-02
2.172416203398956289e-02
1.671752057110144352e-02
1.301635151783241302e-02
1.063299106961844084e-02
9.287328881358027435e-03
8.770179468533438952e-03
9.022566612311294643e-03
1.007371216384965289e-02
1.198375643021895934e-02
1.475855296515161605e-02
1.843295687931821580e-02
2.315267252831498465e-02
2.925575912528640549e-02
3.693687540971773292e-02
4.545111468579973724e-02
5.346222284106286887e-02
5.950479807616090855e-02
6.153828698174563377e-02
5.870869360297486378e-02
3.785794609744879552e-02
3.338661441490835963e-02
2.925575912528641589e-02
2.536281958602221512e-02
2.172416203398955942e-02
1.846099786632323866e-02
1.580041441467417221e-02
1.399159230067033299e-02
1.301635151783241302e-02
1.271213216196351477e-02
1.301635151783241996e-02
1.399159230067032952e-02
1.580041441467417221e-02
1.846099786632323519e-02
2.172416203398956289e-02
2.536281958602221512e-02
2.925575912528640202e-02
3.338661441490835963e-02
3.785794609744878858e-02
4.225567381851249443e-02
4.545111468579973724e-02
4.658423349094670957e-02
4.545111468579973030e-02
4.225567381851250137e-02
2.474542171459674297e-02
2.183290214891632844e-02
1.967661055468981207e-02
1.802452475558879649e-02
1.671752057110144352e-02
1.580041441467416180e-02
1.545518175420391473e-02
1.580041441467416527e-02
1.671752057110144352e-02
1.802452475558877915e-02
1.967661055468982248e-02
2.183290214891632497e-02
2.474542171459673603e-02
2.828884467107531733e-02
3.186518350256471038e-02
3.488990999332827747e-02
3.693687540971773292e-02
3.785794609744878858e-02
3.805056213060575149e-02
3.785794609744878858e-02
3.693687540971773986e-02
3.488990999332829135e-02
3.186518350256471038e-02
2.828884467107530346e-02
1.580041441467415833e-02
1.399159230067032605e-02
1.301635151783241996e-02
1.271213216196351824e-02
1.301635151783242690e-02
1.399159230067033299e-02
1.580041441467416527e-02
1.846099786632324560e-02
2.172416203398956289e-02
2.536281958602221512e-02
2.925575912528639855e-02
3.338661441490835963e-02
3.785794609744878858e-02
4.225567381851250137e-02
4.545111468579973030e-02
4.658423349094669569e-02
4.545111468579973030e-02
4.225567381851248749e-02
3.785794609744878858e-02
3.338661441490835963e-02
2.925575912528640202e-02
2.536281958602222206e-02
2.172416203398956983e-02
1.846099786632324213e-02
1.007371216384965462e-02
9.022566612311280765e-03
8.770179468533438952e-03
9.287328881358041313e-03
1.063299106961844084e-02
1.301635151783242690e-02
1.671752057110144352e-02
2.172416203398955942e-02
2.785069284138848300e-02
3.480114456580462451e-02
4.161511364114396649e-02
4.753719326104441367e-02
5.321971850428893619e-02
5.870869360297486378e-02
6.153828698174563377e-02
5.950479807616091549e-02
5.346222284106285499e-02
4.545111468579973030e-02
3.693687540971773292e-02
2.925575912528639855e-02
2.315267252831498465e-02
1.843295687931821927e-02
1.475855296515162299e-02
1.198375643021896628e-02
6.745594858955724846e-03
6.197324517101240882e-03
6.364929087133546978e-03
7.324459066417782910e-03
9.287328881358027435e-03
1.271213216196352518e-02
1.802452475558879649e-02
2.536281958602221512e-02
3.480114456580461757e-02
4.479072406747186541e-02
5.144529353855654963e-02
5.408541552610583031e-02
5.775509073100983798e-02
6.554787211026741334e-02
7.231229474029501891e-02
7.016601794026137984e-02
5.950479807616091549e-02
4.658423349094670263e-02
3.488990999332827747e-02
2.536281958602221165e-02
1.843295687931821233e-02
1.365077637553185549e-02
1.030473786473358466e-02
8.062663319654586949e-03
4.871161442696029728e-03
4.669719696981425826e-03
5.116844364139355554e-03
6.364929087133546978e-03
8.770179468533438952e-03
1.301635151783242690e-02
1.967661055468982248e-02
2.925575912528641589e-02
4.161511364114395956e-02
5.144529353855655657e-02
5.069341736450259234e-02
4.299066494794027971e-02
4.106834422666378465e-02
5.123327663322559816e-02
6.708148413961137480e-02
7.231229474029501891e-02
6.153828698174563377e-02
4.545111468579974418e-02
3.186518350256471038e-02
2.172416203398956289e-02
1.475855296515161605e-02
1.030473786473357946e-02
7.451416368618804520e-03
5.728960434479859164e-03
3.918890129039073224e-03
3.977230936868363272e-03
4.669719696981425826e-03
6.197324517101237412e-03
9.022566612311280765e-03
1.399159230067032259e-02
2.183290214891632497e-02
3.338661441490835963e-02
4.753719326104443449e-02
5.408541552610582337e-02
4.299066494794027971e-02
2.600239420039524019e-02
2.002508285321178555e-02
2.962749285924159287e-02
5.123327663322559816e-02
6.554787211026741334e-02
5.870869360297485684e-02
4.225567381851250137e-02
2.828884467107531733e-02
1.846099786632323519e-02
1.198375643021895413e-02
8.062663319654576541e-03
5.728960434479853960e-03
4.442698288657931892e-03
3.361291885161053587e-03
3.640431649801535892e-03
4.581804532947176926e-03
6.419773457621391448e-03
9.713706334298443865e-03
1.545518175420391473e-02
2.454110251448770805e-02
3.805056213060575149e-02
5.335008369431580577e-02
5.521644098081528867e-02
3.434842508854498572e-02
1.243224235428534372e-02
5.708795217173293253e-03
1.243224235428534545e-02
3.434842508854497878e-02
5.521644098081528867e-02
5.335008369431580577e-02
3.805056213060575149e-02
2.454110251448770805e-02
1.545518175420390085e-02
9.713706334298442130e-03
6.419773457621384509e-03
4.581804532947167385e-03
3.640431649801525917e-03
3.640431649801525917e-03
3.918890129039073224e-03
4.871161442696029728e-03
6.745594858955724846e-03
1.007371216384965289e-02
1.580041441467416180e-02
2.474542171459674297e-02
3.785794609744878164e-02
5.321971850428892925e-02
5.775509073100985186e-02
4.106834422666377077e-02
2.002508285321177861e-02
1.243224235428534372e-02
2.002508285321177167e-02
4.106834422666377771e-02
5.775509073100983798e-02
5.321971850428892925e-02
3.785794609744878858e-02
2.474542171459673257e-02
1.580041441467415833e-02
1.007371216384964421e-02
6.745594858955718774e-03
4.871161442696021054e-03
3.918890129039069754e-03
4.581804532947170855e-03
4.871161442696018452e-03
5.867772224747374622e-03
7.820702193701501576e-03
1.116583755701311062e-02
1.671752057110144352e-02
2.512808226130817946e-02
3.693687540971774680e-02
5.145787046546149157e-02
6.087994548667383793e-02
5.520254214718342545e-02
4.106834422666377771e-02
3.434842508854498572e-02
4.106834422666377771e-02
5.520254214718341851e-02
6.087994548667383793e-02
5.145787046546149157e-02
3.693687540971773292e-02
2.512808226130817599e-02
1.671752057110143658e-02
1.116583755701310195e-02
7.820702193701487698e-03
5.867772224747372020e-03
4.871161442696020187e-03
6.419773457621387978e-03
6.745594858955718774e-03
7.820702193701491167e-03
9.824094711679344158e-03
1.302635616160487640e-02
1.802452475558878955e-02
2.530641556359594299e-02
3.488990999332828441e-02
4.647877118616026287e-02
5.708024048600510159e-02
6.087994548667383793e-02
5.775509073100985186e-02
5.521644098081528867e-02
5.775509073100983798e-02
6.087994548667383793e-02
5.708024048600510159e-02
4.647877118616026287e-02
3.488990999332827747e-02
2.530641556359593952e-02
1.802452475558878955e-02
1.302635616160487120e-02
9.824094711679347627e-03
7.820702193701494637e-03
6.745594858955722244e-03
9.713706334298445599e-03
1.007371216384964421e-02
1.116583755701310889e-02
1.302635616160486773e-02
1.575353698996722826e-02
1.967661055468982248e-02
2.512808226130817946e-02
3.186518350256471038e-02
3.930514476889760550e-02
4.647877118616025593e-02
5.145787046546149157e-02
5.321971850428892925e-02
5.335008369431580577e-02
5.321971850428892925e-02
5.145787046546149157e-02
4.647877118616026287e-02
3.930514476889759856e-02
3.186518350256471038e-02
2.512808226130817252e-02
1.967661055468980860e-02
1.575353698996722826e-02
1.302635616160487120e-02
1.116583755701310889e-02
1.007371216384964768e-02
1.545518175420390779e-02
1.580041441467416527e-02
1.671752057110143311e-02
1.802452475558878955e-02
1.967661055468980860e-02
2.183290214891631456e-02
2.474542171459673603e-02
2.828884467107531386e-02
3.186518350256471038e-02
3.488990999332827747e-02
3.693687540971773292e-02
3.785794609744878164e-02
3.805056213060575149e-02
3.785794609744878164e-02
3.693687540971773292e-02
3.488990999332827747e-02
3.186518350256471038e-02
2.828884467107529999e-02
2.474542171459673603e-02
2.183290214891631109e-02
1.967661055468980860e-02
1.802452475558878955e-02
1.671752057110144005e-02
1.580041441467416527e-02
2.454110251448770805e-02
2.474542171459672910e-02
2.512808226130817599e-02
2.530641556359593258e-02
2.512808226130817599e-02
2.474542171459672216e-02
2.454110251448771152e-02
2.474542171459673603e-02
2.512808226130818293e-02
2.530641556359594299e-02
2.512808226130817599e-02
2.474542171459673603e-02
2.454110251448770805e-02
2.474542171459673257e-02
2.512808226130817252e-02
2.530641556359594299e-02
2.512808226130817252e-02
2.474542171459673603e-02
2.454110251448770111e-02
2.474542171459673603e-02
2.512808226130816905e-02
2.530641556359594299e-02
2.512808226130817599e-02
2.474542171459673603e-02
3.805056213060575149e-02
3.785794609744878164e-02
3.693687540971773292e-02
3.488990999332827747e-02
3.186518350256470344e-02
2.828884467107531039e-02
2.474542171459672216e-02
2.183290214891631456e-02
1.967661055468981901e-02
1.802452475558878955e-02
1.671752057110144352e-02
1.580041441467416180e-02
1.545518175420391473e-02
1.580041441467416527e-02
1.671752057110143658e-02
1.802452475558878608e-02
1.967661055468981554e-02
2.183290214891631109e-02
2.474542171459673603e-02
2.828884467107530346e-02
3.186518350256471038e-02
3.488990999332827747e-02
3.693687540971773292e-02
3.785794609744878858e-02
5.335008369431580577e-02
5.321971850428892925e-02
5.145787046546148463e-02
4.647877118616025593e-02
3.930514476889760550e-02
3.186518350256470344e-02
2.512808226130817599e-02
1.967661055468980860e-02
1.575353698996722826e-02
1.302635616160487120e-02
1.116583755701311409e-02
1.007371216384965289e-02
9.713706334298445599e-03
1.007371216384965809e-02
1.116583755701311235e-02
1.302635616160487120e-02
1.575353698996723520e-02
1.967661055468981901e-02
2.512808226130816905e-02
3.186518350256471038e-02
3.930514476889759856e-02
4.647877118616025593e-02
5.145787046546149157e-02
5.321971850428892925e-02
5.521644098081528867e-02
5.775509073100984492e-02
6.087994548667383793e-02
5.708024048600510159e-02
4.647877118616025593e-02
3.488990999332828441e-02
2.530641556359593952e-02
1.802452475558878262e-02
1.302635616160486773e-02
9.824094711679344158e-03
7.820702193701496371e-03
6.745594858955724846e-03
6.419773457621391448e-03
6.745594858955722244e-03
7.820702193701501576e-03
9.824094711679344158e-03
1.302635616160487120e-02
1.802452475558878608e-02
2.530641556359594299e-02
3.488990999332827747e-02
4.647877118616026287e-02
5.708024048600510159e-02
6.087994548667383793e-02
5.775509073100983798e-02
3.434842508854497878e-02
4.106834422666377771e-02
5.520254214718341851e-02
6.087994548667383793e-02
5.145787046546149851e-02
3.693687540971773292e-02
2.512808226130817946e-02
1.671752057110143658e-02
1.116583755701310195e-02
7.820702193701491167e-03
5.867772224747374622e-03
4.871161442696026259e-03
4.581804532947178661e-03
4.871161442696026259e-03
5.867772224747378959e-03
7.820702193701501576e-03
1.116583755701309848e-02
1.671752057110144005e-02
2.512808226130817599e-02
3.693687540971773292e-02
5.145787046546149157e-02
6.087994548667383793e-02
5.520254214718341851e-02
4.106834422666377771e-02
1.243224235428534372e-02
2.002508285321177861e-02
4.106834422666377771e-02
5.775509073100984492e-02
5.321971850428892925e-02
3.785794609744878164e-02
2.474542171459672910e-02
1.580041441467416527e-02
1.007371216384964595e-02
6.745594858955712703e-03
4.871161442696020187e-03
3.918890129039073224e-03
3.640431649801534157e-03
3.918890129039080163e-03
4.871161442696026259e-03
6.745594858955718774e-03
1.007371216384965462e-02
1.580041441467415833e-02
2.474542171459673603e-02
3.785794609744878164e-02
5.321971850428892925e-02
5.775509073100983798e-02
4.106834422666377771e-02
2.002508285321177514e-02
5.708795217173293253e-03
1.243224235428534545e-02
3.434842508854497878e-02
5.521644098081528867e-02
5.335008369431580577e-02
3.805056213060575149e-02
2.454110251448770805e-02
1.545518175420390085e-02
9.713706334298442130e-03
6.419773457621384509e-03
4.581804532947167385e-03
3.640431649801525917e-03
3.361291885161053587e-03
3.640431649801535892e-03
4.581804532947176926e-03
6.419773457621391448e-03
9.713706334298443865e-03
1.545518175420391473e-02
2.454110251448770805e-02
3.805056213060575149e-02
5.335008369431580577e-02
5.521644098081528867e-02
3.434842508854498572e-02
1.243224235428534372e-02
1.243224235428534372e-02
2.002508285321177167e-02
4.106834422666377771e-02
5.775509073100983798e-02
5.321971850428892925e-02
3.785794609744878858e-02
2.474542171459673257e-02
1.580041441467415833e-02
1.007371216384964421e-02
6.745594858955718774e-03
4.871161442696021054e-03
3.918890129039069754e-03
3.640431649801525917e-03
3.918890129039073224e-03
4.871161442696029728e-03
6.745594858955724846e-03
1.007371216384965289e-02
1.580041441467416180e-02
2.474542171459674297e-02
3.785794609744878164e-02
5.321971850428892925e-02
5.775509073100985186e-02
4.106834422666377077e-02
2.002508285321177861e-02
3.434842508854498572e-02
4.106834422666377771e-02
5.520254214718341851e-02
6.087994548667383793e-02
5.145787046546149157e-02
3.693687540971773292e-02
2.512808226130817599e-02
1.671752057110143658e-02
1.116583755701310195e-02
7.820702193701487698e-03
5.867772224747372020e-03
4.871161442696020187e-03
4.581804532947170855e-03
4.871161442696018452e-03
5.867772224747374622e-03
7.820702193701501576e-03
1.116583755701311062e-02
1.671752057110144352e-02
2.512808226130817946e-02
3.693687540971774680e-02
5.145787046546149157e-02
6.087994548667383793e-02
5.520254214718342545e-02
4.106834422666377771e-02
5.521644098081528867e-02
5.775509073100983798e-02
6.087994548667383793e-02
5.708024048600510159e-02
4.647877118616026287e-02
3.488990999332827747e-02
2.530641556359593952e-02
1.802452475558878955e-02
1.302635616160487120e-02
9.824094711679347627e-03
7.820702193701494637e-03
6.745594858955722244e-03
6.419773457621387978e-03
6.745594858955718774e-03
7.820702193701491167e-03
9.824094711679344158e-03
1.302635616160487640e-02
1.802452475558878955e-02
2.530641556359594299e-02
3.488990999332828441e-02
4.647877118616026287e-02
5.708024048600510159e-02
6.087994548667383793e-02
5.775509073100985186e-02
5.335008369431580577e-02
5.321971850428892925e-02
5.145787046546149157e-02
4.647877118616026287e-02
3.930514476889759856e-02
3.186518350256471038e-02
2.512808226130817252e-02
1.967661055468980860e-02
1.575353698996722826e-02
1.302635616160487120e-02
1.116583755701310889e-02
1.007371216384964768e-02
9.713706334298445599e-03
1.007371216384964421e-02
1.116583755701310889e-02
1.302635616160486773e-02
1.575353698996722826e-02
1.967661055468982248e-02
2.512808226130817946e-02
3.186518350256471038e-02
3.930514476889760550e-02
4.647877118616025593e-02
5.145787046546149157e-02
5.321971850428892925e-02
3.805056213060575149e-02
3.785794609744878164e-02
3.693687540971773292e-02
3.488990999332827747e-02
3.186518350256471038e-02
2.828884467107529999e-02
2.474542171459673603e-02
2.183290214891631109e-02
1.967661055468980860e-02
1.802452475558878955e-02
1.671752057110144005e-02
1.580041441467416527e-02
1.545518175420390779e-02
1.580041441467416527e-02
1.671752057110143311e-02
1.802452475558878955e-02
1.967661055468980860e-02
2.183290214891631456e-02
2.474542171459673603e-02
2.828884467107531386e-02
3.186518350256471038e-02
3.488990999332827747e-02
3.693687540971773292e-02
3.785794609744878164e-02
2.454110251448770805e-02
2.474542171459673257e-02
2.512808226130817252e-02
2.530641556359594299e-02
2.512808226130817252e-02
2.474542171459673603e-02
2.454110251448770111e-02
2.474542171459673603e-02
2.512808226130816905e-02
2.530641556359594299e-02
2.512808226130817599e-02
2.474542171459673603e-02
2.454110251448770805e-02
2.474542171459672910e-02
2.512808226130817599e-02
2.530641556359593258e-02
2.512808226130817599e-02
2.474542171459672216e-02
2.454110251448771152e-02
2.474542171459673603e-02
2.512808226130818293e-02
2.530641556359594299e-02
2.512808226130817599e-02
2.474542171459673603e-02
1.545518175420391473e-02
1.580041441467416527e-02
1.671752057110143658e-02
1.802452475558878608e-02
1.967661055468981554e-02
2.183290214891631109e-02
2.474542171459673603e-02
2.828884467107530346e-02
3.186518350256471038e-02
3.488990999332827747e-02
3.693687540971773292e-02
3.785794609744878858e-02
3.805056213060575149e-02
3.785794609744878164e-02
3.693687540971773292e-02
3.488990999332827747e-02
3.186518350256470344e-02
2.828884467107531039e-02
2.474542171459672216e-02
2.183290214891631456e-02
1.967661055468981901e-02
1.802452475558878955e-02
1.671752057110144352e-02
1.580041441467416180e-02
9.713706334298445599e-03
1.007371216384965809e-02
1.116583755701311235e-02
1.302635616160487120e-02
1.575353698996723520e-02
1.967661055468981901e-02
2.512808226130816905e-02
3.186518350256471038e-02
3.930514476889759856e-02
4.647877118616025593e-02
5.145787046546149157e-02
5.321971850428892925e-02
5.335008369431580577e-02
5.321971850428892925e-02
5.145787046546148463e-02
4.647877118616025593e-02
3.930514476889760550e-02
3.186518350256470344e-02
2.512808226130817599e-02
1.967661055468980860e-02
1.575353698996722826e-02
1.302635616160487120e-02
1.116583755701311409e-02
1.007371216384965289e-02
6.419773457621391448e-03
6.745594858955722244e-03
7.820702193701501576e-03
9.824094711679344158e-03
1.302635616160487120e-02
1.802452475558878608e-02
2.530641556359594299e-02
3.488990999332827747e-02
4.647877118616026287e-02
5.708024048600510159e-02
6.087994548667383793e-02
5.775509073100983798e-02
5.521644098081528867e-02
5.775509073100984492e-02
6.087994548667383793e-02
5.708024048600510159e-02
4.647877118616025593e-02
3.488990999332828441e-02
2.530641556359593952e-02
1.802452475558878262e-02
1.302635616160486773e-02
9.824094711679344158e-03
7.820702193701496371e-03
6.745594858955724846e-03
4.581804532947178661e-03
4.871161442696026259e-03
5.867772224747378959e-03
7.820702193701501576e-03
1.116583755701309848e-02
1.671752057110144005e-02
2.512808226130817599e-02
3.693687540971773292e-02
5.145787046546149157e-02
6.087994548667383793e-02
5.520254214718341851e-02
4.106834422666377771e-02
3.434842508854497878e-02
4.106834422666377771e-02
5.520254214718341851e-02
6.087994548667383793e-02
5.145787046546149851e-02
3.693687540971773292e-02
2.512808226130817946e-02
1.671752057110143658e-02
1.116583755701310195e-02
7.820702193701491167e-03
5.867772224747374622e-03
4.871161442696026259e-03
3.640431649801534157e-03
3.918890129039080163e-03
4.871161442696026259e-03
6.745594858955718774e-03
1.007371216384965462e-02
1.580041441467415833e-02
2.474542171459673603e-02
3.785794609744878164e-02
5.321971850428892925e-02
5.775509073100983798e-02
4.106834422666377771e-02
2.002508285321177514e-02
1.243224235428534372e-02
2.002508285321177861e-02
4.106834422666377771e-02
5.775509073100984492e-02
5.321971850428892925e-02
3.785794609744878164e-02
2.474542171459672910e-02
1.580041441467416527e-02
1.007371216384964595e-02
6.745594858955712703e-03
4.871161442696020187e-03
3.918890129039073224e-03
3.640431649801530688e-03
3.918890129039071489e-03
4.871161442696028861e-03
6.745594858955720509e-03
1.007371216384965462e-02
1.580041441467416527e-02
2.474542171459674297e-02
3.785794609744878858e-02
5.321971850428892925e-02
5.775509073100986573e-02
4.106834422666378465e-02
2.002508285321179596e-02
1.243224235428534372e-02
2.002508285321178208e-02
4.106834422666377771e-02
5.775509073100985186e-02
5.321971850428892925e-02
3.785794609744878858e-02
2.474542171459673603e-02
1.580041441467415833e-02
1.007371216384965115e-02
6.745594858955720509e-03
4.871161442696021054e-03
3.918890129039073224e-03
3.918890129039074958e-03
3.977230936868365006e-03
4.669719696981415417e-03
6.197324517101245218e-03
9.022566612311284234e-03
1.399159230067032779e-02
2.183290214891632150e-02
3.338661441490836657e-02
4.753719326104442755e-02
5.408541552610581643e-02
4.299066494794030052e-02
2.600239420039524019e-02
2.002508285321178555e-02
2.962749285924158940e-02
5.123327663322560510e-02
6.554787211026742721e-02
5.870869360297485684e-02
4.225567381851250137e-02
2.828884467107530346e-02
1.846099786632323866e-02
1.198375643021894893e-02
8.062663319654580010e-03
5.728960434479866103e-03
4.442698288657922351e-03
4.871161442696024524e-03
4.669719696981418887e-03
5.116844364139348615e-03
6.364929087133543509e-03
8.770179468533444156e-03
1.301635151783241649e-02
1.967661055468982248e-02
2.925575912528640896e-02
4.161511364114395956e-02
5.144529353855655657e-02
5.069341736450259234e-02
4.299066494794029358e-02
4.106834422666378465e-02
5.123327663322561204e-02
6.708148413961137480e-02
7.231229474029503279e-02
6.153828698174563377e-02
4.545111468579973724e-02
3.186518350256471038e-02
2.172416203398955942e-02
1.475855296515162299e-02
1.030473786473358293e-02
7.451416368618798448e-03
5.728960434479866103e-03
6.745594858955723978e-03
6.197324517101240014e-03
6.364929087133546978e-03
7.324459066417782910e-03
9.287328881358023966e-03
1.271213216196352344e-02
1.802452475558878608e-02
2.536281958602221859e-02
3.480114456580463145e-02
4.479072406747186541e-02
5.144529353855655657e-02
5.408541552610582337e-02
5.775509073100986573e-02
6.554787211026741334e-02
7.231229474029503279e-02
7.016601794026136596e-02
5.950479807616090855e-02
4.658423349094670957e-02
3.488990999332828441e-02
2.536281958602221512e-02
1.843295687931821927e-02
1.365077637553185549e-02
1.030473786473358293e-02
8.062663319654586949e-03
1.007371216384965289e-02
9.022566612311289438e-03
8.770179468533440686e-03
9.287328881358029170e-03
1.063299106961844431e-02
1.301635151783241649e-02
1.671752057110144352e-02
2.172416203398956289e-02
2.785069284138847259e-02
3.480114456580463145e-02
4.161511364114395956e-02
4.753719326104442755e-02
5.321971850428892925e-02
5.870869360297485684e-02
6.153828698174563377e-02
5.950479807616092243e-02
5.346222284106285499e-02
4.545111468579973030e-02
3.693687540971773986e-02
2.925575912528639855e-02
2.315267252831498465e-02
1.843295687931821233e-02
1.475855296515162472e-02
1.198375643021894893e-02
1.580041441467416180e-02
1.399159230067032952e-02
1.301635151783241996e-02
1.271213216196351824e-02
1.301635151783241996e-02
1.399159230067032432e-02
1.580041441467416527e-02
1.846099786632323866e-02
2.172416203398956289e-02
2.536281958602221859e-02
2.925575912528640896e-02
3.338661441490835963e-02
3.785794609744878858e-02
4.225567381851250137e-02
4.545111468579974418e-02
4.658423349094670263e-02
4.545111468579973724e-02
4.225567381851249443e-02
3.785794609744878858e-02
3.338661441490835963e-02
2.925575912528639855e-02
2.536281958602221512e-02
2.172416203398955942e-02
1.846099786632323866e-02
2.474542171459673603e-02
2.183290214891631803e-02
1.967661055468982248e-02
1.802452475558878955e-02
1.671752057110143658e-02
1.580041441467416527e-02
1.545518175420390779e-02
1.580041441467416527e-02
1.671752057110144352e-02
1.802452475558878955e-02
1.967661055468981901e-02
2.183290214891631803e-02
2.474542171459673603e-02
2.828884467107531039e-02
3.186518350256471038e-02
3.488990999332829135e-02
3.693687540971773986e-02
3.785794609744880246e-02
3.805056213060575843e-02
3.785794609744878858e-02
3.693687540971773292e-02
3.488990999332827747e-02
3.186518350256471038e-02
2.828884467107531386e-02
3.785794609744878164e-02
3.338661441490835963e-02
2.925575912528639855e-02
2.536281958602221859e-02
2.172416203398956289e-02
1.846099786632323173e-02
1.580041441467416527e-02
1.399159230067032432e-02
1.301635151783241649e-02
1.271213216196352518e-02
1.301635151783241996e-02
1.399159230067033126e-02
1.580041441467416874e-02
1.846099786632323866e-02
2.172416203398956289e-02
2.536281958602221859e-02
2.925575912528641936e-02
3.338661441490835963e-02
3.785794609744878858e-02
4.225567381851250137e-02
4.545111468579973030e-02
4.658423349094670957e-02
4.545111468579973030e-02
4.225567381851250137e-02
5.321971850428892925e-02
4.753719326104442061e-02
4.161511364114395956e-02
3.480114456580462451e-02
2.785069284138846912e-02
2.172416203398956289e-02
1.671752057110143658e-02
1.301635151783241649e-02
1.063299106961844084e-02
9.287328881358023966e-03
8.770179468533444156e-03
9.022566612311287704e-03
1.007371216384966156e-02
1.198375643021895934e-02
1.475855296515162646e-02
1.843295687931822621e-02
2.315267252831498465e-02
2.925575912528640896e-02
3.693687540971773986e-02
4.545111468579973724e-02
5.346222284106286193e-02
5.950479807616091549e-02
6.153828698174563377e-02
5.870869360297484990e-02
5.775509073100984492e-02
5.408541552610582337e-02
5.144529353855655657e-02
4.479072406747185847e-02
3.480114456580462451e-02
2.536281958602221859e-02
1.802452475558878955e-02
1.271213216196351824e-02
9.287328881358023966e-03
7.324459066417782042e-03
6.364929087133543509e-03
6.197324517101242616e-03
6.745594858955722244e-03
8.062663319654586949e-03
1.030473786473358640e-02
1.365077637553185896e-02
1.843295687931821927e-02
2.536281958602221512e-02
3.488990999332829135e-02
4.658423349094671650e-02
5.950479807616091549e-02
7.016601794026136596e-02
7.231229474029501891e-02
6.554787211026741334e-02
4.106834422666378465e-02
4.299066494794027971e-02
5.069341736450259234e-02
5.144529353855654963e-02
4.161511364114395956e-02
2.925575912528639855e-02
1.967661055468981554e-02
1.301635151783241823e-02
8.770179468533437217e-03
6.364929087133541774e-03
5.116844364139349483e-03
4.669719696981415417e-03
4.871161442696025391e-03
5.728960434479864368e-03
7.451416368618801918e-03
1.030473786473358987e-02
1.475855296515162646e-02
2.172416203398956289e-02
3.186518350256471038e-02
4.545111468579974418e-02
6.153828698174563377e-02
7.231229474029503279e-02
6.708148413961136092e-02
5.123327663322560510e-02
2.002508285321179249e-02
2.600239420039524366e-02
4.299066494794027971e-02
5.408541552610582337e-02
4.753719326104442061e-02
3.338661441490835963e-02
2.183290214891631456e-02
1.399159230067032259e-02
9.022566612311287704e-03
6.197324517101236545e-03
4.669719696981415417e-03
3.977230936868361537e-03
3.918890129039071489e-03
4.442698288657925820e-03
5.728960434479864368e-03
8.062663319654586949e-03
1.198375643021895934e-02
1.846099786632324560e-02
2.828884467107532080e-02
4.225567381851250137e-02
5.870869360297487072e-02
6.554787211026741334e-02
5.123327663322561204e-02
2.962749285924158246e-02
1.243224235428534372e-02
2.002508285321178208e-02
4.106834422666377771e-02
5.775509073100985186e-02
5.321971850428892925e-02
3.785794609744878858e-02
2.474542171459673603e-02
1.580041441467415833e-02
1.007371216384965115e-02
6.745594858955720509e-03
4.871161442696021054e-03
3.918890129039073224e-03
3.640431649801530688e-03
3.918890129039071489e-03
4.871161442696028861e-03
6.745594858955720509e-03
1.007371216384965462e-02
1.580041441467416527e-02
2.474542171459674297e-02
3.785794609744878858e-02
5.321971850428892925e-02
5.775509073100986573e-02
4.106834422666378465e-02
2.002508285321179596e-02
2.002508285321178555e-02
2.962749285924158940e-02
5.123327663322560510e-02
6.554787211026742721e-02
5.870869360297485684e-02
4.225567381851250137e-02
2.828884467107530346e-02
1.846099786632323866e-02
1.198375643021894893e-02
8.062663319654580010e-03
5.728960434479866103e-03
4.442698288657922351e-03
3.918890129039074958e-03
3.977230936868365006e-03
4.669719696981415417e-03
6.197324517101245218e-03
9.022566612311284234e-03
1.399159230067032779e-02
2.183290214891632150e-02
3.338661441490836657e-02
4.753719326104442755e-02
5.408541552610581643e-02
4.299066494794030052e-02
2.600239420039524019e-02
4.106834422666378465e-02
5.123327663322561204e-02
6.708148413961137480e-02
7.231229474029503279e-02
6.153828698174563377e-02
4.545111468579973724e-02
3.186518350256471038e-02
2.172416203398955942e-02
1.475855296515162299e-02
1.030473786473358293e-02
7.451416368618798448e-03
5.728960434479866103e-03
4.871161442696024524e-03
4.669719696981418887e-03
5.116844364139348615e-03
6.364929087133543509e-03
8.770179468533444156e-03
1.301635151783241649e-02
1.967661055468982248e-02
2.925575912528640896e-02
4.161511364114395956e-02
5.144529353855655657e-02
5.069341736450259234e-02
4.299066494794029358e-02
5.775509073100986573e-02
6.554787211026741334e-02
7.231229474029503279e-02
7.016601794026136596e-02
5.950479807616090855e-02
4.658423349094670957e-02
3.488990999332828441e-02
2.536281958602221512e-02
1.843295687931821927e-02
1.365077637553185549e-02
1.030473786473358293e-02
8.062663319654586949e-03
6.745594858955723978e-03
6.197324517101240014e-03
6.364929087133546978e-03
7.324459066417782910e-03
9.287328881358023966e-03
1.271213216196352344e-02
1.802452475558878608e-02
2.536281958602221859e-02
3.480114456580463145e-02
4.479072406747186541e-02
5.144529353855655657e-02
5.408541552610582337e-02
5.321971850428892925e-02
5.870869360297485684e-02
6.153828698174563377e-02
5.950479807616092243e-02
5.346222284106285499e-02
4.545111468579973030e-02
3.693687540971773986e-02
2.925575912528639855e-02
2.315267252831498465e-02
1.843295687931821233e-02
1.475855296515162472e-02
1.198375643021894893e-02
1.007371216384965289e-02
9.022566612311289438e-03
8.770179468533440686e-03
9.287328881358029170e-03
1.063299106961844431e-02
1.301635151783241649e-02
1.671752057110144352e-02
2.172416203398956289e-02
2.785069284138847259e-02
3.480114456580463145e-02
4.161511364114395956e-02
4.753719326104442755e-02
3.785794609744878858e-02
4.225567381851250137e-02
4.545111468579974418e-02
4.658423349094670263e-02
4.545111468579973724e-02
4.225567381851249443e-02
3.785794609744878858e-02
3.338661441490835963e-02
2.925575912528639855e-02
2.536281958602221512e-02
2.172416203398955942e-02
1.846099786632323866e-02
1.580041441467416180e-02
1.399159230067032952e-02
1.301635151783241996e-02
1.271213216196351824e-02
1.301635151783241996e-02
1.399159230067032432e-02
1.580041441467416527e-02
1.846099786632323866e-02
2.172416203398956289e-02
2.536281958602221859e-02
2.925575912528640896e-02
3.338661441490835963e-02
2.474542171459673603e-02
2.828884467107531039e-02
3.186518350256471038e-02
3.488990999332829135e-02
3.693687540971773986e-02
3.785794609744880246e-02
3.805056213060575843e-02
3.785794609744878858e-02
3.693687540971773292e-02
3.488990999332827747e-02
3.186518350256471038e-02
2.828884467107531386e-02
2.474542171459673603e-02
2.183290214891631803e-02
1.967661055468982248e-02
1.802452475558878955e-02
1.671752057110143658e-02
1.580041441467416527e-02
1.545518175420390779e-02
1.580041441467416527e-02
1.671752057110144352e-02
1.802452475558878955e-02
1.967661055468981901e-02
2.183290214891631803e-02
1.580041441467416874e-02
1.846099786632323866e-02
2.172416203398956289e-02
2.536281958602221859e-02
2.925575912528641936e-02
3.338661441490835963e-02
3.785794609744878858e-02
4.225567381851250137e-02
4.545111468579973030e-02
4.658423349094670957e-02
4.545111468579973030e-02
4.225567381851250137e-02
3.785794609744878164e-02
3.338661441490835963e-02
2.925575912528639855e-02
2.536281958602221859e-02
2.172416203398956289e-02
1.846099786632323173e-02
1.580041441467416527e-02
1.399159230067032432e-02
1.301635151783241649e-02
1.271213216196352518e-02
1.301635151783241996e-02
1.399159230067033126e-02
1.007371216384966156e-02
1.198375643021895934e-02
1.475855296515162646e-02
1.843295687931822621e-02
2.315267252831498465e-02
2.925575912528640896e-02
3.693687540971773986e-02
4.545111468579973724e-02
5.346222284106286193e-02
5.950479807616091549e-02
6.153828698174563377e-02
5.870869360297484990e-02
5.321971850428892925e-02
4.753719326104442061e-02
4.161511364114395956e-02
3.480114456580462451e-02
2.785069284138846912e-02
2.172416203398956289e-02
1.671752057110143658e-02
1.301635151783241649e-02
1.063299106961844084e-02
9.287328881358023966e-03
8.770179468533444156e-03
9.022566612311287704e-03
6.745594858955722244e-03
8.062663319654586949e-03
1.030473786473358640e-02
1.365077637553185896e-02
1.843295687931821927e-02
2.536281958602221512e-02
3.488990999332829135e-02
4.658423349094671650e-02
5.950479807616091549e-02
7.016601794026136596e-02
7.231229474029501891e-02
6.554787211026741334e-02
5.775509073100984492e-02
5.408541552610582337e-02
5.144529353855655657e-02
4.479072406747185847e-02
3.480114456580462451e-02
2.536281958602221859e-02
1.802452475558878955e-02
1.271213216196351824e-02
9.287328881358023966e-03
7.324459066417782042e-03
6.364929087133543509e-03
6.197324517101242616e-03
4.871161442696025391e-03
5.728960434479864368e-03
7.451416368618801918e-03
1.030473786473358987e-02
1.475855296515162646e-02
2.172416203398956289e-02
3.186518350256471038e-02
4.545111468579974418e-02
6.153828698174563377e-02
7.231229474029503279e-02
6.708148413961136092e-02
5.123327663322560510e-02
4.106834422666378465e-02
4.299066494794027971e-02
5.069341736450259234e-02
5.144529353855654963e-02
4.161511364114395956e-02
2.925575912528639855e-02
1.967661055468981554e-02
1.301635151783241823e-02
8.770179468533437217e-03
6.364929087133541774e-03
5.116844364139349483e-03
4.669719696981415417e-03
3.918890129039071489e-03
4.442698288657925820e-03
5.728960434479864368e-03
8.062663319654586949e-03
1.198375643021895934e-02
1.846099786632324560e-02
2.828884467107532080e-02
4.225567381851250137e-02
5.870869360297487072e-02
6.554787211026741334e-02
5.123327663322561204e-02
2.962749285924158246e-02
2.002508285321179249e-02
2.600239420039524366e-02
4.299066494794027971e-02
5.408541552610582337e-02
4.753719326104442061e-02
3.338661441490835963e-02
2.183290214891631456e-02
1.399159230067032259e-02
9.022566612311287704e-03
6.197324517101236545e-03
4.669719696981415417e-03
3.977230936868361537e-03
4.581804532947176926e-03
4.871161442696031463e-03
5.867772224747375490e-03
7.820702193701498106e-03
1.116583755701310715e-02
1.671752057110144352e-02
2.512808226130817946e-02
3.693687540971774680e-02
5.145787046546149157e-02
6.087994548667383793e-02
5.520254214718342545e-02
4.106834422666378465e-02
3.434842508854500653e-02
4.106834422666379852e-02
5.520254214718342545e-02
6.087994548667385181e-02
5.145787046546149157e-02
3.693687540971774680e-02
2.512808226130817599e-02
1.671752057110144005e-02
1.116583755701310889e-02
7.820702193701498106e-03
5.867772224747379826e-03
4.871161442696027993e-03
4.871161442696028861e-03
4.669719696981424958e-03
5.116844364139356421e-03
6.364929087133545244e-03
8.770179468533445891e-03
1.301635151783241823e-02
1.967661055468981901e-02
2.925575912528641589e-02
4.161511364114395956e-02
5.144529353855654269e-02
5.069341736450259234e-02
4.299066494794028664e-02
4.106834422666378465e-02
5.123327663322561898e-02
6.708148413961137480e-02
7.231229474029501891e-02
6.153828698174564765e-02
4.545111468579973030e-02
3.186518350256471732e-02
2.172416203398955942e-02
1.475855296515162125e-02
1.030473786473358813e-02
7.451416368618801918e-03
5.728960434479868705e-03
5.867772224747384163e-03
5.116844364139353819e-03
5.086946841838335329e-03
5.796012652477700901e-03
7.472291158495530765e-03
1.063299106961844778e-02
1.575353698996723173e-02
2.315267252831498465e-02
3.307769865156236916e-02
4.338265378507615705e-02
4.920192334366594450e-02
5.069341736450259928e-02
5.520254214718343239e-02
6.708148413961136092e-02
7.960304581161324611e-02
8.066348102679621324e-02
6.905544288745171788e-02
5.346222284106287581e-02
3.930514476889760550e-02
2.785069284138847259e-02
1.955835717196773016e-02
1.392828033379657493e-02
1.005625497904420740e-02
7.451416368618803653e-03
7.820702193701501576e-03
6.364929087133553917e-03
5.796012652477695697e-03
6.006594901735002288e-03
7.067845377513328441e-03
9.287328881358023966e-03
1.302635616160487814e-02
1.843295687931822274e-02
2.568926348404347235e-02
3.454541234641022446e-02
4.338265378507615705e-02
5.144529353855655657e-02
6.087994548667383793e-02
7.231229474029501891e-02
8.066348102679619936e-02
8.024468161058866122e-02
7.176477406520280489e-02
5.950479807616092243e-02
4.647877118616026287e-02
3.480114456580462451e-02
2.568926348404347582e-02
1.892616473193612855e-02
1.392828033379657493e-02
1.030473786473358813e-02
1.116583755701310889e-02
8.770179468533445891e-03
7.472291158495539438e-03
7.067845377513323236e-03
7.472291158495540306e-03
8.770179468533447625e-03
1.116583755701310715e-02
1.475855296515162646e-02
1.955835717196774057e-02
2.568926348404347235e-02
3.307769865156237610e-02
4.161511364114395262e-02
5.145787046546149157e-02
6.153828698174563377e-02
6.905544288745171788e-02
7.176477406520277713e-02
6.905544288745171788e-02
6.153828698174563377e-02
5.145787046546149851e-02
4.161511364114396649e-02
3.307769865156236916e-02
2.568926348404347235e-02
1.955835717196773016e-02
1.475855296515162472e-02
1.671752057110144352e-02
1.301635151783241823e-02
1.063299106961845125e-02
9.287328881358029170e-03
8.770179468533442421e-03
9.022566612311292908e-03
1.007371216384965636e-02
1.198375643021895413e-02
1.475855296515162646e-02
1.843295687931821927e-02
2.315267252831498812e-02
2.925575912528641589e-02
3.693687540971773986e-02
4.545111468579973030e-02
5.346222284106285499e-02
5.950479807616092243e-02
6.153828698174561990e-02
5.870869360297486378e-02
5.321971850428895007e-02
4.753719326104442755e-02
4.161511364114396649e-02
3.480114456580463145e-02
2.785069284138846912e-02
2.172416203398955595e-02
2.512808226130816905e-02
1.967661055468982595e-02
1.575353698996723173e-02
1.302635616160488161e-02
1.116583755701310889e-02
1.007371216384965289e-02
9.713706334298450804e-03
1.007371216384965289e-02
1.116583755701310542e-02
1.302635616160487814e-02
1.575353698996723520e-02
1.967661055468982248e-02
2.512808226130818640e-02
3.186518350256471038e-02
3.930514476889759856e-02
4.647877118616025593e-02
5.145787046546149851e-02
5.321971850428893619e-02
5.335008369431581965e-02
5.321971850428895007e-02
5.145787046546149851e-02
4.647877118616026287e-02
3.930514476889759856e-02
3.186518350256471038e-02
3.693687540971773986e-02
2.925575912528640549e-02
2.315267252831498812e-02
1.843295687931821927e-02
1.475855296515162646e-02
1.198375643021895240e-02
1.007371216384965115e-02
9.022566612311291173e-03
8.770179468533444156e-03
9.287328881358025701e-03
1.063299106961844778e-02
1.301635151783242170e-02
1.671752057110144699e-02
2.172416203398956983e-02
2.785069284138846565e-02
3.480114456580461063e-02
4.161511364114395956e-02
4.753719326104443449e-02
5.321971850428893619e-02
5.870869360297485684e-02
6.153828698174563377e-02
5.950479807616090855e-02
5.346222284106286887e-02
4.545111468579973030e-02
5.145787046546149851e-02
4.161511364114395262e-02
3.307769865156236222e-02
2.568926348404347582e-02
1.955835717196773710e-02
1.475855296515162646e-02
1.116583755701310715e-02
8.770179468533440686e-03
7.472291158495538571e-03
7.067845377513324104e-03
7.472291158495534234e-03
8.770179468533445891e-03
1.116583755701311582e-02
1.475855296515162646e-02
1.955835717196774057e-02
2.568926348404347235e-02
3.307769865156235528e-02
4.161511364114396649e-02
5.145787046546150545e-02
6.153828698174561990e-02
6.905544288745171788e-02
7.176477406520279101e-02
6.905544288745171788e-02
6.153828698174564765e-02
6.087994548667385181e-02
5.144529353855655657e-02
4.338265378507615705e-02
3.454541234641021058e-02
2.568926348404347582e-02
1.843295687931821927e-02
1.302635616160487814e-02
9.287328881358027435e-03
7.067845377513320634e-03
6.006594901735000554e-03
5.796012652477698299e-03
6.364929087133549580e-03
7.820702193701498106e-03
1.030473786473359334e-02
1.392828033379657840e-02
1.892616473193613896e-02
2.568926348404347582e-02
3.480114456580462451e-02
4.647877118616026287e-02
5.950479807616090855e-02
7.176477406520277713e-02
8.024468161058866122e-02
8.066348102679619936e-02
7.231229474029503279e-02
5.520254214718342545e-02
5.069341736450259928e-02
4.920192334366595838e-02
4.338265378507615705e-02
3.307769865156236916e-02
2.315267252831498812e-02
1.575353698996723173e-02
1.063299106961844431e-02
7.472291158495534234e-03
5.796012652477694829e-03
5.086946841838331859e-03
5.116844364139353819e-03
5.867772224747377224e-03
7.451416368618799316e-03
1.005625497904420913e-02
1.392828033379657840e-02
1.955835717196774404e-02
2.785069284138847259e-02
3.930514476889759856e-02
5.346222284106286887e-02
6.905544288745171788e-02
8.066348102679619936e-02
7.960304581161324611e-02
6.708148413961137480e-02
4.106834422666379852e-02
4.299066494794029358e-02
5.069341736450259928e-02
5.144529353855655657e-02
4.161511364114395956e-02
2.925575912528640549e-02
1.967661055468982248e-02
1.301635151783241823e-02
8.770179468533442421e-03
6.364929087133548713e-03
5.116844364139351217e-03
4.669719696981424091e-03
4.871161442696029728e-03
5.728960434479864368e-03
7.451416368618799316e-03
1.030473786473358813e-02
1.475855296515162299e-02
2.172416203398956289e-02
3.186518350256471732e-02
4.545111468579973030e-02
6.153828698174563377e-02
7.231229474029503279e-02
6.708148413961136092e-02
5.123327663322561204e-02
3.434842508854500653e-02
4.106834422666379852e-02
5.520254214718342545e-02
6.087994548667385181e-02
5.145787046546149157e-02
3.693687540971774680e-02
2.512808226130817599e-02
1.671752057110144005e-02
1.116583755701310889e-02
7.820702193701498106e-03
5.867772224747379826e-03
4.871161442696027993e-03
4.581804532947176926e-03
4.871161442696031463e-03
5.867772224747375490e-03
7.820702193701498106e-03
1.116583755701310715e-02
1.671752057110144352e-02
2.512808226130817946e-02
3.693687540971774680e-02
5.145787046546149157e-02
6.087994548667383793e-02
5.520254214718342545e-02
4.106834422666378465e-02
4.106834422666378465e-02
5.123327663322561898e-02
6.708148413961137480e-02
7.231229474029501891e-02
6.153828698174564765e-02
4.545111468579973030e-02
3.186518350256471732e-02
2.172416203398955942e-02
1.475855296515162125e-02
1.030473786473358813e-02
7.451416368618801918e-03
5.728960434479868705e-03
4.871161442696028861e-03
4.669719696981424958e-03
5.116844364139356421e-03
6.364929087133545244e-03
8.770179468533445891e-03
1.301635151783241823e-02
1.967661055468981901e-02
2.925575912528641589e-02
4.161511364114395956e-02
5.144529353855654269e-02
5.069341736450259234e-02
4.299066494794028664e-02
5.520254214718343239e-02
6.708148413961136092e-02
7.960304581161324611e-02
8.066348102679621324e-02
6.905544288745171788e-02
5.346222284106287581e-02
3.930514476889760550e-02
2.785069284138847259e-02
1.955835717196773016e-02
1.392828033379657493e-02
1.005625497904420740e-02
7.451416368618803653e-03
5.867772224747384163e-03
5.116844364139353819e-03
5.086946841838335329e-03
5.796012652477700901e-03
7.472291158495530765e-03
1.063299106961844778e-02
1.575353698996723173e-02
2.315267252831498465e-02
3.307769865156236916e-02
4.338265378507615705e-02
4.920192334366594450e-02
5.069341736450259928e-02
6.087994548667383793e-02
7.231229474029501891e-02
8.066348102679619936e-02
8.024468161058866122e-02
7.176477406520280489e-02
5.950479807616092243e-02
4.647877118616026287e-02
3.480114456580462451e-02
2.568926348404347582e-02
1.892616473193612855e-02
1.392828033379657493e-02
1.030473786473358813e-02
7.820702193701501576e-03
6.364929087133553917e-03
5.796012652477695697e-03
6.006594901735002288e-03
7.067845377513328441e-03
9.287328881358023966e-03
1.302635616160487814e-02
1.843295687931822274e-02
2.568926348404347235e-02
3.454541234641022446e-02
4.338265378507615705e-02
5.144529353855655657e-02
5.145787046546149157e-02
6.153828698174563377e-02
6.905544288745171788e-02
7.176477406520277713e-02
6.905544288745171788e-02
6.153828698174563377e-02
5.145787046546149851e-02
4.161511364114396649e-02
3.307769865156236916e-02
2.568926348404347235e-02
1.955835717196773016e-02
1.475855296515162472e-02
1.116583755701310889e-02
8.770179468533445891e-03
7.472291158495539438e-03
7.067845377513323236e-03
7.472291158495540306e-03
8.770179468533447625e-03
1.116583755701310715e-02
1.475855296515162646e-02
1.955835717196774057e-02
2.568926348404347235e-02
3.307769865156237610e-02
4.161511364114395262e-02
3.693687540971773986e-02
4.545111468579973030e-02
5.346222284106285499e-02
5.950479807616092243e-02
6.153828698174561990e-02
5.870869360297486378e-02
5.321971850428895007e-02
4.753719326104442755e-02
4.161511364114396649e-02
3.480114456580463145e-02
2.785069284138846912e-02
2.172416203398955595e-02
1.671752057110144352e-02
1.301635151783241823e-02
1.063299106961845125e-02
9.287328881358029170e-03
8.770179468533442421e-03
9.022566612311292908e-03
1.007371216384965636e-02
1.198375643021895413e-02
1.475855296515162646e-02
1.843295687931821927e-02
2.315267252831498812e-02
2.925575912528641589e-02
2.512808226130818640e-02
3.186518350256471038e-02
3.930514476889759856e-02
4.647877118616025593e-02
5.145787046546149851e-02
5.321971850428893619e-02
5.335008369431581965e-02
5.321971850428895007e-02
5.145787046546149851e-02
4.647877118616026287e-02
3.930514476889759856e-02
3.186518350256471038e-02
2.512808226130816905e-02
1.967661055468982595e-02
1.575353698996723173e-02
1.302635616160488161e-02
1.116583755701310889e-02
1.007371216384965289e-02
9.713706334298450804e-03
1.007371216384965289e-02
1.116583755701310542e-02
1.302635616160487814e-02
1.575353698996723520e-02
1.967661055468982248e-02
1.671752057110144699e-02
2.172416203398956983e-02
2.785069284138846565e-02
3.480114456580461063e-02
4.161511364114395956e-02
4.753719326104443449e-02
5.321971850428893619e-02
5.870869360297485684e-02
6.153828698174563377e-02
5.950479807616090855e-02
5.346222284106286887e-02
4.545111468579973030e-02
3.693687540971773986e-02
2.925575912528640549e-02
2.315267252831498812e-02
1.843295687931821927e-02
1.475855296515162646e-02
1.198375643021895240e-02
1.007371216384965115e-02
9.022566612311291173e-03
8.770179468533444156e-03
9.287328881358025701e-03
1.063299106961844778e-02
1.301635151783242170e-02
1.116583755701311582e-02
1.475855296515162646e-02
1.955835717196774057e-02
2.568926348404347235e-02
3.307769865156235528e-02
4.161511364114396649e-02
5.145787046546150545e-02
6.153828698174561990e-02
6.905544288745171788e-02
7.176477406520279101e-02
6.905544288745171788e-02
6.153828698174564765e-02
5.145787046546149851e-02
4.161511364114395262e-02
3.307769865156236222e-02
2.568926348404347582e-02
1.955835717196773710e-02
1.475855296515162646e-02
1.116583755701310715e-02
8.770179468533440686e-03
7.472291158495538571e-03
7.067845377513324104e-03
7.472291158495534234e-03
8.770179468533445891e-03
7.820702193701498106e-03
1.030473786473359334e-02
1.392828033379657840e-02
1.892616473193613896e-02
2.568926348404347582e-02
3.480114456580462451e-02
4.647877118616026287e-02
5.950479807616090855e-02
7.176477406520277713e-02
8.024468161058866122e-02
8.066348102679619936e-02
7.231229474029503279e-02
6.087994548667385181e-02
5.144529353855655657e-02
4.338265378507615705e-02
3.454541234641021058e-02
2.568926348404347582e-02
1.843295687931821927e-02
1.302635616160487814e-02
9.287328881358027435e-03
7.067845377513320634e-03
6.006594901735000554e-03
5.796012652477698299e-03
6.364929087133549580e-03
5.867772224747377224e-03
7.451416368618799316e-03
1.005625497904420913e-02
1.392828033379657840e-02
1.955835717196774404e-02
2.785069284138847259e-02
3.930514476889759856e-02
5.346222284106286887e-02
6.905544288745171788e-02
8.066348102679619936e-02
7.960304581161324611e-02
6.708148413961137480e-02
5.520254214718342545e-02
5.069341736450259928e-02
4.920192334366595838e-02
4.338265378507615705e-02
3.307769865156236916e-02
2.315267252831498812e-02
1.575353698996723173e-02
1.063299106961844431e-02
7.472291158495534234e-03
5.796012652477694829e-03
5.086946841838331859e-03
5.116844364139353819e-03
4.871161442696029728e-03
5.728960434479864368e-03
7.451416368618799316e-03
1.030473786473358813e-02
1.475855296515162299e-02
2.172416203398956289e-02
3.186518350256471732e-02
4.545111468579973030e-02
6.153828698174563377e-02
7.231229474029503279e-02
6.708148413961136092e-02
5.123327663322561204e-02
4.106834422666379852e-02
4.299066494794029358e-02
5.069341736450259928e-02
5.144529353855655657e-02
4.161511364114395956e-02
2.925575912528640549e-02
1.967661055468982248e-02
1.301635151783241823e-02
8.770179468533442421e-03
6.364929087133548713e-03
5.116844364139351217e-03
4.669719696981424091e-03
6.419773457621394050e-03
6.745594858955727448e-03
7.820702193701499841e-03
9.824094711679345893e-03
1.302635616160487987e-02
1.802452475558878955e-02
2.530641556359594646e-02
3.488990999332828441e-02
4.647877118616025593e-02
5.708024048600510159e-02
6.087994548667383793e-02
5.775509073100985186e-02
5.521644098081530255e-02
5.775509073100985186e-02
6.087994548667383793e-02
5.708024048600510159e-02
4.647877118616026287e-02
3.488990999332827747e-02
2.530641556359594646e-02
1.802452475558878955e-02
1.302635616160487814e-02
9.824094711679349362e-03
7.820702193701499841e-03
6.745594858955729183e-03
6.745594858955730917e-03
6.197324517101246953e-03
6.364929087133554785e-03
7.324459066417785512e-03
9.287328881358025701e-03
1.271213216196352344e-02
1.802452475558878955e-02
2.536281958602222206e-02
3.480114456580463145e-02
4.479072406747185847e-02
5.144529353855655657e-02
5.408541552610582337e-02
5.775509073100985186e-02
6.554787211026742721e-02
7.231229474029503279e-02
7.016601794026136596e-02
5.950479807616090855e-02
4.658423349094671650e-02
3.488990999332827747e-02
2.536281958602222206e-02
1.843295687931822274e-02
1.365077637553186070e-02
1.030473786473358813e-02
8.062663319654585214e-03
7.820702193701503310e-03
6.364929087133557387e-03
5.796012652477697431e-03
6.006594901735004023e-03
7.067845377513322369e-03
9.287328881358027435e-03
1.302635616160487987e-02
1.843295687931822621e-02
2.568926348404346888e-02
3.454541234641021752e-02
4.338265378507615705e-02
5.144529353855655657e-02
6.087994548667383793e-02
7.231229474029503279e-02
8.066348102679621324e-02
8.024468161058866122e-02
7.176477406520277713e-02
5.950479807616091549e-02
4.647877118616026287e-02
3.480114456580462451e-02
2.568926348404346888e-02
1.892616473193613549e-02
1.392828033379658013e-02
1.030473786473358813e-02
9.824094711679347627e-03
7.324459066417788981e-03
6.006594901735005758e-03
5.607816738179522559e-03
6.006594901735005758e-03
7.324459066417785512e-03
9.824094711679351097e-03
1.365077637553186070e-02
1.892616473193613896e-02
2.591278989630556653e-02
3.454541234641021752e-02
4.479072406747186541e-02
5.708024048600510159e-02
7.016601794026136596e-02
8.024468161058866122e-02
8.395601002061084395e-02
8.024468161058866122e-02
7.016601794026136596e-02
5.708024048600510159e-02
4.479072406747185847e-02
3.454541234641021058e-02
2.591278989630556653e-02
1.892616473193613549e-02
1.365077637553186417e-02
1.302635616160488334e-02
9.287328881358027435e-03
7.067845377513324971e-03
6.006594901735004891e-03
5.796012652477696564e-03
6.364929087133556519e-03
7.820702193701498106e-03
1.030473786473358987e-02
1.392828033379657840e-02
1.892616473193613896e-02
2.568926348404346888e-02
3.480114456580463145e-02
4.647877118616025593e-02
5.950479807616090855e-02
7.176477406520277713e-02
8.024468161058866122e-02
8.066348102679621324e-02
7.231229474029503279e-02
6.087994548667383793e-02
5.144529353855655657e-02
4.338265378507616399e-02
3.454541234641021058e-02
2.568926348404346888e-02
1.843295687931822621e-02
1.802452475558878955e-02
1.271213216196352691e-02
9.287328881358027435e-03
7.324459066417785512e-03
6.364929087133555652e-03
6.197324517101244351e-03
6.745594858955728315e-03
8.062663319654583480e-03
1.030473786473358813e-02
1.365077637553186070e-02
1.843295687931822621e-02
2.536281958602222206e-02
3.488990999332828441e-02
4.658423349094670957e-02
5.950479807616090855e-02
7.016601794026136596e-02
7.231229474029503279e-02
6.554787211026742721e-02
5.775509073100985186e-02
5.408541552610582337e-02
5.144529353855654963e-02
4.479072406747186541e-02
3.480114456580462451e-02
2.536281958602222206e-02
2.530641556359594646e-02
1.802452475558878955e-02
1.302635616160488161e-02
9.824094711679345893e-03
7.820702193701496371e-03
6.745594858955727448e-03
6.419773457621391448e-03
6.745594858955727448e-03
7.820702193701496371e-03
9.824094711679345893e-03
1.302635616160487987e-02
1.802452475558878955e-02
2.530641556359594646e-02
3.488990999332828441e-02
4.647877118616025593e-02
5.708024048600510159e-02
6.087994548667383793e-02
5.775509073100985186e-02
5.521644098081530255e-02
5.775509073100985186e-02
6.087994548667383793e-02
5.708024048600510159e-02
4.647877118616026287e-02
3.488990999332827747e-02
3.488990999332827747e-02
2.536281958602222206e-02
1.843295687931822968e-02
1.365077637553186070e-02
1.030473786473358466e-02
8.062663319654581745e-03
6.745594858955727448e-03
6.197324517101241749e-03
6.364929087133553050e-03
7.324459066417783777e-03
9.287328881358025701e-03
1.271213216196352691e-02
1.802452475558878955e-02
2.536281958602222206e-02
3.480114456580463145e-02
4.479072406747185847e-02
5.144529353855655657e-02
5.408541552610582337e-02
5.775509073100985186e-02
6.554787211026742721e-02
7.231229474029503279e-02
7.016601794026136596e-02
5.950479807616090855e-02
4.658423349094671650e-02
4.647877118616026287e-02
3.480114456580462451e-02
2.568926348404346888e-02
1.892616473193614243e-02
1.392828033379657666e-02
1.030473786473358466e-02
7.820702193701496371e-03
6.364929087133552182e-03
5.796012652477695697e-03
6.006594901735005758e-03
7.067845377513322369e-03
9.287328881358027435e-03
1.302635616160487987e-02
1.843295687931822621e-02
2.568926348404346888e-02
3.454541234641021752e-02
4.338265378507615705e-02
5.144529353855655657e-02
6.087994548667383793e-02
7.231229474029503279e-02
8.066348102679621324e-02
8.024468161058866122e-02
7.176477406520277713e-02
5.950479807616091549e-02
5.708024048600510159e-02
4.479072406747187235e-02
3.454541234641021058e-02
2.591278989630556653e-02
1.892616473193614243e-02
1.365077637553185723e-02
9.824094711679347627e-03
7.324459066417782910e-03
6.006594901735004023e-03
5.607816738179524294e-03
6.006594901735005758e-03
7.324459066417785512e-03
9.824094711679347627e-03
1.365077637553186070e-02
1.892616473193613896e-02
2.591278989630556653e-02
3.454541234641021752e-02
4.479072406747186541e-02
5.708024048600510159e-02
7.016601794026136596e-02
8.024468161058866122e-02
8.395601002061084395e-02
8.024468161058866122e-02
7.016601794026136596e-02
6.087994548667383793e-02
5.144529353855655657e-02
4.338265378507616399e-02
3.454541234641021058e-02
2.568926348404346888e-02
1.843295687931822621e-02
1.302635616160487640e-02
9.287328881358027435e-03
7.067845377513319767e-03
6.006594901735003156e-03
5.796012652477698299e-03
6.364929087133554785e-03
7.820702193701498106e-03
1.030473786473358640e-02
1.392828033379657840e-02
1.892616473193613896e-02
2.568926348404346888e-02
3.480114456580463145e-02
4.647877118616025593e-02
5.950479807616090855e-02
7.176477406520277713e-02
8.024468161058866122e-02
8.066348102679621324e-02
7.231229474029503279e-02
5.775509073100985186e-02
5.408541552610582337e-02
5.144529353855654963e-02
4.479072406747186541e-02
3.480114456580462451e-02
2.536281958602222206e-02
1.802452475558878955e-02
1.271213216196352344e-02
9.287328881358027435e-03
7.324459066417783777e-03
6.364929087133553917e-03
6.197324517101246086e-03
6.745594858955728315e-03
8.062663319654583480e-03
1.030473786473358466e-02
1.365077637553186070e-02
1.843295687931822621e-02
2.536281958602222206e-02
3.488990999332828441e-02
4.658423349094670957e-02
5.950479807616090855e-02
7.016601794026136596e-02
7.231229474029503279e-02
6.554787211026742721e-02
5.521644098081530255e-02
5.775509073100985186e-02
6.087994548667383793e-02
5.708024048600510159e-02
4.647877118616026287e-02
3.488990999332827747e-02
2.530641556359594646e-02
1.802452475558878955e-02
1.302635616160487814e-02
9.824094711679349362e-03
7.820702193701499841e-03
6.745594858955729183e-03
6.419773457621394050e-03
6.745594858955727448e-03
7.820702193701499841e-03
9.824094711679345893e-03
1.302635616160487987e-02
1.802452475558878955e-02
2.530641556359594646e-02
3.488990999332828441e-02
4.647877118616025593e-02
5.708024048600510159e-02
6.087994548667383793e-02
5.775509073100985186e-02
5.775509073100985186e-02
6.554787211026742721e-02
7.231229474029503279e-02
7.016601794026136596e-02
5.950479807616090855e-02
4.658423349094671650e-02
3.488990999332827747e-02
2.536281958602222206e-02
1.843295687931822274e-02
1.365077637553186070e-02
1.030473786473358813e-02
8.062663319654585214e-03
6.745594858955730917e-03
6.197324517101246953e-03
6.364929087133554785e-03
7.324459066417785512e-03
9.287328881358025701e-03
1.271213216196352344e-02
1.802452475558878955e-02
2.536281958602222206e-02
3.480114456580463145e-02
4.479072406747185847e-02
5.144529353855655657e-02
5.408541552610582337e-02
6.087994548667383793e-02
7.231229474029503279e-02
8.066348102679621324e-02
8.024468161058866122e-02
7.176477406520277713e-02
5.950479807616091549e-02
4.647877118616026287e-02
3.480114456580462451e-02
2.568926348404346888e-02
1.892616473193613549e-02
1.392828033379658013e-02
1.030473786473358813e-02
7.820702193701503310e-03
6.364929087133557387e-03
5.796012652477697431e-03
6.006594901735004023e-03
7.067845377513322369e-03
9.287328881358027435e-03
1.302635616160487987e-02
1.843295687931822621e-02
2.568926348404346888e-02
3.454541234641021752e-02
4.338265378507615705e-02
5.144529353855655657e-02
5.708024048600510159e-02
7.016601794026136596e-02
8.024468161058866122e-02
8.395601002061084395e-02
8.024468161058866122e-02
7.016601794026136596e-02
5.708024048600510159e-02
4.479072406747185847e-02
3.454541234641021058e-02
2.591278989630556653e-02
1.892616473193613549e-02
1.365077637553186417e-02
9.824094711679347627e-03
7.324459066417788981e-03
6.006594901735005758e-03
5.607816738179522559e-03
6.006594901735005758e-03
7.324459066417785512e-03
9.824094711679351097e-03
1.365077637553186070e-02
1.892616473193613896e-02
2.591278989630556653e-02
3.454541234641021752e-02
4.479072406747186541e-02
4.647877118616025593e-02
5.950479807616090855e-02
7.176477406520277713e-02
8.024468161058866122e-02
8.066348102679621324e-02
7.231229474029503279e-02
6.087994548667383793e-02
5.144529353855655657e-02
4.338265378507616399e-02
3.454541234641021058e-02
2.568926348404346888e-02
1.843295687931822621e-02
1.302635616160488334e-02
9.287328881358027435e-03
7.067845377513324971e-03
6.006594901735004891e-03
5.796012652477696564e-03
6.364929087133556519e-03
7.820702193701498106e-03
1.030473786473358987e-02
1.392828033379657840e-02
1.892616473193613896e-02
2.568926348404346888e-02
3.480114456580463145e-02
3.488990999332828441e-02
4.658423349094670957e-02
5.950479807616090855e-02
7.016601794026136596e-02
7.231229474029503279e-02
6.554787211026742721e-02
5.775509073100985186e-02
5.408541552610582337e-02
5.144529353855654963e-02
4.479072406747186541e-02
3.480114456580462451e-02
2.536281958602222206e-02
1.802452475558878955e-02
1.271213216196352691e-02
9.287328881358027435e-03
7.324459066417785512e-03
6.364929087133555652e-03
6.197324517101244351e-03
6.745594858955728315e-03
8.062663319654583480e-03
1.030473786473358813e-02
1.365077637553186070e-02
1.843295687931822621e-02
2.536281958602222206e-02
2.530641556359594646e-02
3.488990999332828441e-02
4.647877118616025593e-02
5.708024048600510159e-02
6.087994548667383793e-02
5.775509073100985186e-02
5.521644098081530255e-02
5.775509073100985186e-02
6.087994548667383793e-02
5.708024048600510159e-02
4.647877118616026287e-02
3.488990999332827747e-02
2.530641556359594646e-02
1.802452475558878955e-02
1.302635616160488161e-02
9.824094711679345893e-03
7.820702193701496371e-03
6.745594858955727448e-03
6.419773457621391448e-03
6.745594858955727448e-03
7.820702193701496371e-03
9.824094711679345893e-03
1.302635616160487987e-02
1.802452475558878955e-02
1.802452475558878955e-02
2.536281958602222206e-02
3.480114456580463145e-02
4.479072406747185847e-02
5.144529353855655657e-02
5.408541552610582337e-02
5.775509073100985186e-02
6.554787211026742721e-02
7.231229474029503279e-02
7.016601794026136596e-02
5.950479807616090855e-02
4.658423349094671650e-02
3.488990999332827747e-02
2.536281958602222206e-02
1.843295687931822968e-02
1.365077637553186070e-02
1.030473786473358466e-02
8.062663319654581745e-03
6.745594858955727448e-03
6.197324517101241749e-03
6.364929087133553050e-03
7.324459066417783777e-03
9.287328881358025701e-03
1.271213216196352691e-02
1.302635616160487987e-02
1.843295687931822621e-02
2.568926348404346888e-02
3.454541234641021752e-02
4.338265378507615705e-02
5.144529353855655657e-02
6.087994548667383793e-02
7.231229474029503279e-02
8.066348102679621324e-02
8.024468161058866122e-02
7.176477406520277713e-02
5.950479807616091549e-02
4.647877118616026287e-02
3.480114456580462451e-02
2.568926348404346888e-02
1.892616473193614243e-02
1.392828033379657666e-02
1.030473786473358466e-02
7.820702193701496371e-03
6.364929087133552182e-03
5.796012652477695697e-03
6.006594901735005758e-03
7.067845377513322369e-03
9.287328881358027435e-03
9.824094711679347627e-03
1.365077637553186070e-02
1.892616473193613896e-02
2.591278989630556653e-02
3.454541234641021752e-02
4.479072406747186541e-02
5.708024048600510159e-02
7.016601794026136596e-02
8.024468161058866122e-02
8.395601002061084395e-02
8.024468161058866122e-02
7.016601794026136596e-02
5.708024048600510159e-02
4.479072406747187235e-02
3.454541234641021058e-02
2.591278989630556653e-02
1.892616473193614243e-02
1.365077637553185723e-02
9.824094711679347627e-03
7.324459066417782910e-03
6.006594901735004023e-03
5.607816738179524294e-03
6.006594901735005758e-03
7.324459066417785512e-03
7.820702193701498106e-03
1.030473786473358640e-02
1.392828033379657840e-02
1.892616473193613896e-02
2.568926348404346888e-02
3.480114456580463145e-02
4.647877118616025593e-02
5.950479807616090855e-02
7.176477406520277713e-02
8.024468161058866122e-02
8.066348102679621324e-02
7.231229474029503279e-02
6.087994548667383793e-02
5.144529353855655657e-02
4.338265378507616399e-02
3.454541234641021058e-02
2.568926348404346888e-02
1.843295687931822621e-02
1.302635616160487640e-02
9.287328881358027435e-03
7.067845377513319767e-03
6.006594901735003156e-03
5.796012652477698299e-03
6.364929087133554785e-03
6.745594858955728315e-03
8.062663319654583480e-03
1.030473786473358466e-02
1.365077637553186070e-02
1.843295687931822621e-02
2.536281958602222206e-02
3.488990999332828441e-02
4.658423349094670957e-02
5.950479807616090855e-02
7.016601794026136596e-02
7.231229474029503279e-02
6.554787211026742721e-02
5.775509073100985186e-02
5.408541552610582337e-02
5.144529353855654963e-02
4.479072406747186541e-02
3.480114456580462451e-02
2.536281958602222206e-02
1.802452475558878955e-02
1.271213216196352344e-02
9.287328881358027435e-03
7.324459066417783777e-03
6.364929087133553917e-03
6.197324517101246086e-03
9.713706334298449069e-03
1.007371216384965115e-02
1.116583755701311235e-02
1.302635616160487814e-02
1.575353698996723173e-02
1.967661055468982248e-02
2.512808226130817599e-02
3.186518350256471732e-02
3.930514476889760550e-02
4.647877118616026287e-02
5.145787046546149851e-02
5.321971850428895007e-02
5.335008369431581965e-02
5.321971850428892925e-02
5.145787046546149157e-02
4.647877118616026287e-02
3.930514476889760550e-02
3.186518350256471038e-02
2.512808226130817252e-02
1.967661055468982248e-02
1.575353698996722826e-02
1.302635616160487467e-02
1.116583755701310889e-02
1.007371216384965115e-02
1.007371216384965462e-02
9.022566612311291173e-03
8.770179468533440686e-03
9.287328881358032640e-03
1.063299106961844778e-02
1.301635151783241823e-02
1.671752057110144352e-02
2.172416203398955942e-02
2.785069284138847259e-02
3.480114456580463145e-02
4.161511364114396649e-02
4.753719326104442061e-02
5.321971850428895007e-02
5.870869360297486378e-02
6.153828698174561990e-02
5.950479807616092243e-02
5.346222284106286887e-02
4.545111468579973030e-02
3.693687540971773986e-02
2.925575912528640549e-02
2.315267252831498812e-02
1.843295687931821927e-02
1.475855296515162472e-02
1.198375643021895587e-02
1.116583755701310889e-02
8.770179468533444156e-03
7.472291158495537704e-03
7.067845377513319767e-03
7.472291158495539438e-03
8.770179468533442421e-03
1.116583755701310889e-02
1.475855296515162646e-02
1.955835717196773710e-02
2.568926348404347582e-02
3.307769865156236916e-02
4.161511364114396649e-02
5.145787046546149851e-02
6.153828698174563377e-02
6.905544288745171788e-02
7.176477406520277713e-02
6.905544288745171788e-02
6.153828698174563377e-02
5.145787046546149157e-02
4.161511364114395262e-02
3.307769865156236916e-02
2.568926348404347235e-02
1.955835717196773710e-02
1.475855296515162299e-02
1.302635616160487467e-02
9.287328881358025701e-03
7.067845377513323236e-03
6.006594901734999686e-03
5.796012652477693962e-03
6.364929087133555652e-03
7.820702193701501576e-03
1.030473786473359160e-02
1.392828033379658013e-02
1.892616473193613549e-02
2.568926348404347582e-02
3.480114456580463145e-02
4.647877118616026287e-02
5.950479807616092243e-02
7.176477406520280489e-02
8.024468161058866122e-02
8.066348102679619936e-02
7.231229474029501891e-02
6.087994548667383793e-02
5.144529353855654963e-02
4.338265378507615705e-02
3.454541234641021058e-02
2.568926348404346888e-02
1.843295687931821927e-02
1.575353698996723173e-02
1.063299106961844431e-02
7.472291158495531632e-03
5.796012652477695697e-03
5.086946841838334461e-03
5.116844364139352085e-03
5.867772224747385898e-03
7.451416368618804520e-03
1.005625497904420913e-02
1.392828033379657840e-02
1.955835717196773710e-02
2.785069284138846912e-02
3.930514476889761244e-02
5.346222284106286887e-02
6.905544288745171788e-02
8.066348102679621324e-02
7.960304581161325999e-02
6.708148413961136092e-02
5.520254214718342545e-02
5.069341736450259234e-02
4.920192334366594450e-02
4.338265378507615705e-02
3.307769865156236222e-02
2.315267252831498465e-02
1.967661055468981901e-02
1.301635151783241823e-02
8.770179468533444156e-03
6.364929087133544376e-03
5.116844364139353819e-03
4.669719696981424091e-03
4.871161442696026259e-03
5.728960434479871307e-03
7.451416368618802785e-03
1.030473786473358813e-02
1.475855296515162299e-02
2.172416203398956289e-02
3.186518350256471038e-02
4.545111468579974418e-02
6.153828698174564765e-02
7.231229474029501891e-02
6.708148413961137480e-02
5.123327663322561898e-02
4.106834422666378465e-02
4.299066494794029358e-02
5.069341736450259234e-02
5.144529353855653575e-02
4.161511364114395956e-02
2.925575912528640896e-02
2.512808226130817946e-02
1.671752057110144352e-02
1.116583755701310889e-02
7.820702193701498106e-03
5.867772224747372888e-03
4.871161442696028861e-03
4.581804532947174324e-03
4.871161442696022789e-03
5.867772224747381561e-03
7.820702193701501576e-03
1.116583755701310889e-02
1.671752057110144352e-02
2.512808226130817599e-02
3.693687540971773986e-02
5.145787046546149851e-02
6.087994548667385181e-02
5.520254214718342545e-02
4.106834422666379852e-02
3.434842508854500653e-02
4.106834422666377771e-02
5.520254214718341851e-02
6.087994548667383793e-02
5.145787046546148463e-02
3.693687540971774680e-02
3.186518350256471732e-02
2.172416203398955942e-02
1.475855296515162299e-02
1.030473786473358640e-02
7.451416368618800183e-03
5.728960434479862633e-03
4.871161442696027993e-03
4.669719696981419754e-03
5.116844364139346880e-03
6.364929087133552182e-03
8.770179468533445891e-03
1.301635151783241823e-02
1.967661055468982248e-02
2.925575912528640549e-02
4.161511364114395262e-02
5.144529353855654963e-02
5.069341736450259928e-02
4.299066494794028664e-02
4.106834422666379852e-02
5.123327663322561204e-02
6.708148413961136092e-02
7.231229474029501891e-02
6.153828698174563377e-02
4.545111468579973030e-02
3.930514476889759856e-02
2.785069284138847259e-02
1.955835717196773710e-02
1.392828033379657840e-02
1.005625497904420740e-02
7.451416368618801050e-03
5.867772224747376357e-03
5.116844364139350350e-03
5.086946841838329257e-03
5.796012652477693095e-03
7.472291158495539438e-03
1.063299106961844778e-02
1.575353698996723173e-02
2.315267252831498465e-02
3.307769865156236916e-02
4.338265378507615705e-02
4.920192334366595838e-02
5.069341736450259928e-02
5.520254214718342545e-02
6.708148413961137480e-02
7.960304581161324611e-02
8.066348102679619936e-02
6.905544288745171788e-02
5.346222284106286193e-02
4.647877118616026287e-02
3.480114456580463145e-02
2.568926348404347582e-02
1.892616473193613549e-02
1.392828033379658187e-02
1.030473786473358640e-02
7.820702193701498106e-03
6.364929087133548713e-03
5.796012652477693095e-03
6.006594901734996217e-03
7.067845377513322369e-03
9.287328881358032640e-03
1.302635616160487814e-02
1.843295687931821927e-02
2.568926348404346888e-02
3.454541234641021058e-02
4.338265378507615705e-02
5.144529353855655657e-02
6.087994548667385181e-02
7.231229474029503279e-02
8.066348102679619936e-02
8.024468161058866122e-02
7.176477406520277713e-02
5.950479807616090161e-02
5.145787046546149851e-02
4.161511364114395956e-02
3.307769865156235528e-02
2.568926348404347582e-02
1.955835717196773710e-02
1.475855296515162646e-02
1.116583755701310542e-02
8.770179468533442421e-03
7.472291158495533367e-03
7.067845377513318900e-03
7.472291158495535969e-03
8.770179468533442421e-03
1.116583755701311235e-02
1.475855296515162646e-02
1.955835717196773710e-02
2.568926348404347235e-02
3.307769865156236222e-02
4.161511364114395956e-02
5.145787046546150545e-02
6.153828698174564765e-02
6.905544288745171788e-02
7.176477406520279101e-02
6.905544288745170400e-02
6.153828698174561990e-02
5.321971850428893619e-02
4.753719326104442755e-02
4.161511364114395956e-02
3.480114456580461757e-02
2.785069284138846565e-02
2.172416203398956289e-02
1.671752057110144699e-02
1.301635151783241476e-02
1.063299106961844258e-02
9.287328881358025701e-03
8.770179468533440686e-03
9.022566612311289438e-03
1.007371216384965115e-02
1.198375643021896107e-02
1.475855296515162646e-02
1.843295687931821927e-02
2.315267252831498812e-02
2.925575912528640896e-02
3.693687540971774680e-02
4.545111468579974418e-02
5.346222284106287581e-02
5.950479807616090855e-02
6.153828698174563377e-02
5.870869360297485684e-02
5.335008369431581965e-02
5.321971850428892925e-02
5.145787046546149157e-02
4.647877118616026287e-02
3.930514476889760550e-02
3.186518350256471038e-02
2.512808226130817252e-02
1.967661055468982248e-02
1.575353698996722826e-02
1.302635616160487467e-02
1.116583755701310889e-02
1.007371216384965115e-02
9.713706334298449069e-03
1.007371216384965115e-02
1.116583755701311235e-02
1.302635616160487814e-02
1.575353698996723173e-02
1.967661055468982248e-02
2.512808226130817599e-02
3.186518350256471732e-02
3.930514476889760550e-02
4.647877118616026287e-02
5.145787046546149851e-02
5.321971850428895007e-02
5.321971850428895007e-02
5.870869360297486378e-02
6.153828698174561990e-02
5.950479807616092243e-02
5.346222284106286887e-02
4.545111468579973030e-02
3.693687540971773986e-02
2.925575912528640549e-02
2.315267252831498812e-02
1.843295687931821927e-02
1.475855296515162472e-02
1.198375643021895587e-02
1.007371216384965462e-02
9.022566612311291173e-03
8.770179468533440686e-03
9.287328881358032640e-03
1.063299106961844778e-02
1.301635151783241823e-02
1.671752057110144352e-02
2.172416203398955942e-02
2.785069284138847259e-02
3.480114456580463145e-02
4.161511364114396649e-02
4.753719326104442061e-02
5.145787046546149851e-02
6.153828698174563377e-02
6.905544288745171788e-02
7.176477406520277713e-02
6.905544288745171788e-02
6.153828698174563377e-02
5.145787046546149157e-02
4.161511364114395262e-02
3.307769865156236916e-02
2.568926348404347235e-02
1.955835717196773710e-02
1.475855296515162299e-02
1.116583755701310889e-02
8.770179468533444156e-03
7.472291158495537704e-03
7.067845377513319767e-03
7.472291158495539438e-03
8.770179468533442421e-03
1.116583755701310889e-02
1.475855296515162646e-02
1.955835717196773710e-02
2.568926348404347582e-02
3.307769865156236916e-02
4.161511364114396649e-02
4.647877118616026287e-02
5.950479807616092243e-02
7.176477406520280489e-02
8.024468161058866122e-02
8.066348102679619936e-02
7.231229474029501891e-02
6.087994548667383793e-02
5.144529353855654963e-02
4.338265378507615705e-02
3.454541234641021058e-02
2.568926348404346888e-02
1.843295687931821927e-02
1.302635616160487467e-02
9.287328881358025701e-03
7.067845377513323236e-03
6.006594901734999686e-03
5.796012652477693962e-03
6.364929087133555652e-03
7.820702193701501576e-03
1.030473786473359160e-02
1.392828033379658013e-02
1.892616473193613549e-02
2.568926348404347582e-02
3.480114456580463145e-02
3.930514476889761244e-02
5.346222284106286887e-02
6.905544288745171788e-02
8.066348102679621324e-02
7.960304581161325999e-02
6.708148413961136092e-02
5.520254214718342545e-02
5.069341736450259234e-02
4.920192334366594450e-02
4.338265378507615705e-02
3.307769865156236222e-02
2.315267252831498465e-02
1.575353698996723173e-02
1.063299106961844431e-02
7.472291158495531632e-03
5.796012652477695697e-03
5.086946841838334461e-03
5.116844364139352085e-03
5.867772224747385898e-03
7.451416368618804520e-03
1.005625497904420913e-02
1.392828033379657840e-02
1.955835717196773710e-02
2.785069284138846912e-02
3.186518350256471038e-02
4.545111468579974418e-02
6.153828698174564765e-02
7.231229474029501891e-02
6.708148413961137480e-02
5.123327663322561898e-02
4.106834422666378465e-02
4.299066494794029358e-02
5.069341736450259234e-02
5.144529353855653575e-02
4.161511364114395956e-02
2.925575912528640896e-02
1.967661055468981901e-02
1.301635151783241823e-02
8.770179468533444156e-03
6.364929087133544376e-03
5.116844364139353819e-03
4.669719696981424091e-03
4.871161442696026259e-03
5.728960434479871307e-03
7.451416368618802785e-03
1.030473786473358813e-02
1.475855296515162299e-02
2.172416203398956289e-02
2.512808226130817599e-02
3.693687540971773986e-02
5.145787046546149851e-02
6.087994548667385181e-02
5.520254214718342545e-02
4.106834422666379852e-02
3.434842508854500653e-02
4.106834422666377771e-02
5.520254214718341851e-02
6.087994548667383793e-02
5.145787046546148463e-02
3.693687540971774680e-02
2.512808226130817946e-02
1.671752057110144352e-02
1.116583755701310889e-02
7.820702193701498106e-03
5.867772224747372888e-03
4.871161442696028861e-03
4.581804532947174324e-03
4.871161442696022789e-03
5.867772224747381561e-03
7.820702193701501576e-03
1.116583755701310889e-02
1.671752057110144352e-02
1.967661055468982248e-02
2.925575912528640549e-02
4.161511364114395262e-02
5.144529353855654963e-02
5.069341736450259928e-02
4.299066494794028664e-02
4.106834422666379852e-02
5.123327663322561204e-02
6.708148413961136092e-02
7.231229474029501891e-02
6.153828698174563377e-02
4.545111468579973030e-02
3.186518350256471732e-02
2.172416203398955942e-02
1.475855296515162299e-02
1.030473786473358640e-02
7.451416368618800183e-03
5.728960434479862633e-03
4.871161442696027993e-03
4.669719696981419754e-03
5.116844364139346880e-03
6.364929087133552182e-03
8.770179468533445891e-03
1.301635151783241823e-02
1.575353698996723173e-02
2.315267252831498465e-02
3.307769865156236916e-02
4.338265378507615705e-02
4.920192334366595838e-02
5.069341736450259928e-02
5.520254214718342545e-02
6.708148413961137480e-02
7.960304581161324611e-02
8.066348102679619936e-02
6.905544288745171788e-02
5.346222284106286193e-02
3.930514476889759856e-02
2.785069284138847259e-02
1.955835717196773710e-02
1.392828033379657840e-02
1.005625497904420740e-02
7.451416368618801050e-03
5.867772224747376357e-03
5.116844364139350350e-03
5.086946841838329257e-03
5.796012652477693095e-03
7.472291158495539438e-03
1.063299106961844778e-02
1.302635616160487814e-02
1.843295687931821927e-02
2.568926348404346888e-02
3.454541234641021058e-02
4.338265378507615705e-02
5.144529353855655657e-02
6.087994548667385181e-02
7.231229474029503279e-02
8.066348102679619936e-02
8.024468161058866122e-02
7.176477406520277713e-02
5.950479807616090161e-02
4.647877118616026287e-02
3.480114456580463145e-02
2.568926348404347582e-02
1.892616473193613549e-02
1.392828033379658187e-02
1.030473786473358640e-02
7.820702193701498106e-03
6.364929087133548713e-03
5.796012652477693095e-03
6.006594901734996217e-03
7.067845377513322369e-03
9.287328881358032640e-03
1.116583755701311235e-02
1.475855296515162646e-02
1.955835717196773710e-02
2.568926348404347235e-02
3.307769865156236222e-02
4.161511364114395956e-02
5.145787046546150545e-02
6.153828698174564765e-02
6.905544288745171788e-02
7.176477406520279101e-02
6.905544288745170400e-02
6.153828698174561990e-02
5.145787046546149851e-02
4.161511364114395956e-02
3.307769865156235528e-02
2.568926348404347582e-02
1.955835717196773710e-02
1.475855296515162646e-02
1.116583755701310542e-02
8.770179468533442421e-03
7.472291158495533367e-03
7.067845377513318900e-03
7.472291158495535969e-03
8.770179468533442421e-03
1.007371216384965115e-02
1.198375643021896107e-02
1.475855296515162646e-02
1.843295687931821927e-02
2.315267252831498812e-02
2.925575912528640896e-02
3.693687540971774680e-02
4.545111468579974418e-02
5.346222284106287581e-02
5.950479807616090855e-02
6.153828698174563377e-02
5.870869360297485684e-02
5.321971850428893619e-02
4.753719326104442755e-02
4.161511364114395956e-02
3.480114456580461757e-02
2.785069284138846565e-02
2.172416203398956289e-02
1.671752057110144699e-02
1.301635151783241476e-02
1.063299106961844258e-02
9.287328881358025701e-03
8.770179468533440686e-03
9.022566612311289438e-03
1.545518175420390779e-02
1.580041441467416874e-02
1.671752057110143658e-02
1.802452475558878955e-02
1.967661055468981901e-02
2.183290214891631456e-02
2.474542171459673603e-02
2.828884467107531386e-02
3.186518350256471038e-02
3.488990999332829135e-02
3.693687540971773292e-02
3.785794609744878164e-02
3.805056213060575843e-02
3.785794609744880246e-02
3.693687540971773986e-02
3.488990999332829829e-02
3.186518350256471038e-02
2.828884467107531039e-02
2.474542171459673950e-02
2.183290214891632150e-02
1.967661055468981554e-02
1.802452475558878262e-02
1.671752057110144352e-02
1.580041441467416180e-02
1.580041441467416180e-02
1.399159230067032432e-02
1.301635151783242170e-02
1.271213216196351477e-02
1.301635151783241649e-02
1.399159230067032085e-02
1.580041441467415833e-02
1.846099786632323866e-02
2.172416203398955942e-02
2.536281958602221859e-02
2.925575912528640896e-02
3.338661441490835269e-02
3.785794609744878858e-02
4.225567381851248749e-02
4.545111468579974418e-02
4.658423349094670263e-02
4.545111468579974418e-02
4.225567381851250137e-02
3.785794609744878858e-02
3.338661441490836657e-02
2.925575912528641243e-02
2.536281958602222206e-02
2.172416203398955942e-02
1.846099786632323866e-02
1.671752057110144352e-02
1.301635151783241302e-02
1.063299106961844431e-02
9.287328881358029170e-03
8.770179468533435482e-03
9.022566612311284234e-03
1.007371216384964595e-02
1.198375643021895240e-02
1.475855296515162646e-02
1.843295687931821233e-02
2.315267252831498812e-02
2.925575912528641589e-02
3.693687540971773986e-02
4.545111468579973030e-02
5.346222284106285499e-02
5.950479807616092937e-02
6.153828698174563377e-02
5.870869360297487072e-02
5.321971850428892925e-02
4.753719326104442755e-02
4.161511364114396649e-02
3.480114456580463145e-02
2.785069284138847259e-02
2.172416203398955942e-02
1.802452475558878262e-02
1.271213216196352518e-02
9.287328881358023966e-03
7.324459066417782042e-03
6.364929087133550448e-03
6.197324517101237412e-03
6.745594858955723111e-03
8.062663319654583480e-03
1.030473786473358293e-02
1.365077637553185896e-02
1.843295687931821927e-02
2.536281958602221859e-02
3.488990999332829135e-02
4.658423349094670957e-02
5.950479807616090161e-02
7.016601794026136596e-02
7.231229474029503279e-02
6.554787211026742721e-02
5.775509073100986573e-02
5.408541552610581643e-02
5.144529353855655657e-02
4.479072406747186541e-02
3.480114456580463145e-02
2.536281958602221859e-02
1.967661055468982248e-02
1.301635151783241649e-02
8.770179468533445891e-03
6.364929087133544376e-03
5.116844364139348615e-03
4.669719696981422356e-03
4.871161442696024524e-03
5.728960434479869572e-03
7.451416368618798448e-03
1.030473786473357946e-02
1.475855296515162646e-02
2.172416203398955942e-02
3.186518350256471038e-02
4.545111468579974418e-02
6.153828698174563377e-02
7.231229474029503279e-02
6.708148413961137480e-02
5.123327663322561898e-02
4.106834422666378465e-02
4.299066494794028664e-02
5.069341736450259234e-02
5.144529353855655657e-02
4.161511364114396649e-02
2.925575912528641589e-02
2.183290214891632150e-02
1.399159230067032952e-02
9.022566612311284234e-03
6.197324517101246086e-03
4.669719696981417152e-03
3.977230936868365006e-03
3.918890129039076693e-03
4.442698288657920616e-03
5.728960434479866103e-03
8.062663319654576541e-03
1.198375643021895240e-02
1.846099786632323866e-02
2.828884467107530346e-02
4.225567381851250137e-02
5.870869360297484990e-02
6.554787211026742721e-02
5.123327663322560510e-02
2.962749285924158246e-02
2.002508285321178555e-02
2.600239420039524019e-02
4.299066494794028664e-02
5.408541552610581643e-02
4.753719326104442755e-02
3.338661441490836657e-02
2.474542171459674644e-02
1.580041441467416874e-02
1.007371216384965636e-02
6.745594858955718774e-03
4.871161442696030595e-03
3.918890129039073224e-03
3.640431649801530688e-03
3.918890129039073224e-03
4.871161442696020187e-03
6.745594858955723111e-03
1.007371216384964768e-02
1.580041441467416180e-02
2.474542171459673603e-02
3.785794609744878164e-02
5.321971850428892925e-02
5.775509073100985186e-02
4.106834422666377771e-02
2.002508285321177861e-02
1.243224235428534545e-02
2.002508285321179596e-02
4.106834422666378465e-02
5.775509073100985880e-02
5.321971850428892925e-02
3.785794609744878858e-02
2.828884467107532080e-02
1.846099786632324907e-02
1.198375643021896281e-02
8.062663319654590419e-03
5.728960434479862633e-03
4.442698288657929290e-03
3.918890129039074091e-03
3.977230936868361537e-03
4.669719696981417152e-03
6.197324517101233075e-03
9.022566612311287704e-03
1.399159230067032085e-02
2.183290214891631109e-02
3.338661441490835269e-02
4.753719326104442061e-02
5.408541552610581643e-02
4.299066494794027971e-02
2.600239420039524019e-02
2.002508285321178902e-02
2.962749285924158246e-02
5.123327663322560510e-02
6.554787211026741334e-02
5.870869360297487072e-02
4.225567381851250137e-02
3.186518350256471038e-02
2.172416203398956289e-02
1.475855296515163687e-02
1.030473786473359334e-02
7.451416368618801918e-03
5.728960434479862633e-03
4.871161442696029728e-03
4.669719696981418020e-03
5.116844364139349483e-03
6.364929087133548713e-03
8.770179468533438952e-03
1.301635151783241996e-02
1.967661055468980860e-02
2.925575912528640202e-02
4.161511364114395956e-02
5.144529353855654963e-02
5.069341736450258540e-02
4.299066494794028664e-02
4.106834422666378465e-02
5.123327663322560510e-02
6.708148413961137480e-02
7.231229474029501891e-02
6.153828698174563377e-02
4.545111468579974418e-02
3.488990999332829135e-02
2.536281958602221859e-02
1.843295687931821927e-02
1.365077637553186590e-02
1.030473786473358987e-02
8.062663319654586949e-03
6.745594858955718774e-03
6.197324517101240882e-03
6.364929087133544376e-03
7.324459066417782042e-03
9.287328881358030905e-03
1.271213216196351824e-02
1.802452475558878955e-02
2.536281958602221512e-02
3.480114456580462451e-02
4.479072406747185153e-02
5.144529353855655657e-02
5.408541552610581643e-02
5.775509073100985186e-02
6.554787211026741334e-02
7.231229474029501891e-02
7.016601794026136596e-02
5.950479807616091549e-02
4.658423349094670957e-02
3.693687540971773986e-02
2.925575912528641243e-02
2.315267252831498465e-02
1.843295687931822621e-02
1.475855296515162993e-02
1.198375643021896107e-02
1.007371216384965809e-02
9.022566612311280765e-03
8.770179468533438952e-03
9.287328881358023966e-03
1.063299106961844084e-02
1.301635151783242343e-02
1.671752057110143658e-02
2.172416203398956289e-02
2.785069284138846912e-02
3.480114456580461757e-02
4.161511364114395956e-02
4.753719326104442061e-02
5.321971850428892925e-02
5.870869360297485684e-02
6.153828698174563377e-02
5.950479807616092243e-02
5.346222284106286193e-02
4.545111468579973030e-02
3.785794609744878858e-02
3.338661441490835963e-02
2.925575912528641589e-02
2.536281958602221859e-02
2.172416203398956289e-02
1.846099786632323866e-02
1.580041441467416180e-02
1.399159230067032605e-02
1.301635151783241302e-02
1.271213216196351997e-02
1.301635151783241476e-02
1.399159230067032432e-02
1.580041441467416874e-02
1.846099786632323173e-02
2.172416203398956636e-02
2.536281958602221512e-02
2.925575912528640202e-02
3.338661441490835963e-02
3.785794609744878164e-02
4.225567381851250137e-02
4.545111468579973724e-02
4.658423349094670957e-02
4.545111468579973030e-02
4.225567381851248749e-02
3.805056213060575843e-02
3.785794609744880246e-02
3.693687540971773986e-02
3.488990999332829829e-02
3.186518350256471038e-02
2.828884467107531039e-02
2.474542171459673950e-02
2.183290214891632150e-02
1.967661055468981554e-02
1.802452475558878262e-02
1.671752057110144352e-02
1.580041441467416180e-02
1.545518175420390779e-02
1.580041441467416874e-02
1.671752057110143658e-02
1.802452475558878955e-02
1.967661055468981901e-02
2.183290214891631456e-02
2.474542171459673603e-02
2.828884467107531386e-02
3.186518350256471038e-02
3.488990999332829135e-02
3.693687540971773292e-02
3.785794609744878164e-02
3.785794609744878858e-02
4.225567381851248749e-02
4.545111468579974418e-02
4.658423349094670263e-02
4.545111468579974418e-02
4.225567381851250137e-02
3.785794609744878858e-02
3.338661441490836657e-02
2.925575912528641243e-02
2.536281958602222206e-02
2.172416203398955942e-02
1.846099786632323866e-02
1.580041441467416180e-02
1.399159230067032432e-02
1.301635151783242170e-02
1.271213216196351477e-02
1.301635151783241649e-02
1.399159230067032085e-02
1.580041441467415833e-02
1.846099786632323866e-02
2.172416203398955942e-02
2.536281958602221859e-02
2.925575912528640896e-02
3.338661441490835269e-02
3.693687540971773986e-02
4.545111468579973030e-02
5.346222284106285499e-02
5.950479807616092937e-02
6.153828698174563377e-02
5.870869360297487072e-02
5.321971850428892925e-02
4.753719326104442755e-02
4.161511364114396649e-02
3.480114456580463145e-02
2.785069284138847259e-02
2.172416203398955942e-02
1.671752057110144352e-02
1.301635151783241302e-02
1.063299106961844431e-02
9.287328881358029170e-03
8.770179468533435482e-03
9.022566612311284234e-03
1.007371216384964595e-02
1.198375643021895240e-02
1.475855296515162646e-02
1.843295687931821233e-02
2.315267252831498812e-02
2.925575912528641589e-02
3.488990999332829135e-02
4.658423349094670957e-02
5.950479807616090161e-02
7.016601794026136596e-02
7.231229474029503279e-02
6.554787211026742721e-02
5.775509073100986573e-02
5.408541552610581643e-02
5.144529353855655657e-02
4.479072406747186541e-02
3.480114456580463145e-02
2.536281958602221859e-02
1.802452475558878262e-02
1.271213216196352518e-02
9.287328881358023966e-03
7.324459066417782042e-03
6.364929087133550448e-03
6.197324517101237412e-03
6.745594858955723111e-03
8.062663319654583480e-03
1.030473786473358293e-02
1.365077637553185896e-02
1.843295687931821927e-02
2.536281958602221859e-02
3.186518350256471038e-02
4.545111468579974418e-02
6.153828698174563377e-02
7.231229474029503279e-02
6.708148413961137480e-02
5.123327663322561898e-02
4.106834422666378465e-02
4.299066494794028664e-02
5.069341736450259234e-02
5.144529353855655657e-02
4.161511364114396649e-02
2.925575912528641589e-02
1.967661055468982248e-02
1.301635151783241649e-02
8.770179468533445891e-03
6.364929087133544376e-03
5.116844364139348615e-03
4.669719696981422356e-03
4.871161442696024524e-03
5.728960434479869572e-03
7.451416368618798448e-03
1.030473786473357946e-02
1.475855296515162646e-02
2.172416203398955942e-02
2.828884467107530346e-02
4.225567381851250137e-02
5.870869360297484990e-02
6.554787211026742721e-02
5.123327663322560510e-02
2.962749285924158246e-02
2.002508285321178555e-02
2.600239420039524019e-02
4.299066494794028664e-02
5.408541552610581643e-02
4.753719326104442755e-02
3.338661441490836657e-02
2.183290214891632150e-02
1.399159230067032952e-02
9.022566612311284234e-03
6.197324517101246086e-03
4.669719696981417152e-03
3.977230936868365006e-03
3.918890129039076693e-03
4.442698288657920616e-03
5.728960434479866103e-03
8.062663319654576541e-03
1.198375643021895240e-02
1.846099786632323866e-02
2.474542171459673603e-02
3.785794609744878164e-02
5.321971850428892925e-02
5.775509073100985186e-02
4.106834422666377771e-02
2.002508285321177861e-02
1.243224235428534545e-02
2.002508285321179596e-02
4.106834422666378465e-02
5.775509073100985880e-02
5.321971850428892925e-02
3.785794609744878858e-02
2.474542171459674644e-02
1.580041441467416874e-02
1.007371216384965636e-02
6.745594858955718774e-03
4.871161442696030595e-03
3.918890129039073224e-03
3.640431649801530688e-03
3.918890129039073224e-03
4.871161442696020187e-03
6.745594858955723111e-03
1.007371216384964768e-02
1.580041441467416180e-02
2.183290214891631109e-02
3.338661441490835269e-02
4.753719326104442061e-02
5.408541552610581643e-02
4.299066494794027971e-02
2.600239420039524019e-02
2.002508285321178902e-02
2.962749285924158246e-02
5.123327663322560510e-02
6.554787211026741334e-02
5.870869360297487072e-02
4.225567381851250137e-02
2.828884467107532080e-02
1.846099786632324907e-02
1.198375643021896281e-02
8.062663319654590419e-03
5.728960434479862633e-03
4.442698288657929290e-03
3.918890129039074091e-03
3.977230936868361537e-03
4.669719696981417152e-03
6.197324517101233075e-03
9.022566612311287704e-03
1.399159230067032085e-02
1.967661055468980860e-02
2.925575912528640202e-02
4.161511364114395956e-02
5.144529353855654963e-02
5.069341736450258540e-02
4.299066494794028664e-02
4.106834422666378465e-02
5.123327663322560510e-02
6.708148413961137480e-02
7.231229474029501891e-02
6.153828698174563377e-02
4.545111468579974418e-02
3.186518350256471038e-02
2.172416203398956289e-02
1.475855296515163687e-02
1.030473786473359334e-02
7.451416368618801918e-03
5.728960434479862633e-03
4.871161442696029728e-03
4.669719696981418020e-03
5.116844364139349483e-03
6.364929087133548713e-03
8.770179468533438952e-03
1.301635151783241996e-02
1.802452475558878955e-02
2.536281958602221512e-02
3.480114456580462451e-02
4.479072406747185153e-02
5.144529353855655657e-02
5.408541552610581643e-02
5.775509073100985186e-02
6.554787211026741334e-02
7.231229474029501891e-02
7.016601794026136596e-02
5.950479807616091549e-02
4.658423349094670957e-02
3.488990999332829135e-02
2.536281958602221859e-02
1.843295687931821927e-02
1.365077637553186590e-02
1.030473786473358987e-02
8.062663319654586949e-03
6.745594858955718774e-03
6.197324517101240882e-03
6.364929087133544376e-03
7.324459066417782042e-03
9.287328881358030905e-03
1.271213216196351824e-02
1.671752057110143658e-02
2.172416203398956289e-02
2.785069284138846912e-02
3.480114456580461757e-02
4.161511364114395956e-02
4.753719326104442061e-02
5.321971850428892925e-02
5.870869360297485684e-02
6.153828698174563377e-02
5.950479807616092243e-02
5.346222284106286193e-02
4.545111468579973030e-02
3.693687540971773986e-02
2.925575912528641243e-02
2.315267252831498465e-02
1.843295687931822621e-02
1.475855296515162993e-02
1.198375643021896107e-02
1.007371216384965809e-02
9.022566612311280765e-03
8.770179468533438952e-03
9.287328881358023966e-03
1.063299106961844084e-02
1.301635151783242343e-02
1.580041441467416874e-02
1.846099786632323173e-02
2.172416203398956636e-02
2.536281958602221512e-02
2.925575912528640202e-02
3.338661441490835963e-02
3.785794609744878164e-02
4.225567381851250137e-02
4.545111468579973724e-02
4.658423349094670957e-02
4.545111468579973030e-02
4.225567381851248749e-02
3.785794609744878858e-02
3.338661441490835963e-02
2.925575912528641589e-02
2.536281958602221859e-02
2.172416203398956289e-02
1.846099786632323866e-02
1.580041441467416180e-02
1.399159230067032605e-02
1.301635151783241302e-02
1.271213216196351997e-02
1.301635151783241476e-02
1.399159230067032432e-02
2.454110251448771152e-02
2.474542171459672910e-02
2.512808226130817252e-02
2.530641556359593605e-02
2.512808226130817946e-02
2.474542171459672910e-02
2.454110251448770805e-02
2.474542171459673603e-02
2.512808226130818640e-02
2.530641556359593952e-02
2.512808226130817599e-02
2.474542171459674297e-02
2.454110251448770111e-02
2.474542171459673603e-02
2.512808226130816905e-02
2.530641556359593952e-02
2.512808226130817599e-02
2.474542171459672910e-02
2.454110251448770805e-02
2.474542171459673257e-02
2.512808226130817599e-02
2.530641556359594299e-02
2.512808226130817599e-02
2.474542171459673950e-02
2.474542171459673603e-02
2.183290214891631456e-02
1.967661055468981207e-02
1.802452475558878262e-02
1.671752057110142964e-02
1.580041441467416527e-02
1.545518175420390432e-02
1.580041441467415833e-02
1.671752057110144352e-02
1.802452475558878955e-02
1.967661055468981207e-02
2.183290214891632150e-02
2.474542171459674297e-02
2.828884467107530346e-02
3.186518350256471038e-02
3.488990999332827747e-02
3.693687540971773292e-02
3.785794609744878858e-02
3.805056213060575149e-02
3.785794609744878858e-02
3.693687540971773986e-02
3.488990999332828441e-02
3.186518350256471038e-02
2.828884467107531039e-02
2.512808226130817599e-02
1.967661055468982248e-02
1.575353698996722826e-02
1.302635616160486773e-02
1.116583755701310542e-02
1.007371216384964421e-02
9.713706334298447334e-03
1.007371216384964421e-02
1.116583755701310195e-02
1.302635616160487120e-02
1.575353698996723520e-02
1.967661055468981207e-02
2.512808226130818293e-02
3.186518350256471038e-02
3.930514476889759856e-02
4.647877118616026287e-02
5.145787046546149157e-02
5.321971850428892925e-02
5.335008369431580577e-02
5.321971850428892925e-02
5.145787046546149851e-02
4.647877118616025593e-02
3.930514476889760550e-02
3.186518350256471038e-02
2.530641556359594299e-02
1.802452475558878955e-02
1.302635616160487467e-02
9.824094711679344158e-03
7.820702193701491167e-03
6.745594858955719642e-03
6.419773457621384509e-03
6.745594858955718774e-03
7.820702193701494637e-03
9.824094711679347627e-03
1.302635616160487120e-02
1.802452475558879649e-02
2.530641556359593605e-02
3.488990999332829135e-02
4.647877118616026287e-02
5.708024048600510159e-02
6.087994548667383793e-02
5.775509073100983798e-02
5.521644098081528867e-02
5.775509073100985186e-02
6.087994548667383793e-02
5.708024048600510159e-02
4.647877118616026287e-02
3.488990999332827747e-02
2.512808226130817599e-02
1.671752057110144352e-02
1.116583755701311235e-02
7.820702193701499841e-03
5.867772224747373755e-03
4.871161442696021054e-03
4.581804532947170855e-03
4.871161442696020187e-03
5.867772224747372020e-03
7.820702193701487698e-03
1.116583755701310889e-02
1.671752057110143658e-02
2.512808226130818987e-02
3.693687540971773292e-02
5.145787046546149851e-02
6.087994548667383793e-02
5.520254214718341851e-02
4.106834422666377771e-02
3.434842508854497878e-02
4.106834422666377771e-02
5.520254214718342545e-02
6.087994548667383793e-02
5.145787046546148463e-02
3.693687540971774680e-02
2.474542171459674297e-02
1.580041441467416527e-02
1.007371216384965462e-02
6.745594858955724846e-03
4.871161442696028861e-03
3.918890129039073224e-03
3.640431649801529387e-03
3.918890129039071489e-03
4.871161442696021054e-03
6.745594858955715305e-03
1.007371216384964768e-02
1.580041441467416527e-02
2.474542171459672910e-02
3.785794609744879552e-02
5.321971850428892925e-02
5.775509073100984492e-02
4.106834422666379159e-02
2.002508285321177167e-02
1.243224235428534372e-02
2.002508285321177861e-02
4.106834422666377771e-02
5.775509073100985186e-02
5.321971850428892925e-02
3.785794609744878164e-02
2.454110251448770805e-02
1.545518175420391820e-02
9.713706334298449069e-03
6.419773457621391448e-03
4.581804532947176926e-03
3.640431649801534157e-03
3.361291885161053587e-03
3.640431649801529387e-03
4.581804532947169120e-03
6.419773457621387978e-03
9.713706334298445599e-03
1.545518175420390085e-02
2.454110251448770805e-02
3.805056213060575149e-02
5.335008369431580577e-02
5.521644098081528867e-02
3.434842508854498572e-02
1.243224235428535066e-02
5.708795217173293253e-03
1.243224235428534198e-02
3.434842508854497878e-02
5.521644098081528867e-02
5.335008369431580577e-02
3.805056213060575843e-02
2.474542171459673603e-02
1.580041441467416180e-02
1.007371216384965809e-02
6.745594858955722244e-03
4.871161442696026259e-03
3.918890129039078428e-03
3.640431649801532422e-03
3.918890129039073224e-03
4.871161442696020187e-03
6.745594858955717039e-03
1.007371216384964768e-02
1.580041441467416527e-02
2.474542171459672563e-02
3.785794609744878164e-02
5.321971850428892231e-02
5.775509073100984492e-02
4.106834422666377771e-02
2.002508285321178208e-02
1.243224235428534892e-02
2.002508285321177167e-02
4.106834422666377771e-02
5.775509073100983798e-02
5.321971850428892925e-02
3.785794609744878858e-02
2.512808226130817252e-02
1.671752057110143658e-02
1.116583755701310542e-02
7.820702193701505045e-03
5.867772224747378959e-03
4.871161442696026259e-03
4.581804532947175192e-03
4.871161442696027993e-03
5.867772224747374622e-03
7.820702193701491167e-03
1.116583755701310542e-02
1.671752057110143658e-02
2.512808226130817599e-02
3.693687540971772598e-02
5.145787046546148463e-02
6.087994548667383793e-02
5.520254214718342545e-02
4.106834422666377771e-02
3.434842508854498572e-02
4.106834422666379159e-02
5.520254214718341851e-02
6.087994548667383793e-02
5.145787046546149157e-02
3.693687540971773292e-02
2.530641556359593952e-02
1.802452475558878608e-02
1.302635616160487120e-02
9.824094711679344158e-03
7.820702193701501576e-03
6.745594858955718774e-03
6.419773457621391448e-03
6.745594858955720509e-03
7.820702193701494637e-03
9.824094711679344158e-03
1.302635616160486773e-02
1.802452475558878608e-02
2.530641556359593605e-02
3.488990999332827747e-02
4.647877118616025593e-02
5.708024048600510159e-02
6.087994548667383793e-02
5.775509073100985186e-02
5.521644098081529561e-02
5.775509073100985186e-02
6.087994548667383793e-02
5.708024048600510159e-02
4.647877118616025593e-02
3.488990999332827747e-02
2.512808226130817252e-02
1.967661055468981554e-02
1.575353698996722479e-02
1.302635616160487120e-02
1.116583755701310542e-02
1.007371216384965462e-02
9.713706334298442130e-03
1.007371216384965115e-02
1.116583755701310542e-02
1.302635616160487293e-02
1.575353698996722826e-02
1.967661055468980860e-02
2.512808226130817599e-02
3.186518350256470344e-02
3.930514476889760550e-02
4.647877118616025593e-02
5.145787046546149851e-02
5.321971850428892925e-02
5.335008369431581965e-02
5.321971850428892925e-02
5.145787046546149851e-02
4.647877118616026287e-02
3.930514476889759856e-02
3.186518350256471038e-02
2.474542171459673603e-02
2.183290214891631109e-02
1.967661055468981554e-02
1.802452475558878608e-02
1.671752057110143658e-02
1.580041441467415833e-02
1.545518175420390779e-02
1.580041441467415833e-02
1.671752057110144005e-02
1.802452475558878262e-02
1.967661055468981901e-02
2.183290214891631456e-02
2.474542171459672910e-02
2.828884467107531039e-02
3.186518350256470344e-02
3.488990999332828441e-02
3.693687540971773292e-02
3.785794609744878164e-02
3.805056213060575843e-02
3.785794609744879552e-02
3.693687540971773292e-02
3.488990999332828441e-02
3.186518350256471038e-02
2.828884467107530346e-02
2.454110251448770111e-02
2.474542171459673603e-02
2.512808226130816905e-02
2.530641556359593952e-02
2.512808226130817599e-02
2.474542171459672910e-02
2.454110251448770805e-02
2.474542171459673257e-02
2.512808226130817599e-02
2.530641556359594299e-02
2.512808226130817599e-02
2.474542171459673950e-02
2.454110251448771152e-02
2.474542171459672910e-02
2.512808226130817252e-02
2.530641556359593605e-02
2.512808226130817946e-02
2.474542171459672910e-02
2.454110251448770805e-02
2.474542171459673603e-02
2.512808226130818640e-02
2.530641556359593952e-02
2.512808226130817599e-02
2.474542171459674297e-02
2.474542171459674297e-02
2.828884467107530346e-02
3.186518350256471038e-02
3.488990999332827747e-02
3.693687540971773292e-02
3.785794609744878858e-02
3.805056213060575149e-02
3.785794609744878858e-02
3.693687540971773986e-02
3.488990999332828441e-02
3.186518350256471038e-02
2.828884467107531039e-02
2.474542171459673603e-02
2.183290214891631456e-02
1.967661055468981207e-02
1.802452475558878262e-02
1.671752057110142964e-02
1.580041441467416527e-02
1.545518175420390432e-02
1.580041441467415833e-02
1.671752057110144352e-02
1.802452475558878955e-02
1.967661055468981207e-02
2.183290214891632150e-02
2.512808226130818293e-02
3.186518350256471038e-02
3.930514476889759856e-02
4.647877118616026287e-02
5.145787046546149157e-02
5.321971850428892925e-02
5.335008369431580577e-02
5.321971850428892925e-02
5.145787046546149851e-02
4.647877118616025593e-02
3.930514476889760550e-02
3.186518350256471038e-02
2.512808226130817599e-02
1.967661055468982248e-02
1.575353698996722826e-02
1.302635616160486773e-02
1.116583755701310542e-02
1.007371216384964421e-02
9.713706334298447334e-03
1.007371216384964421e-02
1.116583755701310195e-02
1.302635616160487120e-02
1.575353698996723520e-02
1.967661055468981207e-02
2.530641556359593605e-02
3.488990999332829135e-02
4.647877118616026287e-02
5.708024048600510159e-02
6.087994548667383793e-02
5.775509073100983798e-02
5.521644098081528867e-02
5.775509073100985186e-02
6.087994548667383793e-02
5.708024048600510159e-02
4.647877118616026287e-02
3.488990999332827747e-02
2.530641556359594299e-02
1.802452475558878955e-02
1.302635616160487467e-02
9.824094711679344158e-03
7.820702193701491167e-03
6.745594858955719642e-03
6.419773457621384509e-03
6.745594858955718774e-03
7.820702193701494637e-03
9.824094711679347627e-03
1.302635616160487120e-02
1.802452475558879649e-02
2.512808226130818987e-02
3.693687540971773292e-02
5.145787046546149851e-02
6.087994548667383793e-02
5.520254214718341851e-02
4.106834422666377771e-02
3.434842508854497878e-02
4.106834422666377771e-02
5.520254214718342545e-02
6.087994548667383793e-02
5.145787046546148463e-02
3.693687540971774680e-02
2.512808226130817599e-02
1.671752057110144352e-02
1.116583755701311235e-02
7.820702193701499841e-03
5.867772224747373755e-03
4.871161442696021054e-03
4.581804532947170855e-03
4.871161442696020187e-03
5.867772224747372020e-03
7.820702193701487698e-03
1.116583755701310889e-02
1.671752057110143658e-02
2.474542171459672910e-02
3.785794609744879552e-02
5.321971850428892925e-02
5.775509073100984492e-02
4.106834422666379159e-02
2.002508285321177167e-02
1.243224235428534372e-02
2.002508285321177861e-02
4.106834422666377771e-02
5.775509073100985186e-02
5.321971850428892925e-02
3.785794609744878164e-02
2.474542171459674297e-02
1.580041441467416527e-02
1.007371216384965462e-02
6.745594858955724846e-03
4.871161442696028861e-03
3.918890129039073224e-03
3.640431649801529387e-03
3.918890129039071489e-03
4.871161442696021054e-03
6.745594858955715305e-03
1.007371216384964768e-02
1.580041441467416527e-02
2.454110251448770805e-02
3.805056213060575149e-02
5.335008369431580577e-02
5.521644098081528867e-02
3.434842508854498572e-02
1.243224235428535066e-02
5.708795217173293253e-03
1.243224235428534198e-02
3.434842508854497878e-02
5.521644098081528867e-02
5.335008369431580577e-02
3.805056213060575843e-02
2.454110251448770805e-02
1.545518175420391820e-02
9.713706334298449069e-03
6.419773457621391448e-03
4.581804532947176926e-03
3.640431649801534157e-03
3.361291885161053587e-03
3.640431649801529387e-03
4.581804532947169120e-03
6.419773457621387978e-03
9.713706334298445599e-03
1.545518175420390085e-02
2.474542171459672563e-02
3.785794609744878164e-02
5.321971850428892231e-02
5.775509073100984492e-02
4.106834422666377771e-02
2.002508285321178208e-02
1.243224235428534892e-02
2.002508285321177167e-02
4.106834422666377771e-02
5.775509073100983798e-02
5.321971850428892925e-02
3.785794609744878858e-02
2.474542171459673603e-02
1.580041441467416180e-02
1.007371216384965809e-02
6.745594858955722244e-03
4.871161442696026259e-03
3.918890129039078428e-03
3.640431649801532422e-03
3.918890129039073224e-03
4.871161442696020187e-03
6.745594858955717039e-03
1.007371216384964768e-02
1.580041441467416527e-02
2.512808226130817599e-02
3.693687540971772598e-02
5.145787046546148463e-02
6.087994548667383793e-02
5.520254214718342545e-02
4.106834422666377771e-02
3.434842508854498572e-02
4.106834422666379159e-02
5.520254214718341851e-02
6.087994548667383793e-02
5.145787046546149157e-02
3.693687540971773292e-02
2.512808226130817252e-02
1.671752057110143658e-02
1.116583755701310542e-02
7.820702193701505045e-03
5.867772224747378959e-03
4.871161442696026259e-03
4.581804532947175192e-03
4.871161442696027993e-03
5.867772224747374622e-03
7.820702193701491167e-03
1.116583755701310542e-02
1.671752057110143658e-02
2.530641556359593605e-02
3.488990999332827747e-02
4.647877118616025593e-02
5.708024048600510159e-02
6.087994548667383793e-02
5.775509073100985186e-02
5.521644098081529561e-02
5.775509073100985186e-02
6.087994548667383793e-02
5.708024048600510159e-02
4.647877118616025593e-02
3.488990999332827747e-02
2.530641556359593952e-02
1.802452475558878608e-02
1.302635616160487120e-02
9.824094711679344158e-03
7.820702193701501576e-03
6.745594858955718774e-03
6.419773457621391448e-03
6.745594858955720509e-03
7.820702193701494637e-03
9.824094711679344158e-03
1.302635616160486773e-02
1.802452475558878608e-02
2.512808226130817599e-02
3.186518350256470344e-02
3.930514476889760550e-02
4.647877118616025593e-02
5.145787046546149851e-02
5.321971850428892925e-02
5.335008369431581965e-02
5.321971850428892925e-02
5.145787046546149851e-02
4.647877118616026287e-02
3.930514476889759856e-02
3.186518350256471038e-02
2.512808226130817252e-02
1.967661055468981554e-02
1.575353698996722479e-02
1.302635616160487120e-02
1.116583755701310542e-02
1.007371216384965462e-02
9.713706334298442130e-03
1.007371216384965115e-02
1.116583755701310542e-02
1.302635616160487293e-02
1.575353698996722826e-02
1.967661055468980860e-02
2.474542171459672910e-02
2.828884467107531039e-02
3.186518350256470344e-02
3.488990999332828441e-02
3.693687540971773292e-02
3.785794609744878164e-02
3.805056213060575843e-02
3.785794609744879552e-02
3.693687540971773292e-02
3.488990999332828441e-02
3.186518350256471038e-02
2.828884467107530346e-02
2.474542171459673603e-02
2.183290214891631109e-02
1.967661055468981554e-02
1.802452475558878608e-02
1.671752057110143658e-02
1.580041441467415833e-02
1.545518175420390779e-02
1.580041441467415833e-02
1.671752057110144005e-02
1.802452475558878262e-02
1.967661055468981901e-02
2.183290214891631456e-02
3.805056213060575149e-02
3.785794609744878858e-02
3.693687540971773292e-02
3.488990999332827747e-02
3.186518350256470344e-02
2.828884467107531039e-02
2.474542171459673603e-02
2.183290214891632150e-02
1.967661055468981554e-02
1.802452475558878262e-02
1.671752057110144005e-02
1.580041441467416527e-02
1.545518175420391126e-02
1.580041441467416180e-02
1.671752057110144352e-02
1.802452475558879649e-02
1.967661055468981554e-02
2.183290214891632497e-02
2.474542171459673603e-02
2.828884467107530346e-02
3.186518350256471038e-02
3.488990999332827747e-02
3.693687540971774680e-02
3.785794609744878858e-02
3.785794609744878858e-02
3.338661441490835963e-02
2.925575912528640202e-02
2.536281958602221512e-02
2.172416203398956289e-02
1.846099786632323173e-02
1.580041441467416527e-02
1.399159230067032605e-02
1.301635151783242343e-02
1.271213216196351477e-02
1.301635151783241649e-02
1.399159230067033646e-02
1.580041441467416527e-02
1.846099786632323866e-02
2.172416203398955942e-02
2.536281958602221859e-02
2.925575912528642283e-02
3.338661441490835963e-02
3.785794609744879552e-02
4.225567381851250137e-02
4.545111468579973030e-02
4.658423349094670957e-02
4.545111468579973030e-02
4.225567381851249443e-02
3.693687540971774680e-02
2.925575912528640202e-02
2.315267252831498465e-02
1.843295687931821580e-02
1.475855296515161778e-02
1.198375643021895587e-02
1.007371216384964942e-02
9.022566612311284234e-03
8.770179468533442421e-03
9.287328881358027435e-03
1.063299106961844084e-02
1.301635151783241996e-02
1.671752057110144352e-02
2.172416203398956289e-02
2.785069284138847953e-02
3.480114456580462451e-02
4.161511364114395956e-02
4.753719326104444143e-02
5.321971850428892925e-02
5.870869360297486378e-02
6.153828698174563377e-02
5.950479807616090855e-02
5.346222284106286887e-02
4.545111468579973030e-02
3.488990999332827747e-02
2.536281958602222206e-02
1.843295687931821580e-02
1.365077637553185723e-02
1.030473786473357946e-02
8.062663319654581745e-03
6.745594858955720509e-03
6.197324517101240882e-03
6.364929087133546978e-03
7.324459066417788981e-03
9.287328881358027435e-03
1.271213216196352171e-02
1.802452475558878608e-02
2.536281958602222900e-02
3.480114456580463145e-02
4.479072406747186541e-02
5.144529353855654963e-02
5.408541552610582337e-02
5.775509073100985880e-02
6.554787211026741334e-02
7.231229474029504667e-02
7.016601794026136596e-02
5.950479807616090855e-02
4.658423349094671650e-02
3.186518350256471732e-02
2.172416203398956289e-02
1.475855296515162299e-02
1.030473786473357946e-02
7.451416368618794979e-03
5.728960434479857429e-03
4.871161442696026259e-03
4.669719696981418887e-03
5.116844364139352085e-03
6.364929087133546978e-03
8.770179468533449360e-03
1.301635151783241302e-02
1.967661055468981554e-02
2.925575912528640896e-02
4.161511364114395956e-02
5.144529353855654963e-02
5.069341736450259234e-02
4.299066494794027971e-02
4.106834422666378465e-02
5.123327663322561204e-02
6.708148413961137480e-02
7.231229474029501891e-02
6.153828698174563377e-02
4.545111468579973030e-02
2.828884467107530692e-02
1.846099786632324213e-02
1.198375643021895760e-02
8.062663319654583480e-03
5.728960434479857429e-03
4.442698288657929290e-03
3.918890129039067152e-03
3.977230936868363272e-03
4.669719696981422356e-03
6.197324517101240882e-03
9.022566612311284234e-03
1.399159230067032779e-02
2.183290214891631803e-02
3.338661441490835269e-02
4.753719326104442755e-02
5.408541552610582337e-02
4.299066494794027971e-02
2.600239420039524019e-02
2.002508285321178555e-02
2.962749285924159634e-02
5.123327663322561204e-02
6.554787211026741334e-02
5.870869360297487072e-02
4.225567381851249443e-02
2.474542171459673603e-02
1.580041441467415833e-02
1.007371216384965809e-02
6.745594858955720509e-03
4.871161442696022789e-03
3.918890129039067152e-03
3.640431649801541096e-03
3.918890129039067152e-03
4.871161442696026259e-03
6.745594858955718774e-03
1.007371216384965115e-02
1.580041441467416527e-02
2.474542171459673603e-02
3.785794609744878858e-02
5.321971850428892231e-02
5.775509073100985186e-02
4.106834422666377771e-02
2.002508285321178555e-02
1.243224235428534545e-02
2.002508285321178208e-02
4.106834422666378465e-02
5.775509073100985186e-02
5.321971850428892231e-02
3.785794609744879552e-02
2.183290214891633191e-02
1.399159230067032952e-02
9.022566612311280765e-03
6.197324517101247821e-03
4.669719696981422356e-03
3.977230936868363272e-03
3.918890129039067152e-03
4.442698288657925820e-03
5.728960434479855694e-03
8.062663319654583480e-03
1.198375643021895934e-02
1.846099786632323866e-02
2.828884467107531039e-02
4.225567381851249443e-02
5.870869360297485684e-02
6.554787211026741334e-02
5.123327663322560510e-02
2.962749285924159634e-02
2.002508285321177861e-02
2.600239420039524019e-02
4.299066494794027971e-02
5.408541552610581643e-02
4.753719326104442755e-02
3.338661441490835963e-02
1.967661055468982248e-02
1.301635151783242690e-02
8.770179468533449360e-03
6.364929087133546978e-03
5.116844364139358156e-03
4.669719696981422356e-03
4.871161442696022789e-03
5.728960434479855694e-03
7.451416368618800183e-03
1.030473786473357946e-02
1.475855296515161778e-02
2.172416203398955942e-02
3.186518350256470344e-02
4.545111468579973030e-02
6.153828698174563377e-02
7.231229474029501891e-02
6.708148413961137480e-02
5.123327663322560510e-02
4.106834422666378465e-02
4.299066494794027971e-02
5.069341736450259234e-02
5.144529353855655657e-02
4.161511364114395956e-02
2.925575912528640896e-02
1.802452475558878955e-02
1.271213216196352518e-02
9.287328881358034374e-03
7.324459066417795920e-03
6.364929087133546978e-03
6.197324517101240882e-03
6.745594858955718774e-03
8.062663319654585214e-03
1.030473786473357946e-02
1.365077637553185723e-02
1.843295687931821580e-02
2.536281958602221512e-02
3.488990999332827747e-02
4.658423349094670263e-02
5.950479807616090855e-02
7.016601794026136596e-02
7.231229474029501891e-02
6.554787211026741334e-02
5.775509073100985186e-02
5.408541552610582337e-02
5.144529353855654963e-02
4.479072406747186541e-02
3.480114456580461757e-02
2.536281958602221512e-02
1.671752057110144352e-02
1.301635151783242690e-02
1.063299106961844084e-02
9.287328881358034374e-03
8.770179468533442421e-03
9.022566612311280765e-03
1.007371216384965115e-02
1.198375643021895413e-02
1.475855296515161952e-02
1.843295687931821580e-02
2.315267252831498465e-02
2.925575912528640202e-02
3.693687540971773292e-02
4.545111468579973030e-02
5.346222284106285499e-02
5.950479807616090855e-02
6.153828698174563377e-02
5.870869360297486378e-02
5.321971850428893619e-02
4.753719326104442755e-02
4.161511364114395956e-02
3.480114456580461757e-02
2.785069284138846565e-02
2.172416203398955942e-02
1.580041441467416527e-02
1.399159230067033646e-02
1.301635151783242690e-02
1.271213216196351824e-02
1.301635151783241996e-02
1.399159230067032605e-02
1.580041441467416180e-02
1.846099786632323519e-02
2.172416203398955942e-02
2.536281958602222206e-02
2.925575912528640202e-02
3.338661441490835963e-02
3.785794609744878858e-02
4.225567381851249443e-02
4.545111468579973030e-02
4.658423349094670263e-02
4.545111468579973030e-02
4.225567381851250137e-02
3.785794609744879552e-02
3.338661441490836657e-02
2.925575912528640896e-02
2.536281958602221512e-02
2.172416203398956289e-02
1.846099786632323173e-02
1.545518175420391126e-02
1.580041441467416180e-02
1.671752057110144352e-02
1.802452475558879649e-02
1.967661055468981554e-02
2.183290214891632497e-02
2.474542171459673603e-02
2.828884467107530346e-02
3.186518350256471038e-02
3.488990999332827747e-02
3.693687540971774680e-02
3.785794609744878858e-02
3.805056213060575149e-02
3.785794609744878858e-02
3.693687540971773292e-02
3.488990999332827747e-02
3.186518350256470344e-02
2.828884467107531039e-02
2.474542171459673603e-02
2.183290214891632150e-02
1.967661055468981554e-02
1.802452475558878262e-02
1.671752057110144005e-02
1.580041441467416527e-02
1.580041441467416527e-02
1.846099786632323866e-02
2.172416203398955942e-02
2.536281958602221859e-02
2.925575912528642283e-02
3.338661441490835963e-02
3.785794609744879552e-02
4.225567381851250137e-02
4.545111468579973030e-02
4.658423349094670957e-02
4.545111468579973030e-02
4.225567381851249443e-02
3.785794609744878858e-02
3.338661441490835963e-02
2.925575912528640202e-02
2.536281958602221512e-02
2.172416203398956289e-02
1.846099786632323173e-02
1.580041441467416527e-02
1.399159230067032605e-02
1.301635151783242343e-02
1.271213216196351477e-02
1.301635151783241649e-02
1.399159230067033646e-02
1.671752057110144352e-02
2.172416203398956289e-02
2.785069284138847953e-02
3.480114456580462451e-02
4.161511364114395956e-02
4.753719326104444143e-02
5.321971850428892925e-02
5.870869360297486378e-02
6.153828698174563377e-02
5.950479807616090855e-02
5.346222284106286887e-02
4.545111468579973030e-02
3.693687540971774680e-02
2.925575912528640202e-02
2.315267252831498465e-02
1.843295687931821580e-02
1.475855296515161778e-02
1.198375643021895587e-02
1.007371216384964942e-02
9.022566612311284234e-03
8.770179468533442421e-03
9.287328881358027435e-03
1.063299106961844084e-02
1.301635151783241996e-02
1.802452475558878608e-02
2.536281958602222900e-02
3.480114456580463145e-02
4.479072406747186541e-02
5.144529353855654963e-02
5.408541552610582337e-02
5.775509073100985880e-02
6.554787211026741334e-02
7.231229474029504667e-02
7.016601794026136596e-02
5.950479807616090855e-02
4.658423349094671650e-02
3.488990999332827747e-02
2.536281958602222206e-02
1.843295687931821580e-02
1.365077637553185723e-02
1.030473786473357946e-02
8.062663319654581745e-03
6.745594858955720509e-03
6.197324517101240882e-03
6.364929087133546978e-03
7.324459066417788981e-03
9.287328881358027435e-03
1.271213216196352171e-02
1.967661055468981554e-02
2.925575912528640896e-02
4.161511364114395956e-02
5.144529353855654963e-02
5.069341736450259234e-02
4.299066494794027971e-02
4.106834422666378465e-02
5.123327663322561204e-02
6.708148413961137480e-02
7.231229474029501891e-02
6.153828698174563377e-02
4.545111468579973030e-02
3.186518350256471732e-02
2.172416203398956289e-02
1.475855296515162299e-02
1.030473786473357946e-02
7.451416368618794979e-03
5.728960434479857429e-03
4.871161442696026259e-03
4.669719696981418887e-03
5.116844364139352085e-03
6.364929087133546978e-03
8.770179468533449360e-03
1.301635151783241302e-02
2.183290214891631803e-02
3.338661441490835269e-02
4.753719326104442755e-02
5.408541552610582337e-02
4.299066494794027971e-02
2.600239420039524019e-02
2.002508285321178555e-02
2.962749285924159634e-02
5.123327663322561204e-02
6.554787211026741334e-02
5.870869360297487072e-02
4.225567381851249443e-02
2.828884467107530692e-02
1.846099786632324213e-02
1.198375643021895760e-02
8.062663319654583480e-03
5.728960434479857429e-03
4.442698288657929290e-03
3.918890129039067152e-03
3.977230936868363272e-03
4.669719696981422356e-03
6.197324517101240882e-03
9.022566612311284234e-03
1.399159230067032779e-02
2.474542171459673603e-02
3.785794609744878858e-02
5.321971850428892231e-02
5.775509073100985186e-02
4.106834422666377771e-02
2.002508285321178555e-02
1.243224235428534545e-02
2.002508285321178208e-02
4.106834422666378465e-02
5.775509073100985186e-02
5.321971850428892231e-02
3.785794609744879552e-02
2.474542171459673603e-02
1.580041441467415833e-02
1.007371216384965809e-02
6.745594858955720509e-03
4.871161442696022789e-03
3.918890129039067152e-03
3.640431649801541096e-03
3.918890129039067152e-03
4.871161442696026259e-03
6.745594858955718774e-03
1.007371216384965115e-02
1.580041441467416527e-02
2.828884467107531039e-02
4.225567381851249443e-02
5.870869360297485684e-02
6.554787211026741334e-02
5.123327663322560510e-02
2.962749285924159634e-02
2.002508285321177861e-02
2.600239420039524019e-02
4.299066494794027971e-02
5.408541552610581643e-02
4.753719326104442755e-02
3.338661441490835963e-02
2.183290214891633191e-02
1.399159230067032952e-02
9.022566612311280765e-03
6.197324517101247821e-03
4.669719696981422356e-03
3.977230936868363272e-03
3.918890129039067152e-03
4.442698288657925820e-03
5.728960434479855694e-03
8.062663319654583480e-03
1.198375643021895934e-02
1.846099786632323866e-02
3.186518350256470344e-02
4.545111468579973030e-02
6.153828698174563377e-02
7.231229474029501891e-02
6.708148413961137480e-02
5.123327663322560510e-02
4.106834422666378465e-02
4.299066494794027971e-02
5.069341736450259234e-02
5.144529353855655657e-02
4.161511364114395956e-02
2.925575912528640896e-02
1.967661055468982248e-02
1.301635151783242690e-02
8.770179468533449360e-03
6.364929087133546978e-03
5.116844364139358156e-03
4.669719696981422356e-03
4.871161442696022789e-03
5.728960434479855694e-03
7.451416368618800183e-03
1.030473786473357946e-02
1.475855296515161778e-02
2.172416203398955942e-02
3.488990999332827747e-02
4.658423349094670263e-02
5.950479807616090855e-02
7.016601794026136596e-02
7.231229474029501891e-02
6.554787211026741334e-02
5.775509073100985186e-02
5.408541552610582337e-02
5.144529353855654963e-02
4.479072406747186541e-02
3.480114456580461757e-02
2.536281958602221512e-02
1.802452475558878955e-02
1.271213216196352518e-02
9.287328881358034374e-03
7.324459066417795920e-03
6.364929087133546978e-03
6.197324517101240882e-03
6.745594858955718774e-03
8.062663319654585214e-03
1.030473786473357946e-02
1.365077637553185723e-02
1.843295687931821580e-02
2.536281958602221512e-02
3.693687540971773292e-02
4.545111468579973030e-02
5.346222284106285499e-02
5.950479807616090855e-02
6.153828698174563377e-02
5.870869360297486378e-02
5.321971850428893619e-02
4.753719326104442755e-02
4.161511364114395956e-02
3.480114456580461757e-02
2.785069284138846565e-02
2.172416203398955942e-02
1.671752057110144352e-02
1.301635151783242690e-02
1.063299106961844084e-02
9.287328881358034374e-03
8.770179468533442421e-03
9.022566612311280765e-03
1.007371216384965115e-02
1.198375643021895413e-02
1.475855296515161952e-02
1.843295687931821580e-02
2.315267252831498465e-02
2.925575912528640202e-02
3.785794609744878858e-02
4.225567381851249443e-02
4.545111468579973030e-02
4.658423349094670263e-02
4.545111468579973030e-02
4.225567381851250137e-02
3.785794609744879552e-02
3.338661441490836657e-02
2.925575912528640896e-02
2.536281958602221512e-02
2.172416203398956289e-02
1.846099786632323173e-02
1.580041441467416527e-02
1.399159230067033646e-02
1.301635151783242690e-02
1.271213216196351824e-02
1.301635151783241996e-02
1.399159230067032605e-02
1.580041441467416180e-02
1.846099786632323519e-02
2.172416203398955942e-02
2.536281958602222206e-02
2.925575912528640202e-02
3.338661441490835963e-02
5.335008369431580577e-02
5.321971850428892925e-02
5.145787046546148463e-02
4.647877118616025593e-02
3.930514476889761244e-02
3.186518350256471732e-02
2.512808226130817599e-02
1.967661055468982595e-02
1.575353698996722826e-02
1.302635616160487467e-02
1.116583755701311235e-02
1.007371216384965462e-02
9.713706334298443865e-03
1.007371216384965809e-02
1.116583755701310542e-02
1.302635616160487814e-02
1.575353698996723867e-02
1.967661055468982248e-02
2.512808226130818640e-02
3.186518350256471038e-02
3.930514476889760550e-02
4.647877118616026287e-02
5.145787046546149851e-02
5.321971850428892925e-02
5.321971850428892925e-02
4.753719326104442755e-02
4.161511364114395956e-02
3.480114456580461757e-02
2.785069284138847259e-02
2.172416203398956289e-02
1.671752057110144699e-02
1.301635151783242343e-02
1.063299106961844084e-02
9.287328881358020496e-03
8.770179468533445891e-03
9.022566612311294643e-03
1.007371216384965115e-02
1.198375643021895240e-02
1.475855296515162993e-02
1.843295687931821927e-02
2.315267252831499506e-02
2.925575912528641589e-02
3.693687540971774680e-02
4.545111468579974418e-02
5.346222284106285499e-02
5.950479807616091549e-02
6.153828698174564765e-02
5.870869360297484296e-02
5.145787046546149157e-02
4.161511364114395956e-02
3.307769865156236222e-02
2.568926348404346194e-02
1.955835717196773016e-02
1.475855296515162472e-02
1.116583755701310715e-02
8.770179468533445891e-03
7.472291158495537704e-03
7.067845377513317165e-03
7.472291158495530765e-03
8.770179468533438952e-03
1.116583755701311582e-02
1.475855296515162299e-02
1.955835717196773710e-02
2.568926348404347582e-02
3.307769865156236916e-02
4.161511364114395956e-02
5.145787046546151239e-02
6.153828698174563377e-02
6.905544288745171788e-02
7.176477406520277713e-02
6.905544288745171788e-02
6.153828698174564765e-02
4.647877118616026287e-02
3.480114456580462451e-02
2.568926348404346541e-02
1.892616473193613202e-02
1.392828033379657320e-02
1.030473786473358813e-02
7.820702193701494637e-03
6.364929087133546978e-03
5.796012652477702636e-03
6.006594901735003156e-03
7.067845377513324104e-03
9.287328881358027435e-03
1.302635616160487814e-02
1.843295687931822621e-02
2.568926348404346541e-02
3.454541234641021752e-02
4.338265378507616399e-02
5.144529353855655657e-02
6.087994548667383793e-02
7.231229474029503279e-02
8.066348102679621324e-02
8.024468161058864735e-02
7.176477406520277713e-02
5.950479807616091549e-02
3.930514476889761244e-02
2.785069284138847953e-02
1.955835717196773016e-02
1.392828033379657493e-02
1.005625497904420566e-02
7.451416368618798448e-03
5.867772224747382429e-03
5.116844364139348615e-03
5.086946841838318849e-03
5.796012652477702636e-03
7.472291158495537704e-03
1.063299106961845472e-02
1.575353698996723173e-02
2.315267252831499159e-02
3.307769865156237610e-02
4.338265378507615011e-02
4.920192334366595838e-02
5.069341736450259928e-02
5.520254214718342545e-02
6.708148413961137480e-02
7.960304581161324611e-02
8.066348102679619936e-02
6.905544288745171788e-02
5.346222284106286193e-02
3.186518350256471038e-02
2.172416203398956289e-02
1.475855296515163340e-02
1.030473786473358640e-02
7.451416368618801918e-03
5.728960434479862633e-03
4.871161442696029728e-03
4.669719696981418887e-03
5.116844364139345146e-03
6.364929087133540039e-03
8.770179468533445891e-03
1.301635151783241996e-02
1.967661055468982942e-02
2.925575912528640202e-02
4.161511364114395956e-02
5.144529353855655657e-02
5.069341736450258540e-02
4.299066494794027971e-02
4.106834422666379159e-02
5.123327663322560510e-02
6.708148413961137480e-02
7.231229474029501891e-02
6.153828698174563377e-02
4.545111468579973724e-02
2.512808226130817946e-02
1.671752057110145046e-02
1.116583755701310889e-02
7.820702193701508514e-03
5.867772224747378959e-03
4.871161442696029728e-03
4.581804532947175192e-03
4.871161442696026259e-03
5.867772224747378959e-03
7.820702193701498106e-03
1.116583755701310542e-02
1.671752057110144352e-02
2.512808226130817599e-02
3.693687540971774680e-02
5.145787046546149157e-02
6.087994548667383793e-02
5.520254214718343239e-02
4.106834422666377771e-02
3.434842508854498572e-02
4.106834422666379159e-02
5.520254214718342545e-02
6.087994548667383793e-02
5.145787046546151239e-02
3.693687540971773986e-02
1.967661055468982595e-02
1.301635151783243037e-02
8.770179468533449360e-03
6.364929087133553917e-03
5.116844364139361626e-03
4.669719696981418887e-03
4.871161442696029728e-03
5.728960434479866103e-03
7.451416368618801918e-03
1.030473786473358640e-02
1.475855296515162299e-02
2.172416203398956289e-02
3.186518350256471038e-02
4.545111468579973030e-02
6.153828698174563377e-02
7.231229474029501891e-02
6.708148413961137480e-02
5.123327663322560510e-02
4.106834422666378465e-02
4.299066494794028664e-02
5.069341736450259234e-02
5.144529353855655657e-02
4.161511364114395956e-02
2.925575912528640896e-02
1.575353698996724908e-02
1.063299106961844778e-02
7.472291158495544643e-03
5.796012652477702636e-03
5.086946841838325788e-03
5.116844364139358156e-03
5.867772224747375490e-03
7.451416368618804520e-03
1.005625497904420566e-02
1.392828033379657320e-02
1.955835717196773710e-02
2.785069284138847259e-02
3.930514476889760550e-02
5.346222284106286193e-02
6.905544288745169013e-02
8.066348102679619936e-02
7.960304581161323223e-02
6.708148413961137480e-02
5.520254214718342545e-02
5.069341736450258540e-02
4.920192334366595838e-02
4.338265378507615705e-02
3.307769865156236916e-02
2.315267252831498465e-02
1.302635616160487814e-02
9.287328881358041313e-03
7.067845377513331043e-03
6.006594901735010095e-03
5.796012652477702636e-03
6.364929087133543509e-03
7.820702193701501576e-03
1.030473786473358293e-02
1.392828033379657320e-02
1.892616473193613896e-02
2.568926348404347235e-02
3.480114456580462451e-02
4.647877118616025593e-02
5.950479807616090855e-02
7.176477406520277713e-02
8.024468161058864735e-02
8.066348102679619936e-02
7.231229474029501891e-02
6.087994548667383793e-02
5.144529353855655657e-02
4.338265378507615705e-02
3.454541234641021752e-02
2.568926348404346888e-02
1.843295687931821927e-02
1.116583755701310542e-02
8.770179468533445891e-03
7.472291158495544643e-03
7.067845377513331043e-03
7.472291158495537704e-03
8.770179468533445891e-03
1.116583755701311235e-02
1.475855296515162993e-02
1.955835717196773710e-02
2.568926348404346888e-02
3.307769865156236916e-02
4.161511364114395956e-02
5.145787046546149157e-02
6.153828698174563377e-02
6.905544288745171788e-02
7.176477406520277713e-02
6.905544288745171788e-02
6.153828698174563377e-02
5.145787046546149851e-02
4.161511364114395956e-02
3.307769865156237610e-02
2.568926348404346888e-02
1.955835717196773710e-02
1.475855296515162299e-02
1.007371216384965809e-02
9.022566612311284234e-03
8.770179468533442421e-03
9.287328881358034374e-03
1.063299106961844778e-02
1.301635151783242690e-02
1.671752057110144005e-02
2.172416203398956289e-02
2.785069284138847606e-02
3.480114456580463145e-02
4.161511364114395956e-02
4.753719326104442061e-02
5.321971850428892925e-02
5.870869360297484296e-02
6.153828698174563377e-02
5.950479807616091549e-02
5.346222284106286193e-02
4.545111468579973724e-02
3.693687540971774680e-02
2.925575912528640202e-02
2.315267252831498465e-02
1.843295687931822621e-02
1.475855296515162299e-02
1.198375643021895934e-02
9.713706334298443865e-03
1.007371216384965809e-02
1.116583755701310542e-02
1.302635616160487814e-02
1.575353698996723867e-02
1.967661055468982248e-02
2.512808226130818640e-02
3.186518350256471038e-02
3.930514476889760550e-02
4.647877118616026287e-02
5.145787046546149851e-02
5.321971850428892925e-02
5.335008369431580577e-02
5.321971850428892925e-02
5.145787046546148463e-02
4.647877118616025593e-02
3.930514476889761244e-02
3.186518350256471732e-02
2.512808226130817599e-02
1.967661055468982595e-02
1.575353698996722826e-02
1.302635616160487467e-02
1.116583755701311235e-02
1.007371216384965462e-02
1.007371216384965115e-02
1.198375643021895240e-02
1.475855296515162993e-02
1.843295687931821927e-02
2.315267252831499506e-02
2.925575912528641589e-02
3.693687540971774680e-02
4.545111468579974418e-02
5.346222284106285499e-02
5.950479807616091549e-02
6.153828698174564765e-02
5.870869360297484296e-02
5.321971850428892925e-02
4.753719326104442755e-02
4.161511364114395956e-02
3.480114456580461757e-02
2.785069284138847259e-02
2.172416203398956289e-02
1.671752057110144699e-02
1.301635151783242343e-02
1.063299106961844084e-02
9.287328881358020496e-03
8.770179468533445891e-03
9.022566612311294643e-03
1.116583755701311582e-02
1.475855296515162299e-02
1.955835717196773710e-02
2.568926348404347582e-02
3.307769865156236916e-02
4.161511364114395956e-02
5.145787046546151239e-02
6.153828698174563377e-02
6.905544288745171788e-02
7.176477406520277713e-02
6.905544288745171788e-02
6.153828698174564765e-02
5.145787046546149157e-02
4.161511364114395956e-02
3.307769865156236222e-02
2.568926348404346194e-02
1.955835717196773016e-02
1.475855296515162472e-02
1.116583755701310715e-02
8.770179468533445891e-03
7.472291158495537704e-03
7.067845377513317165e-03
7.472291158495530765e-03
8.770179468533438952e-03
1.302635616160487814e-02
1.843295687931822621e-02
2.568926348404346541e-02
3.454541234641021752e-02
4.338265378507616399e-02
5.144529353855655657e-02
6.087994548667383793e-02
7.231229474029503279e-02
8.066348102679621324e-02
8.024468161058864735e-02
7.176477406520277713e-02
5.950479807616091549e-02
4.647877118616026287e-02
3.480114456580462451e-02
2.568926348404346541e-02
1.892616473193613202e-02
1.392828033379657320e-02
1.030473786473358813e-02
7.820702193701494637e-03
6.364929087133546978e-03
5.796012652477702636e-03
6.006594901735003156e-03
7.067845377513324104e-03
9.287328881358027435e-03
1.575353698996723173e-02
2.315267252831499159e-02
3.307769865156237610e-02
4.338265378507615011e-02
4.920192334366595838e-02
5.069341736450259928e-02
5.520254214718342545e-02
6.708148413961137480e-02
7.960304581161324611e-02
8.066348102679619936e-02
6.905544288745171788e-02
5.346222284106286193e-02
3.930514476889761244e-02
2.785069284138847953e-02
1.955835717196773016e-02
1.392828033379657493e-02
1.005625497904420566e-02
7.451416368618798448e-03
5.867772224747382429e-03
5.116844364139348615e-03
5.086946841838318849e-03
5.796012652477702636e-03
7.472291158495537704e-03
1.063299106961845472e-02
1.967661055468982942e-02
2.925575912528640202e-02
4.161511364114395956e-02
5.144529353855655657e-02
5.069341736450258540e-02
4.299066494794027971e-02
4.106834422666379159e-02
5.123327663322560510e-02
6.708148413961137480e-02
7.231229474029501891e-02
6.153828698174563377e-02
4.545111468579973724e-02
3.186518350256471038e-02
2.172416203398956289e-02
1.475855296515163340e-02
1.030473786473358640e-02
7.451416368618801918e-03
5.728960434479862633e-03
4.871161442696029728e-03
4.669719696981418887e-03
5.116844364139345146e-03
6.364929087133540039e-03
8.770179468533445891e-03
1.301635151783241996e-02
2.512808226130817599e-02
3.693687540971774680e-02
5.145787046546149157e-02
6.087994548667383793e-02
5.520254214718343239e-02
4.106834422666377771e-02
3.434842508854498572e-02
4.106834422666379159e-02
5.520254214718342545e-02
6.087994548667383793e-02
5.145787046546151239e-02
3.693687540971773986e-02
2.512808226130817946e-02
1.671752057110145046e-02
1.116583755701310889e-02
7.820702193701508514e-03
5.867772224747378959e-03
4.871161442696029728e-03
4.581804532947175192e-03
4.871161442696026259e-03
5.867772224747378959e-03
7.820702193701498106e-03
1.116583755701310542e-02
1.671752057110144352e-02
3.186518350256471038e-02
4.545111468579973030e-02
6.153828698174563377e-02
7.231229474029501891e-02
6.708148413961137480e-02
5.123327663322560510e-02
4.106834422666378465e-02
4.299066494794028664e-02
5.069341736450259234e-02
5.144529353855655657e-02
4.161511364114395956e-02
2.925575912528640896e-02
1.967661055468982595e-02
1.301635151783243037e-02
8.770179468533449360e-03
6.364929087133553917e-03
5.116844364139361626e-03
4.669719696981418887e-03
4.871161442696029728e-03
5.728960434479866103e-03
7.451416368618801918e-03
1.030473786473358640e-02
1.475855296515162299e-02
2.172416203398956289e-02
3.930514476889760550e-02
5.346222284106286193e-02
6.905544288745169013e-02
8.066348102679619936e-02
7.960304581161323223e-02
6.708148413961137480e-02
5.520254214718342545e-02
5.069341736450258540e-02
4.920192334366595838e-02
4.338265378507615705e-02
3.307769865156236916e-02
2.315267252831498465e-02
1.575353698996724908e-02
1.063299106961844778e-02
7.472291158495544643e-03
5.796012652477702636e-03
5.086946841838325788e-03
5.116844364139358156e-03
5.867772224747375490e-03
7.451416368618804520e-03
1.005625497904420566e-02
1.392828033379657320e-02
1.955835717196773710e-02
2.785069284138847259e-02
4.647877118616025593e-02
5.950479807616090855e-02
7.176477406520277713e-02
8.024468161058864735e-02
8.066348102679619936e-02
7.231229474029501891e-02
6.087994548667383793e-02
5.144529353855655657e-02
4.338265378507615705e-02
3.454541234641021752e-02
2.568926348404346888e-02
1.843295687931821927e-02
1.302635616160487814e-02
9.287328881358041313e-03
7.067845377513331043e-03
6.006594901735010095e-03
5.796012652477702636e-03
6.364929087133543509e-03
7.820702193701501576e-03
1.030473786473358293e-02
1.392828033379657320e-02
1.892616473193613896e-02
2.568926348404347235e-02
3.480114456580462451e-02
5.145787046546149157e-02
6.153828698174563377e-02
6.905544288745171788e-02
7.176477406520277713e-02
6.905544288745171788e-02
6.153828698174563377e-02
5.145787046546149851e-02
4.161511364114395956e-02
3.307769865156237610e-02
2.568926348404346888e-02
1.955835717196773710e-02
1.475855296515162299e-02
1.116583755701310542e-02
8.770179468533445891e-03
7.472291158495544643e-03
7.067845377513331043e-03
7.472291158495537704e-03
8.770179468533445891e-03
1.116583755701311235e-02
1.475855296515162993e-02
1.955835717196773710e-02
2.568926348404346888e-02
3.307769865156236916e-02
4.161511364114395956e-02
5.321971850428892925e-02
5.870869360297484296e-02
6.153828698174563377e-02
5.950479807616091549e-02
5.346222284106286193e-02
4.545111468579973724e-02
3.693687540971774680e-02
2.925575912528640202e-02
2.315267252831498465e-02
1.843295687931822621e-02
1.475855296515162299e-02
1.198375643021895934e-02
1.007371216384965809e-02
9.022566612311284234e-03
8.770179468533442421e-03
9.287328881358034374e-03
1.063299106961844778e-02
1.301635151783242690e-02
1.671752057110144005e-02
2.172416203398956289e-02
2.785069284138847606e-02
3.480114456580463145e-02
4.161511364114395956e-02
4.753719326104442061e-02
5.521644098081529561e-02
5.775509073100985186e-02
6.087994548667383793e-02
5.708024048600509465e-02
4.647877118616025593e-02
3.488990999332829135e-02
2.530641556359594646e-02
1.802452475558878955e-02
1.302635616160487120e-02
9.824094711679347627e-03
7.820702193701511984e-03
6.745594858955735254e-03
6.419773457621391448e-03
6.745594858955735254e-03
7.820702193701508514e-03
9.824094711679351097e-03
1.302635616160488161e-02
1.802452475558878955e-02
2.530641556359595340e-02
3.488990999332829135e-02
4.647877118616025593e-02
5.708024048600510852e-02
6.087994548667383793e-02
5.775509073100983798e-02
5.775509073100983798e-02
5.408541552610582337e-02
5.144529353855655657e-02
4.479072406747186541e-02
3.480114456580463145e-02
2.536281958602221512e-02
1.802452475558878955e-02
1.271213216196352865e-02
9.287328881358027435e-03
7.324459066417775971e-03
6.364929087133540039e-03
6.197324517101254759e-03
6.745594858955735254e-03
8.062663319654583480e-03
1.030473786473359681e-02
1.365077637553187284e-02
1.843295687931821927e-02
2.536281958602222900e-02
3.488990999332829135e-02
4.658423349094672344e-02
5.950479807616091549e-02
7.016601794026136596e-02
7.231229474029501891e-02
6.554787211026741334e-02
6.087994548667383793e-02
5.144529353855655657e-02
4.338265378507615705e-02
3.454541234641021058e-02
2.568926348404347582e-02
1.843295687931822274e-02
1.302635616160487814e-02
9.287328881358027435e-03
7.067845377513324104e-03
6.006594901734989278e-03
5.796012652477688758e-03
6.364929087133540039e-03
7.820702193701511984e-03
1.030473786473358987e-02
1.392828033379657840e-02
1.892616473193614937e-02
2.568926348404347582e-02
3.480114456580462451e-02
4.647877118616026287e-02
5.950479807616091549e-02
7.176477406520280489e-02
8.024468161058867510e-02
8.066348102679619936e-02
7.231229474029501891e-02
5.708024048600510159e-02
4.479072406747186541e-02
3.454541234641021058e-02
2.591278989630557000e-02
1.892616473193613896e-02
1.365077637553186590e-02
9.824094711679344158e-03
7.324459066417782910e-03
6.006594901734996217e-03
5.607816738179528630e-03
6.006594901734989278e-03
7.324459066417782910e-03
9.824094711679344158e-03
1.365077637553187631e-02
1.892616473193614590e-02
2.591278989630557000e-02
3.454541234641022446e-02
4.479072406747187235e-02
5.708024048600510159e-02
7.016601794026137984e-02
8.024468161058866122e-02
8.395601002061084395e-02
8.024468161058866122e-02
7.016601794026136596e-02
4.647877118616025593e-02
3.480114456580462451e-02
2.568926348404346888e-02
1.892616473193613202e-02
1.392828033379657840e-02
1.030473786473358293e-02
7.820702193701515453e-03
6.364929087133553917e-03
5.796012652477688758e-03
6.006594901734996217e-03
7.067845377513324104e-03
9.287328881358027435e-03
1.302635616160488161e-02
1.843295687931821580e-02
2.568926348404347582e-02
3.454541234641022446e-02
4.338265378507615705e-02
5.144529353855655657e-02
6.087994548667383793e-02
7.231229474029501891e-02
8.066348102679619936e-02
8.024468161058864735e-02
7.176477406520279101e-02
5.950479807616091549e-02
3.488990999332828441e-02
2.536281958602222206e-02
1.843295687931821927e-02
1.365077637553186243e-02
1.030473786473358293e-02
8.062663319654583480e-03
6.745594858955724846e-03
6.197324517101254759e-03
6.364929087133553917e-03
7.324459066417782910e-03
9.287328881358027435e-03
1.271213216196352865e-02
1.802452475558879649e-02
2.536281958602222206e-02
3.480114456580461757e-02
4.479072406747187235e-02
5.144529353855655657e-02
5.408541552610582337e-02
5.775509073100985186e-02
6.554787211026741334e-02
7.231229474029501891e-02
7.016601794026136596e-02
5.950479807616091549e-02
4.658423349094671650e-02
2.530641556359595340e-02
1.802452475558878955e-02
1.302635616160488161e-02
9.824094711679351097e-03
7.820702193701498106e-03
6.745594858955718774e-03
6.419773457621391448e-03
6.745594858955724846e-03
7.820702193701508514e-03
9.824094711679351097e-03
1.302635616160487467e-02
1.802452475558878955e-02
2.530641556359594646e-02
3.488990999332829135e-02
4.647877118616025593e-02
5.708024048600510159e-02
6.087994548667383793e-02
5.775509073100985186e-02
5.521644098081529561e-02
5.775509073100985186e-02
6.087994548667383793e-02
5.708024048600510852e-02
4.647877118616025593e-02
3.488990999332828441e-02
1.802452475558878955e-02
1.271213216196353905e-02
9.287328881358027435e-03
7.324459066417788981e-03
6.364929087133553917e-03
6.197324517101244351e-03
6.745594858955718774e-03
8.062663319654583480e-03
1.030473786473358293e-02
1.365077637553186937e-02
1.843295687931822274e-02
2.536281958602221512e-02
3.488990999332829135e-02
4.658423349094670957e-02
5.950479807616091549e-02
7.016601794026136596e-02
7.231229474029500504e-02
6.554787211026741334e-02
5.775509073100985186e-02
5.408541552610582337e-02
5.144529353855655657e-02
4.479072406747186541e-02
3.480114456580463145e-02
2.536281958602221512e-02
1.302635616160487814e-02
9.287328881358027435e-03
7.067845377513337114e-03
6.006594901734996217e-03
5.796012652477695697e-03
6.364929087133553917e-03
7.820702193701498106e-03
1.030473786473358293e-02
1.392828033379657840e-02
1.892616473193613549e-02
2.568926348404347582e-02
3.480114456580463145e-02
4.647877118616025593e-02
5.950479807616091549e-02
7.176477406520277713e-02
8.024468161058866122e-02
8.066348102679619936e-02
7.231229474029500504e-02
6.087994548667383793e-02
5.144529353855655657e-02
4.338265378507615705e-02
3.454541234641022446e-02
2.568926348404347582e-02
1.843295687931822621e-02
9.824094711679354566e-03
7.324459066417782910e-03
6.006594901735003156e-03
5.607816738179528630e-03
6.006594901734989278e-03
7.324459066417788981e-03
9.824094711679354566e-03
1.365077637553185896e-02
1.892616473193613202e-02
2.591278989630557000e-02
3.454541234641021752e-02
4.479072406747186541e-02
5.708024048600510159e-02
7.016601794026136596e-02
8.024468161058864735e-02
8.395601002061084395e-02
8.024468161058866122e-02
7.016601794026136596e-02
5.708024048600510159e-02
4.479072406747186541e-02
3.454541234641022446e-02
2.591278989630557000e-02
1.892616473193614243e-02
1.365077637553186937e-02
7.820702193701508514e-03
6.364929087133553917e-03
5.796012652477695697e-03
6.006594901734996217e-03
7.067845377513331043e-03
9.287328881358027435e-03
1.302635616160487814e-02
1.843295687931822621e-02
2.568926348404346888e-02
3.454541234641021058e-02
4.338265378507615705e-02
5.144529353855655657e-02
6.087994548667385181e-02
7.231229474029501891e-02
8.066348102679619936e-02
8.024468161058864735e-02
7.176477406520280489e-02
5.950479807616091549e-02
4.647877118616025593e-02
3.480114456580461757e-02
2.568926348404347235e-02
1.892616473193614937e-02
1.392828033379657840e-02
1.030473786473359334e-02
6.745594858955735254e-03
6.197324517101254759e-03
6.364929087133553917e-03
7.324459066417795920e-03
9.287328881358027435e-03
1.271213216196353558e-02
1.802452475558878955e-02
2.536281958602221512e-02
3.480114456580463145e-02
4.479072406747186541e-02
5.144529353855655657e-02
5.408541552610582337e-02
5.775509073100985186e-02
6.554787211026741334e-02
7.231229474029501891e-02
7.016601794026136596e-02
5.950479807616091549e-02
4.658423349094672344e-02
3.488990999332829135e-02
2.536281958602220818e-02
1.843295687931821580e-02
1.365077637553186937e-02
1.030473786473359681e-02
8.062663319654583480e-03
6.419773457621391448e-03
6.745594858955735254e-03
7.820702193701508514e-03
9.824094711679351097e-03
1.302635616160488161e-02
1.802452475558878955e-02
2.530641556359595340e-02
3.488990999332829135e-02
4.647877118616025593e-02
5.708024048600510852e-02
6.087994548667383793e-02
5.775509073100983798e-02
5.521644098081529561e-02
5.775509073100985186e-02
6.087994548667383793e-02
5.708024048600509465e-02
4.647877118616025593e-02
3.488990999332829135e-02
2.530641556359594646e-02
1.802452475558878955e-02
1.302635616160487120e-02
9.824094711679347627e-03
7.820702193701511984e-03
6.745594858955735254e-03
6.745594858955735254e-03
8.062663319654583480e-03
1.030473786473359681e-02
1.365077637553187284e-02
1.843295687931821927e-02
2.536281958602222900e-02
3.488990999332829135e-02
4.658423349094672344e-02
5.950479807616091549e-02
7.016601794026136596e-02
7.231229474029501891e-02
6.554787211026741334e-02
5.775509073100983798e-02
5.408541552610582337e-02
5.144529353855655657e-02
4.479072406747186541e-02
3.480114456580463145e-02
2.536281958602221512e-02
1.802452475558878955e-02
1.271213216196352865e-02
9.287328881358027435e-03
7.324459066417775971e-03
6.364929087133540039e-03
6.197324517101254759e-03
7.820702193701511984e-03
1.030473786473358987e-02
1.392828033379657840e-02
1.892616473193614937e-02
2.568926348404347582e-02
3.480114456580462451e-02
4.647877118616026287e-02
5.950479807616091549e-02
7.176477406520280489e-02
8.024468161058867510e-02
8.066348102679619936e-02
7.231229474029501891e-02
6.087994548667383793e-02
5.144529353855655657e-02
4.338265378507615705e-02
3.454541234641021058e-02
2.568926348404347582e-02
1.843295687931822274e-02
1.302635616160487814e-02
9.287328881358027435e-03
7.067845377513324104e-03
6.006594901734989278e-03
5.796012652477688758e-03
6.364929087133540039e-03
9.824094711679344158e-03
1.365077637553187631e-02
1.892616473193614590e-02
2.591278989630557000e-02
3.454541234641022446e-02
4.479072406747187235e-02
5.708024048600510159e-02
7.016601794026137984e-02
8.024468161058866122e-02
8.395601002061084395e-02
8.024468161058866122e-02
7.016601794026136596e-02
5.708024048600510159e-02
4.479072406747186541e-02
3.454541234641021058e-02
2.591278989630557000e-02
1.892616473193613896e-02
1.365077637553186590e-02
9.824094711679344158e-03
7.324459066417782910e-03
6.006594901734996217e-03
5.607816738179528630e-03
6.006594901734989278e-03
7.324459066417782910e-03
1.302635616160488161e-02
1.843295687931821580e-02
2.568926348404347582e-02
3.454541234641022446e-02
4.338265378507615705e-02
5.144529353855655657e-02
6.087994548667383793e-02
7.231229474029501891e-02
8.066348102679619936e-02
8.024468161058864735e-02
7.176477406520279101e-02
5.950479807616091549e-02
4.647877118616025593e-02
3.480114456580462451e-02
2.568926348404346888e-02
1.892616473193613202e-02
1.392828033379657840e-02
1.030473786473358293e-02
7.820702193701515453e-03
6.364929087133553917e-03
5.796012652477688758e-03
6.006594901734996217e-03
7.067845377513324104e-03
9.287328881358027435e-03
1.802452475558879649e-02
2.536281958602222206e-02
3.480114456580461757e-02
4.479072406747187235e-02
5.144529353855655657e-02
5.408541552610582337e-02
5.775509073100985186e-02
6.554787211026741334e-02
7.231229474029501891e-02
7.016601794026136596e-02
5.950479807616091549e-02
4.658423349094671650e-02
3.488990999332828441e-02
2.536281958602222206e-02
1.843295687931821927e-02
1.365077637553186243e-02
1.030473786473358293e-02
8.062663319654583480e-03
6.745594858955724846e-03
6.197324517101254759e-03
6.364929087133553917e-03
7.324459066417782910e-03
9.287328881358027435e-03
1.271213216196352865e-02
2.530641556359594646e-02
3.488990999332829135e-02
4.647877118616025593e-02
5.708024048600510159e-02
6.087994548667383793e-02
5.775509073100985186e-02
5.521644098081529561e-02
5.775509073100985186e-02
6.087994548667383793e-02
5.708024048600510852e-02
4.647877118616025593e-02
3.488990999332828441e-02
2.530641556359595340e-02
1.802452475558878955e-02
1.302635616160488161e-02
9.824094711679351097e-03
7.820702193701498106e-03
6.745594858955718774e-03
6.419773457621391448e-03
6.745594858955724846e-03
7.820702193701508514e-03
9.824094711679351097e-03
1.302635616160487467e-02
1.802452475558878955e-02
3.488990999332829135e-02
4.658423349094670957e-02
5.950479807616091549e-02
7.016601794026136596e-02
7.231229474029500504e-02
6.554787211026741334e-02
5.775509073100985186e-02
5.408541552610582337e-02
5.144529353855655657e-02
4.479072406747186541e-02
3.480114456580463145e-02
2.536281958602221512e-02
1.802452475558878955e-02
1.271213216196353905e-02
9.287328881358027435e-03
7.324459066417788981e-03
6.364929087133553917e-03
6.197324517101244351e-03
6.745594858955718774e-03
8.062663319654583480e-03
1.030473786473358293e-02
1.365077637553186937e-02
1.843295687931822274e-02
2.536281958602221512e-02
4.647877118616025593e-02
5.950479807616091549e-02
7.176477406520277713e-02
8.024468161058866122e-02
8.066348102679619936e-02
7.231229474029500504e-02
6.087994548667383793e-02
5.144529353855655657e-02
4.338265378507615705e-02
3.454541234641022446e-02
2.568926348404347582e-02
1.843295687931822621e-02
1.302635616160487814e-02
9.287328881358027435e-03
7.067845377513337114e-03
6.006594901734996217e-03
5.796012652477695697e-03
6.364929087133553917e-03
7.820702193701498106e-03
1.030473786473358293e-02
1.392828033379657840e-02
1.892616473193613549e-02
2.568926348404347582e-02
3.480114456580463145e-02
5.708024048600510159e-02
7.016601794026136596e-02
8.024468161058864735e-02
8.395601002061084395e-02
8.024468161058866122e-02
7.016601794026136596e-02
5.708024048600510159e-02
4.479072406747186541e-02
3.454541234641022446e-02
2.591278989630557000e-02
1.892616473193614243e-02
1.365077637553186937e-02
9.824094711679354566e-03
7.324459066417782910e-03
6.006594901735003156e-03
5.607816738179528630e-03
6.006594901734989278e-03
7.324459066417788981e-03
9.824094711679354566e-03
1.365077637553185896e-02
1.892616473193613202e-02
2.591278989630557000e-02
3.454541234641021752e-02
4.479072406747186541e-02
6.087994548667385181e-02
7.231229474029501891e-02
8.066348102679619936e-02
8.024468161058864735e-02
7.176477406520280489e-02
5.950479807616091549e-02
4.647877118616025593e-02
3.480114456580461757e-02
2.568926348404347235e-02
1.892616473193614937e-02
1.392828033379657840e-02
1.030473786473359334e-02
7.820702193701508514e-03
6.364929087133553917e-03
5.796012652477695697e-03
6.006594901734996217e-03
7.067845377513331043e-03
9.287328881358027435e-03
1.302635616160487814e-02
1.843295687931822621e-02
2.568926348404346888e-02
3.454541234641021058e-02
4.338265378507615705e-02
5.144529353855655657e-02
5.775509073100985186e-02
6.554787211026741334e-02
7.231229474029501891e-02
7.016601794026136596e-02
5.950479807616091549e-02
4.658423349094672344e-02
3.488990999332829135e-02
2.536281958602220818e-02
1.843295687931821580e-02
1.365077637553186937e-02
1.030473786473359681e-02
8.062663319654583480e-03
6.745594858955735254e-03
6.197324517101254759e-03
6.364929087133553917e-03
7.324459066417795920e-03
9.287328881358027435e-03
1.271213216196353558e-02
1.802452475558878955e-02
2.536281958602221512e-02
3.480114456580463145e-02
4.479072406747186541e-02
5.144529353855655657e-02
5.408541552610582337e-02
3.434842508854497878e-02
4.106834422666377771e-02
5.520254214718342545e-02
6.087994548667383793e-02
5.145787046546149157e-02
3.693687540971774680e-02
2.512808226130818640e-02
1.671752057110144699e-02
1.116583755701310889e-02
7.820702193701498106e-03
5.867772224747372020e-03
4.871161442696026259e-03
4.581804532947178661e-03
4.871161442696026259e-03
5.867772224747378959e-03
7.820702193701508514e-03
1.116583755701310542e-02
1.671752057110145046e-02
2.512808226130817946e-02
3.693687540971774680e-02
5.145787046546150545e-02
6.087994548667383793e-02
5.520254214718342545e-02
4.106834422666379159e-02
4.106834422666379159e-02
4.299066494794027971e-02
5.069341736450258540e-02
5.144529353855655657e-02
4.161511364114395956e-02
2.925575912528640549e-02
1.967661055468982248e-02
1.301635151783241996e-02
8.770179468533449360e-03
6.364929087133540039e-03
5.116844364139348615e-03
4.669719696981411948e-03
4.871161442696022789e-03
5.728960434479866103e-03
7.451416368618801918e-03
1.030473786473359334e-02
1.475855296515163166e-02
2.172416203398956289e-02
3.186518350256471732e-02
4.545111468579974418e-02
6.153828698174563377e-02
7.231229474029503279e-02
6.708148413961137480e-02
5.123327663322560510e-02
5.520254214718342545e-02
5.069341736450259928e-02
4.920192334366595838e-02
4.338265378507615011e-02
3.307769865156236916e-02
2.315267252831499159e-02
1.575353698996722479e-02
1.063299106961844084e-02
7.472291158495530765e-03
5.796012652477702636e-03
5.086946841838325788e-03
5.116844364139348615e-03
5.867772224747375490e-03
7.451416368618801918e-03
1.005625497904420913e-02
1.392828033379657666e-02
1.955835717196774404e-02
2.785069284138847953e-02
3.930514476889761244e-02
5.346222284106286193e-02
6.905544288745171788e-02
8.066348102679619936e-02
7.960304581161324611e-02
6.708148413961137480e-02
6.087994548667383793e-02
5.144529353855655657e-02
4.338265378507615705e-02
3.454541234641021058e-02
2.568926348404346541e-02
1.843295687931821927e-02
1.302635616160487814e-02
9.287328881358027435e-03
7.067845377513324104e-03
6.006594901735003156e-03
5.796012652477702636e-03
6.364929087133553917e-03
7.820702193701498106e-03
1.030473786473358813e-02
1.392828033379657493e-02
1.892616473193614243e-02
2.568926348404346888e-02
3.480114456580463145e-02
4.647877118616026287e-02
5.950479807616091549e-02
7.176477406520277713e-02
8.024468161058864735e-02
8.066348102679619936e-02
7.231229474029503279e-02
5.145787046546150545e-02
4.161511364114395262e-02
3.307769865156236916e-02
2.568926348404347582e-02
1.955835717196773016e-02
1.475855296515161952e-02
1.116583755701310542e-02
8.770179468533438952e-03
7.472291158495530765e-03
7.067845377513324104e-03
7.472291158495530765e-03
8.770179468533445891e-03
1.116583755701311409e-02
1.475855296515162472e-02
1.955835717196773363e-02
2.568926348404346888e-02
3.307769865156236222e-02
4.161511364114395956e-02
5.145787046546149851e-02
6.153828698174563377e-02
6.905544288745171788e-02
7.176477406520277713e-02
6.905544288745171788e-02
6.153828698174563377e-02
3.693687540971774680e-02
2.925575912528641589e-02
2.315267252831498812e-02
1.843295687931821927e-02
1.475855296515162993e-02
1.198375643021895240e-02
1.007371216384965115e-02
9.022566612311287704e-03
8.770179468533445891e-03
9.287328881358027435e-03
1.063299106961844431e-02
1.301635151783241996e-02
1.671752057110144699e-02
2.172416203398956983e-02
2.785069284138847259e-02
3.480114456580462451e-02
4.161511364114395956e-02
4.753719326104442755e-02
5.321971850428892925e-02
5.870869360297484990e-02
6.153828698174564765e-02
5.950479807616091549e-02
5.346222284106286193e-02
4.545111468579974418e-02
2.512808226130818640e-02
1.967661055468982595e-02
1.575353698996724214e-02
1.302635616160487814e-02
1.116583755701310542e-02
1.007371216384965809e-02
9.713706334298440395e-03
1.007371216384965809e-02
1.116583755701310542e-02
1.302635616160487814e-02
1.575353698996722826e-02
1.967661055468982248e-02
2.512808226130817252e-02
3.186518350256471732e-02
3.930514476889761938e-02
4.647877118616025593e-02
5.145787046546149851e-02
5.321971850428892925e-02
5.335008369431580577e-02
5.321971850428892925e-02
5.145787046546149851e-02
4.647877118616026287e-02
3.930514476889760550e-02
3.186518350256471038e-02
1.671752057110144352e-02
1.301635151783243037e-02
1.063299106961844778e-02
9.287328881358041313e-03
8.770179468533442421e-03
9.022566612311287704e-03
1.007371216384965809e-02
1.198375643021894893e-02
1.475855296515162299e-02
1.843295687931821927e-02
2.315267252831498465e-02
2.925575912528639855e-02
3.693687540971774680e-02
4.545111468579973030e-02
5.346222284106285499e-02
5.950479807616091549e-02
6.153828698174563377e-02
5.870869360297484990e-02
5.321971850428892925e-02
4.753719326104442755e-02
4.161511364114395956e-02
3.480114456580463145e-02
2.785069284138847953e-02
2.172416203398956289e-02
1.116583755701311235e-02
8.770179468533445891e-03
7.472291158495544643e-03
7.067845377513331043e-03
7.472291158495537704e-03
8.770179468533452830e-03
1.116583755701310542e-02
1.475855296515162299e-02
1.955835717196774057e-02
2.568926348404346888e-02
3.307769865156236916e-02
4.161511364114395956e-02
5.145787046546149851e-02
6.153828698174563377e-02
6.905544288745170400e-02
7.176477406520277713e-02
6.905544288745171788e-02
6.153828698174563377e-02
5.145787046546149851e-02
4.161511364114395956e-02
3.307769865156236916e-02
2.568926348404346888e-02
1.955835717196774404e-02
1.475855296515162993e-02
7.820702193701508514e-03
6.364929087133550448e-03
5.796012652477702636e-03
6.006594901735010095e-03
7.067845377513324104e-03
9.287328881358041313e-03
1.302635616160487814e-02
1.843295687931821927e-02
2.568926348404347235e-02
3.454541234641021058e-02
4.338265378507615705e-02
5.144529353855655657e-02
6.087994548667383793e-02
7.231229474029501891e-02
8.066348102679619936e-02
8.024468161058864735e-02
7.176477406520277713e-02
5.950479807616091549e-02
4.647877118616025593e-02
3.480114456580462451e-02
2.568926348404346888e-02
1.892616473193614243e-02
1.392828033379657320e-02
1.030473786473359334e-02
5.867772224747378959e-03
5.116844364139365095e-03
5.086946841838325788e-03
5.796012652477702636e-03
7.472291158495544643e-03
1.063299106961844778e-02
1.575353698996724214e-02
2.315267252831498812e-02
3.307769865156236916e-02
4.338265378507615705e-02
4.920192334366595144e-02
5.069341736450259234e-02
5.520254214718342545e-02
6.708148413961137480e-02
7.960304581161323223e-02
8.066348102679619936e-02
6.905544288745171788e-02
5.346222284106286193e-02
3.930514476889761244e-02
2.785069284138847259e-02
1.955835717196773363e-02
1.392828033379657493e-02
1.005625497904421087e-02
7.451416368618801918e-03
4.871161442696026259e-03
4.669719696981425826e-03
5.116844364139361626e-03
6.364929087133553917e-03
8.770179468533445891e-03
1.301635151783242343e-02
1.967661055468982595e-02
2.925575912528640896e-02
4.161511364114396649e-02
5.144529353855655657e-02
5.069341736450259234e-02
4.299066494794028664e-02
4.106834422666378465e-02
5.123327663322560510e-02
6.708148413961137480e-02
7.231229474029501891e-02
6.153828698174563377e-02
4.545111468579974418e-02
3.186518350256471038e-02
2.172416203398956289e-02
1.475855296515162299e-02
1.030473786473358466e-02
7.451416368618801918e-03
5.728960434479869572e-03
4.581804532947178661e-03
4.871161442696026259e-03
5.867772224747378959e-03
7.820702193701508514e-03
1.116583755701310542e-02
1.671752057110145046e-02
2.512808226130817946e-02
3.693687540971774680e-02
5.145787046546150545e-02
6.087994548667383793e-02
5.520254214718342545e-02
4.106834422666379159e-02
3.434842508854497878e-02
4.106834422666377771e-02
5.520254214718342545e-02
6.087994548667383793e-02
5.145787046546149157e-02
3.693687540971774680e-02
2.512808226130818640e-02
1.671752057110144699e-02
1.116583755701310889e-02
7.820702193701498106e-03
5.867772224747372020e-03
4.871161442696026259e-03
4.871161442696022789e-03
5.728960434479866103e-03
7.451416368618801918e-03
1.030473786473359334e-02
1.475855296515163166e-02
2.172416203398956289e-02
3.186518350256471732e-02
4.545111468579974418e-02
6.153828698174563377e-02
7.231229474029503279e-02
6.708148413961137480e-02
5.123327663322560510e-02
4.106834422666379159e-02
4.299066494794027971e-02
5.069341736450258540e-02
5.144529353855655657e-02
4.161511364114395956e-02
2.925575912528640549e-02
1.967661055468982248e-02
1.301635151783241996e-02
8.770179468533449360e-03
6.364929087133540039e-03
5.116844364139348615e-03
4.669719696981411948e-03
5.867772224747375490e-03
7.451416368618801918e-03
1.005625497904420913e-02
1.392828033379657666e-02
1.955835717196774404e-02
2.785069284138847953e-02
3.930514476889761244e-02
5.346222284106286193e-02
6.905544288745171788e-02
8.066348102679619936e-02
7.960304581161324611e-02
6.708148413961137480e-02
5.520254214718342545e-02
5.069341736450259928e-02
4.920192334366595838e-02
4.338265378507615011e-02
3.307769865156236916e-02
2.315267252831499159e-02
1.575353698996722479e-02
1.063299106961844084e-02
7.472291158495530765e-03
5.796012652477702636e-03
5.086946841838325788e-03
5.116844364139348615e-03
7.820702193701498106e-03
1.030473786473358813e-02
1.392828033379657493e-02
1.892616473193614243e-02
2.568926348404346888e-02
3.480114456580463145e-02
4.647877118616026287e-02
5.950479807616091549e-02
7.176477406520277713e-02
8.024468161058864735e-02
8.066348102679619936e-02
7.231229474029503279e-02
6.087994548667383793e-02
5.144529353855655657e-02
4.338265378507615705e-02
3.454541234641021058e-02
2.568926348404346541e-02
1.843295687931821927e-02
1.302635616160487814e-02
9.287328881358027435e-03
7.067845377513324104e-03
6.006594901735003156e-03
5.796012652477702636e-03
6.364929087133553917e-03
1.116583755701311409e-02
1.475855296515162472e-02
1.955835717196773363e-02
2.568926348404346888e-02
3.307769865156236222e-02
4.161511364114395956e-02
5.145787046546149851e-02
6.153828698174563377e-02
6.905544288745171788e-02
7.176477406520277713e-02
6.905544288745171788e-02
6.153828698174563377e-02
5.145787046546150545e-02
4.161511364114395262e-02
3.307769865156236916e-02
2.568926348404347582e-02
1.955835717196773016e-02
1.475855296515161952e-02
1.116583755701310542e-02
8.770179468533438952e-03
7.472291158495530765e-03
7.067845377513324104e-03
7.472291158495530765e-03
8.770179468533445891e-03
1.671752057110144699e-02
2.172416203398956983e-02
2.785069284138847259e-02
3.480114456580462451e-02
4.161511364114395956e-02
4.753719326104442755e-02
5.321971850428892925e-02
5.870869360297484990e-02
6.153828698174564765e-02
5.950479807616091549e-02
5.346222284106286193e-02
4.545111468579974418e-02
3.693687540971774680e-02
2.925575912528641589e-02
2.315267252831498812e-02
1.843295687931821927e-02
1.475855296515162993e-02
1.198375643021895240e-02
1.007371216384965115e-02
9.022566612311287704e-03
8.770179468533445891e-03
9.287328881358027435e-03
1.063299106961844431e-02
1.301635151783241996e-02
2.512808226130817252e-02
3.186518350256471732e-02
3.930514476889761938e-02
4.647877118616025593e-02
5.145787046546149851e-02
5.321971850428892925e-02
5.335008369431580577e-02
5.321971850428892925e-02
5.145787046546149851e-02
4.647877118616026287e-02
3.930514476889760550e-02
3.186518350256471038e-02
2.512808226130818640e-02
1.967661055468982595e-02
1.575353698996724214e-02
1.302635616160487814e-02
1.116583755701310542e-02
1.007371216384965809e-02
9.713706334298440395e-03
1.007371216384965809e-02
1.116583755701310542e-02
1.302635616160487814e-02
1.575353698996722826e-02
1.967661055468982248e-02
3.693687540971774680e-02
4.545111468579973030e-02
5.346222284106285499e-02
5.950479807616091549e-02
6.153828698174563377e-02
5.870869360297484990e-02
5.321971850428892925e-02
4.753719326104442755e-02
4.161511364114395956e-02
3.480114456580463145e-02
2.785069284138847953e-02
2.172416203398956289e-02
1.671752057110144352e-02
1.301635151783243037e-02
1.063299106961844778e-02
9.287328881358041313e-03
8.770179468533442421e-03
9.022566612311287704e-03
1.007371216384965809e-02
1.198375643021894893e-02
1.475855296515162299e-02
1.843295687931821927e-02
2.315267252831498465e-02
2.925575912528639855e-02
5.145787046546149851e-02
6.153828698174563377e-02
6.905544288745170400e-02
7.176477406520277713e-02
6.905544288745171788e-02
6.153828698174563377e-02
5.145787046546149851e-02
4.161511364114395956e-02
3.307769865156236916e-02
2.568926348404346888e-02
1.955835717196774404e-02
1.475855296515162993e-02
1.116583755701311235e-02
8.770179468533445891e-03
7.472291158495544643e-03
7.067845377513331043e-03
7.472291158495537704e-03
8.770179468533452830e-03
1.116583755701310542e-02
1.475855296515162299e-02
1.955835717196774057e-02
2.568926348404346888e-02
3.307769865156236916e-02
4.161511364114395956e-02
6.087994548667383793e-02
7.231229474029501891e-02
8.066348102679619936e-02
8.024468161058864735e-02
7.176477406520277713e-02
5.950479807616091549e-02
4.647877118616025593e-02
3.480114456580462451e-02
2.568926348404346888e-02
1.892616473193614243e-02
1.392828033379657320e-02
1.030473786473359334e-02
7.820702193701508514e-03
6.364929087133550448e-03
5.796012652477702636e-03
6.006594901735010095e-03
7.067845377513324104e-03
9.287328881358041313e-03
1.302635616160487814e-02
1.843295687931821927e-02
2.568926348404347235e-02
3.454541234641021058e-02
4.338265378507615705e-02
5.144529353855655657e-02
5.520254214718342545e-02
6.708148413961137480e-02
7.960304581161323223e-02
8.066348102679619936e-02
6.905544288745171788e-02
5.346222284106286193e-02
3.930514476889761244e-02
2.785069284138847259e-02
1.955835717196773363e-02
1.392828033379657493e-02
1.005625497904421087e-02
7.451416368618801918e-03
5.867772224747378959e-03
5.116844364139365095e-03
5.086946841838325788e-03
5.796012652477702636e-03
7.472291158495544643e-03
1.063299106961844778e-02
1.575353698996724214e-02
2.315267252831498812e-02
3.307769865156236916e-02
4.338265378507615705e-02
4.920192334366595144e-02
5.069341736450259234e-02
4.106834422666378465e-02
5.123327663322560510e-02
6.708148413961137480e-02
7.231229474029501891e-02
6.153828698174563377e-02
4.545111468579974418e-02
3.186518350256471038e-02
2.172416203398956289e-02
1.475855296515162299e-02
1.030473786473358466e-02
7.451416368618801918e-03
5.728960434479869572e-03
4.871161442696026259e-03
4.669719696981425826e-03
5.116844364139361626e-03
6.364929087133553917e-03
8.770179468533445891e-03
1.301635151783242343e-02
1.967661055468982595e-02
2.925575912528640896e-02
4.161511364114396649e-02
5.144529353855655657e-02
5.069341736450259234e-02
4.299066494794028664e-02
1.243224235428535066e-02
2.002508285321178555e-02
4.106834422666377771e-02
5.775509073100983798e-02
5.321971850428892925e-02
3.785794609744878858e-02
2.474542171459674297e-02
1.580041441467417221e-02
1.007371216384964768e-02
6.745594858955715305e-03
4.871161442696020187e-03
3.918890129039067152e-03
3.640431649801534157e-03
3.918890129039069754e-03
4.871161442696026259e-03
6.745594858955724846e-03
1.007371216384965462e-02
1.580041441467415833e-02
2.474542171459673603e-02
3.785794609744880246e-02
5.321971850428892925e-02
5.775509073100985186e-02
4.106834422666378465e-02
2.002508285321178208e-02
2.002508285321178555e-02
2.600239420039524713e-02
4.299066494794027971e-02
5.408541552610582337e-02
4.753719326104442755e-02
3.338661441490835963e-02
2.183290214891632150e-02
1.399159230067032605e-02
9.022566612311287704e-03
6.197324517101237412e-03
4.669719696981418887e-03
3.977230936868356333e-03
3.918890129039067152e-03
4.442698288657925820e-03
5.728960434479862633e-03
8.062663319654583480e-03
1.198375643021896454e-02
1.846099786632324213e-02
2.828884467107531039e-02
4.225567381851250137e-02
5.870869360297487072e-02
6.554787211026741334e-02
5.123327663322561204e-02
2.962749285924159981e-02
4.106834422666378465e-02
4.299066494794027971e-02
5.069341736450260621e-02
5.144529353855655657e-02
4.161511364114396649e-02
2.925575912528640549e-02
1.967661055468981554e-02
1.301635151783241302e-02
8.770179468533438952e-03
6.364929087133553917e-03
5.116844364139348615e-03
4.669719696981422356e-03
4.871161442696020187e-03
5.728960434479859164e-03
7.451416368618798448e-03
1.030473786473358466e-02
1.475855296515161952e-02
2.172416203398956983e-02
3.186518350256472426e-02
4.545111468579973030e-02
6.153828698174563377e-02
7.231229474029503279e-02
6.708148413961137480e-02
5.123327663322561204e-02
5.775509073100985186e-02
5.408541552610582337e-02
5.144529353855654963e-02
4.479072406747186541e-02
3.480114456580463145e-02
2.536281958602222553e-02
1.802452475558878262e-02
1.271213216196351824e-02
9.287328881358027435e-03
7.324459066417782910e-03
6.364929087133553917e-03
6.197324517101240882e-03
6.745594858955724846e-03
8.062663319654580010e-03
1.030473786473358293e-02
1.365077637553185202e-02
1.843295687931821927e-02
2.536281958602221859e-02
3.488990999332829135e-02
4.658423349094671650e-02
5.950479807616090855e-02
7.016601794026137984e-02
7.231229474029503279e-02
6.554787211026741334e-02
5.321971850428892925e-02
4.753719326104443449e-02
4.161511364114395956e-02
3.480114456580462451e-02
2.785069284138847606e-02
2.172416203398956289e-02
1.671752057110144352e-02
1.301635151783241302e-02
1.063299106961844084e-02
9.287328881358027435e-03
8.770179468533438952e-03
9.022566612311294643e-03
1.007371216384965289e-02
1.198375643021895934e-02
1.475855296515161605e-02
1.843295687931821580e-02
2.315267252831498465e-02
2.925575912528640549e-02
3.693687540971773292e-02
4.545111468579973724e-02
5.346222284106286887e-02
5.950479807616090855e-02
6.153828698174563377e-02
5.870869360297486378e-02
3.785794609744879552e-02
3.338661441490835963e-02
2.925575912528641589e-02
2.536281958602221512e-02
2.172416203398955942e-02
1.846099786632323866e-02
1.580041441467417221e-02
1.399159230067033299e-02
1.301635151783241302e-02
1.271213216196351477e-02
1.301635151783241996e-02
1.399159230067032952e-02
1.580041441467417221e-02
1.846099786632323519e-02
2.172416203398956289e-02
2.536281958602221512e-02
2.925575912528640202e-02
3.338661441490835963e-02
3.785794609744878858e-02
4.225567381851249443e-02
4.545111468579973724e-02
4.658423349094670957e-02
4.545111468579973030e-02
4.225567381851250137e-02
2.474542171459674297e-02
2.183290214891632844e-02
1.967661055468981207e-02
1.802452475558879649e-02
1.671752057110144352e-02
1.580041441467416180e-02
1.545518175420391473e-02
1.580041441467416527e-02
1.671752057110144352e-02
1.802452475558877915e-02
1.967661055468982248e-02
2.183290214891632497e-02
2.474542171459673603e-02
2.828884467107531733e-02
3.186518350256471038e-02
3.488990999332827747e-02
3.693687540971773292e-02
3.785794609744878858e-02
3.805056213060575149e-02
3.785794609744878858e-02
3.693687540971773986e-02
3.488990999332829135e-02
3.186518350256471038e-02
2.828884467107530346e-02
1.580041441467415833e-02
1.399159230067032605e-02
1.301635151783241996e-02
1.271213216196351824e-02
1.301635151783242690e-02
1.399159230067033299e-02
1.580041441467416527e-02
1.846099786632324560e-02
2.172416203398956289e-02
2.536281958602221512e-02
2.925575912528639855e-02
3.338661441490835963e-02
3.785794609744878858e-02
4.225567381851250137e-02
4.545111468579973030e-02
4.658423349094669569e-02
4.545111468579973030e-02
4.225567381851248749e-02
3.785794609744878858e-02
3.338661441490835963e-02
2.925575912528640202e-02
2.536281958602222206e-02
2.172416203398956983e-02
1.846099786632324213e-02
1.007371216384965462e-02
9.022566612311280765e-03
8.770179468533438952e-03
9.287328881358041313e-03
1.063299106961844084e-02
1.301635151783242690e-02
1.671752057110144352e-02
2.172416203398955942e-02
2.785069284138848300e-02
3.480114456580462451e-02
4.161511364114396649e-02
4.753719326104441367e-02
5.321971850428893619e-02
5.870869360297486378e-02
6.153828698174563377e-02
5.950479807616091549e-02
5.346222284106285499e-02
4.545111468579973030e-02
3.693687540971773292e-02
2.925575912528639855e-02
2.315267252831498465e-02
1.843295687931821927e-02
1.475855296515162299e-02
1.198375643021896628e-02
6.745594858955724846e-03
6.197324517101240882e-03
6.364929087133546978e-03
7.324459066417782910e-03
9.287328881358027435e-03
1.271213216196352518e-02
1.802452475558879649e-02
2.536281958602221512e-02
3.480114456580461757e-02
4.479072406747186541e-02
5.144529353855654963e-02
5.408541552610583031e-02
5.775509073100983798e-02
6.554787211026741334e-02
7.231229474029501891e-02
7.016601794026137984e-02
5.950479807616091549e-02
4.658423349094670263e-02
3.488990999332827747e-02
2.536281958602221165e-02
1.843295687931821233e-02
1.365077637553185549e-02
1.030473786473358466e-02
8.062663319654586949e-03
4.871161442696029728e-03
4.669719696981425826e-03
5.116844364139355554e-03
6.364929087133546978e-03
8.770179468533438952e-03
1.301635151783242690e-02
1.967661055468982248e-02
2.925575912528641589e-02
4.161511364114395956e-02
5.144529353855655657e-02
5.069341736450259234e-02
4.299066494794027971e-02
4.106834422666378465e-02
5.123327663322559816e-02
6.708148413961137480e-02
7.231229474029501891e-02
6.153828698174563377e-02
4.545111468579974418e-02
3.186518350256471038e-02
2.172416203398956289e-02
1.475855296515161605e-02
1.030473786473357946e-02
7.451416368618804520e-03
5.728960434479859164e-03
3.918890129039073224e-03
3.977230936868363272e-03
4.669719696981425826e-03
6.197324517101237412e-03
9.022566612311280765e-03
1.399159230067032259e-02
2.183290214891632497e-02
3.338661441490835963e-02
4.753719326104443449e-02
5.408541552610582337e-02
4.299066494794027971e-02
2.600239420039524019e-02
2.002508285321178555e-02
2.962749285924159287e-02
5.123327663322559816e-02
6.554787211026741334e-02
5.870869360297485684e-02
4.225567381851250137e-02
2.828884467107531733e-02
1.846099786632323519e-02
1.198375643021895413e-02
8.062663319654576541e-03
5.728960434479853960e-03
4.442698288657931892e-03
3.640431649801534157e-03
3.918890129039069754e-03
4.871161442696026259e-03
6.745594858955724846e-03
1.007371216384965462e-02
1.580041441467415833e-02
2.474542171459673603e-02
3.785794609744880246e-02
5.321971850428892925e-02
5.775509073100985186e-02
4.106834422666378465e-02
2.002508285321178208e-02
1.243224235428535066e-02
2.002508285321178555e-02
4.106834422666377771e-02
5.775509073100983798e-02
5.321971850428892925e-02
3.785794609744878858e-02
2.474542171459674297e-02
1.580041441467417221e-02
1.007371216384964768e-02
6.745594858955715305e-03
4.871161442696020187e-03
3.918890129039067152e-03
3.918890129039067152e-03
4.442698288657925820e-03
5.728960434479862633e-03
8.062663319654583480e-03
1.198375643021896454e-02
1.846099786632324213e-02
2.828884467107531039e-02
4.225567381851250137e-02
5.870869360297487072e-02
6.554787211026741334e-02
5.123327663322561204e-02
2.962749285924159981e-02
2.002508285321178555e-02
2.600239420039524713e-02
4.299066494794027971e-02
5.408541552610582337e-02
4.753719326104442755e-02
3.338661441490835963e-02
2.183290214891632150e-02
1.399159230067032605e-02
9.022566612311287704e-03
6.197324517101237412e-03
4.669719696981418887e-03
3.977230936868356333e-03
4.871161442696020187e-03
5.728960434479859164e-03
7.451416368618798448e-03
1.030473786473358466e-02
1.475855296515161952e-02
2.172416203398956983e-02
3.186518350256472426e-02
4.545111468579973030e-02
6.153828698174563377e-02
7.231229474029503279e-02
6.708148413961137480e-02
5.123327663322561204e-02
4.106834422666378465e-02
4.299066494794027971e-02
5.069341736450260621e-02
5.144529353855655657e-02
4.161511364114396649e-02
2.925575912528640549e-02
1.967661055468981554e-02
1.301635151783241302e-02
8.770179468533438952e-03
6.364929087133553917e-03
5.116844364139348615e-03
4.669719696981422356e-03
6.745594858955724846e-03
8.062663319654580010e-03
1.030473786473358293e-02
1.365077637553185202e-02
1.843295687931821927e-02
2.536281958602221859e-02
3.488990999332829135e-02
4.658423349094671650e-02
5.950479807616090855e-02
7.016601794026137984e-02
7.231229474029503279e-02
6.554787211026741334e-02
5.775509073100985186e-02
5.408541552610582337e-02
5.144529353855654963e-02
4.479072406747186541e-02
3.480114456580463145e-02
2.536281958602222553e-02
1.802452475558878262e-02
1.271213216196351824e-02
9.287328881358027435e-03
7.324459066417782910e-03
6.364929087133553917e-03
6.197324517101240882e-03
1.007371216384965289e-02
1.198375643021895934e-02
1.475855296515161605e-02
1.843295687931821580e-02
2.315267252831498465e-02
2.925575912528640549e-02
3.693687540971773292e-02
4.545111468579973724e-02
5.346222284106286887e-02
5.950479807616090855e-02
6.153828698174563377e-02
5.870869360297486378e-02
5.321971850428892925e-02
4.753719326104443449e-02
4.161511364114395956e-02
3.480114456580462451e-02
2.785069284138847606e-02
2.172416203398956289e-02
1.671752057110144352e-02
1.301635151783241302e-02
1.063299106961844084e-02
9.287328881358027435e-03
8.770179468533438952e-03
9.022566612311294643e-03
1.580041441467417221e-02
1.846099786632323519e-02
2.172416203398956289e-02
2.536281958602221512e-02
2.925575912528640202e-02
3.338661441490835963e-02
3.785794609744878858e-02
4.225567381851249443e-02
4.545111468579973724e-02
4.658423349094670957e-02
4.545111468579973030e-02
4.225567381851250137e-02
3.785794609744879552e-02
3.338661441490835963e-02
2.925575912528641589e-02
2.536281958602221512e-02
2.172416203398955942e-02
1.846099786632323866e-02
1.580041441467417221e-02
1.399159230067033299e-02
1.301635151783241302e-02
1.271213216196351477e-02
1.301635151783241996e-02
1.399159230067032952e-02
2.474542171459673603e-02
2.828884467107531733e-02
3.186518350256471038e-02
3.488990999332827747e-02
3.693687540971773292e-02
3.785794609744878858e-02
3.805056213060575149e-02
3.785794609744878858e-02
3.693687540971773986e-02
3.488990999332829135e-02
3.186518350256471038e-02
2.828884467107530346e-02
2.474542171459674297e-02
2.183290214891632844e-02
1.967661055468981207e-02
1.802452475558879649e-02
1.671752057110144352e-02
1.580041441467416180e-02
1.545518175420391473e-02
1.580041441467416527e-02
1.671752057110144352e-02
1.802452475558877915e-02
1.967661055468982248e-02
2.183290214891632497e-02
3.785794609744878858e-02
4.225567381851250137e-02
4.545111468579973030e-02
4.658423349094669569e-02
4.545111468579973030e-02
4.225567381851248749e-02
3.785794609744878858e-02
3.338661441490835963e-02
2.925575912528640202e-02
2.536281958602222206e-02
2.172416203398956983e-02
1.846099786632324213e-02
1.580041441467415833e-02
1.399159230067032605e-02
1.301635151783241996e-02
1.271213216196351824e-02
1.301635151783242690e-02
1.399159230067033299e-02
1.580041441467416527e-02
1.846099786632324560e-02
2.172416203398956289e-02
2.536281958602221512e-02
2.925575912528639855e-02
3.338661441490835963e-02
5.321971850428893619e-02
5.870869360297486378e-02
6.153828698174563377e-02
5.950479807616091549e-02
5.346222284106285499e-02
4.545111468579973030e-02
3.693687540971773292e-02
2.925575912528639855e-02
2.315267252831498465e-02
1.843295687931821927e-02
1.475855296515162299e-02
1.198375643021896628e-02
1.007371216384965462e-02
9.022566612311280765e-03
8.770179468533438952e-03
9.287328881358041313e-03
1.063299106961844084e-02
1.301635151783242690e-02
1.671752057110144352e-02
2.172416203398955942e-02
2.785069284138848300e-02
3.480114456580462451e-02
4.161511364114396649e-02
4.753719326104441367e-02
5.775509073100983798e-02
6.554787211026741334e-02
7.231229474029501891e-02
7.016601794026137984e-02
5.950479807616091549e-02
4.658423349094670263e-02
3.488990999332827747e-02
2.536281958602221165e-02
1.843295687931821233e-02
1.365077637553185549e-02
1.030473786473358466e-02
8.062663319654586949e-03
6.745594858955724846e-03
6.197324517101240882e-03
6.364929087133546978e-03
7.324459066417782910e-03
9.287328881358027435e-03
1.271213216196352518e-02
1.802452475558879649e-02
2.536281958602221512e-02
3.480114456580461757e-02
4.479072406747186541e-02
5.144529353855654963e-02
5.408541552610583031e-02
4.106834422666378465e-02
5.123327663322559816e-02
6.708148413961137480e-02
7.231229474029501891e-02
6.153828698174563377e-02
4.545111468579974418e-02
3.186518350256471038e-02
2.172416203398956289e-02
1.475855296515161605e-02
1.030473786473357946e-02
7.451416368618804520e-03
5.728960434479859164e-03
4.871161442696029728e-03
4.669719696981425826e-03
5.116844364139355554e-03
6.364929087133546978e-03
8.770179468533438952e-03
1.301635151783242690e-02
1.967661055468982248e-02
2.925575912528641589e-02
4.161511364114395956e-02
5.144529353855655657e-02
5.069341736450259234e-02
4.299066494794027971e-02
2.002508285321178555e-02
2.962749285924159287e-02
5.123327663322559816e-02
6.554787211026741334e-02
5.870869360297485684e-02
4.225567381851250137e-02
2.828884467107531733e-02
1.846099786632323519e-02
1.198375643021895413e-02
8.062663319654576541e-03
5.728960434479853960e-03
4.442698288657931892e-03
3.918890129039073224e-03
3.977230936868363272e-03
4.669719696981425826e-03
6.197324517101237412e-03
9.022566612311280765e-03
1.399159230067032259e-02
2.183290214891632497e-02
3.338661441490835963e-02
4.753719326104443449e-02
5.408541552610582337e-02
4.299066494794027971e-02
2.600239420039524019e-02
