9.999999999999999547e-07
9.999999999999999547e-07
9.921318680040635066e-03
5.031614764652645594e-02
5.669379766585570801e-02
3.958552014820532899e-02
2.480244909252413144e-02
1.568982541756288457e-02
1.021766768500647835e-02
6.725843724137032034e-03
5.049496506716719471e-03
4.762700995580267452e-03
4.789324996737778437e-03
4.756614066357438796e-03
5.029025674330108581e-03
6.647662908907368134e-03
1.005788637466664692e-02
1.565573480460803746e-02
2.446882708954728480e-02
3.990302476593957787e-02
5.715724793770038392e-02
4.955069482449934309e-02
9.923203955576831437e-03
9.999999999999999547e-07
9.999999999999999547e-07
9.999999999999999547e-07
3.907128569470903756e-02
5.771971062819850062e-02
5.627846187700419334e-02
3.880956882644545636e-02
2.498618009731396958e-02
1.595762773356601549e-02
1.055118450003342950e-02
7.028961390520407047e-03
5.361331061807816240e-03
4.907914502290592999e-03
4.756495129758277381e-03
4.923982447349364508e-03
5.378592465158714246e-03
6.979921358391375646e-03
1.041879397327001751e-02
1.592682199395758710e-02
2.463343315503926587e-02
3.916918293200630230e-02
5.682023306712857824e-02
5.689003360607419735e-02
3.910023417036493504e-02
9.999999999999999547e-07
9.921318680040553534e-03
3.907128569470905838e-02
4.020907846251673551e-02
6.585457626994031810e-02
5.413563546405608662e-02
3.704816293284327045e-02
2.516046572228854486e-02
1.673076226267279989e-02
1.161750027145757452e-02
8.105851886062541770e-03
6.163705571238569693e-03
5.351422888287275977e-03
5.029025674330113785e-03
5.391070369058456081e-03
6.187959838223664778e-03
8.037711777807904356e-03
1.151383638577497398e-02
1.670528459551367043e-02
2.491206204970698723e-02
3.726522640651671464e-02
5.456998451492786617e-02
6.606689856759953572e-02
4.024340781391388261e-02
3.942010391124312063e-02
5.031614764652646982e-02
5.771971062819863940e-02
6.585457626994033198e-02
6.113430648197026168e-02
4.727840767276759310e-02
3.475882666370040674e-02
2.507515954581012244e-02
1.804253134649318191e-02
1.347300644567206787e-02
1.026783510641321624e-02
8.060538336528732736e-03
6.958906901579514116e-03
6.647662908907371604e-03
6.994580602197434521e-03
8.037711777807897418e-03
1.017325771515471648e-02
1.342853001016579458e-02
1.806910704336753618e-02
2.506230824322019241e-02
3.476966074815938945e-02
4.722493061452239654e-02
6.153693015959143392e-02
6.596060696414471347e-02
5.807133810746026303e-02
5.669379766585575658e-02
5.627846187700427660e-02
5.413563546405610744e-02
4.727840767276760697e-02
3.924877431959197110e-02
3.140083526860603519e-02
2.490571532671820992e-02
1.990498556130350025e-02
1.618111922972746350e-02
1.346209581560414703e-02
1.154716020944517203e-02
1.041290466248901044e-02
1.005788637466664692e-02
1.043366734171727143e-02
1.151383638577498265e-02
1.342853001016579978e-02
1.623556642529323801e-02
2.007450478560767609e-02
2.514897845582461655e-02
3.150115594823858084e-02
3.924287881444439574e-02
4.721572928120157386e-02
5.397277710745290724e-02
5.639157535981774438e-02
3.958552014820539144e-02
3.880956882644549105e-02
3.704816293284329820e-02
3.475882666370044838e-02
3.140083526860603519e-02
2.784652062581670709e-02
2.462561277738941484e-02
2.206791580543131237e-02
1.992007889243197979e-02
1.803509295568703555e-02
1.670876698588570630e-02
1.592377473503509000e-02
1.565573480460805134e-02
1.592699058224547951e-02
1.670528459551368430e-02
1.806910704336753964e-02
2.007450478560767956e-02
2.238626207698089093e-02
2.501205236661995651e-02
2.811632146523249803e-02
3.152954791202912388e-02
3.485855909320916685e-02
3.714041703044868026e-02
3.886135200636185727e-02
2.480244909252415572e-02
2.498618009731398346e-02
2.516046572228854486e-02
2.507515954581014325e-02
2.490571532671820992e-02
2.462561277738945995e-02
2.444068159283801708e-02
2.466973596362150717e-02
2.495798764017380725e-02
2.501284916651100657e-02
2.495174289724725117e-02
2.469741556615671213e-02
2.446882708954730215e-02
2.462561187868110568e-02
2.491206204970697682e-02
2.506230824322018894e-02
2.514897845582462002e-02
2.501205236661998080e-02
2.483065428657785581e-02
2.494983788479800471e-02
2.511455064912816379e-02
2.512464516969327086e-02
2.511448829617842632e-02
2.494027070738598709e-02
1.568982541756290192e-02
1.595762773356602590e-02
1.673076226267279989e-02
1.804253134649319232e-02
1.990498556130348984e-02
2.206791580543131237e-02
2.466973596362148982e-02
2.788894536741255356e-02
3.138212667097018543e-02
3.475477972074202809e-02
3.721583026572610614e-02
3.905137911967924980e-02
3.990302476593955705e-02
3.915479788925412680e-02
3.726522640651670076e-02
3.476966074815941027e-02
3.150115594823856696e-02
2.811632146523247722e-02
2.494983788479801512e-02
2.232111945511120951e-02
2.007043976026344489e-02
1.809475868738099832e-02
1.672859366446708893e-02
1.595414991819956579e-02
1.021766768500647661e-02
1.055118450003342256e-02
1.161750027145757626e-02
1.347300644567208175e-02
1.618111922972747044e-02
1.992007889243199367e-02
2.495798764017377602e-02
3.138212667097018543e-02
3.921221701927333353e-02
4.751295993323977757e-02
5.492262563641182177e-02
5.701966759520488842e-02
5.715724793770046025e-02
5.696579587568405267e-02
5.456998451492793556e-02
4.722493061452238267e-02
3.924287881444440962e-02
3.152954791202910306e-02
2.511455064912815338e-02
2.007043976026343102e-02
1.626151123799862708e-02
1.353394309592299838e-02
1.164077540450259539e-02
1.059435417089509696e-02
6.725843724137034636e-03
7.028961390520417456e-03
8.105851886062552178e-03
1.026783510641321798e-02
1.346209581560414703e-02
1.803509295568703555e-02
2.501284916651098922e-02
3.475477972074201422e-02
4.751295993323981920e-02
6.192959316200289527e-02
6.609434595000908408e-02
5.707222189574730209e-02
4.955069482449928758e-02
5.716331768871337621e-02
6.606689856759939694e-02
6.153693015959145474e-02
4.721572928120153917e-02
3.485855909320914603e-02
2.512464516969327086e-02
1.809475868738098792e-02
1.353394309592300532e-02
1.039340753953260470e-02
8.147572839686579443e-03
7.078322705231023491e-03
5.049496506716721206e-03
5.361331061807816240e-03
6.163705571238566223e-03
8.060538336528737940e-03
1.154716020944518591e-02
1.670876698588567855e-02
2.495174289724724423e-02
3.721583026572608532e-02
5.492262563641177320e-02
6.609434595000902857e-02
3.915060330867808219e-02
3.968588120632433880e-02
9.869523830561038186e-03
3.971674573981610890e-02
3.973839271183512295e-02
6.599189671914054700e-02
5.419308924266289657e-02
3.718508959397936325e-02
2.510297422587124891e-02
1.673542730752928392e-02
1.169488277379519825e-02
8.211639840812981483e-03
6.215572954808424970e-03
5.401821754015836106e-03
4.762700995580257911e-03
4.907914502290578254e-03
5.351422888287275977e-03
6.958906901579504575e-03
1.041290466248900870e-02
1.592377473503508306e-02
2.469741556615671907e-02
3.905137911967924980e-02
5.701966759520488842e-02
5.707222189574730209e-02
3.968588120632431104e-02
9.999999999999999547e-07
9.999999999999999547e-07
9.999999999999999547e-07
3.942010391124305818e-02
5.807133810746032548e-02
5.639157535981779296e-02
3.886135200636189890e-02
2.494027070738595586e-02
1.595414991819956232e-02
1.059435417089510563e-02
7.078322705231031298e-03
5.390663868837584742e-03
4.930583187045114307e-03
4.789324996737778437e-03
4.756495129758273911e-03
5.029025674330108581e-03
6.647662908907373339e-03
1.005788637466666080e-02
1.565573480460806174e-02
2.446882708954729521e-02
3.990302476593955705e-02
5.715724793770042556e-02
4.955069482449928758e-02
9.869523830561116248e-03
9.999999999999999547e-07
9.999999999999999547e-07
9.999999999999999547e-07
9.921318680040635066e-03
5.031614764652651839e-02
5.669379766585577046e-02
3.958552014820540532e-02
2.480244909252414184e-02
1.568982541756288110e-02
1.021766768500648355e-02
6.725843724137032034e-03
5.037547248093359950e-03
4.762700995580263982e-03
4.756614066357443132e-03
4.923982447349367110e-03
5.391070369058452612e-03
6.994580602197432787e-03
1.043366734171727490e-02
1.592699058224547951e-02
2.462561187868111956e-02
3.915479788925410598e-02
5.696579587568401104e-02
5.716331768871340396e-02
3.971674573981614359e-02
9.999999999999999547e-07
9.999999999999999547e-07
9.999999999999999547e-07
3.938708133212565077e-02
5.798390712412129083e-02
5.644005319363949724e-02
3.875887560489394562e-02
2.501210940595175944e-02
1.595106968859660856e-02
1.056920850109619933e-02
7.043713116020164020e-03
5.351941421903060915e-03
4.907852580121800298e-03
5.029025674330116387e-03
5.378592465158709042e-03
6.187959838223660441e-03
8.037711777807904356e-03
1.151383638577498439e-02
1.670528459551368083e-02
2.491206204970696295e-02
3.726522640651667995e-02
5.456998451492790086e-02
6.606689856759939694e-02
3.973839271183519234e-02
3.942010391124307900e-02
9.921318680040560473e-03
3.938708133212567158e-02
4.020907846251672857e-02
6.585457626994038749e-02
5.413563546405610744e-02
3.704816293284325657e-02
2.516046572228852751e-02
1.673076226267277214e-02
1.161750027145757626e-02
8.105851886062541770e-03
6.132137634976967018e-03
5.351422888287273374e-03
6.647662908907375073e-03
6.979921358391371310e-03
8.037711777807904356e-03
1.017325771515471648e-02
1.342853001016579978e-02
1.806910704336754311e-02
2.506230824322020628e-02
3.476966074815939639e-02
4.722493061452239654e-02
6.153693015959144780e-02
6.599189671914054700e-02
5.807133810746036712e-02
5.031614764652651839e-02
5.798390712412129083e-02
6.585457626994037361e-02
6.113430648197022699e-02
4.727840767276762085e-02
3.475882666370042756e-02
2.507515954581012244e-02
1.804253134649318191e-02
1.347300644567208522e-02
1.026783510641321971e-02
7.996321765126898282e-03
6.958906901579514116e-03
1.005788637466664692e-02
1.041879397327001230e-02
1.151383638577497918e-02
1.342853001016579458e-02
1.623556642529324495e-02
2.007450478560767609e-02
2.514897845582460614e-02
3.150115594823858778e-02
3.924287881444443044e-02
4.721572928120154611e-02
5.419308924266292432e-02
5.639157535981777908e-02
5.669379766585579822e-02
5.644005319363953194e-02
5.413563546405612131e-02
4.727840767276760697e-02
3.924877431959196417e-02
3.140083526860604213e-02
2.490571532671819605e-02
1.990498556130350372e-02
1.618111922972746697e-02
1.346209581560415050e-02
1.149578714441705507e-02
1.041290466248900697e-02
1.565573480460802705e-02
1.592682199395758363e-02
1.670528459551368083e-02
1.806910704336753964e-02
2.007450478560767609e-02
2.238626207698090481e-02
2.501205236661998427e-02
2.811632146523248069e-02
3.152954791202913082e-02
3.485855909320914603e-02
3.718508959397941183e-02
3.886135200636191972e-02
3.958552014820542614e-02
3.875887560489399419e-02
3.704816293284329820e-02
3.475882666370044144e-02
3.140083526860604907e-02
2.784652062581670015e-02
2.462561277738943913e-02
2.206791580543130196e-02
1.992007889243199714e-02
1.803509295568703555e-02
1.670807209258352855e-02
1.592377473503509000e-02
2.446882708954730215e-02
2.463343315503929362e-02
2.491206204970698029e-02
2.506230824322018200e-02
2.514897845582463043e-02
2.501205236661998080e-02
2.483065428657786969e-02
2.494983788479800471e-02
2.511455064912816032e-02
2.512464516969328127e-02
2.510297422587126626e-02
2.494027070738600443e-02
2.480244909252415919e-02
2.501210940595176638e-02
2.516046572228854139e-02
2.507515954581014325e-02
2.490571532671821339e-02
2.462561277738945995e-02
2.444068159283802402e-02
2.466973596362151064e-02
2.495798764017380725e-02
2.501284916651102044e-02
2.495806598489781758e-02
2.469741556615671560e-02
3.990302476593960562e-02
3.916918293200634393e-02
3.726522640651671464e-02
3.476966074815941027e-02
3.150115594823858778e-02
2.811632146523247028e-02
2.494983788479801512e-02
2.232111945511120951e-02
2.007043976026343102e-02
1.809475868738098792e-02
1.673542730752929433e-02
1.595414991819956232e-02
1.568982541756290192e-02
1.595106968859661550e-02
1.673076226267279989e-02
1.804253134649318191e-02
1.990498556130349678e-02
2.206791580543129849e-02
2.466973596362150717e-02
2.788894536741253621e-02
3.138212667097020625e-02
3.475477972074203503e-02
3.717463640935045333e-02
3.905137911967927755e-02
5.715724793770035617e-02
5.682023306712864763e-02
5.456998451492792168e-02
4.722493061452239654e-02
3.924287881444438880e-02
3.152954791202911000e-02
2.511455064912813950e-02
2.007043976026344143e-02
1.626151123799862708e-02
1.353394309592300532e-02
1.169488277379521039e-02
1.059435417089510910e-02
1.021766768500648528e-02
1.056920850109619760e-02
1.161750027145759534e-02
1.347300644567209736e-02
1.618111922972747044e-02
1.992007889243199367e-02
2.495798764017380031e-02
3.138212667097018543e-02
3.921221701927328496e-02
4.751295993323975675e-02
5.472267846615079534e-02
5.701966759520487454e-02
4.955069482449936391e-02
5.689003360607412796e-02
6.606689856759946633e-02
6.153693015959144780e-02
4.721572928120154611e-02
3.485855909320914603e-02
2.512464516969327086e-02
1.809475868738098792e-02
1.353394309592300185e-02
1.039340753953259949e-02
8.211639840812981483e-03
7.078322705231031298e-03
6.725843724137034636e-03
7.043713116020166622e-03
8.105851886062550443e-03
1.026783510641322318e-02
1.346209581560414703e-02
1.803509295568702167e-02
2.501284916651098228e-02
3.475477972074201422e-02
4.751295993323979144e-02
6.192959316200291608e-02
6.597779688563654155e-02
5.707222189574737148e-02
9.923203955576772456e-03
3.910023417036493504e-02
4.024340781391388261e-02
6.596060696414465796e-02
5.397277710745287949e-02
3.714041703044863862e-02
2.511448829617841938e-02
1.672859366446708893e-02
1.164077540450259886e-02
8.147572839686575974e-03
6.215572954808427572e-03
5.390663868837587344e-03
5.037547248093363420e-03
5.351941421903060915e-03
6.132137634976970487e-03
7.996321765126901751e-03
1.149578714441706548e-02
1.670807209258353201e-02
2.495806598489778635e-02
3.717463640935043251e-02
5.472267846615073289e-02
6.597779688563647216e-02
4.020871864858535649e-02
3.938711272259518698e-02
9.999999999999999547e-07
9.999999999999999547e-07
3.942010391124312757e-02
5.807133810746022834e-02
5.639157535981773745e-02
3.886135200636188503e-02
2.494027070738594545e-02
1.595414991819957273e-02
1.059435417089509869e-02
7.078322705231020889e-03
5.401821754015833504e-03
4.930583187045110838e-03
4.762700995580255309e-03
4.907852580121785553e-03
5.351422888287273374e-03
6.958906901579508045e-03
1.041290466248899829e-02
1.592377473503507265e-02
2.469741556615671213e-02
3.905137911967929837e-02
5.701966759520485373e-02
5.707222189574730209e-02
3.938711272259518698e-02
9.999999999999999547e-07
9.999999999999999547e-07
9.999999999999999547e-07
3.907128569470904450e-02
5.771971062819861858e-02
5.627846187700417946e-02
3.880956882644547024e-02
2.498618009731397999e-02
1.595762773356602590e-02
1.055118450003341563e-02
7.028961390520417456e-03
5.361331061807812770e-03
4.907914502290586928e-03
4.756495129758277381e-03
4.923982447349361906e-03
5.378592465158714246e-03
6.979921358391373044e-03
1.041879397327001577e-02
1.592682199395758710e-02
2.463343315503926934e-02
3.916918293200635781e-02
5.682023306712862681e-02
5.689003360607413490e-02
3.910023417036493504e-02
9.999999999999999547e-07
9.999999999999999547e-07
9.999999999999999547e-07
3.429392144110181978e-02
6.346855547627856808e-02
5.921666277082539981e-02
4.216488528288239723e-02
2.812929018232534356e-02
1.825829104230057565e-02
1.232291719800740308e-02
8.268188961885648489e-03
5.932741095182983947e-03
5.143382326063134988e-03
4.918275369622571863e-03
5.061629356251045805e-03
5.420300793941966282e-03
6.616301916457909341e-03
9.440078350384607797e-03
1.443673904325317413e-02
2.203885658449012547e-02
3.463850826509810854e-02
5.323541161852696907e-02
6.173690380275866085e-02
3.445166309890092260e-02
9.999999999999999547e-07
3.907128569470905838e-02
3.429392144110180590e-02
5.035629681597073720e-02
7.066398864920196699e-02
6.072415356904815181e-02
4.425583671120514317e-02
3.151531501699905008e-02
2.164776264620928148e-02
1.496698821668042412e-02
1.052357651240497585e-02
7.498687222719402357e-03
5.926155663084300800e-03
5.378592465158714246e-03
5.409588760419091306e-03
5.805156832161520800e-03
6.862674714316811461e-03
9.243978558955250058e-03
1.353706107859294419e-02
1.990611266677583951e-02
3.027473519598712637e-02
4.661204703154685908e-02
6.399433332961182441e-02
4.961018974951753036e-02
3.386139751739521836e-02
5.771971062819863940e-02
6.346855547627859584e-02
7.066398864920198086e-02
6.821861602259492174e-02
5.754110754218701856e-02
4.519866096075571271e-02
3.481504911688401011e-02
2.606133323606470500e-02
1.922851424976036380e-02
1.404261399901184960e-02
1.049082662977529959e-02
8.179937847415299362e-03
6.979921358391373912e-03
6.597896637674036634e-03
6.862674714316812329e-03
7.807704065273494455e-03
9.820778244729025733e-03
1.319556718722275472e-02
1.804698923029512264e-02
2.607490447420316576e-02
3.724063553664183623e-02
5.301252820796303888e-02
6.381781006026396308e-02
6.186552898295538672e-02
5.627846187700424191e-02
5.921666277082548308e-02
6.072415356904813794e-02
5.754110754218701856e-02
5.134941740023653278e-02
4.455375797012217642e-02
3.730981315427363276e-02
3.031625308775982505e-02
2.456074874909782921e-02
1.926368031326126246e-02
1.497973189508750025e-02
1.223899961788570481e-02
1.041879397327001230e-02
9.415835333488739231e-03
9.243978558955239649e-03
9.820778244729018794e-03
1.128130542404589230e-02
1.353443709102353405e-02
1.673184666834383674e-02
2.164850842760869878e-02
2.884576702500640452e-02
3.734152230113509108e-02
4.624030415285552975e-02
5.280076385164914760e-02
3.880956882644551187e-02
4.216488528288240417e-02
4.425583671120515011e-02
4.519866096075571965e-02
4.455375797012217642e-02
4.255119147314734979e-02
3.915400302483106748e-02
3.458800087704996112e-02
3.029079156257744043e-02
2.607514184105396218e-02
2.161245533291286311e-02
1.820678242972025365e-02
1.592682199395760445e-02
1.442124591525643235e-02
1.353706107859296154e-02
1.319556718722276513e-02
1.353443709102352885e-02
1.444072650545509887e-02
1.595120988227101758e-02
1.823634927057946747e-02
2.160919052174465130e-02
2.606779337281348724e-02
3.018426154622899302e-02
3.437307495593656254e-02
2.498618009731398346e-02
2.812929018232534009e-02
3.151531501699905008e-02
3.481504911688402398e-02
3.730981315427366746e-02
3.915400302483110911e-02
3.993172251022407415e-02
3.910288645308670347e-02
3.717479062929687078e-02
3.472207199747774642e-02
3.138057704271372816e-02
2.787844256586735625e-02
2.463343315503929362e-02
2.206777144229612672e-02
1.990611266677583951e-02
1.804698923029512958e-02
1.673184666834385062e-02
1.595120988227101758e-02
1.568443889334842495e-02
1.595471309219410536e-02
1.672852097570372981e-02
1.808027183934554638e-02
2.006930267851251420e-02
2.234955190085911175e-02
1.595762773356602243e-02
1.825829104230057565e-02
2.164776264620929536e-02
2.606133323606470847e-02
3.031625308775980077e-02
3.458800087704995418e-02
3.910288645308668265e-02
4.245913657650540740e-02
4.441502786169984618e-02
4.519648389100606317e-02
4.446110250646792550e-02
4.248661605926204454e-02
3.916918293200628148e-02
3.458748276292559348e-02
3.027473519598713331e-02
2.607490447420315535e-02
2.164850842760869185e-02
1.823634927057945360e-02
1.595471309219411576e-02
1.448076369591871394e-02
1.359217329694339081e-02
1.325359418029765403e-02
1.359181741140370707e-02
1.446407398971118023e-02
1.055118450003342083e-02
1.232291719800740308e-02
1.496698821668043800e-02
1.922851424976036380e-02
2.456074874909782921e-02
3.029079156257744390e-02
3.717479062929683609e-02
4.441502786169982536e-02
5.131022274690167501e-02
5.787566067112019652e-02
6.155461475929530774e-02
5.995734419130953341e-02
5.682023306712861294e-02
5.342428990467064376e-02
4.661204703154688683e-02
3.724063553664185705e-02
2.884576702500641146e-02
2.160919052174465130e-02
1.672852097570374022e-02
1.359217329694338387e-02
1.140895031695440820e-02
9.962112788107132036e-03
9.367698191492782392e-03
9.562960326623730356e-03
7.028961390520408782e-03
8.268188961885645019e-03
1.052357651240497412e-02
1.404261399901184613e-02
1.926368031326125552e-02
2.607514184105393443e-02
3.472207199747771866e-02
4.519648389100603542e-02
5.787566067112020346e-02
6.913803963276900222e-02
7.063846259940168015e-02
6.325061144018469250e-02
5.689003360607407939e-02
6.170009371586279018e-02
6.399433332961183829e-02
5.301252820796303195e-02
3.734152230113507026e-02
2.606779337281346295e-02
1.808027183934554291e-02
1.325359418029765750e-02
9.962112788107137240e-03
7.902057916140063643e-03
6.905657980130168808e-03
6.651122438523112551e-03
5.361331061807814505e-03
5.932741095182987416e-03
7.498687222719404091e-03
1.049082662977529265e-02
1.497973189508749678e-02
2.161245533291284576e-02
3.138057704271367959e-02
4.446110250646786999e-02
6.155461475929529386e-02
7.063846259940172179e-02
4.992365394074943508e-02
3.322956949168483914e-02
3.940384422934430086e-02
3.352465213912093206e-02
4.938371482367678866e-02
6.390249793482855045e-02
4.645489387353860661e-02
3.023107041145459140e-02
2.006292262501441215e-02
1.357671943584190695e-02
9.371353023993899550e-03
6.913337307230215528e-03
5.805785197730468222e-03
5.412863159620141286e-03
4.907914502290594734e-03
5.143382326063134120e-03
5.926155663084300800e-03
8.179937847415309771e-03
1.223899961788569961e-02
1.820678242972024671e-02
2.787844256586732850e-02
4.248661605926203760e-02
5.995734419130948484e-02
6.325061144018466475e-02
3.322956949168482527e-02
9.999999999999999547e-07
9.999999999999999547e-07
9.999999999999999547e-07
3.386139751739519754e-02
6.186552898295535202e-02
5.280076385164907821e-02
3.437307495593652090e-02
2.234955190085909441e-02
1.446407398971116288e-02
9.562960326623730356e-03
6.651122438523109949e-03
5.410426021647634504e-03
5.058658148496303526e-03
4.756495129758277381e-03
4.918275369622569261e-03
5.378592465158714246e-03
6.979921358391373044e-03
1.041879397327002098e-02
1.592682199395760445e-02
2.463343315503926934e-02
3.916918293200628148e-02
5.682023306712864069e-02
5.689003360607408633e-02
3.940384422934429393e-02
9.999999999999999547e-07
9.999999999999999547e-07
9.999999999999999547e-07
3.907128569470897511e-02
5.771971062819868797e-02
5.627846187700424191e-02
3.880956882644547717e-02
2.498618009731397999e-02
1.595762773356601549e-02
1.055118450003342777e-02
7.028961390520417456e-03
5.347905074835148515e-03
4.907914502290590397e-03
4.923982447349368845e-03
5.061629356251045805e-03
5.409588760419086102e-03
6.597896637674040971e-03
9.415835333488742701e-03
1.442124591525642020e-02
2.206777144229610590e-02
3.458748276292557267e-02
5.342428990467064376e-02
6.170009371586281793e-02
3.352465213912092512e-02
9.999999999999999547e-07
9.999999999999999547e-07
9.999999999999999547e-07
3.363134383652414267e-02
6.348307896205390710e-02
5.932427583475589211e-02
4.219207315277432452e-02
2.811680099079393730e-02
1.823618064178845685e-02
1.235240076228770814e-02
8.320285870635699133e-03
5.925543354905011759e-03
5.163609777709089396e-03
5.378592465158718583e-03
5.420300793941970618e-03
5.805156832161520800e-03
6.862674714316809726e-03
9.243978558955246588e-03
1.353706107859296154e-02
1.990611266677583951e-02
3.027473519598711249e-02
4.661204703154690765e-02
6.399433332961174115e-02
4.938371482367681642e-02
3.386139751739519060e-02
3.907128569470897511e-02
3.363134383652414267e-02
5.035629681597070945e-02
7.066398864920202250e-02
6.072415356904813794e-02
4.425583671120519175e-02
3.151531501699906396e-02
2.164776264620928495e-02
1.496698821668044146e-02
1.052357651240498106e-02
7.398933119608978003e-03
5.926155663084303402e-03
6.979921358391375646e-03
6.616301916457905004e-03
6.862674714316812329e-03
7.807704065273494455e-03
9.820778244729023998e-03
1.319556718722276513e-02
1.804698923029513305e-02
2.607490447420313801e-02
3.724063553664183623e-02
5.301252820796307358e-02
6.390249793482857821e-02
6.186552898295542141e-02
5.771971062819866716e-02
6.348307896205401812e-02
7.066398864920202250e-02
6.821861602259483848e-02
5.754110754218699081e-02
4.519866096075571271e-02
3.481504911688401011e-02
2.606133323606469807e-02
1.922851424976039850e-02
1.404261399901185654e-02
1.040011479728930946e-02
8.179937847415302832e-03
1.041879397327000883e-02
9.440078350384604328e-03
9.243978558955241384e-03
9.820778244729013590e-03
1.128130542404590445e-02
1.353443709102353405e-02
1.673184666834384715e-02
2.164850842760867797e-02
2.884576702500641493e-02
3.734152230113509108e-02
4.645489387353864130e-02
5.280076385164912678e-02
5.627846187700427660e-02
5.932427583475589905e-02
6.072415356904813794e-02
5.754110754218700469e-02
5.134941740023647727e-02
4.455375797012217642e-02
3.730981315427366052e-02
3.031625308775981117e-02
2.456074874909785002e-02
1.926368031326126246e-02
1.496022718348370174e-02
1.223899961788569614e-02
1.592682199395759751e-02
1.443673904325318627e-02
1.353706107859295286e-02
1.319556718722275819e-02
1.353443709102352885e-02
1.444072650545510927e-02
1.595120988227101758e-02
1.823634927057946747e-02
2.160919052174465477e-02
2.606779337281347683e-02
3.023107041145459140e-02
3.437307495593658335e-02
3.880956882644551187e-02
4.219207315277434533e-02
4.425583671120518481e-02
4.519866096075571965e-02
4.455375797012216255e-02
4.255119147314732897e-02
3.915400302483106748e-02
3.458800087704996112e-02
3.029079156257743349e-02
2.607514184105394831e-02
2.161316981622340289e-02
1.820678242972022937e-02
2.463343315503927280e-02
2.203885658449012547e-02
1.990611266677585339e-02
1.804698923029513999e-02
1.673184666834385062e-02
1.595120988227101758e-02
1.568443889334841454e-02
1.595471309219411576e-02
1.672852097570374022e-02
1.808027183934553944e-02
2.006292262501441215e-02
2.234955190085911175e-02
2.498618009731398346e-02
2.811680099079397199e-02
3.151531501699907090e-02
3.481504911688403786e-02
3.730981315427366746e-02
3.915400302483112299e-02
3.993172251022407415e-02
3.910288645308670347e-02
3.717479062929685690e-02
3.472207199747776724e-02
3.138191356335000987e-02
2.787844256586734584e-02
3.916918293200633699e-02
3.463850826509811548e-02
3.027473519598715065e-02
2.607490447420316229e-02
2.164850842760870572e-02
1.823634927057947094e-02
1.595471309219410883e-02
1.448076369591871047e-02
1.359217329694339428e-02
1.325359418029764882e-02
1.357671943584191389e-02
1.446407398971116809e-02
1.595762773356602590e-02
1.823618064178845338e-02
2.164776264620929536e-02
2.606133323606469807e-02
3.031625308775979383e-02
3.458800087704995418e-02
3.910288645308670347e-02
4.245913657650540740e-02
4.441502786169982536e-02
4.519648389100607705e-02
4.441606496618314553e-02
4.248661605926210699e-02
5.682023306712864069e-02
5.323541161852698989e-02
4.661204703154687295e-02
3.724063553664185011e-02
2.884576702500639064e-02
2.160919052174463048e-02
1.672852097570372981e-02
1.359217329694340122e-02
1.140895031695440993e-02
9.962112788107133771e-03
9.371353023993894346e-03
9.562960326623728621e-03
1.055118450003343124e-02
1.235240076228771681e-02
1.496698821668044493e-02
1.922851424976039503e-02
2.456074874909784309e-02
3.029079156257743349e-02
3.717479062929684996e-02
4.441502786169984618e-02
5.131022274690166113e-02
5.787566067112018264e-02
6.139223848982894999e-02
5.995734419130949872e-02
5.689003360607416959e-02
6.173690380275863310e-02
6.399433332961183829e-02
5.301252820796303888e-02
3.734152230113508414e-02
2.606779337281345602e-02
1.808027183934553944e-02
1.325359418029765750e-02
9.962112788107133771e-03
7.902057916140061908e-03
6.913337307230215528e-03
6.651122438523112551e-03
7.028961390520411384e-03
8.320285870635699133e-03
1.052357651240497238e-02
1.404261399901187389e-02
1.926368031326124858e-02
2.607514184105393443e-02
3.472207199747772560e-02
4.519648389100602154e-02
5.787566067112015489e-02
6.913803963276902997e-02
7.071413745140348039e-02
6.325061144018469250e-02
3.910023417036493504e-02
3.445166309890095035e-02
4.961018974951753036e-02
6.381781006026387981e-02
4.624030415285550200e-02
3.018426154622896526e-02
2.006930267851252114e-02
1.359181741140369146e-02
9.367698191492778922e-03
6.905657980130173144e-03
5.805785197730470824e-03
5.410426021647639708e-03
5.347905074835153719e-03
5.925543354905016095e-03
7.398933119608981472e-03
1.040011479728930599e-02
1.496022718348370868e-02
2.161316981622340289e-02
3.138191356334998905e-02
4.441606496618310390e-02
6.139223848982893611e-02
7.071413745140346652e-02
5.035639795383568124e-02
3.363063570727559820e-02
9.999999999999999547e-07
9.999999999999999547e-07
3.386139751739521142e-02
6.186552898295527569e-02
5.280076385164910596e-02
3.437307495593651396e-02
2.234955190085910481e-02
1.446407398971116288e-02
9.562960326623723417e-03
6.651122438523109949e-03
5.412863159620145623e-03
5.058658148496300924e-03
4.907914502290595601e-03
5.163609777709085059e-03
5.926155663084298197e-03
8.179937847415302832e-03
1.223899961788569267e-02
1.820678242972022937e-02
2.787844256586732156e-02
4.248661605926202373e-02
5.995734419130942933e-02
6.325061144018469250e-02
3.363063570727556351e-02
9.999999999999999547e-07
9.921318680040557003e-03
3.907128569470904450e-02
4.020907846251679102e-02
6.585457626994030422e-02
5.413563546405609356e-02
3.704816293284325657e-02
2.516046572228853445e-02
1.673076226267279989e-02
1.161750027145756932e-02
8.105851886062548708e-03
6.163705571238563621e-03
5.351422888287276844e-03
5.029025674330111183e-03
5.391070369058452612e-03
6.187959838223664778e-03
8.037711777807904356e-03
1.151383638577498439e-02
1.670528459551366349e-02
2.491206204970698723e-02
3.726522640651670076e-02
5.456998451492788005e-02
6.606689856759941082e-02
4.024340781391391036e-02
3.942010391124315533e-02
3.907128569470905838e-02
3.429392144110182672e-02
5.035629681597073720e-02
7.066398864920193923e-02
6.072415356904811018e-02
4.425583671120517093e-02
3.151531501699902926e-02
2.164776264620928148e-02
1.496698821668044146e-02
1.052357651240498106e-02
7.498687222719415367e-03
5.926155663084298197e-03
5.378592465158709909e-03
5.409588760419093909e-03
5.805156832161524269e-03
6.862674714316809726e-03
9.243978558955244854e-03
1.353706107859296154e-02
1.990611266677583951e-02
3.027473519598713331e-02
4.661204703154687295e-02
6.399433332961182441e-02
4.961018974951746791e-02
3.386139751739523918e-02
4.020907846251681877e-02
5.035629681597070945e-02
7.021868673008434258e-02
7.448282902710104403e-02
6.573354734097838770e-02
5.110532409420907862e-02
3.922128190017213495e-02
2.886021739715610712e-02
2.054541908172953513e-02
1.431847877646815967e-02
1.005847304717277443e-02
7.450046449566954075e-03
6.187959838223664778e-03
5.776925874661753210e-03
5.885528578724072250e-03
6.577963945174018084e-03
8.049388725741287581e-03
1.132805466667293100e-02
1.619001283341599956e-02
2.454290213598857295e-02
3.698519063434047710e-02
5.732855339647615484e-02
6.467092791758956294e-02
5.012192256420827663e-02
6.585457626994031810e-02
7.066398864920202250e-02
7.448282902710104403e-02
7.412727992963671908e-02
6.775261361312168162e-02
5.766054146399285374e-02
4.733428897658388534e-02
3.738753140998083563e-02
2.813213226255338595e-02
2.048356913347556749e-02
1.433719392403793626e-02
1.042153269692547984e-02
8.037711777807897418e-03
6.818805425841436597e-03
6.577963945174011146e-03
6.894725958716967779e-03
7.708554711612886079e-03
9.882343965832891125e-03
1.351545462583715086e-02
1.924712109803503046e-02
2.803093632285938094e-02
4.100747418487353524e-02
5.694913033840430516e-02
6.366852900860885123e-02
5.413563546405609356e-02
6.072415356904815181e-02
6.573354734097841545e-02
6.775261361312168162e-02
6.631940516985077028e-02
6.152405714710338508e-02
5.477723150392727752e-02
4.680504546278218408e-02
3.709016655519692396e-02
2.809744958523431591e-02
2.059212390301791776e-02
1.496211007663013348e-02
1.151383638577497398e-02
9.185733933342571378e-03
8.049388725741287581e-03
7.708554711612886946e-03
8.066165652072512446e-03
9.318819459212143025e-03
1.167015183317129425e-02
1.498939760073246183e-02
2.054527512719465585e-02
2.805576059556515178e-02
3.688678568282635628e-02
4.647378414168185784e-02
3.704816293284327738e-02
4.425583671120517093e-02
5.110532409420907862e-02
5.766054146399287456e-02
6.152405714710335732e-02
6.002711712039369291e-02
5.696432519160467278e-02
5.342446830802503183e-02
4.682530065877484049e-02
3.726574687426740390e-02
2.881908785241663051e-02
2.157576561113021263e-02
1.670528459551368777e-02
1.349653674777847798e-02
1.132805466667294661e-02
9.882343965832896329e-03
9.318819459212148229e-03
9.541839984157975477e-03
1.056917561571730710e-02
1.235235911030503966e-02
1.497177373740944846e-02
1.926183173092453280e-02
2.453049170343126958e-02
3.019748470787643121e-02
2.516046572228853445e-02
3.151531501699902926e-02
3.922128190017208638e-02
4.733428897658385759e-02
5.477723150392727752e-02
5.696432519160468666e-02
5.712955971642986325e-02
5.684837157012748166e-02
5.472323441297308189e-02
4.739708588085170260e-02
3.924167344510360450e-02
3.139848640042101208e-02
2.491206204970696295e-02
1.992052253629889025e-02
1.619001283341599262e-02
1.351545462583715086e-02
1.167015183317129078e-02
1.056917561571732618e-02
1.021669406309310205e-02
1.057744829141777330e-02
1.164029598507393577e-02
1.348487183163150395e-02
1.626180100942729162e-02
2.008417363844926945e-02
1.673076226267279296e-02
2.164776264620928148e-02
2.886021739715612100e-02
3.738753140998084257e-02
4.680504546278222572e-02
5.342446830802503183e-02
5.684837157012750247e-02
5.985054084232879074e-02
6.139215299958689087e-02
5.779714075184996802e-02
5.134513548418703777e-02
4.451171553020366600e-02
3.726522640651670076e-02
3.029045634072441776e-02
2.454290213598857295e-02
1.924712109803502699e-02
1.498939760073243581e-02
1.235235911030504487e-02
1.057744829141776984e-02
9.585761901306100868e-03
9.368309971998228444e-03
9.918552689456327717e-03
1.140974874001088671e-02
1.354856373108704812e-02
1.161750027145756411e-02
1.496698821668042065e-02
2.054541908172950043e-02
2.813213226255338595e-02
3.709016655519690314e-02
4.682530065877482661e-02
5.472323441297303331e-02
6.139215299958686312e-02
6.629145362039821909e-02
6.800885608987482234e-02
6.630740572192128646e-02
6.136711631383495735e-02
5.456998451492794944e-02
4.682461825399601707e-02
3.698519063434047710e-02
2.803093632285938094e-02
2.054527512719466278e-02
1.497177373740945713e-02
1.164029598507393751e-02
9.368309971998224975e-03
8.128610879906603831e-03
7.752801254703082547e-03
8.128424099291868543e-03
9.309729734364611750e-03
8.105851886062541770e-03
1.052357651240497238e-02
1.431847877646815967e-02
2.048356913347555708e-02
2.809744958523431591e-02
3.726574687426736920e-02
4.739708588085169566e-02
5.779714075184994027e-02
6.800885608987485009e-02
7.494805041941884904e-02
7.479412642280340584e-02
7.063014080735868783e-02
6.606689856759950796e-02
6.388050646870324645e-02
5.732855339647616871e-02
4.100747418487347973e-02
2.805576059556511362e-02
1.926183173092454320e-02
1.348487183163149354e-02
9.918552689456331187e-03
7.752801254703086016e-03
6.900400459340589113e-03
6.591360583520085650e-03
6.866364748627149656e-03
6.163705571238563621e-03
7.498687222719402357e-03
1.005847304717276056e-02
1.433719392403794146e-02
2.059212390301790388e-02
2.881908785241662010e-02
3.924167344510358368e-02
5.134513548418695450e-02
6.630740572192125870e-02
7.479412642280337808e-02
7.073150954661140688e-02
5.080863927095071592e-02
3.973839271183517152e-02
4.989838062960875315e-02
6.495854832278399882e-02
5.718162227969548345e-02
3.698114451220325949e-02
2.455526178035121257e-02
1.624776183906723875e-02
1.134366657142872083e-02
8.094146919302297460e-03
6.581337749394186067e-03
5.882198936124884148e-03
5.782891531872843584e-03
5.351422888287276844e-03
5.926155663084300800e-03
7.450046449566949738e-03
1.042153269692548505e-02
1.496211007663015083e-02
2.157576561113018834e-02
3.139848640042101902e-02
4.451171553020361743e-02
6.136711631383490878e-02
7.063014080735868783e-02
5.080863927095068816e-02
3.296985920905345230e-02
3.942010391124315533e-02
3.329378616381189343e-02
5.012192256420831132e-02
6.366852900860886511e-02
4.647378414168180233e-02
3.019748470787640693e-02
2.008417363844926945e-02
1.354856373108702210e-02
9.309729734364620424e-03
6.866364748627149656e-03
5.777087956174815735e-03
5.395412125752262374e-03
5.029025674330111183e-03
5.378592465158714246e-03
6.187959838223663044e-03
8.037711777807902622e-03
1.151383638577498092e-02
1.670528459551368083e-02
2.491206204970697682e-02
3.726522640651667995e-02
5.456998451492789393e-02
6.606689856759942470e-02
3.973839271183517152e-02
3.942010391124318308e-02
9.921318680040557003e-03
3.938708133212573403e-02
4.020907846251679102e-02
6.585457626994038749e-02
5.413563546405610744e-02
3.704816293284329126e-02
2.516046572228853098e-02
1.673076226267277214e-02
1.161750027145758840e-02
8.105851886062546974e-03
6.132137634976967018e-03
5.351422888287280313e-03
5.391070369058462153e-03
5.409588760419089572e-03
5.776925874661748006e-03
6.818805425841438332e-03
9.185733933342571378e-03
1.349653674777847451e-02
1.992052253629887637e-02
3.029045634072440735e-02
4.682461825399601707e-02
6.388050646870326033e-02
4.989838062960875315e-02
3.329378616381189343e-02
3.938708133212576873e-02
3.297148056460897508e-02
5.101389706607433600e-02
7.059167891355999647e-02
6.070596559019644095e-02
4.434841581372094693e-02
3.153086009910800736e-02
2.160929957323422593e-02
1.497151141382528812e-02
1.055405363461473130e-02
7.449927865095309909e-03
5.967491855600776975e-03
6.187959838223664778e-03
5.805156832161520800e-03
5.885528578724068781e-03
6.577963945174015482e-03
8.049388725741287581e-03
1.132805466667293447e-02
1.619001283341600303e-02
2.454290213598858683e-02
3.698519063434044934e-02
5.732855339647614096e-02
6.495854832278399882e-02
5.012192256420827663e-02
4.020907846251676326e-02
5.101389706607431518e-02
7.021868673008438422e-02
7.448282902710101627e-02
6.573354734097838770e-02
5.110532409420907862e-02
3.922128190017213495e-02
2.886021739715613835e-02
2.054541908172953513e-02
1.431847877646817008e-02
9.960876235733249345e-03
7.450046449566949738e-03
8.037711777807900887e-03
6.862674714316815798e-03
6.577963945174016350e-03
6.894725958716967779e-03
7.708554711612886946e-03
9.882343965832891125e-03
1.351545462583715607e-02
1.924712109803502352e-02
2.803093632285937747e-02
4.100747418487350054e-02
5.718162227969553896e-02
6.366852900860889286e-02
6.585457626994038749e-02
7.059167891356002422e-02
7.448282902710112729e-02
7.412727992963674684e-02
6.775261361312168162e-02
5.766054146399288843e-02
4.733428897658387147e-02
3.738753140998080787e-02
2.813213226255343105e-02
2.048356913347557789e-02
1.430116015873888514e-02
1.042153269692548158e-02
1.151383638577497572e-02
9.243978558955246588e-03
8.049388725741284112e-03
7.708554711612882610e-03
8.066165652072514181e-03
9.318819459212146494e-03
1.167015183317129425e-02
1.498939760073243581e-02
2.054527512719467319e-02
2.805576059556513790e-02
3.698114451220328031e-02
4.647378414168189253e-02
5.413563546405615601e-02
6.070596559019639932e-02
6.573354734097838770e-02
6.775261361312170938e-02
6.631940516985075640e-02
6.152405714710338508e-02
5.477723150392729834e-02
4.680504546278221184e-02
3.709016655519694478e-02
2.809744958523431591e-02
2.058981317338076308e-02
1.496211007663012828e-02
1.670528459551368083e-02
1.353706107859295807e-02
1.132805466667293447e-02
9.882343965832894594e-03
9.318819459212148229e-03
9.541839984157975477e-03
1.056917561571731924e-02
1.235235911030505007e-02
1.497177373740945713e-02
1.926183173092456055e-02
2.455526178035120563e-02
3.019748470787641040e-02
3.704816293284329126e-02
4.434841581372097469e-02
5.110532409420909250e-02
5.766054146399288843e-02
6.152405714710337120e-02
6.002711712039369985e-02
5.696432519160466584e-02
5.342446830802503183e-02
4.682530065877482661e-02
3.726574687426739696e-02
2.882396180226047544e-02
2.157576561113018834e-02
2.491206204970699417e-02
1.990611266677587074e-02
1.619001283341601344e-02
1.351545462583716301e-02
1.167015183317129425e-02
1.056917561571732271e-02
1.021669406309310725e-02
1.057744829141777330e-02
1.164029598507394618e-02
1.348487183163150395e-02
1.624776183906724569e-02
2.008417363844926598e-02
2.516046572228852057e-02
3.153086009910799348e-02
3.922128190017208638e-02
4.733428897658387147e-02
5.477723150392728446e-02
5.696432519160466584e-02
5.712955971642985631e-02
5.684837157012750247e-02
5.472323441297310270e-02
4.739708588085174423e-02
3.921280472818831214e-02
3.139848640042101902e-02
3.726522640651671464e-02
3.027473519598713678e-02
2.454290213598857642e-02
1.924712109803504434e-02
1.498939760073246183e-02
1.235235911030504487e-02
1.057744829141776984e-02
9.585761901306100868e-03
9.368309971998223240e-03
9.918552689456322513e-03
1.134366657142871736e-02
1.354856373108703077e-02
1.673076226267278255e-02
2.160929957323422593e-02
2.886021739715612100e-02
3.738753140998080787e-02
4.680504546278218408e-02
5.342446830802501101e-02
5.684837157012748166e-02
5.985054084232872135e-02
6.139215299958693250e-02
5.779714075184996802e-02
5.130995376557322823e-02
4.451171553020367988e-02
5.456998451492790086e-02
4.661204703154688683e-02
3.698519063434046322e-02
2.803093632285938094e-02
2.054527512719464544e-02
1.497177373740944846e-02
1.164029598507392883e-02
9.368309971998226710e-03
8.128610879906607301e-03
7.752801254703086016e-03
8.094146919302297460e-03
9.309729734364616954e-03
1.161750027145757452e-02
1.497151141382529679e-02
2.054541908172952819e-02
2.813213226255341023e-02
3.709016655519691702e-02
4.682530065877486131e-02
5.472323441297307495e-02
6.139215299958690475e-02
6.629145362039819134e-02
6.800885608987485009e-02
6.629136352049994074e-02
6.136711631383490878e-02
6.606689856759945245e-02
6.399433332961183829e-02
5.732855339647613402e-02
4.100747418487350054e-02
2.805576059556513790e-02
1.926183173092452933e-02
1.348487183163150395e-02
9.918552689456329452e-03
7.752801254703090353e-03
6.900400459340591715e-03
6.581337749394187801e-03
6.866364748627150523e-03
8.105851886062545239e-03
1.055405363461472089e-02
1.431847877646817008e-02
2.048356913347556749e-02
2.809744958523430203e-02
3.726574687426739696e-02
4.739708588085170260e-02
5.779714075184996802e-02
6.800885608987482234e-02
7.494805041941887680e-02
7.469597283789541908e-02
7.063014080735866007e-02
4.024340781391386873e-02
4.961018974951748178e-02
6.467092791758956294e-02
5.694913033840423577e-02
3.688678568282634934e-02
2.453049170343126958e-02
1.626180100942728468e-02
1.140974874001087457e-02
8.128424099291873747e-03
6.591360583520085650e-03
5.882198936124884148e-03
5.777087956174822674e-03
6.132137634976970487e-03
7.449927865095305572e-03
9.960876235733249345e-03
1.430116015873889555e-02
2.058981317338076308e-02
2.882396180226047891e-02
3.921280472818831214e-02
5.130995376557322823e-02
6.629136352049994074e-02
7.469597283789550235e-02
7.022051818224661623e-02
5.101521875700523734e-02
3.942010391124315533e-02
3.386139751739525305e-02
5.012192256420827663e-02
6.366852900860885123e-02
4.647378414168182315e-02
3.019748470787641040e-02
2.008417363844926945e-02
1.354856373108702557e-02
9.309729734364611750e-03
6.866364748627146186e-03
5.782891531872839247e-03
5.395412125752263241e-03
5.351422888287276844e-03
5.967491855600782179e-03
7.450046449566949738e-03
1.042153269692547811e-02
1.496211007663014216e-02
2.157576561113017793e-02
3.139848640042099820e-02
4.451171553020364519e-02
6.136711631383487409e-02
7.063014080735867395e-02
5.101521875700526509e-02
3.296985920905341760e-02
5.031614764652648369e-02
5.771971062819857001e-02
6.585457626994038749e-02
6.113430648197028944e-02
4.727840767276764861e-02
3.475882666370042756e-02
2.507515954581012244e-02
1.804253134649317844e-02
1.347300644567207654e-02
1.026783510641321104e-02
8.060538336528736206e-03
6.958906901579501106e-03
6.647662908907368134e-03
6.994580602197434521e-03
8.037711777807902622e-03
1.017325771515471995e-02
1.342853001016578590e-02
1.806910704336753964e-02
2.506230824322017853e-02
3.476966074815937557e-02
4.722493061452236879e-02
6.153693015959144780e-02
6.596060696414476898e-02
5.807133810746029773e-02
5.771971062819857001e-02
6.346855547627858196e-02
7.066398864920200862e-02
6.821861602259490787e-02
5.754110754218701856e-02
4.519866096075571271e-02
3.481504911688404480e-02
2.606133323606468419e-02
1.922851424976037768e-02
1.404261399901185307e-02
1.049082662977530826e-02
8.179937847415309771e-03
6.979921358391373044e-03
6.597896637674040103e-03
6.862674714316812329e-03
7.807704065273494455e-03
9.820778244729013590e-03
1.319556718722275819e-02
1.804698923029513305e-02
2.607490447420313801e-02
3.724063553664183623e-02
5.301252820796303195e-02
6.381781006026392145e-02
6.186552898295530345e-02
6.585457626994034586e-02
7.066398864920200862e-02
7.448282902710107178e-02
7.412727992963677459e-02
6.775261361312168162e-02
5.766054146399286068e-02
4.733428897658385759e-02
3.738753140998078706e-02
2.813213226255339289e-02
2.048356913347557443e-02
1.433719392403795707e-02
1.042153269692548158e-02
8.037711777807906091e-03
6.818805425841434863e-03
6.577963945174009411e-03
6.894725958716961707e-03
7.708554711612886946e-03
9.882343965832889390e-03
1.351545462583715086e-02
1.924712109803502699e-02
2.803093632285937747e-02
4.100747418487352136e-02
5.694913033840428435e-02
6.366852900860889286e-02
6.113430648197024780e-02
6.821861602259486623e-02
7.412727992963671908e-02
7.691262111656686773e-02
7.498087955543494831e-02
6.916112303539871664e-02
6.193301077911211178e-02
5.338516264157876917e-02
4.126883880793528331e-02
2.912983502404047770e-02
2.050581033550949450e-02
1.404593384423859052e-02
1.017325771515470954e-02
7.739344330811716993e-03
6.894725958716966044e-03
6.799216810731987040e-03
6.888261173238050331e-03
7.842505682440574152e-03
1.037341435474516994e-02
1.407105138009392270e-02
2.045612341218644090e-02
2.901000306250270735e-02
4.074919244792842704e-02
5.287696580510137245e-02
4.727840767276762085e-02
5.754110754218701856e-02
6.775261361312168162e-02
7.498087955543500382e-02
7.486987910071143948e-02
7.054629917575007403e-02
6.616199564360293606e-02
6.414501968133488885e-02
5.753272156658746639e-02
4.121007160069367625e-02
2.810522612884640628e-02
1.928898427886224093e-02
1.342853001016580325e-02
9.738934681706201343e-03
7.708554711612892150e-03
6.888261173238047728e-03
6.578016396326085563e-03
6.880701975444332430e-03
8.172562012082882840e-03
1.062083912648559281e-02
1.435625954277770268e-02
2.047066751823410635e-02
2.793960858685297019e-02
3.721370814449458803e-02
3.475882666370044838e-02
4.519866096075567108e-02
5.766054146399287456e-02
6.916112303539873052e-02
7.054629917575007403e-02
6.324663335497188177e-02
5.716276958420592885e-02
6.169868202079356601e-02
6.388007291261087184e-02
5.325210636604849751e-02
3.736182668176452754e-02
2.605794878368507261e-02
1.806910704336752924e-02
1.313982743245494314e-02
9.882343965832889390e-03
7.842505682440575887e-03
6.880701975444326358e-03
6.635448409869886682e-03
7.043789645569773807e-03
8.319693322168657604e-03
1.055409433587939719e-02
1.407779735508664365e-02
1.928406790574093213e-02
2.607991572132424551e-02
2.507515954581011550e-02
3.481504911688399623e-02
4.733428897658382983e-02
6.193301077911207708e-02
6.616199564360290830e-02
5.716276958420592885e-02
4.956502996860619875e-02
5.682185566267533572e-02
6.598056782838922218e-02
6.152593172136339855e-02
4.740347248074269076e-02
3.479825093188262941e-02
2.506230824322019241e-02
1.803522058780977072e-02
1.351545462583715086e-02
1.037341435474517168e-02
8.172562012082881105e-03
7.043789645569773807e-03
6.721491449637791854e-03
7.062113824434958741e-03
8.147691045007765184e-03
1.028130919883066090e-02
1.353381486838518659e-02
1.808238460029107375e-02
1.804253134649316109e-02
2.606133323606468072e-02
3.738753140998079399e-02
5.338516264157875529e-02
6.414501968133490273e-02
6.169868202079361458e-02
5.682185566267535654e-02
6.325521939737195620e-02
7.071497905266595219e-02
6.867266861140185197e-02
5.763584392381591870e-02
4.521910365928390185e-02
3.476966074815941027e-02
2.607400999625554203e-02
1.924712109803501658e-02
1.407105138009391229e-02
1.062083912648559801e-02
8.319693322168645461e-03
7.062113824434956139e-03
6.667016334975207729e-03
6.905691097310372693e-03
7.853300071513635849e-03
9.962098286384123841e-03
1.319448403750738893e-02
1.347300644567206787e-02
1.922851424976036033e-02
2.813213226255339289e-02
4.126883880793528331e-02
5.753272156658742476e-02
6.388007291261091347e-02
6.598056782838909728e-02
7.071497905266595219e-02
7.469618864506487321e-02
7.454319153718919067e-02
6.776445946445709689e-02
5.758793014047294129e-02
4.722493061452238267e-02
3.726518418982985303e-02
2.803093632285939135e-02
2.045612341218645130e-02
1.435625954277771135e-02
1.055409433587939892e-02
8.147691045007765184e-03
6.905691097310375295e-03
6.590819553325499500e-03
6.896200674474588059e-03
7.752882717356886569e-03
9.836176210941863229e-03
1.026783510641320930e-02
1.404261399901184960e-02
2.048356913347556055e-02
2.912983502404047076e-02
4.121007160069368319e-02
5.325210636604854608e-02
6.152593172136337080e-02
6.867266861140183809e-02
7.454319153718916291e-02
7.693120694024917217e-02
7.459450839787085119e-02
6.872094221709980355e-02
6.153693015959143392e-02
5.325210468208278758e-02
4.100747418487352136e-02
2.901000306250269695e-02
2.047066751823408554e-02
1.407779735508663671e-02
1.028130919883067304e-02
7.853300071513635849e-03
6.896200674474588059e-03
6.797275460813516877e-03
6.896178709364011311e-03
7.789676331124956166e-03
8.060538336528737940e-03
1.049082662977530132e-02
1.433719392403794146e-02
2.050581033550948756e-02
2.810522612884637852e-02
3.736182668176454835e-02
4.740347248074266301e-02
5.763584392381598809e-02
6.776445946445711077e-02
7.459450839787083731e-02
7.466015536088341231e-02
7.046601420961319528e-02
6.599189671914053312e-02
6.378417153975758647e-02
5.718162227969555977e-02
4.094134009379037098e-02
2.801333288449511447e-02
1.930494377377136792e-02
1.347477804843845786e-02
9.859632079284313608e-03
7.703956465743225755e-03
6.878447612367418265e-03
6.563610613916650259e-03
6.829767313254528696e-03
6.958906901579504575e-03
8.179937847415306301e-03
1.042153269692548505e-02
1.404593384423859052e-02
1.928898427886223399e-02
2.605794878368508996e-02
3.479825093188265023e-02
4.521910365928391573e-02
5.758793014047298292e-02
6.872094221709981743e-02
7.046601420961322304e-02
6.350428632414965857e-02
5.807133810746029079e-02
6.185840042502097069e-02
6.366852900860886511e-02
5.287696580510134470e-02
3.721370814449454639e-02
2.607991572132419347e-02
1.808238460029106334e-02
1.319448403750736812e-02
9.836176210941870168e-03
7.789676331124962237e-03
6.818744291064039037e-03
6.578936100715413945e-03
6.647662908907375073e-03
6.979921358391371310e-03
8.037711777807900887e-03
1.017325771515471475e-02
1.342853001016581192e-02
1.806910704336754658e-02
2.506230824322018200e-02
3.476966074815938945e-02
4.722493061452238267e-02
6.153693015959144780e-02
6.599189671914050537e-02
5.807133810746026303e-02
5.031614764652641431e-02
5.798390712412130471e-02
6.585457626994038749e-02
6.113430648197027556e-02
4.727840767276766248e-02
3.475882666370042756e-02
2.507515954581014325e-02
1.804253134649317844e-02
1.347300644567208522e-02
1.026783510641321624e-02
7.996321765126900016e-03
6.958906901579504575e-03
6.994580602197431052e-03
6.597896637674034899e-03
6.818805425841436597e-03
7.739344330811721330e-03
9.738934681706190935e-03
1.313982743245495702e-02
1.803522058780978460e-02
2.607400999625552121e-02
3.726518418982985303e-02
5.325210468208280146e-02
6.378417153975758647e-02
6.185840042502099845e-02
5.798390712412133940e-02
6.350316667912503377e-02
7.059167891356003810e-02
6.830621434477619769e-02
5.732782964869190950e-02
4.521569093501946746e-02
3.486000558934737592e-02
2.606774584222718710e-02
1.926192753537974908e-02
1.407780700213197983e-02
1.042131300942461536e-02
8.221284543946877701e-03
8.037711777807900887e-03
6.862674714316815798e-03
6.577963945174008543e-03
6.894725958716961707e-03
7.708554711612886946e-03
9.882343965832894594e-03
1.351545462583714566e-02
1.924712109803502699e-02
2.803093632285940176e-02
4.100747418487351442e-02
5.718162227969553896e-02
6.366852900860894837e-02
6.585457626994038749e-02
7.059167891355998259e-02
7.448282902710104403e-02
7.412727992963667745e-02
6.775261361312166775e-02
5.766054146399287456e-02
4.733428897658385759e-02
3.738753140998084257e-02
2.813213226255343105e-02
2.048356913347559177e-02
1.430116015873888168e-02
1.042153269692547117e-02
1.017325771515471475e-02
7.807704065273494455e-03
6.894725958716963442e-03
6.799216810731979234e-03
6.888261173238045994e-03
7.842505682440575887e-03
1.037341435474517515e-02
1.407105138009391229e-02
2.045612341218645130e-02
2.901000306250270735e-02
4.094134009379038486e-02
5.287696580510137245e-02
6.113430648197028944e-02
6.830621434477622544e-02
7.412727992963671908e-02
7.691262111656689549e-02
7.498087955543497607e-02
6.916112303539874440e-02
6.193301077911211178e-02
5.338516264157878305e-02
4.126883880793532494e-02
2.912983502404049505e-02
2.050633534641620181e-02
1.404593384423859573e-02
1.342853001016579111e-02
9.820778244729011855e-03
7.708554711612884344e-03
6.888261173238045994e-03
6.578016396326087298e-03
6.880701975444332430e-03
8.172562012082882840e-03
1.062083912648559454e-02
1.435625954277771135e-02
2.047066751823410982e-02
2.801333288449513875e-02
3.721370814449457415e-02
4.727840767276766248e-02
5.732782964869195808e-02
6.775261361312168162e-02
7.498087955543503158e-02
7.486987910071141172e-02
7.054629917575003240e-02
6.616199564360292218e-02
6.414501968133497212e-02
5.753272156658746639e-02
4.121007160069369707e-02
2.817451743833673805e-02
1.928898427886222358e-02
1.806910704336753618e-02
1.319556718722275472e-02
9.882343965832887656e-03
7.842505682440581091e-03
6.880701975444332430e-03
6.635448409869883213e-03
7.043789645569770337e-03
8.319693322168647195e-03
1.055409433587939719e-02
1.407779735508664365e-02
1.930494377377135057e-02
2.607991572132423511e-02
3.475882666370042756e-02
4.521569093501946746e-02
5.766054146399287456e-02
6.916112303539873052e-02
7.054629917575003240e-02
6.324663335497193728e-02
5.716276958420601212e-02
6.169868202079361458e-02
6.388007291261085796e-02
5.325210636604853220e-02
3.741137092363793631e-02
2.605794878368506221e-02
2.506230824322019241e-02
1.804698923029513999e-02
1.351545462583715607e-02
1.037341435474518035e-02
8.172562012082889779e-03
7.043789645569773807e-03
6.721491449637797926e-03
7.062113824434958741e-03
8.147691045007768654e-03
1.028130919883066957e-02
1.347477804843846827e-02
1.808238460029105987e-02
2.507515954581013284e-02
3.486000558934735510e-02
4.733428897658381596e-02
6.193301077911211178e-02
6.616199564360290830e-02
5.716276958420601212e-02
4.956502996860622651e-02
5.682185566267539123e-02
6.598056782838919443e-02
6.152593172136341243e-02
4.751306395611967076e-02
3.479825093188260859e-02
3.476966074815937557e-02
2.607490447420316229e-02
1.924712109803502699e-02
1.407105138009391576e-02
1.062083912648559801e-02
8.319693322168645461e-03
7.062113824434958741e-03
6.667016334975205127e-03
6.905691097310371826e-03
7.853300071513635849e-03
9.859632079284318812e-03
1.319448403750738373e-02
1.804253134649318538e-02
2.606774584222719751e-02
3.738753140998080787e-02
5.338516264157875529e-02
6.414501968133495824e-02
6.169868202079361458e-02
5.682185566267533572e-02
6.325521939737194232e-02
7.071497905266600770e-02
6.867266861140189360e-02
5.787501298432425750e-02
4.521910365928389491e-02
4.722493061452238267e-02
3.724063553664183623e-02
2.803093632285936707e-02
2.045612341218643396e-02
1.435625954277771135e-02
1.055409433587938851e-02
8.147691045007758245e-03
6.905691097310368357e-03
6.590819553325501234e-03
6.896200674474586324e-03
7.703956465743226623e-03
9.836176210941866699e-03
1.347300644567206787e-02
1.926192753537974908e-02
2.813213226255342064e-02
4.126883880793533188e-02
5.753272156658749414e-02
6.388007291261091347e-02
6.598056782838912504e-02
7.071497905266599382e-02
7.469618864506487321e-02
7.454319153718912128e-02
6.800929252699876304e-02
5.758793014047289965e-02
6.153693015959143392e-02
5.301252820796307358e-02
4.100747418487350054e-02
2.901000306250270389e-02
2.047066751823409941e-02
1.407779735508663324e-02
1.028130919883066784e-02
7.853300071513641054e-03
6.896200674474586324e-03
6.797275460813519479e-03
6.878447612367420867e-03
7.789676331124959635e-03
1.026783510641320930e-02
1.407780700213195901e-02
2.048356913347556749e-02
2.912983502404051586e-02
4.121007160069367625e-02
5.325210636604854608e-02
6.152593172136341243e-02
6.867266861140189360e-02
7.454319153718920454e-02
7.693120694024918604e-02
7.454318777132716567e-02
6.872094221709978967e-02
6.596060696414471347e-02
6.381781006026387981e-02
5.694913033840429128e-02
4.074919244792844092e-02
2.793960858685296672e-02
1.928406790574093560e-02
1.353381486838518659e-02
9.962098286384111698e-03
7.752882717356884834e-03
6.896178709364009576e-03
6.563610613916647657e-03
6.818744291064035568e-03
7.996321765126894812e-03
1.042131300942461015e-02
1.430116015873888514e-02
2.050633534641618447e-02
2.817451743833672764e-02
3.741137092363795019e-02
4.751306395611965688e-02
5.787501298432427138e-02
6.800929252699877692e-02
7.454318777132716567e-02
7.448242967290591432e-02
7.059221735158327515e-02
5.807133810746029773e-02
6.186552898295530345e-02
6.366852900860892062e-02
5.287696580510139327e-02
3.721370814449458803e-02
2.607991572132425592e-02
1.808238460029107375e-02
1.319448403750738893e-02
9.836176210941870168e-03
7.789676331124959635e-03
6.829767313254534768e-03
6.578936100715417415e-03
6.958906901579508045e-03
8.221284543946877701e-03
1.042153269692546423e-02
1.404593384423859052e-02
1.928898427886220970e-02
2.605794878368507261e-02
3.479825093188260859e-02
4.521910365928388104e-02
5.758793014047292047e-02
6.872094221709977580e-02
7.059221735158323352e-02
6.350428632414960306e-02
5.669379766585574271e-02
5.627846187700426273e-02
5.413563546405614213e-02
4.727840767276762085e-02
3.924877431959197110e-02
3.140083526860604907e-02
2.490571532671820992e-02
1.990498556130350025e-02
1.618111922972747391e-02
1.346209581560414356e-02
1.154716020944517897e-02
1.041290466248901044e-02
1.005788637466665039e-02
1.043366734171727664e-02
1.151383638577498092e-02
1.342853001016580325e-02
1.623556642529323454e-02
2.007450478560766569e-02
2.514897845582462349e-02
3.150115594823856696e-02
3.924287881444441656e-02
4.721572928120153917e-02
5.397277710745294887e-02
5.639157535981774438e-02
5.627846187700421415e-02
5.921666277082546920e-02
6.072415356904813794e-02
5.754110754218701856e-02
5.134941740023650503e-02
4.455375797012216255e-02
3.730981315427363970e-02
3.031625308775979383e-02
2.456074874909782574e-02
1.926368031326126939e-02
1.497973189508750025e-02
1.223899961788570481e-02
1.041879397327001057e-02
9.415835333488742701e-03
9.243978558955248323e-03
9.820778244729018794e-03
1.128130542404589577e-02
1.353443709102352017e-02
1.673184666834383674e-02
2.164850842760868491e-02
2.884576702500639411e-02
3.734152230113508414e-02
4.624030415285552975e-02
5.280076385164907821e-02
5.413563546405614213e-02
6.072415356904811018e-02
6.573354734097838770e-02
6.775261361312170938e-02
6.631940516985075640e-02
6.152405714710338508e-02
5.477723150392727752e-02
4.680504546278221184e-02
3.709016655519691702e-02
2.809744958523431244e-02
2.059212390301790041e-02
1.496211007663013695e-02
1.151383638577497051e-02
9.185733933342566174e-03
8.049388725741287581e-03
7.708554711612886079e-03
8.066165652072514181e-03
9.318819459212151698e-03
1.167015183317128731e-02
1.498939760073244969e-02
2.054527512719465585e-02
2.805576059556512750e-02
3.688678568282640485e-02
4.647378414168184396e-02
4.727840767276764861e-02
5.754110754218700469e-02
6.775261361312168162e-02
7.498087955543497607e-02
7.486987910071143948e-02
7.054629917575000464e-02
6.616199564360292218e-02
6.414501968133490273e-02
5.753272156658741088e-02
4.121007160069366237e-02
2.810522612884639240e-02
1.928898427886222705e-02
1.342853001016579458e-02
9.738934681706192670e-03
7.708554711612886946e-03
6.888261173238051198e-03
6.578016396326087298e-03
6.880701975444332430e-03
8.172562012082879371e-03
1.062083912648559801e-02
1.435625954277772003e-02
2.047066751823410635e-02
2.793960858685298407e-02
3.721370814449461578e-02
3.924877431959198498e-02
5.134941740023653278e-02
6.631940516985077028e-02
7.486987910071138397e-02
7.093250438066928121e-02
5.056163855976438665e-02
3.919452330602788553e-02
4.914241297430114314e-02
6.528956787588803545e-02
5.735449342477969004e-02
3.709180767628194458e-02
2.457140205947230815e-02
1.623556642529324495e-02
1.120288279169318578e-02
8.066165652072510711e-03
6.578016396326074287e-03
5.887411747187181431e-03
5.791993330312541696e-03
6.196237381256641981e-03
7.602442180851679172e-03
1.016651491103051121e-02
1.438325104896937857e-02
2.054327273243236607e-02
2.879719391084265348e-02
3.140083526860601437e-02
4.455375797012212785e-02
6.152405714710337120e-02
7.054629917575000464e-02
5.056163855976433807e-02
3.256820464798269865e-02
3.971681482006231972e-02
3.352461066065902384e-02
4.989837926493553844e-02
6.378458166173044119e-02
4.669376107064747428e-02
3.023598322914579015e-02
2.007450478560767956e-02
1.348312092408335966e-02
9.318819459212143025e-03
6.880701975444330695e-03
5.791993330312539094e-03
5.400836981631831381e-03
5.365376562292876149e-03
5.972717888890231169e-03
7.548496927146118585e-03
1.051793989923447033e-02
1.500403783364425217e-02
2.158139980333813324e-02
2.490571532671818911e-02
3.730981315427361195e-02
5.477723150392723589e-02
6.616199564360293606e-02
3.919452330602789941e-02
3.971681482006229197e-02
9.867632375215228124e-03
3.937610550728466718e-02
3.970203298833432926e-02
6.591770170452730671e-02
5.434346519824471283e-02
3.709107042854192793e-02
2.514897845582462349e-02
1.670865144762568102e-02
1.167015183317129078e-02
8.172562012082879371e-03
6.196237381256638511e-03
5.365376562292876149e-03
5.040872858946897177e-03
5.389678619020623999e-03
6.215868316539666268e-03
8.097703359078865099e-03
1.169477223809891990e-02
1.671219356338276424e-02
1.990498556130350025e-02
3.031625308775977301e-02
4.680504546278221184e-02
6.414501968133493048e-02
4.914241297430111538e-02
3.352461066065904466e-02
3.937610550728464637e-02
3.388183249491346499e-02
5.015869744669388536e-02
7.055149419422755697e-02
6.089168277163459903e-02
4.430649230590438803e-02
3.150115594823856696e-02
2.161285493696154039e-02
1.498939760073244622e-02
1.062083912648558934e-02
7.602442180851682642e-03
5.972717888890240710e-03
5.389678619020630938e-03
5.420750672569852463e-03
5.806898713170952422e-03
6.867566547244905069e-03
9.372383629035309707e-03
1.352246188786796616e-02
1.618111922972746350e-02
2.456074874909784309e-02
3.709016655519687539e-02
5.753272156658739700e-02
6.528956787588804933e-02
4.989837926493554537e-02
3.970203298833432926e-02
5.015869744669389924e-02
7.048125943857740106e-02
7.459840182285143451e-02
6.576095709563976877e-02
5.114435122772248432e-02
3.924287881444443044e-02
2.881909299838178104e-02
2.054527512719466278e-02
1.435625954277770268e-02
1.016651491103051121e-02
7.548496927146124656e-03
6.215868316539660196e-03
5.806898713170952422e-03
5.882198039726611698e-03
6.564266078088697859e-03
8.094175112245196105e-03
1.126380994832403698e-02
1.346209581560413489e-02
1.926368031326125552e-02
2.809744958523428815e-02
4.121007160069371095e-02
5.735449342477969004e-02
6.378458166173045507e-02
6.591770170452733446e-02
7.055149419422761248e-02
7.459840182285140675e-02
7.421177561272922218e-02
6.752295594054762151e-02
5.741850850253483324e-02
4.721572928120157386e-02
3.736236610875950936e-02
2.805576059556512403e-02
2.047066751823409247e-02
1.438325104896937857e-02
1.051793989923445818e-02
8.097703359078858160e-03
6.867566547244905069e-03
6.564266078088691787e-03
6.871415026420535539e-03
7.703885160429331871e-03
9.780629384610849131e-03
1.154716020944517030e-02
1.497973189508749157e-02
2.059212390301790388e-02
2.810522612884639240e-02
3.709180767628194458e-02
4.669376107064755060e-02
5.434346519824472671e-02
6.089168277163462678e-02
6.576095709563975489e-02
6.752295594054760763e-02
6.578764832526461104e-02
6.086932911560339471e-02
5.419308924266289657e-02
4.669441896917805174e-02
3.698114451220328031e-02
2.801333288449513875e-02
2.059293566634071496e-02
1.499339334075567610e-02
1.156547781331508824e-02
9.244769645566128236e-03
8.012293788234701661e-03
7.656288688349849152e-03
8.012471356089994473e-03
9.191918524912228577e-03
1.041290466248900870e-02
1.223899961788570481e-02
1.496211007663012828e-02
1.928898427886223399e-02
2.457140205947233591e-02
3.023598322914581096e-02
3.709107042854192793e-02
4.430649230590443660e-02
5.114435122772249126e-02
5.741850850253488181e-02
6.086932911560339471e-02
5.939147980026997231e-02
5.639157535981779296e-02
5.296929786433837023e-02
4.647378414168185784e-02
3.721370814449457415e-02
2.879719391084263266e-02
2.158139980333812283e-02
1.671219356338274689e-02
1.352246188786795922e-02
1.126380994832403871e-02
9.780629384610847396e-03
9.185078861165716160e-03
9.393454127922251651e-03
1.005788637466664692e-02
1.041879397327001924e-02
1.151383638577498439e-02
1.342853001016580672e-02
1.623556642529323454e-02
2.007450478560768303e-02
2.514897845582461655e-02
3.150115594823858778e-02
3.924287881444443044e-02
4.721572928120157386e-02
5.419308924266291044e-02
5.639157535981774438e-02
5.669379766585579822e-02
5.644005319363953194e-02
5.413563546405616295e-02
4.727840767276764861e-02
3.924877431959199192e-02
3.140083526860604213e-02
2.490571532671820298e-02
1.990498556130349678e-02
1.618111922972747044e-02
1.346209581560414356e-02
1.149578714441705507e-02
1.041290466248900176e-02
1.043366734171726623e-02
9.415835333488742701e-03
9.185733933342573113e-03
9.738934681706187466e-03
1.120288279169318231e-02
1.348312092408336486e-02
1.670865144762567756e-02
2.161285493696154039e-02
2.881909299838180533e-02
3.736236610875950936e-02
4.669441896917805174e-02
5.296929786433834941e-02
5.644005319363954581e-02
5.939123611873028258e-02
6.070596559019646871e-02
5.732782964869189563e-02
5.115457849216151209e-02
4.439420802828929202e-02
3.718532273222508594e-02
3.023054010243747189e-02
2.455526134133241903e-02
1.930484443820112278e-02
1.496253483630198902e-02
1.226584917779113999e-02
1.151383638577497051e-02
9.243978558955241384e-03
8.049388725741287581e-03
7.708554711612892150e-03
8.066165652072521119e-03
9.318819459212148229e-03
1.167015183317128037e-02
1.498939760073244622e-02
2.054527512719467319e-02
2.805576059556512750e-02
3.698114451220328031e-02
4.647378414168183702e-02
5.413563546405612131e-02
6.070596559019645483e-02
6.573354734097842933e-02
6.775261361312170938e-02
6.631940516985074252e-02
6.152405714710337120e-02
5.477723150392726364e-02
4.680504546278221184e-02
3.709016655519694478e-02
2.809744958523431244e-02
2.058981317338077349e-02
1.496211007663012828e-02
1.342853001016579458e-02
9.820778244729023998e-03
7.708554711612886946e-03
6.888261173238043392e-03
6.578016396326082961e-03
6.880701975444322022e-03
8.172562012082882840e-03
1.062083912648557893e-02
1.435625954277771656e-02
2.047066751823410288e-02
2.801333288449511100e-02
3.721370814449457415e-02
4.727840767276764861e-02
5.732782964869195114e-02
6.775261361312168162e-02
7.498087955543503158e-02
7.486987910071141172e-02
7.054629917574997688e-02
6.616199564360294993e-02
6.414501968133493048e-02
5.753272156658749414e-02
4.121007160069368319e-02
2.817451743833674846e-02
1.928898427886222705e-02
1.623556642529323454e-02
1.128130542404589924e-02
8.066165652072514181e-03
6.578016396326084696e-03
5.887411747187181431e-03
5.791993330312541696e-03
6.196237381256641981e-03
7.602442180851672233e-03
1.016651491103050774e-02
1.438325104896937164e-02
2.059293566634071843e-02
2.879719391084264307e-02
3.924877431959198498e-02
5.115457849216147740e-02
6.631940516985075640e-02
7.486987910071143948e-02
7.093250438066926733e-02
5.056163855976442828e-02
3.919452330602793411e-02
4.914241297430117089e-02
6.528956787588800770e-02
5.735449342477964146e-02
3.720874232842728141e-02
2.457140205947230815e-02
2.007450478560765875e-02
1.353443709102352017e-02
9.318819459212148229e-03
6.880701975444332430e-03
5.791993330312539094e-03
5.400836981631833983e-03
5.365376562292872679e-03
5.972717888890232904e-03
7.548496927146122054e-03
1.051793989923446859e-02
1.499339334075567090e-02
2.158139980333813671e-02
3.140083526860603519e-02
4.439420802828923651e-02
6.152405714710338508e-02
7.054629917575007403e-02
5.056163855976440746e-02
3.256820464798271253e-02
3.971681482006229197e-02
3.352461066065905854e-02
4.989837926493548292e-02
6.378458166173037180e-02
4.702268849451273630e-02
3.023598322914576933e-02
2.514897845582461655e-02
1.673184666834384715e-02
1.167015183317129425e-02
8.172562012082888044e-03
6.196237381256641981e-03
5.365376562292868343e-03
5.040872858946897177e-03
5.389678619020633540e-03
6.215868316539666268e-03
8.097703359078859894e-03
1.156547781331510559e-02
1.671219356338275383e-02
2.490571532671819951e-02
3.718532273222505818e-02
5.477723150392727752e-02
6.616199564360282503e-02
3.919452330602789941e-02
3.971681482006229197e-02
9.867632375215228124e-03
3.937610550728466025e-02
3.970203298833428068e-02
6.591770170452737609e-02
5.492262766813867103e-02
3.709107042854190711e-02
3.150115594823856696e-02
2.164850842760870572e-02
1.498939760073244622e-02
1.062083912648559628e-02
7.602442180851680907e-03
5.972717888890237241e-03
5.389678619020630938e-03
5.420750672569856800e-03
5.806898713170944616e-03
6.867566547244903334e-03
9.244769645566131705e-03
1.352246188786795054e-02
1.990498556130348984e-02
3.023054010243744760e-02
4.680504546278222572e-02
6.414501968133490273e-02
4.914241297430117089e-02
3.352461066065907935e-02
3.937610550728466025e-02
3.388183249491354132e-02
5.015869744669382985e-02
7.055149419422755697e-02
6.155510709755204063e-02
4.430649230590438803e-02
3.924287881444438880e-02
2.884576702500637330e-02
2.054527512719464891e-02
1.435625954277770268e-02
1.016651491103050774e-02
7.548496927146124656e-03
6.215868316539660196e-03
5.806898713170955892e-03
5.882198039726616035e-03
6.564266078088694389e-03
8.012293788234715539e-03
1.126380994832403871e-02
1.618111922972747044e-02
2.455526134133241556e-02
3.709016655519693784e-02
5.753272156658744557e-02
6.528956787588799382e-02
4.989837926493545517e-02
3.970203298833423211e-02
5.015869744669377434e-02
7.048125943857730391e-02
7.459840182285140675e-02
6.630739124059684131e-02
5.114435122772244963e-02
4.721572928120155999e-02
3.734152230113508414e-02
2.805576059556512403e-02
2.047066751823408554e-02
1.438325104896937164e-02
1.051793989923446859e-02
8.097703359078859894e-03
6.867566547244902467e-03
6.564266078088696124e-03
6.871415026420540743e-03
7.656288688349849152e-03
9.780629384610847396e-03
1.346209581560414356e-02
1.930484443820110890e-02
2.809744958523431244e-02
4.121007160069371095e-02
5.735449342477967616e-02
6.378458166173045507e-02
6.591770170452741773e-02
7.055149419422766799e-02
7.459840182285140675e-02
7.421177561272927770e-02
6.776405663708393035e-02
5.741850850253481242e-02
5.397277710745289336e-02
4.624030415285557138e-02
3.688678568282637710e-02
2.793960858685297019e-02
2.054327273243234872e-02
1.500403783364424003e-02
1.169477223809890429e-02
9.372383629035311442e-03
8.094175112245189166e-03
7.703885160429326667e-03
8.012471356089997943e-03
9.185078861165716160e-03
1.149578714441706201e-02
1.496253483630198902e-02
2.058981317338076655e-02
2.817451743833674846e-02
3.720874232842728141e-02
4.702268849451273630e-02
5.492262766813867797e-02
6.155510709755206145e-02
6.630739124059678580e-02
6.776405663708395810e-02
6.573210588902711482e-02
6.070512204447233578e-02
5.639157535981774438e-02
5.280076385164912678e-02
4.647378414168184396e-02
3.721370814449458803e-02
2.879719391084262919e-02
2.158139980333812630e-02
1.671219356338276424e-02
1.352246188786797657e-02
1.126380994832404739e-02
9.780629384610859539e-03
9.191918524912230312e-03
9.393454127922249916e-03
1.041290466248901217e-02
1.226584917779114520e-02
1.496211007663012828e-02
1.928898427886221664e-02
2.457140205947230815e-02
3.023598322914578668e-02
3.709107042854192793e-02
4.430649230590437415e-02
5.114435122772245657e-02
5.741850850253482630e-02
6.070512204447238436e-02
5.939147980026997231e-02
3.958552014820540532e-02
3.880956882644549105e-02
3.704816293284331902e-02
3.475882666370047613e-02
3.140083526860603519e-02
2.784652062581669321e-02
2.462561277738942872e-02
2.206791580543131237e-02
1.992007889243199714e-02
1.803509295568702514e-02
1.670876698588567855e-02
1.592377473503511082e-02
1.565573480460805134e-02
1.592699058224548991e-02
1.670528459551369124e-02
1.806910704336753964e-02
2.007450478560766569e-02
2.238626207698089440e-02
2.501205236661998080e-02
2.811632146523247028e-02
3.152954791202911000e-02
3.485855909320915297e-02
3.714041703044866638e-02
3.886135200636187809e-02
3.880956882644551881e-02
4.216488528288239723e-02
4.425583671120521950e-02
4.519866096075571965e-02
4.455375797012216255e-02
4.255119147314730815e-02
3.915400302483106748e-02
3.458800087704993337e-02
3.029079156257742655e-02
2.607514184105393790e-02
2.161245533291285270e-02
1.820678242972025018e-02
1.592682199395759751e-02
1.442124591525643235e-02
1.353706107859297021e-02
1.319556718722276513e-02
1.353443709102352885e-02
1.444072650545509887e-02
1.595120988227101758e-02
1.823634927057945707e-02
2.160919052174465477e-02
2.606779337281347683e-02
3.018426154622900690e-02
3.437307495593658335e-02
3.704816293284329126e-02
4.425583671120517093e-02
5.110532409420907862e-02
5.766054146399281904e-02
6.152405714710338508e-02
6.002711712039374842e-02
5.696432519160467278e-02
5.342446830802504570e-02
4.682530065877486825e-02
3.726574687426737614e-02
2.881908785241662010e-02
2.157576561113019181e-02
1.670528459551368083e-02
1.349653674777846236e-02
1.132805466667294141e-02
9.882343965832885921e-03
9.318819459212146494e-03
9.541839984157968538e-03
1.056917561571730536e-02
1.235235911030505007e-02
1.497177373740945366e-02
1.926183173092454320e-02
2.453049170343128693e-02
3.019748470787643121e-02
3.475882666370044144e-02
4.519866096075571271e-02
5.766054146399280517e-02
6.916112303539875827e-02
7.054629917575000464e-02
6.324663335497186789e-02
5.716276958420588028e-02
6.169868202079361458e-02
6.388007291261085796e-02
5.325210636604856690e-02
3.736182668176454835e-02
2.605794878368509343e-02
1.806910704336754311e-02
1.313982743245495008e-02
9.882343965832894594e-03
7.842505682440575887e-03
6.880701975444332430e-03
6.635448409869883213e-03
7.043789645569771204e-03
8.319693322168640257e-03
1.055409433587938331e-02
1.407779735508664365e-02
1.928406790574093907e-02
2.607991572132425592e-02
3.140083526860604213e-02
4.455375797012216255e-02
6.152405714710341283e-02
7.054629917575000464e-02
5.056163855976433807e-02
3.256820464798269171e-02
3.971681482006229197e-02
3.352461066065905854e-02
4.989837926493553844e-02
6.378458166173041344e-02
4.669376107064750203e-02
3.023598322914577974e-02
2.007450478560767956e-02
1.348312092408335966e-02
9.318819459212155168e-03
6.880701975444326358e-03
5.791993330312541696e-03
5.400836981631831381e-03
5.365376562292870077e-03
5.972717888890240710e-03
7.548496927146122054e-03
1.051793989923446512e-02
1.500403783364424697e-02
2.158139980333813324e-02
2.784652062581668627e-02
4.255119147314726652e-02
6.002711712039366515e-02
6.324663335497186789e-02
3.256820464798263620e-02
9.999999999999999547e-07
9.999999999999999547e-07
9.999999999999999547e-07
3.329384055104628315e-02
6.185950873915465470e-02
5.296920102307388356e-02
3.431831345290136531e-02
2.238626207698089440e-02
1.440030998797908572e-02
9.541839984157977211e-03
6.635448409869878876e-03
5.400836981631831381e-03
5.050717823583141496e-03
4.907241459202045866e-03
5.163597957454381208e-03
5.966862163806038906e-03
8.221876252684952313e-03
1.238391963945215980e-02
1.818072453758626597e-02
2.462561277738942872e-02
3.915400302483103973e-02
5.696432519160460339e-02
5.716276958420592885e-02
3.971681482006229197e-02
9.999999999999999547e-07
9.999999999999999547e-07
9.999999999999999547e-07
3.938700929098357117e-02
5.798453936231172390e-02
5.644171874227335572e-02
3.875966464470922274e-02
2.501205236661997039e-02
1.592406056982220361e-02
1.056917561571732098e-02
7.043789645569770337e-03
5.365376562292867475e-03
4.907241459202042397e-03
4.756615605338057086e-03
4.924593308568623456e-03
5.390683128342821026e-03
6.994601852516082498e-03
1.059460811921605905e-02
1.592685986325398720e-02
2.206791580543128115e-02
3.458800087704991255e-02
5.342446830802497632e-02
6.169868202079361458e-02
3.352461066065902384e-02
9.999999999999999547e-07
9.999999999999999547e-07
9.999999999999999547e-07
3.363062010049787387e-02
6.348277797329998640e-02
5.932386088216279330e-02
4.219138944786809953e-02
2.811632146523246681e-02
1.820678612673860136e-02
1.235235911030504487e-02
8.319693322168643726e-03
5.972717888890234639e-03
5.163597957454373402e-03
4.924593308568627793e-03
5.063143479598863211e-03
5.410411071824421797e-03
6.598028564925065634e-03
9.562990323954145139e-03
1.442184459410295223e-02
1.992007889243197979e-02
3.029079156257741268e-02
4.682530065877484049e-02
6.388007291261085796e-02
4.989837926493548292e-02
3.329384055104625539e-02
3.938700929098359893e-02
3.363062010049789469e-02
5.101411178481384673e-02
7.059146777695587960e-02
6.070520471906399457e-02
4.434730878812098709e-02
3.152954791202910306e-02
2.157537599354048333e-02
1.497177373740945366e-02
1.055409433587939719e-02
7.548496927146124656e-03
5.966862163806044110e-03
5.390683128342821893e-03
5.410411071824424399e-03
5.775915321514695465e-03
6.818713034465490042e-03
9.308704412073001699e-03
1.349599479113242420e-02
1.803509295568702514e-02
2.607514184105392055e-02
3.726574687426737614e-02
5.325210636604851833e-02
6.378458166173044119e-02
6.185950873915472409e-02
5.798453936231177247e-02
6.348277797329993088e-02
7.059146777695593511e-02
6.830548429197426386e-02
5.732597525201513222e-02
4.521442725152532982e-02
3.485855909320914603e-02
2.605910257744891920e-02
1.926183173092454320e-02
1.407779735508662630e-02
1.051793989923446165e-02
8.221876252684952313e-03
6.994601852516075559e-03
6.598028564925061297e-03
6.818713034465490042e-03
7.739872550087974375e-03
9.836164185498791346e-03
1.314002384055698060e-02
1.670876698588567161e-02
2.161245533291285964e-02
2.881908785241663745e-02
3.736182668176453447e-02
4.669376107064750203e-02
5.296920102307389050e-02
5.644171874227336960e-02
5.932386088216279330e-02
6.070520471906398069e-02
5.732597525201516692e-02
5.115305884227207972e-02
4.439222131733105287e-02
3.718508959397940489e-02
3.023632250571418184e-02
2.455526178035121604e-02
1.930494377377135751e-02
1.499339334075566570e-02
1.226593098220284984e-02
1.043372313829691971e-02
9.415377224197067976e-03
9.184489637066634363e-03
9.738891963969981483e-03
1.126294125517507232e-02
1.348296666789309227e-02
1.592377473503509000e-02
1.820678242972025365e-02
2.157576561113019181e-02
2.605794878368509343e-02
3.023598322914582484e-02
3.431831345290137225e-02
3.875966464470920192e-02
4.219138944786813422e-02
4.434730878812098709e-02
4.521442725152538533e-02
4.439222131733108062e-02
4.225309558578828339e-02
3.886135200636190584e-02
3.431877477329382808e-02
3.019748470787642428e-02
2.607991572132422470e-02
2.158139980333812630e-02
1.818072453758623822e-02
1.592685986325398720e-02
1.442184459410295223e-02
1.349599479113241032e-02
1.314002384055697019e-02
1.349638228151942877e-02
1.440055111866679442e-02
1.565573480460805134e-02
1.592682199395761139e-02
1.670528459551368777e-02
1.806910704336756046e-02
2.007450478560768303e-02
2.238626207698089440e-02
2.501205236661998774e-02
2.811632146523246681e-02
3.152954791202912388e-02
3.485855909320915297e-02
3.718508959397939101e-02
3.886135200636191972e-02
3.958552014820542614e-02
3.875887560489396644e-02
3.704816293284329820e-02
3.475882666370047613e-02
3.140083526860604213e-02
2.784652062581671403e-02
2.462561277738942872e-02
2.206791580543130196e-02
1.992007889243201449e-02
1.803509295568703555e-02
1.670807209258354242e-02
1.592377473503509694e-02
1.592699058224549338e-02
1.442124591525642541e-02
1.349653674777847451e-02
1.313982743245495008e-02
1.348312092408336833e-02
1.440030998797908572e-02
1.592406056982219667e-02
1.820678612673858748e-02
2.157537599354050761e-02
2.605910257744891226e-02
3.023632250571420613e-02
3.431877477329380727e-02
3.875887560489396644e-02
4.225399437479507997e-02
4.434841581372100244e-02
4.521569093501946052e-02
4.439420802828927121e-02
4.225399437479506609e-02
3.886025571897533393e-02
3.437307754767470608e-02
3.019798598178629820e-02
2.607996074498289754e-02
2.157537599354048333e-02
1.818085540796073388e-02
1.670528459551368777e-02
1.353706107859295286e-02
1.132805466667294834e-02
9.882343965832891125e-03
9.318819459212146494e-03
9.541839984157963334e-03
1.056917561571732098e-02
1.235235911030503966e-02
1.497177373740945366e-02
1.926183173092453974e-02
2.455526178035120216e-02
3.019748470787643121e-02
3.704816293284327738e-02
4.434841581372098857e-02
5.110532409420907862e-02
5.766054146399287456e-02
6.152405714710341283e-02
6.002711712039369985e-02
5.696432519160468666e-02
5.342446830802503183e-02
4.682530065877486131e-02
3.726574687426740390e-02
2.882396180226048932e-02
2.157576561113019181e-02
1.806910704336752924e-02
1.319556718722276513e-02
9.882343965832889390e-03
7.842505682440575887e-03
6.880701975444330695e-03
6.635448409869876274e-03
7.043789645569766868e-03
8.319693322168626379e-03
1.055409433587938504e-02
1.407779735508662630e-02
1.930494377377135404e-02
2.607991572132422470e-02
3.475882666370044144e-02
4.521569093501946052e-02
5.766054146399287456e-02
6.916112303539874440e-02
7.054629917575006015e-02
6.324663335497185401e-02
5.716276958420589416e-02
6.169868202079358682e-02
6.388007291261085796e-02
5.325210636604860159e-02
3.741137092363793631e-02
2.605794878368507261e-02
2.007450478560768303e-02
1.353443709102352017e-02
9.318819459212155168e-03
6.880701975444332430e-03
5.791993330312539094e-03
5.400836981631831381e-03
5.365376562292870077e-03
5.972717888890234639e-03
7.548496927146124656e-03
1.051793989923447206e-02
1.499339334075566223e-02
2.158139980333813324e-02
3.140083526860604213e-02
4.439420802828922263e-02
6.152405714710337120e-02
7.054629917574997688e-02
5.056163855976437277e-02
3.256820464798265702e-02
3.971681482006228503e-02
3.352461066065905854e-02
4.989837926493545517e-02
6.378458166173048283e-02
4.702268849451271548e-02
3.023598322914574157e-02
2.238626207698088746e-02
1.444072650545509540e-02
9.541839984157982416e-03
6.635448409869878876e-03
5.400836981631826177e-03
5.050717823583137159e-03
4.907241459202042397e-03
5.163597957454376872e-03
5.966862163806038906e-03
8.221876252684950578e-03
1.226593098220284291e-02
1.818072453758624168e-02
2.784652062581668627e-02
4.225399437479503834e-02
6.002711712039369291e-02
6.324663335497185401e-02
3.256820464798263620e-02
9.999999999999999547e-07
9.999999999999999547e-07
9.999999999999999547e-07
3.329384055104621376e-02
6.185950873915469633e-02
5.359312882432300251e-02
3.431831345290130286e-02
2.501205236661995651e-02
1.595120988227101758e-02
1.056917561571732792e-02
7.043789645569779878e-03
5.365376562292870077e-03
4.907241459202049336e-03
4.756615605338060555e-03
4.924593308568626059e-03
5.390683128342821026e-03
6.994601852516084232e-03
1.043372313829690236e-02
1.592685986325399414e-02
2.462561277738942872e-02
3.886025571897528536e-02
5.696432519160466584e-02
5.716276958420592885e-02
3.971681482006228503e-02
9.999999999999999547e-07
9.999999999999999547e-07
9.999999999999999547e-07
3.938700929098359893e-02
5.798453936231177941e-02
5.702063071445233333e-02
3.875966464470917416e-02
2.811632146523245293e-02
1.823634927057948135e-02
1.235235911030504487e-02
8.319693322168654134e-03
5.972717888890240710e-03
5.163597957454376004e-03
4.924593308568627793e-03
5.063143479598863211e-03
5.410411071824419195e-03
6.598028564925056960e-03
9.415377224197066242e-03
1.442184459410293489e-02
2.206791580543129502e-02
3.437307754767466444e-02
5.342446830802501101e-02
6.169868202079358682e-02
3.352461066065905160e-02
9.999999999999999547e-07
9.999999999999999547e-07
9.999999999999999547e-07
3.363062010049790856e-02
6.348277797330002803e-02
5.995728800492495375e-02
4.219138944786806483e-02
3.152954791202909612e-02
2.160919052174463048e-02
1.497177373740945366e-02
1.055409433587938851e-02
7.548496927146122054e-03
5.966862163806041508e-03
5.390683128342817557e-03
5.410411071824421797e-03
5.775915321514697200e-03
6.818713034465483103e-03
9.184489637066636097e-03
1.349599479113240685e-02
1.992007889243197979e-02
3.019798598178627738e-02
4.682530065877482661e-02
6.388007291261094123e-02
4.989837926493545517e-02
3.329384055104623458e-02
3.938700929098360587e-02
3.363062010049792938e-02
5.101411178481363856e-02
7.059146777695596287e-02
6.136665288194400464e-02
4.434730878812089688e-02
3.485855909320915297e-02
2.606779337281347336e-02
1.926183173092454320e-02
1.407779735508664018e-02
1.051793989923446165e-02
8.221876252684947109e-03
6.994601852516082498e-03
6.598028564925059562e-03
6.818713034465491776e-03
7.739872550087974375e-03
9.738891963969976279e-03
1.314002384055697019e-02
1.803509295568702514e-02
2.607996074498288713e-02
3.726574687426740390e-02
5.325210636604851833e-02
6.378458166173045507e-02
6.185950873915469633e-02
5.798453936231177247e-02
6.348277797330005578e-02
7.059146777695594899e-02
6.830548429197427773e-02
5.758853086753885908e-02
4.521442725152534370e-02
3.714041703044868026e-02
3.018426154622897567e-02
2.453049170343126612e-02
1.928406790574095642e-02
1.500403783364424697e-02
1.238391963945216327e-02
1.059460811921605558e-02
9.562990323954145139e-03
9.308704412073003434e-03
9.836164185498791346e-03
1.126294125517507232e-02
1.349638228151943224e-02
1.670807209258354242e-02
2.157537599354046945e-02
2.882396180226048932e-02
3.741137092363797795e-02
4.702268849451275018e-02
5.359312882432299557e-02
5.702063071445233333e-02
5.995728800492503702e-02
6.136665288194397688e-02
5.758853086753887296e-02
5.110371447783054050e-02
4.434642628373832579e-02
3.886135200636188503e-02
3.437307495593656254e-02
3.019748470787643121e-02
2.607991572132425245e-02
2.158139980333813324e-02
1.818072453758627291e-02
1.592685986325399414e-02
1.442184459410296264e-02
1.349599479113242420e-02
1.314002384055698407e-02
1.348296666789309747e-02
1.440055111866681177e-02
1.592377473503508653e-02
1.818085540796073735e-02
2.157576561113018487e-02
2.605794878368507955e-02
3.023598322914577974e-02
3.431831345290134450e-02
3.875966464470919498e-02
4.219138944786809259e-02
4.434730878812093852e-02
4.521442725152535064e-02
4.434642628373833967e-02
4.225309558578829033e-02
2.480244909252414878e-02
2.498618009731398346e-02
2.516046572228854139e-02
2.507515954581012244e-02
2.490571532671821686e-02
2.462561277738943913e-02
2.444068159283802402e-02
2.466973596362149676e-02
2.495798764017378990e-02
2.501284916651099616e-02
2.495174289724727199e-02
2.469741556615669825e-02
2.446882708954730562e-02
2.462561187868111609e-02
2.491206204970700111e-02
2.506230824322019241e-02
2.514897845582460961e-02
2.501205236661996345e-02
2.483065428657785928e-02
2.494983788479801512e-02
2.511455064912816379e-02
2.512464516969329167e-02
2.511448829617844020e-02
2.494027070738599750e-02
2.498618009731398693e-02
2.812929018232534356e-02
3.151531501699905008e-02
3.481504911688402398e-02
3.730981315427363276e-02
3.915400302483106054e-02
3.993172251022410191e-02
3.910288645308671734e-02
3.717479062929684996e-02
3.472207199747772560e-02
3.138057704271371429e-02
2.787844256586734584e-02
2.463343315503929362e-02
2.206777144229614060e-02
1.990611266677583951e-02
1.804698923029513305e-02
1.673184666834384715e-02
1.595120988227100717e-02
1.568443889334841801e-02
1.595471309219411576e-02
1.672852097570374022e-02
1.808027183934554638e-02
2.006930267851253502e-02
2.234955190085912910e-02
2.516046572228856221e-02
3.151531501699906396e-02
3.922128190017208638e-02
4.733428897658385759e-02
5.477723150392728446e-02
5.696432519160467278e-02
5.712955971642987713e-02
5.684837157012750247e-02
5.472323441297308189e-02
4.739708588085170260e-02
3.924167344510360450e-02
3.139848640042103983e-02
2.491206204970697682e-02
1.992052253629889719e-02
1.619001283341600303e-02
1.351545462583715954e-02
1.167015183317128904e-02
1.056917561571731230e-02
1.021669406309309858e-02
1.057744829141776463e-02
1.164029598507394271e-02
1.348487183163151436e-02
1.626180100942730550e-02
2.008417363844928333e-02
2.507515954581012244e-02
3.481504911688402398e-02
4.733428897658385759e-02
6.193301077911210484e-02
6.616199564360286667e-02
5.716276958420590804e-02
4.956502996860626120e-02
5.682185566267534266e-02
6.598056782838923606e-02
6.152593172136337080e-02
4.740347248074271852e-02
3.479825093188265023e-02
2.506230824322019587e-02
1.803522058780978113e-02
1.351545462583716994e-02
1.037341435474517515e-02
8.172562012082882840e-03
7.043789645569775541e-03
6.721491449637795323e-03
7.062113824434958741e-03
8.147691045007765184e-03
1.028130919883067998e-02
1.353381486838518659e-02
1.808238460029107375e-02
2.490571532671819951e-02
3.730981315427359807e-02
5.477723150392724977e-02
6.616199564360290830e-02
3.919452330602786472e-02
3.971681482006229197e-02
9.867632375215250676e-03
3.937610550728463943e-02
3.970203298833432926e-02
6.591770170452737609e-02
5.434346519824470589e-02
3.709107042854193487e-02
2.514897845582462349e-02
1.670865144762568449e-02
1.167015183317128557e-02
8.172562012082886310e-03
6.196237381256641981e-03
5.365376562292874414e-03
5.040872858946899779e-03
5.389678619020630938e-03
6.215868316539666268e-03
8.097703359078852955e-03
1.169477223809891990e-02
1.671219356338277118e-02
2.462561277738942525e-02
3.915400302483104666e-02
5.696432519160463809e-02
5.716276958420588028e-02
3.971681482006229197e-02
9.999999999999999547e-07
9.999999999999999547e-07
9.999999999999999547e-07
3.938700929098359893e-02
5.798453936231177247e-02
5.644171874227339042e-02
3.875966464470916029e-02
2.501205236661998080e-02
1.592406056982220361e-02
1.056917561571732098e-02
7.043789645569770337e-03
5.365376562292867475e-03
4.907241459202039795e-03
4.756615605338055351e-03
4.924593308568624324e-03
5.390683128342816689e-03
6.994601852516082498e-03
1.059460811921606772e-02
1.592685986325399414e-02
2.444068159283798933e-02
3.993172251022404640e-02
5.712955971642980080e-02
4.956502996860624038e-02
9.867632375215302717e-03
9.999999999999999547e-07
9.999999999999999547e-07
9.999999999999999547e-07
9.923203524161514771e-03
5.030121496620550831e-02
5.672257618036526117e-02
3.955783488537874953e-02
2.483065428657787316e-02
1.565574882132016177e-02
1.021669406309310378e-02
6.721491449637790987e-03
5.040872858946891105e-03
4.756615605338053616e-03
4.788172742393233955e-03
4.760662123540235040e-03
5.037559632293331022e-03
6.652152950952087626e-03
1.021766814242034208e-02
1.566119394787746436e-02
2.466973596362146900e-02
3.910288645308668959e-02
5.684837157012748166e-02
5.682185566267527327e-02
3.937610550728466025e-02
9.999999999999999547e-07
9.999999999999999547e-07
9.999999999999999547e-07
3.910045058885657648e-02
5.778624969997600558e-02
5.625401357540841391e-02
3.887726457555851223e-02
2.494983788479801512e-02
1.592653700521374019e-02
1.057744829141777330e-02
7.062113824434956139e-03
5.389678619020628336e-03
4.924593308568615650e-03
4.760662123540228968e-03
4.905764432733404623e-03
5.347894287764173339e-03
6.945635259751067360e-03
1.055091678499546319e-02
1.592996153985074687e-02
2.495798764017377255e-02
3.717479062929681527e-02
5.472323441297308189e-02
6.598056782838912504e-02
3.970203298833430844e-02
3.938700929098358505e-02
9.923203524161431505e-03
3.910045058885657648e-02
4.024204578277806865e-02
6.595779413087687892e-02
5.397223443139446963e-02
3.714028910392264127e-02
2.511455064912813950e-02
1.670537949295753180e-02
1.164029598507394965e-02
8.147691045007772123e-03
6.215868316539668870e-03
5.390683128342821026e-03
5.037559632293335359e-03
5.347894287764173339e-03
6.131862231844024090e-03
7.996245175897198632e-03
1.161759023780590573e-02
1.670814963234325615e-02
2.501284916651098228e-02
3.472207199747772560e-02
4.739708588085166097e-02
6.152593172136337080e-02
6.591770170452733446e-02
5.798453936231177247e-02
5.030121496620554300e-02
5.778624969997595007e-02
6.595779413087687892e-02
6.114746480892133129e-02
4.709886080209704090e-02
3.480621365409625190e-02
2.512464516969328474e-02
1.806895200756300848e-02
1.348487183163150742e-02
1.028130919883067304e-02
8.097703359078861629e-03
6.994601852516086835e-03
6.652152950952093698e-03
6.945635259751057819e-03
7.996245175897200366e-03
1.016471816662253662e-02
1.347312622460899306e-02
1.803203806101060652e-02
2.495174289724725117e-02
3.138057704271367959e-02
3.924167344510359062e-02
4.740347248074264219e-02
5.434346519824475447e-02
5.644171874227339042e-02
5.672257618036528892e-02
5.625401357540842778e-02
5.397223443139455290e-02
4.709886080209704784e-02
3.924148360732129109e-02
3.151867604090877184e-02
2.510297422587125238e-02
2.007402479201616727e-02
1.624776183906726304e-02
1.347477804843846827e-02
1.156547781331509345e-02
1.043372313829690756e-02
1.005779546533738453e-02
1.039496784456164606e-02
1.149631051363761251e-02
1.342235840939992944e-02
1.618085440130147615e-02
1.991663691380203896e-02
2.469741556615671907e-02
2.787844256586732850e-02
3.139848640042106065e-02
3.479825093188267104e-02
3.709107042854195568e-02
3.875966464470924355e-02
3.955783488537876341e-02
3.887726457555851223e-02
3.714028910392264821e-02
3.480621365409629353e-02
3.151867604090876490e-02
2.808191103688336895e-02
2.494027070738598709e-02
2.238642980686619821e-02
2.008417363844928680e-02
1.808238460029106681e-02
1.671219356338277118e-02
1.592685986325398720e-02
1.566119394787745048e-02
1.592996153985073646e-02
1.670814963234323186e-02
1.803203806101057877e-02
1.992114777755107577e-02
2.210503503864250097e-02
2.446882708954730562e-02
2.463343315503927280e-02
2.491206204970698723e-02
2.506230824322019587e-02
2.514897845582463737e-02
2.501205236661998080e-02
2.483065428657786622e-02
2.494983788479802553e-02
2.511455064912818114e-02
2.512464516969328127e-02
2.510297422587126626e-02
2.494027070738598709e-02
2.480244909252416266e-02
2.501210940595178719e-02
2.516046572228854139e-02
2.507515954581013284e-02
2.490571532671819951e-02
2.462561277738943913e-02
2.444068159283801708e-02
2.466973596362149676e-02
2.495798764017381766e-02
2.501284916651101004e-02
2.495806598489780370e-02
2.469741556615671560e-02
2.462561187868111609e-02
2.206777144229614060e-02
1.992052253629888331e-02
1.803522058780978113e-02
1.670865144762568449e-02
1.592406056982220361e-02
1.565574882132015830e-02
1.592653700521374019e-02
1.670537949295751792e-02
1.806895200756301195e-02
2.007402479201615686e-02
2.238642980686618433e-02
2.501210940595177679e-02
2.808236992229733858e-02
3.153086009910802123e-02
3.486000558934740368e-02
3.718532273222508594e-02
3.886025571897529923e-02
3.958553352410562609e-02
3.881073225458671339e-02
3.704797670096942469e-02
3.475739181248679172e-02
3.139942737882739365e-02
2.784600341063959636e-02
2.491206204970697682e-02
1.990611266677583605e-02
1.619001283341601344e-02
1.351545462583715086e-02
1.167015183317129078e-02
1.056917561571730710e-02
1.021669406309308470e-02
1.057744829141776116e-02
1.164029598507394271e-02
1.348487183163149875e-02
1.624776183906725610e-02
2.008417363844927639e-02
2.516046572228854833e-02
3.153086009910801429e-02
3.922128190017211413e-02
4.733428897658387147e-02
5.477723150392727752e-02
5.696432519160465197e-02
5.712955971642985631e-02
5.684837157012753023e-02
5.472323441297306107e-02
4.739708588085170260e-02
3.921280472818832602e-02
3.139848640042102595e-02
2.506230824322020628e-02
1.804698923029511570e-02
1.351545462583715086e-02
1.037341435474516647e-02
8.172562012082881105e-03
7.043789645569766868e-03
6.721491449637790987e-03
7.062113824434956139e-03
8.147691045007758245e-03
1.028130919883066957e-02
1.347477804843846133e-02
1.808238460029106334e-02
2.507515954581010509e-02
3.486000558934736898e-02
4.733428897658385759e-02
6.193301077911213259e-02
6.616199564360286667e-02
5.716276958420585252e-02
4.956502996860617100e-02
5.682185566267528715e-02
6.598056782838922218e-02
6.152593172136338467e-02
4.751306395611963607e-02
3.479825093188262941e-02
2.514897845582462349e-02
1.673184666834381940e-02
1.167015183317129251e-02
8.172562012082889779e-03
6.196237381256641981e-03
5.365376562292872679e-03
5.040872858946899779e-03
5.389678619020630938e-03
6.215868316539668870e-03
8.097703359078849486e-03
1.156547781331508998e-02
1.671219356338275383e-02
2.490571532671819605e-02
3.718532273222504431e-02
5.477723150392727752e-02
6.616199564360290830e-02
3.919452330602787166e-02
3.971681482006225034e-02
9.867632375215242002e-03
3.937610550728460473e-02
3.970203298833425293e-02
6.591770170452732058e-02
5.492262766813863634e-02
3.709107042854187242e-02
2.501205236661995651e-02
1.595120988227100023e-02
1.056917561571732271e-02
7.043789645569775541e-03
5.365376562292876149e-03
4.907241459202037193e-03
4.756615605338051014e-03
4.924593308568624324e-03
5.390683128342819291e-03
6.994601852516082498e-03
1.043372313829690756e-02
1.592685986325398720e-02
2.462561277738942872e-02
3.886025571897528536e-02
5.696432519160465197e-02
5.716276958420585252e-02
3.971681482006229197e-02
9.999999999999999547e-07
9.999999999999999547e-07
9.999999999999999547e-07
3.938700929098360587e-02
5.798453936231179329e-02
5.702063071445233333e-02
3.875966464470917416e-02
2.483065428657785928e-02
1.568443889334841454e-02
1.021669406309311245e-02
6.721491449637791854e-03
5.040872858946897177e-03
4.756615605338055351e-03
4.788172742393233955e-03
4.760662123540237642e-03
5.037559632293330154e-03
6.652152950952087626e-03
1.005779546533738973e-02
1.566119394787744354e-02
2.444068159283798933e-02
3.958553352410560527e-02
5.712955971642982161e-02
4.956502996860616406e-02
9.867632375215309656e-03
9.999999999999999547e-07
9.999999999999999547e-07
9.999999999999999547e-07
9.923203524161502628e-03
5.030121496620554300e-02
5.715715460604652021e-02
3.955783488537872872e-02
2.494983788479800124e-02
1.595471309219413311e-02
1.057744829141778024e-02
7.062113824434963077e-03
5.389678619020623999e-03
4.924593308568613048e-03
4.760662123540231570e-03
4.905764432733400286e-03
5.347894287764175074e-03
6.945635259751059554e-03
1.039496784456164086e-02
1.592996153985072258e-02
2.466973596362148288e-02
3.881073225458669951e-02
5.684837157012753023e-02
5.682185566267531490e-02
3.937610550728463943e-02
9.999999999999999547e-07
9.999999999999999547e-07
9.999999999999999547e-07
3.910045058885659730e-02
5.778624969997597782e-02
5.681926912329973017e-02
3.887726457555847059e-02
2.511455064912814991e-02
1.672852097570372981e-02
1.164029598507394618e-02
8.147691045007765184e-03
6.215868316539673206e-03
5.390683128342817557e-03
5.037559632293334491e-03
5.347894287764170737e-03
6.131862231844020621e-03
7.996245175897198632e-03
1.149631051363761251e-02
1.670814963234324227e-02
2.495798764017378990e-02
3.704797670096936918e-02
5.472323441297310270e-02
6.598056782838916667e-02
3.970203298833422517e-02
3.938700929098360587e-02
9.923203524161431505e-03
3.910045058885659730e-02
4.024204578277786049e-02
6.595779413087687892e-02
5.457007176676665489e-02
3.714028910392260657e-02
2.512464516969328474e-02
1.808027183934554291e-02
1.348487183163150742e-02
1.028130919883067651e-02
8.097703359078863364e-03
6.994601852516084232e-03
6.652152950952087626e-03
6.945635259751059554e-03
7.996245175897212509e-03
1.016471816662253835e-02
1.342235840939991730e-02
1.803203806101059611e-02
2.501284916651102738e-02
3.475739181248674314e-02
4.739708588085171648e-02
6.152593172136337080e-02
6.591770170452734834e-02
5.798453936231179329e-02
5.030121496620554300e-02
5.778624969997600558e-02
6.595779413087690668e-02
6.114746480892133129e-02
4.722488473900149364e-02
3.480621365409625190e-02
2.511448829617842979e-02
2.006930267851253849e-02
1.626180100942729856e-02
1.353381486838518312e-02
1.169477223809891123e-02
1.059460811921606946e-02
1.021766814242034208e-02
1.055091678499547013e-02
1.161759023780590747e-02
1.347312622460898439e-02
1.618085440130146574e-02
1.992114777755105148e-02
2.495806598489779329e-02
3.139942737882739365e-02
3.921280472818831214e-02
4.751306395611960137e-02
5.492262766813865021e-02
5.702063071445234721e-02
5.715715460604657572e-02
5.681926912329977181e-02
5.457007176676666876e-02
4.722488473900146588e-02
3.922065610073774411e-02
3.152972904379434949e-02
2.494027070738599750e-02
2.234955190085912910e-02
2.008417363844930068e-02
1.808238460029108069e-02
1.671219356338278159e-02
1.592685986325400802e-02
1.566119394787746436e-02
1.592996153985073646e-02
1.670814963234324574e-02
1.803203806101059958e-02
1.991663691380206325e-02
2.210503503864250097e-02
2.469741556615672948e-02
2.784600341063959636e-02
3.139848640042101902e-02
3.479825093188265023e-02
3.709107042854188629e-02
3.875966464470917416e-02
3.955783488537872872e-02
3.887726457555848447e-02
3.714028910392262045e-02
3.480621365409625190e-02
3.152972904379437030e-02
2.808191103688334120e-02
1.568982541756289498e-02
1.595762773356602937e-02
1.673076226267279643e-02
1.804253134649318538e-02
1.990498556130350025e-02
2.206791580543130196e-02
2.466973596362148982e-02
2.788894536741253274e-02
3.138212667097018543e-02
3.475477972074198646e-02
3.721583026572611308e-02
3.905137911967924980e-02
3.990302476593957787e-02
3.915479788925411986e-02
3.726522640651670076e-02
3.476966074815939639e-02
3.150115594823856696e-02
2.811632146523245987e-02
2.494983788479800124e-02
2.232111945511120951e-02
2.007043976026344489e-02
1.809475868738101220e-02
1.672859366446709586e-02
1.595414991819957967e-02
1.595762773356602937e-02
1.825829104230058952e-02
2.164776264620928842e-02
2.606133323606469807e-02
3.031625308775982505e-02
3.458800087704995418e-02
3.910288645308668265e-02
4.245913657650540740e-02
4.441502786169982536e-02
4.519648389100603542e-02
4.446110250646792550e-02
4.248661605926207924e-02
3.916918293200633699e-02
3.458748276292557267e-02
3.027473519598712290e-02
2.607490447420315535e-02
2.164850842760869531e-02
1.823634927057946747e-02
1.595471309219411576e-02
1.448076369591872088e-02
1.359217329694340469e-02
1.325359418029766444e-02
1.359181741140370707e-02
1.446407398971117676e-02
1.673076226267279989e-02
2.164776264620929536e-02
2.886021739715614182e-02
3.738753140998084257e-02
4.680504546278222572e-02
5.342446830802504570e-02
5.684837157012750247e-02
5.985054084232876992e-02
6.139215299958690475e-02
5.779714075184995414e-02
5.134513548418698226e-02
4.451171553020365212e-02
3.726522640651670076e-02
3.029045634072441082e-02
2.454290213598857295e-02
1.924712109803503046e-02
1.498939760073244622e-02
1.235235911030503966e-02
1.057744829141776984e-02
9.585761901306109542e-03
9.368309971998230179e-03
9.918552689456331187e-03
1.140974874001088497e-02
1.354856373108704812e-02
1.804253134649318191e-02
2.606133323606468072e-02
3.738753140998081481e-02
5.338516264157874142e-02
6.414501968133488885e-02
6.169868202079356601e-02
5.682185566267535654e-02
6.325521939737194232e-02
7.071497905266592443e-02
6.867266861140183809e-02
5.763584392381593258e-02
4.521910365928389491e-02
3.476966074815941027e-02
2.607400999625553856e-02
1.924712109803501658e-02
1.407105138009391229e-02
1.062083912648559281e-02
8.319693322168647195e-03
7.062113824434960475e-03
6.667016334975205995e-03
6.905691097310371826e-03
7.853300071513641054e-03
9.962098286384116902e-03
1.319448403750739240e-02
1.990498556130348984e-02
3.031625308775977301e-02
4.680504546278218408e-02
6.414501968133488885e-02
4.914241297430114314e-02
3.352461066065902384e-02
3.937610550728464637e-02
3.388183249491352050e-02
5.015869744669382985e-02
7.055149419422764023e-02
6.089168277163456433e-02
4.430649230590441578e-02
3.150115594823856696e-02
2.161285493696153692e-02
1.498939760073244969e-02
1.062083912648558934e-02
7.602442180851676570e-03
5.972717888890248517e-03
5.389678619020628336e-03
5.420750672569857667e-03
5.806898713170946351e-03
6.867566547244909406e-03
9.372383629035318381e-03
1.352246188786797136e-02
2.206791580543127074e-02
3.458800087704991255e-02
5.342446830802500407e-02
6.169868202079353131e-02
3.352461066065900303e-02
9.999999999999999547e-07
9.999999999999999547e-07
9.999999999999999547e-07
3.363062010049790163e-02
6.348277797329998640e-02
5.932386088216280023e-02
4.219138944786809259e-02
2.811632146523245640e-02
1.820678612673857014e-02
1.235235911030502579e-02
8.319693322168640257e-03
5.972717888890239843e-03
5.163597957454376872e-03
4.924593308568630395e-03
5.063143479598863211e-03
5.410411071824408787e-03
6.598028564925068236e-03
9.562990323954148608e-03
1.442184459410294529e-02
2.466973596362146900e-02
3.910288645308666877e-02
5.684837157012750247e-02
5.682185566267531490e-02
3.937610550728463943e-02
9.999999999999999547e-07
9.999999999999999547e-07
9.999999999999999547e-07
3.910045058885655567e-02
5.778624969997602639e-02
5.625401357540836533e-02
3.887726457555850529e-02
2.494983788479800471e-02
1.592653700521375060e-02
1.057744829141776463e-02
7.062113824434957006e-03
5.389678619020628336e-03
4.924593308568627793e-03
4.760662123540228101e-03
4.905764432733400286e-03
5.347894287764173339e-03
6.945635259751062156e-03
1.055091678499546666e-02
1.592996153985074687e-02
2.788894536741253274e-02
4.245913657650536577e-02
5.985054084232874216e-02
6.325521939737192845e-02
3.388183249491343030e-02
9.999999999999999547e-07
9.999999999999999547e-07
9.999999999999999547e-07
3.445082490726038282e-02
6.189691283080029499e-02
5.260234753849611644e-02
3.442901182200338445e-02
2.232111945511122339e-02
1.443694683619720434e-02
9.585761901306106073e-03
6.667016334975205127e-03
5.420750672569843789e-03
5.063143479598858007e-03
4.905764432733402888e-03
5.123832120178240662e-03
5.884767034865580858e-03
8.131974863397808256e-03
1.232332150766116304e-02
1.822931751808033740e-02
3.138212667097018543e-02
4.441502786169982536e-02
6.139215299958684924e-02
7.071497905266592443e-02
5.015869744669384372e-02
3.363062010049790163e-02
3.910045058885657648e-02
3.445082490726036895e-02
4.960789506884436678e-02
6.381599065677182048e-02
4.624018681646979712e-02
3.018441522340275726e-02
2.007043976026343102e-02
1.353692579102219393e-02
9.368309971998230179e-03
6.905691097310371826e-03
5.806898713170950688e-03
5.410411071824417460e-03
5.347894287764173339e-03
5.884767034865586929e-03
7.399040326263580346e-03
1.040016471543499244e-02
1.496742758082024970e-02
2.161475004187926249e-02
3.475477972074200034e-02
4.519648389100602154e-02
5.779714075184991945e-02
6.867266861140185197e-02
7.055149419422761248e-02
6.348277797330000027e-02
5.778624969997602639e-02
6.189691283080029499e-02
6.381599065677186211e-02
5.260410129655224837e-02
3.719381521985403588e-02
2.607863044899120727e-02
1.809475868738100526e-02
1.319576847058810155e-02
9.918552689456325983e-03
7.853300071513635849e-03
6.867566547244905069e-03
6.598028564925058695e-03
6.945635259751062156e-03
8.131974863397808256e-03
1.040016471543498376e-02
1.401840588596304539e-02
1.922970938878952249e-02
2.605042953108879095e-02
3.721583026572610614e-02
4.446110250646794632e-02
5.134513548418700307e-02
5.763584392381598809e-02
6.089168277163459903e-02
5.932386088216284187e-02
5.625401357540842778e-02
5.260234753849618583e-02
4.624018681646981793e-02
3.719381521985403588e-02
2.881556148704910933e-02
2.161734999269126004e-02
1.673542730752931168e-02
1.353393355849490283e-02
1.134366657142873124e-02
9.859632079284325751e-03
9.244769645566140379e-03
9.415377224197057568e-03
1.039496784456164086e-02
1.221341081600192495e-02
1.496040549497104633e-02
1.925394598547852318e-02
2.456050316305523340e-02
3.032492464581319769e-02
3.905137911967926367e-02
4.248661605926205842e-02
4.451171553020366600e-02
4.521910365928391573e-02
4.430649230590443660e-02
4.219138944786815504e-02
3.887726457555852611e-02
3.442901182200338445e-02
3.018441522340279196e-02
2.607863044899123156e-02
2.161734999269129473e-02
1.820978907710010461e-02
1.595414991819958661e-02
1.444133438915816067e-02
1.354856373108704291e-02
1.319448403750738373e-02
1.352246188786795922e-02
1.442184459410295223e-02
1.592996153985072258e-02
1.822931751808032352e-02
2.161475004187924862e-02
2.605042953108875625e-02
3.029093444068326271e-02
3.453747557872227647e-02
3.990302476593957093e-02
3.916918293200635781e-02
3.726522640651670076e-02
3.476966074815939639e-02
3.150115594823858778e-02
2.811632146523246681e-02
2.494983788479801512e-02
2.232111945511121992e-02
2.007043976026345183e-02
1.809475868738099139e-02
1.673542730752930127e-02
1.595414991819957967e-02
1.568982541756291926e-02
1.595106968859663632e-02
1.673076226267279989e-02
1.804253134649319579e-02
1.990498556130351412e-02
2.206791580543130890e-02
2.466973596362151064e-02
2.788894536741253274e-02
3.138212667097018543e-02
3.475477972074201422e-02
3.717463640935046720e-02
3.905137911967926367e-02
3.915479788925412680e-02
3.458748276292557267e-02
3.029045634072441776e-02
2.607400999625553162e-02
2.161285493696153692e-02
1.820678612673858054e-02
1.592653700521374019e-02
1.443694683619719567e-02
1.353692579102219740e-02
1.319576847058809808e-02
1.353393355849490630e-02
1.444133438915817629e-02
1.595106968859662938e-02
1.820965702250785731e-02
2.160929957323427450e-02
2.606774584222723221e-02
3.023054010243748924e-02
3.437307754767474771e-02
3.881073225458672032e-02
4.216401932038234268e-02
4.425377849084792536e-02
4.519733328448528875e-02
4.451216386795549956e-02
4.255046749486628144e-02
3.726522640651671464e-02
3.027473519598713331e-02
2.454290213598856948e-02
1.924712109803503393e-02
1.498939760073243928e-02
1.235235911030503966e-02
1.057744829141776463e-02
9.585761901306107807e-03
9.368309971998224975e-03
9.918552689456325983e-03
1.134366657142873297e-02
1.354856373108703424e-02
1.673076226267279296e-02
2.160929957323424674e-02
2.886021739715614529e-02
3.738753140998084257e-02
4.680504546278222572e-02
5.342446830802501101e-02
5.684837157012750247e-02
5.985054084232876992e-02
6.139215299958691863e-02
5.779714075184998190e-02
5.130995376557319354e-02
4.451171553020365212e-02
3.476966074815939639e-02
2.607490447420314494e-02
1.924712109803502699e-02
1.407105138009391229e-02
1.062083912648558413e-02
8.319693322168636787e-03
7.062113824434952669e-03
6.667016334975205127e-03
6.905691097310371826e-03
7.853300071513639319e-03
9.859632079284318812e-03
1.319448403750738373e-02
1.804253134649319232e-02
2.606774584222720445e-02
3.738753140998081481e-02
5.338516264157878999e-02
6.414501968133490273e-02
6.169868202079353131e-02
5.682185566267530102e-02
6.325521939737192845e-02
7.071497905266593831e-02
6.867266861140186585e-02
5.787501298432424363e-02
4.521910365928386716e-02
3.150115594823856696e-02
2.164850842760867450e-02
1.498939760073243234e-02
1.062083912648558934e-02
7.602442180851682642e-03
5.972717888890240710e-03
5.389678619020629204e-03
5.420750672569849861e-03
5.806898713170948086e-03
6.867566547244898130e-03
9.244769645566142113e-03
1.352246188786795575e-02
1.990498556130350025e-02
3.023054010243747536e-02
4.680504546278222572e-02
6.414501968133490273e-02
4.914241297430119865e-02
3.352461066065903772e-02
3.937610550728458392e-02
3.388183249491349969e-02
5.015869744669382985e-02
7.055149419422757084e-02
6.155510709755204063e-02
4.430649230590438803e-02
2.811632146523245987e-02
1.823634927057945360e-02
1.235235911030503966e-02
8.319693322168645461e-03
5.972717888890244180e-03
5.163597957454376872e-03
4.924593308568624324e-03
5.063143479598860609e-03
5.410411071824414858e-03
6.598028564925061297e-03
9.415377224197069711e-03
1.442184459410294529e-02
2.206791580543129849e-02
3.437307754767470608e-02
5.342446830802500407e-02
6.169868202079358682e-02
3.352461066065903772e-02
9.999999999999999547e-07
9.999999999999999547e-07
9.999999999999999547e-07
3.363062010049790163e-02
6.348277797330009742e-02
5.995728800492495375e-02
4.219138944786805095e-02
2.494983788479800124e-02
1.595471309219411576e-02
1.057744829141777157e-02
7.062113824434963077e-03
5.389678619020619663e-03
4.924593308568627793e-03
4.760662123540228101e-03
4.905764432733402888e-03
5.347894287764175074e-03
6.945635259751062156e-03
1.039496784456164953e-02
1.592996153985072258e-02
2.466973596362148982e-02
3.881073225458669951e-02
5.684837157012748166e-02
5.682185566267531490e-02
3.937610550728459780e-02
9.999999999999999547e-07
9.999999999999999547e-07
9.999999999999999547e-07
3.910045058885657648e-02
5.778624969997601252e-02
5.681926912329977875e-02
3.887726457555842202e-02
2.232111945511120257e-02
1.448076369591871047e-02
9.585761901306102603e-03
6.667016334975214668e-03
5.420750672569849861e-03
5.063143479598853670e-03
4.905764432733400286e-03
5.123832120178239795e-03
5.884767034865590399e-03
8.131974863397803052e-03
1.221341081600193189e-02
1.822931751808033046e-02
2.788894536741253274e-02
4.216401932038232186e-02
5.985054084232875604e-02
6.325521939737194232e-02
3.388183249491343030e-02
9.999999999999999547e-07
9.999999999999999547e-07
9.999999999999999547e-07
3.445082490726043833e-02
6.189691283080030193e-02
5.323609669508164860e-02
3.442901182200334281e-02
2.007043976026343102e-02
1.359217329694338734e-02
9.368309971998231914e-03
6.905691097310371826e-03
5.806898713170953290e-03
5.410411071824419195e-03
5.347894287764172472e-03
5.884767034865586929e-03
7.399040326263585550e-03
1.040016471543498203e-02
1.496040549497106020e-02
2.161475004187924515e-02
3.138212667097018543e-02
4.425377849084791843e-02
6.139215299958687699e-02
7.071497905266592443e-02
5.015869744669382985e-02
3.363062010049787387e-02
3.910045058885659036e-02
3.445082490726041752e-02
4.960789506884416555e-02
6.381599065677188987e-02
4.661256455023757295e-02
3.018441522340275726e-02
1.809475868738099139e-02
1.325359418029766097e-02
9.918552689456336391e-03
7.853300071513641054e-03
6.867566547244908538e-03
6.598028564925059562e-03
6.945635259751059554e-03
8.131974863397803052e-03
1.040016471543498723e-02
1.401840588596304192e-02
1.925394598547851971e-02
2.605042953108875625e-02
3.475477972074203503e-02
4.519733328448524712e-02
5.779714075184995414e-02
6.867266861140181033e-02
7.055149419422761248e-02
6.348277797330004191e-02
5.778624969997601252e-02
6.189691283080034356e-02
6.381599065677191762e-02
5.260410129655227612e-02
3.724132464799995157e-02
2.607863044899119687e-02
1.672859366446708893e-02
1.359181741140370707e-02
1.140974874001089018e-02
9.962098286384125576e-03
9.372383629035309707e-03
9.562990323954146873e-03
1.055091678499546319e-02
1.232332150766115957e-02
1.496742758082025317e-02
1.922970938878952249e-02
2.456050316305524034e-02
3.029093444068325230e-02
3.717463640935045333e-02
4.451216386795552038e-02
5.130995376557320742e-02
5.787501298432427138e-02
6.155510709755204063e-02
5.995728800492502314e-02
5.681926912329981344e-02
5.323609669508171799e-02
4.661256455023757989e-02
3.724132464799995157e-02
2.886240298344151800e-02
2.161083452018680573e-02
1.595414991819956579e-02
1.446407398971118023e-02
1.354856373108704812e-02
1.319448403750739240e-02
1.352246188786797657e-02
1.442184459410295744e-02
1.592996153985073646e-02
1.822931751808035128e-02
2.161475004187926943e-02
2.605042953108878401e-02
3.032492464581321157e-02
3.453747557872227647e-02
3.905137911967926367e-02
4.255046749486628144e-02
4.451171553020366600e-02
4.521910365928388104e-02
4.430649230590441578e-02
4.219138944786809259e-02
3.887726457555847059e-02
3.442901182200334281e-02
3.018441522340273644e-02
2.607863044899120727e-02
2.161083452018683695e-02
1.820978907710009767e-02
1.021766768500647661e-02
1.055118450003342083e-02
1.161750027145757452e-02
1.347300644567207308e-02
1.618111922972746350e-02
1.992007889243199714e-02
2.495798764017378990e-02
3.138212667097017156e-02
3.921221701927332659e-02
4.751295993323979838e-02
5.492262563641182177e-02
5.701966759520488842e-02
5.715724793770041168e-02
5.696579587568401104e-02
5.456998451492793556e-02
4.722493061452238267e-02
3.924287881444440962e-02
3.152954791202911000e-02
2.511455064912813950e-02
2.007043976026343102e-02
1.626151123799863402e-02
1.353394309592301226e-02
1.164077540450259886e-02
1.059435417089510216e-02
1.055118450003342430e-02
1.232291719800741175e-02
1.496698821668044146e-02
1.922851424976039503e-02
2.456074874909783615e-02
3.029079156257744390e-02
3.717479062929685690e-02
4.441502786169984618e-02
5.131022274690170276e-02
5.787566067112022428e-02
6.155461475929530774e-02
5.995734419130951259e-02
5.682023306712868232e-02
5.342428990467065764e-02
4.661204703154692847e-02
3.724063553664185011e-02
2.884576702500639411e-02
2.160919052174464436e-02
1.672852097570373675e-02
1.359217329694338387e-02
1.140895031695440993e-02
9.962112788107133771e-03
9.367698191492780657e-03
9.562960326623728621e-03
1.161750027145756932e-02
1.496698821668043800e-02
2.054541908172951778e-02
2.813213226255339983e-02
3.709016655519692396e-02
4.682530065877480580e-02
5.472323441297308189e-02
6.139215299958686312e-02
6.629145362039821909e-02
6.800885608987487785e-02
6.630740572192125870e-02
6.136711631383495041e-02
5.456998451492795638e-02
4.682461825399603095e-02
3.698519063434047710e-02
2.803093632285938441e-02
2.054527512719465931e-02
1.497177373740946407e-02
1.164029598507394618e-02
9.368309971998230179e-03
8.128610879906609035e-03
7.752801254703087751e-03
8.128424099291868543e-03
9.309729734364613485e-03
1.347300644567206787e-02
1.922851424976036380e-02
2.813213226255337554e-02
4.126883880793528331e-02
5.753272156658746639e-02
6.388007291261087184e-02
6.598056782838916667e-02
7.071497905266592443e-02
7.469618864506484546e-02
7.454319153718919067e-02
6.776445946445711077e-02
5.758793014047294129e-02
4.722493061452238267e-02
3.726518418982986691e-02
2.803093632285938094e-02
2.045612341218642008e-02
1.435625954277771135e-02
1.055409433587938851e-02
8.147691045007763450e-03
6.905691097310371826e-03
6.590819553325496898e-03
6.896200674474588059e-03
7.752882717356891773e-03
9.836176210941864964e-03
1.618111922972746350e-02
2.456074874909782227e-02
3.709016655519690314e-02
5.753272156658741088e-02
6.528956787588800770e-02
4.989837926493552456e-02
3.970203298833435007e-02
5.015869744669392005e-02
7.048125943857733167e-02
7.459840182285140675e-02
6.576095709563976877e-02
5.114435122772249126e-02
3.924287881444440962e-02
2.881909299838178798e-02
2.054527512719466278e-02
1.435625954277770615e-02
1.016651491103051641e-02
7.548496927146122054e-03
6.215868316539666268e-03
5.806898713170955892e-03
5.882198039726618637e-03
6.564266078088696124e-03
8.094175112245199574e-03
1.126380994832403871e-02
1.992007889243197633e-02
3.029079156257742655e-02
4.682530065877480580e-02
6.388007291261091347e-02
4.989837926493548986e-02
3.329384055104620682e-02
3.938700929098359893e-02
3.363062010049789469e-02
5.101411178481384673e-02
7.059146777695593511e-02
6.070520471906396681e-02
4.434730878812097321e-02
3.152954791202911694e-02
2.157537599354047986e-02
1.497177373740946060e-02
1.055409433587939719e-02
7.548496927146124656e-03
5.966862163806041508e-03
5.390683128342823628e-03
5.410411071824421797e-03
5.775915321514697200e-03
6.818713034465493511e-03
9.308704412073005169e-03
1.349599479113241379e-02
2.495798764017377602e-02
3.717479062929679445e-02
5.472323441297308189e-02
6.598056782838911116e-02
3.970203298833430844e-02
3.938700929098359893e-02
9.923203524161417627e-03
3.910045058885659036e-02
4.024204578277801314e-02
6.595779413087679566e-02
5.397223443139446963e-02
3.714028910392264821e-02
2.511455064912814644e-02
1.670537949295753180e-02
1.164029598507393751e-02
8.147691045007761715e-03
6.215868316539673206e-03
5.390683128342819291e-03
5.037559632293331022e-03
5.347894287764170737e-03
6.131862231844024090e-03
7.996245175897214244e-03
1.161759023780590400e-02
1.670814963234325615e-02
3.138212667097017849e-02
4.441502786169981842e-02
6.139215299958684924e-02
7.071497905266588280e-02
5.015869744669382985e-02
3.363062010049790163e-02
3.910045058885659036e-02
3.445082490726041752e-02
4.960789506884435984e-02
6.381599065677184823e-02
4.624018681646979712e-02
3.018441522340276420e-02
2.007043976026344489e-02
1.353692579102218178e-02
9.368309971998231914e-03
6.905691097310370091e-03
5.806898713170950688e-03
5.410411071824417460e-03
5.347894287764176809e-03
5.884767034865589531e-03
7.399040326263583815e-03
1.040016471543499417e-02
1.496742758082024449e-02
2.161475004187925208e-02
3.921221701927333353e-02
5.131022274690169582e-02
6.629145362039821909e-02
7.469618864506484546e-02
7.048125943857740106e-02
5.101411178481381897e-02
4.024204578277804090e-02
4.960789506884433209e-02
6.466860457513198823e-02
5.694826164499318388e-02
3.688783383020723811e-02
2.453032286643562834e-02
1.626151123799863055e-02
1.132767672430487135e-02
8.128610879906610770e-03
6.590819553325495163e-03
5.882198039726611698e-03
5.775915321514695465e-03
6.131862231844024957e-03
7.399040326263597693e-03
9.961473238639148575e-03
1.430201034967717132e-02
2.054514464501654147e-02
2.882548420616977761e-02
4.751295993323981920e-02
5.787566067112022428e-02
6.800885608987482234e-02
7.454319153718916291e-02
7.459840182285136512e-02
7.059146777695593511e-02
6.595779413087687892e-02
6.381599065677193150e-02
5.694826164499324633e-02
4.074701957240428607e-02
2.793996293808179501e-02
1.928523279586746852e-02
1.353394309592300532e-02
9.882258016010560600e-03
7.752801254703084281e-03
6.896200674474579385e-03
6.564266078088693522e-03
6.818713034465487439e-03
7.996245175897205570e-03
1.040016471543498723e-02
1.430201034967714877e-02
2.050603503810123976e-02
2.813249588349800434e-02
3.741207772754238242e-02
5.492262563641182177e-02
6.155461475929530774e-02
6.630740572192131421e-02
6.776445946445708302e-02
6.576095709563978264e-02
6.070520471906399457e-02
5.397223443139448351e-02
4.624018681646979712e-02
3.688783383020723811e-02
2.793996293808181236e-02
2.054299616450683610e-02
1.500443940449993838e-02
1.169488277379520519e-02
9.317506134233131260e-03
8.094146919302293991e-03
7.703956465743228357e-03
8.012293788234705130e-03
9.184489637066636097e-03
1.149631051363760384e-02
1.496040549497105673e-02
2.059021902692881670e-02
2.817472845060664186e-02
3.709126838063990517e-02
4.702321657323670773e-02
5.701966759520490230e-02
5.995734419130953341e-02
6.136711631383495041e-02
5.758793014047298292e-02
5.114435122772249126e-02
4.434730878812098709e-02
3.714028910392264821e-02
3.018441522340277808e-02
2.453032286643563875e-02
1.928523279586747893e-02
1.500443940449993317e-02
1.238429093739185083e-02
1.059435417089510910e-02
9.541358019773280019e-03
9.309729734364616954e-03
9.836176210941866699e-03
1.126380994832403871e-02
1.349599479113240685e-02
1.670814963234324574e-02
2.161475004187924515e-02
2.882548420616975332e-02
3.741207772754233385e-02
4.682513199310530533e-02
5.359359711171200746e-02
5.715724793770039086e-02
5.682023306712864069e-02
5.456998451492794944e-02
4.722493061452241042e-02
3.924287881444441656e-02
3.152954791202912388e-02
2.511455064912814644e-02
2.007043976026345183e-02
1.626151123799863402e-02
1.353394309592299838e-02
1.169488277379521039e-02
1.059435417089510563e-02
1.021766768500648702e-02
1.056920850109619586e-02
1.161750027145757973e-02
1.347300644567208522e-02
1.618111922972747044e-02
1.992007889243197979e-02
2.495798764017380031e-02
3.138212667097017156e-02
3.921221701927331271e-02
4.751295993323985389e-02
5.472267846615088555e-02
5.701966759520490230e-02
5.696579587568408043e-02
5.342428990467066457e-02
4.682461825399601707e-02
3.726518418982983222e-02
2.881909299838178798e-02
2.157537599354048333e-02
1.670537949295751098e-02
1.353692579102219393e-02
1.132767672430487656e-02
9.882258016010560600e-03
9.317506134233131260e-03
9.541358019773273080e-03
1.056920850109618545e-02
1.238391963945215980e-02
1.497151141382529332e-02
1.926192753537975602e-02
2.455526134133241903e-02
3.019798598178628779e-02
3.704797670096940387e-02
4.425377849084790455e-02
5.110371447783056825e-02
5.765853567489937631e-02
6.136665288194403239e-02
6.002681728695740543e-02
5.456998451492792168e-02
4.661204703154692153e-02
3.698519063434047710e-02
2.803093632285936707e-02
2.054527512719464891e-02
1.497177373740943458e-02
1.164029598507394098e-02
9.368309971998219771e-03
8.128610879906600362e-03
7.752801254703084281e-03
8.094146919302290522e-03
9.309729734364611750e-03
1.161750027145758667e-02
1.497151141382528292e-02
2.054541908172951778e-02
2.813213226255342064e-02
3.709016655519693784e-02
4.682530065877484049e-02
5.472323441297307495e-02
6.139215299958691863e-02
6.629145362039823297e-02
6.800885608987487785e-02
6.629136352049996850e-02
6.136711631383495041e-02
4.722493061452238267e-02
3.724063553664187093e-02
2.803093632285939482e-02
2.045612341218643743e-02
1.435625954277771135e-02
1.055409433587939025e-02
8.147691045007758245e-03
6.905691097310370091e-03
6.590819553325495163e-03
6.896200674474588059e-03
7.703956465743231827e-03
9.836176210941866699e-03
1.347300644567206787e-02
1.926192753537974561e-02
2.813213226255341023e-02
4.126883880793533188e-02
5.753272156658748027e-02
6.388007291261091347e-02
6.598056782838919443e-02
7.071497905266593831e-02
7.469618864506484546e-02
7.454319153718917679e-02
6.800929252699880467e-02
5.758793014047295516e-02
3.924287881444440962e-02
2.884576702500638717e-02
2.054527512719465585e-02
1.435625954277771656e-02
1.016651491103051815e-02
7.548496927146122921e-03
6.215868316539668870e-03
5.806898713170950688e-03
5.882198039726618637e-03
6.564266078088694389e-03
8.012293788234710334e-03
1.126380994832403871e-02
1.618111922972746350e-02
2.455526134133241903e-02
3.709016655519691702e-02
5.753272156658741088e-02
6.528956787588799382e-02
4.989837926493555925e-02
3.970203298833432926e-02
5.015869744669390617e-02
7.048125943857738718e-02
7.459840182285146226e-02
6.630739124059679968e-02
5.114435122772247044e-02
3.152954791202911000e-02
2.160919052174465477e-02
1.497177373740945713e-02
1.055409433587939198e-02
7.548496927146118585e-03
5.966862163806043243e-03
5.390683128342819291e-03
5.410411071824417460e-03
5.775915321514698934e-03
6.818713034465488307e-03
9.184489637066636097e-03
1.349599479113241379e-02
1.992007889243197979e-02
3.019798598178624616e-02
4.682530065877479192e-02
6.388007291261081633e-02
4.989837926493558007e-02
3.329384055104631090e-02
3.938700929098359893e-02
3.363062010049796408e-02
5.101411178481383979e-02
7.059146777695600450e-02
6.136665288194398382e-02
4.434730878812092464e-02
2.511455064912813950e-02
1.672852097570374369e-02
1.164029598507393577e-02
8.147691045007768654e-03
6.215868316539668870e-03
5.390683128342819291e-03
5.037559632293330154e-03
5.347894287764175074e-03
6.131862231844033631e-03
7.996245175897212509e-03
1.149631051363761598e-02
1.670814963234323533e-02
2.495798764017378990e-02
3.704797670096937612e-02
5.472323441297308189e-02
6.598056782838909728e-02
3.970203298833430844e-02
3.938700929098358505e-02
9.923203524161412423e-03
3.910045058885659036e-02
4.024204578277799232e-02
6.595779413087686505e-02
5.457007176676665489e-02
3.714028910392262045e-02
2.007043976026342408e-02
1.359217329694339081e-02
9.368309971998231914e-03
6.905691097310368357e-03
5.806898713170950688e-03
5.410411071824417460e-03
5.347894287764170737e-03
5.884767034865589531e-03
7.399040326263595958e-03
1.040016471543498723e-02
1.496040549497105673e-02
2.161475004187924515e-02
3.138212667097018543e-02
4.425377849084790455e-02
6.139215299958687699e-02
7.071497905266593831e-02
5.015869744669385066e-02
3.363062010049792938e-02
3.910045058885656954e-02
3.445082490726045915e-02
4.960789506884432515e-02
6.381599065677191762e-02
4.661256455023751744e-02
3.018441522340273644e-02
1.626151123799864442e-02
1.140895031695440993e-02
8.128610879906609035e-03
6.590819553325499500e-03
5.882198039726616035e-03
5.775915321514693730e-03
6.131862231844024957e-03
7.399040326263583815e-03
9.961473238639157249e-03
1.430201034967715917e-02
2.059021902692880976e-02
2.882548420616974985e-02
3.921221701927331271e-02
5.110371447783054050e-02
6.629145362039820522e-02
7.469618864506481770e-02
7.048125943857735942e-02
5.101411178481371489e-02
4.024204578277797151e-02
4.960789506884423494e-02
6.466860457513196048e-02
5.694826164499326021e-02
3.698616817650093869e-02
2.453032286643563875e-02
1.353394309592300532e-02
9.962112788107132036e-03
7.752801254703086016e-03
6.896200674474581988e-03
6.564266078088696124e-03
6.818713034465491776e-03
7.996245175897215979e-03
1.040016471543498550e-02
1.430201034967716611e-02
2.050603503810124670e-02
2.817472845060660369e-02
3.741207772754237548e-02
4.751295993323985389e-02
5.765853567489934856e-02
6.800885608987487785e-02
7.454319153718917679e-02
7.459840182285140675e-02
7.059146777695593511e-02
6.595779413087685117e-02
6.381599065677188987e-02
5.694826164499326021e-02
4.074701957240428607e-02
2.803114158406658923e-02
1.928523279586745118e-02
1.164077540450260233e-02
9.367698191492778922e-03
8.128424099291882421e-03
7.752882717356888304e-03
8.094175112245201309e-03
9.308704412073005169e-03
1.161759023780590400e-02
1.496742758082024102e-02
2.054514464501653800e-02
2.813249588349801822e-02
3.709126838063996068e-02
4.682513199310532614e-02
5.472267846615081616e-02
6.136665288194403239e-02
6.629136352049996850e-02
6.800929252699876304e-02
6.630739124059677192e-02
6.136665288194398382e-02
5.457007176676666876e-02
4.661256455023753825e-02
3.698616817650097338e-02
2.803114158406661699e-02
2.054514464501650678e-02
1.497194884355524877e-02
1.059435417089510043e-02
9.562960326623730356e-03
9.309729734364622158e-03
9.836176210941861495e-03
1.126380994832404739e-02
1.349599479113242420e-02
1.670814963234324574e-02
2.161475004187923474e-02
2.882548420616977067e-02
3.741207772754238242e-02
4.702321657323670773e-02
5.359359711171200746e-02
5.701966759520490230e-02
6.002681728695744012e-02
6.136711631383492266e-02
5.758793014047292047e-02
5.114435122772248432e-02
4.434730878812095239e-02
3.714028910392262045e-02
3.018441522340273298e-02
2.453032286643563875e-02
1.928523279586747893e-02
1.497194884355524877e-02
1.238429093739182654e-02
6.725843724137038106e-03
7.028961390520410517e-03
8.105851886062552178e-03
1.026783510641322318e-02
1.346209581560414703e-02
1.803509295568702167e-02
2.501284916651100657e-02
3.475477972074200034e-02
4.751295993323977757e-02
6.192959316200296466e-02
6.609434595000905632e-02
5.707222189574727433e-02
4.955069482449926677e-02
5.716331768871341784e-02
6.606689856759948021e-02
6.153693015959145474e-02
4.721572928120153917e-02
3.485855909320914603e-02
2.512464516969325698e-02
1.809475868738097404e-02
1.353394309592300185e-02
1.039340753953259602e-02
8.147572839686582913e-03
7.078322705231023491e-03
7.028961390520415721e-03
8.268188961885645019e-03
1.052357651240497238e-02
1.404261399901186175e-02
1.926368031326126939e-02
2.607514184105396218e-02
3.472207199747773948e-02
4.519648389100603542e-02
5.787566067112020346e-02
6.913803963276902997e-02
7.063846259940169403e-02
6.325061144018466475e-02
5.689003360607410020e-02
6.170009371586284569e-02
6.399433332961174115e-02
5.301252820796303888e-02
3.734152230113508414e-02
2.606779337281346295e-02
1.808027183934554638e-02
1.325359418029764015e-02
9.962112788107133771e-03
7.902057916140061908e-03
6.905657980130169675e-03
6.651122438523112551e-03
8.105851886062548708e-03
1.052357651240497585e-02
1.431847877646815273e-02
2.048356913347556749e-02
2.809744958523430203e-02
3.726574687426737614e-02
4.739708588085170260e-02
5.779714075184994027e-02
6.800885608987482234e-02
7.494805041941886292e-02
7.479412642280340584e-02
7.063014080735871558e-02
6.606689856759948021e-02
6.388050646870320481e-02
5.732855339647613402e-02
4.100747418487347973e-02
2.805576059556511362e-02
1.926183173092452239e-02
1.348487183163149354e-02
9.918552689456319044e-03
7.752801254703087751e-03
6.900400459340591715e-03
6.591360583520089120e-03
6.866364748627149656e-03
1.026783510641320583e-02
1.404261399901185307e-02
2.048356913347555361e-02
2.912983502404048811e-02
4.121007160069369707e-02
5.325210636604854608e-02
6.152593172136339855e-02
6.867266861140183809e-02
7.454319153718916291e-02
7.693120694024917217e-02
7.459450839787085119e-02
6.872094221709977580e-02
6.153693015959148943e-02
5.325210468208280146e-02
4.100747418487350054e-02
2.901000306250269695e-02
2.047066751823410288e-02
1.407779735508664885e-02
1.028130919883066784e-02
7.853300071513637584e-03
6.896200674474583722e-03
6.797275460813522949e-03
6.896178709364009576e-03
7.789676331124952696e-03
1.346209581560412274e-02
1.926368031326124164e-02
2.809744958523430203e-02
4.121007160069366237e-02
5.735449342477964146e-02
6.378458166173048283e-02
6.591770170452737609e-02
7.055149419422761248e-02
7.459840182285136512e-02
7.421177561272927770e-02
6.752295594054760763e-02
5.741850850253481242e-02
4.721572928120155999e-02
3.736236610875953018e-02
2.805576059556511709e-02
2.047066751823409941e-02
1.438325104896937510e-02
1.051793989923446512e-02
8.097703359078858160e-03
6.867566547244905069e-03
6.564266078088701328e-03
6.871415026420540743e-03
7.703885160429328402e-03
9.780629384610857804e-03
1.803509295568702514e-02
2.607514184105393443e-02
3.726574687426737614e-02
5.325210636604856690e-02
6.378458166173044119e-02
6.185950873915464776e-02
5.798453936231179329e-02
6.348277797329998640e-02
7.059146777695594899e-02
6.830548429197426386e-02
5.732597525201516692e-02
4.521442725152536452e-02
3.485855909320914603e-02
2.605910257744892961e-02
1.926183173092453280e-02
1.407779735508663671e-02
1.051793989923447033e-02
8.221876252684947109e-03
6.994601852516084232e-03
6.598028564925061297e-03
6.818713034465483103e-03
7.739872550087974375e-03
9.836164185498789611e-03
1.314002384055697019e-02
2.501284916651099269e-02
3.472207199747771866e-02
4.739708588085169566e-02
6.152593172136338467e-02
6.591770170452737609e-02
5.798453936231179329e-02
5.030121496620556382e-02
5.778624969997600558e-02
6.595779413087685117e-02
6.114746480892133129e-02
4.709886080209702702e-02
3.480621365409627271e-02
2.512464516969327086e-02
1.806895200756299114e-02
1.348487183163150742e-02
1.028130919883067304e-02
8.097703359078866833e-03
6.994601852516082498e-03
6.652152950952090228e-03
6.945635259751066493e-03
7.996245175897209040e-03
1.016471816662254529e-02
1.347312622460898439e-02
1.803203806101061346e-02
3.475477972074200034e-02
4.519648389100606317e-02
5.779714075184991251e-02
6.867266861140181033e-02
7.055149419422764023e-02
6.348277797329993088e-02
5.778624969997599170e-02
6.189691283080021172e-02
6.381599065677180660e-02
5.260410129655227612e-02
3.719381521985403588e-02
2.607863044899122115e-02
1.809475868738099832e-02
1.319576847058810155e-02
9.918552689456329452e-03
7.853300071513639319e-03
6.867566547244908538e-03
6.598028564925063899e-03
6.945635259751060421e-03
8.131974863397806522e-03
1.040016471543498029e-02
1.401840588596306274e-02
1.922970938878950861e-02
2.605042953108878748e-02
4.751295993323981920e-02
5.787566067112023815e-02
6.800885608987482234e-02
7.454319153718919067e-02
7.459840182285136512e-02
7.059146777695590735e-02
6.595779413087687892e-02
6.381599065677182048e-02
5.694826164499330184e-02
4.074701957240425138e-02
2.793996293808181583e-02
1.928523279586748240e-02
1.353394309592300185e-02
9.882258016010574478e-03
7.752801254703086016e-03
6.896200674474585457e-03
6.564266078088693522e-03
6.818713034465490042e-03
7.996245175897205570e-03
1.040016471543499417e-02
1.430201034967715397e-02
2.050603503810124670e-02
2.813249588349800781e-02
3.741207772754238242e-02
6.192959316200299241e-02
6.913803963276900222e-02
7.494805041941884904e-02
7.693120694024915829e-02
7.421177561272927770e-02
6.830548429197426386e-02
6.114746480892133129e-02
5.260410129655226225e-02
4.074701957240427219e-02
2.888786122431150072e-02
2.043035509958034818e-02
1.411096339241050407e-02
1.039340753953260470e-02
7.843042657143159055e-03
6.900400459340587378e-03
6.797275460813516877e-03
6.871415026420535539e-03
7.739872550087974375e-03
1.016471816662252274e-02
1.401840588596304886e-02
2.050603503810122935e-02
2.924742624233416313e-02
4.126646593724953710e-02
5.360079445398099190e-02
6.609434595000908408e-02
7.063846259940169403e-02
7.479412642280335033e-02
7.459450839787090670e-02
6.752295594054759376e-02
5.732597525201518079e-02
4.709886080209708253e-02
3.719381521985404976e-02
2.793996293808181583e-02
2.043035509958036552e-02
1.439917427086535862e-02
1.065948236876279771e-02
8.211639840812983218e-03
6.880672300661201668e-03
6.581337749394191271e-03
6.878447612367418265e-03
7.656288688349844815e-03
9.738891963969967605e-03
1.342235840939990342e-02
1.925394598547853012e-02
2.817472845060659328e-02
4.147405827323810690e-02
5.753185423966671735e-02
6.405954388988206738e-02
5.707222189574726046e-02
6.325061144018463699e-02
7.063014080735875722e-02
6.872094221709980355e-02
5.741850850253481242e-02
4.521442725152535064e-02
3.480621365409625190e-02
2.607863044899121421e-02
1.928523279586747893e-02
1.411096339241051274e-02
1.065948236876282026e-02
8.367663503156801824e-03
7.078322705231026961e-03
6.635532698228616827e-03
6.866364748627153992e-03
7.789676331124956166e-03
9.780629384610842192e-03
1.314002384055696672e-02
1.803203806101059264e-02
2.605042953108876319e-02
3.741207772754231303e-02
5.360079445398097803e-02
6.387834240029702237e-02
6.167357405772171119e-02
4.955069482449921819e-02
5.689003360607408633e-02
6.606689856759948021e-02
6.153693015959148943e-02
4.721572928120153917e-02
3.485855909320912521e-02
2.512464516969326045e-02
1.809475868738100526e-02
1.353394309592299144e-02
1.039340753953260990e-02
8.211639840812983218e-03
7.078322705231033900e-03
6.725843724137038106e-03
7.043713116020166622e-03
8.105851886062550443e-03
1.026783510641322318e-02
1.346209581560414703e-02
1.803509295568703555e-02
2.501284916651101004e-02
3.475477972074198646e-02
4.751295993323977757e-02
6.192959316200297853e-02
6.597779688563649991e-02
5.707222189574730209e-02
5.716331768871344560e-02
6.170009371586287344e-02
6.388050646870326033e-02
5.325210468208281533e-02
3.736236610875951630e-02
2.605910257744888797e-02
1.806895200756300154e-02
1.319576847058807727e-02
9.882258016010557131e-03
7.843042657143159055e-03
6.880672300661204270e-03
6.635532698228623766e-03
7.043713116020157948e-03
8.367543020089228747e-03
1.055405363461472609e-02
1.407780700213198503e-02
1.930484443820110890e-02
2.607996074498287672e-02
3.475739181248676396e-02
4.519733328448527487e-02
5.765853567489933468e-02
6.916042806133224086e-02
7.062939634162453129e-02
6.324625196713155872e-02
6.606689856759941082e-02
6.399433332961183829e-02
5.732855339647616871e-02
4.100747418487347973e-02
2.805576059556509974e-02
1.926183173092453974e-02
1.348487183163149007e-02
9.918552689456322513e-03
7.752801254703084281e-03
6.900400459340589113e-03
6.581337749394186067e-03
6.866364748627152258e-03
8.105851886062548708e-03
1.055405363461472089e-02
1.431847877646816661e-02
2.048356913347560565e-02
2.809744958523431937e-02
3.726574687426741778e-02
4.739708588085175811e-02
5.779714075184996802e-02
6.800885608987482234e-02
7.494805041941884904e-02
7.469597283789544684e-02
7.063014080735870170e-02
6.153693015959145474e-02
5.301252820796303888e-02
4.100747418487352136e-02
2.901000306250269695e-02
2.047066751823407860e-02
1.407779735508661936e-02
1.028130919883066957e-02
7.853300071513635849e-03
6.896200674474585457e-03
6.797275460813514275e-03
6.878447612367419133e-03
7.789676331124959635e-03
1.026783510641321104e-02
1.407780700213197289e-02
2.048356913347557096e-02
2.912983502404052974e-02
4.121007160069368319e-02
5.325210636604857384e-02
6.152593172136337080e-02
6.867266861140185197e-02
7.454319153718916291e-02
7.693120694024918604e-02
7.454318777132712404e-02
6.872094221709974804e-02
4.721572928120155999e-02
3.734152230113511883e-02
2.805576059556512750e-02
2.047066751823410635e-02
1.438325104896937857e-02
1.051793989923446339e-02
8.097703359078858160e-03
6.867566547244902467e-03
6.564266078088691787e-03
6.871415026420536407e-03
7.656288688349847417e-03
9.780629384610835253e-03
1.346209581560412968e-02
1.930484443820109502e-02
2.809744958523430550e-02
4.121007160069368319e-02
5.735449342477963453e-02
6.378458166173046895e-02
6.591770170452737609e-02
7.055149419422762636e-02
7.459840182285140675e-02
7.421177561272926382e-02
6.776405663708395810e-02
5.741850850253481242e-02
3.485855909320916685e-02
2.606779337281349071e-02
1.926183173092455014e-02
1.407779735508664365e-02
1.051793989923446512e-02
8.221876252684948844e-03
6.994601852516084232e-03
6.598028564925061297e-03
6.818713034465490042e-03
7.739872550087968303e-03
9.738891963969979748e-03
1.314002384055696325e-02
1.803509295568703555e-02
2.607996074498286979e-02
3.726574687426736920e-02
5.325210636604851833e-02
6.378458166173044119e-02
6.185950873915465470e-02
5.798453936231179329e-02
6.348277797330001415e-02
7.059146777695596287e-02
6.830548429197429161e-02
5.758853086753887296e-02
4.521442725152530900e-02
2.512464516969326045e-02
1.808027183934552903e-02
1.348487183163151089e-02
1.028130919883067304e-02
8.097703359078859894e-03
6.994601852516078161e-03
6.652152950952087626e-03
6.945635259751060421e-03
7.996245175897215979e-03
1.016471816662253835e-02
1.342235840939991209e-02
1.803203806101058917e-02
2.501284916651100310e-02
3.475739181248674314e-02
4.739708588085170260e-02
6.152593172136337080e-02
6.591770170452733446e-02
5.798453936231177247e-02
5.030121496620556382e-02
5.778624969997597782e-02
6.595779413087685117e-02
6.114746480892135211e-02
4.722488473900149364e-02
3.480621365409624496e-02
1.809475868738098792e-02
1.325359418029765750e-02
9.918552689456325983e-03
7.853300071513637584e-03
6.867566547244905069e-03
6.598028564925061297e-03
6.945635259751062156e-03
8.131974863397808256e-03
1.040016471543499244e-02
1.401840588596306621e-02
1.925394598547851971e-02
2.605042953108877360e-02
3.475477972074201422e-02
4.519733328448525406e-02
5.779714075184996802e-02
6.867266861140189360e-02
7.055149419422762636e-02
6.348277797330002803e-02
5.778624969997597782e-02
6.189691283080023254e-02
6.381599065677188987e-02
5.260410129655226225e-02
3.724132464799992381e-02
2.607863044899118299e-02
1.353394309592300185e-02
9.962112788107133771e-03
7.752801254703092955e-03
6.896200674474588059e-03
6.564266078088697859e-03
6.818713034465487439e-03
7.996245175897202101e-03
1.040016471543498029e-02
1.430201034967715917e-02
2.050603503810124670e-02
2.817472845060660369e-02
3.741207772754236160e-02
4.751295993323979838e-02
5.765853567489934856e-02
6.800885608987482234e-02
7.454319153718914903e-02
7.459840182285143451e-02
7.059146777695593511e-02
6.595779413087685117e-02
6.381599065677183436e-02
5.694826164499331572e-02
4.074701957240428607e-02
2.803114158406662740e-02
1.928523279586746852e-02
1.039340753953260817e-02
7.902057916140061908e-03
6.900400459340584776e-03
6.797275460813518612e-03
6.871415026420542478e-03
7.739872550087976977e-03
1.016471816662253488e-02
1.401840588596304539e-02
2.050603503810123976e-02
2.924742624233416313e-02
4.147405827323812078e-02
5.360079445398099884e-02
6.192959316200299935e-02
6.916042806133224086e-02
7.494805041941890456e-02
7.693120694024917217e-02
7.421177561272927770e-02
6.830548429197427773e-02
6.114746480892135211e-02
5.260410129655227612e-02
4.074701957240432770e-02
2.888786122431150072e-02
2.045583897519863761e-02
1.411096339241049713e-02
8.147572839686579443e-03
6.905657980130167073e-03
6.591360583520093457e-03
6.896178709364005240e-03
7.703885160429331871e-03
9.836164185498791346e-03
1.347312622460898092e-02
1.922970938878953984e-02
2.813249588349799046e-02
4.126646593724955098e-02
5.753185423966678674e-02
6.387834240029695299e-02
6.597779688563658318e-02
7.062939634162453129e-02
7.469597283789544684e-02
7.454318777132715179e-02
6.776405663708393035e-02
5.758853086753891459e-02
4.722488473900149364e-02
3.724132464799993075e-02
2.803114158406661699e-02
2.045583897519863761e-02
1.431826867946670197e-02
1.055418624587603493e-02
7.078322705231022624e-03
6.651122438523116021e-03
6.866364748627152258e-03
7.789676331124956166e-03
9.780629384610857804e-03
1.314002384055697539e-02
1.803203806101059958e-02
2.605042953108876319e-02
3.741207772754236160e-02
5.360079445398103354e-02
6.405954388988208126e-02
6.167357405772171119e-02
5.707222189574727433e-02
6.324625196713153097e-02
7.063014080735870170e-02
6.872094221709974804e-02
5.741850850253476385e-02
4.521442725152532982e-02
3.480621365409624496e-02
2.607863044899119340e-02
1.928523279586747893e-02
1.411096339241048672e-02
1.055418624587604014e-02
8.367663503156791416e-03
5.049496506716719471e-03
5.361331061807814505e-03
6.163705571238566223e-03
8.060538336528732736e-03
1.154716020944518765e-02
1.670876698588567161e-02
2.495174289724724423e-02
3.721583026572608532e-02
5.492262563641179401e-02
6.609434595000905632e-02
3.915060330867805444e-02
3.968588120632433186e-02
9.869523830561032982e-03
3.971674573981613665e-02
3.973839271183512295e-02
6.599189671914050537e-02
5.419308924266289657e-02
3.718508959397936325e-02
2.510297422587124891e-02
1.673542730752928392e-02
1.169488277379519478e-02
8.211639840812988422e-03
6.215572954808421501e-03
5.401821754015836106e-03
5.361331061807816240e-03
5.932741095182983947e-03
7.498687222719404091e-03
1.049082662977529959e-02
1.497973189508749678e-02
2.161245533291286311e-02
3.138057704271367959e-02
4.446110250646791162e-02
6.155461475929526610e-02
7.063846259940168015e-02
4.992365394074942814e-02
3.322956949168483914e-02
3.940384422934430086e-02
3.352465213912091818e-02
4.938371482367677479e-02
6.390249793482857821e-02
4.645489387353862049e-02
3.023107041145455323e-02
2.006292262501438092e-02
1.357671943584190695e-02
9.371353023993899550e-03
6.913337307230208589e-03
5.805785197730473426e-03
5.412863159620145623e-03
6.163705571238564489e-03
7.498687222719404959e-03
1.005847304717277443e-02
1.433719392403794146e-02
2.059212390301789694e-02
2.881908785241662010e-02
3.924167344510360450e-02
5.134513548418695450e-02
6.630740572192124482e-02
7.479412642280337808e-02
7.073150954661147627e-02
5.080863927095074367e-02
3.973839271183517846e-02
4.989838062960877396e-02
6.495854832278402657e-02
5.718162227969549039e-02
3.698114451220328031e-02
2.455526178035120216e-02
1.624776183906724222e-02
1.134366657142872950e-02
8.094146919302293991e-03
6.581337749394182597e-03
5.882198936124886750e-03
5.782891531872839247e-03
8.060538336528731002e-03
1.049082662977530479e-02
1.433719392403794146e-02
2.050581033550947369e-02
2.810522612884637159e-02
3.736182668176454835e-02
4.740347248074269076e-02
5.763584392381596033e-02
6.776445946445709689e-02
7.459450839787085119e-02
7.466015536088346782e-02
7.046601420961319528e-02
6.599189671914053312e-02
6.378417153975758647e-02
5.718162227969555284e-02
4.094134009379036404e-02
2.801333288449513875e-02
1.930494377377135057e-02
1.347477804843845439e-02
9.859632079284313608e-03
7.703956465743234429e-03
6.878447612367411326e-03
6.563610613916652861e-03
6.829767313254533033e-03
1.154716020944517203e-02
1.497973189508750025e-02
2.059212390301788653e-02
2.810522612884637159e-02
3.709180767628190295e-02
4.669376107064752979e-02
5.434346519824476140e-02
6.089168277163456433e-02
6.576095709563979652e-02
6.752295594054763539e-02
6.578764832526462492e-02
6.086932911560340859e-02
5.419308924266292432e-02
4.669441896917807255e-02
3.698114451220328031e-02
2.801333288449511447e-02
2.059293566634070108e-02
1.499339334075567610e-02
1.156547781331509345e-02
9.244769645566131705e-03
8.012293788234710334e-03
7.656288688349844815e-03
8.012471356089987534e-03
9.191918524912228577e-03
1.670876698588567508e-02
2.161245533291285270e-02
2.881908785241661317e-02
3.736182668176455529e-02
4.669376107064750897e-02
5.296920102307391826e-02
5.644171874227337654e-02
5.932386088216281411e-02
6.070520471906403620e-02
5.732597525201518079e-02
5.115305884227207972e-02
4.439222131733105980e-02
3.718508959397939101e-02
3.023632250571418531e-02
2.455526178035121951e-02
1.930494377377136445e-02
1.499339334075566223e-02
1.226593098220285852e-02
1.043372313829690583e-02
9.415377224197066242e-03
9.184489637066627424e-03
9.738891963969978013e-03
1.126294125517507058e-02
1.348296666789309227e-02
2.495174289724724770e-02
3.138057704271368653e-02
3.924167344510360450e-02
4.740347248074270464e-02
5.434346519824475447e-02
5.644171874227337654e-02
5.672257618036528892e-02
5.625401357540841391e-02
5.397223443139450433e-02
4.709886080209704784e-02
3.924148360732131885e-02
3.151867604090875102e-02
2.510297422587124197e-02
2.007402479201615686e-02
1.624776183906725610e-02
1.347477804843846480e-02
1.156547781331510732e-02
1.043372313829690930e-02
1.005779546533738453e-02
1.039496784456165474e-02
1.149631051363761425e-02
1.342235840939992077e-02
1.618085440130146574e-02
1.991663691380205631e-02
3.721583026572611308e-02
4.446110250646792550e-02
5.134513548418703777e-02
5.763584392381596033e-02
6.089168277163462678e-02
5.932386088216286268e-02
5.625401357540843472e-02
5.260234753849615807e-02
4.624018681646980405e-02
3.719381521985405670e-02
2.881556148704909892e-02
2.161734999269126350e-02
1.673542730752931515e-02
1.353393355849490283e-02
1.134366657142872603e-02
9.859632079284318812e-03
9.244769645566142113e-03
9.415377224197064507e-03
1.039496784456165127e-02
1.221341081600194577e-02
1.496040549497105673e-02
1.925394598547853706e-02
2.456050316305523687e-02
3.032492464581321157e-02
5.492262563641177320e-02
6.155461475929529386e-02
6.630740572192124482e-02
6.776445946445708302e-02
6.576095709563975489e-02
6.070520471906399457e-02
5.397223443139453902e-02
4.624018681646980405e-02
3.688783383020726586e-02
2.793996293808181583e-02
2.054299616450682917e-02
1.500443940449992623e-02
1.169488277379520692e-02
9.317506134233120851e-03
8.094146919302299195e-03
7.703956465743231827e-03
8.012293788234713804e-03
9.184489637066637832e-03
1.149631051363761251e-02
1.496040549497106367e-02
2.059021902692882364e-02
2.817472845060660716e-02
3.709126838063993986e-02
4.702321657323672160e-02
6.609434595000907020e-02
7.063846259940172179e-02
7.479412642280343360e-02
7.459450839787085119e-02
6.752295594054759376e-02
5.732597525201520161e-02
4.709886080209704784e-02
3.719381521985405670e-02
2.793996293808182624e-02
2.043035509958034818e-02
1.439917427086534647e-02
1.065948236876280639e-02
8.211639840812984953e-03
6.880672300661206872e-03
6.581337749394186067e-03
6.878447612367413928e-03
7.656288688349846550e-03
9.738891963969983218e-03
1.342235840939991730e-02
1.925394598547851971e-02
2.817472845060659328e-02
4.147405827323810690e-02
5.753185423966672429e-02
6.405954388988205350e-02
3.915060330867799893e-02
4.992365394074937263e-02
7.073150954661147627e-02
7.466015536088346782e-02
6.578764832526461104e-02
5.115305884227212135e-02
3.924148360732131885e-02
2.881556148704912668e-02
2.054299616450683610e-02
1.439917427086535862e-02
1.028744177777712009e-02
7.653638891957703812e-03
6.243910958308389325e-03
5.791093863902540412e-03
5.882423315667189775e-03
6.556068855016294709e-03
7.981845648051388159e-03
1.120249536371123976e-02
1.617421915310940025e-02
2.456955276205752964e-02
3.720979493787895248e-02
5.769937525289525748e-02
6.528730531947979365e-02
4.964692632170950720e-02
3.968588120632429717e-02
3.322956949168483914e-02
5.080863927095075755e-02
7.046601420961322304e-02
6.086932911560341553e-02
4.439222131733102511e-02
3.151867604090876490e-02
2.161734999269126697e-02
1.500443940449993317e-02
1.065948236876281333e-02
7.653638891957696873e-03
6.011819296938744270e-03
5.401821754015836106e-03
5.401629062364976704e-03
5.782891531872839247e-03
6.829767313254535635e-03
9.191918524912219904e-03
1.348296666789308360e-02
1.991663691380205284e-02
3.032492464581319769e-02
4.702321657323661752e-02
6.405954388988203962e-02
4.989593419094110610e-02
3.296380576547693064e-02
9.869523830561032982e-03
3.940384422934431474e-02
3.973839271183515071e-02
6.599189671914050537e-02
5.419308924266287575e-02
3.718508959397934938e-02
2.510297422587124891e-02
1.673542730752929780e-02
1.169488277379519478e-02
8.211639840812988422e-03
6.243910958308389325e-03
5.401821754015836106e-03
5.049496506716716869e-03
5.365026737421988226e-03
6.163705571238566223e-03
8.060538336528744879e-03
1.154716020944518244e-02
1.670876698588567855e-02
2.495174289724726158e-02
3.721583026572612696e-02
5.492262563641176626e-02
6.609434595000908408e-02
3.970060398168231280e-02
3.968588120632429717e-02
3.971674573981614359e-02
3.352465213912091124e-02
4.989838062960871151e-02
6.378417153975758647e-02
4.669441896917802398e-02
3.023632250571415755e-02
2.007402479201613604e-02
1.353393355849489936e-02
9.317506134233117382e-03
6.880672300661199933e-03
5.791093863902546483e-03
5.401629062364978438e-03
5.365026737421992563e-03
6.011406728625582133e-03
7.548554405642711115e-03
1.051801809884056124e-02
1.499369160286090526e-02
2.158129487798459215e-02
3.139947579115839188e-02
4.455257602609027229e-02
6.152335984260735163e-02
7.054598142556953166e-02
5.080747533976349983e-02
3.256735517967321997e-02
3.973839271183517152e-02
4.938371482367676091e-02
6.495854832278394331e-02
5.718162227969549039e-02
3.698114451220327337e-02
2.455526178035119869e-02
1.624776183906723875e-02
1.134366657142873817e-02
8.094146919302300930e-03
6.581337749394182597e-03
5.882423315667189775e-03
5.782891531872844451e-03
6.163705571238569693e-03
7.548554405642716320e-03
1.005847304717278311e-02
1.433719392403794840e-02
2.059212390301791082e-02
2.881908785241662010e-02
3.924167344510361144e-02
5.134513548418702389e-02
6.630740572192125870e-02
7.479412642280340584e-02
7.048122616762576842e-02
5.080863927095071592e-02
6.599189671914056088e-02
6.390249793482852270e-02
5.718162227969551814e-02
4.094134009379035016e-02
2.801333288449511447e-02
1.930494377377132975e-02
1.347477804843845786e-02
9.859632079284322281e-03
7.703956465743228357e-03
6.878447612367418265e-03
6.556068855016300781e-03
6.829767313254537370e-03
8.060538336528741410e-03
1.051801809884056645e-02
1.433719392403794146e-02
2.050581033550949797e-02
2.810522612884638893e-02
3.736182668176454835e-02
4.740347248074269076e-02
5.763584392381598809e-02
6.776445946445708302e-02
7.459450839787089282e-02
7.459863873798745770e-02
7.046601420961315365e-02
5.419308924266289657e-02
4.645489387353864130e-02
3.698114451220329418e-02
2.801333288449512487e-02
2.059293566634070802e-02
1.499339334075566570e-02
1.156547781331508998e-02
9.244769645566131705e-03
8.012293788234705130e-03
7.656288688349844815e-03
7.981845648051388159e-03
9.191918524912219904e-03
1.154716020944517550e-02
1.499369160286090526e-02
2.059212390301790041e-02
2.810522612884636118e-02
3.709180767628192377e-02
4.669376107064752979e-02
5.434346519824476140e-02
6.089168277163464760e-02
6.576095709563978264e-02
6.752295594054767702e-02
6.576102500429165110e-02
6.086932911560341553e-02
3.718508959397939101e-02
3.023107041145459487e-02
2.455526178035121951e-02
1.930494377377137485e-02
1.499339334075566223e-02
1.226593098220284984e-02
1.043372313829691624e-02
9.415377224197062772e-03
9.184489637066632628e-03
9.738891963969981483e-03
1.120249536371123456e-02
1.348296666789308013e-02
1.670876698588568549e-02
2.158129487798460255e-02
2.881908785241662357e-02
3.736182668176453447e-02
4.669376107064748815e-02
5.296920102307391826e-02
5.644171874227336960e-02
5.932386088216282799e-02
6.070520471906401538e-02
5.732597525201518079e-02
5.114460905118353717e-02
4.439222131733105980e-02
2.510297422587123850e-02
2.006292262501440868e-02
1.624776183906725610e-02
1.347477804843846480e-02
1.156547781331510732e-02
1.043372313829690930e-02
1.005779546533739667e-02
1.039496784456164780e-02
1.149631051363760904e-02
1.342235840939991730e-02
1.617421915310940025e-02
1.991663691380204243e-02
2.495174289724727892e-02
3.139947579115840576e-02
3.924167344510361144e-02
4.740347248074270464e-02
5.434346519824472671e-02
5.644171874227340430e-02
5.672257618036528892e-02
5.625401357540843472e-02
5.397223443139450433e-02
4.709886080209707560e-02
3.924235995937021965e-02
3.151867604090871633e-02
1.673542730752929433e-02
1.357671943584192256e-02
1.134366657142873817e-02
9.859632079284318812e-03
9.244769645566135174e-03
9.415377224197054098e-03
1.039496784456164606e-02
1.221341081600194230e-02
1.496040549497106367e-02
1.925394598547852318e-02
2.456955276205751923e-02
3.032492464581322544e-02
3.721583026572614084e-02
4.455257602609027923e-02
5.134513548418704471e-02
5.763584392381596033e-02
6.089168277163458515e-02
5.932386088216284187e-02
5.625401357540840003e-02
5.260234753849614420e-02
4.624018681646983875e-02
3.719381521985405670e-02
2.884729001388912709e-02
2.161734999269124616e-02
1.169488277379520866e-02
9.371353023993903020e-03
8.094146919302302665e-03
7.703956465743234429e-03
8.012293788234708600e-03
9.184489637066639567e-03
1.149631051363761251e-02
1.496040549497106367e-02
2.059021902692880629e-02
2.817472845060660716e-02
3.720979493787898024e-02
4.702321657323665222e-02
5.492262563641180789e-02
6.152335984260738633e-02
6.630740572192125870e-02
6.776445946445709689e-02
6.576095709563976877e-02
6.070520471906401538e-02
5.397223443139455290e-02
4.624018681646983875e-02
3.688783383020726586e-02
2.793996293808182624e-02
2.054565317751506914e-02
1.500443940449992103e-02
8.211639840812984953e-03
6.913337307230214661e-03
6.581337749394191271e-03
6.878447612367416530e-03
7.656288688349849152e-03
9.738891963969983218e-03
1.342235840939991209e-02
1.925394598547851971e-02
2.817472845060660716e-02
4.147405827323812078e-02
5.769937525289527830e-02
6.405954388988212289e-02
6.609434595000905632e-02
7.054598142556955942e-02
7.479412642280337808e-02
7.459450839787087895e-02
6.752295594054762151e-02
5.732597525201520855e-02
4.709886080209707560e-02
3.719381521985407058e-02
2.793996293808184705e-02
2.043035509958034471e-02
1.435698472914411460e-02
1.065948236876280292e-02
6.215572954808424970e-03
5.805785197730467355e-03
5.882198936124889352e-03
6.563610613916647657e-03
8.012471356090006616e-03
1.126294125517507058e-02
1.618085440130146227e-02
2.456050316305521952e-02
3.709126838063991904e-02
5.753185423966670348e-02
6.528730531947976590e-02
4.989593419094104365e-02
3.970060398168233362e-02
5.080747533976345126e-02
7.048122616762575454e-02
7.459863873798748546e-02
6.576102500429169273e-02
5.114460905118348166e-02
3.924235995937020577e-02
2.884729001388914096e-02
2.054565317751508996e-02
1.435698472914413541e-02
1.005900579064031471e-02
7.548631534834464134e-03
5.401821754015837841e-03
5.412863159620133480e-03
5.782891531872836645e-03
6.829767313254530431e-03
9.191918524912232047e-03
1.348296666789308880e-02
1.991663691380205631e-02
3.032492464581318728e-02
4.702321657323669385e-02
6.405954388988208126e-02
4.964692632170947251e-02
3.296380576547691676e-02
3.968588120632431798e-02
3.256735517967326160e-02
5.080863927095068122e-02
7.046601420961318141e-02
6.086932911560339471e-02
4.439222131733101817e-02
3.151867604090875102e-02
2.161734999269122881e-02
1.500443940449992623e-02
1.065948236876280118e-02
7.548631534834462399e-03
6.011819296938746005e-03
4.762700995580255309e-03
4.907914502290592999e-03
5.351422888287270772e-03
6.958906901579508045e-03
1.041290466248901044e-02
1.592377473503508653e-02
2.469741556615671213e-02
3.905137911967924980e-02
5.701966759520488842e-02
5.707222189574727433e-02
3.968588120632433186e-02
9.999999999999999547e-07
9.999999999999999547e-07
9.999999999999999547e-07
3.942010391124305818e-02
5.807133810746029773e-02
5.639157535981777908e-02
3.886135200636189890e-02
2.494027070738595586e-02
1.595414991819955539e-02
1.059435417089510216e-02
7.078322705231026961e-03
5.390663868837586477e-03
4.930583187045112573e-03
4.907914502290590397e-03
5.143382326063134988e-03
5.926155663084299932e-03
8.179937847415302832e-03
1.223899961788570828e-02
1.820678242972023977e-02
2.787844256586732850e-02
4.248661605926204454e-02
5.995734419130949872e-02
6.325061144018465087e-02
3.322956949168482527e-02
9.999999999999999547e-07
9.999999999999999547e-07
9.999999999999999547e-07
3.386139751739521142e-02
6.186552898295540059e-02
5.280076385164910596e-02
3.437307495593652090e-02
2.234955190085908053e-02
1.446407398971115595e-02
9.562960326623744234e-03
6.651122438523111684e-03
5.410426021647634504e-03
5.058658148496298322e-03
5.351422888287276844e-03
5.926155663084309473e-03
7.450046449566954075e-03
1.042153269692548158e-02
1.496211007663014216e-02
2.157576561113018487e-02
3.139848640042100514e-02
4.451171553020364519e-02
6.136711631383490878e-02
7.063014080735871558e-02
5.080863927095070204e-02
3.296985920905346618e-02
3.942010391124316226e-02
3.329378616381187955e-02
5.012192256420827663e-02
6.366852900860882347e-02
4.647378414168182315e-02
3.019748470787641040e-02
2.008417363844925904e-02
1.354856373108703077e-02
9.309729734364622158e-03
6.866364748627149656e-03
5.777087956174818337e-03
5.395412125752262374e-03
6.958906901579514116e-03
8.179937847415299362e-03
1.042153269692547811e-02
1.404593384423859573e-02
1.928898427886224440e-02
2.605794878368510384e-02
3.479825093188265023e-02
4.521910365928390185e-02
5.758793014047294129e-02
6.872094221709983131e-02
7.046601420961319528e-02
6.350428632414967245e-02
5.807133810746031161e-02
6.185840042502095681e-02
6.366852900860886511e-02
5.287696580510135858e-02
3.721370814449456721e-02
2.607991572132421776e-02
1.808238460029106334e-02
1.319448403750736812e-02
9.836176210941861495e-03
7.789676331124957900e-03
6.818744291064037302e-03
6.578936100715417415e-03
1.041290466248900697e-02
1.223899961788570481e-02
1.496211007663012828e-02
1.928898427886222705e-02
2.457140205947232550e-02
3.023598322914581096e-02
3.709107042854193487e-02
4.430649230590442272e-02
5.114435122772249126e-02
5.741850850253486793e-02
6.086932911560344328e-02
5.939147980027000007e-02
5.639157535981779296e-02
5.296929786433839799e-02
4.647378414168184396e-02
3.721370814449457415e-02
2.879719391084262919e-02
2.158139980333811242e-02
1.671219356338276424e-02
1.352246188786795054e-02
1.126380994832403178e-02
9.780629384610845661e-03
9.185078861165710956e-03
9.393454127922255120e-03
1.592377473503508306e-02
1.820678242972025018e-02
2.157576561113020569e-02
2.605794878368510731e-02
3.023598322914582137e-02
3.431831345290137225e-02
3.875966464470922274e-02
4.219138944786813422e-02
4.434730878812095933e-02
4.521442725152538533e-02
4.439222131733105287e-02
4.225309558578829033e-02
3.886135200636188503e-02
3.431877477329380727e-02
3.019748470787644509e-02
2.607991572132422470e-02
2.158139980333812283e-02
1.818072453758624168e-02
1.592685986325400802e-02
1.442184459410294529e-02
1.349599479113241032e-02
1.314002384055698060e-02
1.349638228151943745e-02
1.440055111866679442e-02
2.469741556615669825e-02
2.787844256586732156e-02
3.139848640042103289e-02
3.479825093188264329e-02
3.709107042854190711e-02
3.875966464470925743e-02
3.955783488537876341e-02
3.887726457555851223e-02
3.714028910392264821e-02
3.480621365409626577e-02
3.151867604090878572e-02
2.808191103688336548e-02
2.494027070738598362e-02
2.238642980686619821e-02
2.008417363844928680e-02
1.808238460029108069e-02
1.671219356338276424e-02
1.592685986325400108e-02
1.566119394787745048e-02
1.592996153985072952e-02
1.670814963234323533e-02
1.803203806101059611e-02
1.992114777755106883e-02
2.210503503864251831e-02
3.905137911967927755e-02
4.248661605926205842e-02
4.451171553020366600e-02
4.521910365928391573e-02
4.430649230590442272e-02
4.219138944786812034e-02
3.887726457555851223e-02
3.442901182200339139e-02
3.018441522340278155e-02
2.607863044899123156e-02
2.161734999269126350e-02
1.820978907710010114e-02
1.595414991819957967e-02
1.444133438915816935e-02
1.354856373108704812e-02
1.319448403750738893e-02
1.352246188786796616e-02
1.442184459410295744e-02
1.592996153985072258e-02
1.822931751808032699e-02
2.161475004187924515e-02
2.605042953108877013e-02
3.029093444068327659e-02
3.453747557872227647e-02
5.701966759520490924e-02
5.995734419130951259e-02
6.136711631383495041e-02
5.758793014047295516e-02
5.114435122772251208e-02
4.434730878812095239e-02
3.714028910392264821e-02
3.018441522340276767e-02
2.453032286643564569e-02
1.928523279586748587e-02
1.500443940449993317e-02
1.238429093739185083e-02
1.059435417089509869e-02
9.541358019773274815e-03
9.309729734364620424e-03
9.836176210941866699e-03
1.126380994832403871e-02
1.349599479113241379e-02
1.670814963234324921e-02
2.161475004187925208e-02
2.882548420616974985e-02
3.741207772754236160e-02
4.682513199310530533e-02
5.359359711171200052e-02
5.707222189574728821e-02
6.325061144018472026e-02
7.063014080735866007e-02
6.872094221709977580e-02
5.741850850253479854e-02
4.521442725152535064e-02
3.480621365409627271e-02
2.607863044899123503e-02
1.928523279586747893e-02
1.411096339241050060e-02
1.065948236876280639e-02
8.367663503156801824e-03
7.078322705231023491e-03
6.635532698228622898e-03
6.866364748627153992e-03
7.789676331124962237e-03
9.780629384610838722e-03
1.314002384055697019e-02
1.803203806101059611e-02
2.605042953108875972e-02
3.741207772754231303e-02
5.360079445398097803e-02
6.387834240029705013e-02
6.167357405772173895e-02
3.968588120632431104e-02
3.322956949168484608e-02
5.080863927095072285e-02
7.046601420961319528e-02
6.086932911560336001e-02
4.439222131733102511e-02
3.151867604090876490e-02
2.161734999269127738e-02
1.500443940449992623e-02
1.065948236876281333e-02
7.653638891957695138e-03
6.011819296938746005e-03
5.401821754015833504e-03
5.401629062364972367e-03
5.782891531872838380e-03
6.829767313254540839e-03
9.191918524912233782e-03
1.348296666789308880e-02
1.991663691380203896e-02
3.032492464581318381e-02
4.702321657323668691e-02
6.405954388988203962e-02
4.989593419094108528e-02
3.296380576547689595e-02
9.999999999999999547e-07
9.999999999999999547e-07
3.296985920905341760e-02
6.350428632414961694e-02
5.939147980026998619e-02
4.225309558578824176e-02
2.808191103688336548e-02
1.820978907710009767e-02
1.238429093739184736e-02
8.367663503156801824e-03
6.011819296938746872e-03
5.186156216688061517e-03
4.930583187045107368e-03
5.052200764790205738e-03
5.395412125752258904e-03
6.578936100715424354e-03
9.393454127922256855e-03
1.440055111866679442e-02
2.210503503864249056e-02
3.453747557872228341e-02
5.359359711171196583e-02
6.167357405772183609e-02
3.329308778237540650e-02
9.999999999999999547e-07
9.999999999999999547e-07
9.999999999999999547e-07
3.942010391124315533e-02
5.807133810746022140e-02
5.639157535981777908e-02
3.886135200636188503e-02
2.494027070738595933e-02
1.595414991819957620e-02
1.059435417089510736e-02
7.078322705231028696e-03
5.401821754015833504e-03
4.930583187045110838e-03
4.762700995580255309e-03
4.907852580121798564e-03
5.351422888287273374e-03
6.958906901579511514e-03
1.041290466248900697e-02
1.592377473503509000e-02
2.469741556615671560e-02
3.905137911967929143e-02
5.701966759520485373e-02
5.707222189574739230e-02
3.938711272259523555e-02
9.999999999999999547e-07
9.999999999999999547e-07
9.999999999999999547e-07
3.329378616381186567e-02
6.185840042502097069e-02
5.296929786433833554e-02
3.431877477329377951e-02
2.238642980686616699e-02
1.444133438915816414e-02
9.541358019773281754e-03
6.635532698228618562e-03
5.401629062364974969e-03
5.052200764790210942e-03
4.907852580121797696e-03
5.188132965628404307e-03
5.967491855600782179e-03
8.221284543946889845e-03
1.226584917779115214e-02
1.818085540796074775e-02
2.784600341063958942e-02
4.255046749486629531e-02
6.002681728695730828e-02
6.324625196713161424e-02
3.297067327271311493e-02
9.999999999999999547e-07
3.942010391124306512e-02
3.386139751739521142e-02
5.012192256420822806e-02
6.366852900860886511e-02
4.647378414168183702e-02
3.019748470787640693e-02
2.008417363844926598e-02
1.354856373108703077e-02
9.309729734364615220e-03
6.866364748627143584e-03
5.782891531872843584e-03
5.395412125752262374e-03
5.351422888287280313e-03
5.967491855600779577e-03
7.450046449566954075e-03
1.042153269692548331e-02
1.496211007663013695e-02
2.157576561113019528e-02
3.139848640042102595e-02
4.451171553020367988e-02
6.136711631383487409e-02
7.063014080735868783e-02
5.101521875700525815e-02
3.296985920905336209e-02
5.807133810746033936e-02
6.186552898295535202e-02
6.366852900860886511e-02
5.287696580510134470e-02
3.721370814449458803e-02
2.607991572132420041e-02
1.808238460029105640e-02
1.319448403750739240e-02
9.836176210941868434e-03
7.789676331124962237e-03
6.829767313254535635e-03
6.578936100715420017e-03
6.958906901579514116e-03
8.221284543946886375e-03
1.042153269692548852e-02
1.404593384423860787e-02
1.928898427886224093e-02
2.605794878368508649e-02
3.479825093188262941e-02
4.521910365928393655e-02
5.758793014047294129e-02
6.872094221709980355e-02
7.059221735158330291e-02
6.350428632414963082e-02
5.639157535981775826e-02
5.280076385164913372e-02
4.647378414168189253e-02
3.721370814449457415e-02
2.879719391084264307e-02
2.158139980333812283e-02
1.671219356338276424e-02
1.352246188786795054e-02
1.126380994832403178e-02
9.780629384610845661e-03
9.191918524912225108e-03
9.393454127922251651e-03
1.041290466248900350e-02
1.226584917779113479e-02
1.496211007663013695e-02
1.928898427886224787e-02
2.457140205947232550e-02
3.023598322914580055e-02
3.709107042854193487e-02
4.430649230590445048e-02
5.114435122772248432e-02
5.741850850253483324e-02
6.070512204447239824e-02
5.939147980027001394e-02
3.886135200636191972e-02
3.437307495593658335e-02
3.019748470787644509e-02
2.607991572132423511e-02
2.158139980333813671e-02
1.818072453758625556e-02
1.592685986325398720e-02
1.442184459410294529e-02
1.349599479113241032e-02
1.314002384055697019e-02
1.348296666789308013e-02
1.440055111866679442e-02
1.592377473503508306e-02
1.818085540796074775e-02
2.157576561113019528e-02
2.605794878368510384e-02
3.023598322914581096e-02
3.431831345290137225e-02
3.875966464470922274e-02
4.219138944786813422e-02
4.434730878812099403e-02
4.521442725152536452e-02
4.434642628373836049e-02
4.225309558578831809e-02
2.494027070738598709e-02
2.234955190085911175e-02
2.008417363844927639e-02
1.808238460029108069e-02
1.671219356338276077e-02
1.592685986325400455e-02
1.566119394787746089e-02
1.592996153985072952e-02
1.670814963234323533e-02
1.803203806101060652e-02
1.991663691380204243e-02
2.210503503864251484e-02
2.469741556615671560e-02
2.784600341063958248e-02
3.139848640042102595e-02
3.479825093188264329e-02
3.709107042854192793e-02
3.875966464470922274e-02
3.955783488537877035e-02
3.887726457555849141e-02
3.714028910392264127e-02
3.480621365409627271e-02
3.152972904379437724e-02
2.808191103688335161e-02
1.595414991819957273e-02
1.446407398971117676e-02
1.354856373108703424e-02
1.319448403750738373e-02
1.352246188786795922e-02
1.442184459410293489e-02
1.592996153985073299e-02
1.822931751808033740e-02
2.161475004187925208e-02
2.605042953108878401e-02
3.032492464581322544e-02
3.453747557872227647e-02
3.905137911967927755e-02
4.255046749486634389e-02
4.451171553020366600e-02
4.521910365928393655e-02
4.430649230590443660e-02
4.219138944786811340e-02
3.887726457555852611e-02
3.442901182200339139e-02
3.018441522340276767e-02
2.607863044899123156e-02
2.161083452018683695e-02
1.820978907710008379e-02
1.059435417089510910e-02
9.562960326623733825e-03
9.309729734364616954e-03
9.836176210941866699e-03
1.126380994832404912e-02
1.349599479113241032e-02
1.670814963234323533e-02
2.161475004187924515e-02
2.882548420616975332e-02
3.741207772754231303e-02
4.702321657323665222e-02
5.359359711171200746e-02
5.701966759520490924e-02
6.002681728695741931e-02
6.136711631383487409e-02
5.758793014047292047e-02
5.114435122772247044e-02
4.434730878812098709e-02
3.714028910392266902e-02
3.018441522340276420e-02
2.453032286643566304e-02
1.928523279586749628e-02
1.497194884355526612e-02
1.238429093739184736e-02
7.078322705231033900e-03
6.651122438523112551e-03
6.866364748627153992e-03
7.789676331124956166e-03
9.780629384610850866e-03
1.314002384055698060e-02
1.803203806101059958e-02
2.605042953108876319e-02
3.741207772754233385e-02
5.360079445398097803e-02
6.405954388988206738e-02
6.167357405772180834e-02
5.707222189574735760e-02
6.324625196713161424e-02
7.063014080735870170e-02
6.872094221709978967e-02
5.741850850253481242e-02
4.521442725152535064e-02
3.480621365409627271e-02
2.607863044899122115e-02
1.928523279586750322e-02
1.411096339241052142e-02
1.055418624587604708e-02
8.367663503156801824e-03
5.390663868837587344e-03
5.410426021647631034e-03
5.777087956174815735e-03
6.818744291064039904e-03
9.185078861165719630e-03
1.349638228151944092e-02
1.992114777755106189e-02
3.029093444068325230e-02
4.682513199310529839e-02
6.387834240029695299e-02
4.989593419094108528e-02
3.329308778237542732e-02
3.938711272259525636e-02
3.297067327271312881e-02
5.101521875700526509e-02
7.059221735158334454e-02
6.070512204447233578e-02
4.434642628373836049e-02
3.152972904379436336e-02
2.161083452018682655e-02
1.497194884355526612e-02
1.055418624587604534e-02
7.450034535234841167e-03
5.967406361346292917e-03
4.930583187045107368e-03
5.058658148496300057e-03
5.395412125752262374e-03
6.578936100715424354e-03
9.393454127922251651e-03
1.440055111866680830e-02
2.210503503864250097e-02
3.453747557872228341e-02
5.359359711171200746e-02
6.167357405772171119e-02
3.296380576547693064e-02
9.999999999999999547e-07
9.999999999999999547e-07
9.999999999999999547e-07
3.296985920905334821e-02
6.350428632414965857e-02
5.939147980026995843e-02
4.225309558578824176e-02
2.808191103688336202e-02
1.820978907710008032e-02
1.238429093739184736e-02
8.367663503156803559e-03
5.967406361346292917e-03
5.186156216688059782e-03
4.789324996737777569e-03
4.756495129758274779e-03
5.029025674330111183e-03
6.647662908907375073e-03
1.005788637466665733e-02
1.565573480460805134e-02
2.446882708954729521e-02
3.990302476593955705e-02
5.715724793770042556e-02
4.955069482449926677e-02
9.869523830561109309e-03
9.999999999999999547e-07
9.999999999999999547e-07
9.999999999999999547e-07
9.921318680040635066e-03
5.031614764652651839e-02
5.669379766585579822e-02
3.958552014820539144e-02
2.480244909252414184e-02
1.568982541756289151e-02
1.021766768500647661e-02
6.725843724137034636e-03
5.037547248093359950e-03
4.762700995580267452e-03
4.756495129758281717e-03
4.918275369622571863e-03
5.378592465158714246e-03
6.979921358391373912e-03
1.041879397327002618e-02
1.592682199395759751e-02
2.463343315503927974e-02
3.916918293200627454e-02
5.682023306712859906e-02
5.689003360607408633e-02
3.940384422934431474e-02
9.999999999999999547e-07
9.999999999999999547e-07
9.999999999999999547e-07
3.907128569470899593e-02
5.771971062819863940e-02
5.627846187700424191e-02
3.880956882644549799e-02
2.498618009731397999e-02
1.595762773356602590e-02
1.055118450003344165e-02
7.028961390520417456e-03
5.347905074835146780e-03
4.907914502290592999e-03
5.029025674330115520e-03
5.378592465158711644e-03
6.187959838223662176e-03
8.037711777807897418e-03
1.151383638577498439e-02
1.670528459551369818e-02
2.491206204970695254e-02
3.726522640651670076e-02
5.456998451492786617e-02
6.606689856759952184e-02
3.973839271183515071e-02
3.942010391124315533e-02
9.921318680040557003e-03
3.938708133212572710e-02
4.020907846251674939e-02
6.585457626994040137e-02
5.413563546405609356e-02
3.704816293284329820e-02
2.516046572228853445e-02
1.673076226267277214e-02
1.161750027145759361e-02
8.105851886062541770e-03
6.132137634976972222e-03
5.351422888287276844e-03
6.647662908907370737e-03
6.979921358391373912e-03
8.037711777807904356e-03
1.017325771515471301e-02
1.342853001016580325e-02
1.806910704336753618e-02
2.506230824322019241e-02
3.476966074815941721e-02
4.722493061452241042e-02
6.153693015959144780e-02
6.599189671914056088e-02
5.807133810746029079e-02
5.031614764652648369e-02
5.798390712412130471e-02
6.585457626994040137e-02
6.113430648197024780e-02
4.727840767276766248e-02
3.475882666370042756e-02
2.507515954581012244e-02
1.804253134649318191e-02
1.347300644567207654e-02
1.026783510641321624e-02
7.996321765126901751e-03
6.958906901579507177e-03
1.005788637466664345e-02
1.041879397327001404e-02
1.151383638577498092e-02
1.342853001016579458e-02
1.623556642529323801e-02
2.007450478560769691e-02
2.514897845582462002e-02
3.150115594823858778e-02
3.924287881444444431e-02
4.721572928120155999e-02
5.419308924266291044e-02
5.639157535981779296e-02
5.669379766585579128e-02
5.644005319363954581e-02
5.413563546405608662e-02
4.727840767276762779e-02
3.924877431959199192e-02
3.140083526860603519e-02
2.490571532671820298e-02
1.990498556130350025e-02
1.618111922972747044e-02
1.346209581560414703e-02
1.149578714441705854e-02
1.041290466248899829e-02
1.565573480460804440e-02
1.592682199395760445e-02
1.670528459551368777e-02
1.806910704336754658e-02
2.007450478560767956e-02
2.238626207698092216e-02
2.501205236661998080e-02
2.811632146523249456e-02
3.152954791202912388e-02
3.485855909320914603e-02
3.718508959397940489e-02
3.886135200636190584e-02
3.958552014820542614e-02
3.875887560489394562e-02
3.704816293284327738e-02
3.475882666370044144e-02
3.140083526860604213e-02
2.784652062581670015e-02
2.462561277738943566e-02
2.206791580543129502e-02
1.992007889243201102e-02
1.803509295568704596e-02
1.670807209258355283e-02
1.592377473503510041e-02
2.446882708954730215e-02
2.463343315503928321e-02
2.491206204970698723e-02
2.506230824322016465e-02
2.514897845582463737e-02
2.501205236661998774e-02
2.483065428657788704e-02
2.494983788479801512e-02
2.511455064912815338e-02
2.512464516969329514e-02
2.510297422587125585e-02
2.494027070738599750e-02
2.480244909252414878e-02
2.501210940595176291e-02
2.516046572228854486e-02
2.507515954581012244e-02
2.490571532671820992e-02
2.462561277738943913e-02
2.444068159283802055e-02
2.466973596362150717e-02
2.495798764017380378e-02
2.501284916651103432e-02
2.495806598489780717e-02
2.469741556615669825e-02
3.990302476593957787e-02
3.916918293200630230e-02
3.726522640651669382e-02
3.476966074815941721e-02
3.150115594823858084e-02
2.811632146523246681e-02
2.494983788479801859e-02
2.232111945511122339e-02
2.007043976026344489e-02
1.809475868738099139e-02
1.673542730752930127e-02
1.595414991819957967e-02
1.568982541756291926e-02
1.595106968859663979e-02
1.673076226267279989e-02
1.804253134649321660e-02
1.990498556130351759e-02
2.206791580543129502e-02
2.466973596362151064e-02
2.788894536741256050e-02
3.138212667097018543e-02
3.475477972074201422e-02
3.717463640935043251e-02
3.905137911967924980e-02
5.715724793770044637e-02
5.682023306712862681e-02
5.456998451492795638e-02
4.722493061452236879e-02
3.924287881444444431e-02
3.152954791202912388e-02
2.511455064912816032e-02
2.007043976026343102e-02
1.626151123799863402e-02
1.353394309592300185e-02
1.169488277379519651e-02
1.059435417089509696e-02
1.021766768500647661e-02
1.056920850109619413e-02
1.161750027145757626e-02
1.347300644567208869e-02
1.618111922972747044e-02
1.992007889243199367e-02
2.495798764017380378e-02
3.138212667097019931e-02
3.921221701927332659e-02
4.751295993323983308e-02
5.472267846615085779e-02
5.701966759520490230e-02
4.955069482449927371e-02
5.689003360607408633e-02
6.606689856759945245e-02
6.153693015959145474e-02
4.721572928120157386e-02
3.485855909320914603e-02
2.512464516969327086e-02
1.809475868738100179e-02
1.353394309592300185e-02
1.039340753953259949e-02
8.211639840812984953e-03
7.078322705231026961e-03
6.725843724137030299e-03
7.043713116020161417e-03
8.105851886062552178e-03
1.026783510641321971e-02
1.346209581560413489e-02
1.803509295568703555e-02
2.501284916651101004e-02
3.475477972074201422e-02
4.751295993323977757e-02
6.192959316200292996e-02
6.597779688563655542e-02
5.707222189574730209e-02
9.869523830561038186e-03
3.940384422934432862e-02
3.973839271183517152e-02
6.599189671914050537e-02
5.419308924266288269e-02
3.718508959397934938e-02
2.510297422587123156e-02
1.673542730752930821e-02
1.169488277379519825e-02
8.211639840812981483e-03
6.243910958308386723e-03
5.401821754015833504e-03
5.049496506716722073e-03
5.365026737421991695e-03
6.163705571238566223e-03
8.060538336528743145e-03
1.154716020944517897e-02
1.670876698588567855e-02
2.495174289724727892e-02
3.721583026572614084e-02
5.492262563641177320e-02
6.609434595000912571e-02
3.970060398168233362e-02
3.968588120632429717e-02
9.999999999999999547e-07
9.999999999999999547e-07
3.942010391124315533e-02
5.807133810746022834e-02
5.639157535981774438e-02
3.886135200636185727e-02
2.494027070738595933e-02
1.595414991819957620e-02
1.059435417089510563e-02
7.078322705231022624e-03
5.401821754015836106e-03
4.930583187045104766e-03
4.762700995580257911e-03
4.907852580121790757e-03
5.351422888287273374e-03
6.958906901579508045e-03
1.041290466248901044e-02
1.592377473503508653e-02
2.469741556615672948e-02
3.905137911967926367e-02
5.701966759520483985e-02
5.707222189574730209e-02
3.938711272259520085e-02
9.999999999999999547e-07
9.999999999999999547e-07
9.999999999999999547e-07
9.921318680040628127e-03
5.031614764652642818e-02
5.669379766585574271e-02
3.958552014820536369e-02
2.480244909252411756e-02
1.568982541756289498e-02
1.021766768500648355e-02
6.725843724137030299e-03
5.049496506716722073e-03
4.762700995580267452e-03
4.789324996737777569e-03
4.756614066357436194e-03
5.029025674330112917e-03
6.647662908907377675e-03
1.005788637466666080e-02
1.565573480460806174e-02
2.446882708954731603e-02
3.990302476593960562e-02
5.715724793770039086e-02
4.955069482449932922e-02
9.923203955576840110e-03
9.999999999999999547e-07
9.999999999999999547e-07
9.999999999999999547e-07
3.938708133212573403e-02
5.798390712412127002e-02
5.644005319363951806e-02
3.875887560489392480e-02
2.501210940595176291e-02
1.595106968859661550e-02
1.056920850109619413e-02
7.043713116020164020e-03
5.365026737421988226e-03
4.907852580121797696e-03
4.756614066357443132e-03
4.931068015375106826e-03
5.391070369058452612e-03
6.994580602197437123e-03
1.043366734171727317e-02
1.592699058224547604e-02
2.462561187868112303e-02
3.915479788925415455e-02
5.696579587568399716e-02
5.716331768871351499e-02
3.941975161765645663e-02
9.999999999999999547e-07
9.921318680040563942e-03
3.907128569470897511e-02
4.020907846251674939e-02
6.585457626994038749e-02
5.413563546405608662e-02
3.704816293284327738e-02
2.516046572228853445e-02
1.673076226267279989e-02
1.161750027145757452e-02
8.105851886062550443e-03
6.163705571238569693e-03
5.351422888287276844e-03
5.029025674330113785e-03
5.391070369058452612e-03
6.187959838223663044e-03
8.037711777807904356e-03
1.151383638577497572e-02
1.670528459551368777e-02
2.491206204970696295e-02
3.726522640651672158e-02
5.456998451492786617e-02
6.606689856759948021e-02
4.024340781391384791e-02
3.942010391124303736e-02
5.031614764652654614e-02
5.771971062819866716e-02
6.585457626994040137e-02
6.113430648197028944e-02
4.727840767276762779e-02
3.475882666370042756e-02
2.507515954581014325e-02
1.804253134649319232e-02
1.347300644567208522e-02
1.026783510641322318e-02
8.060538336528744879e-03
6.958906901579513249e-03
6.647662908907381145e-03
6.994580602197437991e-03
8.037711777807904356e-03
1.017325771515472689e-02
1.342853001016579978e-02
1.806910704336754311e-02
2.506230824322020975e-02
3.476966074815941721e-02
4.722493061452234797e-02
6.153693015959148943e-02
6.596060696414471347e-02
5.807133810746036712e-02
5.669379766585577046e-02
5.627846187700427660e-02
5.413563546405609356e-02
4.727840767276764861e-02
3.924877431959197110e-02
3.140083526860602825e-02
2.490571532671820992e-02
1.990498556130350025e-02
1.618111922972746350e-02
1.346209581560413489e-02
1.154716020944517897e-02
1.041290466248900176e-02
1.005788637466664866e-02
1.043366734171727490e-02
1.151383638577498439e-02
1.342853001016580325e-02
1.623556642529323801e-02
2.007450478560767609e-02
2.514897845582462002e-02
3.150115594823860166e-02
3.924287881444441656e-02
4.721572928120157386e-02
5.397277710745289336e-02
5.639157535981775826e-02
3.958552014820542614e-02
3.880956882644551187e-02
3.704816293284329126e-02
3.475882666370047613e-02
3.140083526860602825e-02
2.784652062581672097e-02
2.462561277738943913e-02
2.206791580543129849e-02
1.992007889243200061e-02
1.803509295568703555e-02
1.670876698588567508e-02
1.592377473503509000e-02
1.565573480460806174e-02
1.592699058224548644e-02
1.670528459551368430e-02
1.806910704336754658e-02
2.007450478560769344e-02
2.238626207698090134e-02
2.501205236661998774e-02
2.811632146523249456e-02
3.152954791202911000e-02
3.485855909320918766e-02
3.714041703044868720e-02
3.886135200636193360e-02
2.480244909252415572e-02
2.498618009731398346e-02
2.516046572228853445e-02
2.507515954581012244e-02
2.490571532671819951e-02
2.462561277738943913e-02
2.444068159283801708e-02
2.466973596362151064e-02
2.495798764017380725e-02
2.501284916651102391e-02
2.495174289724728586e-02
2.469741556615671907e-02
2.446882708954731603e-02
2.462561187868113344e-02
2.491206204970699070e-02
2.506230824322020628e-02
2.514897845582463043e-02
2.501205236661998774e-02
2.483065428657787316e-02
2.494983788479801512e-02
2.511455064912816032e-02
2.512464516969329167e-02
2.511448829617844020e-02
2.494027070738599750e-02
1.568982541756289845e-02
1.595762773356601202e-02
1.673076226267279989e-02
1.804253134649318538e-02
1.990498556130350025e-02
2.206791580543130196e-02
2.466973596362149676e-02
2.788894536741254315e-02
3.138212667097022707e-02
3.475477972074203503e-02
3.721583026572614084e-02
3.905137911967927755e-02
3.990302476593963338e-02
3.915479788925414067e-02
3.726522640651674240e-02
3.476966074815941027e-02
3.150115594823859472e-02
2.811632146523248069e-02
2.494983788479801859e-02
2.232111945511120257e-02
2.007043976026343102e-02
1.809475868738099139e-02
1.672859366446709239e-02
1.595414991819956579e-02
1.021766768500648528e-02
1.055118450003343818e-02
1.161750027145759014e-02
1.347300644567208869e-02
1.618111922972747044e-02
1.992007889243200061e-02
2.495798764017380378e-02
3.138212667097018543e-02
3.921221701927332659e-02
4.751295993323979144e-02
5.492262563641176626e-02
5.701966759520488842e-02
5.715724793770039086e-02
5.696579587568405267e-02
5.456998451492790086e-02
4.722493061452238267e-02
3.924287881444440962e-02
3.152954791202911694e-02
2.511455064912816032e-02
2.007043976026345183e-02
1.626151123799865483e-02
1.353394309592300532e-02
1.164077540450261274e-02
1.059435417089510563e-02
6.725843724137034636e-03
7.028961390520420058e-03
8.105851886062545239e-03
1.026783510641322145e-02
1.346209581560413836e-02
1.803509295568704596e-02
2.501284916651101004e-02
3.475477972074200034e-02
4.751295993323981920e-02
6.192959316200292996e-02
6.609434595000907020e-02
5.707222189574738536e-02
4.955069482449935003e-02
5.716331768871341784e-02
6.606689856759943857e-02
6.153693015959143392e-02
4.721572928120153917e-02
3.485855909320914603e-02
2.512464516969327086e-02
1.809475868738100179e-02
1.353394309592300879e-02
1.039340753953260470e-02
8.147572839686579443e-03
7.078322705231033900e-03
5.037547248093368624e-03
5.347905074835148515e-03
6.132137634976970487e-03
7.996321765126896547e-03
1.149578714441706721e-02
1.670807209258355283e-02
2.495806598489779329e-02
3.717463640935044639e-02
5.472267846615081616e-02
6.597779688563654155e-02
3.970060398168233362e-02
3.938711272259520779e-02
9.923203955576782864e-03
3.941975161765645663e-02
4.024340781391386179e-02
6.596060696414471347e-02
5.397277710745285867e-02
3.714041703044863862e-02
2.511448829617842979e-02
1.672859366446707505e-02
1.164077540450261274e-02
8.147572839686582913e-03
6.187669613363032915e-03
5.390663868837587344e-03
4.762700995580255309e-03
4.907914502290580856e-03
5.351422888287273374e-03
6.958906901579507177e-03
1.041290466248901044e-02
1.592377473503508653e-02
2.469741556615670172e-02
3.905137911967922898e-02
5.701966759520490230e-02
5.707222189574727433e-02
3.968588120632429717e-02
9.999999999999999547e-07
9.999999999999999547e-07
9.999999999999999547e-07
3.942010391124305818e-02
5.807133810746029079e-02
5.639157535981777908e-02
3.886135200636188503e-02
2.494027070738596974e-02
1.595414991819954845e-02
1.059435417089510563e-02
7.078322705231032165e-03
5.390663868837587344e-03
4.930583187045112573e-03
4.756614066357441398e-03
4.923982447349368845e-03
5.391070369058454347e-03
6.994580602197426715e-03
1.043366734171728184e-02
1.592699058224548644e-02
2.462561187868111609e-02
3.915479788925412680e-02
5.696579587568403880e-02
5.716331768871346641e-02
3.971674573981614359e-02
9.999999999999999547e-07
9.999999999999999547e-07
9.999999999999999547e-07
3.938708133212567158e-02
5.798390712412129083e-02
5.644005319363949724e-02
3.875887560489392480e-02
2.501210940595174556e-02
1.595106968859661550e-02
1.056920850109619933e-02
7.043713116020168356e-03
5.351941421903066987e-03
4.907852580121794227e-03
4.923982447349367110e-03
5.061629356251051877e-03
5.409588760419081765e-03
6.597896637674040971e-03
9.415835333488751374e-03
1.442124591525642541e-02
2.206777144229610590e-02
3.458748276292556573e-02
5.342428990467059519e-02
6.170009371586284569e-02
3.352465213912095288e-02
9.999999999999999547e-07
9.999999999999999547e-07
9.999999999999999547e-07
3.363134383652414960e-02
6.348307896205399037e-02
5.932427583475589211e-02
4.219207315277433840e-02
2.811680099079395118e-02
1.823618064178845685e-02
1.235240076228771335e-02
8.320285870635700867e-03
5.925543354905014361e-03
5.163609777709093733e-03
5.391070369058464755e-03
5.409588760419087837e-03
5.776925874661745404e-03
6.818805425841434863e-03
9.185733933342569643e-03
1.349653674777845369e-02
1.992052253629887637e-02
3.029045634072439694e-02
4.682461825399601013e-02
6.388050646870326033e-02
4.989838062960873927e-02
3.329378616381187261e-02
3.938708133212575485e-02
3.297148056460895427e-02
5.101389706607437069e-02
7.059167891356001034e-02
6.070596559019645483e-02
4.434841581372094693e-02
3.153086009910802123e-02
2.160929957323421899e-02
1.497151141382529679e-02
1.055405363461473130e-02
7.449927865095307307e-03
5.967491855600781311e-03
6.994580602197431052e-03
6.597896637674036634e-03
6.818805425841436597e-03
7.739344330811716993e-03
9.738934681706185731e-03
1.313982743245494661e-02
1.803522058780977766e-02
2.607400999625552121e-02
3.726518418982983222e-02
5.325210468208278758e-02
6.378417153975762810e-02
6.185840042502101233e-02
5.798390712412130471e-02
6.350316667912499213e-02
7.059167891355998259e-02
6.830621434477618381e-02
5.732782964869195808e-02
4.521569093501946746e-02
3.486000558934741755e-02
2.606774584222721833e-02
1.926192753537976296e-02
1.407780700213197289e-02
1.042131300942461015e-02
8.221284543946875967e-03
1.043366734171727490e-02
9.415835333488742701e-03
9.185733933342569643e-03
9.738934681706194404e-03
1.120288279169318058e-02
1.348312092408337180e-02
1.670865144762568449e-02
2.161285493696154039e-02
2.881909299838180880e-02
3.736236610875955100e-02
4.669441896917810031e-02
5.296929786433839799e-02
5.644005319363950418e-02
5.939123611873024094e-02
6.070596559019645483e-02
5.732782964869193726e-02
5.115457849216147740e-02
4.439420802828927121e-02
3.718532273222506512e-02
3.023054010243749617e-02
2.455526134133242944e-02
1.930484443820112278e-02
1.496253483630198902e-02
1.226584917779113999e-02
1.592699058224548644e-02
1.442124591525642888e-02
1.349653674777846757e-02
1.313982743245494314e-02
1.348312092408336833e-02
1.440030998797908572e-02
1.592406056982220361e-02
1.820678612673858748e-02
2.157537599354049720e-02
2.605910257744892614e-02
3.023632250571418184e-02
3.431877477329380727e-02
3.875887560489395950e-02
4.225399437479503834e-02
4.434841581372098857e-02
4.521569093501946052e-02
4.439420802828929202e-02
4.225399437479511466e-02
3.886025571897536168e-02
3.437307754767472689e-02
3.019798598178629820e-02
2.607996074498291836e-02
2.157537599354049720e-02
1.818085540796075469e-02
2.462561187868111609e-02
2.206777144229612325e-02
1.992052253629889372e-02
1.803522058780978807e-02
1.670865144762567756e-02
1.592406056982221402e-02
1.565574882132015483e-02
1.592653700521376101e-02
1.670537949295753180e-02
1.806895200756299807e-02
2.007402479201616033e-02
2.238642980686618433e-02
2.501210940595176291e-02
2.808236992229733511e-02
3.153086009910801429e-02
3.486000558934740368e-02
3.718532273222508594e-02
3.886025571897534087e-02
3.958553352410566772e-02
3.881073225458672032e-02
3.704797670096941775e-02
3.475739181248679172e-02
3.139942737882740059e-02
2.784600341063958248e-02
3.915479788925409904e-02
3.458748276292559348e-02
3.029045634072441776e-02
2.607400999625554550e-02
2.161285493696154039e-02
1.820678612673858748e-02
1.592653700521375060e-02
1.443694683619720434e-02
1.353692579102218525e-02
1.319576847058809808e-02
1.353393355849491324e-02
1.444133438915816935e-02
1.595106968859663285e-02
1.820965702250784690e-02
2.160929957323424327e-02
2.606774584222722527e-02
3.023054010243749964e-02
3.437307754767472689e-02
3.881073225458671339e-02
4.216401932038237738e-02
4.425377849084792536e-02
4.519733328448528875e-02
4.451216386795552038e-02
4.255046749486628144e-02
5.696579587568401104e-02
5.342428990467065764e-02
4.682461825399604483e-02
3.726518418982985303e-02
2.881909299838178798e-02
2.157537599354048333e-02
1.670537949295752833e-02
1.353692579102218525e-02
1.132767672430487482e-02
9.882258016010560600e-03
9.317506134233124321e-03
9.541358019773278284e-03
1.056920850109619066e-02
1.238391963945215980e-02
1.497151141382530026e-02
1.926192753537975255e-02
2.455526134133241903e-02
3.019798598178630514e-02
3.704797670096940387e-02
4.425377849084790455e-02
5.110371447783054050e-02
5.765853567489937631e-02
6.136665288194398382e-02
6.002681728695739155e-02
5.716331768871344560e-02
6.170009371586279018e-02
6.388050646870326033e-02
5.325210468208278758e-02
3.736236610875951630e-02
2.605910257744888450e-02
1.806895200756299807e-02
1.319576847058810155e-02
9.882258016010557131e-03
7.843042657143155585e-03
6.880672300661206872e-03
6.635532698228615960e-03
7.043713116020166622e-03
8.367543020089232217e-03
1.055405363461473130e-02
1.407780700213197289e-02
1.930484443820110196e-02
2.607996074498287326e-02
3.475739181248676396e-02
4.519733328448525406e-02
5.765853567489929304e-02
6.916042806133221310e-02
7.062939634162460067e-02
6.324625196713155872e-02
3.971674573981615747e-02
3.352465213912093206e-02
4.989838062960876008e-02
6.378417153975755871e-02
4.669441896917803786e-02
3.023632250571415755e-02
2.007402479201614992e-02
1.353393355849489589e-02
9.317506134233122586e-03
6.880672300661197331e-03
5.791093863902546483e-03
5.401629062364984510e-03
5.365026737421991695e-03
6.011406728625583867e-03
7.548554405642716320e-03
1.051801809884056298e-02
1.499369160286090526e-02
2.158129487798461643e-02
3.139947579115839188e-02
4.455257602609027229e-02
6.152335984260738633e-02
7.054598142556960105e-02
5.080747533976341657e-02
3.256735517967326160e-02
9.999999999999999547e-07
9.999999999999999547e-07
3.329378616381187261e-02
6.185840042502092906e-02
5.296929786433832166e-02
3.431877477329380033e-02
2.238642980686616699e-02
1.444133438915816067e-02
9.541358019773274815e-03
6.635532698228618562e-03
5.401629062364981908e-03
5.052200764790210942e-03
4.907852580121797696e-03
5.188132965628404307e-03
5.967491855600781311e-03
8.221284543946886375e-03
1.226584917779114520e-02
1.818085540796074775e-02
2.784600341063959636e-02
4.255046749486630919e-02
6.002681728695734298e-02
6.324625196713157260e-02
3.297067327271311493e-02
9.999999999999999547e-07
9.999999999999999547e-07
9.999999999999999547e-07
3.938708133212572710e-02
5.798390712412124920e-02
5.644005319363949724e-02
3.875887560489391093e-02
2.501210940595176638e-02
1.595106968859662244e-02
1.056920850109618892e-02
7.043713116020161417e-03
5.365026737421994298e-03
4.907852580121790757e-03
4.756614066357438796e-03
4.931068015375110296e-03
5.391070369058456949e-03
6.994580602197431052e-03
1.043366734171728011e-02
1.592699058224548644e-02
2.462561187868112303e-02
3.915479788925411986e-02
5.696579587568399716e-02
5.716331768871348029e-02
3.941975161765643582e-02
9.999999999999999547e-07
9.999999999999999547e-07
9.999999999999999547e-07
3.297148056460895427e-02
6.350316667912501989e-02
5.939123611873024094e-02
4.225399437479500364e-02
2.808236992229731430e-02
1.820965702250784690e-02
1.238391963945215980e-02
8.367543020089230482e-03
6.011406728625585602e-03
5.188132965628405174e-03
4.931068015375110296e-03
5.050717823583131955e-03
5.395880615711147466e-03
6.578972563634050662e-03
9.394966552243368477e-03
1.440030998797908225e-02
2.210468782974972166e-02
3.453691971865929106e-02
5.359312882432295394e-02
6.167578118773050372e-02
3.329384055104626233e-02
9.999999999999999547e-07
3.938708133212565077e-02
3.363134383652412879e-02
5.101389706607437069e-02
7.059167891355998259e-02
6.070596559019644095e-02
4.434841581372097469e-02
3.153086009910800736e-02
2.160929957323424327e-02
1.497151141382529332e-02
1.055405363461472436e-02
7.548554405642718922e-03
5.967491855600787383e-03
5.391070369058456949e-03
5.395880615711155272e-03
5.776925874661746271e-03
6.818805425841436597e-03
9.185733933342569643e-03
1.349653674777846757e-02
1.992052253629889025e-02
3.029045634072442469e-02
4.682461825399596850e-02
6.388050646870326033e-02
5.012229553787183461e-02
3.329378616381178241e-02
5.798390712412137410e-02
6.348307896205394874e-02
7.059167891355995483e-02
6.830621434477622544e-02
5.732782964869193726e-02
4.521569093501946052e-02
3.486000558934739674e-02
2.606774584222722527e-02
1.926192753537975602e-02
1.407780700213197289e-02
1.051801809884056298e-02
8.221284543946879436e-03
6.994580602197434521e-03
6.578972563634054999e-03
6.818805425841440934e-03
7.739344330811724799e-03
9.738934681706185731e-03
1.313982743245493620e-02
1.803522058780978113e-02
2.607400999625553162e-02
3.726518418982981140e-02
5.325210468208280146e-02
6.366881445794742023e-02
6.185840042502101233e-02
5.644005319363950418e-02
5.932427583475591293e-02
6.070596559019644095e-02
5.732782964869190950e-02
5.115457849216147740e-02
4.439420802828927121e-02
3.718532273222504431e-02
3.023054010243748924e-02
2.455526134133241903e-02
1.930484443820110890e-02
1.499369160286090873e-02
1.226584917779114520e-02
1.043366734171727317e-02
9.394966552243359803e-03
9.185733933342567908e-03
9.738934681706187466e-03
1.120288279169318751e-02
1.348312092408336833e-02
1.670865144762568449e-02
2.161285493696155774e-02
2.881909299838178104e-02
3.736236610875957181e-02
4.647523412470742216e-02
5.296929786433838411e-02
3.875887560489399419e-02
4.219207315277433840e-02
4.434841581372096081e-02
4.521569093501949521e-02
4.439420802828928508e-02
4.225399437479510079e-02
3.886025571897536168e-02
3.437307754767472689e-02
3.019798598178629820e-02
2.607996074498289754e-02
2.158129487798461296e-02
1.818085540796074082e-02
1.592699058224548991e-02
1.440030998797908572e-02
1.349653674777846757e-02
1.313982743245493273e-02
1.348312092408336833e-02
1.440030998797908572e-02
1.592406056982221402e-02
1.820678612673858748e-02
2.157537599354049720e-02
2.605910257744892961e-02
3.019798598178632595e-02
3.431877477329382808e-02
2.501210940595175944e-02
2.811680099079397199e-02
3.153086009910801429e-02
3.486000558934741755e-02
3.718532273222506512e-02
3.886025571897534087e-02
3.958553352410566772e-02
3.881073225458672032e-02
3.704797670096941775e-02
3.475739181248679172e-02
3.139947579115841270e-02
2.784600341063960677e-02
2.462561187868113691e-02
2.210468782974973900e-02
1.992052253629889372e-02
1.803522058780978113e-02
1.670865144762568102e-02
1.592406056982220361e-02
1.565574882132015136e-02
1.592653700521376101e-02
1.670537949295751792e-02
1.806895200756300848e-02
2.008367660755263143e-02
2.238642980686619474e-02
1.595106968859660510e-02
1.823618064178846726e-02
2.160929957323423287e-02
2.606774584222721486e-02
3.023054010243749617e-02
3.437307754767471996e-02
3.881073225458669951e-02
4.216401932038236350e-02
4.425377849084796006e-02
4.519733328448528875e-02
4.455257602609030698e-02
4.255046749486634389e-02
3.915479788925414067e-02
3.453691971865931187e-02
3.029045634072445939e-02
2.607400999625555243e-02
2.161285493696156121e-02
1.820678612673859789e-02
1.592653700521374019e-02
1.443694683619719220e-02
1.353692579102219740e-02
1.319576847058808594e-02
1.354838770389899319e-02
1.444133438915817629e-02
1.056920850109620280e-02
1.235240076228771681e-02
1.497151141382529679e-02
1.926192753537976296e-02
2.455526134133243291e-02
3.019798598178630514e-02
3.704797670096940387e-02
4.425377849084792536e-02
5.110371447783055437e-02
5.765853567489934856e-02
6.152335984260737245e-02
6.002681728695740543e-02
5.696579587568402492e-02
5.359312882432298170e-02
4.682461825399599625e-02
3.726518418982979752e-02
2.881909299838177063e-02
2.157537599354048333e-02
1.670537949295751445e-02
1.353692579102218525e-02
1.132767672430488003e-02
9.882258016010576213e-03
9.308704412073003434e-03
9.541358019773280019e-03
7.043713116020161417e-03
8.320285870635699133e-03
1.055405363461472783e-02
1.407780700213197289e-02
1.930484443820111237e-02
2.607996074498289407e-02
3.475739181248676396e-02
4.519733328448523324e-02
5.765853567489933468e-02
6.916042806133221310e-02
7.054598142556954554e-02
6.324625196713157260e-02
5.716331768871354968e-02
6.167578118773045515e-02
6.388050646870327420e-02
5.325210468208275982e-02
3.736236610875950936e-02
2.605910257744890532e-02
1.806895200756299807e-02
1.319576847058809461e-02
9.882258016010576213e-03
7.843042657143165994e-03
6.866217751425087064e-03
6.635532698228622898e-03
5.351941421903066987e-03
5.925543354905014361e-03
7.449927865095308174e-03
1.042131300942460669e-02
1.496253483630198902e-02
2.157537599354047986e-02
3.139942737882738671e-02
4.451216386795548569e-02
6.136665288194401852e-02
7.062939634162462843e-02
5.080747533976347208e-02
3.297067327271315657e-02
3.941975161765645663e-02
3.329384055104627621e-02
5.012229553787183461e-02
6.366881445794740635e-02
4.647523412470739440e-02
3.019798598178630514e-02
2.008367660755261408e-02
1.354838770389898105e-02
9.308704412072999965e-03
6.866217751425087064e-03
5.775915321514701536e-03
5.396705781979809803e-03
4.907852580121797696e-03
5.163609777709085059e-03
5.967491855600782179e-03
8.221284543946884640e-03
1.226584917779114520e-02
1.818085540796076163e-02
2.784600341063958248e-02
4.255046749486626756e-02
6.002681728695738461e-02
6.324625196713157260e-02
3.256735517967321303e-02
9.999999999999999547e-07
9.999999999999999547e-07
9.999999999999999547e-07
3.329378616381177547e-02
6.185840042502092906e-02
5.296929786433832166e-02
3.431877477329380033e-02
2.238642980686617739e-02
1.444133438915815200e-02
9.541358019773288693e-03
6.635532698228618562e-03
5.396705781979808068e-03
5.052200764790210942e-03
5.029025674330109448e-03
5.378592465158714246e-03
6.187959838223660441e-03
8.037711777807897418e-03
1.151383638577498612e-02
1.670528459551368083e-02
2.491206204970696295e-02
3.726522640651667995e-02
5.456998451492790086e-02
6.606689856759948021e-02
3.973839271183519234e-02
3.942010391124305818e-02
9.921318680040557003e-03
3.938708133212567852e-02
4.020907846251677020e-02
6.585457626994030422e-02
5.413563546405609356e-02
3.704816293284327738e-02
2.516046572228852751e-02
1.673076226267277214e-02
1.161750027145758840e-02
8.105851886062546974e-03
6.132137634976973957e-03
5.351422888287276844e-03
5.378592465158711644e-03
5.420300793941974088e-03
5.805156832161520800e-03
6.862674714316815798e-03
9.243978558955248323e-03
1.353706107859295286e-02
1.990611266677584992e-02
3.027473519598711249e-02
4.661204703154690765e-02
6.399433332961178278e-02
4.938371482367681642e-02
3.386139751739516979e-02
3.907128569470896123e-02
3.363134383652415654e-02
5.035629681597068169e-02
7.066398864920202250e-02
6.072415356904812406e-02
4.425583671120519175e-02
3.151531501699906396e-02
2.164776264620928842e-02
1.496698821668044493e-02
1.052357651240498453e-02
7.398933119608978003e-03
5.926155663084298197e-03
6.187959838223660441e-03
5.805156832161522534e-03
5.885528578724072250e-03
6.577963945174016350e-03
8.049388725741285847e-03
1.132805466667293447e-02
1.619001283341599956e-02
2.454290213598857295e-02
3.698519063434046322e-02
5.732855339647615484e-02
6.495854832278404045e-02
5.012192256420827663e-02
4.020907846251674939e-02
5.101389706607431518e-02
7.021868673008438422e-02
7.448282902710112729e-02
6.573354734097838770e-02
5.110532409420905781e-02
3.922128190017208638e-02
2.886021739715614182e-02
2.054541908172953513e-02
1.431847877646815967e-02
9.960876235733249345e-03
7.450046449566949738e-03
8.037711777807899152e-03
6.862674714316812329e-03
6.577963945174011146e-03
6.894725958716966044e-03
7.708554711612886079e-03
9.882343965832896329e-03
1.351545462583715086e-02
1.924712109803502699e-02
2.803093632285940176e-02
4.100747418487350054e-02
5.718162227969555977e-02
6.366852900860887898e-02
6.585457626994038749e-02
7.059167891356006586e-02
7.448282902710107178e-02
7.412727992963674684e-02
6.775261361312166775e-02
5.766054146399287456e-02
4.733428897658385759e-02
3.738753140998083563e-02
2.813213226255341370e-02
2.048356913347557443e-02
1.430116015873889555e-02
1.042153269692547117e-02
1.151383638577497398e-02
9.243978558955241384e-03
8.049388725741284112e-03
7.708554711612886079e-03
8.066165652072508976e-03
9.318819459212146494e-03
1.167015183317129078e-02
1.498939760073244969e-02
2.054527512719467319e-02
2.805576059556512750e-02
3.698114451220328031e-02
4.647378414168185784e-02
5.413563546405610744e-02
6.070596559019642013e-02
6.573354734097835994e-02
6.775261361312170938e-02
6.631940516985079803e-02
6.152405714710339896e-02
5.477723150392728446e-02
4.680504546278221184e-02
3.709016655519695865e-02
2.809744958523431591e-02
2.058981317338077349e-02
1.496211007663012134e-02
1.670528459551368777e-02
1.353706107859295286e-02
1.132805466667294314e-02
9.882343965832899799e-03
9.318819459212146494e-03
9.541839984157973742e-03
1.056917561571731230e-02
1.235235911030504487e-02
1.497177373740945366e-02
1.926183173092453974e-02
2.455526178035120216e-02
3.019748470787642081e-02
3.704816293284327738e-02
4.434841581372100244e-02
5.110532409420905087e-02
5.766054146399287456e-02
6.152405714710339896e-02
6.002711712039376230e-02
5.696432519160470054e-02
5.342446830802504570e-02
4.682530065877486131e-02
3.726574687426739696e-02
2.882396180226048238e-02
2.157576561113019181e-02
2.491206204970697682e-02
1.990611266677583951e-02
1.619001283341599262e-02
1.351545462583715086e-02
1.167015183317128210e-02
1.056917561571732271e-02
1.021669406309310378e-02
1.057744829141776116e-02
1.164029598507393577e-02
1.348487183163150742e-02
1.624776183906724916e-02
2.008417363844925904e-02
2.516046572228854833e-02
3.153086009910799348e-02
3.922128190017209332e-02
4.733428897658390616e-02
5.477723150392728446e-02
5.696432519160467278e-02
5.712955971642985631e-02
5.684837157012750247e-02
5.472323441297311658e-02
4.739708588085175811e-02
3.921280472818832602e-02
3.139848640042099820e-02
3.726522640651667995e-02
3.027473519598712290e-02
2.454290213598859377e-02
1.924712109803502699e-02
1.498939760073244969e-02
1.235235911030503619e-02
1.057744829141776984e-02
9.585761901306100868e-03
9.368309971998224975e-03
9.918552689456322513e-03
1.134366657142872256e-02
1.354856373108703424e-02
1.673076226267279296e-02
2.160929957323425021e-02
2.886021739715611406e-02
3.738753140998083563e-02
4.680504546278224653e-02
5.342446830802501101e-02
5.684837157012751635e-02
5.985054084232875604e-02
6.139215299958690475e-02
5.779714075184998190e-02
5.130995376557322130e-02
4.451171553020364519e-02
5.456998451492793556e-02
4.661204703154692153e-02
3.698519063434049792e-02
2.803093632285940523e-02
2.054527512719465585e-02
1.497177373740944846e-02
1.164029598507394618e-02
9.368309971998224975e-03
8.128610879906603831e-03
7.752801254703087751e-03
8.094146919302292256e-03
9.309729734364610015e-03
1.161750027145758667e-02
1.497151141382529679e-02
2.054541908172952472e-02
2.813213226255339636e-02
3.709016655519692396e-02
4.682530065877484049e-02
5.472323441297310270e-02
6.139215299958689087e-02
6.629145362039823297e-02
6.800885608987487785e-02
6.629136352049996850e-02
6.136711631383493654e-02
6.606689856759945245e-02
6.399433332961183829e-02
5.732855339647614096e-02
4.100747418487351442e-02
2.805576059556512750e-02
1.926183173092453280e-02
1.348487183163149354e-02
9.918552689456320778e-03
7.752801254703082547e-03
6.900400459340587378e-03
6.581337749394182597e-03
6.866364748627150523e-03
8.105851886062548708e-03
1.055405363461471568e-02
1.431847877646816661e-02
2.048356913347557096e-02
2.809744958523430203e-02
3.726574687426739696e-02
4.739708588085171648e-02
5.779714075184998190e-02
6.800885608987482234e-02
7.494805041941887680e-02
7.469597283789547459e-02
7.063014080735868783e-02
3.973839271183522009e-02
4.938371482367680254e-02
6.495854832278395719e-02
5.718162227969550426e-02
3.698114451220327337e-02
2.455526178035120563e-02
1.624776183906724569e-02
1.134366657142871389e-02
8.094146919302299195e-03
6.581337749394182597e-03
5.882423315667183704e-03
5.782891531872836645e-03
6.163705571238569693e-03
7.548554405642718922e-03
1.005847304717277790e-02
1.433719392403795707e-02
2.059212390301791776e-02
2.881908785241663745e-02
3.924167344510360450e-02
5.134513548418700307e-02
6.630740572192125870e-02
7.479412642280343360e-02
7.048122616762572679e-02
5.080863927095072285e-02
3.942010391124306512e-02
3.386139751739519754e-02
5.012192256420826969e-02
6.366852900860887898e-02
4.647378414168185784e-02
3.019748470787639305e-02
2.008417363844925904e-02
1.354856373108702557e-02
9.309729734364616954e-03
6.866364748627146186e-03
5.782891531872834043e-03
5.395412125752262374e-03
5.351422888287280313e-03
5.967491855600783913e-03
7.450046449566960147e-03
1.042153269692548158e-02
1.496211007663014736e-02
2.157576561113019181e-02
3.139848640042102595e-02
4.451171553020366600e-02
6.136711631383489490e-02
7.063014080735874334e-02
5.101521875700527897e-02
3.296985920905332740e-02
9.921318680040560473e-03
3.907128569470897511e-02
4.020907846251674939e-02
6.585457626994038749e-02
5.413563546405610744e-02
3.704816293284325657e-02
2.516046572228853445e-02
1.673076226267279296e-02
1.161750027145757452e-02
8.105851886062546974e-03
6.163705571238563621e-03
5.351422888287276844e-03
5.029025674330109448e-03
5.391070369058452612e-03
6.187959838223664778e-03
8.037711777807904356e-03
1.151383638577498786e-02
1.670528459551368430e-02
2.491206204970698723e-02
3.726522640651670076e-02
5.456998451492790086e-02
6.606689856759946633e-02
4.024340781391391036e-02
3.942010391124305818e-02
3.938708133212567852e-02
3.363134383652412879e-02
5.101389706607433600e-02
7.059167891356001034e-02
6.070596559019642013e-02
4.434841581372098857e-02
3.153086009910800042e-02
2.160929957323424327e-02
1.497151141382528292e-02
1.055405363461472609e-02
7.548554405642714585e-03
5.967491855600781311e-03
5.391070369058456949e-03
5.395880615711156139e-03
5.776925874661750608e-03
6.818805425841438332e-03
9.185733933342567908e-03
1.349653674777846757e-02
1.992052253629889025e-02
3.029045634072442122e-02
4.682461825399596850e-02
6.388050646870326033e-02
5.012229553787192482e-02
3.329378616381181710e-02
4.020907846251679102e-02
5.035629681597068169e-02
7.021868673008438422e-02
7.448282902710109954e-02
6.573354734097838770e-02
5.110532409420905087e-02
3.922128190017211413e-02
2.886021739715613835e-02
2.054541908172953513e-02
1.431847877646815967e-02
1.005847304717277790e-02
7.450046449566954075e-03
6.187959838223664778e-03
5.776925874661746271e-03
5.885528578724072250e-03
6.577963945174011146e-03
8.049388725741284112e-03
1.132805466667293273e-02
1.619001283341599956e-02
2.454290213598858336e-02
3.698519063434042853e-02
5.732855339647615484e-02
6.467092791758950743e-02
5.012192256420820724e-02
6.585457626994034586e-02
7.066398864920199474e-02
7.448282902710107178e-02
7.412727992963671908e-02
6.775261361312168162e-02
5.766054146399287456e-02
4.733428897658389228e-02
3.738753140998085644e-02
2.813213226255339983e-02
2.048356913347558830e-02
1.433719392403795707e-02
1.042153269692548505e-02
8.037711777807909561e-03
6.818805425841438332e-03
6.577963945174006809e-03
6.894725958716959105e-03
7.708554711612884344e-03
9.882343965832891125e-03
1.351545462583715086e-02
1.924712109803502352e-02
2.803093632285935319e-02
4.100747418487350054e-02
5.694913033840433292e-02
6.366852900860889286e-02
5.413563546405612131e-02
6.072415356904815181e-02
6.573354734097841545e-02
6.775261361312168162e-02
6.631940516985079803e-02
6.152405714710338508e-02
5.477723150392728446e-02
4.680504546278223960e-02
3.709016655519693784e-02
2.809744958523431937e-02
2.059212390301791776e-02
1.496211007663013695e-02
1.151383638577498092e-02
9.185733933342573113e-03
8.049388725741284112e-03
7.708554711612886079e-03
8.066165652072510711e-03
9.318819459212141290e-03
1.167015183317128210e-02
1.498939760073244622e-02
2.054527512719464891e-02
2.805576059556513790e-02
3.688678568282639098e-02
4.647378414168189253e-02
3.704816293284329126e-02
4.425583671120520562e-02
5.110532409420907862e-02
5.766054146399286068e-02
6.152405714710339896e-02
6.002711712039369985e-02
5.696432519160467278e-02
5.342446830802505958e-02
4.682530065877482661e-02
3.726574687426740390e-02
2.881908785241663051e-02
2.157576561113020569e-02
1.670528459551368083e-02
1.349653674777846236e-02
1.132805466667294314e-02
9.882343965832891125e-03
9.318819459212143025e-03
9.541839984157965068e-03
1.056917561571731230e-02
1.235235911030503619e-02
1.497177373740945366e-02
1.926183173092453280e-02
2.453049170343127305e-02
3.019748470787644509e-02
2.516046572228852751e-02
3.151531501699905008e-02
3.922128190017209332e-02
4.733428897658385065e-02
5.477723150392728446e-02
5.696432519160466584e-02
5.712955971642982161e-02
5.684837157012753023e-02
5.472323441297310270e-02
4.739708588085171648e-02
3.924167344510362532e-02
3.139848640042103289e-02
2.491206204970699417e-02
1.992052253629889025e-02
1.619001283341599262e-02
1.351545462583714566e-02
1.167015183317128210e-02
1.056917561571731751e-02
1.021669406309310205e-02
1.057744829141777157e-02
1.164029598507394098e-02
1.348487183163150742e-02
1.626180100942729162e-02
2.008417363844927639e-02
1.673076226267278255e-02
2.164776264620929536e-02
2.886021739715612794e-02
3.738753140998081481e-02
4.680504546278221184e-02
5.342446830802503183e-02
5.684837157012754411e-02
5.985054084232873522e-02
6.139215299958690475e-02
5.779714075184998190e-02
5.134513548418703777e-02
4.451171553020368682e-02
3.726522640651671464e-02
3.029045634072443510e-02
2.454290213598858336e-02
1.924712109803503393e-02
1.498939760073244969e-02
1.235235911030503966e-02
1.057744829141776984e-02
9.585761901306100868e-03
9.368309971998218036e-03
9.918552689456317309e-03
1.140974874001087803e-02
1.354856373108703077e-02
1.161750027145757626e-02
1.496698821668044493e-02
2.054541908172953860e-02
2.813213226255338595e-02
3.709016655519694478e-02
4.682530065877486131e-02
5.472323441297308189e-02
6.139215299958689087e-02
6.629145362039823297e-02
6.800885608987482234e-02
6.630740572192125870e-02
6.136711631383490878e-02
5.456998451492793556e-02
4.682461825399599625e-02
3.698519063434044934e-02
2.803093632285937054e-02
2.054527512719465585e-02
1.497177373740945366e-02
1.164029598507393751e-02
9.368309971998214566e-03
8.128610879906600362e-03
7.752801254703088618e-03
8.128424099291875482e-03
9.309729734364616954e-03
8.105851886062546974e-03
1.052357651240497585e-02
1.431847877646815967e-02
2.048356913347557443e-02
2.809744958523428815e-02
3.726574687426742472e-02
4.739708588085170260e-02
5.779714075184996802e-02
6.800885608987486397e-02
7.494805041941887680e-02
7.479412642280340584e-02
7.063014080735874334e-02
6.606689856759949409e-02
6.388050646870324645e-02
5.732855339647615484e-02
4.100747418487347279e-02
2.805576059556510321e-02
1.926183173092454320e-02
1.348487183163149354e-02
9.918552689456313839e-03
7.752801254703088618e-03
6.900400459340589113e-03
6.591360583520093457e-03
6.866364748627149656e-03
6.132137634976967018e-03
7.398933119608974533e-03
9.960876235733242406e-03
1.430116015873887647e-02
2.058981317338075614e-02
2.882396180226050320e-02
3.921280472818829133e-02
5.130995376557317966e-02
6.629136352049996850e-02
7.469597283789541908e-02
7.048122616762575454e-02
5.101521875700525815e-02
4.024340781391389649e-02
5.012229553787191094e-02
6.467092791758957682e-02
5.694913033840423577e-02
3.688678568282637710e-02
2.453049170343126958e-02
1.626180100942728815e-02
1.140974874001088497e-02
8.128424099291873747e-03
6.591360583520089987e-03
5.887096638972568949e-03
5.777087956174818337e-03
5.351422888287276844e-03
5.926155663084298197e-03
7.450046449566957545e-03
1.042153269692547637e-02
1.496211007663013348e-02
2.157576561113017793e-02
3.139848640042099126e-02
4.451171553020363131e-02
6.136711631383489490e-02
7.063014080735874334e-02
5.080863927095071592e-02
3.296985920905336903e-02
3.942010391124306512e-02
3.329378616381178935e-02
5.012192256420827663e-02
6.366852900860886511e-02
4.647378414168187172e-02
3.019748470787642428e-02
2.008417363844925904e-02
1.354856373108703077e-02
9.309729734364616954e-03
6.866364748627150523e-03
5.777087956174818337e-03
5.395412125752262374e-03
6.647662908907368134e-03
6.979921358391373044e-03
8.037711777807909561e-03
1.017325771515471475e-02
1.342853001016579111e-02
1.806910704336754311e-02
2.506230824322017159e-02
3.476966074815937557e-02
4.722493061452239654e-02
6.153693015959144780e-02
6.599189671914051925e-02
5.807133810746033936e-02
5.031614764652651839e-02
5.798390712412129083e-02
6.585457626994033198e-02
6.113430648197027556e-02
4.727840767276759310e-02
3.475882666370042756e-02
2.507515954581012244e-02
1.804253134649317150e-02
1.347300644567208175e-02
1.026783510641322318e-02
7.996321765126898282e-03
6.958906901579502841e-03
6.979921358391373912e-03
6.616301916457905004e-03
6.862674714316821002e-03
7.807704065273491853e-03
9.820778244729015324e-03
1.319556718722277207e-02
1.804698923029512264e-02
2.607490447420312066e-02
3.724063553664187093e-02
5.301252820796303195e-02
6.390249793482856433e-02
6.186552898295538672e-02
5.771971062819866716e-02
6.348307896205399037e-02
7.066398864920206413e-02
6.821861602259486623e-02
5.754110754218699081e-02
4.519866096075571271e-02
3.481504911688403786e-02
2.606133323606468419e-02
1.922851424976038462e-02
1.404261399901186175e-02
1.040011479728930946e-02
8.179937847415299362e-03
8.037711777807904356e-03
6.862674714316812329e-03
6.577963945174009411e-03
6.894725958716967779e-03
7.708554711612888681e-03
9.882343965832889390e-03
1.351545462583714219e-02
1.924712109803503046e-02
2.803093632285938094e-02
4.100747418487350054e-02
5.718162227969550426e-02
6.366852900860894837e-02
6.585457626994038749e-02
7.059167891356012137e-02
7.448282902710107178e-02
7.412727992963671908e-02
6.775261361312165387e-02
5.766054146399285374e-02
4.733428897658388534e-02
3.738753140998081481e-02
2.813213226255342064e-02
2.048356913347557443e-02
1.430116015873889902e-02
1.042153269692547811e-02
1.017325771515471128e-02
7.807704065273491853e-03
6.894725958716965176e-03
6.799216810731990510e-03
6.888261173238045994e-03
7.842505682440577622e-03
1.037341435474517515e-02
1.407105138009391923e-02
2.045612341218644090e-02
2.901000306250269348e-02
4.094134009379035016e-02
5.287696580510133776e-02
6.113430648197027556e-02
6.830621434477619769e-02
7.412727992963670520e-02
7.691262111656683997e-02
7.498087955543496219e-02
6.916112303539874440e-02
6.193301077911211178e-02
5.338516264157876917e-02
4.126883880793532494e-02
2.912983502404051933e-02
2.050633534641619835e-02
1.404593384423858705e-02
1.342853001016581192e-02
9.820778244729015324e-03
7.708554711612882610e-03
6.888261173238045994e-03
6.578016396326076022e-03
6.880701975444328961e-03
8.172562012082879371e-03
1.062083912648558587e-02
1.435625954277770268e-02
2.047066751823409941e-02
2.801333288449510059e-02
3.721370814449457415e-02
4.727840767276762779e-02
5.732782964869195114e-02
6.775261361312168162e-02
7.498087955543496219e-02
7.486987910071143948e-02
7.054629917575012954e-02
6.616199564360292218e-02
6.414501968133493048e-02
5.753272156658749414e-02
4.121007160069372482e-02
2.817451743833674846e-02
1.928898427886222705e-02
1.806910704336752924e-02
1.319556718722276513e-02
9.882343965832891125e-03
7.842505682440577622e-03
6.880701975444328961e-03
6.635448409869878876e-03
7.043789645569766868e-03
8.319693322168645461e-03
1.055409433587938678e-02
1.407779735508663324e-02
1.930494377377134710e-02
2.607991572132421776e-02
3.475882666370042756e-02
4.521569093501944664e-02
5.766054146399287456e-02
6.916112303539874440e-02
7.054629917575008791e-02
6.324663335497193728e-02
5.716276958420592885e-02
6.169868202079350356e-02
6.388007291261087184e-02
5.325210636604860159e-02
3.741137092363795713e-02
2.605794878368507261e-02
2.506230824322019241e-02
1.804698923029511223e-02
1.351545462583715086e-02
1.037341435474517168e-02
8.172562012082881105e-03
7.043789645569768602e-03
6.721491449637791854e-03
7.062113824434954404e-03
8.147691045007763450e-03
1.028130919883066957e-02
1.347477804843846133e-02
1.808238460029104253e-02
2.507515954581011897e-02
3.486000558934737592e-02
4.733428897658382983e-02
6.193301077911209096e-02
6.616199564360292218e-02
5.716276958420599130e-02
4.956502996860621957e-02
5.682185566267531490e-02
6.598056782838919443e-02
6.152593172136339855e-02
4.751306395611963607e-02
3.479825093188260166e-02
3.476966074815939639e-02
2.607490447420314494e-02
1.924712109803502699e-02
1.407105138009391923e-02
1.062083912648558587e-02
8.319693322168633318e-03
7.062113824434952669e-03
6.667016334975205127e-03
6.905691097310370091e-03
7.853300071513630645e-03
9.859632079284325751e-03
1.319448403750737332e-02
1.804253134649319232e-02
2.606774584222721486e-02
3.738753140998081481e-02
5.338516264157876917e-02
6.414501968133493048e-02
6.169868202079362152e-02
5.682185566267526633e-02
6.325521939737190069e-02
7.071497905266588280e-02
6.867266861140185197e-02
5.787501298432425750e-02
4.521910365928389491e-02
4.722493061452239654e-02
3.724063553664185011e-02
2.803093632285938094e-02
2.045612341218642008e-02
1.435625954277771135e-02
1.055409433587939198e-02
8.147691045007761715e-03
6.905691097310368357e-03
6.590819553325493428e-03
6.896200674474579385e-03
7.703956465743231827e-03
9.836176210941871903e-03
1.347300644567206787e-02
1.926192753537975255e-02
2.813213226255342064e-02
4.126883880793532494e-02
5.753272156658743169e-02
6.388007291261083020e-02
6.598056782838911116e-02
7.071497905266599382e-02
7.469618864506487321e-02
7.454319153718917679e-02
6.800929252699876304e-02
5.758793014047289965e-02
6.153693015959146861e-02
5.301252820796303195e-02
4.100747418487351442e-02
2.901000306250270735e-02
2.047066751823407860e-02
1.407779735508663671e-02
1.028130919883065743e-02
7.853300071513632380e-03
6.896200674474579385e-03
6.797275460813521214e-03
6.878447612367412194e-03
7.789676331124956166e-03
1.026783510641320063e-02
1.407780700213197636e-02
2.048356913347557096e-02
2.912983502404050545e-02
4.121007160069366237e-02
5.325210636604857384e-02
6.152593172136342631e-02
6.867266861140186585e-02
7.454319153718914903e-02
7.693120694024917217e-02
7.454318777132715179e-02
6.872094221709977580e-02
6.599189671914060251e-02
6.390249793482855045e-02
5.718162227969551814e-02
4.094134009379035016e-02
2.801333288449511447e-02
1.930494377377135057e-02
1.347477804843845786e-02
9.859632079284311873e-03
7.703956465743228357e-03
6.878447612367413928e-03
6.556068855016299914e-03
6.829767313254530431e-03
8.060538336528737940e-03
1.051801809884055951e-02
1.433719392403794493e-02
2.050581033550950491e-02
2.810522612884638893e-02
3.736182668176453447e-02
4.740347248074269076e-02
5.763584392381594645e-02
6.776445946445708302e-02
7.459450839787086507e-02
7.459863873798745770e-02
7.046601420961326467e-02
5.807133810746033936e-02
6.186552898295538672e-02
6.366852900860887898e-02
5.287696580510135858e-02
3.721370814449457415e-02
2.607991572132420041e-02
1.808238460029106334e-02
1.319448403750737679e-02
9.836176210941864964e-03
7.789676331124962237e-03
6.829767313254527829e-03
6.578936100715420017e-03
6.958906901579511514e-03
8.221284543946886375e-03
1.042153269692548331e-02
1.404593384423860440e-02
1.928898427886222705e-02
2.605794878368508996e-02
3.479825093188265023e-02
4.521910365928391573e-02
5.758793014047294129e-02
6.872094221709980355e-02
7.059221735158337230e-02
6.350428632414965857e-02
5.031614764652649063e-02
5.771971062819868797e-02
6.585457626994038749e-02
6.113430648197027556e-02
4.727840767276764861e-02
3.475882666370040674e-02
2.507515954581011550e-02
1.804253134649319232e-02
1.347300644567208522e-02
1.026783510641321624e-02
8.060538336528741410e-03
6.958906901579508045e-03
6.647662908907373339e-03
6.994580602197437991e-03
8.037711777807911295e-03
1.017325771515472516e-02
1.342853001016579978e-02
1.806910704336753964e-02
2.506230824322019241e-02
3.476966074815941027e-02
4.722493061452238267e-02
6.153693015959148943e-02
6.596060696414474123e-02
5.807133810746039487e-02
5.798390712412123532e-02
6.348307896205397649e-02
7.059167891356002422e-02
6.830621434477619769e-02
5.732782964869192338e-02
4.521569093501944664e-02
3.486000558934739674e-02
2.606774584222722527e-02
1.926192753537973867e-02
1.407780700213198503e-02
1.051801809884056298e-02
8.221284543946889845e-03
6.994580602197437991e-03
6.578972563634050662e-03
6.818805425841438332e-03
7.739344330811721330e-03
9.738934681706182261e-03
1.313982743245493273e-02
1.803522058780976725e-02
2.607400999625552815e-02
3.726518418982983222e-02
5.325210468208281533e-02
6.366881445794744798e-02
6.185840042502095681e-02
6.585457626994033198e-02
7.066398864920199474e-02
7.448282902710109954e-02
7.412727992963667745e-02
6.775261361312168162e-02
5.766054146399287456e-02
4.733428897658389228e-02
3.738753140998084257e-02
2.813213226255341023e-02
2.048356913347560218e-02
1.433719392403795707e-02
1.042153269692548852e-02
8.037711777807904356e-03
6.818805425841445271e-03
6.577963945174011146e-03
6.894725958716967779e-03
7.708554711612886079e-03
9.882343965832898064e-03
1.351545462583714566e-02
1.924712109803503393e-02
2.803093632285937054e-02
4.100747418487350054e-02
5.694913033840433292e-02
6.366852900860886511e-02
6.113430648197024780e-02
6.821861602259489399e-02
7.412727992963671908e-02
7.691262111656686773e-02
7.498087955543497607e-02
6.916112303539870276e-02
6.193301077911211178e-02
5.338516264157876917e-02
4.126883880793533188e-02
2.912983502404050545e-02
2.050581033550949797e-02
1.404593384423861134e-02
1.017325771515471301e-02
7.739344330811715258e-03
6.894725958716963442e-03
6.799216810731988775e-03
6.888261173238044259e-03
7.842505682440574152e-03
1.037341435474516821e-02
1.407105138009391229e-02
2.045612341218640620e-02
2.901000306250266572e-02
4.074919244792839929e-02
5.287696580510135858e-02
4.727840767276762779e-02
5.754110754218706020e-02
6.775261361312166775e-02
7.498087955543500382e-02
7.486987910071143948e-02
7.054629917575001852e-02
6.616199564360285279e-02
6.414501968133493048e-02
5.753272156658743169e-02
4.121007160069369707e-02
2.810522612884641322e-02
1.928898427886224093e-02
1.342853001016579458e-02
9.738934681706192670e-03
7.708554711612884344e-03
6.888261173238045994e-03
6.578016396326079492e-03
6.880701975444328093e-03
8.172562012082882840e-03
1.062083912648558934e-02
1.435625954277770268e-02
2.047066751823410288e-02
2.793960858685296672e-02
3.721370814449458803e-02
3.475882666370044838e-02
4.519866096075571271e-02
5.766054146399285374e-02
6.916112303539874440e-02
7.054629917575012954e-02
6.324663335497188177e-02
5.716276958420599130e-02
6.169868202079353131e-02
6.388007291261085796e-02
5.325210636604857384e-02
3.736182668176455529e-02
2.605794878368508649e-02
1.806910704336753964e-02
1.313982743245495008e-02
9.882343965832885921e-03
7.842505682440570683e-03
6.880701975444326358e-03
6.635448409869881478e-03
7.043789645569766868e-03
8.319693322168640257e-03
1.055409433587938851e-02
1.407779735508664018e-02
1.928406790574093560e-02
2.607991572132422470e-02
2.507515954581012244e-02
3.481504911688399623e-02
4.733428897658385759e-02
6.193301077911210484e-02
6.616199564360289442e-02
5.716276958420585252e-02
4.956502996860619875e-02
5.682185566267528715e-02
6.598056782838916667e-02
6.152593172136338467e-02
4.740347248074269076e-02
3.479825093188262941e-02
2.506230824322020975e-02
1.803522058780977072e-02
1.351545462583715086e-02
1.037341435474516647e-02
8.172562012082882840e-03
7.043789645569766868e-03
6.721491449637788385e-03
7.062113824434954404e-03
8.147691045007761715e-03
1.028130919883066437e-02
1.353381486838518659e-02
1.808238460029106334e-02
1.804253134649317150e-02
2.606133323606467378e-02
3.738753140998079399e-02
5.338516264157875529e-02
6.414501968133493048e-02
6.169868202079351743e-02
5.682185566267528715e-02
6.325521939737192845e-02
7.071497905266596606e-02
6.867266861140183809e-02
5.763584392381594645e-02
4.521910365928393655e-02
3.476966074815943109e-02
2.607400999625554550e-02
1.924712109803502699e-02
1.407105138009391229e-02
1.062083912648559281e-02
8.319693322168640257e-03
7.062113824434957006e-03
6.667016334975205127e-03
6.905691097310368357e-03
7.853300071513628910e-03
9.962098286384111698e-03
1.319448403750738373e-02
1.347300644567207308e-02
1.922851424976037768e-02
2.813213226255342064e-02
4.126883880793534576e-02
5.753272156658749414e-02
6.388007291261085796e-02
6.598056782838916667e-02
7.071497905266586892e-02
7.469618864506481770e-02
7.454319153718919067e-02
6.776445946445708302e-02
5.758793014047294129e-02
4.722493061452236879e-02
3.726518418982982528e-02
2.803093632285935666e-02
2.045612341218641661e-02
1.435625954277769921e-02
1.055409433587938157e-02
8.147691045007765184e-03
6.905691097310366622e-03
6.590819553325496898e-03
6.896200674474579385e-03
7.752882717356889171e-03
9.836176210941870168e-03
1.026783510641321104e-02
1.404261399901187909e-02
2.048356913347557443e-02
2.912983502404049505e-02
4.121007160069367625e-02
5.325210636604858772e-02
6.152593172136339855e-02
6.867266861140183809e-02
7.454319153718919067e-02
7.693120694024917217e-02
7.459450839787089282e-02
6.872094221709976192e-02
6.153693015959144780e-02
5.325210468208278758e-02
4.100747418487350054e-02
2.901000306250266572e-02
2.047066751823408207e-02
1.407779735508662630e-02
1.028130919883065569e-02
7.853300071513635849e-03
6.896200674474585457e-03
6.797275460813521214e-03
6.896178709364007842e-03
7.789676331124956166e-03
7.996321765126898282e-03
1.040011479728930252e-02
1.430116015873888514e-02
2.050633534641618794e-02
2.817451743833676234e-02
3.741137092363798489e-02
4.751306395611963607e-02
5.787501298432427138e-02
6.800929252699880467e-02
7.454318777132715179e-02
7.459863873798745770e-02
7.059221735158330291e-02
6.596060696414471347e-02
6.366881445794742023e-02
5.694913033840433292e-02
4.074919244792842010e-02
2.793960858685296672e-02
1.928406790574093213e-02
1.353381486838517445e-02
9.962098286384113432e-03
7.752882717356886569e-03
6.896178709364009576e-03
6.577640760446863515e-03
6.818744291064046843e-03
6.958906901579504575e-03
8.179937847415302832e-03
1.042153269692547811e-02
1.404593384423857838e-02
1.928898427886222705e-02
2.605794878368508996e-02
3.479825093188260859e-02
4.521910365928388104e-02
5.758793014047292047e-02
6.872094221709978967e-02
7.046601420961323692e-02
6.350428632414968633e-02
5.807133810746036712e-02
6.185840042502092906e-02
6.366852900860889286e-02
5.287696580510135858e-02
3.721370814449456721e-02
2.607991572132421776e-02
1.808238460029106681e-02
1.319448403750738026e-02
9.836176210941868434e-03
7.789676331124963105e-03
6.818744291064041639e-03
6.578936100715420017e-03
1.005788637466664345e-02
1.041879397327001751e-02
1.151383638577497572e-02
1.342853001016578590e-02
1.623556642529322760e-02
2.007450478560767956e-02
2.514897845582461655e-02
3.150115594823857390e-02
3.924287881444443044e-02
4.721572928120155999e-02
5.419308924266291044e-02
5.639157535981779296e-02
5.669379766585579822e-02
5.644005319363953194e-02
5.413563546405612131e-02
4.727840767276759310e-02
3.924877431959199192e-02
3.140083526860602825e-02
2.490571532671819605e-02
1.990498556130347943e-02
1.618111922972747391e-02
1.346209581560414356e-02
1.149578714441705334e-02
1.041290466248900176e-02
1.041879397327000537e-02
9.440078350384600858e-03
9.243978558955239649e-03
9.820778244729015324e-03
1.128130542404590098e-02
1.353443709102352017e-02
1.673184666834383674e-02
2.164850842760869531e-02
2.884576702500642187e-02
3.734152230113509108e-02
4.645489387353862049e-02
5.280076385164914760e-02
5.627846187700426273e-02
5.932427583475591293e-02
6.072415356904813794e-02
5.754110754218698387e-02
5.134941740023650503e-02
4.455375797012217642e-02
3.730981315427359807e-02
3.031625308775978689e-02
2.456074874909785349e-02
1.926368031326125552e-02
1.496022718348370521e-02
1.223899961788569961e-02
1.151383638577497225e-02
9.243978558955241384e-03
8.049388725741284112e-03
7.708554711612888681e-03
8.066165652072510711e-03
9.318819459212148229e-03
1.167015183317128731e-02
1.498939760073243928e-02
2.054527512719467319e-02
2.805576059556512750e-02
3.698114451220329418e-02
4.647378414168182315e-02
5.413563546405612131e-02
6.070596559019642013e-02
6.573354734097838770e-02
6.775261361312168162e-02
6.631940516985075640e-02
6.152405714710335732e-02
5.477723150392724977e-02
4.680504546278221184e-02
3.709016655519691702e-02
2.809744958523431591e-02
2.058981317338075961e-02
1.496211007663012481e-02
1.342853001016578590e-02
9.820778244729023998e-03
7.708554711612886946e-03
6.888261173238050331e-03
6.578016396326082961e-03
6.880701975444326358e-03
8.172562012082875901e-03
1.062083912648558934e-02
1.435625954277771135e-02
2.047066751823411676e-02
2.801333288449514916e-02
3.721370814449457415e-02
4.727840767276762779e-02
5.732782964869195114e-02
6.775261361312166775e-02
7.498087955543497607e-02
7.486987910071148111e-02
7.054629917575003240e-02
6.616199564360294993e-02
6.414501968133488885e-02
5.753272156658744557e-02
4.121007160069372482e-02
2.817451743833673111e-02
1.928898427886221664e-02
1.623556642529323454e-02
1.128130542404589751e-02
8.066165652072512446e-03
6.578016396326084696e-03
5.887411747187177094e-03
5.791993330312541696e-03
6.196237381256642848e-03
7.602442180851679172e-03
1.016651491103050427e-02
1.438325104896937164e-02
2.059293566634071496e-02
2.879719391084261879e-02
3.924877431959199192e-02
5.115457849216147740e-02
6.631940516985075640e-02
7.486987910071141172e-02
7.093250438066926733e-02
5.056163855976440746e-02
3.919452330602791329e-02
4.914241297430118477e-02
6.528956787588800770e-02
5.735449342477967616e-02
3.720874232842726753e-02
2.457140205947228387e-02
2.007450478560767609e-02
1.353443709102352885e-02
9.318819459212151698e-03
6.880701975444332430e-03
5.791993330312540829e-03
5.400836981631829646e-03
5.365376562292879618e-03
5.972717888890234639e-03
7.548496927146124656e-03
1.051793989923446859e-02
1.499339334075566223e-02
2.158139980333812630e-02
3.140083526860603519e-02
4.439420802828929202e-02
6.152405714710337120e-02
7.054629917575008791e-02
5.056163855976435889e-02
3.256820464798267784e-02
3.971681482006227115e-02
3.352461066065908629e-02
4.989837926493543435e-02
6.378458166173048283e-02
4.702268849451272936e-02
3.023598322914576239e-02
2.514897845582460961e-02
1.673184666834383674e-02
1.167015183317128904e-02
8.172562012082886310e-03
6.196237381256641981e-03
5.365376562292870077e-03
5.040872858946894575e-03
5.389678619020630938e-03
6.215868316539668002e-03
8.097703359078859894e-03
1.156547781331508998e-02
1.671219356338276424e-02
2.490571532671819951e-02
3.718532273222505818e-02
5.477723150392726364e-02
6.616199564360286667e-02
3.919452330602788553e-02
3.971681482006227115e-02
9.867632375215228124e-03
3.937610550728461861e-02
3.970203298833426681e-02
6.591770170452734834e-02
5.492262766813863634e-02
3.709107042854187242e-02
3.150115594823858778e-02
2.164850842760869531e-02
1.498939760073243928e-02
1.062083912648558934e-02
7.602442180851679172e-03
5.972717888890240710e-03
5.389678619020628336e-03
5.420750672569849861e-03
5.806898713170948953e-03
6.867566547244902467e-03
9.244769645566140379e-03
1.352246188786795575e-02
1.990498556130350025e-02
3.023054010243746495e-02
4.680504546278222572e-02
6.414501968133490273e-02
4.914241297430115701e-02
3.352461066065902384e-02
3.937610550728463943e-02
3.388183249491347193e-02
5.015869744669377434e-02
7.055149419422752921e-02
6.155510709755202675e-02
4.430649230590436027e-02
3.924287881444440962e-02
2.884576702500641493e-02
2.054527512719468013e-02
1.435625954277771135e-02
1.016651491103051815e-02
7.548496927146128993e-03
6.215868316539668002e-03
5.806898713170952422e-03
5.882198039726616035e-03
6.564266078088697859e-03
8.012293788234712069e-03
1.126380994832403871e-02
1.618111922972745309e-02
2.455526134133240515e-02
3.709016655519693784e-02
5.753272156658742476e-02
6.528956787588806321e-02
4.989837926493554537e-02
3.970203298833435007e-02
5.015869744669388536e-02
7.048125943857734554e-02
7.459840182285143451e-02
6.630739124059675804e-02
5.114435122772243575e-02
4.721572928120154611e-02
3.734152230113508414e-02
2.805576059556512403e-02
2.047066751823408554e-02
1.438325104896938204e-02
1.051793989923446165e-02
8.097703359078859894e-03
6.867566547244902467e-03
6.564266078088693522e-03
6.871415026420535539e-03
7.656288688349847417e-03
9.780629384610838722e-03
1.346209581560413836e-02
1.930484443820111237e-02
2.809744958523431937e-02
4.121007160069366237e-02
5.735449342477969004e-02
6.378458166173044119e-02
6.591770170452729283e-02
7.055149419422757084e-02
7.459840182285140675e-02
7.421177561272927770e-02
6.776405663708393035e-02
5.741850850253482630e-02
5.419308924266288269e-02
4.645489387353862049e-02
3.698114451220327337e-02
2.801333288449512834e-02
2.059293566634071496e-02
1.499339334075564835e-02
1.156547781331508824e-02
9.244769645566131705e-03
8.012293788234706865e-03
7.656288688349846550e-03
7.981845648051391628e-03
9.191918524912219904e-03
1.154716020944517724e-02
1.499369160286092260e-02
2.059212390301790041e-02
2.810522612884640281e-02
3.709180767628189601e-02
4.669376107064752979e-02
5.434346519824475447e-02
6.089168277163459903e-02
6.576095709563976877e-02
6.752295594054763539e-02
6.576102500429167885e-02
6.086932911560340859e-02
5.639157535981774438e-02
5.280076385164913372e-02
4.647378414168183702e-02
3.721370814449457415e-02
2.879719391084263266e-02
2.158139980333810201e-02
1.671219356338274689e-02
1.352246188786795575e-02
1.126380994832403871e-02
9.780629384610843927e-03
9.191918524912225108e-03
9.393454127922251651e-03
1.041290466248900523e-02
1.226584917779114867e-02
1.496211007663013695e-02
1.928898427886224093e-02
2.457140205947232550e-02
3.023598322914580055e-02
3.709107042854192793e-02
4.430649230590443660e-02
5.114435122772247044e-02
5.741850850253483324e-02
6.070512204447240517e-02
5.939147980027001394e-02
5.669379766585577046e-02
5.627846187700426273e-02
5.413563546405615601e-02
4.727840767276764861e-02
3.924877431959199192e-02
3.140083526860604213e-02
2.490571532671821339e-02
1.990498556130350025e-02
1.618111922972746350e-02
1.346209581560414356e-02
1.154716020944518244e-02
1.041290466248901044e-02
1.005788637466665907e-02
1.043366734171727490e-02
1.151383638577498439e-02
1.342853001016580672e-02
1.623556642529324148e-02
2.007450478560768650e-02
2.514897845582463043e-02
3.150115594823858778e-02
3.924287881444443044e-02
4.721572928120157386e-02
5.397277710745290724e-02
5.639157535981781377e-02
5.644005319363953194e-02
5.932427583475589905e-02
6.070596559019644095e-02
5.732782964869193726e-02
5.115457849216149822e-02
4.439420802828927121e-02
3.718532273222508594e-02
3.023054010243747536e-02
2.455526134133240515e-02
1.930484443820111237e-02
1.499369160286092260e-02
1.226584917779114520e-02
1.043366734171727317e-02
9.394966552243359803e-03
9.185733933342566174e-03
9.738934681706185731e-03
1.120288279169316843e-02
1.348312092408336486e-02
1.670865144762567756e-02
2.161285493696155774e-02
2.881909299838179839e-02
3.736236610875953712e-02
4.647523412470742910e-02
5.296929786433838411e-02
5.413563546405612131e-02
6.072415356904812406e-02
6.573354734097838770e-02
6.775261361312170938e-02
6.631940516985075640e-02
6.152405714710337120e-02
5.477723150392726364e-02
4.680504546278223960e-02
3.709016655519692396e-02
2.809744958523431244e-02
2.059212390301791082e-02
1.496211007663014736e-02
1.151383638577497918e-02
9.185733933342569643e-03
8.049388725741282377e-03
7.708554711612890416e-03
8.066165652072515915e-03
9.318819459212143025e-03
1.167015183317127690e-02
1.498939760073243928e-02
2.054527512719465585e-02
2.805576059556512750e-02
3.688678568282639098e-02
4.647378414168184396e-02
4.727840767276762085e-02
5.754110754218700469e-02
6.775261361312168162e-02
7.498087955543497607e-02
7.486987910071143948e-02
7.054629917575007403e-02
6.616199564360286667e-02
6.414501968133490273e-02
5.753272156658743169e-02
4.121007160069367625e-02
2.810522612884640281e-02
1.928898427886224093e-02
1.342853001016580325e-02
9.738934681706187466e-03
7.708554711612884344e-03
6.888261173238045994e-03
6.578016396326082961e-03
6.880701975444321154e-03
8.172562012082879371e-03
1.062083912648558934e-02
1.435625954277769574e-02
2.047066751823410635e-02
2.793960858685295978e-02
3.721370814449458803e-02
3.924877431959198498e-02
5.134941740023649115e-02
6.631940516985074252e-02
7.486987910071143948e-02
7.093250438066926733e-02
5.056163855976438665e-02
3.919452330602780921e-02
4.914241297430114314e-02
6.528956787588803545e-02
5.735449342477967616e-02
3.709180767628191683e-02
2.457140205947231162e-02
1.623556642529323801e-02
1.120288279169317537e-02
8.066165652072514181e-03
6.578016396326078624e-03
5.887411747187175359e-03
5.791993330312537359e-03
6.196237381256647185e-03
7.602442180851686979e-03
1.016651491103049906e-02
1.438325104896936123e-02
2.054327273243235219e-02
2.879719391084264307e-02
3.140083526860602825e-02
4.455375797012214867e-02
6.152405714710337120e-02
7.054629917575003240e-02
5.056163855976440052e-02
3.256820464798265702e-02
3.971681482006227115e-02
3.352461066065904466e-02
4.989837926493551068e-02
6.378458166173037180e-02
4.669376107064748815e-02
3.023598322914577627e-02
2.007450478560767956e-02
1.348312092408335966e-02
9.318819459212143025e-03
6.880701975444323756e-03
5.791993330312536492e-03
5.400836981631826177e-03
5.365376562292876149e-03
5.972717888890231169e-03
7.548496927146124656e-03
1.051793989923447033e-02
1.500403783364425564e-02
2.158139980333812283e-02
2.490571532671818911e-02
3.730981315427361195e-02
5.477723150392726364e-02
6.616199564360290830e-02
3.919452330602789941e-02
3.971681482006227115e-02
9.867632375215224655e-03
3.937610550728460473e-02
3.970203298833435007e-02
6.591770170452733446e-02
5.434346519824471283e-02
3.709107042854192793e-02
2.514897845582463043e-02
1.670865144762568796e-02
1.167015183317128904e-02
8.172562012082877636e-03
6.196237381256638511e-03
5.365376562292867475e-03
5.040872858946893707e-03
5.389678619020629204e-03
6.215868316539662798e-03
8.097703359078859894e-03
1.169477223809890776e-02
1.671219356338276424e-02
1.990498556130347943e-02
3.031625308775977301e-02
4.680504546278221184e-02
6.414501968133493048e-02
4.914241297430119865e-02
3.352461066065905854e-02
3.937610550728463943e-02
3.388183249491347193e-02
5.015869744669393393e-02
7.055149419422757084e-02
6.089168277163457127e-02
4.430649230590441578e-02
3.150115594823858084e-02
2.161285493696155427e-02
1.498939760073245316e-02
1.062083912648558760e-02
7.602442180851686111e-03
5.972717888890244180e-03
5.389678619020628336e-03
5.420750672569852463e-03
5.806898713170944616e-03
6.867566547244899865e-03
9.372383629035309707e-03
1.352246188786796616e-02
1.618111922972746350e-02
2.456074874909782921e-02
3.709016655519692396e-02
5.753272156658742476e-02
6.528956787588802158e-02
4.989837926493548292e-02
3.970203298833428068e-02
5.015869744669380903e-02
7.048125943857738718e-02
7.459840182285140675e-02
6.576095709563971325e-02
5.114435122772245657e-02
3.924287881444443044e-02
2.881909299838177757e-02
2.054527512719467319e-02
1.435625954277769921e-02
1.016651491103050080e-02
7.548496927146120319e-03
6.215868316539656727e-03
5.806898713170948953e-03
5.882198039726610830e-03
6.564266078088694389e-03
8.094175112245197840e-03
1.126380994832405086e-02
1.346209581560413489e-02
1.926368031326125205e-02
2.809744958523430203e-02
4.121007160069366237e-02
5.735449342477970391e-02
6.378458166173039956e-02
6.591770170452740385e-02
7.055149419422766799e-02
7.459840182285143451e-02
7.421177561272919443e-02
6.752295594054762151e-02
5.741850850253482630e-02
4.721572928120153917e-02
3.736236610875953712e-02
2.805576059556511709e-02
2.047066751823409247e-02
1.438325104896937164e-02
1.051793989923445818e-02
8.097703359078859894e-03
6.867566547244902467e-03
6.564266078088700461e-03
6.871415026420536407e-03
7.703885160429330137e-03
9.780629384610849131e-03
1.149578714441706027e-02
1.496022718348370521e-02
2.058981317338075614e-02
2.817451743833673111e-02
3.720874232842728141e-02
4.702268849451275018e-02
5.492262766813867103e-02
6.155510709755206145e-02
6.630739124059678580e-02
6.776405663708391647e-02
6.576102500429169273e-02
6.070512204447238436e-02
5.397277710745289336e-02
4.647523412470739440e-02
3.688678568282637710e-02
2.793960858685295978e-02
2.054327273243234525e-02
1.500403783364425217e-02
1.169477223809890082e-02
9.372383629035301034e-03
8.094175112245197840e-03
7.703885160429331871e-03
8.049456434250080311e-03
9.185078861165709221e-03
1.041290466248899656e-02
1.223899961788569614e-02
1.496211007663013348e-02
1.928898427886220970e-02
2.457140205947230122e-02
3.023598322914576933e-02
3.709107042854191405e-02
4.430649230590438803e-02
5.114435122772248432e-02
5.741850850253481242e-02
6.086932911560344328e-02
5.939147980027000007e-02
5.639157535981780683e-02
5.296929786433842574e-02
4.647378414168185784e-02
3.721370814449458803e-02
2.879719391084263960e-02
2.158139980333814018e-02
1.671219356338276424e-02
1.352246188786795575e-02
1.126380994832404045e-02
9.780629384610857804e-03
9.185078861165709221e-03
9.393454127922251651e-03
1.565573480460803746e-02
1.592682199395758710e-02
1.670528459551368083e-02
1.806910704336754658e-02
2.007450478560767956e-02
2.238626207698089440e-02
2.501205236661995651e-02
2.811632146523248069e-02
3.152954791202912388e-02
3.485855909320915297e-02
3.718508959397941183e-02
3.886135200636193360e-02
3.958552014820542614e-02
3.875887560489395950e-02
3.704816293284331902e-02
3.475882666370044838e-02
3.140083526860604213e-02
2.784652062581670015e-02
2.462561277738942872e-02
2.206791580543129502e-02
1.992007889243197979e-02
1.803509295568702514e-02
1.670807209258354242e-02
1.592377473503508306e-02
1.592682199395759751e-02
1.443673904325318627e-02
1.353706107859295807e-02
1.319556718722275125e-02
1.353443709102351671e-02
1.444072650545509887e-02
1.595120988227101411e-02
1.823634927057947441e-02
2.160919052174465824e-02
2.606779337281349765e-02
3.023107041145459487e-02
3.437307495593656254e-02
3.880956882644553269e-02
4.219207315277434533e-02
4.425583671120520562e-02
4.519866096075571965e-02
4.455375797012217642e-02
4.255119147314730815e-02
3.915400302483104666e-02
3.458800087704996112e-02
3.029079156257744390e-02
2.607514184105395177e-02
2.161316981622341676e-02
1.820678242972024324e-02
1.670528459551368083e-02
1.353706107859296154e-02
1.132805466667294314e-02
9.882343965832894594e-03
9.318819459212148229e-03
9.541839984157975477e-03
1.056917561571731404e-02
1.235235911030505007e-02
1.497177373740947101e-02
1.926183173092455014e-02
2.455526178035121951e-02
3.019748470787643121e-02
3.704816293284329126e-02
4.434841581372100244e-02
5.110532409420909250e-02
5.766054146399281904e-02
6.152405714710338508e-02
6.002711712039365127e-02
5.696432519160466584e-02
5.342446830802505958e-02
4.682530065877481967e-02
3.726574687426739696e-02
2.882396180226047891e-02
2.157576561113017100e-02
1.806910704336752924e-02
1.319556718722275472e-02
9.882343965832889390e-03
7.842505682440581091e-03
6.880701975444328961e-03
6.635448409869881478e-03
7.043789645569770337e-03
8.319693322168633318e-03
1.055409433587940413e-02
1.407779735508664885e-02
1.930494377377135404e-02
2.607991572132423511e-02
3.475882666370047613e-02
4.521569093501946746e-02
5.766054146399285374e-02
6.916112303539873052e-02
7.054629917575003240e-02
6.324663335497190952e-02
5.716276958420601212e-02
6.169868202079369784e-02
6.388007291261085796e-02
5.325210636604854608e-02
3.741137092363795019e-02
2.605794878368507261e-02
2.007450478560768650e-02
1.353443709102352538e-02
9.318819459212155168e-03
6.880701975444328961e-03
5.791993330312539094e-03
5.400836981631828779e-03
5.365376562292870077e-03
5.972717888890237241e-03
7.548496927146128993e-03
1.051793989923446512e-02
1.499339334075567610e-02
2.158139980333813324e-02
3.140083526860603519e-02
4.439420802828927121e-02
6.152405714710341283e-02
7.054629917575003240e-02
5.056163855976440746e-02
3.256820464798269865e-02
3.971681482006230585e-02
3.352461066065909323e-02
4.989837926493543435e-02
6.378458166173045507e-02
4.702268849451272936e-02
3.023598322914576586e-02
2.238626207698089440e-02
1.444072650545509887e-02
9.541839984157980681e-03
6.635448409869881478e-03
5.400836981631828779e-03
5.050717823583138893e-03
4.907241459202042397e-03
5.163597957454376004e-03
5.966862163806041508e-03
8.221876252684950578e-03
1.226593098220284291e-02
1.818072453758623475e-02
2.784652062581669321e-02
4.225399437479505915e-02
6.002711712039369291e-02
6.324663335497188177e-02
3.256820464798262926e-02
9.999999999999999547e-07
9.999999999999999547e-07
9.999999999999999547e-07
3.329384055104619988e-02
6.185950873915466858e-02
5.359312882432298170e-02
3.431831345290132368e-02
2.501205236661996692e-02
1.595120988227101411e-02
1.056917561571732792e-02
7.043789645569779878e-03
5.365376562292867475e-03
4.907241459202042397e-03
4.756615605338053616e-03
4.924593308568624324e-03
5.390683128342821893e-03
6.994601852516078161e-03
1.043372313829690930e-02
1.592685986325399414e-02
2.462561277738943913e-02
3.886025571897528536e-02
5.696432519160465197e-02
5.716276958420592885e-02
3.971681482006228503e-02
9.999999999999999547e-07
9.999999999999999547e-07
9.999999999999999547e-07
3.938700929098362669e-02
5.798453936231177941e-02
5.702063071445232639e-02
3.875966464470918110e-02
2.811632146523245987e-02
1.823634927057947094e-02
1.235235911030505354e-02
8.319693322168645461e-03
5.972717888890234639e-03
5.163597957454373402e-03
4.924593308568627793e-03
5.063143479598860609e-03
5.410411071824414858e-03
6.598028564925055225e-03
9.415377224197059303e-03
1.442184459410294183e-02
2.206791580543129502e-02
3.437307754767470608e-02
5.342446830802504570e-02
6.169868202079363539e-02
3.352461066065903772e-02
9.999999999999999547e-07
9.999999999999999547e-07
9.999999999999999547e-07
3.363062010049785999e-02
6.348277797330004191e-02
5.995728800492495375e-02
4.219138944786806483e-02
3.152954791202911000e-02
2.160919052174465130e-02
1.497177373740946407e-02
1.055409433587940586e-02
7.548496927146122054e-03
5.966862163806043243e-03
5.390683128342821893e-03
5.410411071824421797e-03
5.775915321514699802e-03
6.818713034465487439e-03
9.184489637066630893e-03
1.349599479113240685e-02
1.992007889243197979e-02
3.019798598178626350e-02
4.682530065877482661e-02
6.388007291261084408e-02
4.989837926493553844e-02
3.329384055104625539e-02
3.938700929098358505e-02
3.363062010049794326e-02
5.101411178481377040e-02
7.059146777695599062e-02
6.136665288194398382e-02
4.434730878812092464e-02
3.485855909320916685e-02
2.606779337281347683e-02
1.926183173092453974e-02
1.407779735508665232e-02
1.051793989923447206e-02
8.221876252684950578e-03
6.994601852516082498e-03
6.598028564925061297e-03
6.818713034465491776e-03
7.739872550087966568e-03
9.738891963969976279e-03
1.314002384055697019e-02
1.803509295568702514e-02
2.607996074498288713e-02
3.726574687426736920e-02
5.325210636604851833e-02
6.378458166173044119e-02
6.185950873915461307e-02
5.798453936231179329e-02
6.348277797329998640e-02
7.059146777695596287e-02
6.830548429197426386e-02
5.758853086753885908e-02
4.521442725152531594e-02
3.718508959397939101e-02
3.023107041145459487e-02
2.455526178035121604e-02
1.930494377377136792e-02
1.499339334075567957e-02
1.226593098220284984e-02
1.043372313829691103e-02
9.415377224197059303e-03
9.184489637066623954e-03
9.738891963969976279e-03
1.120249536371124843e-02
1.348296666789308880e-02
1.670876698588567161e-02
2.158129487798462337e-02
2.881908785241660623e-02
3.736182668176452754e-02
4.669376107064755060e-02
5.296920102307393907e-02
5.644171874227339042e-02
5.932386088216282799e-02
6.070520471906398069e-02
5.732597525201520855e-02
5.114460905118350942e-02
4.439222131733105980e-02
3.886135200636191972e-02
3.437307495593658335e-02
3.019748470787643468e-02
2.607991572132424551e-02
2.158139980333812630e-02
1.818072453758624168e-02
1.592685986325398720e-02
1.442184459410294529e-02
1.349599479113241379e-02
1.314002384055697019e-02
1.348296666789308360e-02
1.440055111866679442e-02
1.592377473503509000e-02
1.818085540796074775e-02
2.157576561113018834e-02
2.605794878368508649e-02
3.023598322914582484e-02
3.431831345290139307e-02
3.875966464470920192e-02
4.219138944786813422e-02
4.434730878812098709e-02
4.521442725152538533e-02
4.434642628373840906e-02
4.225309558578828339e-02
3.958552014820547471e-02
3.880956882644551881e-02
3.704816293284329126e-02
3.475882666370049001e-02
3.140083526860604213e-02
2.784652062581670015e-02
2.462561277738942872e-02
2.206791580543131237e-02
1.992007889243200061e-02
1.803509295568701473e-02
1.670876698588568895e-02
1.592377473503509694e-02
1.565573480460806174e-02
1.592699058224549338e-02
1.670528459551368083e-02
1.806910704336754658e-02
2.007450478560767956e-02
2.238626207698089440e-02
2.501205236661998080e-02
2.811632146523247722e-02
3.152954791202913776e-02
3.485855909320918072e-02
3.714041703044868720e-02
3.886135200636190584e-02
3.875887560489399419e-02
4.219207315277434533e-02
4.434841581372098857e-02
4.521569093501948133e-02
4.439420802828929202e-02
4.225399437479505915e-02
3.886025571897532005e-02
3.437307754767471996e-02
3.019798598178628779e-02
2.607996074498289754e-02
2.158129487798461296e-02
1.818085540796075469e-02
1.592699058224549338e-02
1.440030998797908572e-02
1.349653674777846236e-02
1.313982743245495008e-02
1.348312092408335966e-02
1.440030998797908572e-02
1.592406056982219667e-02
1.820678612673858748e-02
2.157537599354050067e-02
2.605910257744892614e-02
3.019798598178630514e-02
3.431877477329382808e-02
3.704816293284329126e-02
4.425583671120520562e-02
5.110532409420905781e-02
5.766054146399287456e-02
6.152405714710341283e-02
6.002711712039372066e-02
5.696432519160465197e-02
5.342446830802501101e-02
4.682530065877486131e-02
3.726574687426741778e-02
2.881908785241663051e-02
2.157576561113019528e-02
1.670528459551368430e-02
1.349653674777846757e-02
1.132805466667293447e-02
9.882343965832889390e-03
9.318819459212146494e-03
9.541839984157968538e-03
1.056917561571731404e-02
1.235235911030505007e-02
1.497177373740944846e-02
1.926183173092454667e-02
2.453049170343130081e-02
3.019748470787643468e-02
3.475882666370044838e-02
4.519866096075571965e-02
5.766054146399287456e-02
6.916112303539875827e-02
7.054629917575000464e-02
6.324663335497195116e-02
5.716276958420589416e-02
6.169868202079361458e-02
6.388007291261091347e-02
5.325210636604857384e-02
3.736182668176455529e-02
2.605794878368507608e-02
1.806910704336754658e-02
1.313982743245495008e-02
9.882343965832887656e-03
7.842505682440570683e-03
6.880701975444322022e-03
6.635448409869881478e-03
7.043789645569766868e-03
8.319693322168636787e-03
1.055409433587938504e-02
1.407779735508663324e-02
1.928406790574093560e-02
2.607991572132424551e-02
3.140083526860601437e-02
4.455375797012217642e-02
6.152405714710338508e-02
7.054629917575000464e-02
5.056163855976440052e-02
3.256820464798264314e-02
3.971681482006228503e-02
3.352461066065905854e-02
4.989837926493551068e-02
6.378458166173044119e-02
4.669376107064750203e-02
3.023598322914577974e-02
2.007450478560767609e-02
1.348312092408335966e-02
9.318819459212155168e-03
6.880701975444326358e-03
5.791993330312536492e-03
5.400836981631825309e-03
5.365376562292874414e-03
5.972717888890237241e-03
7.548496927146118585e-03
1.051793989923446686e-02
1.500403783364424697e-02
2.158139980333814018e-02
2.784652062581667586e-02
4.255119147314729428e-02
6.002711712039372066e-02
6.324663335497193728e-02
3.256820464798266396e-02
9.999999999999999547e-07
9.999999999999999547e-07
9.999999999999999547e-07
3.329384055104629009e-02
6.185950873915471021e-02
5.296920102307388356e-02
3.431831345290137225e-02
2.238626207698089440e-02
1.440030998797908572e-02
9.541839984157977211e-03
6.635448409869876274e-03
5.400836981631825309e-03
5.050717823583135424e-03
4.907241459202045866e-03
5.163597957454373402e-03
5.966862163806034569e-03
8.221876252684947109e-03
1.238391963945215980e-02
1.818072453758626250e-02
2.462561277738942525e-02
3.915400302483104666e-02
5.696432519160461727e-02
5.716276958420601212e-02
3.971681482006229197e-02
9.999999999999999547e-07
9.999999999999999547e-07
9.999999999999999547e-07
3.938700929098360587e-02
5.798453936231177941e-02
5.644171874227335572e-02
3.875966464470920192e-02
2.501205236661998080e-02
1.592406056982221402e-02
1.056917561571731577e-02
7.043789645569770337e-03
5.365376562292871812e-03
4.907241459202045866e-03
4.756615605338060555e-03
4.924593308568626059e-03
5.390683128342821893e-03
6.994601852516082498e-03
1.059460811921605558e-02
1.592685986325400802e-02
2.206791580543128115e-02
3.458800087704991255e-02
5.342446830802500407e-02
6.169868202079366315e-02
3.352461066065907935e-02
9.999999999999999547e-07
9.999999999999999547e-07
9.999999999999999547e-07
3.363062010049791550e-02
6.348277797330002803e-02
5.932386088216279330e-02
4.219138944786809953e-02
2.811632146523245987e-02
1.820678612673858401e-02
1.235235911030504487e-02
8.319693322168647195e-03
5.972717888890237241e-03
5.163597957454372535e-03
4.924593308568630395e-03
5.063143479598865813e-03
5.410411071824421797e-03
6.598028564925065634e-03
9.562990323954145139e-03
1.442184459410294529e-02
1.992007889243197979e-02
3.029079156257741268e-02
4.682530065877480580e-02
6.388007291261087184e-02
4.989837926493548986e-02
3.329384055104624845e-02
3.938700929098360587e-02
3.363062010049790163e-02
5.101411178481384673e-02
7.059146777695593511e-02
6.070520471906399457e-02
4.434730878812097321e-02
3.152954791202911000e-02
2.157537599354048680e-02
1.497177373740944846e-02
1.055409433587938504e-02
7.548496927146122054e-03
5.966862163806041508e-03
5.390683128342821893e-03
5.410411071824421797e-03
5.775915321514697200e-03
6.818713034465483103e-03
9.308704412072999965e-03
1.349599479113240685e-02
1.803509295568701473e-02
2.607514184105390667e-02
3.726574687426736920e-02
5.325210636604854608e-02
6.378458166173039956e-02
6.185950873915472409e-02
5.798453936231177247e-02
6.348277797330004191e-02
7.059146777695599062e-02
6.830548429197422222e-02
5.732597525201513916e-02
4.521442725152536452e-02
3.485855909320915297e-02
2.605910257744889838e-02
1.926183173092453974e-02
1.407779735508663671e-02
1.051793989923446512e-02
8.221876252684945374e-03
6.994601852516082498e-03
6.598028564925059562e-03
6.818713034465488307e-03
7.739872550087974375e-03
9.836164185498786142e-03
1.314002384055697539e-02
1.670807209258354242e-02
2.161316981622339248e-02
2.882396180226047891e-02
3.741137092363795713e-02
4.702268849451271548e-02
5.359312882432298170e-02
5.702063071445233333e-02
5.995728800492500926e-02
6.136665288194398382e-02
5.758853086753889378e-02
5.114460905118349554e-02
4.434642628373838130e-02
3.714041703044868720e-02
3.019798598178632595e-02
2.453049170343129040e-02
1.928406790574094254e-02
1.500403783364424350e-02
1.238391963945215980e-02
1.059460811921605385e-02
9.562990323954136465e-03
9.308704412073005169e-03
9.836164185498793081e-03
1.132767672430487829e-02
1.349638228151943745e-02
1.592377473503508306e-02
1.820678242972023977e-02
2.157576561113017793e-02
2.605794878368505180e-02
3.023598322914577627e-02
3.431831345290134450e-02
3.875966464470919498e-02
4.219138944786813422e-02
4.434730878812095239e-02
4.521442725152535064e-02
4.439222131733105287e-02
4.225309558578828339e-02
3.886135200636191972e-02
3.431877477329382808e-02
3.019748470787643468e-02
2.607991572132423511e-02
2.158139980333814018e-02
1.818072453758625903e-02
1.592685986325400455e-02
1.442184459410295744e-02
1.349599479113242420e-02
1.314002384055698060e-02
1.349638228151943224e-02
1.440055111866678575e-02
2.446882708954730215e-02
2.463343315503929362e-02
2.491206204970698723e-02
2.506230824322020628e-02
2.514897845582461655e-02
2.501205236661998080e-02
2.483065428657785928e-02
2.494983788479801512e-02
2.511455064912816379e-02
2.512464516969328127e-02
2.510297422587126626e-02
2.494027070738599750e-02
2.480244909252415572e-02
2.501210940595176291e-02
2.516046572228854486e-02
2.507515954581014325e-02
2.490571532671818911e-02
2.462561277738943913e-02
2.444068159283801708e-02
2.466973596362149329e-02
2.495798764017380031e-02
2.501284916651099269e-02
2.495806598489781758e-02
2.469741556615671907e-02
2.463343315503928321e-02
2.203885658449014281e-02
1.990611266677584298e-02
1.804698923029513305e-02
1.673184666834384715e-02
1.595120988227100717e-02
1.568443889334841454e-02
1.595471309219411576e-02
1.672852097570375063e-02
1.808027183934554638e-02
2.006292262501441215e-02
2.234955190085911175e-02
2.498618009731399733e-02
2.811680099079396505e-02
3.151531501699906396e-02
3.481504911688402398e-02
3.730981315427363276e-02
3.915400302483106054e-02
3.993172251022408803e-02
3.910288645308671734e-02
3.717479062929684996e-02
3.472207199747774642e-02
3.138191356334996129e-02
2.787844256586734584e-02
2.491206204970698723e-02
1.990611266677584298e-02
1.619001283341601344e-02
1.351545462583715954e-02
1.167015183317128904e-02
1.056917561571731404e-02
1.021669406309310031e-02
1.057744829141776637e-02
1.164029598507394618e-02
1.348487183163149875e-02
1.624776183906724222e-02
2.008417363844927639e-02
2.516046572228854486e-02
3.153086009910802123e-02
3.922128190017209332e-02
4.733428897658385759e-02
5.477723150392728446e-02
5.696432519160465197e-02
5.712955971642982161e-02
5.684837157012750247e-02
5.472323441297308189e-02
4.739708588085171648e-02
3.921280472818833296e-02
3.139848640042101902e-02
2.506230824322019241e-02
1.804698923029513652e-02
1.351545462583715954e-02
1.037341435474518382e-02
8.172562012082881105e-03
7.043789645569770337e-03
6.721491449637797058e-03
7.062113824434963077e-03
8.147691045007768654e-03
1.028130919883067131e-02
1.347477804843846480e-02
1.808238460029106334e-02
2.507515954581013631e-02
3.486000558934737592e-02
4.733428897658381596e-02
6.193301077911207708e-02
6.616199564360290830e-02
5.716276958420592885e-02
4.956502996860622651e-02
5.682185566267530102e-02
6.598056782838916667e-02
6.152593172136337080e-02
4.751306395611961525e-02
3.479825093188262247e-02
2.514897845582461655e-02
1.673184666834383674e-02
1.167015183317128904e-02
8.172562012082889779e-03
6.196237381256641981e-03
5.365376562292871812e-03
5.040872858946902381e-03
5.389678619020628336e-03
6.215868316539673206e-03
8.097703359078849486e-03
1.156547781331509345e-02
1.671219356338275383e-02
2.490571532671820992e-02
3.718532273222504431e-02
5.477723150392726364e-02
6.616199564360292218e-02
3.919452330602783696e-02
3.971681482006229197e-02
9.867632375215242002e-03
3.937610550728461861e-02
3.970203298833426681e-02
6.591770170452740385e-02
5.492262766813867103e-02
3.709107042854188629e-02
2.501205236661995651e-02
1.595120988227101758e-02
1.056917561571732271e-02
7.043789645569773807e-03
5.365376562292867475e-03
4.907241459202039795e-03
4.756615605338055351e-03
4.924593308568624324e-03
5.390683128342816689e-03
6.994601852516078161e-03
1.043372313829691797e-02
1.592685986325397679e-02
2.462561277738942872e-02
3.886025571897526454e-02
5.696432519160463809e-02
5.716276958420596355e-02
3.971681482006227115e-02
9.999999999999999547e-07
9.999999999999999547e-07
9.999999999999999547e-07
3.938700929098360587e-02
5.798453936231177247e-02
5.702063071445233333e-02
3.875966464470915335e-02
2.483065428657786622e-02
1.568443889334841107e-02
1.021669406309311245e-02
6.721491449637791854e-03
5.040872858946897177e-03
4.756615605338053616e-03
4.788172742393232220e-03
4.760662123540235040e-03
5.037559632293335359e-03
6.652152950952087626e-03
1.005779546533739667e-02
1.566119394787744354e-02
2.444068159283798933e-02
3.958553352410559834e-02
5.712955971642982161e-02
4.956502996860618487e-02
9.867632375215302717e-03
9.999999999999999547e-07
9.999999999999999547e-07
9.999999999999999547e-07
9.923203524161506098e-03
5.030121496620548749e-02
5.715715460604649245e-02
3.955783488537870790e-02
2.494983788479800471e-02
1.595471309219411576e-02
1.057744829141776984e-02
7.062113824434964812e-03
5.389678619020623999e-03
4.924593308568610446e-03
4.760662123540233305e-03
4.905764432733405490e-03
5.347894287764177676e-03
6.945635259751062156e-03
1.039496784456164780e-02
1.592996153985072952e-02
2.466973596362147594e-02
3.881073225458669951e-02
5.684837157012750247e-02
5.682185566267528715e-02
3.937610550728459780e-02
9.999999999999999547e-07
9.999999999999999547e-07
9.999999999999999547e-07
3.910045058885659036e-02
5.778624969997604721e-02
5.681926912329975793e-02
3.887726457555844978e-02
2.511455064912813950e-02
1.672852097570373675e-02
1.164029598507394618e-02
8.147691045007770388e-03
6.215868316539674074e-03
5.390683128342819291e-03
5.037559632293334491e-03
5.347894287764176809e-03
6.131862231844033631e-03
7.996245175897210775e-03
1.149631051363761598e-02
1.670814963234324227e-02
2.495798764017377949e-02
3.704797670096939693e-02
5.472323441297304719e-02
6.598056782838913892e-02
3.970203298833430844e-02
3.938700929098360587e-02
9.923203524161434974e-03
3.910045058885657648e-02
4.024204578277797151e-02
6.595779413087686505e-02
5.457007176676665489e-02
3.714028910392260657e-02
2.512464516969326045e-02
1.808027183934552903e-02
1.348487183163150742e-02
1.028130919883067304e-02
8.097703359078861629e-03
6.994601852516085100e-03
6.652152950952083289e-03
6.945635259751060421e-03
7.996245175897203836e-03
1.016471816662253662e-02
1.342235840939991209e-02
1.803203806101058917e-02
2.501284916651101004e-02
3.475739181248675702e-02
4.739708588085170260e-02
6.152593172136337080e-02
6.591770170452733446e-02
5.798453936231179329e-02
5.030121496620554994e-02
5.778624969997597782e-02
6.595779413087689280e-02
6.114746480892136599e-02
4.722488473900145201e-02
3.480621365409624496e-02
2.510297422587125585e-02
2.006292262501441215e-02
1.624776183906725610e-02
1.347477804843847868e-02
1.156547781331509345e-02
1.043372313829690930e-02
1.005779546533738973e-02
1.039496784456164953e-02
1.149631051363761425e-02
1.342235840939991730e-02
1.617421915310941413e-02
1.991663691380204243e-02
2.495174289724726158e-02
3.139947579115839882e-02
3.924167344510361144e-02
4.740347248074270464e-02
5.434346519824474059e-02
5.644171874227337654e-02
5.672257618036532362e-02
5.625401357540842778e-02
5.397223443139451127e-02
4.709886080209704090e-02
3.924235995937017801e-02
3.151867604090874408e-02
2.494027070738600096e-02
2.234955190085912216e-02
2.008417363844927639e-02
1.808238460029107375e-02
1.671219356338276077e-02
1.592685986325399414e-02
1.566119394787745048e-02
1.592996153985073299e-02
1.670814963234324227e-02
1.803203806101059611e-02
1.991663691380205631e-02
2.210503503864250097e-02
2.469741556615672601e-02
2.784600341063960677e-02
3.139848640042102595e-02
3.479825093188264329e-02
3.709107042854195568e-02
3.875966464470920192e-02
3.955783488537877035e-02
3.887726457555851223e-02
3.714028910392266902e-02
3.480621365409629353e-02
3.152972904379437724e-02
2.808191103688335508e-02
2.480244909252414878e-02
2.498618009731399733e-02
2.516046572228853445e-02
2.507515954581013284e-02
2.490571532671819951e-02
2.462561277738943913e-02
2.444068159283801708e-02
2.466973596362148982e-02
2.495798764017381766e-02
2.501284916651102391e-02
2.495174289724727892e-02
2.469741556615671907e-02
2.446882708954731603e-02
2.462561187868112997e-02
2.491206204970697682e-02
2.506230824322020628e-02
2.514897845582463737e-02
2.501205236661998774e-02
2.483065428657786622e-02
2.494983788479803247e-02
2.511455064912816032e-02
2.512464516969329167e-02
2.511448829617845754e-02
2.494027070738599750e-02
2.501210940595176638e-02
2.811680099079397199e-02
3.153086009910801429e-02
3.486000558934740368e-02
3.718532273222508594e-02
3.886025571897533393e-02
3.958553352410562609e-02
3.881073225458671339e-02
3.704797670096939693e-02
3.475739181248679172e-02
3.139947579115841270e-02
2.784600341063961718e-02
2.462561187868112997e-02
2.210468782974973553e-02
1.992052253629889025e-02
1.803522058780978460e-02
1.670865144762568449e-02
1.592406056982220708e-02
1.565574882132015483e-02
1.592653700521375407e-02
1.670537949295751792e-02
1.806895200756300848e-02
2.008367660755263490e-02
2.238642980686618433e-02
2.516046572228853445e-02
3.151531501699907090e-02
3.922128190017209332e-02
4.733428897658385065e-02
5.477723150392728446e-02
5.696432519160466584e-02
5.712955971642985631e-02
5.684837157012751635e-02
5.472323441297311658e-02
4.739708588085174423e-02
3.924167344510363226e-02
3.139848640042104677e-02
2.491206204970698723e-02
1.992052253629889719e-02
1.619001283341600303e-02
1.351545462583715086e-02
1.167015183317128731e-02
1.056917561571731230e-02
1.021669406309310205e-02
1.057744829141776116e-02
1.164029598507394271e-02
1.348487183163149354e-02
1.626180100942729162e-02
2.008417363844927639e-02
2.507515954581012244e-02
3.481504911688399623e-02
4.733428897658387147e-02
6.193301077911213259e-02
6.616199564360282503e-02
5.716276958420592885e-02
4.956502996860617100e-02
5.682185566267530102e-02
6.598056782838916667e-02
6.152593172136338467e-02
4.740347248074270464e-02
3.479825093188265023e-02
2.506230824322020628e-02
1.803522058780978113e-02
1.351545462583715086e-02
1.037341435474516821e-02
8.172562012082882840e-03
7.043789645569764266e-03
6.721491449637788385e-03
7.062113824434949200e-03
8.147691045007754776e-03
1.028130919883066957e-02
1.353381486838518659e-02
1.808238460029106334e-02
2.490571532671818911e-02
3.730981315427361888e-02
5.477723150392722895e-02
6.616199564360290830e-02
3.919452330602786472e-02
3.971681482006227115e-02
9.867632375215235063e-03
3.937610550728459780e-02
3.970203298833435007e-02
6.591770170452733446e-02
5.434346519824470589e-02
3.709107042854191405e-02
2.514897845582462349e-02
1.670865144762568449e-02
1.167015183317129425e-02
8.172562012082886310e-03
6.196237381256640246e-03
5.365376562292870077e-03
5.040872858946893707e-03
5.389678619020628336e-03
6.215868316539662798e-03
8.097703359078852955e-03
1.169477223809890776e-02
1.671219356338276077e-02
2.462561277738941831e-02
3.915400302483104666e-02
5.696432519160461727e-02
5.716276958420599130e-02
3.971681482006230585e-02
9.999999999999999547e-07
9.999999999999999547e-07
9.999999999999999547e-07
3.938700929098360587e-02
5.798453936231182104e-02
5.644171874227337654e-02
3.875966464470922274e-02
2.501205236661998080e-02
1.592406056982222096e-02
1.056917561571731924e-02
7.043789645569770337e-03
5.365376562292867475e-03
4.907241459202041529e-03
4.756615605338051014e-03
4.924593308568624324e-03
5.390683128342816689e-03
6.994601852516078161e-03
1.059460811921606078e-02
1.592685986325400455e-02
2.444068159283797892e-02
3.993172251022403946e-02
5.712955971642980080e-02
4.956502996860627508e-02
9.867632375215302717e-03
9.999999999999999547e-07
9.999999999999999547e-07
9.999999999999999547e-07
9.923203524161514771e-03
5.030121496620559157e-02
5.672257618036528892e-02
3.955783488537874260e-02
2.483065428657788357e-02
1.565574882132015830e-02
1.021669406309310899e-02
6.721491449637791854e-03
5.040872858946891973e-03
4.756615605338055351e-03
4.788172742393230485e-03
4.760662123540235040e-03
5.037559632293326685e-03
6.652152950952083289e-03
1.021766814242034208e-02
1.566119394787746782e-02
2.466973596362146554e-02
3.910288645308668959e-02
5.684837157012751635e-02
5.682185566267528715e-02
3.937610550728466025e-02
9.999999999999999547e-07
9.999999999999999547e-07
9.999999999999999547e-07
3.910045058885655567e-02
5.778624969997600558e-02
5.625401357540838615e-02
3.887726457555850529e-02
2.494983788479800471e-02
1.592653700521376101e-02
1.057744829141777157e-02
7.062113824434958741e-03
5.389678619020623999e-03
4.924593308568615650e-03
4.760662123540230703e-03
4.905764432733400286e-03
5.347894287764177676e-03
6.945635259751059554e-03
1.055091678499546319e-02
1.592996153985074340e-02
2.495798764017377949e-02
3.717479062929681527e-02
5.472323441297307495e-02
6.598056782838916667e-02
3.970203298833423211e-02
3.938700929098360587e-02
9.923203524161428035e-03
3.910045058885657648e-02
4.024204578277794375e-02
6.595779413087685117e-02
5.397223443139451127e-02
3.714028910392264127e-02
2.511455064912813950e-02
1.670537949295753180e-02
1.164029598507394792e-02
8.147691045007761715e-03
6.215868316539661931e-03
5.390683128342814955e-03
5.037559632293326685e-03
5.347894287764169870e-03
6.131862231844026692e-03
7.996245175897202101e-03
1.161759023780590747e-02
1.670814963234327002e-02
2.501284916651099269e-02
3.472207199747771866e-02
4.739708588085169566e-02
6.152593172136339855e-02
6.591770170452732058e-02
5.798453936231179329e-02
5.030121496620554300e-02
5.778624969997599170e-02
6.595779413087685117e-02
6.114746480892133129e-02
4.709886080209704784e-02
3.480621365409626577e-02
2.512464516969329514e-02
1.806895200756299807e-02
1.348487183163150742e-02
1.028130919883067304e-02
8.097703359078859894e-03
6.994601852516084232e-03
6.652152950952087626e-03
6.945635259751062156e-03
7.996245175897209040e-03
1.016471816662254703e-02
1.347312622460898959e-02
1.803203806101058917e-02
2.495806598489780370e-02
3.138191356334998905e-02
3.921280472818829133e-02
4.751306395611963607e-02
5.492262766813867797e-02
5.702063071445238190e-02
5.715715460604659653e-02
5.681926912329981344e-02
5.457007176676662713e-02
4.722488473900150058e-02
3.924235995937017801e-02
3.152972904379437724e-02
2.511448829617844020e-02
2.008367660755263143e-02
1.626180100942729856e-02
1.353381486838519179e-02
1.169477223809891296e-02
1.059460811921605732e-02
1.021766814242033167e-02
1.055091678499547013e-02
1.161759023780590747e-02
1.347312622460898959e-02
1.619022485216557380e-02
1.992114777755108271e-02
2.469741556615672601e-02
2.787844256586733196e-02
3.139848640042101902e-02
3.479825093188262247e-02
3.709107042854190711e-02
3.875966464470919498e-02
3.955783488537874260e-02
3.887726457555848447e-02
3.714028910392262045e-02
3.480621365409625190e-02
3.151867604090877184e-02
2.808191103688336202e-02
2.494027070738600443e-02
2.238642980686620168e-02
2.008417363844928680e-02
1.808238460029107375e-02
1.671219356338277118e-02
1.592685986325401148e-02
1.566119394787746782e-02
1.592996153985073646e-02
1.670814963234325962e-02
1.803203806101061346e-02
1.992114777755107924e-02
2.210503503864250444e-02
3.990302476593960562e-02
3.916918293200634393e-02
3.726522640651672158e-02
3.476966074815938945e-02
3.150115594823856696e-02
2.811632146523247028e-02
2.494983788479801512e-02
2.232111945511120951e-02
2.007043976026342408e-02
1.809475868738099832e-02
1.673542730752928739e-02
1.595414991819956579e-02
1.568982541756289498e-02
1.595106968859663285e-02
1.673076226267279989e-02
1.804253134649318191e-02
1.990498556130348984e-02
2.206791580543128115e-02
2.466973596362149676e-02
2.788894536741254315e-02
3.138212667097018543e-02
3.475477972074202809e-02
3.717463640935047414e-02
3.905137911967929837e-02
3.916918293200634393e-02
3.463850826509812936e-02
3.027473519598714718e-02
2.607490447420314841e-02
2.164850842760869185e-02
1.823634927057947441e-02
1.595471309219410883e-02
1.448076369591871047e-02
1.359217329694338387e-02
1.325359418029764882e-02
1.357671943584191389e-02
1.446407398971116809e-02
1.595762773356602937e-02
1.823618064178846726e-02
2.164776264620930576e-02
2.606133323606469807e-02
3.031625308775980771e-02
3.458800087704995418e-02
3.910288645308668265e-02
4.245913657650540740e-02
4.441502786169984618e-02
4.519648389100607705e-02
4.441606496618314553e-02
4.248661605926209311e-02
3.726522640651672158e-02
3.027473519598711249e-02
2.454290213598858336e-02
1.924712109803502699e-02
1.498939760073245316e-02
1.235235911030504487e-02
1.057744829141776984e-02
9.585761901306107807e-03
9.368309971998223240e-03
9.918552689456320778e-03
1.134366657142872603e-02
1.354856373108702210e-02
1.673076226267278602e-02
2.160929957323422593e-02
2.886021739715612100e-02
3.738753140998079399e-02
4.680504546278222572e-02
5.342446830802500407e-02
5.684837157012748166e-02
5.985054084232876992e-02
6.139215299958690475e-02
5.779714075184996802e-02
5.130995376557326293e-02
4.451171553020363131e-02
3.476966074815937557e-02
2.607490447420316229e-02
1.924712109803503046e-02
1.407105138009391923e-02
1.062083912648559801e-02
8.319693322168650665e-03
7.062113824434958741e-03
6.667016334975209464e-03
6.905691097310378765e-03
7.853300071513632380e-03
9.859632079284317077e-03
1.319448403750737679e-02
1.804253134649317497e-02
2.606774584222720445e-02
3.738753140998081481e-02
5.338516264157876917e-02
6.414501968133490273e-02
6.169868202079361458e-02
5.682185566267530102e-02
6.325521939737197008e-02
7.071497905266596606e-02
6.867266861140185197e-02
5.787501298432427138e-02
4.521910365928389491e-02
3.150115594823856696e-02
2.164850842760867797e-02
1.498939760073244622e-02
1.062083912648559975e-02
7.602442180851677438e-03
5.972717888890246782e-03
5.389678619020631806e-03
5.420750672569852463e-03
5.806898713170950688e-03
6.867566547244909406e-03
9.244769645566140379e-03
1.352246188786795054e-02
1.990498556130350025e-02
3.023054010243747883e-02
4.680504546278222572e-02
6.414501968133488885e-02
4.914241297430114314e-02
3.352461066065909323e-02
3.937610550728466025e-02
3.388183249491355520e-02
5.015869744669380903e-02
7.055149419422761248e-02
6.155510709755204063e-02
4.430649230590438803e-02
2.811632146523247028e-02
1.823634927057947094e-02
1.235235911030505354e-02
8.319693322168650665e-03
5.972717888890244180e-03
5.163597957454381208e-03
4.924593308568631263e-03
5.063143479598860609e-03
5.410411071824417460e-03
6.598028564925061297e-03
9.415377224197066242e-03
1.442184459410294529e-02
2.206791580543129502e-02
3.437307754767470608e-02
5.342446830802503183e-02
6.169868202079351743e-02
3.352461066065906548e-02
9.999999999999999547e-07
9.999999999999999547e-07
9.999999999999999547e-07
3.363062010049791550e-02
6.348277797330004191e-02
5.995728800492499538e-02
4.219138944786805095e-02
2.494983788479800471e-02
1.595471309219411576e-02
1.057744829141777677e-02
7.062113824434963077e-03
5.389678619020623999e-03
4.924593308568630395e-03
4.760662123540231570e-03
4.905764432733400286e-03
5.347894287764170737e-03
6.945635259751060421e-03
1.039496784456165127e-02
1.592996153985072258e-02
2.466973596362146900e-02
3.881073225458671339e-02
5.684837157012748166e-02
5.682185566267528715e-02
3.937610550728460473e-02
9.999999999999999547e-07
9.999999999999999547e-07
9.999999999999999547e-07
3.910045058885659036e-02
5.778624969997597782e-02
5.681926912329979956e-02
3.887726457555847059e-02
2.232111945511120951e-02
1.448076369591871047e-02
9.585761901306107807e-03
6.667016334975212066e-03
5.420750672569849861e-03
5.063143479598853670e-03
4.905764432733398552e-03
5.123832120178244132e-03
5.884767034865590399e-03
8.131974863397803052e-03
1.221341081600194230e-02
1.822931751808032699e-02
2.788894536741252927e-02
4.216401932038234268e-02
5.985054084232874216e-02
6.325521939737187294e-02
3.388183249491340948e-02
9.999999999999999547e-07
9.999999999999999547e-07
9.999999999999999547e-07
3.445082490726041752e-02
6.189691283080032969e-02
5.323609669508169023e-02
3.442901182200334281e-02
2.007043976026342408e-02
1.359217329694339081e-02
9.368309971998228444e-03
6.905691097310368357e-03
5.806898713170952422e-03
5.410411071824417460e-03
5.347894287764182880e-03
5.884767034865586929e-03
7.399040326263594224e-03
1.040016471543499070e-02
1.496040549497107235e-02
2.161475004187924515e-02
3.138212667097018543e-02
4.425377849084790455e-02
6.139215299958686312e-02
7.071497905266592443e-02
5.015869744669388536e-02
3.363062010049794326e-02
3.910045058885657648e-02
3.445082490726045221e-02
4.960789506884425576e-02
6.381599065677183436e-02
4.661256455023755907e-02
3.018441522340271563e-02
1.809475868738098792e-02
1.325359418029764882e-02
9.918552689456334656e-03
7.853300071513635849e-03
6.867566547244908538e-03
6.598028564925061297e-03
6.945635259751062156e-03
8.131974863397803052e-03
1.040016471543499417e-02
1.401840588596305927e-02
1.925394598547854746e-02
2.605042953108877013e-02
3.475477972074203503e-02
4.519733328448524712e-02
5.779714075184994027e-02
6.867266861140189360e-02
7.055149419422757084e-02
6.348277797330000027e-02
5.778624969997600558e-02
6.189691283080031581e-02
6.381599065677190374e-02
5.260410129655224837e-02
3.724132464799993075e-02
2.607863044899119687e-02
1.673542730752929433e-02
1.357671943584192256e-02
1.134366657142873817e-02
9.859632079284322281e-03
9.244769645566136909e-03
9.415377224197067976e-03
1.039496784456164780e-02
1.221341081600194230e-02
1.496040549497106367e-02
1.925394598547853012e-02
2.456955276205752964e-02
3.032492464581321850e-02
3.721583026572616165e-02
4.455257602609029310e-02
5.134513548418704471e-02
5.763584392381598809e-02
6.089168277163461290e-02
5.932386088216281411e-02
5.625401357540836533e-02
5.260234753849617195e-02
4.624018681646981793e-02
3.719381521985403588e-02
2.884729001388911321e-02
2.161734999269124616e-02
1.595414991819957273e-02
1.446407398971117329e-02
1.354856373108703771e-02
1.319448403750738373e-02
1.352246188786795922e-02
1.442184459410295744e-02
1.592996153985072952e-02
1.822931751808032352e-02
2.161475004187925208e-02
2.605042953108878748e-02
3.032492464581322544e-02
3.453747557872228341e-02
3.905137911967927755e-02
4.255046749486632307e-02
4.451171553020368682e-02
4.521910365928393655e-02
4.430649230590443660e-02
4.219138944786811340e-02
3.887726457555848447e-02
3.442901182200339139e-02
3.018441522340278155e-02
2.607863044899121421e-02
2.161083452018685083e-02
1.820978907710010114e-02
1.568982541756290192e-02
1.595762773356602590e-02
1.673076226267279989e-02
1.804253134649319232e-02
1.990498556130351412e-02
2.206791580543131237e-02
2.466973596362148982e-02
2.788894536741255703e-02
3.138212667097019931e-02
3.475477972074203503e-02
3.721583026572614777e-02
3.905137911967931225e-02
3.990302476593961950e-02
3.915479788925417537e-02
3.726522640651672158e-02
3.476966074815941721e-02
3.150115594823860166e-02
2.811632146523247028e-02
2.494983788479800818e-02
2.232111945511120951e-02
2.007043976026344489e-02
1.809475868738099139e-02
1.672859366446708893e-02
1.595414991819958314e-02
1.595106968859661550e-02
1.823618064178846726e-02
2.160929957323422940e-02
2.606774584222721486e-02
3.023054010243747536e-02
3.437307754767472689e-02
3.881073225458669951e-02
4.216401932038234268e-02
4.425377849084790455e-02
4.519733328448525406e-02
4.455257602609029310e-02
4.255046749486634389e-02
3.915479788925417537e-02
3.453691971865929800e-02
3.029045634072445592e-02
2.607400999625553856e-02
2.161285493696155774e-02
1.820678612673858054e-02
1.592653700521375060e-02
1.443694683619718873e-02
1.353692579102219393e-02
1.319576847058809461e-02
1.354838770389899666e-02
1.444133438915816935e-02
1.673076226267277214e-02
2.164776264620928495e-02
2.886021739715612100e-02
3.738753140998081481e-02
4.680504546278223960e-02
5.342446830802505958e-02
5.684837157012750247e-02
5.985054084232876992e-02
6.139215299958689087e-02
5.779714075184995414e-02
5.134513548418703777e-02
4.451171553020368682e-02
3.726522640651672158e-02
3.029045634072444551e-02
2.454290213598857295e-02
1.924712109803502699e-02
1.498939760073244969e-02
1.235235911030503966e-02
1.057744829141776637e-02
9.585761901306102603e-03
9.368309971998218036e-03
9.918552689456320778e-03
1.140974874001088497e-02
1.354856373108703077e-02
1.804253134649319232e-02
2.606133323606468419e-02
3.738753140998077318e-02
5.338516264157875529e-02
6.414501968133490273e-02
6.169868202079351743e-02
5.682185566267530102e-02
6.325521939737190069e-02
7.071497905266599382e-02
6.867266861140185197e-02
5.763584392381596033e-02
4.521910365928391573e-02
3.476966074815941027e-02
2.607400999625553856e-02
1.924712109803502352e-02
1.407105138009391923e-02
1.062083912648559454e-02
8.319693322168636787e-03
7.062113824434949200e-03
6.667016334975205127e-03
6.905691097310366622e-03
7.853300071513637584e-03
9.962098286384108228e-03
1.319448403750738373e-02
1.990498556130347596e-02
3.031625308775975913e-02
4.680504546278217021e-02
6.414501968133488885e-02
4.914241297430117089e-02
3.352461066065903772e-02
3.937610550728461861e-02
3.388183249491349969e-02
5.015869744669388536e-02
7.055149419422757084e-02
6.089168277163459903e-02
4.430649230590442272e-02
3.150115594823858778e-02
2.161285493696152998e-02
1.498939760073244622e-02
1.062083912648558760e-02
7.602442180851684377e-03
5.972717888890244180e-03
5.389678619020631806e-03
5.420750672569852463e-03
5.806898713170942881e-03
6.867566547244908538e-03
9.372383629035309707e-03
1.352246188786795922e-02
2.206791580543129502e-02
3.458800087704991949e-02
5.342446830802499019e-02
6.169868202079361458e-02
3.352461066065907241e-02
9.999999999999999547e-07
9.999999999999999547e-07
9.999999999999999547e-07
3.363062010049795714e-02
6.348277797330002803e-02
5.932386088216281411e-02
4.219138944786809259e-02
2.811632146523247028e-02
1.820678612673859789e-02
1.235235911030503619e-02
8.319693322168645461e-03
5.972717888890244180e-03
5.163597957454378606e-03
4.924593308568631263e-03
5.063143479598858875e-03
5.410411071824413123e-03
6.598028564925068236e-03
9.562990323954138200e-03
1.442184459410294876e-02
2.466973596362147941e-02
3.910288645308668959e-02
5.684837157012748859e-02
5.682185566267530102e-02
3.937610550728463943e-02
9.999999999999999547e-07
9.999999999999999547e-07
9.999999999999999547e-07
3.910045058885655567e-02
5.778624969997600558e-02
5.625401357540840003e-02
3.887726457555850529e-02
2.494983788479800818e-02
1.592653700521374019e-02
1.057744829141775943e-02
7.062113824434957006e-03
5.389678619020628336e-03
4.924593308568628661e-03
4.760662123540228968e-03
4.905764432733404623e-03
5.347894287764175074e-03
6.945635259751060421e-03
1.055091678499546319e-02
1.592996153985073646e-02
2.788894536741253274e-02
4.245913657650538658e-02
5.985054084232874216e-02
6.325521939737192845e-02
3.388183249491352050e-02
9.999999999999999547e-07
9.999999999999999547e-07
9.999999999999999547e-07
3.445082490726047303e-02
6.189691283080029499e-02
5.260234753849615807e-02
3.442901182200340526e-02
2.232111945511122339e-02
1.443694683619718873e-02
9.585761901306099134e-03
6.667016334975205127e-03
5.420750672569849861e-03
5.063143479598853670e-03
4.905764432733402888e-03
5.123832120178244132e-03
5.884767034865584327e-03
8.131974863397809991e-03
1.232332150766116824e-02
1.822931751808035475e-02
3.138212667097016462e-02
4.441502786169982536e-02
6.139215299958686312e-02
7.071497905266596606e-02
5.015869744669382985e-02
3.363062010049790856e-02
3.910045058885659036e-02
3.445082490726043833e-02
4.960789506884427658e-02
6.381599065677183436e-02
4.624018681646979712e-02
3.018441522340276420e-02
2.007043976026344489e-02
1.353692579102219393e-02
9.368309971998228444e-03
6.905691097310371826e-03
5.806898713170950688e-03
5.410411071824414858e-03
5.347894287764170737e-03
5.884767034865586929e-03
7.399040326263583815e-03
1.040016471543499244e-02
1.496742758082024449e-02
2.161475004187925555e-02
3.475477972074200034e-02
4.519648389100605623e-02
5.779714075184994027e-02
6.867266861140183809e-02
7.055149419422761248e-02
6.348277797330005578e-02
5.778624969997600558e-02
6.189691283080026030e-02
6.381599065677186211e-02
5.260410129655224143e-02
3.719381521985402894e-02
2.607863044899120727e-02
1.809475868738099832e-02
1.319576847058809461e-02
9.918552689456327717e-03
7.853300071513637584e-03
6.867566547244908538e-03
6.598028564925061297e-03
6.945635259751062156e-03
8.131974863397808256e-03
1.040016471543498723e-02
1.401840588596305233e-02
1.922970938878953984e-02
2.605042953108877013e-02
3.717463640935046720e-02
4.441606496618313860e-02
5.130995376557320742e-02
5.787501298432428526e-02
6.155510709755204063e-02
5.995728800492503702e-02
5.681926912329975793e-02
5.323609669508171799e-02
4.661256455023753131e-02
3.724132464799993075e-02
2.884729001388911668e-02
2.161083452018683002e-02
1.672859366446708199e-02
1.354838770389899666e-02
1.140974874001087977e-02
9.962098286384113432e-03
9.372383629035311442e-03
9.562990323954145139e-03
1.055091678499545972e-02
1.232332150766116304e-02
1.496742758082023755e-02
1.922970938878952943e-02
2.454288149820854983e-02
3.029093444068328700e-02
3.905137911967929143e-02
4.248661605926207924e-02
4.451171553020366600e-02
4.521910365928389491e-02
4.430649230590441578e-02
4.219138944786809259e-02
3.887726457555844978e-02
3.442901182200334281e-02
3.018441522340272951e-02
2.607863044899119340e-02
2.161734999269125310e-02
1.820978907710009767e-02
1.595414991819957273e-02
1.444133438915816935e-02
1.354856373108703771e-02
1.319448403750739240e-02
1.352246188786796616e-02
1.442184459410294876e-02
1.592996153985073299e-02
1.822931751808035128e-02
2.161475004187926249e-02
2.605042953108878401e-02
3.029093444068328700e-02
3.453747557872229729e-02
5.715724793770039086e-02
5.682023306712862681e-02
5.456998451492790086e-02
4.722493061452238267e-02
3.924287881444438880e-02
3.152954791202908919e-02
2.511455064912816032e-02
2.007043976026344836e-02
1.626151123799864096e-02
1.353394309592301226e-02
1.169488277379521386e-02
1.059435417089510910e-02
1.021766768500648875e-02
1.056920850109619760e-02
1.161750027145758146e-02
1.347300644567209736e-02
1.618111922972745309e-02
1.992007889243199714e-02
2.495798764017378643e-02
3.138212667097018543e-02
3.921221701927329883e-02
4.751295993323975675e-02
5.472267846615080228e-02
5.701966759520487454e-02
5.682023306712864069e-02
5.323541161852700376e-02
4.661204703154685214e-02
3.724063553664183623e-02
2.884576702500637677e-02
2.160919052174463048e-02
1.672852097570373675e-02
1.359217329694339081e-02
1.140895031695440993e-02
9.962112788107132036e-03
9.371353023993899550e-03
9.562960326623728621e-03
1.055118450003343644e-02
1.235240076228771681e-02
1.496698821668044493e-02
1.922851424976040197e-02
2.456074874909783962e-02
3.029079156257744390e-02
3.717479062929684996e-02
4.441502786169981842e-02
5.131022274690164031e-02
5.787566067112020346e-02
6.139223848982897080e-02
5.995734419130949872e-02
5.456998451492794944e-02
4.661204703154687295e-02
3.698519063434046322e-02
2.803093632285935666e-02
2.054527512719464544e-02
1.497177373740944846e-02
1.164029598507394098e-02
9.368309971998223240e-03
8.128610879906609035e-03
7.752801254703092955e-03
8.094146919302300930e-03
9.309729734364620424e-03
1.161750027145758493e-02
1.497151141382529332e-02
2.054541908172952819e-02
2.813213226255342411e-02
3.709016655519692396e-02
4.682530065877480580e-02
5.472323441297308189e-02
6.139215299958691863e-02
6.629145362039819134e-02
6.800885608987485009e-02
6.629136352049989911e-02
6.136711631383493654e-02
4.722493061452236879e-02
3.724063553664183623e-02
2.803093632285937747e-02
2.045612341218641661e-02
1.435625954277769574e-02
1.055409433587939372e-02
8.147691045007758245e-03
6.905691097310372693e-03
6.590819553325496898e-03
6.896200674474588059e-03
7.703956465743228357e-03
9.836176210941863229e-03
1.347300644567208522e-02
1.926192753537975602e-02
2.813213226255342064e-02
4.126883880793534576e-02
5.753272156658746639e-02
6.388007291261087184e-02
6.598056782838916667e-02
7.071497905266599382e-02
7.469618864506478995e-02
7.454319153718917679e-02
6.800929252699880467e-02
5.758793014047289965e-02
3.924287881444439574e-02
2.884576702500637677e-02
2.054527512719466278e-02
1.435625954277770268e-02
1.016651491103052161e-02
7.548496927146122921e-03
6.215868316539666268e-03
5.806898713170953290e-03
5.882198039726616035e-03
6.564266078088693522e-03
8.012293788234706865e-03
1.126380994832404739e-02
1.618111922972748085e-02
2.455526134133241209e-02
3.709016655519690314e-02
5.753272156658746639e-02
6.528956787588799382e-02
4.989837926493548292e-02
3.970203298833425293e-02
5.015869744669377434e-02
7.048125943857729003e-02
7.459840182285146226e-02
6.630739124059677192e-02
5.114435122772245657e-02
3.152954791202909612e-02
2.160919052174463742e-02
1.497177373740944846e-02
1.055409433587938504e-02
7.548496927146120319e-03
5.966862163806041508e-03
5.390683128342821893e-03
5.410411071824414858e-03
5.775915321514703271e-03
6.818713034465488307e-03
9.184489637066636097e-03
1.349599479113240685e-02
1.992007889243197979e-02
3.019798598178627738e-02
4.682530065877482661e-02
6.388007291261087184e-02
4.989837926493545517e-02
3.329384055104625539e-02
3.938700929098359893e-02
3.363062010049788081e-02
5.101411178481363856e-02
7.059146777695603225e-02
6.136665288194396300e-02
4.434730878812091770e-02
2.511455064912813950e-02
1.672852097570374022e-02
1.164029598507393924e-02
8.147691045007765184e-03
6.215868316539668870e-03
5.390683128342814955e-03
5.037559632293326685e-03
5.347894287764175074e-03
6.131862231844030162e-03
7.996245175897210775e-03
1.149631051363761425e-02
1.670814963234323533e-02
2.495798764017377949e-02
3.704797670096937612e-02
5.472323441297310270e-02
6.598056782838908341e-02
3.970203298833420436e-02
3.938700929098362669e-02
9.923203524161417627e-03
3.910045058885662506e-02
4.024204578277787436e-02
6.595779413087690668e-02
5.457007176676664101e-02
3.714028910392260657e-02
2.007043976026344489e-02
1.359217329694340122e-02
9.368309971998231914e-03
6.905691097310377030e-03
5.806898713170950688e-03
5.410411071824414858e-03
5.347894287764175074e-03
5.884767034865584327e-03
7.399040326263585550e-03
1.040016471543498550e-02
1.496040549497105673e-02
2.161475004187922086e-02
3.138212667097016462e-02
4.425377849084790455e-02
6.139215299958687699e-02
7.071497905266592443e-02
5.015869744669377434e-02
3.363062010049788775e-02
3.910045058885657648e-02
3.445082490726045221e-02
4.960789506884420025e-02
6.381599065677191762e-02
4.661256455023755907e-02
3.018441522340273644e-02
1.626151123799864442e-02
1.140895031695441514e-02
8.128610879906614239e-03
6.590819553325499500e-03
5.882198039726616035e-03
5.775915321514699802e-03
6.131862231844026692e-03
7.399040326263578611e-03
9.961473238639157249e-03
1.430201034967715917e-02
2.059021902692880976e-02
2.882548420616974985e-02
3.921221701927332659e-02
5.110371447783053356e-02
6.629145362039821909e-02
7.469618864506484546e-02
7.048125943857735942e-02
5.101411178481380509e-02
4.024204578277797151e-02
4.960789506884433209e-02
6.466860457513190497e-02
5.694826164499324633e-02
3.698616817650095950e-02
2.453032286643562487e-02
1.353394309592299838e-02
9.962112788107137240e-03
7.752801254703086016e-03
6.896200674474579385e-03
6.564266078088693522e-03
6.818713034465490042e-03
7.996245175897205570e-03
1.040016471543498376e-02
1.430201034967715397e-02
2.050603503810122241e-02
2.817472845060657941e-02
3.741207772754231303e-02
4.751295993323979144e-02
5.765853567489933468e-02
6.800885608987485009e-02
7.454319153718916291e-02
7.459840182285140675e-02
7.059146777695596287e-02
6.595779413087682341e-02
6.381599065677186211e-02
5.694826164499332960e-02
4.074701957240428607e-02
2.803114158406661699e-02
1.928523279586746852e-02
1.169488277379519998e-02
9.371353023993911693e-03
8.094146919302300930e-03
7.703956465743230092e-03
8.012293788234710334e-03
9.184489637066630893e-03
1.149631051363760384e-02
1.496040549497104286e-02
2.059021902692877853e-02
2.817472845060659328e-02
3.720979493787895248e-02
4.702321657323667303e-02
5.492262563641177320e-02
6.152335984260738633e-02
6.630740572192125870e-02
6.776445946445705526e-02
6.576095709563971325e-02
6.070520471906401538e-02
5.397223443139452514e-02
4.624018681646983181e-02
3.688783383020726586e-02
2.793996293808184359e-02
2.054565317751507261e-02
1.500443940449992103e-02
1.059435417089510736e-02
9.562960326623730356e-03
9.309729734364615220e-03
9.836176210941863229e-03
1.126380994832403698e-02
1.349599479113240685e-02
1.670814963234323533e-02
2.161475004187924515e-02
2.882548420616975332e-02
3.741207772754232691e-02
4.702321657323668691e-02
5.359359711171191726e-02
5.701966759520488842e-02
6.002681728695740543e-02
6.136711631383489490e-02
5.758793014047294129e-02
5.114435122772248432e-02
4.434730878812098709e-02
3.714028910392266902e-02
3.018441522340277808e-02
2.453032286643565610e-02
1.928523279586747893e-02
1.497194884355526612e-02
1.238429093739185430e-02
1.021766768500649222e-02
1.055118450003343124e-02
1.161750027145758840e-02
1.347300644567208869e-02
1.618111922972748085e-02
1.992007889243197633e-02
2.495798764017378990e-02
3.138212667097016462e-02
3.921221701927331271e-02
4.751295993323979144e-02
5.492262563641180789e-02
5.701966759520490924e-02
5.715724793770047413e-02
5.696579587568402492e-02
5.456998451492789393e-02
4.722493061452241042e-02
3.924287881444437492e-02
3.152954791202911000e-02
2.511455064912816032e-02
2.007043976026344489e-02
1.626151123799864096e-02
1.353394309592300879e-02
1.164077540450261621e-02
1.059435417089510216e-02
1.056920850109619586e-02
1.235240076228772028e-02
1.497151141382531067e-02
1.926192753537977337e-02
2.455526134133243985e-02
3.019798598178630514e-02
3.704797670096939693e-02
4.425377849084792536e-02
5.110371447783055437e-02
5.765853567489934856e-02
6.152335984260740021e-02
6.002681728695741931e-02
5.696579587568405961e-02
5.359312882432299557e-02
4.682461825399599625e-02
3.726518418982982528e-02
2.881909299838177757e-02
2.157537599354047292e-02
1.670537949295751445e-02
1.353692579102218525e-02
1.132767672430488003e-02
9.882258016010571008e-03
9.308704412073008638e-03
9.541358019773281754e-03
1.161750027145757973e-02
1.496698821668045014e-02
2.054541908172952819e-02
2.813213226255343799e-02
3.709016655519695865e-02
4.682530065877484049e-02
5.472323441297310270e-02
6.139215299958689087e-02
6.629145362039819134e-02
6.800885608987487785e-02
6.630740572192124482e-02
6.136711631383489490e-02
5.456998451492790086e-02
4.682461825399599625e-02
3.698519063434043547e-02
2.803093632285933931e-02
2.054527512719463156e-02
1.497177373740943979e-02
1.164029598507394965e-02
9.368309971998218036e-03
8.128610879906600362e-03
7.752801254703088618e-03
8.128424099291878951e-03
9.309729734364620424e-03
1.347300644567206787e-02
1.922851424976037768e-02
2.813213226255343105e-02
4.126883880793532494e-02
5.753272156658748027e-02
6.388007291261087184e-02
6.598056782838919443e-02
7.071497905266591055e-02
7.469618864506484546e-02
7.454319153718913515e-02
6.776445946445705526e-02
5.758793014047294129e-02
4.722493061452238267e-02
3.726518418982981140e-02
2.803093632285933931e-02
2.045612341218640967e-02
1.435625954277770268e-02
1.055409433587938504e-02
8.147691045007754776e-03
6.905691097310368357e-03
6.590819553325498632e-03
6.896200674474585457e-03
7.752882717356886569e-03
9.836176210941868434e-03
1.618111922972746697e-02
2.456074874909782574e-02
3.709016655519687539e-02
5.753272156658742476e-02
6.528956787588799382e-02
4.989837926493542047e-02
3.970203298833428762e-02
5.015869744669385066e-02
7.048125943857738718e-02
7.459840182285146226e-02
6.576095709563976877e-02
5.114435122772245657e-02
3.924287881444440962e-02
2.881909299838176716e-02
2.054527512719464197e-02
1.435625954277769574e-02
1.016651491103050774e-02
7.548496927146118585e-03
6.215868316539662798e-03
5.806898713170950688e-03
5.882198039726618637e-03
6.564266078088693522e-03
8.094175112245201309e-03
1.126380994832404912e-02
1.992007889243197979e-02
3.029079156257741962e-02
4.682530065877482661e-02
6.388007291261083020e-02
4.989837926493548292e-02
3.329384055104622070e-02
3.938700929098363362e-02
3.363062010049787387e-02
5.101411178481383979e-02
7.059146777695594899e-02
6.070520471906400151e-02
4.434730878812098709e-02
3.152954791202908919e-02
2.157537599354047986e-02
1.497177373740945366e-02
1.055409433587938851e-02
7.548496927146120319e-03
5.966862163806041508e-03
5.390683128342821026e-03
5.410411071824414858e-03
5.775915321514697200e-03
6.818713034465490042e-03
9.308704412073001699e-03
1.349599479113241032e-02
2.495798764017378990e-02
3.717479062929683609e-02
5.472323441297307495e-02
6.598056782838911116e-02
3.970203298833425293e-02
3.938700929098359893e-02
9.923203524161417627e-03
3.910045058885659036e-02
4.024204578277797151e-02
6.595779413087685117e-02
5.397223443139450433e-02
3.714028910392266902e-02
2.511455064912814991e-02
1.670537949295751792e-02
1.164029598507394098e-02
8.147691045007758245e-03
6.215868316539662798e-03
5.390683128342814955e-03
5.037559632293327552e-03
5.347894287764175074e-03
6.131862231844022355e-03
7.996245175897205570e-03
1.161759023780590920e-02
1.670814963234324227e-02
3.138212667097017156e-02
4.441502786169982536e-02
6.139215299958691863e-02
7.071497905266596606e-02
5.015869744669377434e-02
3.363062010049794326e-02
3.910045058885662506e-02
3.445082490726041752e-02
4.960789506884433209e-02
6.381599065677186211e-02
4.624018681646980405e-02
3.018441522340274685e-02
2.007043976026344489e-02
1.353692579102218872e-02
9.368309971998226710e-03
6.905691097310368357e-03
5.806898713170950688e-03
5.410411071824414858e-03
5.347894287764173339e-03
5.884767034865585195e-03
7.399040326263583815e-03
1.040016471543499417e-02
1.496742758082024102e-02
2.161475004187924515e-02
3.921221701927329883e-02
5.131022274690166113e-02
6.629145362039821909e-02
7.469618864506481770e-02
7.048125943857734554e-02
5.101411178481363856e-02
4.024204578277787436e-02
4.960789506884415168e-02
6.466860457513189109e-02
5.694826164499328797e-02
3.688783383020723811e-02
2.453032286643566651e-02
1.626151123799865483e-02
1.132767672430487656e-02
8.128610879906612505e-03
6.590819553325498632e-03
5.882198039726616035e-03
5.775915321514697200e-03
6.131862231844024957e-03
7.399040326263583815e-03
9.961473238639132963e-03
1.430201034967715397e-02
2.054514464501651719e-02
2.882548420616974985e-02
4.751295993323977757e-02
5.787566067112018264e-02
6.800885608987485009e-02
7.454319153718919067e-02
7.459840182285146226e-02
7.059146777695597674e-02
6.595779413087682341e-02
6.381599065677188987e-02
5.694826164499324633e-02
4.074701957240428607e-02
2.793996293808184705e-02
1.928523279586748240e-02
1.353394309592301920e-02
9.882258016010569274e-03
7.752801254703090353e-03
6.896200674474579385e-03
6.564266078088696124e-03
6.818713034465483103e-03
7.996245175897198632e-03
1.040016471543498723e-02
1.430201034967714877e-02
2.050603503810122241e-02
2.813249588349798699e-02
3.741207772754236160e-02
5.472267846615080228e-02
6.139223848982897080e-02
6.629136352049992686e-02
6.800929252699880467e-02
6.630739124059677192e-02
6.136665288194398382e-02
5.457007176676667570e-02
4.661256455023753825e-02
3.698616817650099420e-02
2.803114158406663434e-02
2.054565317751507261e-02
1.497194884355528173e-02
1.164077540450261274e-02
9.308704412073013842e-03
8.128424099291878951e-03
7.752882717356888304e-03
8.094175112245201309e-03
9.308704412072998230e-03
1.161759023780590226e-02
1.496742758082023755e-02
2.054514464501650331e-02
2.813249588349797659e-02
3.698616817650097338e-02
4.682513199310526369e-02
5.701966759520487454e-02
5.995734419130949872e-02
6.136711631383489490e-02
5.758793014047292047e-02
5.114435122772245657e-02
4.434730878812093852e-02
3.714028910392262045e-02
3.018441522340274685e-02
2.453032286643562140e-02
1.928523279586747546e-02
1.500443940449992623e-02
1.238429093739184389e-02
1.059435417089510736e-02
9.541358019773280019e-03
9.309729734364620424e-03
9.836176210941877107e-03
1.126380994832405259e-02
1.349599479113242767e-02
1.670814963234324574e-02
2.161475004187925555e-02
2.882548420616976373e-02
3.741207772754235467e-02
4.682513199310528451e-02
5.359359711171200052e-02
4.955069482449936391e-02
5.689003360607412796e-02
6.606689856759950796e-02
6.153693015959144780e-02
4.721572928120151835e-02
3.485855909320911827e-02
2.512464516969327086e-02
1.809475868738100179e-02
1.353394309592299838e-02
1.039340753953260990e-02
8.211639840812988422e-03
7.078322705231033900e-03
6.725843724137034636e-03
7.043713116020166622e-03
8.105851886062545239e-03
1.026783510641321971e-02
1.346209581560413489e-02
1.803509295568702514e-02
2.501284916651099616e-02
3.475477972074201422e-02
4.751295993323979838e-02
6.192959316200297853e-02
6.597779688563656930e-02
5.707222189574731597e-02
5.689003360607419735e-02
6.173690380275866085e-02
6.399433332961182441e-02
5.301252820796301807e-02
3.734152230113504251e-02
2.606779337281344908e-02
1.808027183934553597e-02
1.325359418029765750e-02
9.962112788107128566e-03
7.902057916140060173e-03
6.913337307230212059e-03
6.651122438523117755e-03
7.028961390520417456e-03
8.320285870635688724e-03
1.052357651240497585e-02
1.404261399901185307e-02
1.926368031326126939e-02
2.607514184105394484e-02
3.472207199747774642e-02
4.519648389100607705e-02
5.787566067112016877e-02
6.913803963276907161e-02
7.071413745140346652e-02
6.325061144018472026e-02
6.606689856759942470e-02
6.399433332961183829e-02
5.732855339647615484e-02
4.100747418487351442e-02
2.805576059556511362e-02
1.926183173092454320e-02
1.348487183163149354e-02
9.918552689456327717e-03
7.752801254703087751e-03
6.900400459340590847e-03
6.581337749394179995e-03
6.866364748627152258e-03
8.105851886062557382e-03
1.055405363461472089e-02
1.431847877646817528e-02
2.048356913347557443e-02
2.809744958523430550e-02
3.726574687426739696e-02
4.739708588085174423e-02
5.779714075184994027e-02
6.800885608987485009e-02
7.494805041941890456e-02
7.469597283789541908e-02
7.063014080735868783e-02
6.153693015959145474e-02
5.301252820796303888e-02
4.100747418487350054e-02
2.901000306250269695e-02
2.047066751823409941e-02
1.407779735508664365e-02
1.028130919883066957e-02
7.853300071513639319e-03
6.896200674474590661e-03
6.797275460813524683e-03
6.878447612367419133e-03
7.789676331124959635e-03
1.026783510641321624e-02
1.407780700213197289e-02
2.048356913347556749e-02
2.912983502404051933e-02
4.121007160069367625e-02
5.325210636604851833e-02
6.152593172136339855e-02
6.867266861140185197e-02
7.454319153718920454e-02
7.693120694024921380e-02
7.454318777132715179e-02
6.872094221709976192e-02
4.721572928120155999e-02
3.734152230113507026e-02
2.805576059556511709e-02
2.047066751823410635e-02
1.438325104896938204e-02
1.051793989923446859e-02
8.097703359078858160e-03
6.867566547244909406e-03
6.564266078088700461e-03
6.871415026420540743e-03
7.656288688349847417e-03
9.780629384610847396e-03
1.346209581560412621e-02
1.930484443820110543e-02
2.809744958523431591e-02
4.121007160069367625e-02
5.735449342477965534e-02
6.378458166173039956e-02
6.591770170452733446e-02
7.055149419422758472e-02
7.459840182285136512e-02
7.421177561272924994e-02
6.776405663708393035e-02
5.741850850253479854e-02
3.485855909320914603e-02
2.606779337281346989e-02
1.926183173092454320e-02
1.407779735508664365e-02
1.051793989923447033e-02
8.221876252684947109e-03
6.994601852516086835e-03
6.598028564925063899e-03
6.818713034465491776e-03
7.739872550087970038e-03
9.738891963969979748e-03
1.314002384055698060e-02
1.803509295568704596e-02
2.607996074498287326e-02
3.726574687426741778e-02
5.325210636604853220e-02
6.378458166173039956e-02
6.185950873915472409e-02
5.798453936231177247e-02
6.348277797330002803e-02
7.059146777695593511e-02
6.830548429197430549e-02
5.758853086753889378e-02
4.521442725152532982e-02
2.512464516969327780e-02
1.808027183934553944e-02
1.348487183163151089e-02
1.028130919883067478e-02
8.097703359078856425e-03
6.994601852516085100e-03
6.652152950952091963e-03
6.945635259751060421e-03
7.996245175897217713e-03
1.016471816662254703e-02
1.342235840939991730e-02
1.803203806101059264e-02
2.501284916651100310e-02
3.475739181248674314e-02
4.739708588085171648e-02
6.152593172136342631e-02
6.591770170452738997e-02
5.798453936231180716e-02
5.030121496620554300e-02
5.778624969997597782e-02
6.595779413087685117e-02
6.114746480892138680e-02
4.722488473900147976e-02
3.480621365409625190e-02
1.809475868738099832e-02
1.325359418029765750e-02
9.918552689456327717e-03
7.853300071513641054e-03
6.867566547244908538e-03
6.598028564925068236e-03
6.945635259751066493e-03
8.131974863397803052e-03
1.040016471543498723e-02
1.401840588596305927e-02
1.925394598547853012e-02
2.605042953108877360e-02
3.475477972074202809e-02
4.519733328448528875e-02
5.779714075184994027e-02
6.867266861140185197e-02
7.055149419422764023e-02
6.348277797330004191e-02
5.778624969997607497e-02
6.189691283080024642e-02
6.381599065677188987e-02
5.260410129655233163e-02
3.724132464799993075e-02
2.607863044899119340e-02
1.353394309592300185e-02
9.962112788107133771e-03
7.752801254703086016e-03
6.896200674474588059e-03
6.564266078088697859e-03
6.818713034465494378e-03
7.996245175897207305e-03
1.040016471543499070e-02
1.430201034967715397e-02
2.050603503810124670e-02
2.817472845060664186e-02
3.741207772754236160e-02
4.751295993323985389e-02
5.765853567489937631e-02
6.800885608987487785e-02
7.454319153718914903e-02
7.459840182285143451e-02
7.059146777695596287e-02
6.595779413087686505e-02
6.381599065677190374e-02
5.694826164499330184e-02
4.074701957240428607e-02
2.803114158406661005e-02
1.928523279586746159e-02
1.039340753953260470e-02
7.902057916140067112e-03
6.900400459340587378e-03
6.797275460813519479e-03
6.871415026420540743e-03
7.739872550087974375e-03
1.016471816662253141e-02
1.401840588596304539e-02
2.050603503810123629e-02
2.924742624233416313e-02
4.147405827323813465e-02
5.360079445398103354e-02
6.192959316200295078e-02
6.916042806133226861e-02
7.494805041941884904e-02
7.693120694024915829e-02
7.421177561272922218e-02
6.830548429197423610e-02
6.114746480892135211e-02
5.260410129655229694e-02
4.074701957240431383e-02
2.888786122431150072e-02
2.045583897519864108e-02
1.411096339241048672e-02
8.211639840812984953e-03
6.913337307230214661e-03
6.581337749394189536e-03
6.878447612367412194e-03
7.656288688349849152e-03
9.738891963969969340e-03
1.342235840939992424e-02
1.925394598547851971e-02
2.817472845060660716e-02
4.147405827323812078e-02
5.769937525289527830e-02
6.405954388988206738e-02
6.609434595000911183e-02
7.054598142556953166e-02
7.479412642280340584e-02
7.459450839787090670e-02
6.752295594054760763e-02
5.732597525201520855e-02
4.709886080209706172e-02
3.719381521985405670e-02
2.793996293808184705e-02
2.043035509958036205e-02
1.435698472914413194e-02
1.065948236876279771e-02
7.078322705231031298e-03
6.651122438523114286e-03
6.866364748627152258e-03
7.789676331124964839e-03
9.780629384610847396e-03
1.314002384055698060e-02
1.803203806101058917e-02
2.605042953108877013e-02
3.741207772754231303e-02
5.360079445398101966e-02
6.405954388988203962e-02
6.167357405772180834e-02
5.707222189574737148e-02
6.324625196713160036e-02
7.063014080735877109e-02
6.872094221709977580e-02
5.741850850253482630e-02
4.521442725152535064e-02
3.480621365409627271e-02
2.607863044899122115e-02
1.928523279586750322e-02
1.411096339241051274e-02
1.055418624587605228e-02
8.367663503156805294e-03
6.725843724137038106e-03
7.028961390520410517e-03
8.105851886062545239e-03
1.026783510641322492e-02
1.346209581560414703e-02
1.803509295568704596e-02
2.501284916651102391e-02
3.475477972074198646e-02
4.751295993323984002e-02
6.192959316200299935e-02
6.609434595000907020e-02
5.707222189574730209e-02
4.955069482449935003e-02
5.716331768871352886e-02
6.606689856759952184e-02
6.153693015959146861e-02
4.721572928120151835e-02
3.485855909320912521e-02
2.512464516969326045e-02
1.809475868738097751e-02
1.353394309592300879e-02
1.039340753953261511e-02
8.147572839686582913e-03
7.078322705231033900e-03
7.043713116020161417e-03
8.320285870635699133e-03
1.055405363461473477e-02
1.407780700213197983e-02
1.930484443820110543e-02
2.607996074498289754e-02
3.475739181248679172e-02
4.519733328448523324e-02
5.765853567489937631e-02
6.916042806133224086e-02
7.054598142556953166e-02
6.324625196713164199e-02
5.716331768871351499e-02
6.167578118773039270e-02
6.388050646870331584e-02
5.325210468208278758e-02
3.736236610875949549e-02
2.605910257744889838e-02
1.806895200756299114e-02
1.319576847058809461e-02
9.882258016010574478e-03
7.843042657143164259e-03
6.866217751425082727e-03
6.635532698228623766e-03
8.105851886062545239e-03
1.052357651240498106e-02
1.431847877646816661e-02
2.048356913347557789e-02
2.809744958523432631e-02
3.726574687426742472e-02
4.739708588085171648e-02
5.779714075184995414e-02
6.800885608987487785e-02
7.494805041941889068e-02
7.479412642280340584e-02
7.063014080735866007e-02
6.606689856759939694e-02
6.388050646870327420e-02
5.732855339647609239e-02
4.100747418487345891e-02
2.805576059556510321e-02
1.926183173092452933e-02
1.348487183163149007e-02
9.918552689456320778e-03
7.752801254703086016e-03
6.900400459340593450e-03
6.591360583520089987e-03
6.866364748627149656e-03
1.026783510641321798e-02
1.404261399901185654e-02
2.048356913347559177e-02
2.912983502404051586e-02
4.121007160069368319e-02
5.325210636604856690e-02
6.152593172136337080e-02
6.867266861140186585e-02
7.454319153718919067e-02
7.693120694024918604e-02
7.459450839787089282e-02
6.872094221709980355e-02
6.153693015959148943e-02
5.325210468208280146e-02
4.100747418487347973e-02
2.901000306250267266e-02
2.047066751823407860e-02
1.407779735508661936e-02
1.028130919883066263e-02
7.853300071513635849e-03
6.896200674474586324e-03
6.797275460813522949e-03
6.896178709364006107e-03
7.789676331124956166e-03
1.346209581560412968e-02
1.926368031326124164e-02
2.809744958523430550e-02
4.121007160069365544e-02
5.735449342477969004e-02
6.378458166173048283e-02
6.591770170452733446e-02
7.055149419422755697e-02
7.459840182285143451e-02
7.421177561272924994e-02
6.752295594054762151e-02
5.741850850253482630e-02
4.721572928120157386e-02
3.736236610875951630e-02
2.805576059556510321e-02
2.047066751823409941e-02
1.438325104896937164e-02
1.051793989923446339e-02
8.097703359078856425e-03
6.867566547244908538e-03
6.564266078088697859e-03
6.871415026420544213e-03
7.703885160429331871e-03
9.780629384610847396e-03
1.803509295568703555e-02
2.607514184105393096e-02
3.726574687426736920e-02
5.325210636604851139e-02
6.378458166173048283e-02
6.185950873915464776e-02
5.798453936231177247e-02
6.348277797330002803e-02
7.059146777695600450e-02
6.830548429197427773e-02
5.732597525201518079e-02
4.521442725152538533e-02
3.485855909320915297e-02
2.605910257744892961e-02
1.926183173092453280e-02
1.407779735508663671e-02
1.051793989923447033e-02
8.221876252684947109e-03
6.994601852516082498e-03
6.598028564925061297e-03
6.818713034465494378e-03
7.739872550087976109e-03
9.836164185498786142e-03
1.314002384055697019e-02
2.501284916651098922e-02
3.472207199747771866e-02
4.739708588085170260e-02
6.152593172136339855e-02
6.591770170452738997e-02
5.798453936231177247e-02
5.030121496620554300e-02
5.778624969997601252e-02
6.595779413087689280e-02
6.114746480892135211e-02
4.709886080209706172e-02
3.480621365409626577e-02
2.512464516969327086e-02
1.806895200756299114e-02
1.348487183163149875e-02
1.028130919883066784e-02
8.097703359078861629e-03
6.994601852516086835e-03
6.652152950952093698e-03
6.945635259751066493e-03
7.996245175897209040e-03
1.016471816662255050e-02
1.347312622460898439e-02
1.803203806101059611e-02
3.475477972074202809e-02
4.519648389100606317e-02
5.779714075184996802e-02
6.867266861140186585e-02
7.055149419422761248e-02
6.348277797330002803e-02
5.778624969997600558e-02
6.189691283080027417e-02
6.381599065677188987e-02
5.260410129655230388e-02
3.719381521985404976e-02
2.607863044899119687e-02
1.809475868738100179e-02
1.319576847058809808e-02
9.918552689456322513e-03
7.853300071513639319e-03
6.867566547244908538e-03
6.598028564925061297e-03
6.945635259751066493e-03
8.131974863397808256e-03
1.040016471543498897e-02
1.401840588596306968e-02
1.922970938878952943e-02
2.605042953108877360e-02
4.751295993323981920e-02
5.787566067112014101e-02
6.800885608987485009e-02
7.454319153718916291e-02
7.459840182285143451e-02
7.059146777695600450e-02
6.595779413087687892e-02
6.381599065677191762e-02
5.694826164499330184e-02
4.074701957240427219e-02
2.793996293808183318e-02
1.928523279586748587e-02
1.353394309592300532e-02
9.882258016010571008e-03
7.752801254703086016e-03
6.896200674474590661e-03
6.564266078088700461e-03
6.818713034465490042e-03
7.996245175897205570e-03
1.040016471543499070e-02
1.430201034967714877e-02
2.050603503810120853e-02
2.813249588349799740e-02
3.741207772754235467e-02
6.192959316200295078e-02
6.913803963276902997e-02
7.494805041941887680e-02
7.693120694024921380e-02
7.421177561272924994e-02
6.830548429197430549e-02
6.114746480892138680e-02
5.260410129655227612e-02
4.074701957240430689e-02
2.888786122431151807e-02
2.043035509958034471e-02
1.411096339241050927e-02
1.039340753953260817e-02
7.843042657143167729e-03
6.900400459340587378e-03
6.797275460813524683e-03
6.871415026420546815e-03
7.739872550087974375e-03
1.016471816662252968e-02
1.401840588596304192e-02
2.050603503810121547e-02
2.924742624233415619e-02
4.126646593724950934e-02
5.360079445398099884e-02
6.597779688563654155e-02
7.071413745140349427e-02
7.469597283789541908e-02
7.454318777132716567e-02
6.776405663708393035e-02
5.758853086753891459e-02
4.722488473900150058e-02
3.724132464799997239e-02
2.803114158406660311e-02
2.045583897519864108e-02
1.435698472914411980e-02
1.055418624587604881e-02
8.147572839686582913e-03
6.866217751425090533e-03
6.591360583520091722e-03
6.896178709364006107e-03
7.703885160429331871e-03
9.836164185498787876e-03
1.347312622460898959e-02
1.922970938878953637e-02
2.813249588349798005e-02
4.126646593724950934e-02
5.732794175553326127e-02
6.387834240029703625e-02
5.707222189574728821e-02
6.325061144018472026e-02
7.063014080735868783e-02
6.872094221709977580e-02
5.741850850253478467e-02
4.521442725152532982e-02
3.480621365409625190e-02
2.607863044899120381e-02
1.928523279586746506e-02
1.411096339241048672e-02
1.065948236876281159e-02
8.367663503156803559e-03
7.078322705231031298e-03
6.635532698228622898e-03
6.866364748627156595e-03
7.789676331124962237e-03
9.780629384610854335e-03
1.314002384055698407e-02
1.803203806101060652e-02
2.605042953108878401e-02
3.741207772754231303e-02
5.360079445398097803e-02
6.387834240029703625e-02
6.167357405772175283e-02
9.923203955576760313e-03
3.910023417036493504e-02
4.024340781391386179e-02
6.596060696414465796e-02
5.397277710745287255e-02
3.714041703044861781e-02
2.511448829617842979e-02
1.672859366446708893e-02
1.164077540450259018e-02
8.147572839686579443e-03
6.215572954808421501e-03
5.390663868837587344e-03
5.037547248093359950e-03
5.351941421903066987e-03
6.132137634976970487e-03
7.996321765126901751e-03
1.149578714441706548e-02
1.670807209258354242e-02
2.495806598489778635e-02
3.717463640935045333e-02
5.472267846615078146e-02
6.597779688563652767e-02
4.020871864858537731e-02
3.938711272259520085e-02
3.910023417036496279e-02
3.445166309890091566e-02
4.961018974951750260e-02
6.381781006026389369e-02
4.624030415285550200e-02
3.018426154622897567e-02
2.006930267851252114e-02
1.359181741140369146e-02
9.367698191492780657e-03
6.905657980130165338e-03
5.805785197730473426e-03
5.410426021647634504e-03
5.347905074835148515e-03
5.925543354905011759e-03
7.398933119608978003e-03
1.040011479728930599e-02
1.496022718348370868e-02
2.161316981622340636e-02
3.138191356334998211e-02
4.441606496618313860e-02
6.139223848982895693e-02
7.071413745140342488e-02
5.035639795383566736e-02
3.363063570727559820e-02
4.024340781391391036e-02
4.961018974951750260e-02
6.467092791758946579e-02
5.694913033840421496e-02
3.688678568282635628e-02
2.453049170343126958e-02
1.626180100942729162e-02
1.140974874001088497e-02
8.128424099291868543e-03
6.591360583520089120e-03
5.882198936124886750e-03
5.777087956174823541e-03
6.132137634976967018e-03
7.449927865095303837e-03
9.960876235733235468e-03
1.430116015873888514e-02
2.058981317338076655e-02
2.882396180226046503e-02
3.921280472818831214e-02
5.130995376557322130e-02
6.629136352049994074e-02
7.469597283789544684e-02
7.022051818224657460e-02
5.101521875700523734e-02
6.596060696414471347e-02
6.381781006026392145e-02
5.694913033840428435e-02
4.074919244792842704e-02
2.793960858685297713e-02
1.928406790574093213e-02
1.353381486838518312e-02
9.962098286384118637e-03
7.752882717356888304e-03
6.896178709364006107e-03
6.563610613916652861e-03
6.818744291064039904e-03
7.996321765126889608e-03
1.042131300942462056e-02
1.430116015873889035e-02
2.050633534641618100e-02
2.817451743833672764e-02
3.741137092363793631e-02
4.751306395611964301e-02
5.787501298432427138e-02
6.800929252699876304e-02
7.454318777132715179e-02
7.448242967290588656e-02
7.059221735158324740e-02
5.397277710745292806e-02
4.624030415285548118e-02
3.688678568282635628e-02
2.793960858685295978e-02
2.054327273243234525e-02
1.500403783364424697e-02
1.169477223809891470e-02
9.372383629035307973e-03
8.094175112245196105e-03
7.703885160429328402e-03
8.012471356089991004e-03
9.185078861165716160e-03
1.149578714441706201e-02
1.496253483630197514e-02
2.058981317338076655e-02
2.817451743833672764e-02
3.720874232842728141e-02
4.702268849451273630e-02
5.492262766813867797e-02
6.155510709755211002e-02
6.630739124059678580e-02
6.776405663708393035e-02
6.573210588902714258e-02
6.070512204447239824e-02
3.714041703044865944e-02
3.018426154622898261e-02
2.453049170343128693e-02
1.928406790574095295e-02
1.500403783364424697e-02
1.238391963945216327e-02
1.059460811921605558e-02
9.562990323954145139e-03
9.308704412072998230e-03
9.836164185498789611e-03
1.126294125517508446e-02
1.349638228151943224e-02
1.670807209258354589e-02
2.157537599354048333e-02
2.882396180226046503e-02
3.741137092363795713e-02
4.702268849451275018e-02
5.359312882432299557e-02
5.702063071445234721e-02
5.995728800492502314e-02
6.136665288194403239e-02
5.758853086753887296e-02
5.110371447783055437e-02
4.434642628373834661e-02
2.511448829617842979e-02
2.006930267851253502e-02
1.626180100942729856e-02
1.353381486838519526e-02
1.169477223809890949e-02
1.059460811921606252e-02
1.021766814242034208e-02
1.055091678499546493e-02
1.161759023780591094e-02
1.347312622460898092e-02
1.618085440130146227e-02
1.992114777755105842e-02
2.495806598489780717e-02
3.139942737882740059e-02
3.921280472818829133e-02
4.751306395611964301e-02
5.492262766813869185e-02
5.702063071445231252e-02
5.715715460604659653e-02
5.681926912329979956e-02
5.457007176676666876e-02
4.722488473900151446e-02
3.922065610073775799e-02
3.152972904379433561e-02
1.672859366446708893e-02
1.359181741140370707e-02
1.140974874001089538e-02
9.962098286384127310e-03
9.372383629035318381e-03
9.562990323954148608e-03
1.055091678499547013e-02
1.232332150766116304e-02
1.496742758082025317e-02
1.922970938878952249e-02
2.456050316305522646e-02
3.029093444068324884e-02
3.717463640935043251e-02
4.451216386795550650e-02
5.130995376557320742e-02
5.787501298432423669e-02
6.155510709755204063e-02
5.995728800492503702e-02
5.681926912329979956e-02
5.323609669508166248e-02
4.661256455023759376e-02
3.724132464799995851e-02
2.886240298344151800e-02
2.161083452018683002e-02
1.164077540450260406e-02
9.367698191492789331e-03
8.128424099291872013e-03
7.752882717356886569e-03
8.094175112245203044e-03
9.308704412073008638e-03
1.161759023780590920e-02
1.496742758082024449e-02
2.054514464501653800e-02
2.813249588349801822e-02
3.709126838063990517e-02
4.682513199310534002e-02
5.472267846615084391e-02
6.136665288194398382e-02
6.629136352049998238e-02
6.800929252699877692e-02
6.630739124059684131e-02
6.136665288194404627e-02
5.457007176676666876e-02
4.661256455023753825e-02
3.698616817650099420e-02
2.803114158406661005e-02
2.054514464501649984e-02
1.497194884355523836e-02
8.147572839686575974e-03
6.905657980130173144e-03
6.591360583520098661e-03
6.896178709364007842e-03
7.703885160429331871e-03
9.836164185498793081e-03
1.347312622460898092e-02
1.922970938878951555e-02
2.813249588349801822e-02
4.126646593724955098e-02
5.753185423966676593e-02
6.387834240029703625e-02
6.597779688563655542e-02
7.062939634162461455e-02
7.469597283789550235e-02
7.454318777132709628e-02
6.776405663708391647e-02
5.758853086753887990e-02
4.722488473900151446e-02
3.724132464799992381e-02
2.803114158406661699e-02
2.045583897519863414e-02
1.431826867946669676e-02
1.055418624587603320e-02
6.215572954808424970e-03
5.805785197730463885e-03
5.882198936124888485e-03
6.563610613916645922e-03
8.012471356089997943e-03
1.126294125517506885e-02
1.618085440130146227e-02
2.456050316305524728e-02
3.709126838063993292e-02
5.753185423966671735e-02
6.528730531947973814e-02
4.989593419094106447e-02
3.970060398168229199e-02
5.080747533976347208e-02
7.048122616762578230e-02
7.459863873798748546e-02
6.576102500429167885e-02
5.114460905118352330e-02
3.924235995937017801e-02
2.884729001388913056e-02
2.054565317751508649e-02
1.435698472914410245e-02
1.005900579064031818e-02
7.548631534834458930e-03
5.390663868837587344e-03
5.410426021647629299e-03
5.777087956174822674e-03
6.818744291064046843e-03
9.185078861165712691e-03
1.349638228151944438e-02
1.992114777755106536e-02
3.029093444068325230e-02
4.682513199310534696e-02
6.387834240029696686e-02
4.989593419094110610e-02
3.329308778237538569e-02
3.938711272259520779e-02
3.297067327271314963e-02
5.101521875700529285e-02
7.059221735158324740e-02
6.070512204447239824e-02
4.434642628373832579e-02
3.152972904379437724e-02
2.161083452018681961e-02
1.497194884355526959e-02
1.055418624587605228e-02
7.450034535234842901e-03
5.967406361346291183e-03
5.037547248093359950e-03
5.347905074835142443e-03
6.132137634976970487e-03
7.996321765126900016e-03
1.149578714441706721e-02
1.670807209258353201e-02
2.495806598489780023e-02
3.717463640935044639e-02
5.472267846615084391e-02
6.597779688563649991e-02
3.970060398168231280e-02
3.938711272259522167e-02
9.923203955576772456e-03
3.941975161765646357e-02
4.024340781391386873e-02
6.596060696414469959e-02
5.397277710745289336e-02
3.714041703044865944e-02
2.511448829617840897e-02
1.672859366446708893e-02
1.164077540450261100e-02
8.147572839686586382e-03
6.187669613363028578e-03
5.390663868837587344e-03
5.351941421903066987e-03
5.925543354905014361e-03
7.449927865095308174e-03
1.042131300942461709e-02
1.496253483630198382e-02
2.157537599354047292e-02
3.139942737882738671e-02
4.451216386795552038e-02
6.136665288194403239e-02
7.062939634162455904e-02
5.080747533976347208e-02
3.297067327271314963e-02
3.941975161765644275e-02
3.329384055104627621e-02
5.012229553787187625e-02
6.366881445794742023e-02
4.647523412470735277e-02
3.019798598178627391e-02
2.008367660755261755e-02
1.354838770389899666e-02
9.308704412073012108e-03
6.866217751425088799e-03
5.775915321514703271e-03
5.396705781979805466e-03
6.132137634976962681e-03
7.398933119608983207e-03
9.960876235733242406e-03
1.430116015873886953e-02
2.058981317338077349e-02
2.882396180226046850e-02
3.921280472818829826e-02
5.130995376557317966e-02
6.629136352049996850e-02
7.469597283789547459e-02
7.048122616762578230e-02
5.101521875700520264e-02
4.024340781391386179e-02
5.012229553787183461e-02
6.467092791758956294e-02
5.694913033840424965e-02
3.688678568282634934e-02
2.453049170343126958e-02
1.626180100942727427e-02
1.140974874001087803e-02
8.128424099291878951e-03
6.591360583520085650e-03
5.887096638972567214e-03
5.777087956174825276e-03
7.996321765126900016e-03
1.040011479728930946e-02
1.430116015873889035e-02
2.050633534641617059e-02
2.817451743833673805e-02
3.741137092363795713e-02
4.751306395611963607e-02
5.787501298432430608e-02
6.800929252699880467e-02
7.454318777132709628e-02
7.459863873798745770e-02
7.059221735158334454e-02
6.596060696414469959e-02
6.366881445794742023e-02
5.694913033840427047e-02
4.074919244792840622e-02
2.793960858685295631e-02
1.928406790574093560e-02
1.353381486838518659e-02
9.962098286384111698e-03
7.752882717356889171e-03
6.896178709364013913e-03
6.577640760446861780e-03
6.818744291064041639e-03
1.149578714441705160e-02
1.496022718348370174e-02
2.058981317338075614e-02
2.817451743833671376e-02
3.720874232842726753e-02
4.702268849451273630e-02
5.492262766813865021e-02
6.155510709755202675e-02
6.630739124059682743e-02
6.776405663708390259e-02
6.576102500429167885e-02
6.070512204447237048e-02
5.397277710745292806e-02
4.647523412470739440e-02
3.688678568282639098e-02
2.793960858685295631e-02
2.054327273243234525e-02
1.500403783364424350e-02
1.169477223809891123e-02
9.372383629035302768e-03
8.094175112245196105e-03
7.703885160429335341e-03
8.049456434250082046e-03
9.185078861165712691e-03
1.670807209258353201e-02
2.161316981622340289e-02
2.882396180226046503e-02
3.741137092363795019e-02
4.702268849451277100e-02
5.359312882432295394e-02
5.702063071445233333e-02
5.995728800492502314e-02
6.136665288194398382e-02
5.758853086753887990e-02
5.114460905118350942e-02
4.434642628373836049e-02
3.714041703044868026e-02
3.019798598178630861e-02
2.453049170343127999e-02
1.928406790574093907e-02
1.500403783364424697e-02
1.238391963945217542e-02
1.059460811921605905e-02
9.562990323954145139e-03
9.308704412073001699e-03
9.836164185498791346e-03
1.132767672430488350e-02
1.349638228151942877e-02
2.495806598489780370e-02
3.138191356334998211e-02
3.921280472818829133e-02
4.751306395611965688e-02
5.492262766813867103e-02
5.702063071445236803e-02
5.715715460604659653e-02
5.681926912329979956e-02
5.457007176676664101e-02
4.722488473900149364e-02
3.924235995937017801e-02
3.152972904379434949e-02
2.511448829617842979e-02
2.008367660755262102e-02
1.626180100942729856e-02
1.353381486838518312e-02
1.169477223809890949e-02
1.059460811921606772e-02
1.021766814242035075e-02
1.055091678499546839e-02
1.161759023780590747e-02
1.347312622460898959e-02
1.619022485216556340e-02
1.992114777755107577e-02
3.717463640935045333e-02
4.441606496618312472e-02
5.130995376557319354e-02
5.787501298432427138e-02
6.155510709755208226e-02
5.995728800492502314e-02
5.681926912329979956e-02
5.323609669508166248e-02
4.661256455023753131e-02
3.724132464799993075e-02
2.884729001388912362e-02
2.161083452018683002e-02
1.672859366446708546e-02
1.354838770389898799e-02
1.140974874001088844e-02
9.962098286384120371e-03
9.372383629035314911e-03
9.562990323954138200e-03
1.055091678499547013e-02
1.232332150766117518e-02
1.496742758082024449e-02
1.922970938878951555e-02
2.454288149820854983e-02
3.029093444068326271e-02
5.472267846615081616e-02
6.139223848982895693e-02
6.629136352049994074e-02
6.800929252699877692e-02
6.630739124059678580e-02
6.136665288194398382e-02
5.457007176676666876e-02
4.661256455023757989e-02
3.698616817650097338e-02
2.803114158406662740e-02
2.054565317751506914e-02
1.497194884355526959e-02
1.164077540450261621e-02
9.308704412073003434e-03
8.128424099291872013e-03
7.752882717356898712e-03
8.094175112245196105e-03
9.308704412073003434e-03
1.161759023780589879e-02
1.496742758082024970e-02
2.054514464501651719e-02
2.813249588349800781e-02
3.698616817650093869e-02
4.682513199310530533e-02
6.597779688563658318e-02
7.071413745140349427e-02
7.469597283789547459e-02
7.454318777132717955e-02
6.776405663708394422e-02
5.758853086753887296e-02
4.722488473900152833e-02
3.724132464799995157e-02
2.803114158406662740e-02
2.045583897519863761e-02
1.435698472914410939e-02
1.055418624587604534e-02
8.147572839686582913e-03
6.866217751425090533e-03
6.591360583520093457e-03
6.896178709364011311e-03
7.703885160429332739e-03
9.836164185498796550e-03
1.347312622460898959e-02
1.922970938878952249e-02
2.813249588349798005e-02
4.126646593724950934e-02
5.732794175553324739e-02
6.387834240029703625e-02
4.020871864858537037e-02
5.035639795383569511e-02
7.022051818224669950e-02
7.448242967290591432e-02
6.573210588902714258e-02
5.110371447783058213e-02
3.922065610073776493e-02
2.886240298344150759e-02
2.054514464501651025e-02
1.431826867946670544e-02
1.005900579064032165e-02
7.450034535234835963e-03
6.187669613363032915e-03
5.775915321514693730e-03
5.887096638972573286e-03
6.577640760446864382e-03
8.049456434250085515e-03
1.132767672430487829e-02
1.619022485216557380e-02
2.454288149820854290e-02
3.698616817650095256e-02
5.732794175553324739e-02
6.466860457513198823e-02
5.011991965578280195e-02
3.938711272259518698e-02
3.363063570727557045e-02
5.101521875700526509e-02
7.059221735158323352e-02
6.070512204447235660e-02
4.434642628373831191e-02
3.152972904379432867e-02
2.161083452018681614e-02
1.497194884355524877e-02
1.055418624587604014e-02
7.548631534834462399e-03
5.967406361346291183e-03
5.390663868837587344e-03
5.396705781979797660e-03
5.777087956174822674e-03
6.818744291064046843e-03
9.185078861165712691e-03
1.349638228151943224e-02
1.992114777755108618e-02
3.029093444068327312e-02
4.682513199310527063e-02
6.387834240029700850e-02
5.011991965578277419e-02
3.329308778237536487e-02
9.999999999999999547e-07
9.999999999999999547e-07
3.942010391124312757e-02
5.807133810746022834e-02
5.639157535981774438e-02
3.886135200636188503e-02
2.494027070738595586e-02
1.595414991819957620e-02
1.059435417089509522e-02
7.078322705231026961e-03
5.401821754015833504e-03
4.930583187045112573e-03
4.762700995580255309e-03
4.907852580121798564e-03
5.351422888287276844e-03
6.958906901579509779e-03
1.041290466248899829e-02
1.592377473503508306e-02
2.469741556615669131e-02
3.905137911967927755e-02
5.701966759520481903e-02
5.707222189574732291e-02
3.938711272259517310e-02
9.999999999999999547e-07
9.999999999999999547e-07
9.999999999999999547e-07
3.386139751739521836e-02
6.186552898295530345e-02
5.280076385164907127e-02
3.437307495593651396e-02
2.234955190085909094e-02
1.446407398971116809e-02
9.562960326623732091e-03
6.651122438523116021e-03
5.412863159620138684e-03
5.058658148496300924e-03
4.907914502290591265e-03
5.163609777709089396e-03
5.926155663084298197e-03
8.179937847415301097e-03
1.223899961788569614e-02
1.820678242972023284e-02
2.787844256586731462e-02
4.248661605926202373e-02
5.995734419130945014e-02
6.325061144018473414e-02
3.363063570727556351e-02
9.999999999999999547e-07
3.942010391124312757e-02
3.386139751739521836e-02
5.012192256420820724e-02
6.366852900860879572e-02
4.647378414168179539e-02
3.019748470787643468e-02
2.008417363844926945e-02
1.354856373108704812e-02
9.309729734364613485e-03
6.866364748627146186e-03
5.782891531872843584e-03
5.395412125752262374e-03
5.351422888287280313e-03
5.967491855600785648e-03
7.450046449566949738e-03
1.042153269692547811e-02
1.496211007663012828e-02
2.157576561113017793e-02
3.139848640042101902e-02
4.451171553020364519e-02
6.136711631383485327e-02
7.063014080735871558e-02
5.101521875700526509e-02
3.296985920905341760e-02
5.807133810746029079e-02
6.186552898295535202e-02
6.366852900860886511e-02
5.287696580510139327e-02
3.721370814449456721e-02
2.607991572132422470e-02
1.808238460029108069e-02
1.319448403750738893e-02
9.836176210941870168e-03
7.789676331124951829e-03
6.829767313254530431e-03
6.578936100715417415e-03
6.958906901579507177e-03
8.221284543946877701e-03
1.042153269692546770e-02
1.404593384423859573e-02
1.928898427886221664e-02
2.605794878368505180e-02
3.479825093188262941e-02
4.521910365928389491e-02
5.758793014047288578e-02
6.872094221709978967e-02
7.059221735158323352e-02
6.350428632414960306e-02
5.639157535981774438e-02
5.280076385164913372e-02
4.647378414168184396e-02
3.721370814449458803e-02
2.879719391084264307e-02
2.158139980333813671e-02
1.671219356338277118e-02
1.352246188786795922e-02
1.126380994832404045e-02
9.780629384610849131e-03
9.191918524912223373e-03
9.393454127922248181e-03
1.041290466248900176e-02
1.226584917779113479e-02
1.496211007663012481e-02
1.928898427886223399e-02
2.457140205947229428e-02
3.023598322914578668e-02
3.709107042854192793e-02
4.430649230590436027e-02
5.114435122772248432e-02
5.741850850253481242e-02
6.070512204447238436e-02
5.939147980026998619e-02
3.886135200636191972e-02
3.437307495593656947e-02
3.019748470787644509e-02
2.607991572132425245e-02
2.158139980333813671e-02
1.818072453758625903e-02
1.592685986325400455e-02
1.442184459410295223e-02
1.349599479113241726e-02
1.314002384055697539e-02
1.348296666789309747e-02
1.440055111866679442e-02
1.592377473503508306e-02
1.818085540796073388e-02
2.157576561113020569e-02
2.605794878368507955e-02
3.023598322914578668e-02
3.431831345290133756e-02
3.875966464470919498e-02
4.219138944786809953e-02
4.434730878812095239e-02
4.521442725152532982e-02
4.434642628373836049e-02
4.225309558578825564e-02
2.494027070738598709e-02
2.234955190085912910e-02
2.008417363844929027e-02
1.808238460029108069e-02
1.671219356338277118e-02
1.592685986325401495e-02
1.566119394787746782e-02
1.592996153985074687e-02
1.670814963234324574e-02
1.803203806101059958e-02
1.991663691380205284e-02
2.210503503864250791e-02
2.469741556615669825e-02
2.784600341063957207e-02
3.139848640042101208e-02
3.479825093188260166e-02
3.709107042854190711e-02
3.875966464470919498e-02
3.955783488537872872e-02
3.887726457555847059e-02
3.714028910392262739e-02
3.480621365409624496e-02
3.152972904379436336e-02
2.808191103688333426e-02
1.595414991819957967e-02
1.446407398971117676e-02
1.354856373108703771e-02
1.319448403750739240e-02
1.352246188786798003e-02
1.442184459410296958e-02
1.592996153985074340e-02
1.822931751808036169e-02
2.161475004187926943e-02
2.605042953108877360e-02
3.032492464581321850e-02
3.453747557872226259e-02
3.905137911967927755e-02
4.255046749486629531e-02
4.451171553020364519e-02
4.521910365928388104e-02
4.430649230590441578e-02
4.219138944786809953e-02
3.887726457555848447e-02
3.442901182200334281e-02
3.018441522340274685e-02
2.607863044899121421e-02
2.161083452018683002e-02
1.820978907710009767e-02
1.059435417089509696e-02
9.562960326623730356e-03
9.309729734364625628e-03
9.836176210941868434e-03
1.126380994832404218e-02
1.349599479113243114e-02
1.670814963234325615e-02
2.161475004187925208e-02
2.882548420616975332e-02
3.741207772754238242e-02
4.702321657323672160e-02
5.359359711171200052e-02
5.701966759520490230e-02
6.002681728695744012e-02
6.136711631383493654e-02
5.758793014047289965e-02
5.114435122772244963e-02
4.434730878812095239e-02
3.714028910392259963e-02
3.018441522340274338e-02
2.453032286643562834e-02
1.928523279586746852e-02
1.497194884355524877e-02
1.238429093739183695e-02
7.078322705231023491e-03
6.651122438523112551e-03
6.866364748627156595e-03
7.789676331124964839e-03
9.780629384610849131e-03
1.314002384055698060e-02
1.803203806101060652e-02
2.605042953108876319e-02
3.741207772754237548e-02
5.360079445398101966e-02
6.405954388988208126e-02
6.167357405772173895e-02
5.707222189574730209e-02
6.324625196713157260e-02
7.063014080735870170e-02
6.872094221709977580e-02
5.741850850253479854e-02
4.521442725152534370e-02
3.480621365409623108e-02
2.607863044899119687e-02
1.928523279586747546e-02
1.411096339241050060e-02
1.055418624587603667e-02
8.367663503156794885e-03
5.401821754015831770e-03
5.412863159620130878e-03
5.782891531872838380e-03
6.829767313254534768e-03
9.191918524912232047e-03
1.348296666789308360e-02
1.991663691380205631e-02
3.032492464581318381e-02
4.702321657323670773e-02
6.405954388988205350e-02
4.964692632170948638e-02
3.296380576547693064e-02
3.968588120632431104e-02
3.256735517967320609e-02
5.080863927095074367e-02
7.046601420961326467e-02
6.086932911560338083e-02
4.439222131733101817e-02
3.151867604090874408e-02
2.161734999269123575e-02
1.500443940449992103e-02
1.065948236876281333e-02
7.548631534834458930e-03
6.011819296938742535e-03
4.930583187045114307e-03
5.058658148496300057e-03
5.395412125752260639e-03
6.578936100715424354e-03
9.393454127922253385e-03
1.440055111866679442e-02
2.210503503864249750e-02
3.453747557872224178e-02
5.359359711171200746e-02
6.167357405772175283e-02
3.296380576547694452e-02
9.999999999999999547e-07
9.999999999999999547e-07
9.999999999999999547e-07
3.296985920905334821e-02
6.350428632414960306e-02
5.939147980027000007e-02
4.225309558578829033e-02
2.808191103688335161e-02
1.820978907710008032e-02
1.238429093739184736e-02
8.367663503156807028e-03
5.967406361346292917e-03
5.186156216688061517e-03
4.762700995580255309e-03
4.907914502290592999e-03
5.351422888287281181e-03
6.958906901579509779e-03
1.041290466248900870e-02
1.592377473503509000e-02
2.469741556615671907e-02
3.905137911967924980e-02
5.701966759520490924e-02
5.707222189574727433e-02
3.968588120632428329e-02
9.999999999999999547e-07
9.999999999999999547e-07
9.999999999999999547e-07
3.942010391124305818e-02
5.807133810746031161e-02
5.639157535981775826e-02
3.886135200636190584e-02
2.494027070738595586e-02
1.595414991819956232e-02
1.059435417089510736e-02
7.078322705231026961e-03
5.390663868837584742e-03
4.930583187045110838e-03
4.907852580121798564e-03
5.163609777709089396e-03
5.967491855600785648e-03
8.221284543946877701e-03
1.226584917779114520e-02
1.818085540796073735e-02
2.784600341063957207e-02
4.255046749486626756e-02
6.002681728695737073e-02
6.324625196713154485e-02
3.256735517967324078e-02
9.999999999999999547e-07
9.999999999999999547e-07
9.999999999999999547e-07
3.329378616381176853e-02
6.185840042502095681e-02
5.296929786433836329e-02
3.431877477329382115e-02
2.238642980686617739e-02
1.444133438915815200e-02
9.541358019773283489e-03
6.635532698228625501e-03
5.396705781979804599e-03
5.052200764790208340e-03
5.351422888287276844e-03
5.926155663084300800e-03
7.450046449566949738e-03
1.042153269692546770e-02
1.496211007663013695e-02
2.157576561113019181e-02
3.139848640042099820e-02
4.451171553020364519e-02
6.136711631383490878e-02
7.063014080735870170e-02
5.080863927095071592e-02
3.296985920905340373e-02
3.942010391124304430e-02
3.329378616381180322e-02
5.012192256420822112e-02
6.366852900860885123e-02
4.647378414168183702e-02
3.019748470787641387e-02
2.008417363844926945e-02
1.354856373108703077e-02
9.309729734364627363e-03
6.866364748627149656e-03
5.777087956174822674e-03
5.395412125752262374e-03
6.958906901579511514e-03
8.179937847415299362e-03
1.042153269692547291e-02
1.404593384423860093e-02
1.928898427886222358e-02
2.605794878368507261e-02
3.479825093188262941e-02
4.521910365928389491e-02
5.758793014047293435e-02
6.872094221709978967e-02
7.046601420961329243e-02
6.350428632414960306e-02
5.807133810746036712e-02
6.185840042502105396e-02
6.366852900860886511e-02
5.287696580510133776e-02
3.721370814449458803e-02
2.607991572132423511e-02
1.808238460029107375e-02
1.319448403750738373e-02
9.836176210941875372e-03
7.789676331124963105e-03
6.818744291064048578e-03
6.578936100715424354e-03
1.041290466248899656e-02
1.223899961788569614e-02
1.496211007663012134e-02
1.928898427886220970e-02
2.457140205947229428e-02
3.023598322914577627e-02
3.709107042854192793e-02
4.430649230590438803e-02
5.114435122772247044e-02
5.741850850253478467e-02
6.086932911560341553e-02
5.939147980027000007e-02
5.639157535981780683e-02
5.296929786433836329e-02
4.647378414168184396e-02
3.721370814449456721e-02
2.879719391084262572e-02
2.158139980333814711e-02
1.671219356338276424e-02
1.352246188786795922e-02
1.126380994832405086e-02
9.780629384610863009e-03
9.185078861165705752e-03
9.393454127922256855e-03
1.592377473503508306e-02
1.820678242972022243e-02
2.157576561113017793e-02
2.605794878368505180e-02
3.023598322914576239e-02
3.431831345290134450e-02
3.875966464470918110e-02
4.219138944786809259e-02
4.434730878812095239e-02
4.521442725152535064e-02
4.439222131733108062e-02
4.225309558578831809e-02
3.886135200636194054e-02
3.431877477329382808e-02
3.019748470787644856e-02
2.607991572132423858e-02
2.158139980333814018e-02
1.818072453758626597e-02
1.592685986325400455e-02
1.442184459410294529e-02
1.349599479113241726e-02
1.314002384055698060e-02
1.349638228151943745e-02
1.440055111866679442e-02
2.469741556615669131e-02
2.787844256586734584e-02
3.139848640042101902e-02
3.479825093188262941e-02
3.709107042854190711e-02
3.875966464470919498e-02
3.955783488537872872e-02
3.887726457555848447e-02
3.714028910392260657e-02
3.480621365409625190e-02
3.151867604090876490e-02
2.808191103688335161e-02
2.494027070738600096e-02
2.238642980686620862e-02
2.008417363844927639e-02
1.808238460029109110e-02
1.671219356338277118e-02
1.592685986325400802e-02
1.566119394787746782e-02
1.592996153985073646e-02
1.670814963234325615e-02
1.803203806101061346e-02
1.992114777755108618e-02
2.210503503864250791e-02
3.905137911967926367e-02
4.248661605926207230e-02
4.451171553020364519e-02
4.521910365928389491e-02
4.430649230590440191e-02
4.219138944786809259e-02
3.887726457555847059e-02
3.442901182200337057e-02
3.018441522340272951e-02
2.607863044899119687e-02
2.161734999269123575e-02
1.820978907710008379e-02
1.595414991819957273e-02
1.444133438915816414e-02
1.354856373108703771e-02
1.319448403750739240e-02
1.352246188786797657e-02
1.442184459410296264e-02
1.592996153985074687e-02
1.822931751808036169e-02
2.161475004187925208e-02
2.605042953108879095e-02
3.029093444068328006e-02
3.453747557872229729e-02
5.701966759520488842e-02
5.995734419130952647e-02
6.136711631383487409e-02
5.758793014047289965e-02
5.114435122772243575e-02
4.434730878812093852e-02
3.714028910392260657e-02
3.018441522340274338e-02
2.453032286643562834e-02
1.928523279586746506e-02
1.500443940449992623e-02
1.238429093739184736e-02
1.059435417089511257e-02
9.541358019773288693e-03
9.309729734364625628e-03
9.836176210941878842e-03
1.126380994832404912e-02
1.349599479113242420e-02
1.670814963234325615e-02
2.161475004187926249e-02
2.882548420616974985e-02
3.741207772754233385e-02
4.682513199310529839e-02
5.359359711171198665e-02
5.707222189574732291e-02
6.325061144018477577e-02
7.063014080735867395e-02
6.872094221709978967e-02
5.741850850253478467e-02
4.521442725152532982e-02
3.480621365409625190e-02
2.607863044899120727e-02
1.928523279586746852e-02
1.411096339241049193e-02
1.065948236876280118e-02
8.367663503156808763e-03
7.078322705231032165e-03
6.635532698228623766e-03
6.866364748627153992e-03
7.789676331124968309e-03
9.780629384610845661e-03
1.314002384055697019e-02
1.803203806101060999e-02
2.605042953108877013e-02
3.741207772754232691e-02
5.360079445398099190e-02
6.387834240029703625e-02
6.167357405772176671e-02
3.938711272259518698e-02
3.363063570727558432e-02
5.101521875700520958e-02
7.059221735158324740e-02
6.070512204447231497e-02
4.434642628373833967e-02
3.152972904379434949e-02
2.161083452018681614e-02
1.497194884355524530e-02
1.055418624587604361e-02
7.548631534834458930e-03
5.967406361346294652e-03
5.390663868837583875e-03
5.396705781979801129e-03
5.777087956174825276e-03
6.818744291064052047e-03
9.185078861165726569e-03
1.349638228151942877e-02
1.992114777755107924e-02
3.029093444068329741e-02
4.682513199310526369e-02
6.387834240029703625e-02
5.011991965578280195e-02
3.329308778237539956e-02
9.999999999999999547e-07
9.999999999999999547e-07
3.296985920905338291e-02
6.350428632414953367e-02
5.939147980026995843e-02
4.225309558578822788e-02
2.808191103688334120e-02
1.820978907710008032e-02
1.238429093739182654e-02
8.367663503156796620e-03
6.011819296938744270e-03
5.186156216688059782e-03
4.930583187045110838e-03
5.052200764790201401e-03
5.395412125752260639e-03
6.578936100715426956e-03
9.393454127922253385e-03
1.440055111866678575e-02
2.210503503864250444e-02
3.453747557872229729e-02
5.359359711171200052e-02
6.167357405772175283e-02
3.329308778237539956e-02
9.999999999999999547e-07
