9.999999999999999547e-07
9.999999999999999547e-07
4.320077296985699172e-02
5.449786802229875798e-02
6.005776171450138978e-02
3.767691460468813175e-02
2.555304606657870375e-02
1.574854881100622855e-02
1.019582654651439609e-02
6.623896431181585005e-03
4.282574287661673924e-03
3.058831959934531740e-03
2.670412239599978792e-03
3.058660214287140487e-03
4.282180956112610105e-03
6.624322036290419650e-03
1.019602528087422584e-02
1.574846189561936866e-02
2.555345919977611638e-02
3.767705795962682930e-02
6.005782283268955996e-02
5.449767480060106750e-02
4.320048100942701363e-02
9.999999999999999547e-07
9.999999999999999547e-07
9.999999999999999547e-07
2.372345503370939038e-02
6.126014382684804443e-02
5.778099772249604277e-02
3.771307325169703795e-02
2.556978658784137340e-02
1.603027269158621357e-02
1.048043717862626699e-02
7.080530714771226392e-03
4.788431534588403170e-03
3.499394550725659810e-03
3.058660214287140487e-03
3.499139426269056146e-03
4.788783446097786764e-03
7.079762314812254251e-03
1.048050725744459691e-02
1.603001681642202830e-02
2.556967401551151278e-02
3.771281657295398604e-02
5.778485327523037729e-02
6.126072670508961315e-02
2.372333135687586594e-02
9.999999999999999547e-07
4.320077296985706111e-02
2.372345503370940079e-02
4.437612897967962294e-02
6.794268425466827577e-02
5.307576031514665837e-02
3.712177786402745538e-02
2.566776838779489742e-02
1.696362971317520035e-02
1.135464429856216859e-02
8.106940813387700923e-03
6.083901838755527772e-03
4.787908544625405979e-03
4.282180956112615310e-03
4.788783446097780692e-03
6.083595910747820711e-03
8.108929687822319030e-03
1.135517233183616463e-02
1.696371375286480701e-02
2.566724269015260851e-02
3.712136207335643701e-02
5.307471035211532712e-02
6.794385717517399670e-02
4.437672241826578351e-02
2.372472887139400258e-02
5.449786802229875798e-02
6.126014382684815546e-02
6.794268425466827577e-02
6.042533152538907826e-02
4.732106919203568629e-02
3.519142396036922110e-02
2.574614701306707915e-02
1.845375108396355920e-02
1.311123964147551182e-02
9.787984704377665143e-03
8.107805435965759200e-03
7.080892637573787257e-03
6.624322036290413579e-03
7.079762314812257720e-03
8.108929687822308621e-03
9.788353296963134276e-03
1.311077962592658956e-02
1.845338136614670110e-02
2.574606343741990891e-02
3.519086194570597570e-02
4.732038001668654320e-02
6.042566407829619984e-02
6.794473941225663560e-02
6.126113334281559075e-02
6.005776171450138978e-02
5.778099772249602195e-02
5.307576031514667919e-02
4.732106919203565160e-02
3.980431751154011460e-02
3.226421024704184681e-02
2.566776838779488701e-02
2.035221783644310459e-02
1.613523894960243107e-02
1.311049222333094191e-02
1.135526453442267311e-02
1.047939001951607614e-02
1.019602528087422931e-02
1.048050725744460905e-02
1.135517233183617677e-02
1.311077962592659650e-02
1.613558430010613234e-02
2.035204527633183852e-02
2.566724269015262586e-02
3.226418151918570426e-02
3.980366375210568630e-02
4.732038299978487406e-02
5.307522195121999048e-02
5.778366290159562407e-02
3.767691460468820114e-02
3.771307325169709346e-02
3.712177786402745538e-02
3.519142396036926274e-02
3.226421024704190232e-02
2.884904814388828884e-02
2.556978658784138381e-02
2.272185906798087837e-02
2.035245174649869329e-02
1.845360054596216146e-02
1.696369006750832881e-02
1.603042457820484656e-02
1.574846189561937906e-02
1.603001681642202830e-02
1.696371375286481048e-02
1.845338136614670457e-02
2.035204527633184199e-02
2.272193423133910331e-02
2.556967401551153360e-02
2.884892092155096760e-02
3.226403582566785000e-02
3.519103900424189885e-02
3.712136328623480419e-02
3.771254465960559299e-02
2.555304606657871416e-02
2.556978658784138381e-02
2.566776838779491823e-02
2.574614701306708955e-02
2.566776838779489742e-02
2.556978658784139075e-02
2.555304606657871416e-02
2.556996204245079451e-02
2.566745336142601044e-02
2.574610524200494910e-02
2.566755772793131649e-02
2.556949843711569734e-02
2.555345919977611638e-02
2.556967401551155095e-02
2.566724269015262586e-02
2.574606343741988809e-02
2.566724269015260851e-02
2.556967401551156482e-02
2.555345919977611638e-02
2.556949843711571121e-02
2.566755772793131649e-02
2.574610524200496992e-02
2.566745336142602085e-02
2.556996204245079451e-02
1.574854881100623202e-02
1.603027269158621357e-02
1.696362971317518301e-02
1.845375108396355573e-02
2.035221783644309418e-02
2.272185906798087837e-02
2.556996204245078411e-02
2.884891390768703351e-02
3.226415421547369072e-02
3.519111058668739078e-02
3.712168425499307034e-02
3.771270486761936491e-02
3.767705795962683624e-02
3.771281657295398604e-02
3.712136207335645088e-02
3.519086194570593407e-02
3.226418151918570426e-02
2.884892092155092250e-02
2.556949843711572162e-02
2.272202406112784623e-02
2.035194993204594502e-02
1.845354187566305287e-02
1.696378121543443487e-02
1.603055629166159901e-02
1.019582654651439955e-02
1.048043717862626005e-02
1.135464429856215818e-02
1.311123964147548754e-02
1.613523894960243801e-02
2.035245174649867941e-02
2.566745336142598963e-02
3.226415421547365603e-02
3.980387884706074186e-02
4.732054274981919995e-02
5.307490684623367844e-02
5.778180034906882367e-02
6.005782283268964322e-02
5.778485327523043974e-02
5.307471035211538263e-02
4.732038001668659871e-02
3.980366375210570712e-02
3.226403582566784306e-02
2.566755772793131649e-02
2.035194993204593461e-02
1.613570927742837696e-02
1.311114348069946506e-02
1.135444400676546318e-02
1.048104019510612099e-02
6.623896431181585005e-03
7.080530714771233330e-03
8.106940813387697453e-03
9.787984704377665143e-03
1.311049222333093844e-02
1.845360054596217186e-02
2.574610524200495951e-02
3.519111058668736997e-02
4.732054274981919995e-02
6.042457112493779259e-02
6.794158838701348790e-02
6.126136119841796290e-02
5.449767480060101893e-02
6.126072670508961315e-02
6.794385717517395507e-02
6.042566407829617209e-02
4.732038299978487406e-02
3.519103900424191966e-02
2.574610524200496992e-02
1.845354187566304940e-02
1.311114348069946506e-02
9.788753022156176931e-03
8.108645712335332476e-03
7.081376027851380393e-03
4.282574287661671322e-03
4.788431534588403170e-03
6.083901838755530374e-03
8.107805435965759200e-03
1.135526453442266617e-02
1.696369006750832881e-02
2.566755772793130955e-02
3.712168425499307728e-02
5.307490684623365762e-02
6.794158838701341852e-02
4.437464994508744792e-02
2.372441505521447752e-02
4.320048100942704139e-02
2.372333135687592492e-02
4.437672241826573494e-02
6.794473941225660785e-02
5.307522195121999048e-02
3.712136328623478337e-02
2.566745336142601044e-02
1.696378121543442793e-02
1.135444400676546665e-02
8.108645712335332476e-03
6.082763805546069664e-03
4.788421447522192217e-03
3.058831959934523934e-03
3.499394550725657641e-03
4.787908544625405979e-03
7.080892637573787257e-03
1.047939001951607614e-02
1.603042457820484309e-02
2.556949843711568693e-02
3.771270486761939267e-02
5.778180034906879592e-02
6.126136119841796290e-02
2.372441505521446711e-02
9.999999999999999547e-07
9.999999999999999547e-07
9.999999999999999547e-07
2.372472887139401646e-02
6.126113334281559075e-02
5.778366290159554775e-02
3.771254465960555829e-02
2.556996204245079451e-02
1.603055629166159554e-02
1.048104019510611232e-02
7.081376027851376924e-03
4.788421447522188748e-03
3.499050090928944139e-03
2.670412239599980961e-03
3.058660214287143089e-03
4.282180956112607503e-03
6.624322036290410977e-03
1.019602528087421196e-02
1.574846189561936519e-02
2.555345919977612679e-02
3.767705795962677379e-02
6.005782283268958771e-02
5.449767480060101893e-02
4.320048100942703445e-02
9.999999999999999547e-07
9.999999999999999547e-07
9.999999999999999547e-07
4.320077296985698478e-02
5.449786802229886207e-02
6.005776171450143835e-02
3.767691460468818032e-02
2.555304606657870375e-02
1.574854881100622161e-02
1.019582654651438394e-02
6.623896431181587607e-03
4.282574287661671322e-03
3.058831959934526969e-03
3.058660214287143089e-03
3.499139426269050942e-03
4.788783446097789366e-03
7.079762314812254251e-03
1.048050725744459691e-02
1.603001681642202136e-02
2.556967401551154054e-02
3.771281657295397216e-02
5.778485327523040505e-02
6.126072670508958540e-02
2.372333135687590758e-02
9.999999999999999547e-07
9.999999999999999547e-07
9.999999999999999547e-07
2.372345503370937303e-02
6.126014382684815546e-02
5.778099772249607052e-02
3.771307325169703795e-02
2.556978658784138381e-02
1.603027269158619622e-02
1.048043717862628087e-02
7.080530714771226392e-03
4.788431534588403170e-03
3.499394550725659810e-03
4.282180956112612707e-03
4.788783446097780692e-03
6.083595910747823313e-03
8.108929687822313825e-03
1.135517233183618371e-02
1.696371375286480354e-02
2.566724269015260851e-02
3.712136207335639537e-02
5.307471035211539651e-02
6.794385717517402445e-02
4.437672241826578351e-02
2.372472887139404421e-02
4.320077296985702642e-02
2.372345503370940079e-02
4.437612897967958825e-02
6.794268425466827577e-02
5.307576031514669307e-02
3.712177786402745538e-02
2.566776838779488701e-02
1.696362971317517954e-02
1.135464429856217206e-02
8.106940813387700923e-03
6.083901838755524302e-03
4.787908544625397306e-03
6.624322036290423987e-03
7.079762314812257720e-03
8.108929687822315560e-03
9.788353296963139480e-03
1.311077962592657568e-02
1.845338136614670110e-02
2.574606343741990891e-02
3.519086194570593407e-02
4.732038001668657096e-02
6.042566407829623454e-02
6.794473941225666336e-02
6.126113334281559075e-02
5.449786802229877880e-02
6.126014382684810688e-02
6.794268425466830352e-02
6.042533152538907132e-02
4.732106919203565160e-02
3.519142396036922804e-02
2.574614701306708955e-02
1.845375108396355573e-02
1.311123964147551703e-02
9.787984704377687695e-03
8.107805435965762669e-03
7.080892637573801135e-03
1.019602528087422931e-02
1.048050725744460211e-02
1.135517233183617677e-02
1.311077962592658956e-02
1.613558430010611500e-02
2.035204527633183852e-02
2.566724269015260851e-02
3.226418151918571814e-02
3.980366375210568630e-02
4.732038299978486018e-02
5.307522195121994191e-02
5.778366290159562407e-02
6.005776171450150080e-02
5.778099772249602195e-02
5.307576031514669307e-02
4.732106919203570711e-02
3.980431751154007991e-02
3.226421024704188151e-02
2.566776838779489742e-02
2.035221783644308724e-02
1.613523894960243801e-02
1.311049222333094191e-02
1.135526453442267658e-02
1.047939001951607614e-02
1.574846189561936866e-02
1.603001681642201443e-02
1.696371375286480701e-02
1.845338136614671151e-02
2.035204527633183852e-02
2.272193423133911372e-02
2.556967401551153360e-02
2.884892092155096760e-02
3.226403582566785694e-02
3.519103900424191966e-02
3.712136328623480419e-02
3.771254465960560687e-02
3.767691460468821502e-02
3.771307325169710734e-02
3.712177786402745538e-02
3.519142396036924886e-02
3.226421024704189539e-02
2.884904814388828884e-02
2.556978658784138381e-02
2.272185906798088531e-02
2.035245174649869329e-02
1.845360054596216146e-02
1.696369006750834268e-02
1.603042457820484656e-02
2.555345919977615107e-02
2.556967401551155095e-02
2.566724269015260851e-02
2.574606343741991932e-02
2.566724269015262586e-02
2.556967401551154054e-02
2.555345919977612679e-02
2.556949843711569734e-02
2.566755772793131649e-02
2.574610524200498032e-02
2.566745336142602085e-02
2.556996204245079451e-02
2.555304606657871416e-02
2.556978658784140462e-02
2.566776838779489742e-02
2.574614701306707915e-02
2.566776838779489742e-02
2.556978658784139075e-02
2.555304606657873498e-02
2.556996204245079451e-02
2.566745336142601044e-02
2.574610524200498032e-02
2.566755772793132689e-02
2.556949843711569734e-02
3.767705795962683624e-02
3.771281657295403461e-02
3.712136207335647170e-02
3.519086194570597570e-02
3.226418151918571814e-02
2.884892092155094331e-02
2.556949843711572162e-02
2.272202406112785664e-02
2.035194993204593808e-02
1.845354187566305287e-02
1.696378121543443140e-02
1.603055629166159901e-02
1.574854881100622855e-02
1.603027269158619969e-02
1.696362971317518994e-02
1.845375108396353492e-02
2.035221783644306989e-02
2.272185906798087837e-02
2.556996204245080145e-02
2.884891390768703351e-02
3.226415421547369072e-02
3.519111058668739078e-02
3.712168425499310503e-02
3.771270486761942042e-02
6.005782283268958771e-02
5.778485327523043974e-02
5.307471035211536875e-02
4.732038001668657096e-02
3.980366375210570018e-02
3.226403582566784306e-02
2.566755772793131649e-02
2.035194993204593808e-02
1.613570927742838043e-02
1.311114348069946506e-02
1.135444400676546665e-02
1.048104019510612446e-02
1.019582654651440302e-02
1.048043717862627740e-02
1.135464429856217553e-02
1.311123964147550489e-02
1.613523894960242760e-02
2.035245174649869329e-02
2.566745336142602085e-02
3.226415421547368378e-02
3.980387884706072799e-02
4.732054274981916525e-02
5.307490684623362293e-02
5.778180034906882367e-02
5.449767480060108832e-02
6.126072670508961315e-02
6.794385717517402445e-02
6.042566407829622066e-02
4.732038299978481855e-02
3.519103900424194048e-02
2.574610524200496992e-02
1.845354187566305287e-02
1.311114348069946506e-02
9.788753022156161318e-03
8.108645712335339414e-03
7.081376027851380393e-03
6.623896431181591944e-03
7.080530714771236800e-03
8.106940813387700923e-03
9.787984704377680756e-03
1.311049222333096967e-02
1.845360054596216146e-02
2.574610524200496992e-02
3.519111058668736997e-02
4.732054274981915831e-02
6.042457112493779953e-02
6.794158838701348790e-02
6.126136119841804617e-02
4.320048100942703445e-02
2.372333135687586594e-02
4.437672241826573494e-02
6.794473941225666336e-02
5.307522195121996966e-02
3.712136328623481807e-02
2.566745336142601044e-02
1.696378121543444875e-02
1.135444400676546665e-02
8.108645712335332476e-03
6.082763805546069664e-03
4.788421447522188748e-03
4.282574287661673924e-03
4.788431534588400568e-03
6.083901838755524302e-03
8.107805435965752261e-03
1.135526453442267658e-02
1.696369006750832187e-02
2.566755772793131649e-02
3.712168425499310503e-02
5.307490684623365762e-02
6.794158838701348790e-02
4.437464994508737853e-02
2.372441505521441854e-02
9.999999999999999547e-07
9.999999999999999547e-07
2.372472887139402686e-02
6.126113334281555606e-02
5.778366290159551305e-02
3.771254465960559299e-02
2.556996204245078411e-02
1.603055629166159901e-02
1.048104019510610191e-02
7.081376027851380393e-03
4.788421447522194820e-03
3.499050090928947174e-03
3.058831959934521765e-03
3.499394550725659810e-03
4.787908544625399908e-03
7.080892637573795063e-03
1.047939001951607267e-02
1.603042457820483269e-02
2.556949843711569734e-02
3.771270486761937879e-02
5.778180034906876122e-02
6.126136119841804617e-02
2.372441505521440813e-02
9.999999999999999547e-07
9.999999999999999547e-07
9.999999999999999547e-07
2.372345503370937303e-02
6.126014382684807219e-02
5.778099772249595950e-02
3.771307325169705182e-02
2.556978658784138381e-02
1.603027269158621010e-02
1.048043717862625658e-02
7.080530714771233330e-03
4.788431534588411843e-03
3.499394550725657641e-03
3.058660214287140487e-03
3.499139426269050942e-03
4.788783446097783295e-03
7.079762314812254251e-03
1.048050725744458997e-02
1.603001681642201096e-02
2.556967401551154054e-02
3.771281657295399992e-02
5.778485327523037729e-02
6.126072670508961315e-02
2.372333135687582778e-02
9.999999999999999547e-07
9.999999999999999547e-07
9.999999999999999547e-07
2.498224437320099162e-02
6.652665575767684192e-02
5.906793650766064413e-02
4.176775951922979263e-02
2.884904814388828884e-02
1.879147724287769453e-02
1.189442476480569860e-02
8.084681125487457043e-03
5.760899317784395901e-03
4.241446158405537230e-03
3.499139426269048340e-03
3.660438490676144480e-03
4.658653692683608835e-03
6.664695093515481811e-03
9.692268864457625685e-03
1.427463458581871777e-02
2.272193423133911372e-02
3.386306938089521379e-02
5.324255692711964832e-02
6.529805479392133960e-02
2.381055750057404705e-02
9.999999999999999547e-07
2.372345503370940772e-02
2.498224437320100896e-02
5.540315068851686675e-02
7.115177889566390301e-02
5.954181893265732273e-02
4.516446461382791350e-02
3.226421024704186069e-02
2.240554717831299766e-02
1.476339946220346991e-02
9.771419272816333698e-03
7.258101735888315871e-03
5.762758668446034405e-03
4.788783446097789366e-03
4.658653692683608835e-03
5.342188268462755817e-03
6.955716584272677791e-03
9.502843383993249057e-03
1.331078116430191652e-02
2.035204527633183852e-02
2.997599130321679239e-02
4.572787703796993286e-02
6.583181974781325552e-02
5.435433947429538226e-02
2.381041804725545635e-02
6.126014382684810688e-02
6.652665575767686967e-02
7.115177889566387526e-02
6.676826496192425631e-02
5.833447874498112057e-02
4.647927877589078105e-02
3.519142396036926274e-02
2.619226532142408456e-02
1.914806252627789668e-02
1.343257434577892206e-02
9.771116021723934980e-03
8.086759805599736881e-03
7.079762314812264659e-03
6.664695093515494821e-03
6.955716584272670852e-03
8.065285837609391731e-03
9.992063213828096535e-03
1.307462955423561481e-02
1.845338136614671498e-02
2.619257870262250987e-02
3.706775783745473729e-02
5.282035220778189683e-02
6.583128658663532640e-02
6.529650840969124237e-02
5.778099772249602195e-02
5.906793650766067189e-02
5.954181893265735742e-02
5.833447874498112057e-02
5.298673359978448016e-02
4.516446461382791350e-02
3.712177786402744845e-02
2.997636266238304717e-02
2.410888851956748472e-02
1.914812706110789742e-02
1.476297741836392168e-02
1.189410155392059583e-02
1.048050725744462119e-02
9.692268864457637828e-03
9.502843383993240384e-03
9.992063213828103474e-03
1.109952911546985103e-02
1.331078116430191652e-02
1.696371375286480007e-02
2.240515838965079568e-02
2.900331118248110004e-02
3.706813773793637273e-02
4.572849754257080762e-02
5.324339343920192480e-02
3.771307325169708652e-02
4.176775951922977875e-02
4.516446461382791350e-02
4.647927877589078105e-02
4.516446461382794819e-02
4.176775951922979263e-02
3.771307325169707264e-02
3.386297731588793630e-02
2.997607723983147787e-02
2.619207260130649098e-02
2.240542794775789853e-02
1.879131252698207008e-02
1.603001681642202483e-02
1.427463458581872992e-02
1.331078116430192346e-02
1.307462955423560960e-02
1.331078116430191131e-02
1.427463458581872645e-02
1.603001681642203871e-02
1.879131252698208743e-02
2.240542794775787772e-02
2.619207260130649792e-02
2.997607723983147787e-02
3.386297731588795712e-02
2.556978658784139075e-02
2.884904814388830271e-02
3.226421024704186763e-02
3.519142396036928355e-02
3.712177786402747620e-02
3.771307325169708652e-02
3.767691460468820114e-02
3.771254465960559299e-02
3.712136328623478337e-02
3.519103900424191966e-02
3.226403582566787082e-02
2.884892092155093291e-02
2.556967401551156482e-02
2.272193423133911372e-02
2.035204527633181770e-02
1.845338136614670457e-02
1.696371375286482436e-02
1.603001681642202830e-02
1.574846189561938253e-02
1.603042457820484656e-02
1.696369006750834268e-02
1.845360054596217880e-02
2.035245174649868982e-02
2.272185906798091307e-02
1.603027269158622051e-02
1.879147724287770146e-02
2.240554717831299766e-02
2.619226532142407415e-02
2.997636266238305758e-02
3.386297731588794324e-02
3.771254465960558605e-02
4.176747681950518376e-02
4.516367808822287916e-02
4.647817507927012870e-02
4.516367780054947323e-02
4.176751263214038140e-02
3.771281657295402767e-02
3.386306938089523461e-02
2.997599130321681321e-02
2.619257870262249252e-02
2.240515838965079568e-02
1.879131252698206314e-02
1.603042457820485350e-02
1.427424075191212685e-02
1.331108895500414217e-02
1.307432939854103089e-02
1.331182052819031986e-02
1.427373431663467480e-02
1.048043717862626352e-02
1.189442476480569340e-02
1.476339946220346297e-02
1.914806252627787933e-02
2.410888851956749859e-02
2.997607723983148828e-02
3.712136328623481807e-02
4.516367808822283753e-02
5.298541729703220432e-02
5.833349751986137421e-02
5.954081676281308688e-02
5.906723616748275896e-02
5.778485327523046056e-02
5.324255692711967608e-02
4.572787703797000919e-02
3.706775783745475117e-02
2.900331118248112433e-02
2.240542794775788812e-02
1.696369006750834962e-02
1.331108895500414217e-02
1.110046501755339830e-02
9.992378546079420942e-03
9.506079551683472087e-03
9.693666890869576114e-03
7.080530714771236800e-03
8.084681125487463982e-03
9.771419272816342372e-03
1.343257434577894115e-02
1.914812706110791130e-02
2.619207260130649792e-02
3.519103900424191272e-02
4.647817507927008707e-02
5.833349751986138809e-02
6.676722385539841931e-02
7.115166128756089670e-02
6.652588175764784229e-02
6.126072670508958540e-02
6.529805479392127021e-02
6.583181974781325552e-02
5.282035220778186907e-02
3.706813773793633804e-02
2.619207260130649098e-02
1.845360054596216839e-02
1.307432939854101354e-02
9.992378546079434820e-03
8.063003160732988561e-03
6.954508008157876155e-03
6.665132755045507715e-03
4.788431534588400568e-03
5.760899317784400238e-03
7.258101735888308065e-03
9.771116021723931511e-03
1.476297741836393035e-02
2.240542794775788812e-02
3.226403582566785000e-02
4.516367780054945241e-02
5.954081676281305219e-02
7.115166128756093833e-02
5.540377802110399430e-02
2.498179911691525423e-02
2.372333135687589023e-02
2.381055750057408521e-02
5.435433947429541696e-02
6.583128658663524313e-02
4.572849754257077293e-02
2.997607723983148828e-02
2.035245174649868982e-02
1.331182052819029037e-02
9.506079551683475556e-03
6.954508008157865746e-03
5.340987337114055586e-03
4.659345807578378802e-03
3.499394550725668050e-03
4.241446158405532026e-03
5.762758668446034405e-03
8.086759805599726472e-03
1.189410155392058889e-02
1.879131252698207008e-02
2.884892092155091209e-02
4.176751263214031895e-02
5.906723616748273814e-02
6.652588175764789780e-02
2.498179911691526464e-02
9.999999999999999547e-07
9.999999999999999547e-07
9.999999999999999547e-07
2.381041804725545635e-02
6.529650840969118686e-02
5.324339343920182765e-02
3.386297731588794324e-02
2.272185906798089572e-02
1.427373431663464878e-02
9.693666890869583053e-03
6.665132755045511184e-03
4.659345807578370129e-03
3.661078860887745541e-03
3.058660214287140487e-03
3.499139426269048340e-03
4.788783446097783295e-03
7.079762314812261190e-03
1.048050725744459691e-02
1.603001681642202136e-02
2.556967401551154054e-02
3.771281657295399992e-02
5.778485327523040505e-02
6.126072670508955764e-02
2.372333135687586594e-02
9.999999999999999547e-07
9.999999999999999547e-07
9.999999999999999547e-07
2.372345503370934874e-02
6.126014382684815546e-02
5.778099772249604277e-02
3.771307325169708652e-02
2.556978658784140462e-02
1.603027269158619275e-02
1.048043717862628087e-02
7.080530714771228994e-03
4.788431534588403170e-03
3.499394550725655039e-03
3.499139426269050942e-03
3.660438490676141878e-03
4.658653692683611437e-03
6.664695093515475739e-03
9.692268864457625685e-03
1.427463458581873512e-02
2.272193423133909637e-02
3.386306938089521379e-02
5.324255692711966220e-02
6.529805479392127021e-02
2.381055750057409909e-02
9.999999999999999547e-07
9.999999999999999547e-07
9.999999999999999547e-07
2.498224437320099162e-02
6.652665575767681416e-02
5.906793650766068576e-02
4.176775951922977181e-02
2.884904814388830271e-02
1.879147724287768065e-02
1.189442476480571768e-02
8.084681125487463982e-03
5.760899317784390697e-03
4.241446158405534628e-03
4.788783446097792836e-03
4.658653692683611437e-03
5.342188268462753215e-03
6.955716584272670852e-03
9.502843383993240384e-03
1.331078116430191999e-02
2.035204527633185240e-02
2.997599130321678546e-02
4.572787703796994674e-02
6.583181974781328327e-02
5.435433947429541696e-02
2.381041804725548064e-02
2.372345503370937997e-02
2.498224437320101937e-02
5.540315068851679042e-02
7.115177889566387526e-02
5.954181893265732273e-02
4.516446461382793431e-02
3.226421024704186763e-02
2.240554717831301154e-02
1.476339946220348032e-02
9.771419272816349311e-03
7.258101735888315871e-03
5.762758668446029200e-03
7.079762314812271598e-03
6.664695093515488750e-03
6.955716584272664781e-03
8.065285837609388261e-03
9.992063213828087861e-03
1.307462955423561481e-02
1.845338136614671845e-02
2.619257870262250987e-02
3.706775783745472341e-02
5.282035220778189683e-02
6.583128658663527089e-02
6.529650840969124237e-02
6.126014382684819015e-02
6.652665575767695294e-02
7.115177889566395852e-02
6.676826496192424243e-02
5.833447874498112057e-02
4.647927877589076023e-02
3.519142396036928355e-02
2.619226532142407415e-02
1.914806252627790709e-02
1.343257434577894635e-02
9.771116021723926306e-03
8.086759805599736881e-03
1.048050725744461426e-02
9.692268864457634359e-03
9.502843383993240384e-03
9.992063213828100005e-03
1.109952911546985103e-02
1.331078116430192693e-02
1.696371375286480007e-02
2.240515838965081649e-02
2.900331118248110004e-02
3.706813773793635886e-02
4.572849754257080762e-02
5.324339343920193174e-02
5.778099772249607052e-02
5.906793650766064413e-02
5.954181893265735742e-02
5.833447874498112057e-02
5.298673359978449404e-02
4.516446461382795513e-02
3.712177786402742069e-02
2.997636266238303329e-02
2.410888851956749859e-02
1.914812706110792170e-02
1.476297741836391300e-02
1.189410155392057848e-02
1.603001681642201443e-02
1.427463458581873512e-02
1.331078116430191652e-02
1.307462955423560613e-02
1.331078116430190611e-02
1.427463458581872645e-02
1.603001681642203871e-02
1.879131252698208396e-02
2.240542794775791935e-02
2.619207260130652221e-02
2.997607723983146746e-02
3.386297731588795712e-02
3.771307325169708652e-02
4.176775951922975794e-02
4.516446461382793431e-02
4.647927877589078105e-02
4.516446461382792044e-02
4.176775951922979263e-02
3.771307325169707264e-02
3.386297731588791549e-02
2.997607723983144665e-02
2.619207260130649792e-02
2.240542794775788812e-02
1.879131252698207355e-02
2.556967401551153360e-02
2.272193423133912760e-02
2.035204527633184199e-02
1.845338136614671845e-02
1.696371375286482436e-02
1.603001681642202136e-02
1.574846189561937906e-02
1.603042457820486391e-02
1.696369006750836697e-02
1.845360054596219615e-02
2.035245174649867247e-02
2.272185906798090266e-02
2.556978658784140462e-02
2.884904814388830271e-02
3.226421024704186763e-02
3.519142396036926967e-02
3.712177786402745538e-02
3.771307325169707264e-02
3.767691460468818032e-02
3.771254465960555829e-02
3.712136328623481807e-02
3.519103900424191272e-02
3.226403582566785000e-02
2.884892092155091209e-02
3.771281657295404849e-02
3.386306938089529012e-02
2.997599130321680280e-02
2.619257870262252028e-02
2.240515838965081649e-02
1.879131252698208396e-02
1.603042457820486044e-02
1.427424075191213552e-02
1.331108895500414564e-02
1.307432939854102742e-02
1.331182052819029037e-02
1.427373431663465225e-02
1.603027269158621357e-02
1.879147724287769800e-02
2.240554717831299766e-02
2.619226532142405334e-02
2.997636266238304717e-02
3.386297731588793630e-02
3.771254465960560687e-02
4.176747681950516988e-02
4.516367808822285140e-02
4.647817507927014952e-02
4.516367780054948711e-02
4.176751263214036752e-02
5.778485327523046056e-02
5.324255692711967608e-02
4.572787703796998837e-02
3.706775783745475811e-02
2.900331118248112433e-02
2.240542794775788812e-02
1.696369006750835309e-02
1.331108895500414564e-02
1.110046501755338789e-02
9.992378546079434820e-03
9.506079551683472087e-03
9.693666890869583053e-03
1.048043717862628781e-02
1.189442476480571768e-02
1.476339946220348032e-02
1.914806252627788974e-02
2.410888851956749859e-02
2.997607723983147787e-02
3.712136328623479725e-02
4.516367808822282365e-02
5.298541729703215575e-02
5.833349751986137421e-02
5.954081676281303137e-02
5.906723616748275896e-02
6.126072670508964091e-02
6.529805479392133960e-02
6.583181974781325552e-02
5.282035220778181356e-02
3.706813773793635192e-02
2.619207260130649792e-02
1.845360054596218921e-02
1.307432939854102395e-02
9.992378546079427881e-03
8.063003160732993765e-03
6.954508008157876155e-03
6.665132755045517256e-03
7.080530714771236800e-03
8.084681125487467451e-03
9.771419272816356250e-03
1.343257434577894635e-02
1.914812706110791476e-02
2.619207260130648057e-02
3.519103900424191272e-02
4.647817507927012870e-02
5.833349751986131870e-02
6.676722385539843319e-02
7.115166128756096608e-02
6.652588175764784229e-02
2.372333135687587635e-02
2.381055750057402623e-02
5.435433947429538226e-02
6.583128658663524313e-02
4.572849754257077293e-02
2.997607723983147787e-02
2.035245174649868982e-02
1.331182052819030077e-02
9.506079551683465148e-03
6.954508008157865746e-03
5.340987337114055586e-03
4.659345807578372731e-03
4.788431534588405772e-03
5.760899317784395901e-03
7.258101735888305463e-03
9.771116021723941919e-03
1.476297741836391300e-02
2.240542794775786731e-02
3.226403582566784306e-02
4.516367780054945241e-02
5.954081676281306607e-02
7.115166128756089670e-02
5.540377802110394573e-02
2.498179911691518137e-02
9.999999999999999547e-07
9.999999999999999547e-07
2.381041804725545635e-02
6.529650840969118686e-02
5.324339343920185541e-02
3.386297731588793630e-02
2.272185906798090266e-02
1.427373431663466960e-02
9.693666890869572644e-03
6.665132755045504245e-03
4.659345807578376200e-03
3.661078860887755949e-03
3.499394550725657641e-03
4.241446158405544169e-03
5.762758668446029200e-03
8.086759805599729942e-03
1.189410155392058542e-02
1.879131252698207355e-02
2.884892092155093291e-02
4.176751263214038140e-02
5.906723616748272426e-02
6.652588175764784229e-02
2.498179911691519525e-02
9.999999999999999547e-07
4.320077296985704723e-02
2.372345503370940079e-02
4.437612897967964376e-02
6.794268425466822026e-02
5.307576031514667919e-02
3.712177786402742069e-02
2.566776838779488701e-02
1.696362971317518301e-02
1.135464429856215471e-02
8.106940813387697453e-03
6.083901838755524302e-03
4.787908544625408581e-03
4.282180956112610105e-03
4.788783446097783295e-03
6.083595910747820711e-03
8.108929687822308621e-03
1.135517233183618718e-02
1.696371375286480354e-02
2.566724269015260851e-02
3.712136207335640925e-02
5.307471035211532712e-02
6.794385717517402445e-02
4.437672241826568637e-02
2.372472887139405462e-02
2.372345503370942160e-02
2.498224437320100896e-02
5.540315068851689451e-02
7.115177889566387526e-02
5.954181893265736436e-02
4.516446461382793431e-02
3.226421024704186763e-02
2.240554717831299766e-02
1.476339946220346991e-02
9.771419272816333698e-03
7.258101735888315871e-03
5.762758668446019659e-03
4.788783446097792836e-03
4.658653692683611437e-03
5.342188268462755817e-03
6.955716584272677791e-03
9.502843383993252527e-03
1.331078116430191131e-02
2.035204527633185240e-02
2.997599130321679239e-02
4.572787703796994674e-02
6.583181974781317225e-02
5.435433947429538226e-02
2.381041804725543901e-02
4.437612897967962294e-02
5.540315068851681124e-02
7.372765663995649310e-02
7.313226511770271054e-02
6.566781237241128832e-02
5.298673359978444547e-02
3.980431751154013542e-02
2.900368396434820084e-02
2.063311440019218942e-02
1.378642806930768100e-02
9.289675563696319499e-03
7.255801504804951403e-03
6.083595910747823313e-03
5.342188268462755817e-03
5.364761195554798058e-03
6.459342667097327760e-03
8.423748705033535025e-03
1.109952911546983889e-02
1.613558430010610806e-02
2.410897955722165337e-02
3.693575547566264883e-02
5.794868709788267985e-02
6.773643925509784114e-02
5.435382208618249472e-02
6.794268425466827577e-02
7.115177889566390301e-02
7.313226511770273830e-02
7.322546770412119432e-02
6.845944875311643640e-02
5.833447874498117608e-02
4.732106919203570017e-02
3.706818126341374781e-02
2.775071108820537091e-02
2.017888915500353972e-02
1.378667629467514831e-02
9.770223658764365729e-03
8.108929687822308621e-03
6.955716584272674322e-03
6.459342667097331230e-03
6.963408686433529733e-03
8.154676808309160516e-03
9.992063213828100005e-03
1.311077962592658956e-02
1.914776499575221100e-02
2.775072793533648469e-02
4.176577946303484945e-02
5.794905273054550693e-02
6.583101704859413428e-02
5.307576031514674858e-02
5.954181893265729497e-02
6.566781237241119118e-02
6.845944875311646416e-02
6.566781237241127445e-02
5.954181893265729497e-02
5.307576031514671389e-02
4.572720367391733959e-02
3.693570588504138663e-02
2.775080954889523610e-02
2.063312479877869518e-02
1.476327958197314744e-02
1.135517233183617157e-02
9.502843383993249057e-03
8.423748705033531556e-03
8.154676808309160516e-03
8.423748705033535025e-03
9.502843383993249057e-03
1.135517233183619412e-02
1.476327958197315958e-02
2.063312479877866396e-02
2.775080954889530202e-02
3.693570588504144908e-02
4.572720367391734653e-02
3.712177786402749702e-02
4.516446461382791350e-02
5.298673359978451486e-02
5.833447874498110669e-02
5.954181893265729497e-02
5.906793650766067189e-02
5.778099772249609828e-02
5.324339343920191092e-02
4.572849754257077293e-02
3.706813773793635886e-02
2.900331118248114168e-02
2.240515838965078874e-02
1.696371375286480701e-02
1.331078116430192346e-02
1.109952911546983889e-02
9.992063213828096535e-03
9.502843383993266405e-03
9.692268864457644767e-03
1.048050725744462466e-02
1.189410155392059930e-02
1.476297741836393035e-02
1.914812706110791823e-02
2.410888851956749859e-02
2.997636266238306452e-02
2.566776838779488701e-02
3.226421024704186763e-02
3.980431751154014930e-02
4.732106919203567241e-02
5.307576031514670695e-02
5.778099772249604277e-02
6.005776171450141754e-02
5.778366290159559632e-02
5.307522195122001823e-02
4.732038299978483242e-02
3.980366375210567242e-02
3.226418151918566957e-02
2.566724269015261545e-02
2.035204527633182464e-02
1.613558430010609418e-02
1.311077962592658609e-02
1.135517233183619412e-02
1.048050725744461426e-02
1.019602528087424319e-02
1.047939001951609175e-02
1.135526453442268179e-02
1.311049222333095926e-02
1.613523894960244148e-02
2.035221783644312193e-02
1.696362971317519341e-02
2.240554717831299766e-02
2.900368396434816962e-02
3.706818126341374781e-02
4.572720367391736040e-02
5.324339343920188317e-02
5.778366290159556856e-02
5.906809976937228701e-02
5.954088558180682667e-02
5.833350848223228108e-02
5.298546466297309604e-02
4.516360203436514675e-02
3.712136207335643007e-02
2.997599130321676117e-02
2.410897955722166378e-02
1.914776499575217630e-02
1.476327958197315438e-02
1.189410155392059930e-02
1.047939001951609522e-02
9.695946878889725312e-03
9.504576283974029011e-03
9.993882203652985907e-03
1.109860554848418959e-02
1.331151496067997306e-02
1.135464429856216165e-02
1.476339946220345777e-02
2.063311440019218942e-02
2.775071108820534663e-02
3.693570588504140745e-02
4.572849754257080762e-02
5.307522195121997660e-02
5.954088558180686136e-02
6.566666482808726502e-02
6.845826073302471726e-02
6.566683020578074903e-02
5.954092119986447579e-02
5.307471035211541038e-02
4.572787703796996756e-02
3.693575547566266964e-02
2.775072793533649856e-02
2.063312479877868477e-02
1.476297741836393555e-02
1.135526453442268179e-02
9.504576283974013398e-03
8.423491796378045071e-03
8.154596824664987406e-03
8.424351122830044808e-03
9.503825229886605011e-03
8.106940813387704392e-03
9.771419272816345841e-03
1.378642806930768100e-02
2.017888915500353972e-02
2.775080954889528120e-02
3.706813773793635886e-02
4.732038299978481161e-02
5.833350848223222557e-02
6.845826073302464787e-02
7.322365202643336957e-02
7.313142327381411123e-02
7.115240107712789142e-02
6.794385717517407997e-02
6.583181974781321388e-02
5.794868709788266598e-02
4.176577946303484945e-02
2.775080954889528120e-02
1.914812706110792864e-02
1.311049222333095232e-02
9.993882203652970295e-03
8.154596824664973528e-03
6.961370476144039705e-03
6.460133959553056651e-03
6.955449213820137644e-03
6.083901838755527772e-03
7.258101735888311534e-03
9.289675563696322969e-03
1.378667629467513617e-02
2.063312479877869518e-02
2.900331118248110004e-02
3.980366375210568630e-02
5.298546466297310992e-02
6.566683020578074903e-02
7.313142327381409735e-02
7.373013750572698921e-02
5.540495870391291128e-02
4.437672241826576269e-02
5.435433947429541696e-02
6.773643925509775787e-02
5.794905273054547223e-02
3.693570588504140051e-02
2.410888851956748472e-02
1.613523894960243801e-02
1.109860554848418265e-02
8.424351122830030930e-03
6.460133959553042773e-03
5.367070119799828738e-03
5.342384385689448630e-03
4.787908544625408581e-03
5.762758668446031803e-03
7.255801504804954005e-03
9.770223658764365729e-03
1.476327958197313356e-02
2.240515838965074710e-02
3.226418151918568344e-02
4.516360203436516063e-02
5.954092119986451048e-02
7.115240107712784978e-02
5.540495870391291128e-02
2.498140902404896030e-02
2.372472887139406503e-02
2.381041804725548758e-02
5.435382208618249472e-02
6.583101704859416203e-02
4.572720367391738122e-02
2.997636266238306452e-02
2.035221783644306989e-02
1.331151496067996612e-02
9.503825229886599807e-03
6.955449213820128103e-03
5.342384385689441691e-03
4.658408298380524448e-03
4.282180956112607503e-03
4.788783446097786764e-03
6.083595910747823313e-03
8.108929687822308621e-03
1.135517233183618371e-02
1.696371375286479660e-02
2.566724269015260851e-02
3.712136207335641619e-02
5.307471035211536875e-02
6.794385717517399670e-02
4.437672241826576269e-02
2.372472887139406503e-02
4.320077296985703336e-02
2.372345503370937997e-02
4.437612897967962294e-02
6.794268425466827577e-02
5.307576031514671389e-02
3.712177786402742069e-02
2.566776838779487660e-02
1.696362971317518301e-02
1.135464429856217553e-02
8.106940813387697453e-03
6.083901838755524302e-03
4.787908544625403377e-03
4.788783446097786764e-03
4.658653692683614907e-03
5.342188268462753215e-03
6.955716584272674322e-03
9.502843383993243853e-03
1.331078116430191999e-02
2.035204527633182811e-02
2.997599130321676117e-02
4.572787703796996756e-02
6.583181974781321388e-02
5.435433947429543777e-02
2.381041804725548064e-02
2.372345503370940772e-02
2.498224437320101937e-02
5.540315068851684593e-02
7.115177889566395852e-02
5.954181893265730885e-02
4.516446461382794819e-02
3.226421024704189539e-02
2.240554717831298032e-02
1.476339946220346991e-02
9.771419272816342372e-03
7.258101735888301126e-03
5.762758668446022262e-03
6.083595910747820711e-03
5.342188268462753215e-03
5.364761195554794589e-03
6.459342667097325158e-03
8.423748705033531556e-03
1.109952911546984236e-02
1.613558430010611847e-02
2.410897955722163255e-02
3.693575547566267658e-02
5.794868709788269373e-02
6.773643925509778563e-02
5.435382208618249472e-02
4.437612897967958825e-02
5.540315068851686675e-02
7.372765663995649310e-02
7.313226511770273830e-02
6.566781237241126057e-02
5.298673359978449404e-02
3.980431751154013542e-02
2.900368396434817655e-02
2.063311440019220677e-02
1.378642806930769661e-02
9.289675563696310825e-03
7.255801504804947934e-03
8.108929687822315560e-03
6.955716584272677791e-03
6.459342667097331230e-03
6.963408686433529733e-03
8.154676808309160516e-03
9.992063213828110413e-03
1.311077962592658089e-02
1.914776499575218671e-02
2.775072793533647775e-02
4.176577946303483557e-02
5.794905273054548611e-02
6.583101704859410652e-02
6.794268425466840067e-02
7.115177889566391689e-02
7.313226511770273830e-02
7.322546770412123596e-02
6.845944875311646416e-02
5.833447874498112751e-02
4.732106919203570017e-02
3.706818126341373393e-02
2.775071108820537785e-02
2.017888915500355707e-02
1.378667629467513617e-02
9.770223658764353586e-03
1.135517233183618371e-02
9.502843383993252527e-03
8.423748705033524617e-03
8.154676808309150107e-03
8.423748705033528086e-03
9.502843383993252527e-03
1.135517233183618718e-02
1.476327958197315438e-02
2.063312479877868477e-02
2.775080954889530202e-02
3.693570588504142826e-02
4.572720367391736040e-02
5.307576031514674858e-02
5.954181893265734354e-02
6.566781237241127445e-02
6.845944875311645028e-02
6.566781237241123281e-02
5.954181893265730885e-02
5.307576031514672776e-02
4.572720367391733959e-02
3.693570588504140745e-02
2.775080954889524998e-02
2.063312479877868477e-02
1.476327958197313009e-02
1.696371375286479660e-02
1.331078116430191131e-02
1.109952911546984583e-02
9.992063213828103474e-03
9.502843383993255996e-03
9.692268864457641298e-03
1.048050725744462119e-02
1.189410155392059930e-02
1.476297741836394596e-02
1.914812706110792864e-02
2.410888851956750553e-02
2.997636266238307493e-02
3.712177786402748314e-02
4.516446461382792044e-02
5.298673359978450098e-02
5.833447874498110669e-02
5.954181893265732273e-02
5.906793650766067189e-02
5.778099772249607052e-02
5.324339343920188317e-02
4.572849754257082150e-02
3.706813773793635886e-02
2.900331118248110004e-02
2.240515838965074710e-02
2.566724269015258769e-02
2.035204527633184546e-02
1.613558430010611847e-02
1.311077962592658609e-02
1.135517233183620800e-02
1.048050725744461426e-02
1.019602528087424319e-02
1.047939001951609175e-02
1.135526453442268179e-02
1.311049222333096273e-02
1.613523894960244495e-02
2.035221783644311500e-02
2.566776838779489742e-02
3.226421024704190232e-02
3.980431751154012154e-02
4.732106919203568629e-02
5.307576031514674858e-02
5.778099772249604277e-02
6.005776171450143835e-02
5.778366290159556856e-02
5.307522195122001823e-02
4.732038299978487406e-02
3.980366375210568630e-02
3.226418151918566957e-02
3.712136207335640925e-02
2.997599130321681321e-02
2.410897955722167418e-02
1.914776499575220059e-02
1.476327958197316825e-02
1.189410155392059930e-02
1.047939001951608828e-02
9.695946878889709700e-03
9.504576283974022072e-03
9.993882203652980703e-03
1.109860554848416704e-02
1.331151496067994877e-02
1.696362971317517954e-02
2.240554717831298726e-02
2.900368396434816962e-02
3.706818126341372699e-02
4.572720367391733959e-02
5.324339343920191092e-02
5.778366290159559632e-02
5.906809976937232864e-02
5.954088558180690993e-02
5.833350848223228108e-02
5.298546466297315155e-02
4.516360203436514675e-02
5.307471035211538263e-02
4.572787703796997449e-02
3.693575547566266964e-02
2.775072793533647775e-02
2.063312479877865702e-02
1.476297741836392168e-02
1.135526453442267658e-02
9.504576283974013398e-03
8.423491796378045071e-03
8.154596824664978733e-03
8.424351122830044808e-03
9.503825229886603276e-03
1.135464429856215818e-02
1.476339946220348032e-02
2.063311440019220677e-02
2.775071108820539867e-02
3.693570588504144908e-02
4.572849754257079374e-02
5.307522195121996966e-02
5.954088558180686136e-02
6.566666482808729277e-02
6.845826073302466175e-02
6.566683020578074903e-02
5.954092119986446191e-02
6.794385717517402445e-02
6.583181974781320001e-02
5.794868709788269373e-02
4.176577946303479394e-02
2.775080954889529161e-02
1.914812706110791823e-02
1.311049222333096620e-02
9.993882203652973764e-03
8.154596824664978733e-03
6.961370476144049246e-03
6.460133959553049712e-03
6.955449213820130705e-03
8.106940813387707861e-03
9.771419272816342372e-03
1.378642806930768967e-02
2.017888915500355707e-02
2.775080954889526039e-02
3.706813773793633804e-02
4.732038299978483242e-02
5.833350848223229496e-02
6.845826073302468950e-02
7.322365202643343896e-02
7.313142327381409735e-02
7.115240107712791917e-02
4.437672241826571412e-02
5.435433947429535451e-02
6.773643925509784114e-02
5.794905273054547223e-02
3.693570588504140745e-02
2.410888851956748472e-02
1.613523894960244495e-02
1.109860554848418265e-02
8.424351122830044808e-03
6.460133959553046243e-03
5.367070119799828738e-03
5.342384385689446027e-03
6.083901838755527772e-03
7.258101735888298524e-03
9.289675563696303887e-03
1.378667629467512923e-02
2.063312479877867436e-02
2.900331118248107923e-02
3.980366375210566549e-02
5.298546466297315155e-02
6.566683020578072127e-02
7.313142327381404184e-02
7.373013750572705860e-02
5.540495870391277250e-02
2.372472887139403380e-02
2.381041804725543901e-02
5.435382208618252248e-02
6.583101704859413428e-02
4.572720367391731183e-02
2.997636266238307493e-02
2.035221783644308377e-02
1.331151496067997306e-02
9.503825229886596337e-03
6.955449213820124633e-03
5.342384385689453834e-03
4.658408298380529652e-03
4.787908544625405979e-03
5.762758668446034405e-03
7.255801504804944464e-03
9.770223658764350116e-03
1.476327958197313009e-02
2.240515838965072629e-02
3.226418151918564875e-02
4.516360203436517451e-02
5.954092119986437864e-02
7.115240107712791917e-02
5.540495870391291128e-02
2.498140902404892907e-02
5.449786802229875798e-02
6.126014382684804443e-02
6.794268425466827577e-02
6.042533152538911989e-02
4.732106919203568629e-02
3.519142396036922110e-02
2.574614701306707915e-02
1.845375108396355227e-02
1.311123964147549101e-02
9.787984704377673817e-03
8.107805435965759200e-03
7.080892637573787257e-03
6.624322036290413579e-03
7.079762314812257720e-03
8.108929687822313825e-03
9.788353296963139480e-03
1.311077962592658089e-02
1.845338136614670110e-02
2.574606343741992973e-02
3.519086194570597570e-02
4.732038001668654320e-02
6.042566407829625535e-02
6.794473941225658009e-02
6.126113334281559075e-02
6.126014382684815546e-02
6.652665575767689743e-02
7.115177889566395852e-02
6.676826496192424243e-02
5.833447874498118996e-02
4.647927877589076023e-02
3.519142396036926967e-02
2.619226532142407415e-02
1.914806252627786892e-02
1.343257434577892206e-02
9.771116021723934980e-03
8.086759805599719533e-03
7.079762314812250781e-03
6.664695093515479209e-03
6.955716584272674322e-03
8.065285837609391731e-03
9.992063213828103474e-03
1.307462955423561828e-02
1.845338136614671845e-02
2.619257870262250293e-02
3.706775783745472341e-02
5.282035220778186213e-02
6.583128658663529864e-02
6.529650840969121461e-02
6.794268425466833128e-02
7.115177889566391689e-02
7.313226511770273830e-02
7.322546770412120820e-02
6.845944875311643640e-02
5.833447874498114138e-02
4.732106919203570017e-02
3.706818126341377556e-02
2.775071108820537785e-02
2.017888915500354666e-02
1.378667629467513617e-02
9.770223658764365729e-03
8.108929687822319030e-03
6.955716584272668250e-03
6.459342667097327760e-03
6.963408686433527131e-03
8.154676808309160516e-03
9.992063213828103474e-03
1.311077962592658609e-02
1.914776499575221100e-02
2.775072793533646734e-02
4.176577946303482863e-02
5.794905273054548611e-02
6.583101704859413428e-02
6.042533152538914765e-02
6.676826496192425631e-02
7.322546770412120820e-02
7.663643447408118037e-02
7.322546770412119432e-02
6.676826496192428406e-02
6.042533152538910601e-02
5.282131904313807497e-02
4.176653727290405294e-02
2.923224131468054807e-02
2.017880938610787725e-02
1.343263178767388141e-02
9.788353296963146419e-03
8.065285837609388261e-03
6.963408686433529733e-03
6.677919036599430994e-03
6.963408686433527131e-03
8.065285837609391731e-03
9.788353296963142949e-03
1.343263178767392305e-02
2.017880938610785990e-02
2.923224131468056888e-02
4.176653727290408069e-02
5.282131904313810272e-02
4.732106919203574180e-02
5.833447874498112751e-02
6.845944875311643640e-02
7.322546770412120820e-02
7.313226511770268279e-02
7.115177889566391689e-02
6.794268425466830352e-02
6.583101704859416203e-02
5.794905273054553468e-02
4.176577946303484945e-02
2.775072793533651938e-02
1.914776499575215896e-02
1.311077962592658609e-02
9.992063213828106943e-03
8.154676808309157046e-03
6.963408686433522794e-03
6.459342667097333832e-03
6.955716584272668250e-03
8.108929687822313825e-03
9.770223658764395219e-03
1.378667629467515351e-02
2.017888915500355707e-02
2.775071108820539867e-02
3.706818126341379638e-02
3.519142396036924886e-02
4.647927877589078105e-02
5.833447874498117608e-02
6.676826496192432570e-02
7.115177889566390301e-02
6.652665575767684192e-02
6.126014382684807219e-02
6.529650840969121461e-02
6.583128658663529864e-02
5.282035220778191070e-02
3.706775783745478586e-02
2.619257870262247864e-02
1.845338136614670110e-02
1.307462955423561828e-02
9.992063213828106943e-03
8.065285837609391731e-03
6.955716584272674322e-03
6.664695093515492219e-03
7.079762314812257720e-03
8.086759805599733411e-03
9.771116021723926306e-03
1.343257434577893768e-02
1.914806252627790709e-02
2.619226532142411579e-02
2.574614701306707915e-02
3.519142396036924886e-02
4.732106919203568629e-02
6.042533152538910601e-02
6.794268425466837291e-02
6.126014382684812770e-02
5.449786802229877880e-02
6.126113334281552830e-02
6.794473941225663560e-02
6.042566407829622066e-02
4.732038001668659871e-02
3.519086194570593407e-02
2.574606343741989503e-02
1.845338136614670457e-02
1.311077962592658609e-02
9.788353296963137745e-03
8.108929687822325968e-03
7.079762314812264659e-03
6.624322036290417048e-03
7.080892637573808074e-03
8.107805435965766139e-03
9.787984704377680756e-03
1.311123964147550836e-02
1.845375108396357655e-02
1.845375108396354880e-02
2.619226532142408456e-02
3.706818126341374781e-02
5.282131904313804721e-02
6.583101704859413428e-02
6.529650840969118686e-02
6.126113334281563932e-02
6.652786343162821192e-02
7.115229414840780475e-02
6.676768612602111685e-02
5.833381090047897594e-02
4.647803263740622748e-02
3.519086194570592713e-02
2.619257870262250293e-02
1.914776499575220059e-02
1.343263178767390570e-02
9.770223658764369198e-03
8.086759805599733411e-03
7.080892637573803737e-03
6.663823879209827480e-03
6.954897558475809684e-03
8.064256585737433064e-03
9.992519644374192947e-03
1.307382048633663751e-02
1.311123964147549621e-02
1.914806252627786892e-02
2.775071108820537785e-02
4.176653727290405294e-02
5.794905273054550693e-02
6.583128658663527089e-02
6.794473941225660785e-02
7.115229414840777700e-02
7.313175227822171776e-02
7.322398639835543677e-02
6.845790134301478480e-02
5.833381090047888573e-02
4.732038001668661259e-02
3.706775783745479974e-02
2.775072793533648469e-02
2.017880938610788419e-02
1.378667629467515698e-02
9.771116021723941919e-03
8.107805435965776547e-03
6.954897558475812286e-03
6.458218705223840207e-03
6.962895172728056012e-03
8.154175980430328555e-03
9.992519644374192947e-03
9.787984704377670347e-03
1.343257434577891339e-02
2.017888915500353972e-02
2.923224131468051684e-02
4.176577946303480782e-02
5.282035220778188295e-02
6.042566407829617209e-02
6.676768612602111685e-02
7.322398639835542289e-02
7.663779116405169956e-02
7.322398639835543677e-02
6.676768612602111685e-02
6.042566407829623454e-02
5.282035220778189683e-02
4.176577946303487027e-02
2.923224131468055847e-02
2.017888915500355707e-02
1.343257434577892553e-02
9.787984704377692899e-03
8.064256585737436533e-03
6.962895172728056012e-03
6.680449761003280987e-03
6.962895172728056012e-03
8.064256585737443472e-03
8.107805435965759200e-03
9.771116021723934980e-03
1.378667629467515351e-02
2.017880938610787725e-02
2.775072793533651938e-02
3.706775783745479974e-02
4.732038001668661259e-02
5.833381090047897594e-02
6.845790134301478480e-02
7.322398639835543677e-02
7.313175227822169000e-02
7.115229414840767985e-02
6.794473941225663560e-02
6.583128658663527089e-02
5.794905273054552081e-02
4.176653727290404600e-02
2.775071108820537091e-02
1.914806252627787586e-02
1.311123964147549101e-02
9.992519644374182539e-03
8.154175980430332024e-03
6.962895172728060349e-03
6.458218705223840207e-03
6.954897558475809684e-03
7.080892637573790727e-03
8.086759805599729942e-03
9.770223658764369198e-03
1.343263178767389876e-02
1.914776499575217630e-02
2.619257870262250293e-02
3.519086194570594794e-02
4.647803263740626217e-02
5.833381090047892042e-02
6.676768612602115849e-02
7.115229414840777700e-02
6.652786343162818417e-02
6.126113334281555606e-02
6.529650840969115910e-02
6.583101704859413428e-02
5.282131904313806109e-02
3.706818126341381026e-02
2.619226532142408456e-02
1.845375108396355920e-02
1.307382048633661670e-02
9.992519644374189478e-03
8.064256585737436533e-03
6.954897558475799275e-03
6.663823879209831817e-03
6.624322036290410977e-03
7.079762314812261190e-03
8.108929687822319030e-03
9.788353296963130806e-03
1.311077962592658609e-02
1.845338136614670457e-02
2.574606343741991932e-02
3.519086194570594794e-02
4.732038001668663341e-02
6.042566407829623454e-02
6.794473941225670499e-02
6.126113334281559075e-02
5.449786802229880656e-02
6.126014382684812770e-02
6.794268425466830352e-02
6.042533152538910601e-02
4.732106919203570017e-02
3.519142396036924192e-02
2.574614701306711037e-02
1.845375108396352798e-02
1.311123964147550836e-02
9.787984704377670347e-03
8.107805435965741853e-03
7.080892637573797666e-03
7.079762314812250781e-03
6.664695093515488750e-03
6.955716584272670852e-03
8.065285837609388261e-03
9.992063213828096535e-03
1.307462955423561828e-02
1.845338136614671845e-02
2.619257870262250293e-02
3.706775783745475117e-02
5.282035220778186213e-02
6.583128658663532640e-02
6.529650840969118686e-02
6.126014382684812770e-02
6.652665575767692518e-02
7.115177889566395852e-02
6.676826496192429794e-02
5.833447874498117608e-02
4.647927877589078105e-02
3.519142396036924192e-02
2.619226532142409497e-02
1.914806252627790709e-02
1.343257434577892900e-02
9.771116021723915898e-03
8.086759805599712594e-03
8.108929687822319030e-03
6.955716584272674322e-03
6.459342667097327760e-03
6.963408686433522794e-03
8.154676808309160516e-03
9.992063213828110413e-03
1.311077962592658609e-02
1.914776499575217283e-02
2.775072793533650897e-02
4.176577946303489108e-02
5.794905273054549999e-02
6.583101704859413428e-02
6.794268425466837291e-02
7.115177889566395852e-02
7.313226511770273830e-02
7.322546770412120820e-02
6.845944875311643640e-02
5.833447874498116220e-02
4.732106919203568629e-02
3.706818126341372699e-02
2.775071108820540908e-02
2.017888915500355707e-02
1.378667629467513617e-02
9.770223658764353586e-03
9.788353296963142949e-03
8.065285837609384792e-03
6.963408686433529733e-03
6.677919036599440535e-03
6.963408686433522794e-03
8.065285837609388261e-03
9.788353296963134276e-03
1.343263178767390570e-02
2.017880938610785990e-02
2.923224131468056888e-02
4.176653727290408763e-02
5.282131904313810272e-02
6.042533152538910601e-02
6.676826496192422855e-02
7.322546770412120820e-02
7.663643447408105547e-02
7.322546770412118045e-02
6.676826496192424243e-02
6.042533152538916152e-02
5.282131904313811660e-02
4.176653727290412926e-02
2.923224131468055847e-02
2.017880938610784602e-02
1.343263178767389009e-02
1.311077962592658609e-02
9.992063213828106943e-03
8.154676808309160516e-03
6.963408686433527131e-03
6.459342667097327760e-03
6.955716584272670852e-03
8.108929687822315560e-03
9.770223658764369198e-03
1.378667629467515351e-02
2.017888915500355707e-02
2.775071108820538826e-02
3.706818126341378944e-02
4.732106919203570711e-02
5.833447874498119690e-02
6.845944875311643640e-02
7.322546770412120820e-02
7.313226511770268279e-02
7.115177889566391689e-02
6.794268425466824801e-02
6.583101704859416203e-02
5.794905273054554856e-02
4.176577946303484945e-02
2.775072793533647775e-02
1.914776499575215549e-02
1.845338136614670457e-02
1.307462955423562695e-02
9.992063213828100005e-03
8.065285837609388261e-03
6.955716584272670852e-03
6.664695093515488750e-03
7.079762314812248179e-03
8.086759805599733411e-03
9.771116021723945388e-03
1.343257434577892900e-02
1.914806252627789321e-02
2.619226532142409497e-02
3.519142396036926967e-02
4.647927877589076023e-02
5.833447874498116220e-02
6.676826496192428406e-02
7.115177889566391689e-02
6.652665575767698070e-02
6.126014382684812770e-02
6.529650840969121461e-02
6.583128658663524313e-02
5.282035220778191070e-02
3.706775783745471647e-02
2.619257870262242660e-02
2.574606343741988809e-02
1.845338136614671845e-02
1.311077962592659650e-02
9.788353296963142949e-03
8.108929687822319030e-03
7.079762314812268129e-03
6.624322036290410977e-03
7.080892637573801135e-03
8.107805435965759200e-03
9.787984704377692899e-03
1.311123964147549968e-02
1.845375108396357655e-02
2.574614701306709649e-02
3.519142396036924192e-02
4.732106919203567241e-02
6.042533152538911989e-02
6.794268425466830352e-02
6.126014382684812770e-02
5.449786802229877880e-02
6.126113334281567402e-02
6.794473941225663560e-02
6.042566407829622066e-02
4.732038001668659871e-02
3.519086194570590631e-02
3.519086194570596182e-02
2.619257870262250293e-02
1.914776499575220059e-02
1.343263178767390570e-02
9.770223658764379607e-03
8.086759805599729942e-03
7.080892637573808074e-03
6.663823879209834419e-03
6.954897558475809684e-03
8.064256585737436533e-03
9.992519644374186008e-03
1.307382048633660629e-02
1.845375108396352104e-02
2.619226532142406375e-02
3.706818126341377556e-02
5.282131904313808191e-02
6.583101704859410652e-02
6.529650840969124237e-02
6.126113334281569484e-02
6.652786343162815641e-02
7.115229414840777700e-02
6.676768612602111685e-02
5.833381090047890655e-02
4.647803263740618585e-02
4.732038001668655708e-02
3.706775783745475117e-02
2.775072793533647775e-02
2.017880938610786684e-02
1.378667629467514831e-02
9.771116021723919368e-03
8.107805435965773078e-03
6.954897558475805347e-03
6.458218705223840207e-03
6.962895172728060349e-03
8.154175980430328555e-03
9.992519644374189478e-03
1.311123964147549968e-02
1.914806252627788974e-02
2.775071108820538826e-02
4.176653727290412232e-02
5.794905273054552081e-02
6.583128658663524313e-02
6.794473941225666336e-02
7.115229414840780475e-02
7.313175227822171776e-02
7.322398639835543677e-02
6.845790134301475705e-02
5.833381090047888573e-02
6.042566407829625535e-02
5.282035220778186907e-02
4.176577946303482863e-02
2.923224131468056888e-02
2.017888915500353972e-02
1.343257434577892900e-02
9.787984704377684225e-03
8.064256585737446942e-03
6.962895172728056012e-03
6.680449761003280987e-03
6.962895172728060349e-03
8.064256585737440003e-03
9.787984704377687695e-03
1.343257434577892553e-02
2.017888915500352584e-02
2.923224131468057929e-02
4.176577946303482863e-02
5.282035220778189683e-02
6.042566407829623454e-02
6.676768612602118624e-02
7.322398639835538126e-02
7.663779116405178282e-02
7.322398639835536738e-02
6.676768612602108910e-02
6.794473941225660785e-02
6.583128658663524313e-02
5.794905273054550693e-02
4.176653727290408069e-02
2.775071108820538826e-02
1.914806252627790015e-02
1.311123964147549621e-02
9.992519644374196416e-03
8.154175980430328555e-03
6.962895172728049940e-03
6.458218705223840207e-03
6.954897558475802745e-03
8.107805435965759200e-03
9.771116021723941919e-03
1.378667629467514484e-02
2.017880938610786684e-02
2.775072793533646734e-02
3.706775783745475117e-02
4.732038001668661259e-02
5.833381090047894818e-02
6.845790134301472929e-02
7.322398639835543677e-02
7.313175227822171776e-02
7.115229414840777700e-02
6.126113334281555606e-02
6.529650840969113135e-02
6.583101704859405101e-02
5.282131904313806109e-02
3.706818126341381026e-02
2.619226532142411579e-02
1.845375108396356267e-02
1.307382048633663404e-02
9.992519644374196416e-03
8.064256585737440003e-03
6.954897558475812286e-03
6.663823879209841358e-03
7.080892637573787257e-03
8.086759805599719533e-03
9.770223658764357055e-03
1.343263178767387794e-02
1.914776499575215549e-02
2.619257870262245089e-02
3.519086194570591325e-02
4.647803263740618585e-02
5.833381090047882328e-02
6.676768612602113073e-02
7.115229414840786026e-02
6.652786343162818417e-02
6.005776171450138978e-02
5.778099772249602195e-02
5.307576031514671389e-02
4.732106919203567241e-02
3.980431751154014930e-02
3.226421024704186069e-02
2.566776838779487660e-02
2.035221783644309418e-02
1.613523894960245189e-02
1.311049222333093150e-02
1.135526453442267311e-02
1.047939001951608308e-02
1.019602528087423278e-02
1.048050725744461772e-02
1.135517233183619412e-02
1.311077962592658956e-02
1.613558430010611847e-02
2.035204527633183852e-02
2.566724269015265014e-02
3.226418151918569732e-02
3.980366375210567242e-02
4.732038299978481855e-02
5.307522195122003211e-02
5.778366290159562407e-02
5.778099772249609828e-02
5.906793650766064413e-02
5.954181893265730885e-02
5.833447874498117608e-02
5.298673359978448016e-02
4.516446461382793431e-02
3.712177786402743457e-02
2.997636266238304717e-02
2.410888851956746737e-02
1.914812706110791130e-02
1.476297741836392168e-02
1.189410155392058889e-02
1.048050725744461772e-02
9.692268864457637828e-03
9.502843383993249057e-03
9.992063213828096535e-03
1.109952911546984236e-02
1.331078116430190611e-02
1.696371375286481048e-02
2.240515838965077486e-02
2.900331118248110004e-02
3.706813773793635886e-02
4.572849754257079374e-02
5.324339343920191092e-02
5.307576031514674858e-02
5.954181893265732273e-02
6.566781237241124669e-02
6.845944875311645028e-02
6.566781237241124669e-02
5.954181893265732273e-02
5.307576031514670695e-02
4.572720367391731183e-02
3.693570588504138663e-02
2.775080954889527080e-02
2.063312479877867436e-02
1.476327958197313876e-02
1.135517233183618718e-02
9.502843383993249057e-03
8.423748705033528086e-03
8.154676808309160516e-03
8.423748705033538495e-03
9.502843383993249057e-03
1.135517233183619065e-02
1.476327958197316478e-02
2.063312479877867436e-02
2.775080954889531243e-02
3.693570588504144908e-02
4.572720367391734653e-02
4.732106919203570017e-02
5.833447874498114138e-02
6.845944875311645028e-02
7.322546770412119432e-02
7.313226511770273830e-02
7.115177889566391689e-02
6.794268425466824801e-02
6.583101704859421754e-02
5.794905273054550693e-02
4.176577946303484945e-02
2.775072793533650897e-02
1.914776499575216936e-02
1.311077962592657221e-02
9.992063213828096535e-03
8.154676808309157046e-03
6.963408686433527131e-03
6.459342667097333832e-03
6.955716584272681260e-03
8.108929687822319030e-03
9.770223658764376137e-03
1.378667629467512923e-02
2.017888915500353972e-02
2.775071108820538826e-02
3.706818126341379638e-02
3.980431751154014930e-02
5.298673359978449404e-02
6.566781237241123281e-02
7.313226511770277993e-02
7.372765663995649310e-02
5.540315068851689451e-02
4.437612897967956743e-02
5.435382208618247390e-02
6.773643925509774399e-02
5.794868709788265210e-02
3.693575547566269046e-02
2.410897955722161520e-02
1.613558430010609418e-02
1.109952911546985103e-02
8.423748705033535025e-03
6.459342667097325158e-03
5.364761195554803262e-03
5.342188268462755817e-03
6.083595910747827649e-03
7.255801504804957475e-03
9.289675563696322969e-03
1.378642806930769661e-02
2.063311440019221718e-02
2.900368396434823554e-02
3.226421024704186763e-02
4.516446461382787880e-02
5.954181893265732273e-02
7.115177889566390301e-02
5.540315068851686675e-02
2.498224437320101937e-02
2.372345503370940772e-02
2.381041804725548064e-02
5.435433947429541696e-02
6.583181974781321388e-02
4.572787703797000225e-02
2.997599130321677505e-02
2.035204527633184199e-02
1.331078116430190264e-02
9.502843383993243853e-03
6.955716584272674322e-03
5.342188268462753215e-03
4.658653692683605366e-03
4.788783446097789366e-03
5.762758668446034405e-03
7.258101735888298524e-03
9.771419272816352780e-03
1.476339946220348379e-02
2.240554717831302889e-02
2.566776838779487660e-02
3.712177786402742069e-02
5.307576031514671389e-02
6.794268425466830352e-02
4.437612897967962294e-02
2.372345503370940772e-02
4.320077296985699172e-02
2.372472887139403380e-02
4.437672241826576269e-02
6.794385717517402445e-02
5.307471035211536875e-02
3.712136207335639537e-02
2.566724269015261545e-02
1.696371375286481048e-02
1.135517233183619065e-02
8.108929687822308621e-03
6.083595910747820711e-03
4.788783446097789366e-03
4.282180956112615310e-03
4.787908544625408581e-03
6.083901838755524302e-03
8.106940813387704392e-03
1.135464429856216165e-02
1.696362971317521076e-02
2.035221783644308724e-02
2.997636266238303329e-02
4.572720367391728408e-02
6.583101704859416203e-02
5.435382208618249472e-02
2.381041804725548758e-02
2.372472887139407544e-02
2.498140902404899152e-02
5.540495870391287658e-02
7.115240107712789142e-02
5.954092119986451048e-02
4.516360203436517451e-02
3.226418151918569732e-02
2.240515838965077486e-02
1.476327958197315091e-02
9.770223658764357055e-03
7.255801504804947934e-03
5.762758668446041344e-03
4.787908544625405979e-03
4.658408298380527050e-03
5.342384385689446027e-03
6.955449213820128103e-03
9.503825229886596337e-03
1.331151496067997306e-02
1.613523894960243801e-02
2.410888851956747431e-02
3.693570588504140051e-02
5.794905273054552081e-02
6.773643925509778563e-02
5.435433947429535451e-02
4.437672241826568637e-02
5.540495870391285577e-02
7.373013750572696146e-02
7.313142327381406960e-02
6.566683020578081842e-02
5.298546466297309604e-02
3.980366375210567242e-02
2.900331118248110004e-02
2.063312479877868477e-02
1.378667629467514484e-02
9.289675563696322969e-03
7.258101735888311534e-03
6.083901838755527772e-03
5.342384385689451232e-03
5.367070119799825269e-03
6.460133959553059253e-03
8.424351122830037869e-03
1.109860554848418959e-02
1.311049222333092110e-02
1.914812706110789395e-02
2.775080954889522916e-02
4.176577946303480782e-02
5.794868709788265210e-02
6.583181974781325552e-02
6.794385717517402445e-02
7.115240107712789142e-02
7.313142327381411123e-02
7.322365202643336957e-02
6.845826073302475889e-02
5.833350848223225332e-02
4.732038299978485324e-02
3.706813773793635886e-02
2.775080954889530202e-02
2.017888915500352584e-02
1.378642806930769314e-02
9.771419272816356250e-03
8.106940813387704392e-03
6.955449213820134174e-03
6.460133959553059253e-03
6.961370476144039705e-03
8.154596824664975263e-03
9.993882203652989377e-03
1.135526453442266617e-02
1.476297741836392514e-02
2.063312479877868477e-02
2.775072793533648469e-02
3.693575547566267658e-02
4.572787703797000225e-02
5.307471035211539651e-02
5.954092119986451742e-02
6.566683020578081842e-02
6.845826073302471726e-02
6.566666482808732053e-02
5.954088558180686136e-02
5.307522195121995578e-02
4.572849754257082150e-02
3.693570588504140745e-02
2.775071108820538826e-02
2.063311440019219983e-02
1.476339946220346297e-02
1.135464429856216165e-02
9.503825229886589399e-03
8.424351122830037869e-03
8.154596824664968324e-03
8.423491796378031193e-03
9.504576283974016868e-03
1.047939001951608308e-02
1.189410155392058889e-02
1.476327958197313356e-02
1.914776499575219365e-02
2.410897955722163255e-02
2.997599130321678546e-02
3.712136207335641619e-02
4.516360203436520226e-02
5.298546466297310992e-02
5.833350848223229496e-02
5.954088558180685442e-02
5.906809976937230089e-02
5.778366290159556856e-02
5.324339343920189704e-02
4.572720367391738816e-02
3.706818126341377556e-02
2.900368396434820084e-02
2.240554717831301848e-02
1.696362971317521076e-02
1.331151496067995744e-02
1.109860554848418959e-02
9.993882203652985907e-03
9.504576283974025541e-03
9.695946878889709700e-03
1.019602528087422931e-02
1.048050725744462119e-02
1.135517233183618024e-02
1.311077962592659303e-02
1.613558430010610112e-02
2.035204527633185240e-02
2.566724269015263973e-02
3.226418151918571814e-02
3.980366375210570018e-02
4.732038299978481855e-02
5.307522195121997660e-02
5.778366290159565183e-02
6.005776171450138978e-02
5.778099772249609828e-02
5.307576031514672776e-02
4.732106919203567241e-02
3.980431751154013542e-02
3.226421024704186069e-02
2.566776838779488701e-02
2.035221783644308377e-02
1.613523894960243107e-02
1.311049222333093844e-02
1.135526453442266964e-02
1.047939001951607614e-02
1.048050725744460211e-02
9.692268864457637828e-03
9.502843383993243853e-03
9.992063213828103474e-03
1.109952911546984583e-02
1.331078116430191131e-02
1.696371375286480007e-02
2.240515838965077486e-02
2.900331118248112433e-02
3.706813773793635886e-02
4.572849754257078680e-02
5.324339343920189704e-02
5.778099772249609828e-02
5.906793650766069964e-02
5.954181893265732273e-02
5.833447874498119690e-02
5.298673359978450098e-02
4.516446461382795513e-02
3.712177786402745538e-02
2.997636266238302288e-02
2.410888851956750553e-02
1.914812706110790089e-02
1.476297741836391647e-02
1.189410155392058542e-02
1.135517233183618371e-02
9.502843383993236914e-03
8.423748705033535025e-03
8.154676808309160516e-03
8.423748705033535025e-03
9.502843383993255996e-03
1.135517233183618371e-02
1.476327958197315091e-02
2.063312479877868477e-02
2.775080954889529161e-02
3.693570588504140745e-02
4.572720367391733959e-02
5.307576031514674858e-02
5.954181893265736436e-02
6.566781237241126057e-02
6.845944875311646416e-02
6.566781237241123281e-02
5.954181893265734354e-02
5.307576031514671389e-02
4.572720367391731183e-02
3.693570588504142133e-02
2.775080954889526039e-02
2.063312479877866396e-02
1.476327958197312142e-02
1.311077962592659303e-02
9.992063213828100005e-03
8.154676808309160516e-03
6.963408686433527131e-03
6.459342667097331230e-03
6.955716584272670852e-03
8.108929687822313825e-03
9.770223658764360525e-03
1.378667629467513964e-02
2.017888915500355707e-02
2.775071108820537785e-02
3.706818126341381026e-02
4.732106919203567241e-02
5.833447874498117608e-02
6.845944875311645028e-02
7.322546770412119432e-02
7.313226511770277993e-02
7.115177889566391689e-02
6.794268425466827577e-02
6.583101704859413428e-02
5.794905273054556938e-02
4.176577946303489108e-02
2.775072793533648469e-02
1.914776499575215549e-02
1.613558430010609418e-02
1.109952911546983889e-02
8.423748705033531556e-03
6.459342667097320821e-03
5.364761195554798058e-03
5.342188268462758419e-03
6.083595910747830252e-03
7.255801504804957475e-03
9.289675563696322969e-03
1.378642806930769661e-02
2.063311440019221718e-02
2.900368396434823554e-02
3.980431751154014930e-02
5.298673359978448016e-02
6.566781237241126057e-02
7.313226511770271054e-02
7.372765663995649310e-02
5.540315068851684593e-02
4.437612897967964376e-02
5.435382208618249472e-02
6.773643925509781338e-02
5.794868709788267985e-02
3.693575547566263495e-02
2.410897955722157357e-02
2.035204527633184199e-02
1.331078116430190611e-02
9.502843383993259466e-03
6.955716584272674322e-03
5.342188268462755817e-03
4.658653692683611437e-03
4.788783446097792836e-03
5.762758668446029200e-03
7.258101735888298524e-03
9.771419272816356250e-03
1.476339946220347685e-02
2.240554717831301154e-02
3.226421024704186069e-02
4.516446461382793431e-02
5.954181893265732273e-02
7.115177889566391689e-02
5.540315068851689451e-02
2.498224437320107141e-02
2.372345503370943201e-02
2.381041804725555697e-02
5.435433947429535451e-02
6.583181974781321388e-02
4.572787703796989817e-02
2.997599130321671607e-02
2.566724269015261545e-02
1.696371375286480354e-02
1.135517233183619412e-02
8.108929687822315560e-03
6.083595910747830252e-03
4.788783446097789366e-03
4.282180956112610105e-03
4.787908544625408581e-03
6.083901838755527772e-03
8.106940813387697453e-03
1.135464429856216165e-02
1.696362971317520035e-02
2.566776838779487660e-02
3.712177786402745538e-02
5.307576031514671389e-02
6.794268425466824801e-02
4.437612897967962294e-02
2.372345503370942160e-02
4.320077296985699172e-02
2.372472887139410319e-02
4.437672241826571412e-02
6.794385717517402445e-02
5.307471035211531324e-02
3.712136207335638843e-02
3.226418151918571814e-02
2.240515838965079568e-02
1.476327958197315958e-02
9.770223658764379607e-03
7.255801504804947934e-03
5.762758668446034405e-03
4.787908544625403377e-03
4.658408298380518377e-03
5.342384385689448630e-03
6.955449213820124633e-03
9.503825229886584194e-03
1.331151496067995398e-02
2.035221783644308377e-02
2.997636266238303329e-02
4.572720367391729102e-02
6.583101704859413428e-02
5.435382208618252248e-02
2.381041804725557084e-02
2.372472887139414482e-02
2.498140902404908173e-02
5.540495870391285577e-02
7.115240107712784978e-02
5.954092119986446191e-02
4.516360203436512594e-02
3.980366375210570018e-02
2.900331118248110004e-02
2.063312479877868477e-02
1.378667629467514831e-02
9.289675563696316030e-03
7.258101735888311534e-03
6.083901838755530374e-03
5.342384385689448630e-03
5.367070119799828738e-03
6.460133959553052314e-03
8.424351122830027461e-03
1.109860554848418265e-02
1.613523894960243107e-02
2.410888851956748472e-02
3.693570588504142133e-02
5.794905273054552081e-02
6.773643925509775787e-02
5.435433947429535451e-02
4.437672241826563779e-02
5.540495870391287658e-02
7.373013750572691982e-02
7.313142327381411123e-02
6.566683020578073515e-02
5.298546466297302665e-02
4.732038299978481161e-02
3.706813773793642131e-02
2.775080954889529161e-02
2.017888915500355707e-02
1.378642806930768967e-02
9.771419272816364923e-03
8.106940813387707861e-03
6.955449213820141113e-03
6.460133959553062723e-03
6.961370476144032766e-03
8.154596824664982202e-03
9.993882203652973764e-03
1.311049222333095926e-02
1.914812706110791130e-02
2.775080954889523610e-02
4.176577946303482863e-02
5.794868709788270761e-02
6.583181974781328327e-02
6.794385717517402445e-02
7.115240107712782203e-02
7.313142327381413899e-02
7.322365202643342508e-02
6.845826073302464787e-02
5.833350848223223944e-02
5.307522195121999048e-02
4.572849754257080762e-02
3.693570588504140745e-02
2.775071108820542296e-02
2.063311440019222759e-02
1.476339946220346991e-02
1.135464429856216859e-02
9.503825229886605011e-03
8.424351122830041338e-03
8.154596824664982202e-03
8.423491796378025989e-03
9.504576283974022072e-03
1.135526453442266617e-02
1.476297741836391300e-02
2.063312479877866396e-02
2.775072793533646734e-02
3.693575547566266964e-02
4.572787703796997449e-02
5.307471035211536181e-02
5.954092119986444803e-02
6.566683020578073515e-02
6.845826073302468950e-02
6.566666482808730665e-02
5.954088558180681279e-02
5.778366290159562407e-02
5.324339343920191092e-02
4.572720367391738122e-02
3.706818126341379638e-02
2.900368396434822166e-02
2.240554717831303583e-02
1.696362971317522811e-02
1.331151496067998694e-02
1.109860554848419653e-02
9.993882203652999785e-03
9.504576283974029011e-03
9.695946878889714904e-03
1.047939001951607614e-02
1.189410155392058542e-02
1.476327958197312488e-02
1.914776499575215549e-02
2.410897955722161520e-02
2.997599130321674035e-02
3.712136207335638843e-02
4.516360203436513981e-02
5.298546466297308216e-02
5.833350848223226720e-02
5.954088558180686136e-02
5.906809976937231477e-02
3.767691460468821502e-02
3.771307325169708652e-02
3.712177786402747620e-02
3.519142396036924886e-02
3.226421024704186069e-02
2.884904814388826802e-02
2.556978658784137340e-02
2.272185906798088531e-02
2.035245174649868982e-02
1.845360054596217186e-02
1.696369006750833575e-02
1.603042457820483269e-02
1.574846189561937906e-02
1.603001681642202830e-02
1.696371375286480354e-02
1.845338136614671845e-02
2.035204527633184199e-02
2.272193423133911372e-02
2.556967401551154054e-02
2.884892092155095719e-02
3.226403582566785000e-02
3.519103900424191272e-02
3.712136328623480419e-02
3.771254465960559299e-02
3.771307325169707264e-02
4.176775951922981345e-02
4.516446461382796901e-02
4.647927877589078105e-02
4.516446461382793431e-02
4.176775951922977181e-02
3.771307325169709346e-02
3.386297731588794324e-02
2.997607723983147787e-02
2.619207260130650833e-02
2.240542794775788812e-02
1.879131252698206314e-02
1.603001681642202483e-02
1.427463458581874726e-02
1.331078116430190264e-02
1.307462955423560266e-02
1.331078116430192346e-02
1.427463458581874726e-02
1.603001681642202830e-02
1.879131252698207355e-02
2.240542794775787772e-02
2.619207260130649792e-02
2.997607723983148828e-02
3.386297731588797794e-02
3.712177786402749702e-02
4.516446461382793431e-02
5.298673359978449404e-02
5.833447874498112751e-02
5.954181893265732273e-02
5.906793650766064413e-02
5.778099772249602195e-02
5.324339343920188317e-02
4.572849754257080762e-02
3.706813773793635886e-02
2.900331118248113127e-02
2.240515838965074710e-02
1.696371375286478966e-02
1.331078116430190264e-02
1.109952911546984583e-02
9.992063213828106943e-03
9.502843383993249057e-03
9.692268864457641298e-03
1.048050725744462813e-02
1.189410155392060797e-02
1.476297741836393035e-02
1.914812706110791823e-02
2.410888851956751594e-02
2.997636266238307493e-02
3.519142396036924192e-02
4.647927877589078105e-02
5.833447874498110669e-02
6.676826496192424243e-02
7.115177889566387526e-02
6.652665575767686967e-02
6.126014382684807219e-02
6.529650840969124237e-02
6.583128658663529864e-02
5.282035220778189683e-02
3.706775783745478586e-02
2.619257870262247864e-02
1.845338136614670110e-02
1.307462955423560960e-02
9.992063213828096535e-03
8.065285837609391731e-03
6.955716584272670852e-03
6.664695093515485280e-03
7.079762314812268129e-03
8.086759805599743819e-03
9.771116021723934980e-03
1.343257434577893768e-02
1.914806252627792443e-02
2.619226532142410538e-02
3.226421024704184681e-02
4.516446461382791350e-02
5.954181893265732273e-02
7.115177889566384750e-02
5.540315068851686675e-02
2.498224437320100896e-02
2.372345503370940079e-02
2.381041804725548064e-02
5.435433947429543777e-02
6.583181974781321388e-02
4.572787703797002307e-02
2.997599130321676117e-02
2.035204527633185587e-02
1.331078116430192346e-02
9.502843383993243853e-03
6.955716584272670852e-03
5.342188268462749745e-03
4.658653692683608835e-03
4.788783446097789366e-03
5.762758668446038741e-03
7.258101735888308065e-03
9.771419272816364923e-03
1.476339946220346991e-02
2.240554717831303583e-02
2.884904814388827843e-02
4.176775951922975794e-02
5.906793650766062331e-02
6.652665575767686967e-02
2.498224437320098121e-02
9.999999999999999547e-07
9.999999999999999547e-07
9.999999999999999547e-07
2.381055750057409909e-02
6.529805479392127021e-02
5.324255692711966220e-02
3.386306938089519297e-02
2.272193423133911372e-02
1.427463458581874380e-02
9.692268864457630889e-03
6.664695093515475739e-03
4.658653692683608835e-03
3.660438490676141878e-03
3.499139426269050942e-03
4.241446158405544169e-03
5.760899317784393299e-03
8.084681125487474390e-03
1.189442476480571768e-02
1.879147724287772575e-02
2.556978658784140462e-02
3.771307325169705182e-02
5.778099772249602195e-02
6.126014382684812770e-02
2.372345503370935915e-02
9.999999999999999547e-07
9.999999999999999547e-07
9.999999999999999547e-07
2.372333135687584860e-02
6.126072670508955764e-02
5.778485327523040505e-02
3.771281657295398604e-02
2.556967401551155095e-02
1.603001681642200749e-02
1.048050725744460558e-02
7.079762314812250781e-03
4.788783446097778090e-03
3.499139426269056146e-03
3.058660214287143089e-03
3.499394550725657641e-03
4.788431534588409241e-03
7.080530714771233330e-03
1.048043717862628434e-02
1.603027269158625173e-02
2.272185906798086449e-02
3.386297731588789467e-02
5.324339343920191092e-02
6.529650840969127013e-02
2.381041804725550839e-02
9.999999999999999547e-07
9.999999999999999547e-07
9.999999999999999547e-07
2.498179911691524382e-02
6.652588175764784229e-02
5.906723616748275896e-02
4.176751263214036752e-02
2.884892092155093291e-02
1.879131252698205620e-02
1.189410155392059236e-02
8.086759805599729942e-03
5.762758668446034405e-03
4.241446158405546771e-03
3.499394550725662845e-03
3.661078860887750745e-03
4.659345807578370129e-03
6.665132755045504245e-03
9.693666890869572644e-03
1.427373431663468174e-02
2.035245174649865860e-02
2.997607723983147787e-02
4.572849754257073129e-02
6.583128658663521537e-02
5.435433947429538226e-02
2.381055750057406786e-02
2.372333135687586594e-02
2.498179911691524382e-02
5.540377802110394573e-02
7.115166128756086894e-02
5.954081676281307994e-02
4.516367780054944547e-02
3.226403582566785694e-02
2.240542794775789853e-02
1.476297741836391647e-02
9.771116021723926306e-03
7.258101735888308065e-03
5.760899317784400238e-03
4.788431534588405772e-03
4.659345807578378802e-03
5.340987337114055586e-03
6.954508008157869216e-03
9.506079551683468618e-03
1.331182052819030771e-02
1.845360054596216146e-02
2.619207260130648057e-02
3.706813773793633110e-02
5.282035220778184825e-02
6.583181974781321388e-02
6.529805479392131184e-02
6.126072670508964091e-02
6.652588175764784229e-02
7.115166128756089670e-02
6.676722385539837767e-02
5.833349751986137421e-02
4.647817507927007319e-02
3.519103900424191966e-02
2.619207260130650833e-02
1.914812706110791476e-02
1.343257434577892553e-02
9.771419272816349311e-03
8.084681125487470921e-03
7.080530714771226392e-03
6.665132755045504245e-03
6.954508008157871818e-03
8.063003160732997235e-03
9.992378546079434820e-03
1.307432939854104477e-02
1.696369006750832881e-02
2.240542794775787772e-02
2.900331118248113127e-02
3.706775783745477199e-02
4.572787703797002307e-02
5.324255692711972465e-02
5.778485327523046056e-02
5.906723616748280753e-02
5.954081676281310076e-02
5.833349751986137421e-02
5.298541729703222514e-02
4.516367808822283753e-02
3.712136328623480419e-02
2.997607723983148828e-02
2.410888851956750553e-02
1.914806252627787586e-02
1.476339946220345777e-02
1.189442476480569860e-02
1.048043717862627046e-02
9.693666890869576114e-03
9.506079551683458209e-03
9.992378546079420942e-03
1.110046501755338443e-02
1.331108895500415952e-02
1.603042457820484309e-02
1.879131252698207008e-02
2.240515838965076445e-02
2.619257870262249252e-02
2.997599130321677505e-02
3.386306938089523461e-02
3.771281657295399992e-02
4.176751263214036752e-02
4.516367780054947323e-02
4.647817507927014952e-02
4.516367808822285140e-02
4.176747681950521845e-02
3.771254465960559299e-02
3.386297731588793630e-02
2.997636266238306452e-02
2.619226532142408456e-02
2.240554717831301154e-02
1.879147724287769800e-02
1.603027269158620316e-02
1.427373431663465746e-02
1.331182052819030424e-02
1.307432939854103089e-02
1.331108895500415605e-02
1.427424075191214073e-02
1.574846189561937906e-02
1.603001681642202136e-02
1.696371375286482089e-02
1.845338136614671151e-02
2.035204527633184546e-02
2.272193423133911372e-02
2.556967401551155095e-02
2.884892092155095719e-02
3.226403582566788469e-02
3.519103900424194742e-02
3.712136328623485970e-02
3.771254465960561381e-02
3.767691460468822195e-02
3.771307325169708652e-02
3.712177786402747620e-02
3.519142396036924192e-02
3.226421024704186069e-02
2.884904814388830271e-02
2.556978658784137340e-02
2.272185906798090266e-02
2.035245174649867594e-02
1.845360054596217533e-02
1.696369006750834268e-02
1.603042457820486044e-02
1.603001681642202830e-02
1.427463458581874033e-02
1.331078116430191652e-02
1.307462955423560266e-02
1.331078116430191131e-02
1.427463458581872992e-02
1.603001681642202830e-02
1.879131252698207355e-02
2.240542794775787772e-02
2.619207260130650833e-02
2.997607723983146746e-02
3.386297731588796406e-02
3.771307325169708652e-02
4.176775951922977875e-02
4.516446461382796901e-02
4.647927877589082268e-02
4.516446461382794819e-02
4.176775951922977875e-02
3.771307325169708652e-02
3.386297731588796406e-02
2.997607723983148828e-02
2.619207260130650833e-02
2.240542794775788812e-02
1.879131252698207702e-02
1.696371375286481742e-02
1.331078116430191999e-02
1.109952911546984583e-02
9.992063213828096535e-03
9.502843383993249057e-03
9.692268864457630889e-03
1.048050725744461772e-02
1.189410155392059236e-02
1.476297741836392168e-02
1.914812706110792170e-02
2.410888851956749859e-02
2.997636266238307493e-02
3.712177786402751783e-02
4.516446461382793431e-02
5.298673359978450098e-02
5.833447874498114138e-02
5.954181893265734354e-02
5.906793650766063025e-02
5.778099772249607052e-02
5.324339343920187623e-02
4.572849754257084925e-02
3.706813773793640049e-02
2.900331118248110004e-02
2.240515838965076445e-02
1.845338136614671845e-02
1.307462955423560266e-02
9.992063213828100005e-03
8.065285837609391731e-03
6.955716584272661311e-03
6.664695093515485280e-03
7.079762314812261190e-03
8.086759805599736881e-03
9.771116021723938450e-03
1.343257434577893421e-02
1.914806252627787586e-02
2.619226532142409497e-02
3.519142396036926274e-02
4.647927877589076717e-02
5.833447874498118996e-02
6.676826496192425631e-02
7.115177889566395852e-02
6.652665575767678641e-02
6.126014382684804443e-02
6.529650840969118686e-02
6.583128658663529864e-02
5.282035220778188295e-02
3.706775783745475117e-02
2.619257870262245783e-02
2.035204527633183852e-02
1.331078116430191652e-02
9.502843383993249057e-03
6.955716584272670852e-03
5.342188268462749745e-03
4.658653692683611437e-03
4.788783446097789366e-03
5.762758668446038741e-03
7.258101735888328881e-03
9.771419272816356250e-03
1.476339946220346297e-02
2.240554717831301848e-02
3.226421024704186069e-02
4.516446461382793431e-02
5.954181893265730885e-02
7.115177889566390301e-02
5.540315068851689451e-02
2.498224437320106101e-02
2.372345503370942160e-02
2.381041804725553962e-02
5.435433947429533369e-02
6.583181974781328327e-02
4.572787703796994674e-02
2.997599130321671607e-02
2.272193423133910331e-02
1.427463458581874726e-02
9.692268864457625685e-03
6.664695093515488750e-03
4.658653692683608835e-03
3.660438490676144480e-03
3.499139426269059182e-03
4.241446158405541567e-03
5.760899317784395901e-03
8.084681125487477860e-03
1.189442476480570207e-02
1.879147724287769800e-02
2.884904814388826802e-02
4.176775951922977875e-02
5.906793650766064413e-02
6.652665575767684192e-02
2.498224437320106101e-02
9.999999999999999547e-07
9.999999999999999547e-07
9.999999999999999547e-07
2.381055750057401929e-02
6.529805479392127021e-02
5.324255692711962751e-02
3.386306938089515828e-02
2.556967401551153360e-02
1.603001681642202483e-02
1.048050725744460558e-02
7.079762314812257720e-03
4.788783446097783295e-03
3.499139426269056146e-03
3.058660214287145258e-03
3.499394550725659810e-03
4.788431534588415313e-03
7.080530714771233330e-03
1.048043717862626352e-02
1.603027269158623092e-02
2.556978658784138381e-02
3.771307325169706570e-02
5.778099772249598726e-02
6.126014382684807219e-02
2.372345503370940079e-02
9.999999999999999547e-07
9.999999999999999547e-07
9.999999999999999547e-07
2.372333135687581737e-02
6.126072670508958540e-02
5.778485327523040505e-02
3.771281657295390971e-02
2.884892092155093291e-02
1.879131252698209090e-02
1.189410155392060450e-02
8.086759805599740350e-03
5.762758668446038741e-03
4.241446158405544169e-03
3.499394550725662845e-03
3.661078860887755949e-03
4.659345807578376200e-03
6.665132755045511184e-03
9.693666890869560501e-03
1.427373431663466093e-02
2.272185906798086449e-02
3.386297731588791549e-02
5.324339343920184153e-02
6.529650840969118686e-02
2.381041804725554656e-02
9.999999999999999547e-07
9.999999999999999547e-07
9.999999999999999547e-07
2.498179911691521260e-02
6.652588175764781453e-02
5.906723616748273814e-02
4.176751263214031895e-02
3.226403582566785000e-02
2.240542794775787772e-02
1.476297741836392168e-02
9.771116021723922837e-03
7.258101735888311534e-03
5.760899317784395901e-03
4.788431534588405772e-03
4.659345807578372731e-03
5.340987337114058188e-03
6.954508008157862277e-03
9.506079551683458209e-03
1.331182052819030424e-02
2.035245174649867594e-02
2.997607723983146052e-02
4.572849754257079374e-02
6.583128658663527089e-02
5.435433947429533369e-02
2.381055750057399500e-02
2.372333135687581737e-02
2.498179911691523689e-02
5.540377802110384164e-02
7.115166128756089670e-02
5.954081676281306607e-02
4.516367780054938996e-02
3.519103900424191966e-02
2.619207260130649098e-02
1.914812706110792864e-02
1.343257434577893421e-02
9.771419272816356250e-03
8.084681125487470921e-03
7.080530714771236800e-03
6.665132755045507715e-03
6.954508008157876155e-03
8.063003160732983357e-03
9.992378546079431351e-03
1.307432939854102048e-02
1.845360054596216146e-02
2.619207260130649098e-02
3.706813773793633110e-02
5.282035220778189683e-02
6.583181974781325552e-02
6.529805479392127021e-02
6.126072670508953683e-02
6.652588175764784229e-02
7.115166128756093833e-02
6.676722385539843319e-02
5.833349751986136034e-02
4.647817507927004543e-02
3.712136328623480419e-02
2.997607723983148828e-02
2.410888851956751594e-02
1.914806252627789668e-02
1.476339946220348726e-02
1.189442476480571075e-02
1.048043717862628781e-02
9.693666890869579583e-03
9.506079551683465148e-03
9.992378546079424412e-03
1.110046501755339483e-02
1.331108895500415085e-02
1.696369006750834268e-02
2.240542794775789853e-02
2.900331118248111392e-02
3.706775783745475811e-02
4.572787703796996756e-02
5.324255692711964832e-02
5.778485327523040505e-02
5.906723616748279365e-02
5.954081676281308688e-02
5.833349751986140197e-02
5.298541729703215575e-02
4.516367808822280283e-02
3.771254465960561381e-02
3.386297731588797794e-02
2.997636266238307493e-02
2.619226532142410538e-02
2.240554717831303583e-02
1.879147724287773963e-02
1.603027269158623092e-02
1.427373431663468174e-02
1.331182052819032853e-02
1.307432939854104477e-02
1.331108895500415605e-02
1.427424075191214073e-02
1.603042457820486044e-02
1.879131252698207008e-02
2.240515838965074710e-02
2.619257870262246823e-02
2.997599130321674035e-02
3.386306938089515828e-02
3.771281657295396522e-02
4.176751263214029120e-02
4.516367780054939690e-02
4.647817507927009401e-02
4.516367808822285834e-02
4.176747681950516294e-02
2.555304606657872457e-02
2.556978658784138381e-02
2.566776838779490436e-02
2.574614701306709649e-02
2.566776838779489742e-02
2.556978658784137340e-02
2.555304606657871416e-02
2.556996204245079451e-02
2.566745336142602085e-02
2.574610524200495951e-02
2.566755772793131649e-02
2.556949843711567999e-02
2.555345919977612679e-02
2.556967401551155095e-02
2.566724269015262586e-02
2.574606343741992973e-02
2.566724269015260851e-02
2.556967401551156482e-02
2.555345919977614066e-02
2.556949843711571121e-02
2.566755772793131649e-02
2.574610524200500114e-02
2.566745336142601044e-02
2.556996204245081186e-02
2.556978658784139075e-02
2.884904814388827843e-02
3.226421024704188151e-02
3.519142396036924886e-02
3.712177786402744845e-02
3.771307325169709346e-02
3.767691460468815257e-02
3.771254465960558605e-02
3.712136328623481807e-02
3.519103900424187803e-02
3.226403582566785000e-02
2.884892092155093291e-02
2.556967401551154054e-02
2.272193423133908596e-02
2.035204527633185240e-02
1.845338136614670457e-02
1.696371375286482436e-02
1.603001681642202830e-02
1.574846189561937906e-02
1.603042457820485697e-02
1.696369006750834268e-02
1.845360054596220309e-02
2.035245174649869676e-02
2.272185906798092694e-02
2.566776838779490436e-02
3.226421024704188151e-02
3.980431751154013542e-02
4.732106919203568629e-02
5.307576031514667919e-02
5.778099772249607052e-02
6.005776171450141754e-02
5.778366290159556856e-02
5.307522195121995578e-02
4.732038299978478385e-02
3.980366375210570018e-02
3.226418151918568344e-02
2.566724269015263973e-02
2.035204527633183505e-02
1.613558430010611500e-02
1.311077962592659303e-02
1.135517233183618718e-02
1.048050725744462119e-02
1.019602528087423278e-02
1.047939001951609175e-02
1.135526453442268525e-02
1.311049222333096273e-02
1.613523894960246230e-02
2.035221783644311500e-02
2.574614701306707915e-02
3.519142396036922110e-02
4.732106919203570017e-02
6.042533152538909214e-02
6.794268425466824801e-02
6.126014382684812770e-02
5.449786802229877880e-02
6.126113334281559075e-02
6.794473941225658009e-02
6.042566407829625535e-02
4.732038001668661259e-02
3.519086194570592713e-02
2.574606343741988809e-02
1.845338136614670457e-02
1.311077962592658609e-02
9.788353296963139480e-03
8.108929687822313825e-03
7.079762314812268129e-03
6.624322036290423987e-03
7.080892637573810676e-03
8.107805435965755730e-03
9.787984704377677286e-03
1.311123964147552050e-02
1.845375108396356961e-02
2.566776838779489742e-02
3.712177786402743457e-02
5.307576031514670695e-02
6.794268425466822026e-02
4.437612897967958825e-02
2.372345503370939038e-02
4.320077296985699172e-02
2.372472887139406503e-02
4.437672241826573494e-02
6.794385717517399670e-02
5.307471035211538263e-02
3.712136207335639537e-02
2.566724269015261545e-02
1.696371375286480007e-02
1.135517233183618024e-02
8.108929687822305152e-03
6.083595910747823313e-03
4.788783446097789366e-03
4.282180956112612707e-03
4.787908544625411184e-03
6.083901838755530374e-03
8.106940813387704392e-03
1.135464429856217553e-02
1.696362971317522464e-02
2.556978658784137340e-02
3.771307325169707264e-02
5.778099772249602195e-02
6.126014382684807219e-02
2.372345503370937997e-02
9.999999999999999547e-07
9.999999999999999547e-07
9.999999999999999547e-07
2.372333135687584860e-02
6.126072670508955764e-02
5.778485327523043974e-02
3.771281657295398604e-02
2.556967401551155095e-02
1.603001681642202483e-02
1.048050725744460905e-02
7.079762314812254251e-03
4.788783446097786764e-03
3.499139426269053978e-03
3.058660214287145258e-03
3.499394550725662845e-03
4.788431534588400568e-03
7.080530714771239402e-03
1.048043717862628087e-02
1.603027269158623438e-02
2.555304606657869335e-02
3.767691460468816644e-02
6.005776171450135509e-02
5.449786802229877880e-02
4.320077296985699172e-02
9.999999999999999547e-07
9.999999999999999547e-07
9.999999999999999547e-07
4.320048100942699282e-02
5.449767480060106750e-02
6.005782283268955996e-02
3.767705795962678766e-02
2.555345919977615107e-02
1.574846189561937213e-02
1.019602528087422931e-02
6.624322036290406640e-03
4.282180956112612707e-03
3.058660214287147860e-03
2.670412239599976190e-03
3.058831959934526969e-03
4.282574287661666118e-03
6.623896431181594546e-03
1.019582654651439262e-02
1.574854881100625631e-02
2.556996204245077023e-02
3.771254465960552360e-02
5.778366290159551305e-02
6.126113334281555606e-02
2.372472887139404421e-02
9.999999999999999547e-07
9.999999999999999547e-07
9.999999999999999547e-07
2.372441505521445670e-02
6.126136119841796290e-02
5.778180034906884449e-02
3.771270486761937879e-02
2.556949843711569734e-02
1.603042457820485697e-02
1.047939001951608828e-02
7.080892637573797666e-03
4.787908544625405979e-03
3.499394550725659810e-03
3.058831959934529138e-03
3.499050090928947174e-03
4.788421447522176605e-03
7.081376027851376924e-03
1.048104019510611752e-02
1.603055629166162677e-02
2.566745336142598963e-02
3.712136328623477644e-02
5.307522195121999048e-02
6.794473941225660785e-02
4.437672241826576269e-02
2.372333135687587635e-02
4.320048100942701363e-02
2.372441505521447752e-02
4.437464994508737853e-02
6.794158838701351566e-02
5.307490684623367844e-02
3.712168425499307034e-02
2.566755772793132689e-02
1.696369006750834268e-02
1.135526453442268525e-02
8.107805435965752261e-03
6.083901838755530374e-03
4.788431534588403170e-03
4.282574287661677394e-03
4.788421447522186146e-03
6.082763805546060124e-03
8.108645712335329006e-03
1.135444400676546318e-02
1.696378121543446610e-02
2.574610524200495951e-02
3.519103900424189191e-02
4.732038299978481161e-02
6.042566407829619984e-02
6.794385717517399670e-02
6.126072670508953683e-02
5.449767480060101893e-02
6.126136119841796290e-02
6.794158838701357117e-02
6.042457112493784810e-02
4.732054274981921382e-02
3.519111058668736997e-02
2.574610524200499073e-02
1.845360054596218921e-02
1.311049222333096273e-02
9.787984704377673817e-03
8.106940813387697453e-03
7.080530714771228994e-03
6.623896431181591944e-03
7.081376027851380393e-03
8.108645712335322067e-03
9.788753022156173461e-03
1.311114348069946853e-02
1.845354187566306675e-02
2.566755772793131649e-02
3.226403582566784306e-02
3.980366375210568630e-02
4.732038001668659871e-02
5.307471035211539651e-02
5.778485327523051607e-02
6.005782283268967098e-02
5.778180034906887919e-02
5.307490684623374089e-02
4.732054274981926933e-02
3.980387884706076962e-02
3.226415421547366991e-02
2.566745336142604167e-02
2.035245174649869329e-02
1.613523894960244495e-02
1.311123964147549968e-02
1.135464429856215818e-02
1.048043717862626699e-02
1.019582654651438394e-02
1.048104019510610885e-02
1.135444400676546318e-02
1.311114348069945292e-02
1.613570927742835268e-02
2.035194993204593808e-02
2.556949843711569734e-02
2.884892092155094331e-02
3.226418151918568344e-02
3.519086194570591325e-02
3.712136207335640925e-02
3.771281657295397216e-02
3.767705795962682930e-02
3.771270486761935797e-02
3.712168425499311197e-02
3.519111058668739772e-02
3.226415421547371154e-02
2.884891390768705433e-02
2.556996204245082227e-02
2.272185906798090266e-02
2.035221783644311500e-02
1.845375108396356961e-02
1.696362971317521076e-02
1.603027269158622051e-02
1.574854881100624243e-02
1.603055629166160942e-02
1.696378121543444181e-02
1.845354187566304247e-02
2.035194993204592073e-02
2.272202406112783235e-02
2.555345919977614066e-02
2.556967401551154054e-02
2.566724269015263973e-02
2.574606343741991932e-02
2.566724269015261545e-02
2.556967401551155095e-02
2.555345919977612679e-02
2.556949843711572162e-02
2.566755772793131649e-02
2.574610524200499073e-02
2.566745336142605208e-02
2.556996204245082227e-02
2.555304606657870375e-02
2.556978658784140462e-02
2.566776838779491823e-02
2.574614701306712078e-02
2.566776838779487660e-02
2.556978658784139075e-02
2.555304606657871416e-02
2.556996204245075982e-02
2.566745336142602085e-02
2.574610524200496992e-02
2.566755772793129914e-02
2.556949843711569734e-02
2.556967401551152319e-02
2.272193423133910331e-02
2.035204527633183852e-02
1.845338136614670110e-02
1.696371375286481742e-02
1.603001681642202136e-02
1.574846189561937213e-02
1.603042457820484656e-02
1.696369006750836003e-02
1.845360054596219268e-02
2.035245174649868982e-02
2.272185906798092694e-02
2.556978658784140462e-02
2.884904814388831312e-02
3.226421024704186069e-02
3.519142396036926274e-02
3.712177786402744845e-02
3.771307325169707264e-02
3.767691460468820114e-02
3.771254465960559299e-02
3.712136328623483195e-02
3.519103900424191966e-02
3.226403582566784306e-02
2.884892092155094331e-02
2.566724269015261545e-02
2.035204527633184546e-02
1.613558430010610459e-02
1.311077962592658609e-02
1.135517233183617157e-02
1.048050725744461772e-02
1.019602528087423278e-02
1.047939001951607961e-02
1.135526453442267311e-02
1.311049222333095926e-02
1.613523894960245883e-02
2.035221783644310459e-02
2.566776838779486272e-02
3.226421024704188151e-02
3.980431751154013542e-02
4.732106919203566547e-02
5.307576031514675552e-02
5.778099772249609828e-02
6.005776171450138978e-02
5.778366290159559632e-02
5.307522195121995578e-02
4.732038299978481855e-02
3.980366375210567242e-02
3.226418151918568344e-02
2.574606343741990891e-02
1.845338136614669416e-02
1.311077962592658609e-02
9.788353296963139480e-03
8.108929687822313825e-03
7.079762314812254251e-03
6.624322036290404038e-03
7.080892637573795063e-03
8.107805435965759200e-03
9.787984704377677286e-03
1.311123964147550489e-02
1.845375108396353839e-02
2.574614701306709649e-02
3.519142396036924886e-02
4.732106919203570711e-02
6.042533152538916152e-02
6.794268425466833128e-02
6.126014382684810688e-02
5.449786802229877880e-02
6.126113334281555606e-02
6.794473941225658009e-02
6.042566407829623454e-02
4.732038001668658483e-02
3.519086194570590631e-02
2.566724269015261545e-02
1.696371375286480007e-02
1.135517233183619412e-02
8.108929687822308621e-03
6.083595910747814639e-03
4.788783446097789366e-03
4.282180956112612707e-03
4.787908544625408581e-03
6.083901838755533843e-03
8.106940813387697453e-03
1.135464429856215124e-02
1.696362971317520382e-02
2.566776838779487660e-02
3.712177786402747620e-02
5.307576031514669307e-02
6.794268425466822026e-02
4.437612897967964376e-02
2.372345503370940772e-02
4.320077296985696397e-02
2.372472887139407544e-02
4.437672241826568637e-02
6.794385717517399670e-02
5.307471035211534099e-02
3.712136207335638843e-02
2.556967401551152319e-02
1.603001681642202483e-02
1.048050725744462119e-02
7.079762314812264659e-03
4.788783446097786764e-03
3.499139426269053978e-03
3.058660214287143089e-03
3.499394550725662845e-03
4.788431534588405772e-03
7.080530714771228994e-03
1.048043717862626005e-02
1.603027269158621357e-02
2.556978658784140462e-02
3.771307325169708652e-02
5.778099772249595950e-02
6.126014382684807219e-02
2.372345503370940079e-02
9.999999999999999547e-07
9.999999999999999547e-07
9.999999999999999547e-07
2.372333135687580696e-02
6.126072670508955764e-02
5.778485327523040505e-02
3.771281657295394441e-02
2.555345919977615107e-02
1.574846189561936519e-02
1.019602528087422584e-02
6.624322036290417048e-03
4.282180956112612707e-03
3.058660214287145258e-03
2.670412239599980961e-03
3.058831959934529138e-03
4.282574287661677394e-03
6.623896431181587607e-03
1.019582654651438915e-02
1.574854881100622855e-02
2.555304606657868294e-02
3.767691460468816644e-02
6.005776171450135509e-02
5.449786802229872329e-02
4.320077296985699172e-02
9.999999999999999547e-07
9.999999999999999547e-07
9.999999999999999547e-07
4.320048100942697894e-02
5.449767480060098424e-02
6.005782283268953914e-02
3.767705795962677379e-02
2.556949843711571121e-02
1.603042457820486738e-02
1.047939001951610216e-02
7.080892637573803737e-03
4.787908544625414653e-03
3.499394550725659810e-03
3.058831959934531740e-03
3.499050090928944139e-03
4.788421447522188748e-03
7.081376027851380393e-03
1.048104019510609150e-02
1.603055629166159207e-02
2.556996204245075982e-02
3.771254465960557217e-02
5.778366290159551305e-02
6.126113334281563932e-02
2.372472887139406503e-02
9.999999999999999547e-07
9.999999999999999547e-07
9.999999999999999547e-07
2.372441505521443936e-02
6.126136119841790045e-02
5.778180034906876122e-02
3.771270486761932328e-02
2.566755772793132689e-02
1.696369006750834962e-02
1.135526453442267658e-02
8.107805435965755730e-03
6.083901838755527772e-03
4.788431534588405772e-03
4.282574287661673924e-03
4.788421447522180074e-03
6.082763805546056654e-03
8.108645712335329006e-03
1.135444400676544584e-02
1.696378121543444181e-02
2.566745336142600351e-02
3.712136328623478337e-02
5.307522195121995578e-02
6.794473941225666336e-02
4.437672241826561698e-02
2.372333135687581737e-02
4.320048100942699282e-02
2.372441505521442548e-02
4.437464994508722588e-02
6.794158838701348790e-02
5.307490684623367844e-02
3.712168425499305646e-02
2.574610524200498032e-02
1.845360054596218227e-02
1.311049222333095926e-02
9.787984704377687695e-03
8.106940813387700923e-03
7.080530714771236800e-03
6.623896431181587607e-03
7.081376027851382995e-03
8.108645712335339414e-03
9.788753022156176931e-03
1.311114348069945812e-02
1.845354187566304247e-02
2.574610524200496992e-02
3.519103900424194048e-02
4.732038299978486018e-02
6.042566407829622066e-02
6.794385717517399670e-02
6.126072670508947438e-02
5.449767480060101893e-02
6.126136119841792821e-02
6.794158838701351566e-02
6.042457112493788279e-02
4.732054274981922770e-02
3.519111058668734221e-02
2.566745336142604167e-02
2.035245174649871758e-02
1.613523894960246924e-02
1.311123964147552917e-02
1.135464429856216859e-02
1.048043717862628781e-02
1.019582654651439955e-02
1.048104019510612446e-02
1.135444400676547880e-02
1.311114348069946853e-02
1.613570927742835268e-02
2.035194993204593461e-02
2.566755772793130955e-02
3.226403582566787082e-02
3.980366375210566549e-02
4.732038001668659871e-02
5.307471035211536875e-02
5.778485327523040505e-02
6.005782283268958771e-02
5.778180034906884449e-02
5.307490684623367844e-02
4.732054274981919995e-02
3.980387884706074880e-02
3.226415421547368378e-02
2.556996204245081186e-02
2.272185906798091307e-02
2.035221783644311153e-02
1.845375108396358002e-02
1.696362971317520382e-02
1.603027269158623785e-02
1.574854881100626325e-02
1.603055629166162677e-02
1.696378121543445916e-02
1.845354187566306328e-02
2.035194993204593808e-02
2.272202406112785664e-02
2.556949843711571121e-02
2.884892092155091209e-02
3.226418151918566957e-02
3.519086194570587162e-02
3.712136207335636762e-02
3.771281657295395134e-02
3.767705795962677379e-02
3.771270486761934410e-02
3.712168425499304952e-02
3.519111058668736997e-02
3.226415421547365603e-02
2.884891390768701269e-02
1.574854881100623202e-02
1.603027269158621704e-02
1.696362971317521423e-02
1.845375108396355920e-02
2.035221783644309418e-02
2.272185906798090266e-02
2.556996204245077023e-02
2.884891390768704045e-02
3.226415421547365603e-02
3.519111058668736997e-02
3.712168425499305646e-02
3.771270486761936491e-02
3.767705795962679460e-02
3.771281657295399992e-02
3.712136207335643007e-02
3.519086194570593407e-02
3.226418151918570426e-02
2.884892092155095719e-02
2.556949843711568693e-02
2.272202406112783235e-02
2.035194993204595196e-02
1.845354187566305981e-02
1.696378121543444875e-02
1.603055629166160595e-02
1.603027269158622398e-02
1.879147724287770146e-02
2.240554717831301848e-02
2.619226532142407415e-02
2.997636266238305758e-02
3.386297731588794324e-02
3.771254465960558605e-02
4.176747681950519070e-02
4.516367808822287916e-02
4.647817507927010788e-02
4.516367780054948711e-02
4.176751263214033977e-02
3.771281657295401379e-02
3.386306938089524154e-02
2.997599130321680280e-02
2.619257870262250987e-02
2.240515838965077486e-02
1.879131252698208743e-02
1.603042457820486044e-02
1.427424075191212685e-02
1.331108895500415085e-02
1.307432939854103436e-02
1.331182052819031986e-02
1.427373431663467480e-02
1.696362971317518994e-02
2.240554717831301848e-02
2.900368396434819043e-02
3.706818126341376168e-02
4.572720367391732571e-02
5.324339343920191092e-02
5.778366290159554775e-02
5.906809976937228701e-02
5.954088558180684054e-02
5.833350848223228108e-02
5.298546466297311686e-02
4.516360203436514675e-02
3.712136207335640925e-02
2.997599130321677505e-02
2.410897955722164643e-02
1.914776499575217630e-02
1.476327958197315958e-02
1.189410155392061318e-02
1.047939001951609869e-02
9.695946878889714904e-03
9.504576283974013398e-03
9.993882203652992846e-03
1.109860554848420520e-02
1.331151496067996612e-02
1.845375108396353145e-02
2.619226532142406375e-02
3.706818126341372699e-02
5.282131904313803333e-02
6.583101704859418979e-02
6.529650840969124237e-02
6.126113334281555606e-02
6.652786343162818417e-02
7.115229414840773536e-02
6.676768612602115849e-02
5.833381090047894818e-02
4.647803263740619972e-02
3.519086194570597570e-02
2.619257870262246823e-02
1.914776499575219365e-02
1.343263178767389876e-02
9.770223658764369198e-03
8.086759805599740350e-03
7.080892637573803737e-03
6.663823879209837889e-03
6.954897558475812286e-03
8.064256585737440003e-03
9.992519644374192947e-03
1.307382048633663751e-02
2.035221783644308377e-02
2.997636266238306452e-02
4.572720367391729102e-02
6.583101704859410652e-02
5.435382208618249472e-02
2.381041804725548758e-02
2.372472887139406503e-02
2.498140902404898112e-02
5.540495870391287658e-02
7.115240107712784978e-02
5.954092119986447579e-02
4.516360203436516063e-02
3.226418151918569732e-02
2.240515838965076445e-02
1.476327958197315091e-02
9.770223658764369198e-03
7.255801504804951403e-03
5.762758668446038741e-03
4.787908544625411184e-03
4.658408298380527050e-03
5.342384385689448630e-03
6.955449213820128103e-03
9.503825229886603276e-03
1.331151496067998173e-02
2.272185906798086449e-02
3.386297731588792242e-02
5.324339343920187623e-02
6.529650840969121461e-02
2.381041804725548758e-02
9.999999999999999547e-07
9.999999999999999547e-07
9.999999999999999547e-07
2.498179911691524382e-02
6.652588175764784229e-02
5.906723616748273814e-02
4.176751263214036058e-02
2.884892092155093291e-02
1.879131252698206314e-02
1.189410155392059583e-02
8.086759805599716064e-03
5.762758668446038741e-03
4.241446158405544169e-03
3.499394550725662845e-03
3.661078860887755949e-03
4.659345807578367527e-03
6.665132755045501643e-03
9.693666890869576114e-03
1.427373431663467827e-02
2.556996204245078411e-02
3.771254465960558605e-02
5.778366290159551305e-02
6.126113334281559075e-02
2.372472887139403380e-02
9.999999999999999547e-07
9.999999999999999547e-07
9.999999999999999547e-07
2.372441505521444977e-02
6.126136119841796290e-02
5.778180034906882367e-02
3.771270486761937879e-02
2.556949843711568693e-02
1.603042457820485697e-02
1.047939001951608828e-02
7.080892637573801135e-03
4.787908544625399908e-03
3.499394550725659810e-03
3.058831959934526969e-03
3.499050090928949343e-03
4.788421447522186146e-03
7.081376027851380393e-03
1.048104019510610538e-02
1.603055629166160595e-02
2.884891390768702310e-02
4.176747681950516294e-02
5.906809976937224538e-02
6.652786343162812865e-02
2.498140902404893948e-02
9.999999999999999547e-07
9.999999999999999547e-07
9.999999999999999547e-07
2.380967216158248745e-02
6.529542387723052954e-02
5.324437423709019873e-02
3.386344415806762792e-02
2.272202406112786358e-02
1.427424075191213552e-02
9.695946878889709700e-03
6.663823879209827480e-03
4.658408298380529652e-03
3.661078860887753347e-03
3.499050090928947174e-03
4.240511189614141856e-03
5.762462649582681361e-03
8.084613638309062766e-03
1.189336745679416517e-02
1.879158093012670352e-02
3.226415421547366991e-02
4.516367808822285140e-02
5.954088558180684054e-02
7.115229414840770761e-02
5.540495870391282801e-02
2.498179911691525423e-02
2.372441505521447752e-02
2.380967216158251173e-02
5.435172583079454084e-02
6.582944313368788158e-02
4.572842115006118396e-02
2.997641585240505210e-02
2.035194993204593461e-02
1.331108895500414564e-02
9.504576283974016868e-03
6.954897558475805347e-03
5.342384385689451232e-03
4.659345807578376200e-03
4.788421447522192217e-03
5.762462649582683963e-03
7.258141717398673524e-03
9.771674423248900496e-03
1.476334015867212211e-02
2.240535540859461827e-02
3.519111058668732139e-02
4.647817507927012176e-02
5.833350848223225332e-02
6.676768612602117237e-02
7.115240107712784978e-02
6.652588175764774514e-02
6.126136119841792821e-02
6.529542387723052954e-02
6.582944313368783995e-02
5.281898366782837584e-02
3.706845783164710445e-02
2.619281742254268505e-02
1.845354187566305981e-02
1.307432939854102395e-02
9.993882203652970295e-03
8.064256585737440003e-03
6.955449213820137644e-03
6.665132755045497306e-03
7.081376027851389934e-03
8.084613638309062766e-03
9.771674423248900496e-03
1.343317746563125852e-02
1.914793967003815614e-02
2.619281742254269546e-02
3.712168425499305646e-02
4.516367780054947323e-02
5.298546466297313767e-02
5.833381090047894818e-02
5.954092119986451048e-02
5.906723616748280753e-02
5.778180034906887919e-02
5.324437423709019873e-02
4.572842115006120478e-02
3.706845783164710445e-02
2.900364725981497901e-02
2.240535540859459745e-02
1.696378121543445916e-02
1.331182052819031118e-02
1.109860554848417918e-02
9.992519644374177334e-03
9.503825229886589399e-03
9.693666890869579583e-03
1.048104019510610538e-02
1.189336745679413394e-02
1.476334015867208221e-02
1.914793967003816308e-02
2.410987944814279443e-02
2.997641585240508680e-02
3.771270486761942042e-02
4.176751263214036752e-02
4.516360203436518145e-02
4.647803263740622748e-02
4.516360203436518145e-02
4.176751263214036058e-02
3.771270486761936491e-02
3.386344415806762098e-02
2.997641585240508680e-02
2.619281742254268505e-02
2.240535540859459745e-02
1.879158093012671046e-02
1.603055629166161289e-02
1.427373431663466440e-02
1.331151496067998173e-02
1.307382048633661670e-02
1.331151496067995744e-02
1.427373431663466960e-02
1.603055629166159554e-02
1.879158093012670352e-02
2.240535540859458011e-02
2.619281742254268505e-02
2.997641585240508680e-02
3.386344415806764874e-02
3.767705795962681542e-02
3.771281657295397216e-02
3.712136207335641619e-02
3.519086194570598264e-02
3.226418151918570426e-02
2.884892092155096760e-02
2.556949843711569734e-02
2.272202406112783235e-02
2.035194993204593461e-02
1.845354187566304940e-02
1.696378121543446263e-02
1.603055629166161289e-02
1.574854881100623549e-02
1.603027269158622398e-02
1.696362971317521423e-02
1.845375108396353839e-02
2.035221783644309765e-02
2.272185906798088531e-02
2.556996204245078411e-02
2.884891390768705433e-02
3.226415421547365603e-02
3.519111058668737690e-02
3.712168425499309116e-02
3.771270486761939267e-02
3.771281657295402767e-02
3.386306938089523461e-02
2.997599130321677505e-02
2.619257870262250293e-02
2.240515838965078874e-02
1.879131252698207355e-02
1.603042457820484656e-02
1.427424075191214420e-02
1.331108895500415605e-02
1.307432939854102742e-02
1.331182052819030424e-02
1.427373431663466440e-02
1.603027269158622051e-02
1.879147724287771534e-02
2.240554717831301848e-02
2.619226532142409497e-02
2.997636266238305758e-02
3.386297731588793630e-02
3.771254465960559299e-02
4.176747681950521845e-02
4.516367808822283753e-02
4.647817507927008707e-02
4.516367780054948711e-02
4.176751263214038140e-02
3.712136207335643007e-02
2.997599130321678546e-02
2.410897955722164643e-02
1.914776499575217283e-02
1.476327958197315438e-02
1.189410155392059930e-02
1.047939001951610563e-02
9.695946878889714904e-03
9.504576283974022072e-03
9.993882203652989377e-03
1.109860554848419306e-02
1.331151496067996959e-02
1.696362971317519688e-02
2.240554717831302889e-02
2.900368396434820084e-02
3.706818126341374781e-02
4.572720367391731183e-02
5.324339343920188317e-02
5.778366290159554775e-02
5.906809976937227313e-02
5.954088558180685442e-02
5.833350848223228108e-02
5.298546466297308216e-02
4.516360203436514675e-02
3.519086194570594794e-02
2.619257870262249252e-02
1.914776499575217283e-02
1.343263178767389876e-02
9.770223658764369198e-03
8.086759805599726472e-03
7.080892637573795063e-03
6.663823879209827480e-03
6.954897558475812286e-03
8.064256585737433064e-03
9.992519644374196416e-03
1.307382048633662711e-02
1.845375108396353839e-02
2.619226532142407415e-02
3.706818126341378944e-02
5.282131904313807497e-02
6.583101704859416203e-02
6.529650840969115910e-02
6.126113334281555606e-02
6.652786343162812865e-02
7.115229414840773536e-02
6.676768612602117237e-02
5.833381090047889267e-02
4.647803263740617197e-02
3.226418151918568344e-02
2.240515838965078874e-02
1.476327958197314744e-02
9.770223658764376137e-03
7.255801504804957475e-03
5.762758668446038741e-03
4.787908544625408581e-03
4.658408298380520979e-03
5.342384385689436486e-03
6.955449213820128103e-03
9.503825229886580725e-03
1.331151496067996091e-02
2.035221783644307683e-02
2.997636266238305758e-02
4.572720367391728408e-02
6.583101704859407877e-02
5.435382208618255717e-02
2.381041804725552921e-02
2.372472887139410319e-02
2.498140902404902275e-02
5.540495870391287658e-02
7.115240107712787754e-02
5.954092119986444803e-02
4.516360203436511206e-02
2.884892092155094331e-02
1.879131252698209437e-02
1.189410155392059583e-02
8.086759805599733411e-03
5.762758668446043946e-03
4.241446158405541567e-03
3.499394550725662845e-03
3.661078860887753347e-03
4.659345807578367527e-03
6.665132755045494704e-03
9.693666890869557032e-03
1.427373431663465225e-02
2.272185906798086449e-02
3.386297731588791549e-02
5.324339343920185541e-02
6.529650840969115910e-02
2.381041804725548758e-02
9.999999999999999547e-07
9.999999999999999547e-07
9.999999999999999547e-07
2.498179911691520566e-02
6.652588175764784229e-02
5.906723616748269651e-02
4.176751263214031895e-02
2.556949843711568693e-02
1.603042457820486391e-02
1.047939001951609522e-02
7.080892637573803737e-03
4.787908544625414653e-03
3.499394550725665014e-03
3.058831959934526969e-03
3.499050090928941537e-03
4.788421447522192217e-03
7.081376027851369985e-03
1.048104019510610191e-02
1.603055629166160942e-02
2.556996204245077023e-02
3.771254465960558605e-02
5.778366290159551305e-02
6.126113334281559075e-02
2.372472887139406503e-02
9.999999999999999547e-07
9.999999999999999547e-07
9.999999999999999547e-07
2.372441505521437691e-02
6.126136119841796290e-02
5.778180034906882367e-02
3.771270486761933716e-02
2.272202406112783235e-02
1.427424075191214420e-02
9.695946878889709700e-03
6.663823879209841358e-03
4.658408298380527050e-03
3.661078860887753347e-03
3.499050090928941537e-03
4.240511189614144458e-03
5.762462649582681361e-03
8.084613638309055828e-03
1.189336745679415823e-02
1.879158093012670352e-02
2.884891390768702310e-02
4.176747681950521845e-02
5.906809976937224538e-02
6.652786343162815641e-02
2.498140902404903316e-02
9.999999999999999547e-07
9.999999999999999547e-07
9.999999999999999547e-07
2.380967216158245969e-02
6.529542387723052954e-02
5.324437423709017791e-02
3.386344415806757935e-02
2.035194993204593461e-02
1.331108895500415085e-02
9.504576283974025541e-03
6.954897558475812286e-03
5.342384385689446027e-03
4.659345807578372731e-03
4.788421447522188748e-03
5.762462649582675289e-03
7.258141717398666586e-03
9.771674423248897026e-03
1.476334015867209609e-02
2.240535540859458011e-02
3.226415421547365603e-02
4.516367808822285140e-02
5.954088558180677809e-02
7.115229414840767985e-02
5.540495870391285577e-02
2.498179911691517097e-02
2.372441505521439772e-02
2.380967216158247010e-02
5.435172583079445757e-02
6.582944313368783995e-02
4.572842115006120478e-02
2.997641585240504170e-02
1.845354187566305287e-02
1.307432939854103783e-02
9.993882203652985907e-03
8.064256585737446942e-03
6.955449213820130705e-03
6.665132755045504245e-03
7.081376027851387332e-03
8.084613638309062766e-03
9.771674423248897026e-03
1.343317746563126892e-02
1.914793967003814573e-02
2.619281742254267464e-02
3.519111058668739078e-02
4.647817507927012176e-02
5.833350848223226720e-02
6.676768612602118624e-02
7.115240107712782203e-02
6.652588175764777290e-02
6.126136119841790045e-02
6.529542387723050179e-02
6.582944313368781220e-02
5.281898366782836196e-02
3.706845783164711833e-02
2.619281742254267464e-02
1.696378121543445916e-02
1.331182052819031118e-02
1.109860554848418612e-02
9.992519644374196416e-03
9.503825229886603276e-03
9.693666890869579583e-03
1.048104019510611752e-02
1.189336745679416170e-02
1.476334015867210997e-02
1.914793967003814920e-02
2.410987944814277362e-02
2.997641585240508680e-02
3.712168425499307728e-02
4.516367780054945241e-02
5.298546466297310992e-02
5.833381090047893430e-02
5.954092119986447579e-02
5.906723616748280753e-02
5.778180034906879592e-02
5.324437423709012934e-02
4.572842115006118396e-02
3.706845783164713221e-02
2.900364725981493391e-02
2.240535540859458011e-02
1.603055629166160942e-02
1.427373431663466440e-02
1.331151496067997826e-02
1.307382048633662017e-02
1.331151496067997826e-02
1.427373431663466440e-02
1.603055629166163024e-02
1.879158093012673822e-02
2.240535540859461827e-02
2.619281742254272669e-02
2.997641585240508680e-02
3.386344415806766261e-02
3.771270486761936491e-02
4.176751263214033977e-02
4.516360203436512594e-02
4.647803263740619972e-02
4.516360203436514675e-02
4.176751263214031895e-02
3.771270486761930246e-02
3.386344415806760016e-02
2.997641585240504170e-02
2.619281742254266424e-02
2.240535540859456970e-02
1.879158093012668618e-02
1.019582654651440649e-02
1.048043717862626699e-02
1.135464429856215471e-02
1.311123964147549101e-02
1.613523894960242760e-02
2.035245174649867941e-02
2.566745336142602085e-02
3.226415421547366991e-02
3.980387884706076268e-02
4.732054274981919995e-02
5.307490684623369231e-02
5.778180034906882367e-02
6.005782283268964322e-02
5.778485327523043974e-02
5.307471035211541732e-02
4.732038001668658483e-02
3.980366375210567242e-02
3.226403582566785694e-02
2.566755772793131649e-02
2.035194993204593114e-02
1.613570927742837002e-02
1.311114348069947894e-02
1.135444400676545972e-02
1.048104019510611232e-02
1.048043717862627046e-02
1.189442476480571075e-02
1.476339946220347685e-02
1.914806252627787586e-02
2.410888851956747431e-02
2.997607723983148828e-02
3.712136328623480419e-02
4.516367808822283753e-02
5.298541729703214187e-02
5.833349751986138809e-02
5.954081676281307994e-02
5.906723616748282141e-02
5.778485327523046056e-02
5.324255692711967608e-02
4.572787703796998837e-02
3.706775783745477199e-02
2.900331118248113127e-02
2.240542794775789853e-02
1.696369006750834268e-02
1.331108895500413870e-02
1.110046501755339830e-02
9.992378546079446963e-03
9.506079551683480761e-03
9.693666890869569175e-03
1.135464429856215818e-02
1.476339946220346644e-02
2.063311440019218942e-02
2.775071108820537091e-02
3.693570588504138663e-02
4.572849754257078680e-02
5.307522195121999048e-02
5.954088558180685442e-02
6.566666482808726502e-02
6.845826073302466175e-02
6.566683020578077679e-02
5.954092119986447579e-02
5.307471035211539651e-02
4.572787703796998837e-02
3.693575547566269046e-02
2.775072793533648469e-02
2.063312479877867436e-02
1.476297741836393555e-02
1.135526453442268179e-02
9.504576283974006459e-03
8.423491796378045071e-03
8.154596824664989141e-03
8.424351122830044808e-03
9.503825229886599807e-03
1.311123964147549101e-02
1.914806252627786198e-02
2.775071108820535704e-02
4.176653727290405294e-02
5.794905273054553468e-02
6.583128658663524313e-02
6.794473941225663560e-02
7.115229414840780475e-02
7.313175227822171776e-02
7.322398639835532574e-02
6.845790134301478480e-02
5.833381090047892042e-02
4.732038001668659871e-02
3.706775783745479974e-02
2.775072793533649856e-02
2.017880938610787725e-02
1.378667629467514831e-02
9.771116021723938450e-03
8.107805435965769608e-03
6.954897558475809684e-03
6.458218705223836738e-03
6.962895172728056012e-03
8.154175980430328555e-03
9.992519644374186008e-03
1.613523894960244148e-02
2.410888851956747431e-02
3.693570588504136581e-02
5.794905273054548611e-02
6.773643925509781338e-02
5.435433947429541696e-02
4.437672241826573494e-02
5.540495870391285577e-02
7.373013750572701697e-02
7.313142327381411123e-02
6.566683020578073515e-02
5.298546466297313767e-02
3.980366375210570712e-02
2.900331118248111392e-02
2.063312479877868477e-02
1.378667629467515351e-02
9.289675563696326438e-03
7.258101735888308065e-03
6.083901838755536445e-03
5.342384385689446027e-03
5.367070119799832208e-03
6.460133959553056651e-03
8.424351122830034400e-03
1.109860554848418612e-02
2.035245174649865860e-02
2.997607723983146052e-02
4.572849754257075211e-02
6.583128658663527089e-02
5.435433947429541696e-02
2.381055750057409909e-02
2.372333135687589717e-02
2.498179911691525423e-02
5.540377802110397348e-02
7.115166128756086894e-02
5.954081676281311464e-02
4.516367780054943160e-02
3.226403582566785694e-02
2.240542794775787772e-02
1.476297741836392168e-02
9.771116021723912429e-03
7.258101735888298524e-03
5.760899317784400238e-03
4.788431534588411843e-03
4.659345807578378802e-03
5.340987337114058188e-03
6.954508008157869216e-03
9.506079551683480761e-03
1.331182052819031118e-02
2.566745336142600351e-02
3.712136328623480419e-02
5.307522195121995578e-02
6.794473941225660785e-02
4.437672241826571412e-02
2.372333135687587635e-02
4.320048100942703445e-02
2.372441505521445670e-02
4.437464994508737853e-02
6.794158838701348790e-02
5.307490684623365762e-02
3.712168425499307034e-02
2.566755772793133730e-02
1.696369006750834962e-02
1.135526453442267311e-02
8.107805435965759200e-03
6.083901838755527772e-03
4.788431534588411843e-03
4.282574287661671322e-03
4.788421447522197422e-03
6.082763805546056654e-03
8.108645712335335945e-03
1.135444400676546665e-02
1.696378121543446610e-02
3.226415421547366991e-02
4.516367808822280283e-02
5.954088558180684054e-02
7.115229414840773536e-02
5.540495870391285577e-02
2.498179911691525423e-02
2.372441505521447752e-02
2.380967216158248745e-02
5.435172583079459635e-02
6.582944313368783995e-02
4.572842115006120478e-02
2.997641585240504170e-02
2.035194993204594502e-02
1.331108895500415085e-02
9.504576283974009929e-03
6.954897558475805347e-03
5.342384385689451232e-03
4.659345807578367527e-03
4.788421447522188748e-03
5.762462649582675289e-03
7.258141717398663116e-03
9.771674423248891822e-03
1.476334015867210997e-02
2.240535540859461827e-02
3.980387884706074880e-02
5.298541729703216963e-02
6.566666482808729277e-02
7.313175227822169000e-02
7.373013750572696146e-02
5.540377802110397348e-02
4.437464994508737853e-02
5.435172583079461717e-02
6.773386998303916606e-02
5.794830779481287969e-02
3.693677133255702377e-02
2.410987944814275627e-02
1.613570927742833880e-02
1.110046501755339483e-02
8.423491796378034663e-03
6.458218705223824595e-03
5.367070119799834810e-03
5.340987337114055586e-03
6.082763805546069664e-03
7.258141717398673524e-03
9.288186231412731350e-03
1.378687922853561593e-02
2.063365845203498500e-02
2.900364725981498595e-02
4.732054274981917913e-02
5.833349751986137421e-02
6.845826073302464787e-02
7.322398639835532574e-02
7.313142327381409735e-02
7.115166128756093833e-02
6.794158838701351566e-02
6.582944313368788158e-02
5.794830779481287275e-02
4.176438171868582933e-02
2.775117210878187343e-02
1.914793967003816308e-02
1.311114348069944945e-02
9.992378546079431351e-03
8.154596824664982202e-03
6.962895172728045604e-03
6.460133959553059253e-03
6.954508008157871818e-03
8.108645712335342884e-03
9.771674423248897026e-03
1.378687922853560205e-02
2.017934263329953723e-02
2.775117210878190813e-02
3.706845783164717384e-02
5.307490684623367844e-02
5.954081676281310076e-02
6.566683020578077679e-02
6.845790134301477092e-02
6.566683020578080454e-02
5.954081676281311464e-02
5.307490684623371313e-02
4.572842115006122560e-02
3.693677133255705153e-02
2.775117210878189772e-02
2.063365845203497806e-02
1.476334015867211344e-02
1.135444400676546318e-02
9.506079551683465148e-03
8.424351122830034400e-03
8.154175980430311207e-03
8.424351122830027461e-03
9.506079551683461679e-03
1.135444400676545972e-02
1.476334015867208915e-02
2.063365845203493990e-02
2.775117210878186302e-02
3.693677133255707234e-02
4.572842115006120478e-02
5.778180034906882367e-02
5.906723616748282835e-02
5.954092119986451048e-02
5.833381090047894818e-02
5.298546466297313767e-02
4.516367780054945241e-02
3.712168425499309116e-02
2.997641585240508680e-02
2.410987944814277362e-02
1.914793967003814573e-02
1.476334015867211864e-02
1.189336745679414435e-02
1.048104019510612099e-02
9.693666890869572644e-03
9.503825229886605011e-03
9.992519644374189478e-03
1.109860554848418265e-02
1.331182052819030771e-02
1.696378121543443140e-02
2.240535540859461133e-02
2.900364725981490269e-02
3.706845783164715996e-02
4.572842115006122560e-02
5.324437423709022649e-02
6.005782283268962241e-02
5.778485327523043974e-02
5.307471035211539651e-02
4.732038001668661953e-02
3.980366375210568630e-02
3.226403582566785694e-02
2.566755772793133730e-02
2.035194993204595543e-02
1.613570927742836655e-02
1.311114348069947373e-02
1.135444400676546318e-02
1.048104019510610885e-02
1.019582654651439955e-02
1.048043717862628434e-02
1.135464429856216859e-02
1.311123964147550836e-02
1.613523894960243801e-02
2.035245174649867594e-02
2.566745336142601044e-02
3.226415421547368378e-02
3.980387884706074186e-02
4.732054274981921382e-02
5.307490684623369925e-02
5.778180034906887919e-02
5.778485327523046056e-02
5.324255692711968302e-02
4.572787703796998837e-02
3.706775783745479974e-02
2.900331118248108964e-02
2.240542794775787772e-02
1.696369006750833575e-02
1.331108895500414217e-02
1.110046501755339483e-02
9.992378546079431351e-03
9.506079551683475556e-03
9.693666890869557032e-03
1.048043717862628087e-02
1.189442476480570207e-02
1.476339946220346644e-02
1.914806252627788974e-02
2.410888851956747431e-02
2.997607723983146746e-02
3.712136328623483195e-02
4.516367808822285834e-02
5.298541729703220432e-02
5.833349751986144360e-02
5.954081676281306607e-02
5.906723616748282835e-02
5.307471035211541038e-02
4.572787703796996756e-02
3.693575547566269046e-02
2.775072793533650897e-02
2.063312479877867436e-02
1.476297741836393035e-02
1.135526453442268179e-02
9.504576283974016868e-03
8.423491796378031193e-03
8.154596824664975263e-03
8.424351122830037869e-03
9.503825229886599807e-03
1.135464429856214430e-02
1.476339946220346991e-02
2.063311440019218942e-02
2.775071108820539867e-02
3.693570588504140051e-02
4.572849754257078680e-02
5.307522195121997660e-02
5.954088558180687524e-02
6.566666482808723726e-02
6.845826073302468950e-02
6.566683020578077679e-02
5.954092119986448967e-02
4.732038001668658483e-02
3.706775783745475117e-02
2.775072793533647775e-02
2.017880938610786684e-02
1.378667629467513617e-02
9.771116021723938450e-03
8.107805435965773078e-03
6.954897558475809684e-03
6.458218705223836738e-03
6.962895172728045604e-03
8.154175980430321616e-03
9.992519644374182539e-03
1.311123964147550489e-02
1.914806252627789321e-02
2.775071108820537785e-02
4.176653727290403212e-02
5.794905273054550693e-02
6.583128658663527089e-02
6.794473941225666336e-02
7.115229414840770761e-02
7.313175227822171776e-02
7.322398639835536738e-02
6.845790134301474317e-02
5.833381090047888573e-02
3.980366375210566549e-02
2.900331118248112433e-02
2.063312479877867436e-02
1.378667629467515698e-02
9.289675563696329907e-03
7.258101735888308065e-03
6.083901838755530374e-03
5.342384385689458171e-03
5.367070119799834810e-03
6.460133959553046243e-03
8.424351122830027461e-03
1.109860554848417051e-02
1.613523894960241373e-02
2.410888851956747431e-02
3.693570588504140051e-02
5.794905273054550693e-02
6.773643925509778563e-02
5.435433947429538226e-02
4.437672241826573494e-02
5.540495870391293903e-02
7.373013750572708636e-02
7.313142327381411123e-02
6.566683020578077679e-02
5.298546466297306828e-02
3.226403582566785694e-02
2.240542794775789853e-02
1.476297741836395290e-02
9.771116021723931511e-03
7.258101735888305463e-03
5.760899317784400238e-03
4.788431534588409241e-03
4.659345807578372731e-03
5.340987337114058188e-03
6.954508008157858807e-03
9.506079551683458209e-03
1.331182052819029557e-02
2.035245174649866207e-02
2.997607723983146746e-02
4.572849754257073129e-02
6.583128658663527089e-02
5.435433947429543777e-02
2.381055750057410950e-02
2.372333135687593880e-02
2.498179911691531321e-02
5.540377802110391797e-02
7.115166128756096608e-02
5.954081676281306607e-02
4.516367780054941078e-02
2.566755772793131649e-02
1.696369006750834962e-02
1.135526453442268179e-02
8.107805435965762669e-03
6.083901838755520833e-03
4.788431534588405772e-03
4.282574287661677394e-03
4.788421447522186146e-03
6.082763805546062726e-03
8.108645712335335945e-03
1.135444400676544584e-02
1.696378121543443487e-02
2.566745336142601044e-02
3.712136328623480419e-02
5.307522195121995578e-02
6.794473941225660785e-02
4.437672241826578351e-02
2.372333135687590758e-02
4.320048100942704139e-02
2.372441505521449834e-02
4.437464994508730221e-02
6.794158838701351566e-02
5.307490684623363680e-02
3.712168425499304952e-02
2.035194993204592767e-02
1.331108895500414217e-02
9.504576283974022072e-03
6.954897558475812286e-03
5.342384385689453834e-03
4.659345807578376200e-03
4.788421447522188748e-03
5.762462649582675289e-03
7.258141717398670922e-03
9.771674423248900496e-03
1.476334015867208915e-02
2.240535540859459745e-02
3.226415421547366991e-02
4.516367808822287916e-02
5.954088558180684054e-02
7.115229414840773536e-02
5.540495870391293903e-02
2.498179911691535485e-02
2.372441505521452609e-02
2.380967216158260194e-02
5.435172583079459635e-02
6.582944313368778444e-02
4.572842115006118396e-02
2.997641585240500006e-02
1.613570927742836655e-02
1.110046501755339830e-02
8.423491796378034663e-03
6.458218705223830666e-03
5.367070119799828738e-03
5.340987337114048647e-03
6.082763805546072267e-03
7.258141717398657045e-03
9.288186231412738289e-03
1.378687922853559858e-02
2.063365845203495030e-02
2.900364725981492350e-02
3.980387884706072799e-02
5.298541729703219044e-02
6.566666482808723726e-02
7.313175227822174551e-02
7.373013750572698921e-02
5.540377802110391797e-02
4.437464994508735078e-02
5.435172583079454084e-02
6.773386998303913831e-02
5.794830779481292132e-02
3.693677133255704459e-02
2.410987944814275627e-02
1.311114348069946506e-02
9.992378546079431351e-03
8.154596824664978733e-03
6.962895172728049940e-03
6.460133959553052314e-03
6.954508008157876155e-03
8.108645712335339414e-03
9.771674423248897026e-03
1.378687922853562287e-02
2.017934263329952682e-02
2.775117210878188731e-02
3.706845783164710445e-02
4.732054274981921382e-02
5.833349751986145748e-02
6.845826073302468950e-02
7.322398639835538126e-02
7.313142327381411123e-02
7.115166128756089670e-02
6.794158838701348790e-02
6.582944313368781220e-02
5.794830779481289357e-02
4.176438171868585014e-02
2.775117210878186302e-02
1.914793967003812145e-02
1.135444400676547012e-02
9.506079551683475556e-03
8.424351122830044808e-03
8.154175980430321616e-03
8.424351122830044808e-03
9.506079551683475556e-03
1.135444400676547880e-02
1.476334015867210477e-02
2.063365845203496765e-02
2.775117210878188731e-02
3.693677133255705153e-02
4.572842115006120478e-02
5.307490684623365762e-02
5.954081676281306607e-02
6.566683020578079066e-02
6.845790134301479868e-02
6.566683020578079066e-02
5.954081676281306607e-02
5.307490684623369925e-02
4.572842115006119090e-02
3.693677133255707234e-02
2.775117210878187343e-02
2.063365845203496071e-02
1.476334015867208915e-02
1.048104019510611752e-02
9.693666890869579583e-03
9.503825229886608481e-03
9.992519644374199886e-03
1.109860554848418959e-02
1.331182052819031986e-02
1.696378121543445916e-02
2.240535540859459745e-02
2.900364725981498595e-02
3.706845783164713221e-02
4.572842115006122560e-02
5.324437423709021261e-02
5.778180034906884449e-02
5.906723616748280753e-02
5.954092119986444803e-02
5.833381090047890655e-02
5.298546466297306828e-02
4.516367780054941078e-02
3.712168425499302177e-02
2.997641585240502088e-02
2.410987944814274586e-02
1.914793967003813879e-02
1.476334015867208221e-02
1.189336745679412527e-02
6.623896431181587607e-03
7.080530714771228994e-03
8.106940813387700923e-03
9.787984704377670347e-03
1.311049222333095232e-02
1.845360054596215452e-02
2.574610524200494910e-02
3.519111058668739078e-02
4.732054274981919995e-02
6.042457112493781340e-02
6.794158838701344627e-02
6.126136119841792821e-02
5.449767480060098424e-02
6.126072670508958540e-02
6.794385717517402445e-02
6.042566407829621372e-02
4.732038299978489487e-02
3.519103900424189885e-02
2.574610524200496992e-02
1.845354187566304940e-02
1.311114348069946506e-02
9.788753022156173461e-03
8.108645712335339414e-03
7.081376027851366516e-03
7.080530714771226392e-03
8.084681125487470921e-03
9.771419272816342372e-03
1.343257434577890819e-02
1.914812706110790089e-02
2.619207260130646669e-02
3.519103900424187803e-02
4.647817507927010788e-02
5.833349751986136034e-02
6.676722385539837767e-02
7.115166128756096608e-02
6.652588175764774514e-02
6.126072670508955764e-02
6.529805479392122858e-02
6.583181974781325552e-02
5.282035220778189683e-02
3.706813773793637967e-02
2.619207260130649792e-02
1.845360054596217186e-02
1.307432939854101354e-02
9.992378546079431351e-03
8.063003160732983357e-03
6.954508008157869216e-03
6.665132755045504245e-03
8.106940813387693984e-03
9.771419272816338902e-03
1.378642806930768620e-02
2.017888915500351890e-02
2.775080954889526039e-02
3.706813773793637967e-02
4.732038299978481855e-02
5.833350848223225332e-02
6.845826073302467563e-02
7.322365202643341120e-02
7.313142327381411123e-02
7.115240107712789142e-02
6.794385717517402445e-02
6.583181974781325552e-02
5.794868709788264516e-02
4.176577946303487027e-02
2.775080954889528120e-02
1.914812706110791823e-02
1.311049222333093150e-02
9.993882203652970295e-03
8.154596824664978733e-03
6.961370476144046644e-03
6.460133959553062723e-03
6.955449213820134174e-03
9.787984704377677286e-03
1.343257434577890125e-02
2.017888915500351890e-02
2.923224131468051684e-02
4.176577946303484945e-02
5.282035220778191070e-02
6.042566407829619984e-02
6.676768612602110298e-02
7.322398639835543677e-02
7.663779116405168568e-02
7.322398639835538126e-02
6.676768612602117237e-02
6.042566407829625535e-02
5.282035220778186907e-02
4.176577946303485639e-02
2.923224131468053419e-02
2.017888915500353972e-02
1.343257434577893768e-02
9.787984704377696368e-03
8.064256585737440003e-03
6.962895172728062951e-03
6.680449761003267976e-03
6.962895172728060349e-03
8.064256585737443472e-03
1.311049222333092804e-02
1.914812706110789395e-02
2.775080954889523610e-02
4.176577946303485639e-02
5.794868709788264516e-02
6.583181974781320001e-02
6.794385717517395507e-02
7.115240107712789142e-02
7.313142327381413899e-02
7.322365202643342508e-02
6.845826073302474502e-02
5.833350848223223944e-02
4.732038299978485324e-02
3.706813773793635886e-02
2.775080954889528120e-02
2.017888915500354666e-02
1.378642806930771049e-02
9.771419272816356250e-03
8.106940813387690514e-03
6.955449213820124633e-03
6.460133959553059253e-03
6.961370476144039705e-03
8.154596824664978733e-03
9.993882203652980703e-03
1.845360054596216146e-02
2.619207260130648057e-02
3.706813773793631722e-02
5.282035220778183437e-02
6.583181974781321388e-02
6.529805479392131184e-02
6.126072670508955764e-02
6.652588175764781453e-02
7.115166128756096608e-02
6.676722385539840543e-02
5.833349751986142973e-02
4.647817507927012176e-02
3.519103900424194742e-02
2.619207260130649792e-02
1.914812706110791823e-02
1.343257434577892206e-02
9.771419272816356250e-03
8.084681125487460512e-03
7.080530714771236800e-03
6.665132755045501643e-03
6.954508008157871818e-03
8.063003160732993765e-03
9.992378546079443494e-03
1.307432939854105518e-02
2.574610524200495951e-02
3.519103900424185721e-02
4.732038299978478385e-02
6.042566407829621372e-02
6.794385717517399670e-02
6.126072670508955764e-02
5.449767480060103975e-02
6.126136119841792821e-02
6.794158838701348790e-02
6.042457112493791749e-02
4.732054274981925546e-02
3.519111058668739078e-02
2.574610524200496992e-02
1.845360054596218921e-02
1.311049222333094885e-02
9.787984704377677286e-03
8.106940813387700923e-03
7.080530714771233330e-03
6.623896431181585005e-03
7.081376027851366516e-03
8.108645712335329006e-03
9.788753022156161318e-03
1.311114348069946853e-02
1.845354187566305981e-02
3.519111058668737690e-02
4.647817507927008707e-02
5.833350848223228108e-02
6.676768612602111685e-02
7.115240107712789142e-02
6.652588175764781453e-02
6.126136119841790045e-02
6.529542387723037689e-02
6.582944313368788158e-02
5.281898366782834114e-02
3.706845783164709751e-02
2.619281742254268505e-02
1.845354187566305981e-02
1.307432939854102742e-02
9.993882203652989377e-03
8.064256585737443472e-03
6.955449213820137644e-03
6.665132755045511184e-03
7.081376027851382995e-03
8.084613638309048889e-03
9.771674423248891822e-03
1.343317746563125852e-02
1.914793967003816308e-02
2.619281742254269546e-02
4.732054274981919301e-02
5.833349751986137421e-02
6.845826073302464787e-02
7.322398639835539513e-02
7.313142327381406960e-02
7.115166128756086894e-02
6.794158838701351566e-02
6.582944313368788158e-02
5.794830779481283806e-02
4.176438171868585708e-02
2.775117210878188731e-02
1.914793967003814573e-02
1.311114348069946853e-02
9.992378546079438290e-03
8.154596824664978733e-03
6.962895172728049940e-03
6.460133959553052314e-03
6.954508008157865746e-03
8.108645712335335945e-03
9.771674423248912639e-03
1.378687922853558991e-02
2.017934263329954417e-02
2.775117210878189772e-02
3.706845783164713914e-02
6.042457112493786198e-02
6.676722385539843319e-02
7.322365202643342508e-02
7.663779116405171343e-02
7.322365202643339732e-02
6.676722385539837767e-02
6.042457112493786198e-02
5.281898366782836196e-02
4.176438171868585014e-02
2.923429354991542370e-02
2.017934263329952682e-02
1.343317746563125852e-02
9.788753022156176931e-03
8.063003160732983357e-03
6.961370476144032766e-03
6.680449761003267976e-03
6.961370476144043175e-03
8.063003160732997235e-03
9.788753022156180400e-03
1.343317746563126545e-02
2.017934263329950600e-02
2.923429354991543758e-02
4.176438171868587096e-02
5.281898366782839666e-02
6.794158838701344627e-02
7.115166128756096608e-02
7.313142327381409735e-02
7.322398639835545064e-02
6.845826073302466175e-02
5.833349751986136034e-02
4.732054274981924158e-02
3.706845783164709751e-02
2.775117210878186302e-02
2.017934263329953723e-02
1.378687922853562287e-02
9.771674423248895291e-03
8.108645712335335945e-03
6.954508008157871818e-03
6.460133959553056651e-03
6.962895172728052542e-03
8.154596824664978733e-03
9.992378546079446963e-03
1.311114348069946853e-02
1.914793967003814573e-02
2.775117210878185262e-02
4.176438171868580851e-02
5.794830779481290745e-02
6.582944313368783995e-02
6.126136119841784494e-02
6.652588175764774514e-02
7.115240107712791917e-02
6.676768612602111685e-02
5.833350848223222557e-02
4.647817507927007319e-02
3.519111058668735609e-02
2.619281742254267464e-02
1.914793967003815614e-02
1.343317746563126198e-02
9.771674423248905700e-03
8.084613638309062766e-03
7.081376027851376924e-03
6.665132755045504245e-03
6.955449213820141113e-03
8.064256585737446942e-03
9.993882203652980703e-03
1.307432939854103783e-02
1.845354187566306328e-02
2.619281742254270240e-02
3.706845783164704894e-02
5.281898366782832727e-02
6.582944313368781220e-02
6.529542387723041852e-02
5.449767480060103975e-02
6.126072670508955764e-02
6.794385717517407997e-02
6.042566407829625535e-02
4.732038299978487406e-02
3.519103900424194048e-02
2.574610524200496992e-02
1.845354187566304247e-02
1.311114348069946159e-02
9.788753022156176931e-03
8.108645712335329006e-03
7.081376027851366516e-03
6.623896431181587607e-03
7.080530714771228994e-03
8.106940813387693984e-03
9.787984704377680756e-03
1.311049222333094885e-02
1.845360054596217186e-02
2.574610524200494910e-02
3.519111058668739078e-02
4.732054274981917913e-02
6.042457112493784810e-02
6.794158838701354342e-02
6.126136119841792821e-02
6.126072670508955764e-02
6.529805479392131184e-02
6.583181974781325552e-02
5.282035220778184825e-02
3.706813773793635886e-02
2.619207260130649792e-02
1.845360054596218227e-02
1.307432939854102395e-02
9.992378546079434820e-03
8.063003160732997235e-03
6.954508008157879624e-03
6.665132755045497306e-03
7.080530714771226392e-03
8.084681125487488268e-03
9.771419272816342372e-03
1.343257434577893421e-02
1.914812706110791476e-02
2.619207260130649098e-02
3.519103900424187803e-02
4.647817507927009401e-02
5.833349751986136034e-02
6.676722385539841931e-02
7.115166128756093833e-02
6.652588175764789780e-02
6.794385717517399670e-02
6.583181974781328327e-02
5.794868709788265210e-02
4.176577946303483557e-02
2.775080954889528120e-02
1.914812706110791476e-02
1.311049222333094191e-02
9.993882203652977234e-03
8.154596824664978733e-03
6.961370476144039705e-03
6.460133959553056651e-03
6.955449213820134174e-03
8.106940813387693984e-03
9.771419272816338902e-03
1.378642806930767579e-02
2.017888915500354666e-02
2.775080954889526039e-02
3.706813773793635886e-02
4.732038299978481161e-02
5.833350848223223944e-02
6.845826073302464787e-02
7.322365202643341120e-02
7.313142327381411123e-02
7.115240107712787754e-02
6.042566407829622066e-02
5.282035220778188295e-02
4.176577946303483557e-02
2.923224131468056888e-02
2.017888915500353972e-02
1.343257434577893421e-02
9.787984704377673817e-03
8.064256585737433064e-03
6.962895172728056012e-03
6.680449761003263640e-03
6.962895172728049940e-03
8.064256585737433064e-03
9.787984704377680756e-03
1.343257434577892900e-02
2.017888915500354666e-02
2.923224131468055847e-02
4.176577946303484945e-02
5.282035220778188295e-02
6.042566407829625535e-02
6.676768612602115849e-02
7.322398639835539513e-02
7.663779116405174119e-02
7.322398639835538126e-02
6.676768612602108910e-02
4.732038299978485324e-02
3.706813773793637967e-02
2.775080954889530202e-02
2.017888915500355707e-02
1.378642806930769661e-02
9.771419272816349311e-03
8.106940813387690514e-03
6.955449213820130705e-03
6.460133959553059253e-03
6.961370476144036236e-03
8.154596824664978733e-03
9.993882203652977234e-03
1.311049222333092110e-02
1.914812706110792864e-02
2.775080954889527080e-02
4.176577946303484945e-02
5.794868709788265210e-02
6.583181974781325552e-02
6.794385717517399670e-02
7.115240107712791917e-02
7.313142327381409735e-02
7.322365202643341120e-02
6.845826073302474502e-02
5.833350848223223944e-02
3.519103900424191966e-02
2.619207260130652221e-02
1.914812706110792170e-02
1.343257434577894115e-02
9.771419272816356250e-03
8.084681125487463982e-03
7.080530714771228994e-03
6.665132755045501643e-03
6.954508008157865746e-03
8.063003160732993765e-03
9.992378546079424412e-03
1.307432939854102742e-02
1.845360054596216146e-02
2.619207260130648057e-02
3.706813773793631722e-02
5.282035220778186213e-02
6.583181974781328327e-02
6.529805479392133960e-02
6.126072670508955764e-02
6.652588175764784229e-02
7.115166128756096608e-02
6.676722385539846094e-02
5.833349751986137421e-02
4.647817507927005931e-02
2.574610524200495951e-02
1.845360054596217533e-02
1.311049222333096273e-02
9.787984704377670347e-03
8.106940813387704392e-03
7.080530714771233330e-03
6.623896431181587607e-03
7.081376027851369985e-03
8.108645712335325537e-03
9.788753022156161318e-03
1.311114348069945292e-02
1.845354187566304940e-02
2.574610524200495951e-02
3.519103900424189191e-02
4.732038299978486018e-02
6.042566407829625535e-02
6.794385717517402445e-02
6.126072670508961315e-02
5.449767480060103975e-02
6.126136119841798372e-02
6.794158838701351566e-02
6.042457112493783422e-02
4.732054274981919995e-02
3.519111058668732833e-02
1.845354187566305981e-02
1.307432939854102395e-02
9.993882203652989377e-03
8.064256585737446942e-03
6.955449213820128103e-03
6.665132755045511184e-03
7.081376027851380393e-03
8.084613638309073175e-03
9.771674423248905700e-03
1.343317746563125852e-02
1.914793967003814920e-02
2.619281742254269546e-02
3.519111058668737690e-02
4.647817507927007319e-02
5.833350848223223944e-02
6.676768612602115849e-02
7.115240107712787754e-02
6.652588175764784229e-02
6.126136119841796290e-02
6.529542387723050179e-02
6.582944313368788158e-02
5.281898366782837584e-02
3.706845783164706976e-02
2.619281742254263301e-02
1.311114348069948587e-02
9.992378546079446963e-03
8.154596824664987406e-03
6.962895172728066420e-03
6.460133959553059253e-03
6.954508008157858807e-03
8.108645712335335945e-03
9.771674423248897026e-03
1.378687922853559338e-02
2.017934263329952682e-02
2.775117210878186302e-02
3.706845783164709751e-02
4.732054274981919995e-02
5.833349751986136034e-02
6.845826073302463399e-02
7.322398639835540901e-02
7.313142327381409735e-02
7.115166128756096608e-02
6.794158838701357117e-02
6.582944313368781220e-02
5.794830779481289357e-02
4.176438171868587096e-02
2.775117210878185262e-02
1.914793967003813185e-02
9.788753022156176931e-03
8.063003160732988561e-03
6.961370476144036236e-03
6.680449761003270578e-03
6.961370476144036236e-03
8.063003160732993765e-03
9.788753022156176931e-03
1.343317746563126198e-02
2.017934263329953723e-02
2.923429354991546533e-02
4.176438171868585014e-02
5.281898366782834114e-02
6.042457112493786198e-02
6.676722385539846094e-02
7.322365202643336957e-02
7.663779116405168568e-02
7.322365202643342508e-02
6.676722385539846094e-02
6.042457112493791749e-02
5.281898366782839666e-02
4.176438171868588484e-02
2.923429354991544452e-02
2.017934263329952682e-02
1.343317746563123076e-02
8.108645712335339414e-03
6.954508008157865746e-03
6.460133959553062723e-03
6.962895172728049940e-03
8.154596824664987406e-03
9.992378546079443494e-03
1.311114348069947373e-02
1.914793967003813185e-02
2.775117210878187343e-02
4.176438171868582239e-02
5.794830779481287969e-02
6.582944313368783995e-02
6.794158838701348790e-02
7.115166128756086894e-02
7.313142327381406960e-02
7.322398639835539513e-02
6.845826073302464787e-02
5.833349751986140891e-02
4.732054274981921382e-02
3.706845783164706976e-02
2.775117210878187343e-02
2.017934263329953723e-02
1.378687922853560205e-02
9.771674423248881414e-03
7.081376027851376924e-03
6.665132755045501643e-03
6.955449213820134174e-03
8.064256585737446942e-03
9.993882203653003254e-03
1.307432939854104824e-02
1.845354187566306675e-02
2.619281742254272669e-02
3.706845783164710445e-02
5.281898366782836196e-02
6.582944313368781220e-02
6.529542387723037689e-02
6.126136119841790045e-02
6.652588175764781453e-02
7.115240107712794693e-02
6.676768612602110298e-02
5.833350848223223944e-02
4.647817507927008707e-02
3.519111058668736997e-02
2.619281742254264342e-02
1.914793967003814226e-02
1.343317746563123770e-02
9.771674423248881414e-03
8.084613638309045419e-03
4.282574287661668720e-03
4.788431534588405772e-03
6.083901838755527772e-03
8.107805435965762669e-03
1.135526453442266964e-02
1.696369006750834962e-02
2.566755772793131649e-02
3.712168425499307728e-02
5.307490684623364374e-02
6.794158838701341852e-02
4.437464994508747568e-02
2.372441505521448793e-02
4.320048100942699976e-02
2.372333135687592492e-02
4.437672241826573494e-02
6.794473941225658009e-02
5.307522195121997660e-02
3.712136328623476256e-02
2.566745336142601044e-02
1.696378121543442793e-02
1.135444400676545972e-02
8.108645712335329006e-03
6.082763805546069664e-03
4.788421447522194820e-03
4.788431534588411843e-03
5.760899317784393299e-03
7.258101735888308065e-03
9.771116021723912429e-03
1.476297741836392514e-02
2.240542794775788812e-02
3.226403582566785000e-02
4.516367780054948711e-02
5.954081676281305219e-02
7.115166128756089670e-02
5.540377802110394573e-02
2.498179911691527505e-02
2.372333135687590758e-02
2.381055750057410950e-02
5.435433947429541696e-02
6.583128658663527089e-02
4.572849754257079374e-02
2.997607723983146746e-02
2.035245174649867594e-02
1.331182052819029557e-02
9.506079551683468618e-03
6.954508008157871818e-03
5.340987337114055586e-03
4.659345807578370129e-03
6.083901838755530374e-03
7.258101735888308065e-03
9.289675563696319499e-03
1.378667629467514484e-02
2.063312479877865702e-02
2.900331118248108964e-02
3.980366375210567242e-02
5.298546466297309604e-02
6.566683020578074903e-02
7.313142327381413899e-02
7.373013750572701697e-02
5.540495870391285577e-02
4.437672241826581127e-02
5.435433947429546553e-02
6.773643925509778563e-02
5.794905273054547223e-02
3.693570588504140051e-02
2.410888851956746737e-02
1.613523894960242760e-02
1.109860554848416704e-02
8.424351122830041338e-03
6.460133959553052314e-03
5.367070119799828738e-03
5.342384385689451232e-03
8.107805435965755730e-03
9.771116021723931511e-03
1.378667629467514831e-02
2.017880938610784602e-02
2.775072793533650897e-02
3.706775783745477199e-02
4.732038001668658483e-02
5.833381090047896206e-02
6.845790134301479868e-02
7.322398639835536738e-02
7.313175227822169000e-02
7.115229414840777700e-02
6.794473941225663560e-02
6.583128658663527089e-02
5.794905273054554856e-02
4.176653727290403212e-02
2.775071108820537785e-02
1.914806252627788974e-02
1.311123964147551182e-02
9.992519644374173865e-03
8.154175980430321616e-03
6.962895172728049940e-03
6.458218705223836738e-03
6.954897558475812286e-03
1.135526453442266964e-02
1.476297741836392514e-02
2.063312479877867436e-02
2.775072793533650897e-02
3.693575547566264883e-02
4.572787703797000919e-02
5.307471035211541038e-02
5.954092119986451742e-02
6.566683020578081842e-02
6.845826073302468950e-02
6.566666482808725114e-02
5.954088558180686136e-02
5.307522195122000436e-02
4.572849754257078680e-02
3.693570588504140745e-02
2.775071108820535704e-02
2.063311440019220677e-02
1.476339946220347685e-02
1.135464429856215818e-02
9.503825229886592868e-03
8.424351122830037869e-03
8.154596824664975263e-03
8.423491796378031193e-03
9.504576283974025541e-03
1.696369006750833575e-02
2.240542794775787772e-02
2.900331118248108964e-02
3.706775783745477199e-02
4.572787703797000225e-02
5.324255692711972465e-02
5.778485327523046056e-02
5.906723616748284222e-02
5.954081676281313545e-02
5.833349751986140891e-02
5.298541729703219044e-02
4.516367808822283753e-02
3.712136328623479725e-02
2.997607723983146746e-02
2.410888851956747431e-02
1.914806252627789668e-02
1.476339946220346644e-02
1.189442476480571421e-02
1.048043717862626699e-02
9.693666890869557032e-03
9.506079551683472087e-03
9.992378546079431351e-03
1.110046501755339136e-02
1.331108895500415085e-02
2.566755772793130955e-02
3.226403582566785694e-02
3.980366375210570018e-02
4.732038001668661953e-02
5.307471035211541732e-02
5.778485327523048831e-02
6.005782283268962241e-02
5.778180034906879592e-02
5.307490684623367844e-02
4.732054274981924158e-02
3.980387884706076268e-02
3.226415421547370460e-02
2.566745336142602085e-02
2.035245174649868982e-02
1.613523894960244148e-02
1.311123964147550489e-02
1.135464429856215818e-02
1.048043717862626005e-02
1.019582654651439262e-02
1.048104019510609670e-02
1.135444400676545625e-02
1.311114348069944424e-02
1.613570927742836655e-02
2.035194993204593808e-02
3.712168425499307034e-02
4.516367780054947323e-02
5.298546466297309604e-02
5.833381090047892042e-02
5.954092119986448967e-02
5.906723616748279365e-02
5.778180034906884449e-02
5.324437423709017791e-02
4.572842115006126723e-02
3.706845783164713221e-02
2.900364725981496861e-02
2.240535540859459745e-02
1.696378121543446263e-02
1.331182052819030077e-02
1.109860554848417918e-02
9.992519644374177334e-03
9.503825229886603276e-03
9.693666890869579583e-03
1.048104019510611232e-02
1.189336745679415476e-02
1.476334015867207874e-02
1.914793967003815614e-02
2.410987944814278749e-02
2.997641585240505210e-02
5.307490684623369231e-02
5.954081676281310076e-02
6.566683020578074903e-02
6.845790134301474317e-02
6.566683020578077679e-02
5.954081676281313545e-02
5.307490684623369231e-02
4.572842115006124641e-02
3.693677133255707234e-02
2.775117210878187343e-02
2.063365845203499888e-02
1.476334015867209956e-02
1.135444400676546665e-02
9.506079551683465148e-03
8.424351122830048277e-03
8.154175980430311207e-03
8.424351122830027461e-03
9.506079551683458209e-03
1.135444400676545625e-02
1.476334015867210477e-02
2.063365845203493990e-02
2.775117210878186302e-02
3.693677133255705153e-02
4.572842115006119090e-02
6.794158838701351566e-02
7.115166128756093833e-02
7.313142327381411123e-02
7.322398639835542289e-02
6.845826073302473114e-02
5.833349751986140197e-02
4.732054274981926933e-02
3.706845783164713221e-02
2.775117210878188731e-02
2.017934263329955458e-02
1.378687922853563674e-02
9.771674423248895291e-03
8.108645712335346353e-03
6.954508008157865746e-03
6.460133959553052314e-03
6.962895172728056012e-03
8.154596824664964855e-03
9.992378546079431351e-03
1.311114348069946159e-02
1.914793967003814573e-02
2.775117210878183527e-02
4.176438171868582239e-02
5.794830779481287275e-02
6.582944313368783995e-02
4.437464994508742711e-02
5.540377802110394573e-02
7.373013750572701697e-02
7.313175227822180102e-02
6.566666482808730665e-02
5.298541729703216963e-02
3.980387884706080431e-02
2.900364725981495473e-02
2.063365845203497806e-02
1.378687922853560205e-02
9.288186231412757371e-03
7.258141717398666586e-03
6.082763805546079205e-03
5.340987337114060790e-03
5.367070119799834810e-03
6.458218705223834136e-03
8.423491796378034663e-03
1.110046501755337922e-02
1.613570927742834227e-02
2.410987944814276321e-02
3.693677133255698214e-02
5.794830779481287275e-02
6.773386998303913831e-02
5.435172583079459635e-02
2.372441505521450875e-02
2.498179911691528546e-02
5.540495870391293903e-02
7.115229414840773536e-02
5.954088558180684054e-02
4.516367808822283753e-02
3.226415421547364909e-02
2.240535540859461827e-02
1.476334015867210477e-02
9.771674423248905700e-03
7.258141717398666586e-03
5.762462649582687432e-03
4.788421447522192217e-03
4.659345807578372731e-03
5.342384385689451232e-03
6.954897558475812286e-03
9.504576283974013398e-03
1.331108895500413870e-02
2.035194993204593114e-02
2.997641585240508680e-02
4.572842115006117009e-02
6.582944313368788158e-02
5.435172583079456166e-02
2.380967216158248745e-02
4.320048100942699976e-02
2.372333135687590758e-02
4.437672241826578351e-02
6.794473941225660785e-02
5.307522195121997660e-02
3.712136328623480419e-02
2.566745336142600351e-02
1.696378121543443834e-02
1.135444400676545625e-02
8.108645712335335945e-03
6.082763805546079205e-03
4.788421447522186146e-03
4.282574287661679996e-03
4.788431534588405772e-03
6.083901838755527772e-03
8.107805435965769608e-03
1.135526453442266617e-02
1.696369006750832534e-02
2.566755772793130955e-02
3.712168425499307034e-02
5.307490684623359517e-02
6.794158838701348790e-02
4.437464994508739935e-02
2.372441505521444977e-02
2.372333135687591799e-02
2.381055750057410950e-02
5.435433947429548635e-02
6.583128658663527089e-02
4.572849754257077293e-02
2.997607723983146052e-02
2.035245174649867594e-02
1.331182052819029037e-02
9.506079551683468618e-03
6.954508008157865746e-03
5.340987337114055586e-03
4.659345807578370129e-03
4.788431534588405772e-03
5.760899317784402840e-03
7.258101735888301126e-03
9.771116021723941919e-03
1.476297741836392168e-02
2.240542794775787772e-02
3.226403582566785000e-02
4.516367780054949405e-02
5.954081676281301749e-02
7.115166128756096608e-02
5.540377802110397348e-02
2.498179911691525423e-02
4.437672241826571412e-02
5.435433947429538226e-02
6.773643925509774399e-02
5.794905273054544448e-02
3.693570588504142133e-02
2.410888851956747431e-02
1.613523894960243107e-02
1.109860554848417918e-02
8.424351122830034400e-03
6.460133959553046243e-03
5.367070119799828738e-03
5.342384385689448630e-03
6.083901838755527772e-03
7.258101735888318473e-03
9.289675563696326438e-03
1.378667629467515351e-02
2.063312479877867436e-02
2.900331118248112433e-02
3.980366375210570712e-02
5.298546466297313767e-02
6.566683020578074903e-02
7.313142327381409735e-02
7.373013750572696146e-02
5.540495870391287658e-02
6.794473941225663560e-02
6.583128658663527089e-02
5.794905273054545142e-02
4.176653727290404600e-02
2.775071108820537785e-02
1.914806252627787586e-02
1.311123964147549621e-02
9.992519644374170396e-03
8.154175980430311207e-03
6.962895172728052542e-03
6.458218705223840207e-03
6.954897558475809684e-03
8.107805435965769608e-03
9.771116021723945388e-03
1.378667629467515351e-02
2.017880938610789807e-02
2.775072793533648469e-02
3.706775783745478586e-02
4.732038001668661953e-02
5.833381090047896206e-02
6.845790134301477092e-02
7.322398639835538126e-02
7.313175227822178714e-02
7.115229414840773536e-02
5.307522195121999048e-02
4.572849754257080762e-02
3.693570588504140745e-02
2.775071108820539867e-02
2.063311440019220677e-02
1.476339946220345777e-02
1.135464429856215818e-02
9.503825229886599807e-03
8.424351122830037869e-03
8.154596824664975263e-03
8.423491796378031193e-03
9.504576283974006459e-03
1.135526453442266617e-02
1.476297741836392514e-02
2.063312479877865702e-02
2.775072793533647775e-02
3.693575547566266964e-02
4.572787703796994674e-02
5.307471035211541732e-02
5.954092119986451048e-02
6.566683020578079066e-02
6.845826073302474502e-02
6.566666482808730665e-02
5.954088558180684054e-02
3.712136328623484582e-02
2.997607723983148828e-02
2.410888851956750553e-02
1.914806252627787586e-02
1.476339946220347685e-02
1.189442476480571075e-02
1.048043717862626699e-02
9.693666890869557032e-03
9.506079551683453005e-03
9.992378546079424412e-03
1.110046501755338789e-02
1.331108895500413003e-02
1.696369006750832881e-02
2.240542794775788812e-02
2.900331118248110004e-02
3.706775783745482056e-02
4.572787703796998837e-02
5.324255692711971077e-02
5.778485327523048831e-02
5.906723616748282141e-02
5.954081676281311464e-02
5.833349751986140891e-02
5.298541729703222514e-02
4.516367808822282365e-02
2.566745336142602085e-02
2.035245174649868982e-02
1.613523894960242760e-02
1.311123964147550836e-02
1.135464429856215818e-02
1.048043717862626005e-02
1.019582654651439262e-02
1.048104019510610191e-02
1.135444400676545625e-02
1.311114348069945292e-02
1.613570927742835268e-02
2.035194993204595543e-02
2.566755772793130955e-02
3.226403582566784306e-02
3.980366375210570712e-02
4.732038001668659871e-02
5.307471035211538263e-02
5.778485327523051607e-02
6.005782283268967098e-02
5.778180034906884449e-02
5.307490684623371313e-02
4.732054274981921382e-02
3.980387884706080431e-02
3.226415421547364909e-02
1.696378121543443834e-02
1.331182052819031118e-02
1.109860554848418265e-02
9.992519644374189478e-03
9.503825229886584194e-03
9.693666890869576114e-03
1.048104019510610538e-02
1.189336745679415823e-02
1.476334015867210997e-02
1.914793967003816308e-02
2.410987944814278749e-02
2.997641585240508680e-02
3.712168425499311197e-02
4.516367780054950792e-02
5.298546466297315155e-02
5.833381090047894818e-02
5.954092119986454518e-02
5.906723616748280753e-02
5.778180034906884449e-02
5.324437423709019873e-02
4.572842115006122560e-02
3.706845783164711833e-02
2.900364725981492350e-02
2.240535540859454888e-02
1.135444400676547880e-02
9.506079551683484230e-03
8.424351122830037869e-03
8.154175980430325085e-03
8.424351122830030930e-03
9.506079551683458209e-03
1.135444400676544584e-02
1.476334015867209262e-02
2.063365845203493990e-02
2.775117210878186302e-02
3.693677133255704459e-02
4.572842115006119090e-02
5.307490684623365762e-02
5.954081676281307994e-02
6.566683020578077679e-02
6.845790134301475705e-02
6.566683020578080454e-02
5.954081676281310076e-02
5.307490684623369231e-02
4.572842115006122560e-02
3.693677133255710704e-02
2.775117210878191507e-02
2.063365845203498500e-02
1.476334015867210997e-02
8.108645712335356762e-03
6.954508008157869216e-03
6.460133959553059253e-03
6.962895172728056012e-03
8.154596824664973528e-03
9.992378546079427881e-03
1.311114348069946506e-02
1.914793967003814920e-02
2.775117210878186302e-02
4.176438171868579463e-02
5.794830779481287275e-02
6.582944313368778444e-02
6.794158838701351566e-02
7.115166128756093833e-02
7.313142327381406960e-02
7.322398639835533962e-02
6.845826073302468950e-02
5.833349751986144360e-02
4.732054274981924158e-02
3.706845783164713221e-02
2.775117210878191507e-02
2.017934263329955458e-02
1.378687922853560899e-02
9.771674423248888353e-03
6.082763805546069664e-03
5.340987337114060790e-03
5.367070119799840881e-03
6.458218705223830666e-03
8.423491796378038132e-03
1.110046501755337922e-02
1.613570927742834921e-02
2.410987944814276321e-02
3.693677133255707234e-02
5.794830779481285193e-02
6.773386998303913831e-02
5.435172583079456166e-02
4.437464994508739935e-02
5.540377802110397348e-02
7.373013750572698921e-02
7.313175227822171776e-02
6.566666482808725114e-02
5.298541729703216963e-02
3.980387884706076268e-02
2.900364725981493391e-02
2.063365845203497806e-02
1.378687922853561940e-02
9.288186231412734820e-03
7.258141717398666586e-03
4.788421447522194820e-03
4.659345807578372731e-03
5.342384385689451232e-03
6.954897558475818357e-03
9.504576283974025541e-03
1.331108895500415605e-02
2.035194993204593808e-02
2.997641585240506598e-02
4.572842115006121866e-02
6.582944313368781220e-02
5.435172583079459635e-02
2.380967216158248745e-02
2.372441505521447752e-02
2.498179911691526464e-02
5.540495870391287658e-02
7.115229414840780475e-02
5.954088558180685442e-02
4.516367808822285140e-02
3.226415421547365603e-02
2.240535540859458011e-02
1.476334015867210997e-02
9.771674423248895291e-03
7.258141717398646636e-03
5.762462649582671820e-03
3.058831959934529138e-03
3.499394550725665014e-03
4.787908544625405979e-03
7.080892637573790727e-03
1.047939001951607961e-02
1.603042457820482922e-02
2.556949843711567999e-02
3.771270486761936491e-02
5.778180034906876122e-02
6.126136119841792821e-02
2.372441505521445670e-02
9.999999999999999547e-07
9.999999999999999547e-07
9.999999999999999547e-07
2.372472887139402686e-02
6.126113334281561157e-02
5.778366290159554775e-02
3.771254465960555829e-02
2.556996204245075288e-02
1.603055629166158166e-02
1.048104019510611232e-02
7.081376027851366516e-03
4.788421447522188748e-03
3.499050090928947174e-03
3.499394550725655039e-03
4.241446158405534628e-03
5.762758668446034405e-03
8.086759805599740350e-03
1.189410155392059236e-02
1.879131252698207702e-02
2.884892092155094331e-02
4.176751263214031895e-02
5.906723616748273814e-02
6.652588175764784229e-02
2.498179911691528546e-02
9.999999999999999547e-07
9.999999999999999547e-07
9.999999999999999547e-07
2.381041804725549799e-02
6.529650840969113135e-02
5.324339343920185541e-02
3.386297731588796406e-02
2.272185906798088531e-02
1.427373431663463491e-02
9.693666890869583053e-03
6.665132755045507715e-03
4.659345807578376200e-03
3.661078860887753347e-03
4.787908544625405979e-03
5.762758668446038741e-03
7.255801504804947934e-03
9.770223658764360525e-03
1.476327958197314744e-02
2.240515838965075751e-02
3.226418151918566263e-02
4.516360203436516063e-02
5.954092119986451048e-02
7.115240107712787754e-02
5.540495870391293903e-02
2.498140902404891867e-02
2.372472887139403380e-02
2.381041804725546676e-02
5.435382208618252248e-02
6.583101704859407877e-02
4.572720367391730489e-02
2.997636266238307493e-02
2.035221783644308377e-02
1.331151496067995744e-02
9.503825229886596337e-03
6.955449213820128103e-03
5.342384385689451232e-03
4.658408298380520979e-03
7.080892637573790727e-03
8.086759805599726472e-03
9.770223658764360525e-03
1.343263178767389876e-02
1.914776499575215202e-02
2.619257870262249252e-02
3.519086194570593407e-02
4.647803263740619972e-02
5.833381090047890655e-02
6.676768612602117237e-02
7.115229414840777700e-02
6.652786343162821192e-02
6.126113334281561157e-02
6.529650840969121461e-02
6.583101704859410652e-02
5.282131904313806109e-02
3.706818126341377556e-02
2.619226532142410538e-02
1.845375108396355920e-02
1.307382048633661323e-02
9.992519644374203355e-03
8.064256585737436533e-03
6.954897558475809684e-03
6.663823879209827480e-03
1.047939001951607614e-02
1.189410155392058195e-02
1.476327958197311795e-02
1.914776499575215896e-02
2.410897955722164643e-02
2.997599130321681321e-02
3.712136207335640925e-02
4.516360203436517451e-02
5.298546466297315155e-02
5.833350848223228108e-02
5.954088558180686136e-02
5.906809976937230089e-02
5.778366290159559632e-02
5.324339343920192480e-02
4.572720367391732571e-02
3.706818126341377556e-02
2.900368396434822166e-02
2.240554717831303583e-02
1.696362971317520035e-02
1.331151496067995398e-02
1.109860554848420520e-02
9.993882203652985907e-03
9.504576283974013398e-03
9.695946878889702761e-03
1.603042457820484656e-02
1.879131252698206314e-02
2.240515838965074710e-02
2.619257870262246823e-02
2.997599130321677505e-02
3.386306938089523461e-02
3.771281657295399992e-02
4.176751263214038834e-02
4.516367780054945241e-02
4.647817507927010788e-02
4.516367808822285834e-02
4.176747681950522539e-02
3.771254465960563462e-02
3.386297731588794324e-02
2.997636266238306452e-02
2.619226532142408456e-02
2.240554717831302889e-02
1.879147724287771534e-02
1.603027269158623438e-02
1.427373431663466960e-02
1.331182052819030077e-02
1.307432939854102395e-02
1.331108895500415085e-02
1.427424075191214767e-02
2.556949843711567999e-02
2.884892092155091209e-02
3.226418151918569732e-02
3.519086194570594794e-02
3.712136207335641619e-02
3.771281657295395134e-02
3.767705795962681542e-02
3.771270486761942042e-02
3.712168425499310503e-02
3.519111058668739078e-02
3.226415421547370460e-02
2.884891390768705433e-02
2.556996204245078411e-02
2.272185906798090266e-02
2.035221783644311500e-02
1.845375108396355573e-02
1.696362971317521423e-02
1.603027269158622051e-02
1.574854881100624590e-02
1.603055629166160942e-02
1.696378121543443834e-02
1.845354187566305981e-02
2.035194993204593461e-02
2.272202406112783235e-02
3.771270486761936491e-02
4.176751263214036058e-02
4.516360203436516063e-02
4.647803263740626217e-02
4.516360203436520226e-02
4.176751263214038140e-02
3.771270486761939267e-02
3.386344415806762792e-02
2.997641585240508680e-02
2.619281742254269546e-02
2.240535540859459745e-02
1.879158093012670006e-02
1.603055629166159901e-02
1.427373431663466440e-02
1.331151496067995744e-02
1.307382048633663058e-02
1.331151496067995744e-02
1.427373431663467480e-02
1.603055629166163024e-02
1.879158093012667924e-02
2.240535540859459745e-02
2.619281742254270240e-02
2.997641585240508680e-02
3.386344415806764180e-02
5.778180034906882367e-02
5.906723616748279365e-02
5.954092119986446191e-02
5.833381090047892042e-02
5.298546466297316543e-02
4.516367780054948711e-02
3.712168425499311197e-02
2.997641585240505210e-02
2.410987944814277362e-02
1.914793967003814573e-02
1.476334015867210477e-02
1.189336745679415476e-02
1.048104019510611232e-02
9.693666890869576114e-03
9.503825229886592868e-03
9.992519644374186008e-03
1.109860554848416704e-02
1.331182052819030424e-02
1.696378121543444875e-02
2.240535540859459745e-02
2.900364725981494432e-02
3.706845783164709751e-02
4.572842115006118396e-02
5.324437423709019873e-02
6.126136119841796290e-02
6.652588175764784229e-02
7.115240107712787754e-02
6.676768612602111685e-02
5.833350848223225332e-02
4.647817507927009401e-02
3.519111058668737690e-02
2.619281742254268505e-02
1.914793967003814573e-02
1.343317746563126198e-02
9.771674423248900496e-03
8.084613638309055828e-03
7.081376027851380393e-03
6.665132755045497306e-03
6.955449213820137644e-03
8.064256585737440003e-03
9.993882203652973764e-03
1.307432939854103089e-02
1.845354187566305287e-02
2.619281742254273709e-02
3.706845783164705588e-02
5.281898366782834808e-02
6.582944313368783995e-02
6.529542387723044627e-02
2.372441505521448793e-02
2.498179911691527505e-02
5.540495870391285577e-02
7.115229414840773536e-02
5.954088558180684054e-02
4.516367808822287916e-02
3.226415421547369072e-02
2.240535540859459052e-02
1.476334015867210477e-02
9.771674423248916108e-03
7.258141717398670922e-03
5.762462649582683963e-03
4.788421447522186146e-03
4.659345807578376200e-03
5.342384385689446027e-03
6.954897558475815755e-03
9.504576283974022072e-03
1.331108895500414564e-02
2.035194993204591726e-02
2.997641585240508680e-02
4.572842115006114927e-02
6.582944313368781220e-02
5.435172583079459635e-02
2.380967216158250133e-02
9.999999999999999547e-07
9.999999999999999547e-07
2.498140902404894989e-02
6.652786343162818417e-02
5.906809976937228701e-02
4.176747681950518376e-02
2.884891390768705433e-02
1.879158093012668618e-02
1.189336745679415823e-02
8.084613638309059297e-03
5.762462649582687432e-03
4.240511189614139254e-03
3.499050090928941537e-03
3.661078860887753347e-03
4.658408298380524448e-03
6.663823879209834419e-03
9.695946878889706230e-03
1.427424075191214073e-02
2.272202406112784623e-02
3.386344415806762792e-02
5.324437423709012934e-02
6.529542387723050179e-02
2.380967216158242847e-02
9.999999999999999547e-07
9.999999999999999547e-07
9.999999999999999547e-07
2.372472887139402686e-02
6.126113334281555606e-02
5.778366290159559632e-02
3.771254465960560687e-02
2.556996204245079451e-02
1.603055629166159901e-02
1.048104019510610885e-02
7.081376027851376924e-03
4.788421447522188748e-03
3.499050090928944139e-03
3.058831959934526969e-03
3.499394550725662845e-03
4.787908544625399908e-03
7.080892637573803737e-03
1.047939001951607614e-02
1.603042457820484309e-02
2.556949843711566958e-02
3.771270486761940655e-02
5.778180034906879592e-02
6.126136119841796290e-02
2.372441505521440813e-02
9.999999999999999547e-07
9.999999999999999547e-07
9.999999999999999547e-07
2.381041804725546676e-02
6.529650840969118686e-02
5.324339343920185541e-02
3.386297731588792242e-02
2.272185906798088531e-02
1.427373431663465746e-02
9.693666890869569175e-03
6.665132755045497306e-03
4.659345807578376200e-03
3.661078860887750745e-03
3.499394550725655039e-03
4.241446158405541567e-03
5.762758668446029200e-03
8.086759805599736881e-03
1.189410155392059930e-02
1.879131252698206314e-02
2.884892092155092250e-02
4.176751263214038140e-02
5.906723616748273814e-02
6.652588175764785616e-02
2.498179911691524382e-02
9.999999999999999547e-07
2.372472887139405462e-02
2.381041804725548064e-02
5.435382208618249472e-02
6.583101704859410652e-02
4.572720367391732571e-02
2.997636266238305758e-02
2.035221783644309418e-02
1.331151496067996091e-02
9.503825229886599807e-03
6.955449213820130705e-03
5.342384385689448630e-03
4.658408298380524448e-03
4.787908544625411184e-03
5.762758668446041344e-03
7.255801504804947934e-03
9.770223658764369198e-03
1.476327958197314223e-02
2.240515838965075751e-02
3.226418151918566957e-02
4.516360203436518145e-02
5.954092119986446191e-02
7.115240107712789142e-02
5.540495870391285577e-02
2.498140902404890826e-02
6.126113334281567402e-02
6.529650840969129788e-02
6.583101704859410652e-02
5.282131904313804721e-02
3.706818126341376168e-02
2.619226532142410538e-02
1.845375108396353839e-02
1.307382048633662711e-02
9.992519644374189478e-03
8.064256585737440003e-03
6.954897558475805347e-03
6.663823879209831817e-03
7.080892637573797666e-03
8.086759805599733411e-03
9.770223658764365729e-03
1.343263178767390223e-02
1.914776499575218671e-02
2.619257870262250293e-02
3.519086194570594794e-02
4.647803263740620666e-02
5.833381090047893430e-02
6.676768612602111685e-02
7.115229414840777700e-02
6.652786343162821192e-02
5.778366290159562407e-02
5.324339343920194562e-02
4.572720367391738122e-02
3.706818126341376168e-02
2.900368396434817655e-02
2.240554717831301848e-02
1.696362971317521423e-02
1.331151496067996959e-02
1.109860554848418265e-02
9.993882203652977234e-03
9.504576283974013398e-03
9.695946878889699291e-03
1.047939001951608828e-02
1.189410155392057848e-02
1.476327958197313876e-02
1.914776499575218671e-02
2.410897955722162214e-02
2.997599130321678546e-02
3.712136207335638843e-02
4.516360203436520226e-02
5.298546466297313767e-02
5.833350848223230883e-02
5.954088558180688912e-02
5.906809976937230089e-02
3.771254465960559299e-02
3.386297731588795712e-02
2.997636266238307493e-02
2.619226532142411579e-02
2.240554717831302889e-02
1.879147724287771881e-02
1.603027269158621357e-02
1.427373431663466960e-02
1.331182052819031986e-02
1.307432939854101354e-02
1.331108895500413523e-02
1.427424075191212685e-02
1.603042457820485697e-02
1.879131252698207702e-02
2.240515838965077486e-02
2.619257870262250987e-02
2.997599130321675076e-02
3.386306938089521379e-02
3.771281657295399992e-02
4.176751263214040222e-02
4.516367780054947323e-02
4.647817507927012870e-02
4.516367808822291385e-02
4.176747681950520458e-02
2.556996204245078411e-02
2.272185906798090266e-02
2.035221783644310459e-02
1.845375108396356961e-02
1.696362971317521076e-02
1.603027269158622051e-02
1.574854881100623202e-02
1.603055629166161636e-02
1.696378121543443834e-02
1.845354187566305981e-02
2.035194993204595543e-02
2.272202406112785664e-02
2.556949843711568693e-02
2.884892092155094331e-02
3.226418151918569732e-02
3.519086194570597570e-02
3.712136207335640925e-02
3.771281657295399992e-02
3.767705795962683624e-02
3.771270486761936491e-02
3.712168425499310503e-02
3.519111058668739772e-02
3.226415421547368378e-02
2.884891390768703351e-02
1.603055629166159554e-02
1.427373431663465746e-02
1.331151496067995398e-02
1.307382048633663058e-02
1.331151496067995398e-02
1.427373431663467480e-02
1.603055629166160942e-02
1.879158093012671046e-02
2.240535540859461827e-02
2.619281742254270240e-02
2.997641585240511802e-02
3.386344415806766955e-02
3.771270486761944124e-02
4.176751263214036752e-02
4.516360203436516063e-02
4.647803263740624136e-02
4.516360203436517451e-02
4.176751263214038140e-02
3.771270486761935797e-02
3.386344415806762098e-02
2.997641585240507639e-02
2.619281742254269546e-02
2.240535540859458011e-02
1.879158093012667924e-02
1.048104019510612099e-02
9.693666890869586522e-03
9.503825229886603276e-03
9.992519644374189478e-03
1.109860554848419653e-02
1.331182052819030771e-02
1.696378121543442793e-02
2.240535540859459745e-02
2.900364725981494432e-02
3.706845783164709751e-02
4.572842115006114927e-02
5.324437423709019873e-02
5.778180034906882367e-02
5.906723616748275896e-02
5.954092119986446191e-02
5.833381090047889267e-02
5.298546466297309604e-02
4.516367780054944547e-02
3.712168425499309116e-02
2.997641585240507639e-02
2.410987944814280484e-02
1.914793967003818043e-02
1.476334015867210997e-02
1.189336745679416170e-02
7.081376027851382995e-03
6.665132755045501643e-03
6.955449213820134174e-03
8.064256585737446942e-03
9.993882203652985907e-03
1.307432939854102742e-02
1.845354187566306328e-02
2.619281742254268505e-02
3.706845783164709751e-02
5.281898366782828563e-02
6.582944313368778444e-02
6.529542387723055730e-02
6.126136119841801148e-02
6.652588175764784229e-02
7.115240107712782203e-02
6.676768612602111685e-02
5.833350848223230883e-02
4.647817507927010788e-02
3.519111058668737690e-02
2.619281742254266424e-02
1.914793967003817002e-02
1.343317746563127413e-02
9.771674423248909169e-03
8.084613638309055828e-03
4.788421447522188748e-03
4.659345807578378802e-03
5.342384385689451232e-03
6.954897558475818357e-03
9.504576283974022072e-03
1.331108895500415085e-02
2.035194993204593461e-02
2.997641585240508680e-02
4.572842115006117009e-02
6.582944313368783995e-02
5.435172583079456166e-02
2.380967216158243888e-02
2.372441505521444977e-02
2.498179911691519525e-02
5.540495870391285577e-02
7.115229414840770761e-02
5.954088558180681279e-02
4.516367808822285140e-02
3.226415421547368378e-02
2.240535540859456970e-02
1.476334015867209956e-02
9.771674423248909169e-03
7.258141717398670922e-03
5.762462649582677891e-03
3.499050090928941537e-03
3.661078860887745541e-03
4.658408298380520979e-03
6.663823879209824878e-03
9.695946878889709700e-03
1.427424075191213552e-02
2.272202406112784623e-02
3.386344415806764874e-02
5.324437423709019873e-02
6.529542387723044627e-02
2.380967216158245275e-02
9.999999999999999547e-07
9.999999999999999547e-07
9.999999999999999547e-07
2.498140902404889785e-02
6.652786343162812865e-02
5.906809976937224538e-02
4.176747681950518376e-02
2.884891390768702310e-02
1.879158093012666883e-02
1.189336745679414435e-02
8.084613638309062766e-03
5.762462649582671820e-03
4.240511189614135784e-03
2.670412239599966216e-03
3.058660214287137885e-03
4.282180956112604034e-03
6.624322036290404038e-03
1.019602528087421196e-02
1.574846189561936172e-02
2.555345919977612679e-02
3.767705795962676685e-02
6.005782283268958771e-02
5.449767480060103975e-02
4.320048100942701363e-02
9.999999999999999547e-07
9.999999999999999547e-07
9.999999999999999547e-07
4.320077296985699172e-02
5.449786802229877880e-02
6.005776171450141754e-02
3.767691460468816644e-02
2.555304606657870375e-02
1.574854881100622161e-02
1.019582654651439955e-02
6.623896431181587607e-03
4.282574287661673924e-03
3.058831959934529138e-03
3.058660214287140487e-03
3.499139426269050942e-03
4.788783446097789366e-03
7.079762314812244710e-03
1.048050725744460211e-02
1.603001681642203524e-02
2.556967401551155095e-02
3.771281657295399992e-02
5.778485327523037729e-02
6.126072670508955764e-02
2.372333135687587635e-02
9.999999999999999547e-07
9.999999999999999547e-07
9.999999999999999547e-07
2.372345503370935915e-02
6.126014382684812770e-02
5.778099772249604277e-02
3.771307325169710734e-02
2.556978658784140462e-02
1.603027269158619622e-02
1.048043717862627740e-02
7.080530714771228994e-03
4.788431534588405772e-03
3.499394550725657641e-03
4.282180956112612707e-03
4.788783446097783295e-03
6.083595910747818108e-03
8.108929687822313825e-03
1.135517233183618371e-02
1.696371375286480007e-02
2.566724269015260851e-02
3.712136207335641619e-02
5.307471035211531324e-02
6.794385717517405221e-02
4.437672241826581127e-02
2.372472887139402686e-02
4.320077296985700560e-02
2.372345503370942160e-02
4.437612897967956743e-02
6.794268425466827577e-02
5.307576031514669307e-02
3.712177786402743457e-02
2.566776838779486272e-02
1.696362971317519341e-02
1.135464429856215818e-02
8.106940813387697453e-03
6.083901838755527772e-03
4.787908544625405979e-03
6.624322036290413579e-03
7.079762314812257720e-03
8.108929687822315560e-03
9.788353296963139480e-03
1.311077962592659303e-02
1.845338136614669416e-02
2.574606343741990891e-02
3.519086194570594794e-02
4.732038001668661259e-02
6.042566407829625535e-02
6.794473941225663560e-02
6.126113334281559075e-02
5.449786802229880656e-02
6.126014382684815546e-02
6.794268425466833128e-02
6.042533152538914071e-02
4.732106919203570711e-02
3.519142396036924886e-02
2.574614701306706874e-02
1.845375108396354880e-02
1.311123964147551182e-02
9.787984704377684225e-03
8.107805435965762669e-03
7.080892637573795063e-03
1.019602528087422931e-02
1.048050725744460905e-02
1.135517233183618371e-02
1.311077962592659650e-02
1.613558430010610806e-02
2.035204527633185240e-02
2.566724269015262586e-02
3.226418151918569732e-02
3.980366375210572100e-02
4.732038299978485324e-02
5.307522195121996966e-02
5.778366290159559632e-02
6.005776171450141754e-02
5.778099772249604277e-02
5.307576031514672776e-02
4.732106919203570017e-02
3.980431751154012154e-02
3.226421024704186763e-02
2.566776838779489742e-02
2.035221783644308377e-02
1.613523894960244495e-02
1.311049222333095232e-02
1.135526453442266964e-02
1.047939001951606920e-02
1.574846189561936866e-02
1.603001681642203871e-02
1.696371375286481048e-02
1.845338136614671845e-02
2.035204527633184546e-02
2.272193423133912760e-02
2.556967401551156482e-02
2.884892092155093291e-02
3.226403582566787082e-02
3.519103900424194048e-02
3.712136328623483195e-02
3.771254465960559299e-02
3.767691460468819420e-02
3.771307325169708652e-02
3.712177786402744845e-02
3.519142396036924192e-02
3.226421024704189539e-02
2.884904814388828884e-02
2.556978658784139075e-02
2.272185906798089572e-02
2.035245174649870023e-02
1.845360054596218921e-02
1.696369006750834962e-02
1.603042457820485350e-02
2.555345919977612679e-02
2.556967401551155095e-02
2.566724269015262586e-02
2.574606343741991932e-02
2.566724269015260851e-02
2.556967401551156482e-02
2.555345919977615107e-02
2.556949843711571121e-02
2.566755772793133730e-02
2.574610524200496992e-02
2.566745336142601044e-02
2.556996204245080145e-02
2.555304606657871416e-02
2.556978658784140462e-02
2.566776838779488701e-02
2.574614701306712078e-02
2.566776838779489742e-02
2.556978658784140462e-02
2.555304606657871416e-02
2.556996204245080145e-02
2.566745336142601044e-02
2.574610524200496992e-02
2.566755772793130955e-02
2.556949843711572162e-02
3.767705795962685011e-02
3.771281657295398604e-02
3.712136207335643701e-02
3.519086194570594794e-02
3.226418151918570426e-02
2.884892092155094331e-02
2.556949843711572856e-02
2.272202406112786358e-02
2.035194993204593808e-02
1.845354187566305981e-02
1.696378121543444181e-02
1.603055629166159554e-02
1.574854881100624243e-02
1.603027269158621704e-02
1.696362971317519688e-02
1.845375108396354880e-02
2.035221783644311500e-02
2.272185906798088531e-02
2.556996204245080145e-02
2.884891390768706473e-02
3.226415421547364909e-02
3.519111058668739772e-02
3.712168425499309116e-02
3.771270486761936491e-02
6.005782283268964322e-02
5.778485327523043974e-02
5.307471035211539651e-02
4.732038001668661953e-02
3.980366375210567242e-02
3.226403582566784306e-02
2.566755772793133730e-02
2.035194993204593808e-02
1.613570927742835615e-02
1.311114348069945292e-02
1.135444400676546318e-02
1.048104019510610885e-02
1.019582654651440996e-02
1.048043717862627046e-02
1.135464429856215471e-02
1.311123964147550836e-02
1.613523894960244495e-02
2.035245174649867247e-02
2.566745336142600351e-02
3.226415421547372542e-02
3.980387884706072799e-02
4.732054274981921382e-02
5.307490684623369925e-02
5.778180034906882367e-02
5.449767480060103975e-02
6.126072670508958540e-02
6.794385717517405221e-02
6.042566407829625535e-02
4.732038299978486018e-02
3.519103900424191966e-02
2.574610524200496992e-02
1.845354187566304593e-02
1.311114348069945292e-02
9.788753022156173461e-03
8.108645712335346353e-03
7.081376027851382995e-03
6.623896431181594546e-03
7.080530714771233330e-03
8.106940813387697453e-03
9.787984704377680756e-03
1.311049222333095232e-02
1.845360054596217880e-02
2.574610524200498032e-02
3.519111058668736997e-02
4.732054274981915831e-02
6.042457112493781340e-02
6.794158838701354342e-02
6.126136119841796290e-02
4.320048100942701363e-02
2.372333135687589717e-02
4.437672241826573494e-02
6.794473941225658009e-02
5.307522195121999048e-02
3.712136328623478337e-02
2.566745336142603126e-02
1.696378121543443834e-02
1.135444400676546318e-02
8.108645712335346353e-03
6.082763805546067062e-03
4.788421447522186146e-03
4.282574287661677394e-03
4.788431534588409241e-03
6.083901838755527772e-03
8.107805435965766139e-03
1.135526453442267311e-02
1.696369006750832187e-02
2.566755772793130955e-02
3.712168425499307034e-02
5.307490684623364374e-02
6.794158838701354342e-02
4.437464994508742711e-02
2.372441505521446711e-02
9.999999999999999547e-07
9.999999999999999547e-07
2.372472887139402686e-02
6.126113334281559075e-02
5.778366290159554775e-02
3.771254465960560687e-02
2.556996204245080145e-02
1.603055629166160595e-02
1.048104019510610538e-02
7.081376027851382995e-03
4.788421447522192217e-03
3.499050090928944139e-03
3.058831959934523934e-03
3.499394550725657641e-03
4.787908544625408581e-03
7.080892637573801135e-03
1.047939001951607961e-02
1.603042457820483963e-02
2.556949843711569734e-02
3.771270486761942042e-02
5.778180034906879592e-02
6.126136119841801148e-02
2.372441505521442548e-02
9.999999999999999547e-07
9.999999999999999547e-07
9.999999999999999547e-07
4.320077296985698478e-02
5.449786802229880656e-02
6.005776171450135509e-02
3.767691460468819420e-02
2.555304606657869335e-02
1.574854881100623549e-02
1.019582654651439609e-02
6.623896431181585005e-03
4.282574287661671322e-03
3.058831959934526969e-03
2.670412239599969251e-03
3.058660214287143089e-03
4.282180956112607503e-03
6.624322036290417048e-03
1.019602528087422064e-02
1.574846189561936519e-02
2.555345919977614066e-02
3.767705795962681542e-02
6.005782283268958771e-02
5.449767480060108832e-02
4.320048100942699282e-02
9.999999999999999547e-07
9.999999999999999547e-07
9.999999999999999547e-07
2.372345503370939038e-02
6.126014382684812770e-02
5.778099772249602195e-02
3.771307325169706570e-02
2.556978658784139075e-02
1.603027269158622051e-02
1.048043717862628087e-02
7.080530714771228994e-03
4.788431534588409241e-03
3.499394550725662845e-03
3.058660214287140487e-03
3.499139426269045738e-03
4.788783446097789366e-03
7.079762314812257720e-03
1.048050725744459691e-02
1.603001681642202136e-02
2.556967401551155095e-02
3.771281657295402767e-02
5.778485327523040505e-02
6.126072670508969642e-02
2.372333135687585901e-02
9.999999999999999547e-07
4.320077296985702642e-02
2.372345503370937997e-02
4.437612897967956743e-02
6.794268425466827577e-02
5.307576031514671389e-02
3.712177786402744845e-02
2.566776838779487660e-02
1.696362971317518994e-02
1.135464429856215818e-02
8.106940813387700923e-03
6.083901838755527772e-03
4.787908544625405979e-03
4.282180956112615310e-03
4.788783446097786764e-03
6.083595910747814639e-03
8.108929687822315560e-03
1.135517233183617677e-02
1.696371375286480354e-02
2.566724269015261545e-02
3.712136207335643701e-02
5.307471035211536181e-02
6.794385717517405221e-02
4.437672241826576269e-02
2.372472887139400258e-02
5.449786802229882737e-02
6.126014382684815546e-02
6.794268425466830352e-02
6.042533152538914071e-02
4.732106919203570711e-02
3.519142396036922804e-02
2.574614701306709649e-02
1.845375108396355920e-02
1.311123964147551182e-02
9.787984704377677286e-03
8.107805435965769608e-03
7.080892637573801135e-03
6.624322036290419650e-03
7.079762314812264659e-03
8.108929687822315560e-03
9.788353296963134276e-03
1.311077962592658956e-02
1.845338136614670457e-02
2.574606343741989503e-02
3.519086194570597570e-02
4.732038001668657096e-02
6.042566407829622066e-02
6.794473941225663560e-02
6.126113334281572259e-02
6.005776171450150080e-02
5.778099772249607052e-02
5.307576031514672776e-02
4.732106919203570711e-02
3.980431751154014930e-02
3.226421024704184681e-02
2.566776838779487660e-02
2.035221783644309418e-02
1.613523894960243801e-02
1.311049222333094885e-02
1.135526453442266270e-02
1.047939001951607961e-02
1.019602528087422931e-02
1.048050725744460558e-02
1.135517233183618371e-02
1.311077962592660170e-02
1.613558430010610806e-02
2.035204527633185587e-02
2.566724269015261545e-02
3.226418151918571814e-02
3.980366375210567242e-02
4.732038299978488793e-02
5.307522195121999048e-02
5.778366290159559632e-02
3.767691460468821502e-02
3.771307325169709346e-02
3.712177786402747620e-02
3.519142396036928355e-02
3.226421024704188151e-02
2.884904814388828884e-02
2.556978658784139075e-02
2.272185906798088531e-02
2.035245174649867941e-02
1.845360054596217533e-02
1.696369006750833922e-02
1.603042457820483963e-02
1.574846189561937213e-02
1.603001681642201443e-02
1.696371375286480701e-02
1.845338136614671498e-02
2.035204527633183852e-02
2.272193423133911372e-02
2.556967401551156482e-02
2.884892092155097454e-02
3.226403582566784306e-02
3.519103900424194048e-02
3.712136328623484582e-02
3.771254465960560687e-02
2.555304606657873498e-02
2.556978658784139075e-02
2.566776838779487660e-02
2.574614701306711037e-02
2.566776838779490436e-02
2.556978658784140462e-02
2.555304606657872457e-02
2.556996204245079451e-02
2.566745336142601044e-02
2.574610524200500114e-02
2.566755772793131649e-02
2.556949843711569734e-02
2.555345919977615107e-02
2.556967401551152319e-02
2.566724269015262586e-02
2.574606343741990891e-02
2.566724269015263973e-02
2.556967401551157523e-02
2.555345919977614066e-02
2.556949843711568693e-02
2.566755772793132689e-02
2.574610524200496992e-02
2.566745336142602085e-02
2.556996204245082227e-02
1.574854881100623549e-02
1.603027269158620316e-02
1.696362971317516913e-02
1.845375108396353492e-02
2.035221783644309418e-02
2.272185906798087837e-02
2.556996204245075982e-02
2.884891390768704045e-02
3.226415421547369072e-02
3.519111058668741854e-02
3.712168425499311197e-02
3.771270486761942042e-02
3.767705795962685011e-02
3.771281657295405543e-02
3.712136207335649252e-02
3.519086194570594794e-02
3.226418151918572508e-02
2.884892092155095719e-02
2.556949843711572856e-02
2.272202406112784623e-02
2.035194993204595196e-02
1.845354187566305981e-02
1.696378121543443140e-02
1.603055629166159207e-02
1.019582654651441517e-02
1.048043717862628781e-02
1.135464429856216859e-02
1.311123964147551703e-02
1.613523894960244495e-02
2.035245174649868982e-02
2.566745336142601044e-02
3.226415421547370460e-02
3.980387884706072799e-02
4.732054274981915831e-02
5.307490684623365762e-02
5.778180034906879592e-02
6.005782283268964322e-02
5.778485327523043974e-02
5.307471035211536875e-02
4.732038001668658483e-02
3.980366375210567242e-02
3.226403582566785694e-02
2.566755772793132689e-02
2.035194993204593808e-02
1.613570927742837696e-02
1.311114348069946853e-02
1.135444400676546318e-02
1.048104019510612446e-02
6.623896431181587607e-03
7.080530714771236800e-03
8.106940813387700923e-03
9.787984704377670347e-03
1.311049222333095232e-02
1.845360054596217186e-02
2.574610524200495951e-02
3.519111058668739078e-02
4.732054274981919995e-02
6.042457112493781340e-02
6.794158838701351566e-02
6.126136119841792821e-02
5.449767480060103975e-02
6.126072670508969642e-02
6.794385717517405221e-02
6.042566407829617209e-02
4.732038299978485324e-02
3.519103900424191966e-02
2.574610524200496992e-02
1.845354187566303553e-02
1.311114348069946853e-02
9.788753022156176931e-03
8.108645712335346353e-03
7.081376027851380393e-03
4.282574287661673924e-03
4.788431534588403170e-03
6.083901838755520833e-03
8.107805435965752261e-03
1.135526453442267311e-02
1.696369006750832187e-02
2.566755772793130955e-02
3.712168425499307728e-02
5.307490684623365762e-02
6.794158838701351566e-02
4.437464994508742711e-02
2.372441505521441854e-02
4.320048100942701363e-02
2.372333135687584860e-02
4.437672241826565861e-02
6.794473941225660785e-02
5.307522195121996966e-02
3.712136328623483195e-02
2.566745336142603126e-02
1.696378121543443834e-02
1.135444400676547533e-02
8.108645712335346353e-03
6.082763805546062726e-03
4.788421447522186146e-03
3.058831959934521765e-03
3.499394550725657641e-03
4.787908544625403377e-03
7.080892637573797666e-03
1.047939001951607961e-02
1.603042457820482922e-02
2.556949843711567999e-02
3.771270486761935797e-02
5.778180034906876122e-02
6.126136119841792821e-02
2.372441505521443936e-02
9.999999999999999547e-07
9.999999999999999547e-07
9.999999999999999547e-07
2.372472887139401646e-02
6.126113334281567402e-02
5.778366290159554775e-02
3.771254465960558605e-02
2.556996204245080145e-02
1.603055629166158166e-02
1.048104019510611752e-02
7.081376027851376924e-03
4.788421447522186146e-03
3.499050090928938934e-03
3.058660214287135283e-03
3.499139426269050942e-03
4.788783446097783295e-03
7.079762314812257720e-03
1.048050725744458997e-02
1.603001681642202483e-02
2.556967401551152319e-02
3.771281657295397216e-02
5.778485327523040505e-02
6.126072670508955764e-02
2.372333135687586594e-02
9.999999999999999547e-07
9.999999999999999547e-07
9.999999999999999547e-07
2.372345503370937303e-02
6.126014382684812770e-02
5.778099772249602195e-02
3.771307325169703795e-02
2.556978658784138381e-02
1.603027269158620316e-02
1.048043717862627046e-02
7.080530714771233330e-03
4.788431534588409241e-03
3.499394550725657641e-03
3.499139426269053978e-03
3.660438490676141878e-03
4.658653692683608835e-03
6.664695093515479209e-03
9.692268864457630889e-03
1.427463458581872645e-02
2.272193423133910331e-02
3.386306938089521379e-02
5.324255692711968302e-02
6.529805479392127021e-02
2.381055750057411644e-02
9.999999999999999547e-07
9.999999999999999547e-07
9.999999999999999547e-07
2.498224437320098121e-02
6.652665575767692518e-02
5.906793650766064413e-02
4.176775951922975794e-02
2.884904814388831312e-02
1.879147724287768759e-02
1.189442476480571075e-02
8.084681125487453573e-03
5.760899317784395901e-03
4.241446158405532026e-03
4.788783446097792836e-03
4.658653692683608835e-03
5.342188268462758419e-03
6.955716584272668250e-03
9.502843383993243853e-03
1.331078116430191652e-02
2.035204527633185240e-02
2.997599130321678546e-02
4.572787703796997449e-02
6.583181974781328327e-02
5.435433947429546553e-02
2.381041804725548758e-02
2.372345503370940772e-02
2.498224437320104019e-02
5.540315068851686675e-02
7.115177889566398628e-02
5.954181893265735742e-02
4.516446461382792044e-02
3.226421024704183987e-02
2.240554717831301154e-02
1.476339946220347685e-02
9.771419272816352780e-03
7.258101735888311534e-03
5.762758668446031803e-03
7.079762314812261190e-03
6.664695093515488750e-03
6.955716584272670852e-03
8.065285837609388261e-03
9.992063213828106943e-03
1.307462955423560960e-02
1.845338136614672192e-02
2.619257870262247864e-02
3.706775783745479974e-02
5.282035220778189683e-02
6.583128658663532640e-02
6.529650840969121461e-02
6.126014382684819015e-02
6.652665575767686967e-02
7.115177889566391689e-02
6.676826496192422855e-02
5.833447874498117608e-02
4.647927877589078105e-02
3.519142396036924886e-02
2.619226532142409497e-02
1.914806252627791402e-02
1.343257434577892900e-02
9.771116021723938450e-03
8.086759805599736881e-03
1.048050725744462119e-02
9.692268864457630889e-03
9.502843383993243853e-03
9.992063213828103474e-03
1.109952911546984236e-02
1.331078116430192693e-02
1.696371375286480007e-02
2.240515838965079568e-02
2.900331118248113127e-02
3.706813773793635886e-02
4.572849754257082844e-02
5.324339343920194562e-02
5.778099772249609828e-02
5.906793650766064413e-02
5.954181893265729497e-02
5.833447874498112751e-02
5.298673359978453568e-02
4.516446461382796901e-02
3.712177786402747620e-02
2.997636266238307493e-02
2.410888851956752635e-02
1.914812706110791823e-02
1.476297741836391300e-02
1.189410155392058542e-02
1.603001681642202483e-02
1.427463458581874033e-02
1.331078116430191131e-02
1.307462955423560960e-02
1.331078116430190264e-02
1.427463458581874033e-02
1.603001681642202830e-02
1.879131252698208743e-02
2.240542794775789853e-02
2.619207260130649098e-02
2.997607723983146052e-02
3.386297731588792242e-02
3.771307325169706570e-02
4.176775951922979263e-02
4.516446461382794819e-02
4.647927877589076717e-02
4.516446461382795513e-02
4.176775951922977875e-02
3.771307325169707264e-02
3.386297731588794324e-02
2.997607723983149869e-02
2.619207260130653261e-02
2.240542794775787772e-02
1.879131252698207008e-02
2.556967401551154054e-02
2.272193423133911372e-02
2.035204527633183505e-02
1.845338136614668376e-02
1.696371375286481742e-02
1.603001681642202483e-02
1.574846189561936866e-02
1.603042457820486044e-02
1.696369006750834268e-02
1.845360054596218227e-02
2.035245174649867247e-02
2.272185906798090266e-02
2.556978658784139075e-02
2.884904814388831312e-02
3.226421024704186069e-02
3.519142396036928355e-02
3.712177786402745538e-02
3.771307325169707264e-02
3.767691460468819420e-02
3.771254465960558605e-02
3.712136328623481807e-02
3.519103900424191272e-02
3.226403582566785000e-02
2.884892092155093291e-02
3.771281657295398604e-02
3.386306938089523461e-02
2.997599130321678546e-02
2.619257870262249252e-02
2.240515838965079568e-02
1.879131252698207702e-02
1.603042457820484656e-02
1.427424075191213552e-02
1.331108895500414564e-02
1.307432939854102742e-02
1.331182052819030771e-02
1.427373431663466960e-02
1.603027269158621357e-02
1.879147724287768759e-02
2.240554717831301848e-02
2.619226532142410538e-02
2.997636266238306452e-02
3.386297731588794324e-02
3.771254465960558605e-02
4.176747681950521845e-02
4.516367808822283753e-02
4.647817507927014952e-02
4.516367780054947323e-02
4.176751263214036752e-02
5.778485327523046056e-02
5.324255692711969690e-02
4.572787703797000225e-02
3.706775783745477199e-02
2.900331118248108964e-02
2.240542794775788812e-02
1.696369006750833922e-02
1.331108895500414217e-02
1.110046501755337922e-02
9.992378546079424412e-03
9.506079551683465148e-03
9.693666890869576114e-03
1.048043717862626699e-02
1.189442476480571075e-02
1.476339946220346991e-02
1.914806252627790709e-02
2.410888851956749859e-02
2.997607723983146746e-02
3.712136328623480419e-02
4.516367808822285834e-02
5.298541729703217656e-02
5.833349751986140197e-02
5.954081676281307994e-02
5.906723616748280753e-02
6.126072670508955764e-02
6.529805479392133960e-02
6.583181974781325552e-02
5.282035220778186907e-02
3.706813773793637273e-02
2.619207260130646669e-02
1.845360054596218921e-02
1.307432939854102395e-02
9.992378546079427881e-03
8.063003160732978153e-03
6.954508008157871818e-03
6.665132755045511184e-03
7.080530714771233330e-03
8.084681125487481329e-03
9.771419272816356250e-03
1.343257434577894115e-02
1.914812706110791130e-02
2.619207260130649792e-02
3.519103900424189191e-02
4.647817507927012176e-02
5.833349751986136034e-02
6.676722385539840543e-02
7.115166128756096608e-02
6.652588175764777290e-02
2.372333135687592492e-02
2.381055750057410950e-02
5.435433947429548635e-02
6.583128658663524313e-02
4.572849754257078680e-02
2.997607723983146746e-02
2.035245174649868982e-02
1.331182052819029557e-02
9.506079551683465148e-03
6.954508008157858807e-03
5.340987337114055586e-03
4.659345807578378802e-03
4.788431534588411843e-03
5.760899317784402840e-03
7.258101735888308065e-03
9.771116021723945388e-03
1.476297741836393035e-02
2.240542794775788812e-02
3.226403582566785694e-02
4.516367780054948711e-02
5.954081676281299668e-02
7.115166128756093833e-02
5.540377802110397348e-02
2.498179911691524382e-02
9.999999999999999547e-07
9.999999999999999547e-07
2.381041804725548064e-02
6.529650840969118686e-02
5.324339343920188317e-02
3.386297731588791549e-02
2.272185906798088531e-02
1.427373431663465746e-02
9.693666890869565705e-03
6.665132755045507715e-03
4.659345807578370129e-03
3.661078860887750745e-03
3.499394550725657641e-03
4.241446158405541567e-03
5.762758668446029200e-03
8.086759805599729942e-03
1.189410155392059583e-02
1.879131252698206314e-02
2.884892092155093291e-02
4.176751263214038834e-02
5.906723616748268957e-02
6.652588175764789780e-02
2.498179911691519525e-02
9.999999999999999547e-07
9.999999999999999547e-07
9.999999999999999547e-07
2.372345503370937997e-02
6.126014382684812770e-02
5.778099772249602195e-02
3.771307325169707264e-02
2.556978658784140462e-02
1.603027269158621704e-02
1.048043717862626699e-02
7.080530714771233330e-03
4.788431534588411843e-03
3.499394550725659810e-03
3.058660214287140487e-03
3.499139426269056146e-03
4.788783446097789366e-03
7.079762314812250781e-03
1.048050725744460211e-02
1.603001681642202830e-02
2.556967401551154054e-02
3.771281657295403461e-02
5.778485327523037729e-02
6.126072670508964091e-02
2.372333135687582778e-02
9.999999999999999547e-07
9.999999999999999547e-07
9.999999999999999547e-07
2.498224437320099162e-02
6.652665575767698070e-02
5.906793650766067189e-02
4.176775951922977875e-02
2.884904814388826802e-02
1.879147724287770146e-02
1.189442476480570554e-02
8.084681125487463982e-03
5.760899317784395901e-03
4.241446158405537230e-03
3.499139426269053978e-03
3.660438490676146649e-03
4.658653692683605366e-03
6.664695093515492219e-03
9.692268864457622216e-03
1.427463458581872298e-02
2.272193423133910331e-02
3.386306938089525542e-02
5.324255692711964832e-02
6.529805479392135348e-02
2.381055750057408521e-02
9.999999999999999547e-07
2.372345503370943201e-02
2.498224437320101937e-02
5.540315068851684593e-02
7.115177889566395852e-02
5.954181893265730885e-02
4.516446461382791350e-02
3.226421024704188151e-02
2.240554717831302889e-02
1.476339946220348032e-02
9.771419272816364923e-03
7.258101735888318473e-03
5.762758668446029200e-03
4.788783446097789366e-03
4.658653692683611437e-03
5.342188268462741071e-03
6.955716584272668250e-03
9.502843383993249057e-03
1.331078116430191131e-02
2.035204527633184199e-02
2.997599130321679239e-02
4.572787703796994674e-02
6.583181974781331103e-02
5.435433947429541696e-02
2.381041804725545635e-02
6.126014382684815546e-02
6.652665575767686967e-02
7.115177889566390301e-02
6.676826496192424243e-02
5.833447874498112751e-02
4.647927877589078105e-02
3.519142396036924192e-02
2.619226532142409497e-02
1.914806252627791056e-02
1.343257434577894115e-02
9.771116021723948858e-03
8.086759805599747289e-03
7.079762314812268129e-03
6.664695093515499158e-03
6.955716584272674322e-03
8.065285837609384792e-03
9.992063213828096535e-03
1.307462955423561828e-02
1.845338136614671498e-02
2.619257870262250293e-02
3.706775783745472341e-02
5.282035220778188295e-02
6.583128658663532640e-02
6.529650840969133951e-02
5.778099772249607052e-02
5.906793650766062331e-02
5.954181893265735742e-02
5.833447874498116220e-02
5.298673359978455649e-02
4.516446461382794819e-02
3.712177786402748314e-02
2.997636266238307493e-02
2.410888851956748472e-02
1.914812706110791823e-02
1.476297741836392168e-02
1.189410155392058542e-02
1.048050725744462119e-02
9.692268864457630889e-03
9.502843383993252527e-03
9.992063213828100005e-03
1.109952911546982501e-02
1.331078116430191131e-02
1.696371375286478966e-02
2.240515838965079568e-02
2.900331118248108964e-02
3.706813773793637967e-02
4.572849754257082844e-02
5.324339343920191092e-02
3.771307325169708652e-02
4.176775951922979263e-02
4.516446461382791350e-02
4.647927877589079493e-02
4.516446461382795513e-02
4.176775951922982039e-02
3.771307325169709346e-02
3.386297731588792242e-02
2.997607723983146052e-02
2.619207260130649792e-02
2.240542794775787772e-02
1.879131252698206314e-02
1.603001681642202483e-02
1.427463458581874380e-02
1.331078116430191131e-02
1.307462955423561828e-02
1.331078116430191131e-02
1.427463458581872298e-02
1.603001681642204218e-02
1.879131252698208396e-02
2.240542794775786731e-02
2.619207260130650833e-02
2.997607723983148828e-02
3.386297731588796406e-02
2.556978658784139075e-02
2.884904814388830271e-02
3.226421024704188151e-02
3.519142396036928355e-02
3.712177786402747620e-02
3.771307325169708652e-02
3.767691460468818032e-02
3.771254465960559299e-02
3.712136328623480419e-02
3.519103900424194048e-02
3.226403582566787082e-02
2.884892092155093291e-02
2.556967401551155095e-02
2.272193423133911372e-02
2.035204527633185934e-02
1.845338136614670110e-02
1.696371375286481742e-02
1.603001681642202830e-02
1.574846189561936866e-02
1.603042457820485697e-02
1.696369006750834268e-02
1.845360054596219268e-02
2.035245174649867247e-02
2.272185906798090266e-02
1.603027269158621704e-02
1.879147724287768759e-02
2.240554717831299766e-02
2.619226532142408456e-02
2.997636266238305758e-02
3.386297731588794324e-02
3.771254465960558605e-02
4.176747681950523927e-02
4.516367808822287916e-02
4.647817507927017727e-02
4.516367780054948711e-02
4.176751263214040222e-02
3.771281657295403461e-02
3.386306938089522073e-02
2.997599130321681321e-02
2.619257870262249252e-02
2.240515838965079568e-02
1.879131252698209437e-02
1.603042457820484656e-02
1.427424075191213552e-02
1.331108895500414564e-02
1.307432939854101354e-02
1.331182052819031639e-02
1.427373431663466960e-02
1.048043717862628087e-02
1.189442476480571421e-02
1.476339946220347685e-02
1.914806252627789321e-02
2.410888851956750553e-02
2.997607723983147787e-02
3.712136328623481807e-02
4.516367808822282365e-02
5.298541729703217656e-02
5.833349751986133952e-02
5.954081676281301749e-02
5.906723616748277284e-02
5.778485327523043974e-02
5.324255692711967608e-02
4.572787703796992592e-02
3.706775783745471647e-02
2.900331118248108964e-02
2.240542794775787772e-02
1.696369006750832534e-02
1.331108895500414217e-02
1.110046501755339483e-02
9.992378546079438290e-03
9.506079551683472087e-03
9.693666890869583053e-03
7.080530714771246341e-03
8.084681125487460512e-03
9.771419272816342372e-03
1.343257434577892900e-02
1.914812706110791476e-02
2.619207260130649098e-02
3.519103900424191272e-02
4.647817507927008707e-02
5.833349751986137421e-02
6.676722385539840543e-02
7.115166128756096608e-02
6.652588175764792555e-02
6.126072670508964091e-02
6.529805479392131184e-02
6.583181974781328327e-02
5.282035220778186907e-02
3.706813773793637273e-02
2.619207260130652221e-02
1.845360054596217533e-02
1.307432939854101007e-02
9.992378546079434820e-03
8.063003160732997235e-03
6.954508008157879624e-03
6.665132755045507715e-03
4.788431534588411843e-03
5.760899317784395901e-03
7.258101735888308065e-03
9.771116021723926306e-03
1.476297741836391300e-02
2.240542794775786731e-02
3.226403582566785000e-02
4.516367780054945241e-02
5.954081676281303137e-02
7.115166128756089670e-02
5.540377802110394573e-02
2.498179911691518137e-02
2.372333135687589023e-02
2.381055750057407827e-02
5.435433947429538226e-02
6.583128658663527089e-02
4.572849754257075905e-02
2.997607723983146746e-02
2.035245174649868982e-02
1.331182052819029557e-02
9.506079551683465148e-03
6.954508008157865746e-03
5.340987337114052116e-03
4.659345807578376200e-03
3.499394550725659810e-03
4.241446158405544169e-03
5.762758668446031803e-03
8.086759805599719533e-03
1.189410155392058195e-02
1.879131252698205273e-02
2.884892092155092250e-02
4.176751263214032589e-02
5.906723616748275896e-02
6.652588175764777290e-02
2.498179911691525423e-02
9.999999999999999547e-07
9.999999999999999547e-07
9.999999999999999547e-07
2.381041804725543901e-02
6.529650840969118686e-02
5.324339343920193174e-02
3.386297731588793630e-02
2.272185906798089572e-02
1.427373431663464878e-02
9.693666890869583053e-03
6.665132755045511184e-03
4.659345807578378802e-03
3.661078860887750745e-03
4.282180956112607503e-03
4.788783446097783295e-03
6.083595910747820711e-03
8.108929687822313825e-03
1.135517233183617157e-02
1.696371375286480354e-02
2.566724269015260851e-02
3.712136207335639537e-02
5.307471035211538263e-02
6.794385717517402445e-02
4.437672241826576269e-02
2.372472887139403380e-02
4.320077296985704723e-02
2.372345503370940772e-02
4.437612897967958825e-02
6.794268425466827577e-02
5.307576031514667919e-02
3.712177786402747620e-02
2.566776838779487660e-02
1.696362971317517260e-02
1.135464429856216859e-02
8.106940813387687045e-03
6.083901838755524302e-03
4.787908544625403377e-03
4.788783446097792836e-03
4.658653692683608835e-03
5.342188268462761888e-03
6.955716584272670852e-03
9.502843383993240384e-03
1.331078116430190611e-02
2.035204527633184199e-02
2.997599130321676117e-02
4.572787703796996756e-02
6.583181974781321388e-02
5.435433947429546553e-02
2.381041804725546676e-02
2.372345503370937997e-02
2.498224437320099162e-02
5.540315068851684593e-02
7.115177889566391689e-02
5.954181893265732273e-02
4.516446461382794819e-02
3.226421024704189539e-02
2.240554717831298726e-02
1.476339946220348032e-02
9.771419272816349311e-03
7.258101735888298524e-03
5.762758668446016190e-03
6.083595910747823313e-03
5.342188268462753215e-03
5.364761195554798058e-03
6.459342667097320821e-03
8.423748705033531556e-03
1.109952911546984236e-02
1.613558430010610112e-02
2.410897955722164643e-02
3.693575547566266964e-02
5.794868709788269373e-02
6.773643925509781338e-02
5.435382208618249472e-02
4.437612897967958825e-02
5.540315068851689451e-02
7.372765663995649310e-02
7.313226511770271054e-02
6.566781237241126057e-02
5.298673359978449404e-02
3.980431751154013542e-02
2.900368396434820084e-02
2.063311440019221718e-02
1.378642806930770182e-02
9.289675563696316030e-03
7.255801504804944464e-03
8.108929687822315560e-03
6.955716584272670852e-03
6.459342667097333832e-03
6.963408686433522794e-03
8.154676808309160516e-03
9.992063213828096535e-03
1.311077962592659303e-02
1.914776499575219712e-02
2.775072793533649856e-02
4.176577946303487027e-02
5.794905273054554856e-02
6.583101704859418979e-02
6.794268425466833128e-02
7.115177889566391689e-02
7.313226511770265503e-02
7.322546770412122208e-02
6.845944875311645028e-02
5.833447874498118996e-02
4.732106919203566547e-02
3.706818126341374781e-02
2.775071108820540908e-02
2.017888915500355707e-02
1.378667629467513964e-02
9.770223658764353586e-03
1.135517233183618371e-02
9.502843383993252527e-03
8.423748705033531556e-03
8.154676808309153577e-03
8.423748705033531556e-03
9.502843383993240384e-03
1.135517233183617677e-02
1.476327958197315958e-02
2.063312479877868477e-02
2.775080954889530202e-02
3.693570588504140745e-02
4.572720367391733959e-02
5.307576031514675552e-02
5.954181893265734354e-02
6.566781237241126057e-02
6.845944875311643640e-02
6.566781237241123281e-02
5.954181893265729497e-02
5.307576031514672776e-02
4.572720367391733959e-02
3.693570588504144908e-02
2.775080954889529161e-02
2.063312479877868477e-02
1.476327958197313009e-02
1.696371375286480701e-02
1.331078116430191652e-02
1.109952911546983889e-02
9.992063213828091331e-03
9.502843383993249057e-03
9.692268864457634359e-03
1.048050725744460558e-02
1.189410155392059930e-02
1.476297741836393035e-02
1.914812706110792170e-02
2.410888851956748472e-02
2.997636266238305758e-02
3.712177786402744845e-02
4.516446461382794819e-02
5.298673359978451486e-02
5.833447874498116220e-02
5.954181893265730885e-02
5.906793650766069964e-02
5.778099772249604277e-02
5.324339343920180684e-02
4.572849754257078680e-02
3.706813773793637273e-02
2.900331118248110004e-02
2.240515838965075751e-02
2.566724269015261545e-02
2.035204527633184199e-02
1.613558430010612194e-02
1.311077962592658089e-02
1.135517233183619933e-02
1.048050725744460558e-02
1.019602528087422584e-02
1.047939001951608308e-02
1.135526453442267311e-02
1.311049222333095232e-02
1.613523894960242760e-02
2.035221783644308724e-02
2.566776838779487660e-02
3.226421024704186763e-02
3.980431751154014930e-02
4.732106919203570711e-02
5.307576031514676940e-02
5.778099772249604277e-02
6.005776171450135509e-02
5.778366290159551305e-02
5.307522195121999048e-02
4.732038299978483242e-02
3.980366375210568630e-02
3.226418151918566957e-02
3.712136207335640925e-02
2.997599130321678546e-02
2.410897955722165337e-02
1.914776499575219018e-02
1.476327958197315091e-02
1.189410155392059930e-02
1.047939001951609175e-02
9.695946878889721843e-03
9.504576283974022072e-03
9.993882203652985907e-03
1.109860554848417051e-02
1.331151496067996959e-02
1.696362971317519341e-02
2.240554717831301848e-02
2.900368396434819043e-02
3.706818126341374781e-02
4.572720367391736040e-02
5.324339343920187623e-02
5.778366290159559632e-02
5.906809976937228701e-02
5.954088558180690993e-02
5.833350848223229496e-02
5.298546466297311686e-02
4.516360203436516063e-02
5.307471035211545202e-02
4.572787703796996756e-02
3.693575547566267658e-02
2.775072793533650897e-02
2.063312479877868477e-02
1.476297741836390606e-02
1.135526453442267658e-02
9.504576283974013398e-03
8.423491796378041602e-03
8.154596824664975263e-03
8.424351122830041338e-03
9.503825229886589399e-03
1.135464429856215471e-02
1.476339946220346297e-02
2.063311440019220677e-02
2.775071108820540908e-02
3.693570588504144908e-02
4.572849754257077293e-02
5.307522195121996966e-02
5.954088558180687524e-02
6.566666482808726502e-02
6.845826073302474502e-02
6.566683020578077679e-02
5.954092119986446191e-02
6.794385717517395507e-02
6.583181974781328327e-02
5.794868709788267985e-02
4.176577946303484945e-02
2.775080954889527080e-02
1.914812706110792864e-02
1.311049222333096620e-02
9.993882203652973764e-03
8.154596824664968324e-03
6.961370476144046644e-03
6.460133959553049712e-03
6.955449213820130705e-03
8.106940813387704392e-03
9.771419272816356250e-03
1.378642806930768967e-02
2.017888915500354666e-02
2.775080954889528120e-02
3.706813773793635192e-02
4.732038299978486018e-02
5.833350848223226720e-02
6.845826073302466175e-02
7.322365202643341120e-02
7.313142327381406960e-02
7.115240107712789142e-02
4.437672241826571412e-02
5.435433947429541696e-02
6.773643925509778563e-02
5.794905273054552081e-02
3.693570588504140051e-02
2.410888851956748472e-02
1.613523894960241720e-02
1.109860554848418959e-02
8.424351122830030930e-03
6.460133959553046243e-03
5.367070119799825269e-03
5.342384385689453834e-03
6.083901838755536445e-03
7.258101735888311534e-03
9.289675563696322969e-03
1.378667629467516566e-02
2.063312479877868477e-02
2.900331118248108964e-02
3.980366375210570018e-02
5.298546466297311686e-02
6.566683020578072127e-02
7.313142327381409735e-02
7.373013750572698921e-02
5.540495870391291128e-02
2.372472887139407544e-02
2.381041804725545635e-02
5.435382208618255717e-02
6.583101704859413428e-02
4.572720367391733959e-02
2.997636266238305758e-02
2.035221783644308030e-02
1.331151496067996091e-02
9.503825229886592868e-03
6.955449213820124633e-03
5.342384385689448630e-03
4.658408298380524448e-03
4.787908544625399908e-03
5.762758668446031803e-03
7.255801504804947934e-03
9.770223658764376137e-03
1.476327958197315438e-02
2.240515838965075751e-02
3.226418151918569732e-02
4.516360203436516063e-02
5.954092119986444803e-02
7.115240107712789142e-02
5.540495870391285577e-02
2.498140902404891867e-02
4.320077296985700560e-02
2.372345503370937997e-02
4.437612897967958825e-02
6.794268425466827577e-02
5.307576031514670695e-02
3.712177786402744845e-02
2.566776838779488701e-02
1.696362971317519341e-02
1.135464429856215471e-02
8.106940813387690514e-03
6.083901838755524302e-03
4.787908544625403377e-03
4.282180956112601432e-03
4.788783446097789366e-03
6.083595910747823313e-03
8.108929687822319030e-03
1.135517233183618371e-02
1.696371375286479660e-02
2.566724269015260851e-02
3.712136207335643701e-02
5.307471035211536181e-02
6.794385717517402445e-02
4.437672241826565861e-02
2.372472887139404421e-02
2.372345503370940772e-02
2.498224437320101937e-02
5.540315068851686675e-02
7.115177889566395852e-02
5.954181893265729497e-02
4.516446461382794819e-02
3.226421024704186763e-02
2.240554717831302889e-02
1.476339946220346644e-02
9.771419272816349311e-03
7.258101735888305463e-03
5.762758668446024864e-03
4.788783446097783295e-03
4.658653692683611437e-03
5.342188268462753215e-03
6.955716584272674322e-03
9.502843383993249057e-03
1.331078116430191131e-02
2.035204527633183505e-02
2.997599130321680280e-02
4.572787703796993286e-02
6.583181974781328327e-02
5.435433947429538226e-02
2.381041804725546676e-02
4.437612897967966458e-02
5.540315068851679042e-02
7.372765663995653473e-02
7.313226511770273830e-02
6.566781237241126057e-02
5.298673359978450098e-02
3.980431751154014930e-02
2.900368396434819043e-02
2.063311440019220677e-02
1.378642806930768967e-02
9.289675563696319499e-03
7.255801504804954005e-03
6.083595910747823313e-03
5.342188268462753215e-03
5.364761195554794589e-03
6.459342667097333832e-03
8.423748705033531556e-03
1.109952911546983889e-02
1.613558430010610459e-02
2.410897955722165337e-02
3.693575547566263495e-02
5.794868709788276312e-02
6.773643925509781338e-02
5.435382208618249472e-02
6.794268425466830352e-02
7.115177889566390301e-02
7.313226511770271054e-02
7.322546770412119432e-02
6.845944875311647804e-02
5.833447874498118996e-02
4.732106919203570017e-02
3.706818126341378944e-02
2.775071108820537785e-02
2.017888915500355707e-02
1.378667629467515698e-02
9.770223658764360525e-03
8.108929687822322499e-03
6.955716584272681260e-03
6.459342667097327760e-03
6.963408686433527131e-03
8.154676808309150107e-03
9.992063213828096535e-03
1.311077962592659303e-02
1.914776499575219018e-02
2.775072793533646734e-02
4.176577946303482863e-02
5.794905273054552081e-02
6.583101704859413428e-02
5.307576031514672776e-02
5.954181893265730885e-02
6.566781237241123281e-02
6.845944875311647804e-02
6.566781237241128832e-02
5.954181893265728109e-02
5.307576031514674858e-02
4.572720367391733959e-02
3.693570588504138663e-02
2.775080954889526039e-02
2.063312479877869518e-02
1.476327958197314223e-02
1.135517233183618371e-02
9.502843383993249057e-03
8.423748705033524617e-03
8.154676808309153577e-03
8.423748705033528086e-03
9.502843383993252527e-03
1.135517233183618371e-02
1.476327958197315958e-02
2.063312479877867436e-02
2.775080954889529161e-02
3.693570588504145602e-02
4.572720367391741592e-02
3.712177786402744845e-02
4.516446461382794819e-02
5.298673359978449404e-02
5.833447874498118996e-02
5.954181893265734354e-02
5.906793650766064413e-02
5.778099772249607052e-02
5.324339343920187623e-02
4.572849754257079374e-02
3.706813773793633804e-02
2.900331118248110004e-02
2.240515838965077486e-02
1.696371375286478966e-02
1.331078116430190264e-02
1.109952911546984583e-02
9.992063213828096535e-03
9.502843383993252527e-03
9.692268864457634359e-03
1.048050725744460211e-02
1.189410155392059930e-02
1.476297741836392168e-02
1.914812706110792864e-02
2.410888851956750553e-02
2.997636266238310962e-02
2.566776838779488701e-02
3.226421024704186763e-02
3.980431751154011460e-02
4.732106919203567241e-02
5.307576031514674858e-02
5.778099772249602195e-02
6.005776171450135509e-02
5.778366290159559632e-02
5.307522195122000436e-02
4.732038299978487406e-02
3.980366375210568630e-02
3.226418151918568344e-02
2.566724269015260851e-02
2.035204527633184199e-02
1.613558430010610806e-02
1.311077962592658089e-02
1.135517233183619065e-02
1.048050725744461426e-02
1.019602528087422064e-02
1.047939001951609522e-02
1.135526453442267311e-02
1.311049222333095232e-02
1.613523894960244495e-02
2.035221783644311500e-02
1.696362971317517954e-02
2.240554717831298726e-02
2.900368396434817655e-02
3.706818126341376168e-02
4.572720367391733959e-02
5.324339343920184153e-02
5.778366290159559632e-02
5.906809976937225926e-02
5.954088558180682667e-02
5.833350848223226720e-02
5.298546466297315155e-02
4.516360203436521614e-02
3.712136207335643007e-02
2.997599130321681321e-02
2.410897955722167418e-02
1.914776499575218671e-02
1.476327958197314744e-02
1.189410155392059930e-02
1.047939001951608308e-02
9.695946878889718373e-03
9.504576283974013398e-03
9.993882203652985907e-03
1.109860554848418612e-02
1.331151496067996612e-02
1.135464429856217553e-02
1.476339946220347685e-02
2.063311440019220677e-02
2.775071108820538826e-02
3.693570588504144908e-02
4.572849754257078680e-02
5.307522195121992803e-02
5.954088558180687524e-02
6.566666482808725114e-02
6.845826073302464787e-02
6.566683020578074903e-02
5.954092119986439252e-02
5.307471035211538263e-02
4.572787703796994674e-02
3.693575547566263495e-02
2.775072793533646734e-02
2.063312479877867436e-02
1.476297741836392168e-02
1.135526453442267658e-02
9.504576283974013398e-03
8.423491796378041602e-03
8.154596824664982202e-03
8.424351122830055216e-03
9.503825229886613685e-03
8.106940813387711331e-03
9.771419272816345841e-03
1.378642806930768967e-02
2.017888915500353972e-02
2.775080954889527080e-02
3.706813773793637273e-02
4.732038299978483242e-02
5.833350848223226720e-02
6.845826073302473114e-02
7.322365202643339732e-02
7.313142327381409735e-02
7.115240107712789142e-02
6.794385717517402445e-02
6.583181974781331103e-02
5.794868709788271455e-02
4.176577946303484945e-02
2.775080954889526039e-02
1.914812706110791823e-02
1.311049222333095232e-02
9.993882203652973764e-03
8.154596824664975263e-03
6.961370476144049246e-03
6.460133959553056651e-03
6.955449213820130705e-03
6.083901838755527772e-03
7.258101735888318473e-03
9.289675563696303887e-03
1.378667629467513270e-02
2.063312479877867436e-02
2.900331118248111392e-02
3.980366375210568630e-02
5.298546466297311686e-02
6.566683020578073515e-02
7.313142327381406960e-02
7.373013750572698921e-02
5.540495870391285577e-02
4.437672241826573494e-02
5.435433947429535451e-02
6.773643925509775787e-02
5.794905273054548611e-02
3.693570588504142133e-02
2.410888851956748472e-02
1.613523894960243107e-02
1.109860554848418265e-02
8.424351122830034400e-03
6.460133959553052314e-03
5.367070119799828738e-03
5.342384385689451232e-03
4.787908544625403377e-03
5.762758668446031803e-03
7.255801504804940995e-03
9.770223658764343178e-03
1.476327958197313009e-02
2.240515838965075751e-02
3.226418151918564875e-02
4.516360203436513981e-02
5.954092119986444803e-02
7.115240107712782203e-02
5.540495870391291128e-02
2.498140902404891867e-02
2.372472887139403380e-02
2.381041804725545635e-02
5.435382208618249472e-02
6.583101704859410652e-02
4.572720367391733959e-02
2.997636266238306452e-02
2.035221783644310459e-02
1.331151496067996612e-02
9.503825229886608481e-03
6.955449213820141113e-03
5.342384385689441691e-03
4.658408298380520979e-03
6.624322036290410977e-03
7.079762314812268129e-03
8.108929687822329438e-03
9.788353296963142949e-03
1.311077962592659303e-02
1.845338136614671845e-02
2.574606343741990891e-02
3.519086194570592713e-02
4.732038001668658483e-02
6.042566407829618597e-02
6.794473941225666336e-02
6.126113334281563932e-02
5.449786802229882737e-02
6.126014382684815546e-02
6.794268425466827577e-02
6.042533152538907132e-02
4.732106919203565160e-02
3.519142396036922804e-02
2.574614701306709649e-02
1.845375108396354880e-02
1.311123964147551703e-02
9.787984704377673817e-03
8.107805435965762669e-03
7.080892637573795063e-03
7.079762314812254251e-03
6.664695093515485280e-03
6.955716584272674322e-03
8.065285837609381323e-03
9.992063213828103474e-03
1.307462955423561481e-02
1.845338136614671845e-02
2.619257870262247864e-02
3.706775783745477199e-02
5.282035220778191070e-02
6.583128658663521537e-02
6.529650840969115910e-02
6.126014382684815546e-02
6.652665575767689743e-02
7.115177889566391689e-02
6.676826496192424243e-02
5.833447874498114138e-02
4.647927877589076717e-02
3.519142396036924192e-02
2.619226532142407415e-02
1.914806252627787933e-02
1.343257434577892900e-02
9.771116021723934980e-03
8.086759805599719533e-03
8.108929687822322499e-03
6.955716584272668250e-03
6.459342667097337301e-03
6.963408686433527131e-03
8.154676808309157046e-03
9.992063213828103474e-03
1.311077962592659303e-02
1.914776499575217630e-02
2.775072793533649856e-02
4.176577946303485639e-02
5.794905273054548611e-02
6.583101704859413428e-02
6.794268425466833128e-02
7.115177889566391689e-02
7.313226511770273830e-02
7.322546770412120820e-02
6.845944875311642253e-02
5.833447874498114138e-02
4.732106919203570017e-02
3.706818126341376168e-02
2.775071108820542296e-02
2.017888915500355707e-02
1.378667629467513964e-02
9.770223658764353586e-03
9.788353296963142949e-03
8.065285837609391731e-03
6.963408686433533203e-03
6.677919036599440535e-03
6.963408686433533203e-03
8.065285837609381323e-03
9.788353296963134276e-03
1.343263178767390223e-02
2.017880938610787725e-02
2.923224131468053419e-02
4.176653727290408069e-02
5.282131904313807497e-02
6.042533152538914071e-02
6.676826496192428406e-02
7.322546770412120820e-02
7.663643447408118037e-02
7.322546770412119432e-02
6.676826496192432570e-02
6.042533152538914765e-02
5.282131904313813048e-02
4.176653727290408069e-02
2.923224131468055847e-02
2.017880938610785990e-02
1.343263178767388488e-02
1.311077962592658609e-02
9.992063213828113882e-03
8.154676808309157046e-03
6.963408686433529733e-03
6.459342667097327760e-03
6.955716584272668250e-03
8.108929687822315560e-03
9.770223658764360525e-03
1.378667629467515698e-02
2.017888915500354666e-02
2.775071108820537785e-02
3.706818126341374781e-02
4.732106919203568629e-02
5.833447874498116220e-02
6.845944875311647804e-02
7.322546770412118045e-02
7.313226511770271054e-02
7.115177889566395852e-02
6.794268425466827577e-02
6.583101704859413428e-02
5.794905273054554856e-02
4.176577946303489108e-02
2.775072793533648469e-02
1.914776499575215549e-02
1.845338136614670110e-02
1.307462955423562175e-02
9.992063213828110413e-03
8.065285837609395200e-03
6.955716584272674322e-03
6.664695093515485280e-03
7.079762314812250781e-03
8.086759805599719533e-03
9.771116021723926306e-03
1.343257434577892206e-02
1.914806252627788974e-02
2.619226532142408456e-02
3.519142396036922804e-02
4.647927877589078105e-02
5.833447874498117608e-02
6.676826496192425631e-02
7.115177889566390301e-02
6.652665575767686967e-02
6.126014382684812770e-02
6.529650840969121461e-02
6.583128658663524313e-02
5.282035220778191070e-02
3.706775783745473729e-02
2.619257870262245783e-02
2.574606343741990891e-02
1.845338136614671151e-02
1.311077962592659303e-02
9.788353296963137745e-03
8.108929687822313825e-03
7.079762314812257720e-03
6.624322036290413579e-03
7.080892637573795063e-03
8.107805435965759200e-03
9.787984704377677286e-03
1.311123964147549621e-02
1.845375108396355920e-02
2.574614701306711037e-02
3.519142396036922804e-02
4.732106919203570017e-02
6.042533152538914765e-02
6.794268425466827577e-02
6.126014382684812770e-02
5.449786802229872329e-02
6.126113334281552830e-02
6.794473941225663560e-02
6.042566407829626923e-02
4.732038001668655708e-02
3.519086194570590631e-02
3.519086194570593407e-02
2.619257870262249252e-02
1.914776499575219712e-02
1.343263178767390570e-02
9.770223658764369198e-03
8.086759805599719533e-03
7.080892637573795063e-03
6.663823879209827480e-03
6.954897558475805347e-03
8.064256585737440003e-03
9.992519644374182539e-03
1.307382048633661670e-02
1.845375108396355227e-02
2.619226532142410538e-02
3.706818126341374781e-02
5.282131904313807497e-02
6.583101704859413428e-02
6.529650840969115910e-02
6.126113334281559075e-02
6.652786343162818417e-02
7.115229414840770761e-02
6.676768612602115849e-02
5.833381090047892042e-02
4.647803263740617197e-02
4.732038001668659871e-02
3.706775783745473729e-02
2.775072793533648469e-02
2.017880938610785990e-02
1.378667629467515351e-02
9.771116021723938450e-03
8.107805435965762669e-03
6.954897558475805347e-03
6.458218705223847146e-03
6.962895172728056012e-03
8.154175980430321616e-03
9.992519644374196416e-03
1.311123964147549621e-02
1.914806252627787586e-02
2.775071108820537091e-02
4.176653727290410151e-02
5.794905273054548611e-02
6.583128658663527089e-02
6.794473941225660785e-02
7.115229414840777700e-02
7.313175227822178714e-02
7.322398639835539513e-02
6.845790134301477092e-02
5.833381090047885104e-02
6.042566407829619984e-02
5.282035220778191070e-02
4.176577946303487027e-02
2.923224131468055847e-02
2.017888915500353972e-02
1.343257434577892553e-02
9.787984704377680756e-03
8.064256585737436533e-03
6.962895172728049940e-03
6.680449761003270578e-03
6.962895172728052542e-03
8.064256585737433064e-03
9.787984704377680756e-03
1.343257434577892553e-02
2.017888915500354666e-02
2.923224131468054807e-02
4.176577946303480782e-02
5.282035220778188295e-02
6.042566407829618597e-02
6.676768612602115849e-02
7.322398639835539513e-02
7.663779116405175507e-02
7.322398639835538126e-02
6.676768612602110298e-02
6.794473941225663560e-02
6.583128658663527089e-02
5.794905273054549999e-02
4.176653727290404600e-02
2.775071108820537785e-02
1.914806252627787933e-02
1.311123964147548407e-02
9.992519644374182539e-03
8.154175980430321616e-03
6.962895172728060349e-03
6.458218705223843677e-03
6.954897558475809684e-03
8.107805435965769608e-03
9.771116021723945388e-03
1.378667629467514484e-02
2.017880938610789807e-02
2.775072793533650897e-02
3.706775783745479974e-02
4.732038001668663341e-02
5.833381090047896206e-02
6.845790134301475705e-02
7.322398639835538126e-02
7.313175227822174551e-02
7.115229414840780475e-02
6.126113334281559075e-02
6.529650840969115910e-02
6.583101704859410652e-02
5.282131904313808191e-02
3.706818126341377556e-02
2.619226532142408456e-02
1.845375108396356961e-02
1.307382048633661670e-02
9.992519644374189478e-03
8.064256585737446942e-03
6.954897558475809684e-03
6.663823879209824878e-03
7.080892637573797666e-03
8.086759805599726472e-03
9.770223658764376137e-03
1.343263178767391090e-02
1.914776499575218671e-02
2.619257870262249252e-02
3.519086194570596182e-02
4.647803263740622748e-02
5.833381090047889267e-02
6.676768612602115849e-02
7.115229414840780475e-02
6.652786343162821192e-02
5.449786802229882737e-02
6.126014382684812770e-02
6.794268425466833128e-02
6.042533152538914765e-02
4.732106919203570017e-02
3.519142396036924192e-02
2.574614701306709649e-02
1.845375108396355920e-02
1.311123964147549101e-02
9.787984704377680756e-03
8.107805435965769608e-03
7.080892637573801135e-03
6.624322036290417048e-03
7.079762314812257720e-03
8.108929687822315560e-03
9.788353296963146419e-03
1.311077962592659303e-02
1.845338136614670457e-02
2.574606343741989503e-02
3.519086194570594794e-02
4.732038001668658483e-02
6.042566407829621372e-02
6.794473941225660785e-02
6.126113334281563932e-02
6.126014382684815546e-02
6.652665575767692518e-02
7.115177889566401404e-02
6.676826496192424243e-02
5.833447874498112057e-02
4.647927877589080187e-02
3.519142396036926967e-02
2.619226532142409497e-02
1.914806252627789668e-02
1.343257434577892900e-02
9.771116021723941919e-03
8.086759805599723003e-03
7.079762314812254251e-03
6.664695093515485280e-03
6.955716584272668250e-03
8.065285837609391731e-03
9.992063213828103474e-03
1.307462955423560960e-02
1.845338136614671498e-02
2.619257870262250293e-02
3.706775783745470260e-02
5.282035220778188295e-02
6.583128658663529864e-02
6.529650840969118686e-02
6.794268425466830352e-02
7.115177889566395852e-02
7.313226511770277993e-02
7.322546770412118045e-02
6.845944875311643640e-02
5.833447874498117608e-02
4.732106919203572098e-02
3.706818126341373393e-02
2.775071108820537785e-02
2.017888915500354666e-02
1.378667629467515698e-02
9.770223658764372668e-03
8.108929687822325968e-03
6.955716584272670852e-03
6.459342667097327760e-03
6.963408686433516723e-03
8.154676808309160516e-03
9.992063213828106943e-03
1.311077962592658956e-02
1.914776499575219018e-02
2.775072793533646734e-02
4.176577946303483557e-02
5.794905273054554856e-02
6.583101704859416203e-02
6.042533152538911989e-02
6.676826496192428406e-02
7.322546770412120820e-02
7.663643447408112486e-02
7.322546770412122208e-02
6.676826496192428406e-02
6.042533152538920316e-02
5.282131904313807497e-02
4.176653727290408763e-02
2.923224131468059317e-02
2.017880938610788419e-02
1.343263178767390223e-02
9.788353296963162031e-03
8.065285837609395200e-03
6.963408686433527131e-03
6.677919036599433596e-03
6.963408686433522794e-03
8.065285837609391731e-03
9.788353296963139480e-03
1.343263178767390223e-02
2.017880938610784602e-02
2.923224131468053419e-02
4.176653727290405294e-02
5.282131904313808191e-02
4.732106919203570711e-02
5.833447874498114138e-02
6.845944875311645028e-02
7.322546770412120820e-02
7.313226511770268279e-02
7.115177889566391689e-02
6.794268425466827577e-02
6.583101704859410652e-02
5.794905273054554856e-02
4.176577946303487027e-02
2.775072793533650897e-02
1.914776499575218671e-02
1.311077962592658956e-02
9.992063213828103474e-03
8.154676808309163985e-03
6.963408686433513253e-03
6.459342667097325158e-03
6.955716584272664781e-03
8.108929687822315560e-03
9.770223658764376137e-03
1.378667629467514831e-02
2.017888915500353972e-02
2.775071108820538826e-02
3.706818126341377556e-02
3.519142396036922110e-02
4.647927877589079493e-02
5.833447874498114138e-02
6.676826496192428406e-02
7.115177889566390301e-02
6.652665575767686967e-02
6.126014382684815546e-02
6.529650840969115910e-02
6.583128658663524313e-02
5.282035220778188295e-02
3.706775783745475117e-02
2.619257870262246823e-02
1.845338136614670457e-02
1.307462955423561828e-02
9.992063213828100005e-03
8.065285837609381323e-03
6.955716584272668250e-03
6.664695093515479209e-03
7.079762314812244710e-03
8.086759805599733411e-03
9.771116021723922837e-03
1.343257434577893768e-02
1.914806252627790709e-02
2.619226532142411579e-02
2.574614701306709649e-02
3.519142396036926967e-02
4.732106919203568629e-02
6.042533152538914765e-02
6.794268425466830352e-02
6.126014382684815546e-02
5.449786802229875798e-02
6.126113334281555606e-02
6.794473941225663560e-02
6.042566407829621372e-02
4.732038001668664728e-02
3.519086194570591325e-02
2.574606343741990891e-02
1.845338136614671151e-02
1.311077962592658089e-02
9.788353296963125602e-03
8.108929687822308621e-03
7.079762314812257720e-03
6.624322036290406640e-03
7.080892637573790727e-03
8.107805435965752261e-03
9.787984704377673817e-03
1.311123964147551182e-02
1.845375108396355573e-02
1.845375108396353492e-02
2.619226532142405334e-02
3.706818126341374781e-02
5.282131904313804721e-02
6.583101704859407877e-02
6.529650840969118686e-02
6.126113334281555606e-02
6.652786343162815641e-02
7.115229414840780475e-02
6.676768612602115849e-02
5.833381090047893430e-02
4.647803263740624136e-02
3.519086194570594794e-02
2.619257870262249252e-02
1.914776499575219018e-02
1.343263178767390570e-02
9.770223658764372668e-03
8.086759805599726472e-03
7.080892637573795063e-03
6.663823879209824878e-03
6.954897558475802745e-03
8.064256585737426125e-03
9.992519644374192947e-03
1.307382048633662017e-02
1.311123964147550836e-02
1.914806252627789668e-02
2.775071108820538826e-02
4.176653727290406681e-02
5.794905273054552081e-02
6.583128658663524313e-02
6.794473941225660785e-02
7.115229414840773536e-02
7.313175227822174551e-02
7.322398639835536738e-02
6.845790134301474317e-02
5.833381090047889267e-02
4.732038001668658483e-02
3.706775783745477199e-02
2.775072793533645693e-02
2.017880938610783909e-02
1.378667629467513270e-02
9.771116021723938450e-03
8.107805435965759200e-03
6.954897558475795806e-03
6.458218705223834136e-03
6.962895172728052542e-03
8.154175980430338963e-03
9.992519644374199886e-03
9.787984704377687695e-03
1.343257434577892553e-02
2.017888915500354666e-02
2.923224131468056888e-02
4.176577946303487027e-02
5.282035220778193846e-02
6.042566407829623454e-02
6.676768612602117237e-02
7.322398639835540901e-02
7.663779116405171343e-02
7.322398639835542289e-02
6.676768612602108910e-02
6.042566407829623454e-02
5.282035220778186907e-02
4.176577946303485639e-02
2.923224131468053419e-02
2.017888915500352584e-02
1.343257434577892206e-02
9.787984704377687695e-03
8.064256585737436533e-03
6.962895172728056012e-03
6.680449761003276650e-03
6.962895172728060349e-03
8.064256585737443472e-03
8.107805435965762669e-03
9.771116021723926306e-03
1.378667629467515351e-02
2.017880938610784602e-02
2.775072793533648469e-02
3.706775783745477199e-02
4.732038001668658483e-02
5.833381090047890655e-02
6.845790134301475705e-02
7.322398639835539513e-02
7.313175227822180102e-02
7.115229414840770761e-02
6.794473941225666336e-02
6.583128658663527089e-02
5.794905273054549999e-02
4.176653727290400436e-02
2.775071108820539867e-02
1.914806252627789321e-02
1.311123964147549968e-02
9.992519644374177334e-03
8.154175980430332024e-03
6.962895172728056012e-03
6.458218705223847146e-03
6.954897558475809684e-03
7.080892637573790727e-03
8.086759805599726472e-03
9.770223658764376137e-03
1.343263178767387794e-02
1.914776499575217283e-02
2.619257870262245089e-02
3.519086194570589243e-02
4.647803263740616503e-02
5.833381090047890655e-02
6.676768612602113073e-02
7.115229414840770761e-02
6.652786343162818417e-02
6.126113334281561157e-02
6.529650840969113135e-02
6.583101704859410652e-02
5.282131904313808191e-02
3.706818126341377556e-02
2.619226532142410538e-02
1.845375108396357308e-02
1.307382048633661670e-02
9.992519644374203355e-03
8.064256585737443472e-03
6.954897558475815755e-03
6.663823879209834419e-03
1.019602528087423278e-02
1.048050725744460211e-02
1.135517233183618718e-02
1.311077962592658956e-02
1.613558430010610806e-02
2.035204527633183852e-02
2.566724269015259810e-02
3.226418151918569732e-02
3.980366375210570018e-02
4.732038299978485324e-02
5.307522195121996966e-02
5.778366290159565183e-02
6.005776171450147305e-02
5.778099772249602195e-02
5.307576031514672776e-02
4.732106919203566547e-02
3.980431751154013542e-02
3.226421024704188151e-02
2.566776838779488701e-02
2.035221783644306295e-02
1.613523894960244148e-02
1.311049222333093844e-02
1.135526453442266617e-02
1.047939001951607961e-02
1.048050725744460211e-02
9.692268864457634359e-03
9.502843383993249057e-03
9.992063213828096535e-03
1.109952911546983889e-02
1.331078116430191999e-02
1.696371375286480701e-02
2.240515838965079568e-02
2.900331118248114168e-02
3.706813773793635886e-02
4.572849754257079374e-02
5.324339343920193174e-02
5.778099772249612603e-02
5.906793650766065801e-02
5.954181893265732273e-02
5.833447874498117608e-02
5.298673359978451486e-02
4.516446461382793431e-02
3.712177786402745538e-02
2.997636266238303329e-02
2.410888851956749859e-02
1.914812706110791130e-02
1.476297741836392168e-02
1.189410155392058542e-02
1.135517233183618371e-02
9.502843383993243853e-03
8.423748705033538495e-03
8.154676808309160516e-03
8.423748705033524617e-03
9.502843383993252527e-03
1.135517233183618371e-02
1.476327958197315091e-02
2.063312479877869518e-02
2.775080954889528120e-02
3.693570588504142826e-02
4.572720367391740204e-02
5.307576031514672776e-02
5.954181893265736436e-02
6.566781237241123281e-02
6.845944875311646416e-02
6.566781237241126057e-02
5.954181893265734354e-02
5.307576031514671389e-02
4.572720367391732571e-02
3.693570588504142133e-02
2.775080954889528120e-02
2.063312479877868477e-02
1.476327958197312488e-02
1.311077962592657221e-02
9.992063213828091331e-03
8.154676808309150107e-03
6.963408686433529733e-03
6.459342667097337301e-03
6.955716584272670852e-03
8.108929687822315560e-03
9.770223658764372668e-03
1.378667629467516566e-02
2.017888915500353972e-02
2.775071108820537091e-02
3.706818126341378944e-02
4.732106919203567241e-02
5.833447874498114138e-02
6.845944875311645028e-02
7.322546770412119432e-02
7.313226511770273830e-02
7.115177889566390301e-02
6.794268425466833128e-02
6.583101704859413428e-02
5.794905273054552081e-02
4.176577946303480782e-02
2.775072793533648469e-02
1.914776499575215549e-02
1.613558430010610806e-02
1.109952911546983542e-02
8.423748705033528086e-03
6.459342667097320821e-03
5.364761195554798058e-03
5.342188268462755817e-03
6.083595910747830252e-03
7.255801504804957475e-03
9.289675563696322969e-03
1.378642806930770529e-02
2.063311440019219983e-02
2.900368396434823554e-02
3.980431751154011460e-02
5.298673359978449404e-02
6.566781237241123281e-02
7.313226511770271054e-02
7.372765663995649310e-02
5.540315068851691532e-02
4.437612897967962294e-02
5.435382208618249472e-02
6.773643925509775787e-02
5.794868709788265210e-02
3.693575547566265577e-02
2.410897955722159092e-02
2.035204527633184546e-02
1.331078116430191652e-02
9.502843383993255996e-03
6.955716584272670852e-03
5.342188268462753215e-03
4.658653692683611437e-03
4.788783446097792836e-03
5.762758668446029200e-03
7.258101735888311534e-03
9.771419272816356250e-03
1.476339946220346991e-02
2.240554717831301848e-02
3.226421024704188151e-02
4.516446461382793431e-02
5.954181893265729497e-02
7.115177889566391689e-02
5.540315068851689451e-02
2.498224437320105060e-02
2.372345503370942160e-02
2.381041804725555697e-02
5.435433947429535451e-02
6.583181974781325552e-02
4.572787703796994674e-02
2.997599130321671607e-02
2.566724269015262586e-02
1.696371375286480007e-02
1.135517233183619933e-02
8.108929687822308621e-03
6.083595910747820711e-03
4.788783446097789366e-03
4.282180956112607503e-03
4.787908544625408581e-03
6.083901838755527772e-03
8.106940813387697453e-03
1.135464429856214777e-02
1.696362971317520382e-02
2.566776838779485578e-02
3.712177786402743457e-02
5.307576031514672776e-02
6.794268425466824801e-02
4.437612897967966458e-02
2.372345503370942160e-02
4.320077296985700560e-02
2.372472887139411707e-02
4.437672241826571412e-02
6.794385717517399670e-02
5.307471035211532712e-02
3.712136207335634680e-02
3.226418151918566263e-02
2.240515838965079568e-02
1.476327958197315438e-02
9.770223658764376137e-03
7.255801504804947934e-03
5.762758668446031803e-03
4.787908544625399908e-03
4.658408298380518377e-03
5.342384385689448630e-03
6.955449213820130705e-03
9.503825229886580725e-03
1.331151496067995398e-02
2.035221783644309765e-02
2.997636266238304717e-02
4.572720367391730489e-02
6.583101704859416203e-02
5.435382208618255717e-02
2.381041804725550839e-02
2.372472887139409278e-02
2.498140902404900887e-02
5.540495870391282801e-02
7.115240107712779427e-02
5.954092119986444803e-02
4.516360203436512594e-02
3.980366375210570018e-02
2.900331118248113127e-02
2.063312479877869518e-02
1.378667629467516566e-02
9.289675563696319499e-03
7.258101735888308065e-03
6.083901838755533843e-03
5.342384385689448630e-03
5.367070119799828738e-03
6.460133959553052314e-03
8.424351122830020522e-03
1.109860554848416357e-02
1.613523894960241373e-02
2.410888851956747431e-02
3.693570588504136581e-02
5.794905273054549999e-02
6.773643925509774399e-02
5.435433947429543777e-02
4.437672241826571412e-02
5.540495870391291128e-02
7.373013750572698921e-02
7.313142327381411123e-02
6.566683020578072127e-02
5.298546466297299196e-02
4.732038299978486018e-02
3.706813773793637273e-02
2.775080954889530202e-02
2.017888915500355707e-02
1.378642806930769661e-02
9.771419272816345841e-03
8.106940813387704392e-03
6.955449213820130705e-03
6.460133959553052314e-03
6.961370476144032766e-03
8.154596824664975263e-03
9.993882203652973764e-03
1.311049222333095232e-02
1.914812706110791130e-02
2.775080954889524998e-02
4.176577946303484945e-02
5.794868709788267985e-02
6.583181974781328327e-02
6.794385717517402445e-02
7.115240107712789142e-02
7.313142327381406960e-02
7.322365202643341120e-02
6.845826073302466175e-02
5.833350848223223944e-02
5.307522195121999048e-02
4.572849754257082150e-02
3.693570588504140745e-02
2.775071108820537785e-02
2.063311440019218942e-02
1.476339946220346644e-02
1.135464429856215124e-02
9.503825229886584194e-03
8.424351122830030930e-03
8.154596824664973528e-03
8.423491796378038132e-03
9.504576283974009929e-03
1.135526453442266964e-02
1.476297741836392168e-02
2.063312479877867436e-02
2.775072793533649856e-02
3.693575547566269740e-02
4.572787703797000919e-02
5.307471035211541038e-02
5.954092119986446191e-02
6.566683020578077679e-02
6.845826073302471726e-02
6.566666482808729277e-02
5.954088558180686136e-02
5.778366290159565183e-02
5.324339343920191092e-02
4.572720367391736040e-02
3.706818126341377556e-02
2.900368396434820084e-02
2.240554717831299766e-02
1.696362971317518994e-02
1.331151496067996959e-02
1.109860554848418959e-02
9.993882203652980703e-03
9.504576283974022072e-03
9.695946878889702761e-03
1.047939001951607961e-02
1.189410155392058542e-02
1.476327958197314223e-02
1.914776499575218671e-02
2.410897955722163255e-02
2.997599130321675076e-02
3.712136207335638843e-02
4.516360203436518145e-02
5.298546466297313767e-02
5.833350848223230883e-02
5.954088558180687524e-02
5.906809976937232864e-02
6.005776171450150080e-02
5.778099772249604277e-02
5.307576031514672776e-02
4.732106919203567241e-02
3.980431751154013542e-02
3.226421024704186763e-02
2.566776838779487660e-02
2.035221783644309418e-02
1.613523894960242760e-02
1.311049222333095232e-02
1.135526453442266270e-02
1.047939001951607614e-02
1.019602528087422064e-02
1.048050725744461772e-02
1.135517233183619065e-02
1.311077962592659650e-02
1.613558430010610806e-02
2.035204527633185587e-02
2.566724269015261545e-02
3.226418151918570426e-02
3.980366375210570018e-02
4.732038299978483242e-02
5.307522195122008069e-02
5.778366290159559632e-02
5.778099772249607052e-02
5.906793650766064413e-02
5.954181893265729497e-02
5.833447874498119690e-02
5.298673359978451486e-02
4.516446461382795513e-02
3.712177786402747620e-02
2.997636266238304717e-02
2.410888851956751594e-02
1.914812706110791823e-02
1.476297741836392168e-02
1.189410155392059583e-02
1.048050725744462119e-02
9.692268864457630889e-03
9.502843383993249057e-03
9.992063213828087861e-03
1.109952911546983889e-02
1.331078116430191652e-02
1.696371375286480007e-02
2.240515838965077486e-02
2.900331118248110004e-02
3.706813773793637967e-02
4.572849754257082150e-02
5.324339343920191092e-02
5.307576031514671389e-02
5.954181893265729497e-02
6.566781237241128832e-02
6.845944875311647804e-02
6.566781237241126057e-02
5.954181893265728109e-02
5.307576031514671389e-02
4.572720367391733959e-02
3.693570588504140051e-02
2.775080954889527080e-02
2.063312479877867436e-02
1.476327958197315438e-02
1.135517233183618024e-02
9.502843383993252527e-03
8.423748705033531556e-03
8.154676808309150107e-03
8.423748705033524617e-03
9.502843383993252527e-03
1.135517233183618371e-02
1.476327958197316825e-02
2.063312479877868477e-02
2.775080954889527080e-02
3.693570588504144908e-02
4.572720367391741592e-02
4.732106919203566547e-02
5.833447874498112751e-02
6.845944875311642253e-02
7.322546770412119432e-02
7.313226511770277993e-02
7.115177889566391689e-02
6.794268425466827577e-02
6.583101704859416203e-02
5.794905273054549999e-02
4.176577946303487027e-02
2.775072793533648469e-02
1.914776499575216936e-02
1.311077962592659650e-02
9.992063213828096535e-03
8.154676808309153577e-03
6.963408686433522794e-03
6.459342667097337301e-03
6.955716584272664781e-03
8.108929687822315560e-03
9.770223658764376137e-03
1.378667629467513270e-02
2.017888915500354666e-02
2.775071108820538826e-02
3.706818126341378944e-02
3.980431751154011460e-02
5.298673359978451486e-02
6.566781237241120506e-02
7.313226511770271054e-02
7.372765663995646535e-02
5.540315068851686675e-02
4.437612897967958825e-02
5.435382208618252248e-02
6.773643925509775787e-02
5.794868709788262434e-02
3.693575547566265577e-02
2.410897955722161520e-02
1.613558430010609418e-02
1.109952911546982154e-02
8.423748705033528086e-03
6.459342667097320821e-03
5.364761195554791119e-03
5.342188268462749745e-03
6.083595910747823313e-03
7.255801504804954005e-03
9.289675563696316030e-03
1.378642806930769314e-02
2.063311440019222759e-02
2.900368396434823554e-02
3.226421024704188151e-02
4.516446461382793431e-02
5.954181893265730885e-02
7.115177889566391689e-02
5.540315068851691532e-02
2.498224437320108182e-02
2.372345503370943201e-02
2.381041804725554656e-02
5.435433947429541696e-02
6.583181974781321388e-02
4.572787703796998837e-02
2.997599130321676117e-02
2.035204527633185934e-02
1.331078116430190264e-02
9.502843383993243853e-03
6.955716584272668250e-03
5.342188268462743674e-03
4.658653692683608835e-03
4.788783446097789366e-03
5.762758668446031803e-03
7.258101735888308065e-03
9.771419272816356250e-03
1.476339946220348726e-02
2.240554717831302889e-02
2.566776838779488701e-02
3.712177786402742069e-02
5.307576031514669307e-02
6.794268425466824801e-02
4.437612897967964376e-02
2.372345503370940772e-02
4.320077296985699172e-02
2.372472887139409278e-02
4.437672241826576269e-02
6.794385717517399670e-02
5.307471035211538263e-02
3.712136207335639537e-02
2.566724269015261545e-02
1.696371375286480701e-02
1.135517233183619065e-02
8.108929687822308621e-03
6.083595910747827649e-03
4.788783446097789366e-03
4.282180956112610105e-03
4.787908544625405979e-03
6.083901838755520833e-03
8.106940813387697453e-03
1.135464429856215818e-02
1.696362971317522464e-02
2.035221783644308377e-02
2.997636266238301248e-02
4.572720367391732571e-02
6.583101704859410652e-02
5.435382208618249472e-02
2.381041804725553962e-02
2.372472887139410319e-02
2.498140902404902275e-02
5.540495870391299454e-02
7.115240107712789142e-02
5.954092119986448967e-02
4.516360203436516063e-02
3.226418151918573202e-02
2.240515838965079568e-02
1.476327958197315438e-02
9.770223658764376137e-03
7.255801504804947934e-03
5.762758668446034405e-03
4.787908544625403377e-03
4.658408298380518377e-03
5.342384385689441691e-03
6.955449213820124633e-03
9.503825229886592868e-03
1.331151496067996959e-02
1.613523894960243801e-02
2.410888851956747431e-02
3.693570588504138663e-02
5.794905273054547223e-02
6.773643925509778563e-02
5.435433947429535451e-02
4.437672241826563779e-02
5.540495870391282801e-02
7.373013750572696146e-02
7.313142327381397245e-02
6.566683020578077679e-02
5.298546466297308216e-02
3.980366375210567242e-02
2.900331118248108964e-02
2.063312479877867436e-02
1.378667629467513617e-02
9.289675563696316030e-03
7.258101735888305463e-03
6.083901838755524302e-03
5.342384385689448630e-03
5.367070119799828738e-03
6.460133959553052314e-03
8.424351122830027461e-03
1.109860554848418612e-02
1.311049222333093844e-02
1.914812706110789742e-02
2.775080954889524998e-02
4.176577946303483557e-02
5.794868709788266598e-02
6.583181974781325552e-02
6.794385717517389955e-02
7.115240107712784978e-02
7.313142327381404184e-02
7.322365202643341120e-02
6.845826073302471726e-02
5.833350848223225332e-02
4.732038299978481161e-02
3.706813773793637967e-02
2.775080954889529161e-02
2.017888915500354666e-02
1.378642806930769661e-02
9.771419272816364923e-03
8.106940813387707861e-03
6.955449213820137644e-03
6.460133959553049712e-03
6.961370476144036236e-03
8.154596824664982202e-03
9.993882203652985907e-03
1.135526453442265923e-02
1.476297741836392514e-02
2.063312479877865702e-02
2.775072793533650897e-02
3.693575547566266964e-02
4.572787703796998837e-02
5.307471035211538263e-02
5.954092119986446191e-02
6.566683020578069352e-02
6.845826073302467563e-02
6.566666482808727889e-02
5.954088558180687524e-02
5.307522195121999048e-02
4.572849754257078680e-02
3.693570588504146990e-02
2.775071108820539867e-02
2.063311440019222759e-02
1.476339946220348032e-02
1.135464429856217206e-02
9.503825229886592868e-03
8.424351122830041338e-03
8.154596824664978733e-03
8.423491796378031193e-03
9.504576283974016868e-03
1.047939001951607961e-02
1.189410155392059930e-02
1.476327958197312488e-02
1.914776499575216936e-02
2.410897955722160479e-02
2.997599130321674035e-02
3.712136207335638843e-02
4.516360203436512594e-02
5.298546466297306828e-02
5.833350848223226720e-02
5.954088558180687524e-02
5.906809976937230089e-02
5.778366290159556856e-02
5.324339343920192480e-02
4.572720367391740204e-02
3.706818126341379638e-02
2.900368396434823554e-02
2.240554717831303583e-02
1.696362971317521423e-02
1.331151496067996612e-02
1.109860554848418612e-02
9.993882203652999785e-03
9.504576283974022072e-03
9.695946878889709700e-03
1.574846189561936866e-02
1.603001681642201443e-02
1.696371375286482089e-02
1.845338136614671151e-02
2.035204527633184546e-02
2.272193423133911372e-02
2.556967401551154054e-02
2.884892092155094331e-02
3.226403582566788469e-02
3.519103900424194742e-02
3.712136328623484582e-02
3.771254465960561381e-02
3.767691460468821502e-02
3.771307325169706570e-02
3.712177786402749702e-02
3.519142396036924886e-02
3.226421024704186069e-02
2.884904814388826802e-02
2.556978658784138381e-02
2.272185906798089572e-02
2.035245174649868982e-02
1.845360054596217533e-02
1.696369006750831840e-02
1.603042457820483963e-02
1.603001681642202483e-02
1.427463458581874380e-02
1.331078116430190611e-02
1.307462955423560613e-02
1.331078116430190611e-02
1.427463458581874033e-02
1.603001681642202136e-02
1.879131252698207702e-02
2.240542794775788812e-02
2.619207260130650833e-02
2.997607723983148828e-02
3.386297731588797794e-02
3.771307325169709346e-02
4.176775951922979263e-02
4.516446461382793431e-02
4.647927877589078105e-02
4.516446461382791350e-02
4.176775951922977181e-02
3.771307325169707264e-02
3.386297731588793630e-02
2.997607723983148828e-02
2.619207260130648057e-02
2.240542794775787772e-02
1.879131252698205273e-02
1.696371375286480354e-02
1.331078116430191999e-02
1.109952911546983542e-02
9.992063213828106943e-03
9.502843383993255996e-03
9.692268864457644767e-03
1.048050725744462813e-02
1.189410155392060450e-02
1.476297741836394596e-02
1.914812706110792170e-02
2.410888851956748472e-02
2.997636266238308880e-02
3.712177786402748314e-02
4.516446461382796901e-02
5.298673359978449404e-02
5.833447874498114138e-02
5.954181893265732273e-02
5.906793650766072740e-02
5.778099772249604277e-02
5.324339343920188317e-02
4.572849754257079374e-02
3.706813773793635886e-02
2.900331118248107923e-02
2.240515838965072629e-02
1.845338136614669416e-02
1.307462955423560613e-02
9.992063213828100005e-03
8.065285837609388261e-03
6.955716584272670852e-03
6.664695093515488750e-03
7.079762314812264659e-03
8.086759805599736881e-03
9.771116021723948858e-03
1.343257434577894982e-02
1.914806252627789321e-02
2.619226532142411579e-02
3.519142396036924886e-02
4.647927877589079493e-02
5.833447874498117608e-02
6.676826496192428406e-02
7.115177889566391689e-02
6.652665575767692518e-02
6.126014382684812770e-02
6.529650840969127013e-02
6.583128658663529864e-02
5.282035220778188295e-02
3.706775783745473729e-02
2.619257870262245089e-02
2.035204527633185240e-02
1.331078116430191652e-02
9.502843383993255996e-03
6.955716584272677791e-03
5.342188268462749745e-03
4.658653692683608835e-03
4.788783446097795438e-03
5.762758668446038741e-03
7.258101735888315871e-03
9.771419272816364923e-03
1.476339946220346297e-02
2.240554717831302889e-02
3.226421024704188151e-02
4.516446461382792044e-02
5.954181893265729497e-02
7.115177889566390301e-02
5.540315068851684593e-02
2.498224437320108182e-02
2.372345503370943201e-02
2.381041804725555697e-02
5.435433947429538226e-02
6.583181974781325552e-02
4.572787703796991204e-02
2.997599130321674035e-02
2.272193423133909637e-02
1.427463458581874033e-02
9.692268864457625685e-03
6.664695093515485280e-03
4.658653692683611437e-03
3.660438490676144480e-03
3.499139426269048340e-03
4.241446158405541567e-03
5.760899317784402840e-03
8.084681125487467451e-03
1.189442476480570554e-02
1.879147724287769800e-02
2.884904814388830271e-02
4.176775951922977181e-02
5.906793650766062331e-02
6.652665575767686967e-02
2.498224437320104019e-02
9.999999999999999547e-07
9.999999999999999547e-07
9.999999999999999547e-07
2.381055750057404705e-02
6.529805479392131184e-02
5.324255692711962057e-02
3.386306938089513746e-02
2.556967401551153360e-02
1.603001681642202830e-02
1.048050725744461426e-02
7.079762314812257720e-03
4.788783446097786764e-03
3.499139426269056146e-03
3.058660214287137885e-03
3.499394550725662845e-03
4.788431534588409241e-03
7.080530714771226392e-03
1.048043717862626699e-02
1.603027269158622051e-02
2.556978658784138381e-02
3.771307325169705182e-02
5.778099772249598726e-02
6.126014382684810688e-02
2.372345503370940079e-02
9.999999999999999547e-07
9.999999999999999547e-07
9.999999999999999547e-07
2.372333135687580002e-02
6.126072670508955764e-02
5.778485327523040505e-02
3.771281657295394441e-02
2.884892092155091209e-02
1.879131252698208396e-02
1.189410155392060450e-02
8.086759805599733411e-03
5.762758668446031803e-03
4.241446158405544169e-03
3.499394550725662845e-03
3.661078860887750745e-03
4.659345807578372731e-03
6.665132755045504245e-03
9.693666890869557032e-03
1.427373431663465746e-02
2.272185906798088531e-02
3.386297731588789467e-02
5.324339343920184153e-02
6.529650840969121461e-02
2.381041804725550839e-02
9.999999999999999547e-07
9.999999999999999547e-07
9.999999999999999547e-07
2.498179911691522301e-02
6.652588175764784229e-02
5.906723616748275202e-02
4.176751263214030507e-02
3.226403582566787082e-02
2.240542794775787772e-02
1.476297741836393555e-02
9.771116021723931511e-03
7.258101735888311534e-03
5.760899317784395901e-03
4.788431534588409241e-03
4.659345807578376200e-03
5.340987337114060790e-03
6.954508008157862277e-03
9.506079551683461679e-03
1.331182052819030077e-02
2.035245174649865860e-02
2.997607723983146746e-02
4.572849754257075905e-02
6.583128658663527089e-02
5.435433947429543777e-02
2.381055750057407827e-02
2.372333135687590758e-02
2.498179911691534791e-02
5.540377802110389022e-02
7.115166128756089670e-02
5.954081676281303137e-02
4.516367780054937608e-02
3.519103900424191272e-02
2.619207260130650833e-02
1.914812706110793211e-02
1.343257434577894115e-02
9.771419272816361454e-03
8.084681125487470921e-03
7.080530714771233330e-03
6.665132755045501643e-03
6.954508008157869216e-03
8.063003160732974683e-03
9.992378546079424412e-03
1.307432939854102048e-02
1.845360054596217186e-02
2.619207260130649098e-02
3.706813773793633804e-02
5.282035220778188295e-02
6.583181974781325552e-02
6.529805479392139511e-02
6.126072670508958540e-02
6.652588175764785616e-02
7.115166128756093833e-02
6.676722385539844706e-02
5.833349751986137421e-02
4.647817507927003156e-02
3.712136328623480419e-02
2.997607723983148828e-02
2.410888851956749859e-02
1.914806252627789321e-02
1.476339946220345777e-02
1.189442476480570554e-02
1.048043717862627046e-02
9.693666890869565705e-03
9.506079551683458209e-03
9.992378546079424412e-03
1.110046501755337922e-02
1.331108895500413870e-02
1.696369006750832534e-02
2.240542794775786731e-02
2.900331118248111392e-02
3.706775783745475811e-02
4.572787703796996756e-02
5.324255692711962751e-02
5.778485327523048831e-02
5.906723616748282141e-02
5.954081676281307994e-02
5.833349751986140891e-02
5.298541729703223208e-02
4.516367808822285140e-02
3.771254465960561381e-02
3.386297731588797794e-02
2.997636266238307493e-02
2.619226532142411579e-02
2.240554717831301848e-02
1.879147724287770493e-02
1.603027269158621704e-02
1.427373431663466440e-02
1.331182052819030424e-02
1.307432939854102395e-02
1.331108895500414564e-02
1.427424075191214420e-02
1.603042457820485350e-02
1.879131252698206314e-02
2.240515838965077486e-02
2.619257870262247864e-02
2.997599130321679239e-02
3.386306938089523461e-02
3.771281657295398604e-02
4.176751263214036752e-02
4.516367780054948711e-02
4.647817507927009401e-02
4.516367808822287916e-02
4.176747681950518376e-02
3.767691460468821502e-02
3.771307325169709346e-02
3.712177786402747620e-02
3.519142396036929743e-02
3.226421024704186763e-02
2.884904814388830271e-02
2.556978658784139075e-02
2.272185906798089572e-02
2.035245174649865860e-02
1.845360054596217880e-02
1.696369006750833575e-02
1.603042457820485350e-02
1.574846189561937906e-02
1.603001681642202830e-02
1.696371375286480701e-02
1.845338136614671498e-02
2.035204527633185587e-02
2.272193423133912760e-02
2.556967401551155095e-02
2.884892092155093291e-02
3.226403582566787082e-02
3.519103900424196130e-02
3.712136328623483195e-02
3.771254465960559299e-02
3.771307325169710734e-02
4.176775951922979263e-02
4.516446461382798289e-02
4.647927877589079493e-02
4.516446461382793431e-02
4.176775951922982039e-02
3.771307325169707264e-02
3.386297731588792242e-02
2.997607723983146746e-02
2.619207260130649792e-02
2.240542794775790894e-02
1.879131252698207702e-02
1.603001681642202830e-02
1.427463458581874380e-02
1.331078116430190264e-02
1.307462955423560266e-02
1.331078116430191131e-02
1.427463458581873512e-02
1.603001681642203871e-02
1.879131252698208396e-02
2.240542794775787772e-02
2.619207260130649792e-02
2.997607723983148828e-02
3.386297731588796406e-02
3.712177786402745538e-02
4.516446461382795513e-02
5.298673359978446629e-02
5.833447874498116220e-02
5.954181893265734354e-02
5.906793650766064413e-02
5.778099772249604277e-02
5.324339343920192480e-02
4.572849754257079374e-02
3.706813773793637273e-02
2.900331118248110004e-02
2.240515838965077486e-02
1.696371375286478966e-02
1.331078116430191652e-02
1.109952911546983022e-02
9.992063213828091331e-03
9.502843383993249057e-03
9.692268864457625685e-03
1.048050725744462119e-02
1.189410155392060797e-02
1.476297741836392168e-02
1.914812706110793558e-02
2.410888851956750553e-02
2.997636266238309921e-02
3.519142396036922804e-02
4.647927877589078105e-02
5.833447874498112751e-02
6.676826496192424243e-02
7.115177889566395852e-02
6.652665575767684192e-02
6.126014382684815546e-02
6.529650840969124237e-02
6.583128658663527089e-02
5.282035220778186213e-02
3.706775783745477199e-02
2.619257870262250293e-02
1.845338136614671151e-02
1.307462955423560613e-02
9.992063213828091331e-03
8.065285837609377853e-03
6.955716584272670852e-03
6.664695093515485280e-03
7.079762314812261190e-03
8.086759805599736881e-03
9.771116021723926306e-03
1.343257434577894115e-02
1.914806252627791056e-02
2.619226532142411579e-02
3.226421024704186763e-02
4.516446461382792044e-02
5.954181893265734354e-02
7.115177889566387526e-02
5.540315068851686675e-02
2.498224437320107141e-02
2.372345503370940772e-02
2.381041804725551533e-02
5.435433947429543777e-02
6.583181974781325552e-02
4.572787703796994674e-02
2.997599130321676117e-02
2.035204527633184199e-02
1.331078116430191999e-02
9.502843383993236914e-03
6.955716584272664781e-03
5.342188268462743674e-03
4.658653692683608835e-03
4.788783446097789366e-03
5.762758668446034405e-03
7.258101735888305463e-03
9.771419272816364923e-03
1.476339946220348726e-02
2.240554717831304624e-02
2.884904814388826802e-02
4.176775951922975100e-02
5.906793650766062331e-02
6.652665575767689743e-02
2.498224437320102978e-02
9.999999999999999547e-07
9.999999999999999547e-07
9.999999999999999547e-07
2.381055750057417542e-02
6.529805479392135348e-02
5.324255692711969690e-02
3.386306938089519297e-02
2.272193423133911372e-02
1.427463458581872992e-02
9.692268864457630889e-03
6.664695093515485280e-03
4.658653692683608835e-03
3.660438490676144480e-03
3.499139426269056146e-03
4.241446158405549373e-03
5.760899317784388095e-03
8.084681125487467451e-03
1.189442476480571421e-02
1.879147724287772922e-02
2.556978658784138381e-02
3.771307325169705182e-02
5.778099772249598726e-02
6.126014382684815546e-02
2.372345503370940079e-02
9.999999999999999547e-07
9.999999999999999547e-07
9.999999999999999547e-07
2.372333135687589023e-02
6.126072670508961315e-02
5.778485327523040505e-02
3.771281657295398604e-02
2.556967401551155095e-02
1.603001681642201443e-02
1.048050725744459691e-02
7.079762314812250781e-03
4.788783446097789366e-03
3.499139426269056146e-03
3.058660214287140487e-03
3.499394550725662845e-03
4.788431534588403170e-03
7.080530714771233330e-03
1.048043717862628087e-02
1.603027269158623438e-02
2.272185906798087837e-02
3.386297731588788773e-02
5.324339343920184153e-02
6.529650840969121461e-02
2.381041804725555697e-02
9.999999999999999547e-07
9.999999999999999547e-07
9.999999999999999547e-07
2.498179911691536526e-02
6.652588175764781453e-02
5.906723616748275896e-02
4.176751263214030507e-02
2.884892092155094331e-02
1.879131252698209090e-02
1.189410155392059930e-02
8.086759805599733411e-03
5.762758668446031803e-03
4.241446158405552842e-03
3.499394550725662845e-03
3.661078860887753347e-03
4.659345807578372731e-03
6.665132755045504245e-03
9.693666890869569175e-03
1.427373431663467480e-02
2.035245174649866207e-02
2.997607723983143624e-02
4.572849754257075905e-02
6.583128658663518762e-02
5.435433947429533369e-02
2.381055750057397766e-02
2.372333135687582778e-02
2.498179911691519525e-02
5.540377802110391797e-02
7.115166128756089670e-02
5.954081676281306607e-02
4.516367780054947323e-02
3.226403582566785000e-02
2.240542794775789853e-02
1.476297741836392514e-02
9.771116021723905490e-03
7.258101735888308065e-03
5.760899317784395901e-03
4.788431534588405772e-03
4.659345807578372731e-03
5.340987337114055586e-03
6.954508008157869216e-03
9.506079551683461679e-03
1.331182052819031639e-02
1.845360054596216839e-02
2.619207260130649098e-02
3.706813773793633110e-02
5.282035220778186213e-02
6.583181974781325552e-02
6.529805479392122858e-02
6.126072670508955764e-02
6.652588175764784229e-02
7.115166128756096608e-02
6.676722385539846094e-02
5.833349751986145748e-02
4.647817507927010788e-02
3.519103900424191966e-02
2.619207260130650833e-02
1.914812706110792864e-02
1.343257434577891686e-02
9.771419272816361454e-03
8.084681125487474390e-03
7.080530714771236800e-03
6.665132755045497306e-03
6.954508008157865746e-03
8.063003160732983357e-03
9.992378546079431351e-03
1.307432939854102395e-02
1.696369006750832534e-02
2.240542794775786731e-02
2.900331118248110004e-02
3.706775783745475117e-02
4.572787703796996756e-02
5.324255692711967608e-02
5.778485327523043974e-02
5.906723616748280753e-02
5.954081676281307994e-02
5.833349751986140891e-02
5.298541729703219044e-02
4.516367808822283753e-02
3.712136328623480419e-02
2.997607723983148828e-02
2.410888851956751594e-02
1.914806252627791402e-02
1.476339946220349246e-02
1.189442476480572115e-02
1.048043717862628087e-02
9.693666890869576114e-03
9.506079551683468618e-03
9.992378546079427881e-03
1.110046501755339483e-02
1.331108895500415085e-02
1.603042457820484656e-02
1.879131252698206314e-02
2.240515838965074710e-02
2.619257870262246823e-02
2.997599130321671607e-02
3.386306938089515134e-02
3.771281657295397216e-02
4.176751263214036752e-02
4.516367780054941078e-02
4.647817507927008707e-02
4.516367808822285140e-02
4.176747681950520458e-02
3.771254465960559299e-02
3.386297731588797794e-02
2.997636266238307493e-02
2.619226532142413660e-02
2.240554717831303583e-02
1.879147724287773616e-02
1.603027269158625173e-02
1.427373431663468174e-02
1.331182052819032853e-02
1.307432939854103783e-02
1.331108895500415952e-02
1.427424075191214420e-02
2.555345919977612679e-02
2.556967401551155095e-02
2.566724269015261545e-02
2.574606343741991932e-02
2.566724269015262586e-02
2.556967401551155095e-02
2.555345919977612679e-02
2.556949843711571121e-02
2.566755772793132689e-02
2.574610524200499073e-02
2.566745336142603126e-02
2.556996204245082227e-02
2.555304606657871416e-02
2.556978658784139075e-02
2.566776838779490436e-02
2.574614701306708955e-02
2.566776838779487660e-02
2.556978658784137340e-02
2.555304606657872457e-02
2.556996204245078411e-02
2.566745336142602085e-02
2.574610524200496992e-02
2.566755772793131649e-02
2.556949843711569734e-02
2.556967401551154054e-02
2.272193423133913454e-02
2.035204527633184546e-02
1.845338136614670457e-02
1.696371375286481048e-02
1.603001681642202830e-02
1.574846189561938947e-02
1.603042457820486738e-02
1.696369006750837044e-02
1.845360054596217880e-02
2.035245174649869676e-02
2.272185906798090266e-02
2.556978658784142544e-02
2.884904814388828884e-02
3.226421024704186069e-02
3.519142396036924886e-02
3.712177786402744845e-02
3.771307325169707264e-02
3.767691460468820114e-02
3.771254465960555829e-02
3.712136328623480419e-02
3.519103900424191966e-02
3.226403582566782918e-02
2.884892092155092250e-02
2.566724269015261545e-02
2.035204527633184546e-02
1.613558430010613928e-02
1.311077962592658089e-02
1.135517233183619065e-02
1.048050725744461772e-02
1.019602528087422931e-02
1.047939001951608828e-02
1.135526453442268179e-02
1.311049222333094191e-02
1.613523894960245536e-02
2.035221783644312193e-02
2.566776838779488701e-02
3.226421024704188151e-02
3.980431751154010073e-02
4.732106919203567241e-02
5.307576031514672776e-02
5.778099772249604277e-02
6.005776171450138978e-02
5.778366290159559632e-02
5.307522195122000436e-02
4.732038299978487406e-02
3.980366375210570712e-02
3.226418151918566957e-02
2.574606343741991932e-02
1.845338136614671498e-02
1.311077962592660517e-02
9.788353296963149888e-03
8.108929687822315560e-03
7.079762314812264659e-03
6.624322036290406640e-03
7.080892637573801135e-03
8.107805435965769608e-03
9.787984704377670347e-03
1.311123964147551182e-02
1.845375108396355920e-02
2.574614701306708955e-02
3.519142396036924192e-02
4.732106919203570017e-02
6.042533152538909214e-02
6.794268425466830352e-02
6.126014382684819015e-02
5.449786802229875798e-02
6.126113334281567402e-02
6.794473941225663560e-02
6.042566407829623454e-02
4.732038001668659871e-02
3.519086194570589243e-02
2.566724269015261545e-02
1.696371375286480007e-02
1.135517233183619412e-02
8.108929687822319030e-03
6.083595910747820711e-03
4.788783446097789366e-03
4.282180956112618779e-03
4.787908544625408581e-03
6.083901838755530374e-03
8.106940813387700923e-03
1.135464429856214777e-02
1.696362971317521076e-02
2.566776838779488701e-02
3.712177786402743457e-02
5.307576031514671389e-02
6.794268425466824801e-02
4.437612897967962294e-02
2.372345503370942160e-02
4.320077296985699172e-02
2.372472887139407544e-02
4.437672241826565861e-02
6.794385717517395507e-02
5.307471035211536181e-02
3.712136207335633986e-02
2.556967401551154054e-02
1.603001681642202830e-02
1.048050725744461772e-02
7.079762314812261190e-03
4.788783446097786764e-03
3.499139426269053978e-03
3.058660214287145258e-03
3.499394550725662845e-03
4.788431534588411843e-03
7.080530714771226392e-03
1.048043717862626352e-02
1.603027269158621357e-02
2.556978658784138381e-02
3.771307325169705182e-02
5.778099772249602195e-02
6.126014382684815546e-02
2.372345503370937997e-02
9.999999999999999547e-07
9.999999999999999547e-07
9.999999999999999547e-07
2.372333135687580002e-02
6.126072670508953683e-02
5.778485327523040505e-02
3.771281657295396522e-02
2.555345919977614066e-02
1.574846189561937906e-02
1.019602528087423625e-02
6.624322036290406640e-03
4.282180956112612707e-03
3.058660214287143089e-03
2.670412239599971420e-03
3.058831959934531740e-03
4.282574287661679996e-03
6.623896431181585005e-03
1.019582654651438394e-02
1.574854881100622855e-02
2.555304606657868294e-02
3.767691460468816644e-02
6.005776171450133427e-02
5.449786802229872329e-02
4.320077296985698478e-02
9.999999999999999547e-07
9.999999999999999547e-07
9.999999999999999547e-07
4.320048100942699282e-02
5.449767480060103975e-02
6.005782283268955996e-02
3.767705795962677379e-02
2.556949843711569734e-02
1.603042457820485350e-02
1.047939001951609522e-02
7.080892637573808074e-03
4.787908544625408581e-03
3.499394550725655039e-03
3.058831959934531740e-03
3.499050090928947174e-03
4.788421447522192217e-03
7.081376027851376924e-03
1.048104019510610538e-02
1.603055629166159207e-02
2.556996204245077023e-02
3.771254465960559299e-02
5.778366290159554775e-02
6.126113334281559075e-02
2.372472887139404421e-02
9.999999999999999547e-07
9.999999999999999547e-07
9.999999999999999547e-07
2.372441505521439772e-02
6.126136119841796290e-02
5.778180034906879592e-02
3.771270486761933716e-02
2.566755772793130955e-02
1.696369006750834268e-02
1.135526453442269393e-02
8.107805435965755730e-03
6.083901838755530374e-03
4.788431534588415313e-03
4.282574287661677394e-03
4.788421447522186146e-03
6.082763805546072267e-03
8.108645712335329006e-03
1.135444400676545104e-02
1.696378121543444181e-02
2.566745336142600351e-02
3.712136328623478337e-02
5.307522195121996966e-02
6.794473941225660785e-02
4.437672241826576269e-02
2.372333135687589717e-02
4.320048100942701363e-02
2.372441505521450875e-02
4.437464994508732996e-02
6.794158838701348790e-02
5.307490684623364374e-02
3.712168425499304952e-02
2.574610524200498032e-02
1.845360054596220309e-02
1.311049222333094885e-02
9.787984704377680756e-03
8.106940813387704392e-03
7.080530714771236800e-03
6.623896431181591944e-03
7.081376027851380393e-03
8.108645712335332476e-03
9.788753022156168257e-03
1.311114348069944424e-02
1.845354187566305287e-02
2.574610524200495951e-02
3.519103900424189885e-02
4.732038299978481161e-02
6.042566407829622066e-02
6.794385717517399670e-02
6.126072670508961315e-02
5.449767480060103975e-02
6.126136119841798372e-02
6.794158838701354342e-02
6.042457112493781340e-02
4.732054274981921382e-02
3.519111058668734221e-02
2.566745336142604167e-02
2.035245174649868982e-02
1.613523894960245189e-02
1.311123964147550836e-02
1.135464429856215818e-02
1.048043717862626699e-02
1.019582654651439609e-02
1.048104019510610191e-02
1.135444400676545625e-02
1.311114348069944424e-02
1.613570927742835268e-02
2.035194993204593461e-02
2.566755772793131649e-02
3.226403582566787082e-02
3.980366375210570018e-02
4.732038001668661953e-02
5.307471035211541038e-02
5.778485327523043974e-02
6.005782283268964322e-02
5.778180034906887919e-02
5.307490684623371313e-02
4.732054274981925546e-02
3.980387884706076268e-02
3.226415421547365603e-02
2.556996204245082227e-02
2.272185906798090266e-02
2.035221783644309765e-02
1.845375108396354880e-02
1.696362971317520382e-02
1.603027269158622398e-02
1.574854881100623202e-02
1.603055629166161289e-02
1.696378121543444181e-02
1.845354187566304593e-02
2.035194993204593114e-02
2.272202406112785664e-02
2.556949843711569734e-02
2.884892092155095719e-02
3.226418151918571814e-02
3.519086194570596182e-02
3.712136207335643007e-02
3.771281657295398604e-02
3.767705795962681542e-02
3.771270486761942042e-02
3.712168425499307728e-02
3.519111058668739078e-02
3.226415421547368378e-02
2.884891390768704045e-02
2.555304606657872457e-02
2.556978658784141503e-02
2.566776838779491823e-02
2.574614701306709649e-02
2.566776838779489742e-02
2.556978658784138381e-02
2.555304606657872457e-02
2.556996204245078411e-02
2.566745336142601044e-02
2.574610524200494910e-02
2.566755772793131649e-02
2.556949843711569734e-02
2.555345919977614066e-02
2.556967401551155095e-02
2.566724269015261545e-02
2.574606343741991932e-02
2.566724269015263973e-02
2.556967401551155095e-02
2.555345919977612679e-02
2.556949843711571121e-02
2.566755772793132689e-02
2.574610524200500114e-02
2.566745336142604167e-02
2.556996204245079451e-02
2.556978658784140462e-02
2.884904814388830271e-02
3.226421024704188151e-02
3.519142396036924886e-02
3.712177786402744845e-02
3.771307325169708652e-02
3.767691460468820114e-02
3.771254465960559299e-02
3.712136328623483195e-02
3.519103900424191966e-02
3.226403582566785000e-02
2.884892092155093291e-02
2.556967401551155095e-02
2.272193423133909637e-02
2.035204527633185240e-02
1.845338136614671498e-02
1.696371375286480701e-02
1.603001681642203524e-02
1.574846189561938253e-02
1.603042457820486044e-02
1.696369006750834268e-02
1.845360054596219268e-02
2.035245174649867941e-02
2.272185906798091307e-02
2.566776838779489742e-02
3.226421024704186763e-02
3.980431751154010073e-02
4.732106919203566547e-02
5.307576031514670695e-02
5.778099772249604277e-02
6.005776171450138978e-02
5.778366290159559632e-02
5.307522195121996966e-02
4.732038299978485324e-02
3.980366375210570018e-02
3.226418151918568344e-02
2.566724269015262586e-02
2.035204527633185240e-02
1.613558430010612540e-02
1.311077962592658956e-02
1.135517233183618371e-02
1.048050725744461772e-02
1.019602528087421543e-02
1.047939001951607961e-02
1.135526453442267311e-02
1.311049222333095926e-02
1.613523894960246230e-02
2.035221783644312193e-02
2.574614701306706874e-02
3.519142396036922804e-02
4.732106919203568629e-02
6.042533152538907826e-02
6.794268425466824801e-02
6.126014382684810688e-02
5.449786802229870247e-02
6.126113334281555606e-02
6.794473941225666336e-02
6.042566407829622066e-02
4.732038001668658483e-02
3.519086194570596182e-02
2.574606343741991932e-02
1.845338136614671498e-02
1.311077962592659303e-02
9.788353296963122133e-03
8.108929687822308621e-03
7.079762314812254251e-03
6.624322036290410977e-03
7.080892637573797666e-03
8.107805435965762669e-03
9.787984704377673817e-03
1.311123964147551182e-02
1.845375108396358002e-02
2.566776838779487660e-02
3.712177786402742069e-02
5.307576031514667919e-02
6.794268425466827577e-02
4.437612897967962294e-02
2.372345503370940079e-02
4.320077296985699172e-02
2.372472887139406503e-02
4.437672241826576269e-02
6.794385717517399670e-02
5.307471035211541732e-02
3.712136207335643007e-02
2.566724269015260851e-02
1.696371375286478619e-02
1.135517233183618024e-02
8.108929687822298213e-03
6.083595910747823313e-03
4.788783446097786764e-03
4.282180956112612707e-03
4.787908544625408581e-03
6.083901838755527772e-03
8.106940813387697453e-03
1.135464429856217206e-02
1.696362971317522464e-02
2.556978658784140462e-02
3.771307325169706570e-02
5.778099772249598726e-02
6.126014382684812770e-02
2.372345503370940079e-02
9.999999999999999547e-07
9.999999999999999547e-07
9.999999999999999547e-07
2.372333135687589023e-02
6.126072670508964091e-02
5.778485327523046056e-02
3.771281657295399992e-02
2.556967401551153360e-02
1.603001681642202483e-02
1.048050725744460905e-02
7.079762314812250781e-03
4.788783446097783295e-03
3.499139426269056146e-03
3.058660214287140487e-03
3.499394550725662845e-03
4.788431534588405772e-03
7.080530714771236800e-03
1.048043717862626699e-02
1.603027269158624826e-02
2.555304606657868294e-02
3.767691460468819420e-02
6.005776171450133427e-02
5.449786802229875798e-02
4.320077296985698478e-02
9.999999999999999547e-07
9.999999999999999547e-07
9.999999999999999547e-07
4.320048100942699976e-02
5.449767480060112301e-02
6.005782283268955996e-02
3.767705795962679460e-02
2.555345919977615107e-02
1.574846189561937213e-02
1.019602528087422064e-02
6.624322036290404038e-03
4.282180956112615310e-03
3.058660214287147860e-03
2.670412239599974022e-03
3.058831959934529138e-03
4.282574287661671322e-03
6.623896431181585005e-03
1.019582654651439609e-02
1.574854881100625978e-02
2.556996204245075288e-02
3.771254465960552360e-02
5.778366290159554775e-02
6.126113334281563932e-02
2.372472887139406503e-02
9.999999999999999547e-07
9.999999999999999547e-07
9.999999999999999547e-07
2.372441505521448793e-02
6.126136119841798372e-02
5.778180034906879592e-02
3.771270486761939267e-02
2.556949843711569734e-02
1.603042457820485350e-02
1.047939001951607614e-02
7.080892637573797666e-03
4.787908544625408581e-03
3.499394550725657641e-03
3.058831959934531740e-03
3.499050090928944139e-03
4.788421447522186146e-03
7.081376027851382995e-03
1.048104019510611752e-02
1.603055629166161289e-02
2.566745336142601044e-02
3.712136328623477644e-02
5.307522195121999048e-02
6.794473941225663560e-02
4.437672241826565861e-02
2.372333135687583472e-02
4.320048100942701363e-02
2.372441505521441854e-02
4.437464994508730221e-02
6.794158838701351566e-02
5.307490684623364374e-02
3.712168425499307728e-02
2.566755772793131649e-02
1.696369006750832881e-02
1.135526453442266964e-02
8.107805435965752261e-03
6.083901838755524302e-03
4.788431534588403170e-03
4.282574287661671322e-03
4.788421447522180074e-03
6.082763805546054052e-03
8.108645712335329006e-03
1.135444400676547012e-02
1.696378121543446610e-02
2.574610524200495951e-02
3.519103900424194048e-02
4.732038299978481855e-02
6.042566407829619984e-02
6.794385717517402445e-02
6.126072670508953683e-02
5.449767480060103975e-02
6.126136119841796290e-02
6.794158838701357117e-02
6.042457112493784810e-02
4.732054274981925546e-02
3.519111058668739078e-02
2.574610524200496992e-02
1.845360054596217880e-02
1.311049222333095926e-02
9.787984704377673817e-03
8.106940813387697453e-03
7.080530714771236800e-03
6.623896431181598016e-03
7.081376027851382995e-03
8.108645712335339414e-03
9.788753022156176931e-03
1.311114348069945292e-02
1.845354187566304593e-02
2.566755772793131649e-02
3.226403582566785000e-02
3.980366375210566549e-02
4.732038001668658483e-02
5.307471035211538263e-02
5.778485327523043974e-02
6.005782283268958771e-02
5.778180034906876122e-02
5.307490684623367844e-02
4.732054274981919301e-02
3.980387884706076962e-02
3.226415421547365603e-02
2.566745336142602085e-02
2.035245174649871064e-02
1.613523894960244148e-02
1.311123964147552050e-02
1.135464429856216859e-02
1.048043717862628434e-02
1.019582654651440649e-02
1.048104019510612099e-02
1.135444400676545972e-02
1.311114348069946506e-02
1.613570927742836655e-02
2.035194993204595543e-02
2.556949843711568693e-02
2.884892092155093291e-02
3.226418151918566263e-02
3.519086194570589243e-02
3.712136207335638843e-02
3.771281657295394441e-02
3.767705795962677379e-02
3.771270486761936491e-02
3.712168425499307728e-02
3.519111058668734221e-02
3.226415421547366991e-02
2.884891390768704045e-02
2.556996204245080145e-02
2.272185906798091307e-02
2.035221783644313234e-02
1.845375108396358002e-02
1.696362971317521770e-02
1.603027269158623785e-02
1.574854881100626325e-02
1.603055629166163024e-02
1.696378121543444875e-02
1.845354187566306675e-02
2.035194993204595196e-02
2.272202406112786358e-02
3.767705795962682930e-02
3.771281657295403461e-02
3.712136207335647170e-02
3.519086194570598264e-02
3.226418151918569732e-02
2.884892092155095719e-02
2.556949843711569734e-02
2.272202406112784623e-02
2.035194993204593808e-02
1.845354187566303553e-02
1.696378121543443834e-02
1.603055629166159901e-02
1.574854881100623202e-02
1.603027269158621357e-02
1.696362971317519341e-02
1.845375108396353145e-02
2.035221783644307683e-02
2.272185906798087837e-02
2.556996204245079451e-02
2.884891390768703351e-02
3.226415421547370460e-02
3.519111058668737690e-02
3.712168425499309116e-02
3.771270486761942042e-02
3.771281657295403461e-02
3.386306938089524154e-02
2.997599130321682709e-02
2.619257870262252028e-02
2.240515838965080608e-02
1.879131252698208396e-02
1.603042457820485350e-02
1.427424075191213206e-02
1.331108895500414217e-02
1.307432939854102048e-02
1.331182052819030424e-02
1.427373431663464878e-02
1.603027269158621010e-02
1.879147724287768412e-02
2.240554717831296991e-02
2.619226532142408456e-02
2.997636266238304717e-02
3.386297731588791549e-02
3.771254465960558605e-02
4.176747681950516988e-02
4.516367808822285834e-02
4.647817507927010788e-02
4.516367780054947323e-02
4.176751263214041610e-02
3.712136207335640925e-02
2.997599130321683750e-02
2.410897955722164643e-02
1.914776499575219712e-02
1.476327958197316478e-02
1.189410155392060450e-02
1.047939001951610216e-02
9.695946878889718373e-03
9.504576283974013398e-03
9.993882203652992846e-03
1.109860554848417051e-02
1.331151496067995398e-02
1.696362971317520035e-02
2.240554717831299766e-02
2.900368396434817655e-02
3.706818126341374781e-02
4.572720367391729102e-02
5.324339343920187623e-02
5.778366290159556856e-02
5.906809976937228701e-02
5.954088558180684054e-02
5.833350848223225332e-02
5.298546466297315155e-02
4.516360203436518145e-02
3.519086194570596182e-02
2.619257870262250987e-02
1.914776499575219712e-02
1.343263178767390223e-02
9.770223658764388280e-03
8.086759805599740350e-03
7.080892637573808074e-03
6.663823879209834419e-03
6.954897558475818357e-03
8.064256585737436533e-03
9.992519644374182539e-03
1.307382048633659935e-02
1.845375108396355227e-02
2.619226532142407415e-02
3.706818126341371311e-02
5.282131904313807497e-02
6.583101704859410652e-02
6.529650840969121461e-02
6.126113334281563932e-02
6.652786343162818417e-02
7.115229414840767985e-02
6.676768612602118624e-02
5.833381090047889267e-02
4.647803263740618585e-02
3.226418151918571814e-02
2.240515838965078874e-02
1.476327958197315958e-02
9.770223658764383076e-03
7.255801504804961811e-03
5.762758668446041344e-03
4.787908544625414653e-03
4.658408298380527050e-03
5.342384385689441691e-03
6.955449213820130705e-03
9.503825229886580725e-03
1.331151496067996612e-02
2.035221783644306642e-02
2.997636266238304717e-02
4.572720367391728408e-02
6.583101704859410652e-02
5.435382208618252248e-02
2.381041804725554656e-02
2.372472887139410319e-02
2.498140902404903316e-02
5.540495870391285577e-02
7.115240107712782203e-02
5.954092119986447579e-02
4.516360203436512594e-02
2.884892092155093291e-02
1.879131252698207702e-02
1.189410155392059930e-02
8.086759805599740350e-03
5.762758668446043946e-03
4.241446158405541567e-03
3.499394550725662845e-03
3.661078860887755949e-03
4.659345807578372731e-03
6.665132755045501643e-03
9.693666890869560501e-03
1.427373431663464878e-02
2.272185906798087837e-02
3.386297731588791549e-02
5.324339343920187623e-02
6.529650840969115910e-02
2.381041804725557084e-02
9.999999999999999547e-07
9.999999999999999547e-07
9.999999999999999547e-07
2.498179911691522301e-02
6.652588175764785616e-02
5.906723616748273814e-02
4.176751263214029120e-02
2.556949843711569734e-02
1.603042457820485350e-02
1.047939001951609869e-02
7.080892637573808074e-03
4.787908544625408581e-03
3.499394550725665014e-03
3.058831959934526969e-03
3.499050090928944139e-03
4.788421447522192217e-03
7.081376027851374322e-03
1.048104019510608803e-02
1.603055629166159554e-02
2.556996204245075982e-02
3.771254465960557217e-02
5.778366290159549223e-02
6.126113334281559075e-02
2.372472887139406503e-02
9.999999999999999547e-07
9.999999999999999547e-07
9.999999999999999547e-07
2.372441505521440813e-02
6.126136119841798372e-02
5.778180034906879592e-02
3.771270486761933716e-02
2.272202406112783235e-02
1.427424075191214420e-02
9.695946878889728782e-03
6.663823879209834419e-03
4.658408298380529652e-03
3.661078860887750745e-03
3.499050090928941537e-03
4.240511189614141856e-03
5.762462649582690902e-03
8.084613638309062766e-03
1.189336745679415476e-02
1.879158093012668618e-02
2.884891390768702310e-02
4.176747681950520458e-02
5.906809976937231477e-02
6.652786343162818417e-02
2.498140902404903316e-02
9.999999999999999547e-07
9.999999999999999547e-07
9.999999999999999547e-07
2.380967216158245275e-02
6.529542387723047403e-02
5.324437423709014322e-02
3.386344415806753771e-02
2.035194993204592073e-02
1.331108895500413523e-02
9.504576283974016868e-03
6.954897558475815755e-03
5.342384385689448630e-03
4.659345807578378802e-03
4.788421447522186146e-03
5.762462649582683963e-03
7.258141717398673524e-03
9.771674423248912639e-03
1.476334015867209956e-02
2.240535540859461133e-02
3.226415421547368378e-02
4.516367808822285140e-02
5.954088558180682667e-02
7.115229414840777700e-02
5.540495870391295985e-02
2.498179911691533750e-02
2.372441505521451569e-02
2.380967216158260194e-02
5.435172583079451308e-02
6.582944313368778444e-02
4.572842115006112845e-02
2.997641585240502088e-02
1.845354187566304593e-02
1.307432939854102048e-02
9.993882203652970295e-03
8.064256585737433064e-03
6.955449213820134174e-03
6.665132755045504245e-03
7.081376027851382995e-03
8.084613638309062766e-03
9.771674423248912639e-03
1.343317746563126545e-02
1.914793967003814920e-02
2.619281742254268505e-02
3.519111058668739078e-02
4.647817507927014952e-02
5.833350848223226720e-02
6.676768612602115849e-02
7.115240107712787754e-02
6.652588175764785616e-02
6.126136119841790045e-02
6.529542387723050179e-02
6.582944313368781220e-02
5.281898366782834808e-02
3.706845783164706976e-02
2.619281742254262260e-02
1.696378121543443140e-02
1.331182052819030771e-02
1.109860554848417051e-02
9.992519644374182539e-03
9.503825229886580725e-03
9.693666890869572644e-03
1.048104019510610538e-02
1.189336745679414435e-02
1.476334015867210477e-02
1.914793967003814920e-02
2.410987944814277362e-02
2.997641585240509721e-02
3.712168425499310503e-02
4.516367780054949405e-02
5.298546466297317237e-02
5.833381090047894818e-02
5.954092119986448967e-02
5.906723616748282141e-02
5.778180034906884449e-02
5.324437423709018485e-02
4.572842115006120478e-02
3.706845783164710445e-02
2.900364725981493391e-02
2.240535540859456970e-02
1.603055629166160595e-02
1.427373431663466440e-02
1.331151496067996091e-02
1.307382048633662017e-02
1.331151496067994530e-02
1.427373431663465746e-02
1.603055629166159901e-02
1.879158093012668965e-02
2.240535540859461133e-02
2.619281742254268505e-02
2.997641585240511802e-02
3.386344415806764874e-02
3.771270486761939267e-02
4.176751263214036058e-02
4.516360203436521614e-02
4.647803263740624136e-02
4.516360203436517451e-02
4.176751263214036058e-02
3.771270486761936491e-02
3.386344415806762098e-02
2.997641585240506598e-02
2.619281742254268505e-02
2.240535540859459052e-02
1.879158093012668618e-02
1.574854881100622855e-02
1.603027269158621357e-02
1.696362971317519341e-02
1.845375108396355227e-02
2.035221783644308030e-02
2.272185906798088531e-02
2.556996204245078411e-02
2.884891390768705433e-02
3.226415421547369072e-02
3.519111058668739772e-02
3.712168425499313973e-02
3.771270486761942042e-02
3.767705795962687093e-02
3.771281657295403461e-02
3.712136207335647170e-02
3.519086194570593407e-02
3.226418151918570426e-02
2.884892092155096760e-02
2.556949843711571121e-02
2.272202406112783235e-02
2.035194993204593114e-02
1.845354187566305287e-02
1.696378121543443834e-02
1.603055629166159554e-02
1.603027269158621704e-02
1.879147724287769800e-02
2.240554717831301154e-02
2.619226532142407415e-02
2.997636266238305758e-02
3.386297731588793630e-02
3.771254465960560687e-02
4.176747681950520458e-02
4.516367808822285834e-02
4.647817507927012176e-02
4.516367780054952180e-02
4.176751263214043691e-02
3.771281657295401379e-02
3.386306938089525542e-02
2.997599130321679239e-02
2.619257870262250987e-02
2.240515838965079568e-02
1.879131252698208743e-02
1.603042457820484309e-02
1.427424075191213206e-02
1.331108895500413523e-02
1.307432939854102395e-02
1.331182052819031118e-02
1.427373431663465746e-02
1.696362971317519341e-02
2.240554717831299766e-02
2.900368396434816962e-02
3.706818126341373393e-02
4.572720367391729102e-02
5.324339343920192480e-02
5.778366290159554775e-02
5.906809976937231477e-02
5.954088558180687524e-02
5.833350848223228108e-02
5.298546466297313767e-02
4.516360203436516063e-02
3.712136207335645088e-02
2.997599130321681321e-02
2.410897955722164643e-02
1.914776499575218671e-02
1.476327958197315958e-02
1.189410155392059583e-02
1.047939001951609175e-02
9.695946878889699291e-03
9.504576283974009929e-03
9.993882203652980703e-03
1.109860554848418959e-02
1.331151496067995744e-02
1.845375108396352104e-02
2.619226532142405334e-02
3.706818126341376168e-02
5.282131904313807497e-02
6.583101704859410652e-02
6.529650840969115910e-02
6.126113334281555606e-02
6.652786343162812865e-02
7.115229414840777700e-02
6.676768612602117237e-02
5.833381090047892042e-02
4.647803263740624136e-02
3.519086194570596182e-02
2.619257870262249252e-02
1.914776499575218671e-02
1.343263178767389876e-02
9.770223658764369198e-03
8.086759805599740350e-03
7.080892637573797666e-03
6.663823879209824878e-03
6.954897558475802745e-03
8.064256585737440003e-03
9.992519644374196416e-03
1.307382048633662017e-02
2.035221783644306989e-02
2.997636266238303329e-02
4.572720367391726326e-02
6.583101704859405101e-02
5.435382208618252248e-02
2.381041804725555697e-02
2.372472887139414482e-02
2.498140902404900887e-02
5.540495870391299454e-02
7.115240107712787754e-02
5.954092119986448967e-02
4.516360203436520226e-02
3.226418151918572508e-02
2.240515838965079568e-02
1.476327958197315438e-02
9.770223658764376137e-03
7.255801504804957475e-03
5.762758668446038741e-03
4.787908544625408581e-03
4.658408298380524448e-03
5.342384385689436486e-03
6.955449213820128103e-03
9.503825229886592868e-03
1.331151496067998694e-02
2.272185906798084715e-02
3.386297731588791549e-02
5.324339343920182765e-02
6.529650840969121461e-02
2.381041804725552921e-02
9.999999999999999547e-07
9.999999999999999547e-07
9.999999999999999547e-07
2.498179911691536526e-02
6.652588175764784229e-02
5.906723616748275896e-02
4.176751263214036752e-02
2.884892092155095719e-02
1.879131252698208396e-02
1.189410155392059583e-02
8.086759805599723003e-03
5.762758668446043946e-03
4.241446158405537230e-03
3.499394550725662845e-03
3.661078860887755949e-03
4.659345807578372731e-03
6.665132755045494704e-03
9.693666890869576114e-03
1.427373431663466440e-02
2.556996204245075982e-02
3.771254465960553748e-02
5.778366290159551305e-02
6.126113334281561157e-02
2.372472887139406503e-02
9.999999999999999547e-07
9.999999999999999547e-07
9.999999999999999547e-07
2.372441505521446711e-02
6.126136119841798372e-02
5.778180034906882367e-02
3.771270486761937879e-02
2.556949843711571121e-02
1.603042457820485697e-02
1.047939001951608828e-02
7.080892637573803737e-03
4.787908544625405979e-03
3.499394550725662845e-03
3.058831959934529138e-03
3.499050090928949343e-03
4.788421447522186146e-03
7.081376027851374322e-03
1.048104019510610885e-02
1.603055629166161636e-02
2.884891390768700228e-02
4.176747681950514213e-02
5.906809976937224538e-02
6.652786343162818417e-02
2.498140902404904010e-02
9.999999999999999547e-07
9.999999999999999547e-07
9.999999999999999547e-07
2.380967216158259153e-02
6.529542387723047403e-02
5.324437423709022649e-02
3.386344415806757935e-02
2.272202406112783235e-02
1.427424075191214073e-02
9.695946878889718373e-03
6.663823879209834419e-03
4.658408298380527050e-03
3.661078860887753347e-03
3.499050090928941537e-03
4.240511189614147060e-03
5.762462649582675289e-03
8.084613638309062766e-03
1.189336745679416517e-02
1.879158093012672434e-02
3.226415421547366991e-02
4.516367808822281671e-02
5.954088558180681279e-02
7.115229414840780475e-02
5.540495870391287658e-02
2.498179911691525423e-02
2.372441505521444977e-02
2.380967216158250133e-02
5.435172583079456166e-02
6.582944313368781220e-02
4.572842115006119090e-02
2.997641585240506598e-02
2.035194993204593808e-02
1.331108895500413870e-02
9.504576283974006459e-03
6.954897558475812286e-03
5.342384385689446027e-03
4.659345807578372731e-03
4.788421447522186146e-03
5.762462649582683963e-03
7.258141717398670922e-03
9.771674423248900496e-03
1.476334015867209956e-02
2.240535540859459745e-02
3.519111058668737690e-02
4.647817507927012176e-02
5.833350848223229496e-02
6.676768612602118624e-02
7.115240107712784978e-02
6.652588175764781453e-02
6.126136119841796290e-02
6.529542387723044627e-02
6.582944313368783995e-02
5.281898366782836196e-02
3.706845783164713221e-02
2.619281742254266424e-02
1.845354187566303206e-02
1.307432939854102742e-02
9.993882203652963356e-03
8.064256585737440003e-03
6.955449213820128103e-03
6.665132755045501643e-03
7.081376027851382995e-03
8.084613638309062766e-03
9.771674423248895291e-03
1.343317746563125852e-02
1.914793967003816655e-02
2.619281742254271628e-02
3.712168425499310503e-02
4.516367780054948711e-02
5.298546466297309604e-02
5.833381090047889267e-02
5.954092119986448967e-02
5.906723616748275896e-02
5.778180034906882367e-02
5.324437423709014322e-02
4.572842115006117009e-02
3.706845783164710445e-02
2.900364725981490269e-02
2.240535540859459052e-02
1.696378121543443834e-02
1.331182052819029037e-02
1.109860554848417918e-02
9.992519644374182539e-03
9.503825229886603276e-03
9.693666890869579583e-03
1.048104019510612446e-02
1.189336745679415823e-02
1.476334015867211864e-02
1.914793967003816308e-02
2.410987944814279443e-02
2.997641585240510415e-02
3.771270486761940655e-02
4.176751263214038140e-02
4.516360203436516063e-02
4.647803263740622748e-02
4.516360203436517451e-02
4.176751263214031895e-02
3.771270486761933716e-02
3.386344415806755853e-02
2.997641585240504170e-02
2.619281742254265383e-02
2.240535540859458011e-02
1.879158093012669312e-02
1.603055629166159554e-02
1.427373431663465225e-02
1.331151496067996091e-02
1.307382048633663058e-02
1.331151496067997306e-02
1.427373431663468521e-02
1.603055629166163371e-02
1.879158093012672434e-02
2.240535540859461827e-02
2.619281742254270240e-02
2.997641585240511802e-02
3.386344415806766261e-02
6.005782283268958771e-02
5.778485327523046056e-02
5.307471035211534099e-02
4.732038001668655708e-02
3.980366375210570018e-02
3.226403582566784306e-02
2.566755772793132689e-02
2.035194993204593808e-02
1.613570927742837002e-02
1.311114348069947894e-02
1.135444400676547012e-02
1.048104019510612099e-02
1.019582654651440996e-02
1.048043717862628434e-02
1.135464429856217899e-02
1.311123964147551703e-02
1.613523894960243801e-02
2.035245174649867941e-02
2.566745336142601044e-02
3.226415421547365603e-02
3.980387884706072799e-02
4.732054274981916525e-02
5.307490684623363680e-02
5.778180034906882367e-02
5.778485327523043974e-02
5.324255692711969690e-02
4.572787703796996756e-02
3.706775783745473729e-02
2.900331118248110004e-02
2.240542794775787772e-02
1.696369006750834268e-02
1.331108895500414564e-02
1.110046501755339483e-02
9.992378546079446963e-03
9.506079551683480761e-03
9.693666890869576114e-03
1.048043717862629474e-02
1.189442476480571768e-02
1.476339946220347685e-02
1.914806252627790709e-02
2.410888851956748472e-02
2.997607723983146746e-02
3.712136328623478337e-02
4.516367808822283753e-02
5.298541729703214187e-02
5.833349751986133952e-02
5.954081676281303137e-02
5.906723616748277284e-02
5.307471035211539651e-02
4.572787703796993286e-02
3.693575547566263495e-02
2.775072793533644305e-02
2.063312479877867436e-02
1.476297741836392514e-02
1.135526453442269046e-02
9.504576283974016868e-03
8.423491796378048541e-03
8.154596824664987406e-03
8.424351122830044808e-03
9.503825229886608481e-03
1.135464429856216859e-02
1.476339946220347685e-02
2.063311440019220677e-02
2.775071108820538826e-02
3.693570588504140745e-02
4.572849754257077293e-02
5.307522195121997660e-02
5.954088558180685442e-02
6.566666482808726502e-02
6.845826073302464787e-02
6.566683020578077679e-02
5.954092119986444803e-02
4.732038001668657096e-02
3.706775783745475811e-02
2.775072793533646734e-02
2.017880938610786684e-02
1.378667629467513964e-02
9.771116021723934980e-03
8.107805435965762669e-03
6.954897558475805347e-03
6.458218705223843677e-03
6.962895172728052542e-03
8.154175980430325085e-03
9.992519644374186008e-03
1.311123964147551182e-02
1.914806252627790015e-02
2.775071108820538826e-02
4.176653727290406681e-02
5.794905273054550693e-02
6.583128658663524313e-02
6.794473941225666336e-02
7.115229414840786026e-02
7.313175227822169000e-02
7.322398639835533962e-02
6.845790134301475705e-02
5.833381090047885104e-02
3.980366375210570018e-02
2.900331118248108964e-02
2.063312479877866396e-02
1.378667629467514831e-02
9.289675563696307356e-03
7.258101735888308065e-03
6.083901838755527772e-03
5.342384385689451232e-03
5.367070119799837412e-03
6.460133959553052314e-03
8.424351122830023991e-03
1.109860554848418265e-02
1.613523894960243107e-02
2.410888851956748472e-02
3.693570588504142826e-02
5.794905273054552081e-02
6.773643925509778563e-02
5.435433947429533369e-02
4.437672241826561698e-02
5.540495870391287658e-02
7.373013750572698921e-02
7.313142327381406960e-02
6.566683020578079066e-02
5.298546466297306828e-02
3.226403582566784306e-02
2.240542794775787772e-02
1.476297741836392168e-02
9.771116021723926306e-03
7.258101735888298524e-03
5.760899317784400238e-03
4.788431534588409241e-03
4.659345807578367527e-03
5.340987337114052116e-03
6.954508008157865746e-03
9.506079551683465148e-03
1.331182052819029557e-02
2.035245174649867247e-02
2.997607723983146052e-02
4.572849754257078680e-02
6.583128658663527089e-02
5.435433947429538226e-02
2.381055750057402623e-02
2.372333135687582778e-02
2.498179911691526464e-02
5.540377802110380695e-02
7.115166128756089670e-02
5.954081676281311464e-02
4.516367780054941772e-02
2.566755772793132689e-02
1.696369006750834962e-02
1.135526453442268179e-02
8.107805435965773078e-03
6.083901838755527772e-03
4.788431534588405772e-03
4.282574287661666118e-03
4.788421447522188748e-03
6.082763805546067062e-03
8.108645712335325537e-03
1.135444400676545104e-02
1.696378121543444181e-02
2.566745336142601044e-02
3.712136328623480419e-02
5.307522195122001823e-02
6.794473941225658009e-02
4.437672241826568637e-02
2.372333135687586594e-02
4.320048100942699282e-02
2.372441505521443936e-02
4.437464994508725363e-02
6.794158838701348790e-02
5.307490684623367844e-02
3.712168425499305646e-02
2.035194993204593808e-02
1.331108895500414564e-02
9.504576283974022072e-03
6.954897558475812286e-03
5.342384385689451232e-03
4.659345807578370129e-03
4.788421447522188748e-03
5.762462649582675289e-03
7.258141717398663116e-03
9.771674423248891822e-03
1.476334015867209956e-02
2.240535540859458011e-02
3.226415421547362133e-02
4.516367808822280283e-02
5.954088558180686136e-02
7.115229414840773536e-02
5.540495870391282801e-02
2.498179911691522301e-02
2.372441505521442548e-02
2.380967216158248745e-02
5.435172583079445757e-02
6.582944313368783995e-02
4.572842115006120478e-02
2.997641585240505210e-02
1.613570927742835615e-02
1.110046501755339830e-02
8.423491796378041602e-03
6.458218705223830666e-03
5.367070119799828738e-03
5.340987337114048647e-03
6.082763805546069664e-03
7.258141717398666586e-03
9.288186231412731350e-03
1.378687922853559858e-02
2.063365845203495030e-02
2.900364725981493391e-02
3.980387884706071411e-02
5.298541729703216963e-02
6.566666482808727889e-02
7.313175227822169000e-02
7.373013750572696146e-02
5.540377802110386246e-02
4.437464994508730221e-02
5.435172583079454084e-02
6.773386998303913831e-02
5.794830779481283806e-02
3.693677133255705153e-02
2.410987944814274586e-02
1.311114348069946506e-02
9.992378546079434820e-03
8.154596824664978733e-03
6.962895172728045604e-03
6.460133959553056651e-03
6.954508008157879624e-03
8.108645712335342884e-03
9.771674423248900496e-03
1.378687922853558470e-02
2.017934263329950600e-02
2.775117210878185262e-02
3.706845783164711833e-02
4.732054274981919301e-02
5.833349751986133952e-02
6.845826073302468950e-02
7.322398639835538126e-02
7.313142327381400021e-02
7.115166128756093833e-02
6.794158838701348790e-02
6.582944313368778444e-02
5.794830779481287969e-02
4.176438171868588484e-02
2.775117210878185262e-02
1.914793967003813185e-02
1.135444400676547533e-02
9.506079551683475556e-03
8.424351122830037869e-03
8.154175980430328555e-03
8.424351122830030930e-03
9.506079551683458209e-03
1.135444400676545104e-02
1.476334015867207874e-02
2.063365845203493990e-02
2.775117210878186302e-02
3.693677133255700989e-02
4.572842115006118396e-02
5.307490684623363680e-02
5.954081676281303137e-02
6.566683020578074903e-02
6.845790134301472929e-02
6.566683020578077679e-02
5.954081676281311464e-02
5.307490684623365762e-02
4.572842115006124641e-02
3.693677133255712786e-02
2.775117210878190813e-02
2.063365845203496765e-02
1.476334015867210997e-02
1.048104019510613487e-02
9.693666890869591726e-03
9.503825229886617154e-03
9.992519644374189478e-03
1.109860554848418959e-02
1.331182052819031118e-02
1.696378121543443140e-02
2.240535540859459052e-02
2.900364725981491310e-02
3.706845783164706976e-02
4.572842115006117009e-02
5.324437423709015710e-02
5.778180034906879592e-02
5.906723616748279365e-02
5.954092119986446191e-02
5.833381090047889267e-02
5.298546466297310992e-02
4.516367780054947323e-02
3.712168425499311197e-02
2.997641585240505210e-02
2.410987944814278749e-02
1.914793967003818043e-02
1.476334015867210477e-02
1.189336745679416170e-02
1.019582654651440649e-02
1.048043717862629128e-02
1.135464429856217553e-02
1.311123964147551703e-02
1.613523894960244495e-02
2.035245174649867941e-02
2.566745336142601044e-02
3.226415421547368378e-02
3.980387884706076962e-02
4.732054274981917913e-02
5.307490684623365762e-02
5.778180034906882367e-02
6.005782283268964322e-02
5.778485327523043974e-02
5.307471035211539651e-02
4.732038001668659871e-02
3.980366375210567242e-02
3.226403582566785000e-02
2.566755772793130955e-02
2.035194993204593461e-02
1.613570927742836655e-02
1.311114348069946853e-02
1.135444400676547012e-02
1.048104019510611752e-02
1.048043717862628087e-02
1.189442476480572462e-02
1.476339946220348726e-02
1.914806252627789668e-02
2.410888851956749859e-02
2.997607723983148828e-02
3.712136328623481807e-02
4.516367808822285140e-02
5.298541729703216963e-02
5.833349751986136034e-02
5.954081676281306607e-02
5.906723616748273814e-02
5.778485327523046056e-02
5.324255692711969690e-02
4.572787703796992592e-02
3.706775783745477199e-02
2.900331118248108964e-02
2.240542794775786731e-02
1.696369006750833922e-02
1.331108895500413870e-02
1.110046501755339136e-02
9.992378546079446963e-03
9.506079551683484230e-03
9.693666890869591726e-03
1.135464429856216859e-02
1.476339946220348032e-02
2.063311440019220677e-02
2.775071108820539867e-02
3.693570588504140745e-02
4.572849754257082844e-02
5.307522195121999048e-02
5.954088558180687524e-02
6.566666482808726502e-02
6.845826073302464787e-02
6.566683020578072127e-02
5.954092119986447579e-02
5.307471035211543120e-02
4.572787703796997449e-02
3.693575547566265577e-02
2.775072793533646734e-02
2.063312479877865702e-02
1.476297741836392168e-02
1.135526453442268179e-02
9.504576283974013398e-03
8.423491796378034663e-03
8.154596824664982202e-03
8.424351122830048277e-03
9.503825229886608481e-03
1.311123964147550836e-02
1.914806252627789321e-02
2.775071108820540908e-02
4.176653727290408069e-02
5.794905273054553468e-02
6.583128658663527089e-02
6.794473941225658009e-02
7.115229414840777700e-02
7.313175227822169000e-02
7.322398639835542289e-02
6.845790134301474317e-02
5.833381090047888573e-02
4.732038001668659871e-02
3.706775783745472341e-02
2.775072793533643264e-02
2.017880938610785990e-02
1.378667629467513270e-02
9.771116021723931511e-03
8.107805435965766139e-03
6.954897558475805347e-03
6.458218705223840207e-03
6.962895172728052542e-03
8.154175980430325085e-03
9.992519644374199886e-03
1.613523894960242760e-02
2.410888851956746737e-02
3.693570588504140745e-02
5.794905273054552081e-02
6.773643925509775787e-02
5.435433947429533369e-02
4.437672241826565861e-02
5.540495870391277250e-02
7.373013750572701697e-02
7.313142327381406960e-02
6.566683020578077679e-02
5.298546466297309604e-02
3.980366375210566549e-02
2.900331118248110004e-02
2.063312479877866396e-02
1.378667629467513617e-02
9.289675563696307356e-03
7.258101735888305463e-03
6.083901838755530374e-03
5.342384385689439089e-03
5.367070119799822667e-03
6.460133959553049712e-03
8.424351122830041338e-03
1.109860554848420174e-02
2.035245174649867594e-02
2.997607723983146052e-02
4.572849754257077293e-02
6.583128658663521537e-02
5.435433947429533369e-02
2.381055750057400888e-02
2.372333135687583472e-02
2.498179911691523689e-02
5.540377802110391797e-02
7.115166128756096608e-02
5.954081676281308688e-02
4.516367780054947323e-02
3.226403582566785694e-02
2.240542794775788812e-02
1.476297741836392168e-02
9.771116021723915898e-03
7.258101735888305463e-03
5.760899317784395901e-03
4.788431534588405772e-03
4.659345807578364057e-03
5.340987337114048647e-03
6.954508008157862277e-03
9.506079551683480761e-03
1.331182052819031639e-02
2.566745336142601044e-02
3.712136328623479725e-02
5.307522195122000436e-02
6.794473941225660785e-02
4.437672241826568637e-02
2.372333135687580696e-02
4.320048100942697894e-02
2.372441505521441854e-02
4.437464994508735078e-02
6.794158838701351566e-02
5.307490684623369231e-02
3.712168425499305646e-02
2.566755772793130955e-02
1.696369006750832881e-02
1.135526453442268179e-02
8.107805435965759200e-03
6.083901838755524302e-03
4.788431534588403170e-03
4.282574287661671322e-03
4.788421447522186146e-03
6.082763805546060124e-03
8.108645712335332476e-03
1.135444400676547012e-02
1.696378121543444875e-02
3.226415421547364909e-02
4.516367808822285140e-02
5.954088558180685442e-02
7.115229414840777700e-02
5.540495870391285577e-02
2.498179911691523689e-02
2.372441505521447752e-02
2.380967216158245275e-02
5.435172583079456166e-02
6.582944313368781220e-02
4.572842115006126029e-02
2.997641585240506598e-02
2.035194993204592073e-02
1.331108895500414217e-02
9.504576283974013398e-03
6.954897558475805347e-03
5.342384385689451232e-03
4.659345807578372731e-03
4.788421447522182677e-03
5.762462649582677891e-03
7.258141717398657045e-03
9.771674423248891822e-03
1.476334015867209262e-02
2.240535540859461827e-02
3.980387884706072799e-02
5.298541729703212105e-02
6.566666482808726502e-02
7.313175227822169000e-02
7.373013750572698921e-02
5.540377802110384164e-02
4.437464994508722588e-02
5.435172583079451308e-02
6.773386998303919382e-02
5.794830779481287969e-02
3.693677133255707928e-02
2.410987944814276321e-02
1.613570927742835268e-02
1.110046501755339830e-02
8.423491796378038132e-03
6.458218705223824595e-03
5.367070119799834810e-03
5.340987337114046045e-03
6.082763805546062726e-03
7.258141717398657045e-03
9.288186231412724411e-03
1.378687922853559338e-02
2.063365845203493990e-02
2.900364725981494432e-02
4.732054274981917913e-02
5.833349751986136034e-02
6.845826073302467563e-02
7.322398639835532574e-02
7.313142327381406960e-02
7.115166128756086894e-02
6.794158838701341852e-02
6.582944313368783995e-02
5.794830779481292132e-02
4.176438171868588484e-02
2.775117210878189772e-02
1.914793967003817002e-02
1.311114348069947373e-02
9.992378546079438290e-03
8.154596824664978733e-03
6.962895172728049940e-03
6.460133959553052314e-03
6.954508008157871818e-03
8.108645712335335945e-03
9.771674423248900496e-03
1.378687922853559338e-02
2.017934263329950600e-02
2.775117210878183527e-02
3.706845783164710445e-02
5.307490684623363680e-02
5.954081676281305219e-02
6.566683020578073515e-02
6.845790134301475705e-02
6.566683020578073515e-02
5.954081676281307994e-02
5.307490684623364374e-02
4.572842115006122560e-02
3.693677133255704459e-02
2.775117210878186302e-02
2.063365845203497806e-02
1.476334015867211344e-02
1.135444400676547533e-02
9.506079551683468618e-03
8.424351122830044808e-03
8.154175980430325085e-03
8.424351122830044808e-03
9.506079551683468618e-03
1.135444400676547533e-02
1.476334015867210477e-02
2.063365845203493990e-02
2.775117210878183527e-02
3.693677133255704459e-02
4.572842115006121866e-02
5.778180034906876122e-02
5.906723616748277284e-02
5.954092119986446191e-02
5.833381090047885104e-02
5.298546466297304747e-02
4.516367780054944547e-02
3.712168425499304952e-02
2.997641585240505210e-02
2.410987944814275627e-02
1.914793967003813185e-02
1.476334015867209956e-02
1.189336745679415476e-02
1.048104019510612793e-02
9.693666890869595196e-03
9.503825229886620624e-03
9.992519644374196416e-03
1.109860554848419306e-02
1.331182052819032853e-02
1.696378121543445916e-02
2.240535540859459745e-02
2.900364725981493391e-02
3.706845783164709751e-02
4.572842115006118396e-02
5.324437423709019873e-02
5.449767480060103975e-02
6.126072670508958540e-02
6.794385717517407997e-02
6.042566407829619984e-02
4.732038299978481855e-02
3.519103900424189885e-02
2.574610524200498032e-02
1.845354187566304940e-02
1.311114348069946853e-02
9.788753022156173461e-03
8.108645712335342884e-03
7.081376027851376924e-03
6.623896431181581536e-03
7.080530714771226392e-03
8.106940813387700923e-03
9.787984704377680756e-03
1.311049222333094191e-02
1.845360054596215452e-02
2.574610524200494910e-02
3.519111058668739772e-02
4.732054274981919995e-02
6.042457112493779259e-02
6.794158838701351566e-02
6.126136119841798372e-02
6.126072670508964091e-02
6.529805479392127021e-02
6.583181974781328327e-02
5.282035220778186907e-02
3.706813773793635886e-02
2.619207260130649792e-02
1.845360054596218921e-02
1.307432939854102395e-02
9.992378546079427881e-03
8.063003160732993765e-03
6.954508008157876155e-03
6.665132755045507715e-03
7.080530714771236800e-03
8.084681125487474390e-03
9.771419272816352780e-03
1.343257434577892553e-02
1.914812706110791823e-02
2.619207260130648057e-02
3.519103900424191272e-02
4.647817507927009401e-02
5.833349751986133952e-02
6.676722385539837767e-02
7.115166128756096608e-02
6.652588175764784229e-02
6.794385717517399670e-02
6.583181974781328327e-02
5.794868709788264516e-02
4.176577946303480782e-02
2.775080954889524998e-02
1.914812706110791823e-02
1.311049222333093844e-02
9.993882203652999785e-03
8.154596824664973528e-03
6.961370476144043175e-03
6.460133959553059253e-03
6.955449213820137644e-03
8.106940813387700923e-03
9.771419272816349311e-03
1.378642806930768620e-02
2.017888915500354666e-02
2.775080954889528120e-02
3.706813773793635886e-02
4.732038299978485324e-02
5.833350848223229496e-02
6.845826073302474502e-02
7.322365202643345283e-02
7.313142327381409735e-02
7.115240107712782203e-02
6.042566407829621372e-02
5.282035220778181356e-02
4.176577946303485639e-02
2.923224131468053419e-02
2.017888915500354666e-02
1.343257434577892553e-02
9.787984704377684225e-03
8.064256585737443472e-03
6.962895172728066420e-03
6.680449761003276650e-03
6.962895172728052542e-03
8.064256585737440003e-03
9.787984704377680756e-03
1.343257434577891339e-02
2.017888915500352584e-02
2.923224131468057929e-02
4.176577946303485639e-02
5.282035220778186907e-02
6.042566407829625535e-02
6.676768612602118624e-02
7.322398639835540901e-02
7.663779116405176894e-02
7.322398639835539513e-02
6.676768612602117237e-02
4.732038299978481855e-02
3.706813773793635192e-02
2.775080954889528120e-02
2.017888915500353972e-02
1.378642806930769314e-02
9.771419272816342372e-03
8.106940813387693984e-03
6.955449213820134174e-03
6.460133959553059253e-03
6.961370476144046644e-03
8.154596824664978733e-03
9.993882203652985907e-03
1.311049222333094885e-02
1.914812706110791476e-02
2.775080954889524998e-02
4.176577946303484945e-02
5.794868709788265210e-02
6.583181974781325552e-02
6.794385717517405221e-02
7.115240107712782203e-02
7.313142327381411123e-02
7.322365202643345283e-02
6.845826073302474502e-02
5.833350848223223944e-02
3.519103900424187803e-02
2.619207260130650833e-02
1.914812706110791823e-02
1.343257434577892900e-02
9.771419272816342372e-03
8.084681125487463982e-03
7.080530714771239402e-03
6.665132755045507715e-03
6.954508008157876155e-03
8.063003160732997235e-03
9.992378546079431351e-03
1.307432939854102048e-02
1.845360054596216839e-02
2.619207260130649098e-02
3.706813773793635192e-02
5.282035220778188295e-02
6.583181974781320001e-02
6.529805479392131184e-02
6.126072670508953683e-02
6.652588175764784229e-02
7.115166128756086894e-02
6.676722385539840543e-02
5.833349751986138809e-02
4.647817507927007319e-02
2.574610524200498032e-02
1.845360054596218921e-02
1.311049222333095926e-02
9.787984704377687695e-03
8.106940813387707861e-03
7.080530714771233330e-03
6.623896431181587607e-03
7.081376027851374322e-03
8.108645712335325537e-03
9.788753022156169992e-03
1.311114348069944424e-02
1.845354187566304940e-02
2.574610524200496992e-02
3.519103900424189885e-02
4.732038299978481855e-02
6.042566407829622066e-02
6.794385717517395507e-02
6.126072670508953683e-02
5.449767480060098424e-02
6.126136119841796290e-02
6.794158838701348790e-02
6.042457112493788279e-02
4.732054274981925546e-02
3.519111058668734221e-02
1.845354187566305981e-02
1.307432939854103089e-02
9.993882203652992846e-03
8.064256585737446942e-03
6.955449213820137644e-03
6.665132755045514654e-03
7.081376027851382995e-03
8.084613638309055828e-03
9.771674423248891822e-03
1.343317746563124464e-02
1.914793967003813879e-02
2.619281742254269546e-02
3.519111058668736997e-02
4.647817507927008707e-02
5.833350848223223944e-02
6.676768612602115849e-02
7.115240107712789142e-02
6.652588175764785616e-02
6.126136119841790045e-02
6.529542387723044627e-02
6.582944313368788158e-02
5.281898366782839666e-02
3.706845783164709751e-02
2.619281742254265383e-02
1.311114348069946853e-02
9.992378546079443494e-03
8.154596824664978733e-03
6.962895172728060349e-03
6.460133959553059253e-03
6.954508008157869216e-03
8.108645712335332476e-03
9.771674423248905700e-03
1.378687922853560552e-02
2.017934263329952682e-02
2.775117210878187343e-02
3.706845783164710445e-02
4.732054274981916525e-02
5.833349751986140891e-02
6.845826073302468950e-02
7.322398639835542289e-02
7.313142327381413899e-02
7.115166128756096608e-02
6.794158838701344627e-02
6.582944313368783995e-02
5.794830779481293520e-02
4.176438171868585708e-02
2.775117210878187343e-02
1.914793967003812145e-02
9.788753022156176931e-03
8.063003160732993765e-03
6.961370476144036236e-03
6.680449761003270578e-03
6.961370476144046644e-03
8.063003160732997235e-03
9.788753022156176931e-03
1.343317746563126545e-02
2.017934263329952682e-02
2.923429354991544452e-02
4.176438171868582933e-02
5.281898366782832727e-02
6.042457112493786198e-02
6.676722385539846094e-02
7.322365202643342508e-02
7.663779116405176894e-02
7.322365202643341120e-02
6.676722385539846094e-02
6.042457112493786198e-02
5.281898366782839666e-02
4.176438171868590565e-02
2.923429354991546533e-02
2.017934263329950600e-02
1.343317746563123076e-02
8.108645712335339414e-03
6.954508008157871818e-03
6.460133959553062723e-03
6.962895172728056012e-03
8.154596824664982202e-03
9.992378546079438290e-03
1.311114348069945812e-02
1.914793967003813185e-02
2.775117210878184568e-02
4.176438171868582933e-02
5.794830779481289357e-02
6.582944313368781220e-02
6.794158838701354342e-02
7.115166128756096608e-02
7.313142327381409735e-02
7.322398639835540901e-02
6.845826073302467563e-02
5.833349751986140891e-02
4.732054274981921382e-02
3.706845783164713914e-02
2.775117210878193935e-02
2.017934263329956152e-02
1.378687922853561593e-02
9.771674423248888353e-03
7.081376027851380393e-03
6.665132755045507715e-03
6.955449213820130705e-03
8.064256585737440003e-03
9.993882203652985907e-03
1.307432939854103089e-02
1.845354187566305981e-02
2.619281742254268505e-02
3.706845783164707669e-02
5.281898366782834808e-02
6.582944313368781220e-02
6.529542387723047403e-02
6.126136119841792821e-02
6.652588175764784229e-02
7.115240107712789142e-02
6.676768612602113073e-02
5.833350848223225332e-02
4.647817507927014952e-02
3.519111058668737690e-02
2.619281742254268505e-02
1.914793967003817002e-02
1.343317746563125331e-02
9.771674423248897026e-03
8.084613638309055828e-03
6.623896431181591944e-03
7.080530714771228994e-03
8.106940813387697453e-03
9.787984704377677286e-03
1.311049222333094538e-02
1.845360054596217186e-02
2.574610524200494910e-02
3.519111058668736997e-02
4.732054274981924158e-02
6.042457112493779259e-02
6.794158838701351566e-02
6.126136119841798372e-02
5.449767480060112301e-02
6.126072670508966866e-02
6.794385717517402445e-02
6.042566407829621372e-02
4.732038299978483242e-02
3.519103900424194048e-02
2.574610524200496992e-02
1.845354187566304940e-02
1.311114348069947894e-02
9.788753022156169992e-03
8.108645712335339414e-03
7.081376027851376924e-03
7.080530714771233330e-03
8.084681125487470921e-03
9.771419272816356250e-03
1.343257434577892553e-02
1.914812706110791823e-02
2.619207260130652221e-02
3.519103900424191272e-02
4.647817507927009401e-02
5.833349751986140891e-02
6.676722385539843319e-02
7.115166128756096608e-02
6.652588175764792555e-02
6.126072670508964091e-02
6.529805479392131184e-02
6.583181974781328327e-02
5.282035220778184825e-02
3.706813773793640049e-02
2.619207260130649792e-02
1.845360054596217880e-02
1.307432939854102048e-02
9.992378546079446963e-03
8.063003160732993765e-03
6.954508008157876155e-03
6.665132755045511184e-03
8.106940813387700923e-03
9.771419272816349311e-03
1.378642806930768100e-02
2.017888915500352584e-02
2.775080954889526039e-02
3.706813773793637967e-02
4.732038299978483242e-02
5.833350848223228108e-02
6.845826073302467563e-02
7.322365202643336957e-02
7.313142327381409735e-02
7.115240107712787754e-02
6.794385717517405221e-02
6.583181974781328327e-02
5.794868709788266598e-02
4.176577946303484945e-02
2.775080954889526039e-02
1.914812706110791476e-02
1.311049222333094538e-02
9.993882203652973764e-03
8.154596824664982202e-03
6.961370476144046644e-03
6.460133959553068794e-03
6.955449213820137644e-03
9.787984704377684225e-03
1.343257434577891339e-02
2.017888915500352584e-02
2.923224131468056888e-02
4.176577946303489108e-02
5.282035220778188295e-02
6.042566407829622066e-02
6.676768612602113073e-02
7.322398639835540901e-02
7.663779116405174119e-02
7.322398639835543677e-02
6.676768612602108910e-02
6.042566407829621372e-02
5.282035220778186907e-02
4.176577946303484945e-02
2.923224131468053419e-02
2.017888915500352584e-02
1.343257434577891686e-02
9.787984704377677286e-03
8.064256585737429595e-03
6.962895172728060349e-03
6.680449761003270578e-03
6.962895172728062951e-03
8.064256585737436533e-03
1.311049222333092804e-02
1.914812706110791130e-02
2.775080954889524998e-02
4.176577946303483557e-02
5.794868709788265210e-02
6.583181974781325552e-02
6.794385717517392731e-02
7.115240107712787754e-02
7.313142327381409735e-02
7.322365202643343896e-02
6.845826073302471726e-02
5.833350848223226720e-02
4.732038299978485324e-02
3.706813773793640049e-02
2.775080954889528120e-02
2.017888915500352584e-02
1.378642806930771049e-02
9.771419272816356250e-03
8.106940813387687045e-03
6.955449213820130705e-03
6.460133959553059253e-03
6.961370476144053583e-03
8.154596824664982202e-03
9.993882203652989377e-03
1.845360054596216146e-02
2.619207260130649792e-02
3.706813773793635192e-02
5.282035220778186213e-02
6.583181974781325552e-02
6.529805479392127021e-02
6.126072670508958540e-02
6.652588175764781453e-02
7.115166128756089670e-02
6.676722385539843319e-02
5.833349751986140891e-02
4.647817507927016339e-02
3.519103900424194742e-02
2.619207260130652221e-02
1.914812706110792864e-02
1.343257434577892900e-02
9.771419272816364923e-03
8.084681125487463982e-03
7.080530714771236800e-03
6.665132755045501643e-03
6.954508008157869216e-03
8.063003160732986827e-03
9.992378546079438290e-03
1.307432939854103089e-02
2.574610524200498032e-02
3.519103900424189191e-02
4.732038299978481161e-02
6.042566407829619984e-02
6.794385717517389955e-02
6.126072670508955764e-02
5.449767480060096342e-02
6.126136119841787964e-02
6.794158838701351566e-02
6.042457112493784810e-02
4.732054274981925546e-02
3.519111058668737690e-02
2.574610524200498032e-02
1.845360054596217533e-02
1.311049222333094885e-02
9.787984704377673817e-03
8.106940813387697453e-03
7.080530714771236800e-03
6.623896431181587607e-03
7.081376027851369985e-03
8.108645712335325537e-03
9.788753022156168257e-03
1.311114348069946159e-02
1.845354187566306675e-02
3.519111058668739772e-02
4.647817507927012870e-02
5.833350848223226720e-02
6.676768612602113073e-02
7.115240107712794693e-02
6.652588175764777290e-02
6.126136119841796290e-02
6.529542387723044627e-02
6.582944313368783995e-02
5.281898366782834808e-02
3.706845783164707669e-02
2.619281742254268505e-02
1.845354187566303553e-02
1.307432939854103089e-02
9.993882203652977234e-03
8.064256585737429595e-03
6.955449213820134174e-03
6.665132755045514654e-03
7.081376027851382995e-03
8.084613638309059297e-03
9.771674423248897026e-03
1.343317746563125852e-02
1.914793967003817002e-02
2.619281742254270240e-02
4.732054274981917913e-02
5.833349751986133952e-02
6.845826073302471726e-02
7.322398639835539513e-02
7.313142327381409735e-02
7.115166128756093833e-02
6.794158838701351566e-02
6.582944313368788158e-02
5.794830779481287969e-02
4.176438171868585014e-02
2.775117210878191507e-02
1.914793967003814920e-02
1.311114348069947894e-02
9.992378546079446963e-03
8.154596824664978733e-03
6.962895172728062951e-03
6.460133959553056651e-03
6.954508008157865746e-03
8.108645712335329006e-03
9.771674423248895291e-03
1.378687922853557256e-02
2.017934263329951641e-02
2.775117210878186302e-02
3.706845783164711833e-02
6.042457112493784810e-02
6.676722385539844706e-02
7.322365202643338344e-02
7.663779116405181058e-02
7.322365202643342508e-02
6.676722385539841931e-02
6.042457112493789667e-02
5.281898366782841747e-02
4.176438171868590565e-02
2.923429354991546533e-02
2.017934263329954417e-02
1.343317746563125852e-02
9.788753022156185604e-03
8.063003160732993765e-03
6.961370476144032766e-03
6.680449761003274048e-03
6.961370476144043175e-03
8.063003160732988561e-03
9.788753022156173461e-03
1.343317746563126198e-02
2.017934263329948866e-02
2.923429354991542370e-02
4.176438171868582239e-02
5.281898366782836196e-02
6.794158838701354342e-02
7.115166128756089670e-02
7.313142327381406960e-02
7.322398639835538126e-02
6.845826073302466175e-02
5.833349751986140197e-02
4.732054274981922770e-02
3.706845783164713914e-02
2.775117210878186302e-02
2.017934263329951641e-02
1.378687922853562287e-02
9.771674423248900496e-03
8.108645712335346353e-03
6.954508008157869216e-03
6.460133959553062723e-03
6.962895172728049940e-03
8.154596824664987406e-03
9.992378546079446963e-03
1.311114348069947373e-02
1.914793967003817002e-02
2.775117210878183527e-02
4.176438171868585014e-02
5.794830779481287969e-02
6.582944313368778444e-02
6.126136119841796290e-02
6.652588175764781453e-02
7.115240107712798856e-02
6.676768612602110298e-02
5.833350848223225332e-02
4.647817507927008707e-02
3.519111058668739078e-02
2.619281742254265383e-02
1.914793967003812492e-02
1.343317746563124464e-02
9.771674423248895291e-03
8.084613638309052358e-03
7.081376027851380393e-03
6.665132755045511184e-03
6.955449213820141113e-03
8.064256585737453881e-03
9.993882203652999785e-03
1.307432939854103436e-02
1.845354187566306675e-02
2.619281742254272669e-02
3.706845783164709751e-02
5.281898366782834808e-02
6.582944313368781220e-02
6.529542387723033525e-02
4.320048100942699976e-02
2.372333135687589023e-02
4.437672241826573494e-02
6.794473941225658009e-02
5.307522195121999048e-02
3.712136328623478337e-02
2.566745336142603126e-02
1.696378121543444875e-02
1.135444400676545972e-02
8.108645712335316863e-03
6.082763805546069664e-03
4.788421447522186146e-03
4.282574287661673924e-03
4.788431534588405772e-03
6.083901838755527772e-03
8.107805435965759200e-03
1.135526453442266617e-02
1.696369006750832881e-02
2.566755772793131649e-02
3.712168425499307728e-02
5.307490684623360905e-02
6.794158838701344627e-02
4.437464994508735078e-02
2.372441505521444977e-02
2.372333135687587635e-02
2.381055750057402623e-02
5.435433947429541696e-02
6.583128658663527089e-02
4.572849754257075905e-02
2.997607723983146052e-02
2.035245174649868982e-02
1.331182052819031639e-02
9.506079551683465148e-03
6.954508008157876155e-03
5.340987337114058188e-03
4.659345807578372731e-03
4.788431534588409241e-03
5.760899317784390697e-03
7.258101735888295054e-03
9.771116021723915898e-03
1.476297741836392514e-02
2.240542794775786731e-02
3.226403582566784306e-02
4.516367780054943160e-02
5.954081676281301749e-02
7.115166128756089670e-02
5.540377802110386246e-02
2.498179911691520566e-02
4.437672241826573494e-02
5.435433947429538226e-02
6.773643925509778563e-02
5.794905273054547223e-02
3.693570588504140745e-02
2.410888851956751594e-02
1.613523894960244495e-02
1.109860554848418265e-02
8.424351122830044808e-03
6.460133959553046243e-03
5.367070119799828738e-03
5.342384385689448630e-03
6.083901838755527772e-03
7.258101735888311534e-03
9.289675563696310825e-03
1.378667629467514484e-02
2.063312479877867436e-02
2.900331118248110004e-02
3.980366375210568630e-02
5.298546466297310992e-02
6.566683020578070740e-02
7.313142327381406960e-02
7.373013750572696146e-02
5.540495870391277250e-02
6.794473941225663560e-02
6.583128658663529864e-02
5.794905273054549999e-02
4.176653727290403212e-02
2.775071108820538826e-02
1.914806252627789668e-02
1.311123964147551182e-02
9.992519644374189478e-03
8.154175980430332024e-03
6.962895172728056012e-03
6.458218705223836738e-03
6.954897558475809684e-03
8.107805435965755730e-03
9.771116021723922837e-03
1.378667629467512923e-02
2.017880938610785990e-02
2.775072793533646734e-02
3.706775783745472341e-02
4.732038001668658483e-02
5.833381090047892042e-02
6.845790134301474317e-02
7.322398639835539513e-02
7.313175227822174551e-02
7.115229414840780475e-02
5.307522195121997660e-02
4.572849754257080762e-02
3.693570588504142826e-02
2.775071108820538826e-02
2.063311440019223800e-02
1.476339946220347685e-02
1.135464429856217553e-02
9.503825229886608481e-03
8.424351122830051747e-03
8.154596824664989141e-03
8.423491796378025989e-03
9.504576283974016868e-03
1.135526453442266964e-02
1.476297741836391300e-02
2.063312479877867436e-02
2.775072793533648469e-02
3.693575547566263495e-02
4.572787703796992592e-02
5.307471035211536181e-02
5.954092119986446191e-02
6.566683020578079066e-02
6.845826073302468950e-02
6.566666482808726502e-02
5.954088558180685442e-02
3.712136328623485970e-02
2.997607723983146746e-02
2.410888851956749859e-02
1.914806252627791402e-02
1.476339946220348032e-02
1.189442476480571421e-02
1.048043717862628434e-02
9.693666890869572644e-03
9.506079551683475556e-03
9.992378546079431351e-03
1.110046501755339830e-02
1.331108895500414217e-02
1.696369006750832881e-02
2.240542794775787772e-02
2.900331118248111392e-02
3.706775783745475811e-02
4.572787703796993286e-02
5.324255692711967608e-02
5.778485327523046056e-02
5.906723616748282141e-02
5.954081676281307994e-02
5.833349751986140891e-02
5.298541729703219044e-02
4.516367808822283753e-02
2.566745336142602085e-02
2.035245174649869676e-02
1.613523894960245189e-02
1.311123964147552050e-02
1.135464429856217553e-02
1.048043717862627740e-02
1.019582654651440302e-02
1.048104019510611752e-02
1.135444400676547012e-02
1.311114348069947373e-02
1.613570927742835268e-02
2.035194993204593461e-02
2.566755772793132689e-02
3.226403582566785000e-02
3.980366375210568630e-02
4.732038001668659871e-02
5.307471035211538263e-02
5.778485327523043974e-02
6.005782283268964322e-02
5.778180034906879592e-02
5.307490684623367844e-02
4.732054274981924158e-02
3.980387884706074880e-02
3.226415421547366991e-02
1.696378121543444181e-02
1.331182052819031118e-02
1.109860554848419306e-02
9.992519644374186008e-03
9.503825229886599807e-03
9.693666890869595196e-03
1.048104019510612793e-02
1.189336745679417731e-02
1.476334015867211344e-02
1.914793967003814920e-02
2.410987944814277362e-02
2.997641585240506598e-02
3.712168425499309116e-02
4.516367780054948711e-02
5.298546466297310992e-02
5.833381090047888573e-02
5.954092119986451048e-02
5.906723616748279365e-02
5.778180034906879592e-02
5.324437423709012934e-02
4.572842115006118396e-02
3.706845783164711833e-02
2.900364725981493391e-02
2.240535540859456970e-02
1.135444400676546318e-02
9.506079551683484230e-03
8.424351122830037869e-03
8.154175980430318146e-03
8.424351122830037869e-03
9.506079551683465148e-03
1.135444400676547533e-02
1.476334015867211344e-02
2.063365845203496765e-02
2.775117210878187343e-02
3.693677133255707928e-02
4.572842115006120478e-02
5.307490684623371313e-02
5.954081676281307994e-02
6.566683020578080454e-02
6.845790134301477092e-02
6.566683020578074903e-02
5.954081676281311464e-02
5.307490684623367844e-02
4.572842115006119090e-02
3.693677133255707234e-02
2.775117210878186302e-02
2.063365845203495030e-02
1.476334015867209262e-02
8.108645712335346353e-03
6.954508008157871818e-03
6.460133959553068794e-03
6.962895172728056012e-03
8.154596824664973528e-03
9.992378546079446963e-03
1.311114348069946853e-02
1.914793967003817002e-02
2.775117210878185262e-02
4.176438171868585708e-02
5.794830779481293520e-02
6.582944313368788158e-02
6.794158838701354342e-02
7.115166128756096608e-02
7.313142327381413899e-02
7.322398639835532574e-02
6.845826073302471726e-02
5.833349751986145748e-02
4.732054274981919301e-02
3.706845783164709751e-02
2.775117210878189772e-02
2.017934263329952682e-02
1.378687922853560552e-02
9.771674423248891822e-03
6.082763805546072267e-03
5.340987337114067729e-03
5.367070119799840881e-03
6.458218705223830666e-03
8.423491796378038132e-03
1.110046501755338443e-02
1.613570927742834227e-02
2.410987944814276321e-02
3.693677133255705153e-02
5.794830779481287969e-02
6.773386998303913831e-02
5.435172583079461717e-02
4.437464994508739935e-02
5.540377802110399430e-02
7.373013750572703084e-02
7.313175227822174551e-02
6.566666482808727889e-02
5.298541729703219044e-02
3.980387884706078350e-02
2.900364725981493391e-02
2.063365845203497806e-02
1.378687922853561940e-02
9.288186231412734820e-03
7.258141717398676994e-03
4.788421447522192217e-03
4.659345807578372731e-03
5.342384385689451232e-03
6.954897558475805347e-03
9.504576283974022072e-03
1.331108895500415605e-02
2.035194993204593461e-02
2.997641585240506598e-02
4.572842115006117009e-02
6.582944313368783995e-02
5.435172583079461717e-02
2.380967216158247010e-02
2.372441505521443936e-02
2.498179911691523689e-02
5.540495870391287658e-02
7.115229414840773536e-02
5.954088558180686136e-02
4.516367808822283753e-02
3.226415421547364909e-02
2.240535540859458011e-02
1.476334015867212211e-02
9.771674423248897026e-03
7.258141717398663116e-03
5.762462649582675289e-03
4.282574287661671322e-03
4.788431534588405772e-03
6.083901838755524302e-03
8.107805435965755730e-03
1.135526453442266617e-02
1.696369006750832534e-02
2.566755772793129914e-02
3.712168425499311197e-02
5.307490684623369231e-02
6.794158838701351566e-02
4.437464994508735078e-02
2.372441505521442548e-02
4.320048100942697894e-02
2.372333135687589023e-02
4.437672241826568637e-02
6.794473941225660785e-02
5.307522195121996966e-02
3.712136328623481807e-02
2.566745336142601044e-02
1.696378121543443834e-02
1.135444400676547012e-02
8.108645712335335945e-03
6.082763805546072267e-03
4.788421447522188748e-03
4.788431534588409241e-03
5.760899317784393299e-03
7.258101735888301126e-03
9.771116021723931511e-03
1.476297741836390606e-02
2.240542794775788812e-02
3.226403582566785000e-02
4.516367780054945241e-02
5.954081676281306607e-02
7.115166128756096608e-02
5.540377802110386246e-02
2.498179911691524382e-02
2.372333135687586594e-02
2.381055750057405745e-02
5.435433947429535451e-02
6.583128658663524313e-02
4.572849754257078680e-02
2.997607723983147787e-02
2.035245174649867247e-02
1.331182052819028690e-02
9.506079551683475556e-03
6.954508008157865746e-03
5.340987337114055586e-03
4.659345807578376200e-03
6.083901838755524302e-03
7.258101735888308065e-03
9.289675563696310825e-03
1.378667629467513270e-02
2.063312479877866396e-02
2.900331118248108964e-02
3.980366375210566549e-02
5.298546466297308216e-02
6.566683020578080454e-02
7.313142327381411123e-02
7.373013750572698921e-02
5.540495870391282801e-02
4.437672241826565861e-02
5.435433947429538226e-02
6.773643925509775787e-02
5.794905273054549999e-02
3.693570588504142133e-02
2.410888851956749859e-02
1.613523894960244148e-02
1.109860554848417051e-02
8.424351122830044808e-03
6.460133959553049712e-03
5.367070119799828738e-03
5.342384385689453834e-03
8.107805435965762669e-03
9.771116021723922837e-03
1.378667629467514484e-02
2.017880938610784602e-02
2.775072793533647775e-02
3.706775783745478586e-02
4.732038001668659871e-02
5.833381090047896206e-02
6.845790134301477092e-02
7.322398639835539513e-02
7.313175227822174551e-02
7.115229414840773536e-02
6.794473941225660785e-02
6.583128658663524313e-02
5.794905273054552081e-02
4.176653727290402518e-02
2.775071108820539867e-02
1.914806252627790709e-02
1.311123964147551182e-02
9.992519644374173865e-03
8.154175980430325085e-03
6.962895172728056012e-03
6.458218705223843677e-03
6.954897558475805347e-03
1.135526453442266964e-02
1.476297741836392514e-02
2.063312479877865702e-02
2.775072793533646734e-02
3.693575547566265577e-02
4.572787703796994674e-02
5.307471035211536875e-02
5.954092119986454518e-02
6.566683020578070740e-02
6.845826073302467563e-02
6.566666482808727889e-02
5.954088558180688912e-02
5.307522195122003211e-02
4.572849754257082150e-02
3.693570588504140745e-02
2.775071108820540908e-02
2.063311440019222759e-02
1.476339946220348379e-02
1.135464429856216859e-02
9.503825229886605011e-03
8.424351122830044808e-03
8.154596824664987406e-03
8.423491796378034663e-03
9.504576283974029011e-03
1.696369006750833922e-02
2.240542794775786731e-02
2.900331118248107923e-02
3.706775783745471647e-02
4.572787703796993286e-02
5.324255692711967608e-02
5.778485327523043974e-02
5.906723616748277284e-02
5.954081676281310076e-02
5.833349751986136034e-02
5.298541729703219044e-02
4.516367808822285834e-02
3.712136328623485970e-02
2.997607723983147787e-02
2.410888851956752635e-02
1.914806252627789668e-02
1.476339946220349246e-02
1.189442476480572115e-02
1.048043717862629995e-02
9.693666890869569175e-03
9.506079551683472087e-03
9.992378546079453902e-03
1.110046501755339830e-02
1.331108895500415085e-02
2.566755772793132689e-02
3.226403582566781530e-02
3.980366375210564467e-02
4.732038001668659871e-02
5.307471035211538263e-02
5.778485327523048831e-02
6.005782283268962241e-02
5.778180034906879592e-02
5.307490684623369231e-02
4.732054274981919995e-02
3.980387884706078350e-02
3.226415421547366991e-02
2.566745336142603126e-02
2.035245174649867941e-02
1.613523894960244495e-02
1.311123964147551703e-02
1.135464429856218246e-02
1.048043717862628087e-02
1.019582654651440649e-02
1.048104019510611752e-02
1.135444400676547012e-02
1.311114348069946853e-02
1.613570927742837696e-02
2.035194993204595543e-02
3.712168425499311197e-02
4.516367780054947323e-02
5.298546466297315155e-02
5.833381090047894818e-02
5.954092119986446191e-02
5.906723616748282141e-02
5.778180034906879592e-02
5.324437423709012240e-02
4.572842115006120478e-02
3.706845783164711833e-02
2.900364725981494432e-02
2.240535540859456276e-02
1.696378121543443140e-02
1.331182052819031639e-02
1.109860554848417918e-02
9.992519644374186008e-03
9.503825229886592868e-03
9.693666890869586522e-03
1.048104019510612793e-02
1.189336745679417211e-02
1.476334015867209956e-02
1.914793967003817696e-02
2.410987944814279443e-02
2.997641585240510415e-02
5.307490684623363680e-02
5.954081676281301055e-02
6.566683020578072127e-02
6.845790134301474317e-02
6.566683020578072127e-02
5.954081676281313545e-02
5.307490684623365762e-02
4.572842115006120478e-02
3.693677133255707234e-02
2.775117210878187343e-02
2.063365845203496765e-02
1.476334015867210477e-02
1.135444400676547012e-02
9.506079551683480761e-03
8.424351122830048277e-03
8.154175980430325085e-03
8.424351122830037869e-03
9.506079551683468618e-03
1.135444400676546665e-02
1.476334015867212211e-02
2.063365845203495030e-02
2.775117210878185262e-02
3.693677133255704459e-02
4.572842115006118396e-02
6.794158838701351566e-02
7.115166128756093833e-02
7.313142327381409735e-02
7.322398639835540901e-02
6.845826073302471726e-02
5.833349751986144360e-02
4.732054274981922770e-02
3.706845783164710445e-02
2.775117210878185262e-02
2.017934263329952682e-02
1.378687922853561593e-02
9.771674423248891822e-03
8.108645712335346353e-03
6.954508008157871818e-03
6.460133959553062723e-03
6.962895172728062951e-03
8.154596824664968324e-03
9.992378546079431351e-03
1.311114348069946159e-02
1.914793967003816655e-02
2.775117210878186302e-02
4.176438171868582239e-02
5.794830779481285193e-02
6.582944313368788158e-02
4.437464994508735078e-02
5.540377802110386246e-02
7.373013750572701697e-02
7.313175227822169000e-02
6.566666482808726502e-02
5.298541729703217656e-02
3.980387884706076268e-02
2.900364725981493391e-02
2.063365845203496071e-02
1.378687922853558470e-02
9.288186231412734820e-03
7.258141717398663116e-03
6.082763805546076603e-03
5.340987337114064260e-03
5.367070119799837412e-03
6.458218705223834136e-03
8.423491796378038132e-03
1.110046501755339136e-02
1.613570927742836655e-02
2.410987944814279443e-02
3.693677133255704459e-02
5.794830779481287275e-02
6.773386998303913831e-02
5.435172583079456166e-02
2.372441505521443936e-02
2.498179911691517097e-02
5.540495870391285577e-02
7.115229414840773536e-02
5.954088558180682667e-02
4.516367808822280283e-02
3.226415421547364909e-02
2.240535540859458011e-02
1.476334015867208915e-02
9.771674423248891822e-03
7.258141717398657045e-03
5.762462649582675289e-03
4.788421447522188748e-03
4.659345807578378802e-03
5.342384385689458171e-03
6.954897558475815755e-03
9.504576283974029011e-03
1.331108895500415085e-02
2.035194993204593808e-02
2.997641585240510415e-02
4.572842115006117009e-02
6.582944313368783995e-02
5.435172583079449227e-02
2.380967216158241112e-02
9.999999999999999547e-07
9.999999999999999547e-07
2.372472887139403380e-02
6.126113334281559075e-02
5.778366290159554775e-02
3.771254465960555829e-02
2.556996204245079451e-02
1.603055629166159207e-02
1.048104019510610191e-02
7.081376027851369985e-03
4.788421447522194820e-03
3.499050090928944139e-03
3.058831959934523934e-03
3.499394550725662845e-03
4.787908544625405979e-03
7.080892637573795063e-03
1.047939001951607961e-02
1.603042457820484309e-02
2.556949843711566958e-02
3.771270486761939267e-02
5.778180034906879592e-02
6.126136119841801148e-02
2.372441505521439772e-02
9.999999999999999547e-07
9.999999999999999547e-07
9.999999999999999547e-07
2.381041804725545635e-02
6.529650840969118686e-02
5.324339343920185541e-02
3.386297731588791549e-02
2.272185906798090266e-02
1.427373431663465225e-02
9.693666890869572644e-03
6.665132755045501643e-03
4.659345807578376200e-03
3.661078860887745541e-03
3.499394550725659810e-03
4.241446158405532026e-03
5.762758668446031803e-03
8.086759805599726472e-03
1.189410155392058195e-02
1.879131252698205273e-02
2.884892092155091209e-02
4.176751263214036752e-02
5.906723616748271039e-02
6.652588175764784229e-02
2.498179911691520566e-02
9.999999999999999547e-07
2.372472887139407544e-02
2.381041804725544941e-02
5.435382208618252248e-02
6.583101704859405101e-02
4.572720367391732571e-02
2.997636266238308880e-02
2.035221783644308724e-02
1.331151496067997826e-02
9.503825229886599807e-03
6.955449213820130705e-03
5.342384385689453834e-03
4.658408298380524448e-03
4.787908544625405979e-03
5.762758668446034405e-03
7.255801504804944464e-03
9.770223658764369198e-03
1.476327958197312142e-02
2.240515838965074016e-02
3.226418151918564875e-02
4.516360203436517451e-02
5.954092119986442722e-02
7.115240107712772488e-02
5.540495870391282801e-02
2.498140902404888050e-02
6.126113334281559075e-02
6.529650840969124237e-02
6.583101704859410652e-02
5.282131904313810272e-02
3.706818126341379638e-02
2.619226532142411579e-02
1.845375108396357655e-02
1.307382048633663058e-02
9.992519644374203355e-03
8.064256585737446942e-03
6.954897558475812286e-03
6.663823879209831817e-03
7.080892637573801135e-03
8.086759805599719533e-03
9.770223658764357055e-03
1.343263178767388141e-02
1.914776499575215202e-02
2.619257870262245089e-02
3.519086194570591325e-02
4.647803263740619972e-02
5.833381090047885104e-02
6.676768612602111685e-02
7.115229414840783251e-02
6.652786343162818417e-02
5.778366290159556856e-02
5.324339343920194562e-02
4.572720367391736040e-02
3.706818126341379638e-02
2.900368396434823554e-02
2.240554717831303583e-02
1.696362971317523852e-02
1.331151496067998173e-02
1.109860554848420174e-02
9.993882203652999785e-03
9.504576283974016868e-03
9.695946878889699291e-03
1.047939001951607961e-02
1.189410155392058195e-02
1.476327958197311274e-02
1.914776499575215549e-02
2.410897955722161520e-02
2.997599130321674035e-02
3.712136207335638843e-02
4.516360203436513981e-02
5.298546466297306134e-02
5.833350848223226720e-02
5.954088558180684054e-02
5.906809976937228701e-02
3.771254465960561381e-02
3.386297731588797794e-02
2.997636266238307493e-02
2.619226532142413660e-02
2.240554717831303583e-02
1.879147724287772575e-02
1.603027269158624479e-02
1.427373431663467827e-02
1.331182052819032506e-02
1.307432939854103783e-02
1.331108895500415605e-02
1.427424075191214073e-02
1.603042457820482922e-02
1.879131252698207008e-02
2.240515838965075751e-02
2.619257870262245783e-02
2.997599130321672994e-02
3.386306938089521379e-02
3.771281657295395134e-02
4.176751263214032589e-02
4.516367780054938996e-02
4.647817507927009401e-02
4.516367808822285834e-02
4.176747681950516294e-02
2.556996204245080145e-02
2.272185906798093388e-02
2.035221783644311500e-02
1.845375108396357655e-02
1.696362971317524546e-02
1.603027269158624479e-02
1.574854881100627019e-02
1.603055629166163371e-02
1.696378121543446610e-02
1.845354187566307369e-02
2.035194993204595543e-02
2.272202406112783235e-02
2.556949843711567999e-02
2.884892092155091209e-02
3.226418151918568344e-02
3.519086194570589243e-02
3.712136207335639537e-02
3.771281657295395134e-02
3.767705795962677379e-02
3.771270486761931634e-02
3.712168425499302871e-02
3.519111058668737690e-02
3.226415421547366991e-02
2.884891390768702310e-02
1.603055629166160942e-02
1.427373431663467480e-02
1.331151496067996612e-02
1.307382048633663058e-02
1.331151496067998694e-02
1.427373431663469562e-02
1.603055629166163371e-02
1.879158093012672434e-02
2.240535540859462868e-02
2.619281742254271628e-02
2.997641585240509721e-02
3.386344415806766261e-02
3.771270486761936491e-02
4.176751263214038140e-02
4.516360203436513981e-02
4.647803263740619972e-02
4.516360203436513981e-02
4.176751263214031895e-02
3.771270486761932328e-02
3.386344415806755853e-02
2.997641585240506598e-02
2.619281742254266424e-02
2.240535540859456276e-02
1.879158093012667577e-02
1.048104019510611752e-02
9.693666890869579583e-03
9.503825229886605011e-03
9.992519644374189478e-03
1.109860554848418265e-02
1.331182052819032853e-02
1.696378121543447651e-02
2.240535540859461827e-02
2.900364725981498595e-02
3.706845783164710445e-02
4.572842115006121866e-02
5.324437423709022649e-02
5.778180034906882367e-02
5.906723616748280753e-02
5.954092119986446191e-02
5.833381090047888573e-02
5.298546466297302665e-02
4.516367780054941078e-02
3.712168425499302871e-02
2.997641585240500700e-02
2.410987944814275627e-02
1.914793967003813185e-02
1.476334015867208915e-02
1.189336745679413741e-02
7.081376027851382995e-03
6.665132755045511184e-03
6.955449213820143715e-03
8.064256585737443472e-03
9.993882203652989377e-03
1.307432939854104824e-02
1.845354187566306675e-02
2.619281742254269546e-02
3.706845783164709751e-02
5.281898366782832727e-02
6.582944313368781220e-02
6.529542387723044627e-02
6.126136119841792821e-02
6.652588175764777290e-02
7.115240107712787754e-02
6.676768612602110298e-02
5.833350848223223944e-02
4.647817507927008707e-02
3.519111058668735609e-02
2.619281742254266424e-02
1.914793967003815614e-02
1.343317746563125331e-02
9.771674423248895291e-03
8.084613638309045419e-03
4.788421447522194820e-03
4.659345807578372731e-03
5.342384385689451232e-03
6.954897558475815755e-03
9.504576283974009929e-03
1.331108895500416299e-02
2.035194993204593461e-02
2.997641585240507639e-02
4.572842115006118396e-02
6.582944313368783995e-02
5.435172583079459635e-02
2.380967216158248051e-02
2.372441505521446711e-02
2.498179911691526464e-02
5.540495870391285577e-02
7.115229414840770761e-02
5.954088558180681279e-02
4.516367808822285140e-02
3.226415421547365603e-02
2.240535540859454888e-02
1.476334015867211344e-02
9.771674423248912639e-03
7.258141717398663116e-03
5.762462649582675289e-03
3.499050090928951945e-03
3.661078860887750745e-03
4.658408298380520979e-03
6.663823879209827480e-03
9.695946878889709700e-03
1.427424075191214420e-02
2.272202406112783235e-02
3.386344415806762792e-02
5.324437423709015710e-02
6.529542387723041852e-02
2.380967216158245969e-02
9.999999999999999547e-07
9.999999999999999547e-07
9.999999999999999547e-07
2.498140902404889785e-02
6.652786343162815641e-02
5.906809976937232864e-02
4.176747681950518376e-02
2.884891390768703351e-02
1.879158093012666189e-02
1.189336745679414435e-02
8.084613638309062766e-03
5.762462649582671820e-03
4.240511189614139254e-03
3.058831959934529138e-03
3.499394550725657641e-03
4.787908544625405979e-03
7.080892637573801135e-03
1.047939001951607614e-02
1.603042457820482922e-02
2.556949843711566958e-02
3.771270486761939267e-02
5.778180034906882367e-02
6.126136119841796290e-02
2.372441505521441854e-02
9.999999999999999547e-07
9.999999999999999547e-07
9.999999999999999547e-07
2.372472887139401646e-02
6.126113334281572259e-02
5.778366290159554775e-02
3.771254465960555829e-02
2.556996204245078411e-02
1.603055629166157819e-02
1.048104019510610885e-02
7.081376027851374322e-03
4.788421447522188748e-03
3.499050090928941537e-03
3.499394550725657641e-03
4.241446158405532026e-03
5.762758668446031803e-03
8.086759805599726472e-03
1.189410155392058542e-02
1.879131252698206314e-02
2.884892092155092250e-02
4.176751263214032589e-02
5.906723616748273814e-02
6.652588175764777290e-02
2.498179911691527505e-02
9.999999999999999547e-07
9.999999999999999547e-07
9.999999999999999547e-07
2.381041804725546676e-02
6.529650840969113135e-02
5.324339343920187623e-02
3.386297731588794324e-02
2.272185906798090266e-02
1.427373431663464011e-02
9.693666890869576114e-03
6.665132755045511184e-03
4.659345807578370129e-03
3.661078860887750745e-03
4.787908544625403377e-03
5.762758668446034405e-03
7.255801504804944464e-03
9.770223658764357055e-03
1.476327958197312488e-02
2.240515838965074710e-02
3.226418151918564875e-02
4.516360203436513981e-02
5.954092119986444803e-02
7.115240107712782203e-02
5.540495870391287658e-02
2.498140902404891867e-02
2.372472887139403380e-02
2.381041804725543901e-02
5.435382208618239064e-02
6.583101704859413428e-02
4.572720367391734653e-02
2.997636266238306452e-02
2.035221783644311500e-02
1.331151496067995744e-02
9.503825229886603276e-03
6.955449213820134174e-03
5.342384385689453834e-03
4.658408298380520979e-03
7.080892637573801135e-03
8.086759805599726472e-03
9.770223658764357055e-03
1.343263178767388141e-02
1.914776499575216936e-02
2.619257870262245783e-02
3.519086194570590631e-02
4.647803263740618585e-02
5.833381090047890655e-02
6.676768612602110298e-02
7.115229414840783251e-02
6.652786343162821192e-02
6.126113334281567402e-02
6.529650840969129788e-02
6.583101704859410652e-02
5.282131904313808191e-02
3.706818126341379638e-02
2.619226532142411579e-02
1.845375108396355573e-02
1.307382048633662017e-02
9.992519644374203355e-03
8.064256585737450411e-03
6.954897558475812286e-03
6.663823879209834419e-03
1.047939001951607961e-02
1.189410155392057848e-02
1.476327958197312142e-02
1.914776499575214855e-02
2.410897955722160479e-02
2.997599130321677505e-02
3.712136207335638843e-02
4.516360203436513981e-02
5.298546466297306828e-02
5.833350848223226720e-02
5.954088558180690993e-02
5.906809976937238416e-02
5.778366290159562407e-02
5.324339343920193174e-02
4.572720367391741592e-02
3.706818126341377556e-02
2.900368396434821125e-02
2.240554717831304624e-02
1.696362971317522811e-02
1.331151496067997306e-02
1.109860554848420174e-02
9.993882203652985907e-03
9.504576283974016868e-03
9.695946878889702761e-03
1.603042457820484309e-02
1.879131252698205620e-02
2.240515838965074016e-02
2.619257870262244048e-02
2.997599130321672994e-02
3.386306938089519297e-02
3.771281657295395134e-02
4.176751263214033977e-02
4.516367780054943160e-02
4.647817507927012176e-02
4.516367808822285140e-02
4.176747681950523927e-02
3.771254465960563462e-02
3.386297731588797794e-02
2.997636266238309921e-02
2.619226532142413660e-02
2.240554717831304624e-02
1.879147724287772575e-02
1.603027269158624479e-02
1.427373431663468521e-02
1.331182052819034067e-02
1.307432939854104477e-02
1.331108895500415085e-02
1.427424075191213206e-02
2.556949843711569734e-02
2.884892092155091209e-02
3.226418151918566957e-02
3.519086194570589243e-02
3.712136207335638843e-02
3.771281657295395134e-02
3.767705795962677379e-02
3.771270486761934410e-02
3.712168425499307034e-02
3.519111058668736997e-02
3.226415421547368378e-02
2.884891390768705433e-02
2.556996204245078411e-02
2.272185906798090266e-02
2.035221783644311846e-02
1.845375108396357655e-02
1.696362971317522811e-02
1.603027269158625867e-02
1.574854881100627019e-02
1.603055629166164411e-02
1.696378121543447651e-02
1.845354187566308410e-02
2.035194993204595543e-02
2.272202406112785664e-02
3.771270486761937879e-02
4.176751263214038834e-02
4.516360203436516063e-02
4.647803263740618585e-02
4.516360203436513981e-02
4.176751263214029120e-02
3.771270486761934410e-02
3.386344415806757935e-02
2.997641585240502088e-02
2.619281742254265383e-02
2.240535540859458011e-02
1.879158093012666536e-02
1.603055629166159207e-02
1.427373431663466440e-02
1.331151496067996612e-02
1.307382048633663058e-02
1.331151496067997306e-02
1.427373431663466960e-02
1.603055629166164411e-02
1.879158093012671046e-02
2.240535540859461827e-02
2.619281742254274403e-02
2.997641585240510415e-02
3.386344415806768343e-02
5.778180034906879592e-02
5.906723616748280753e-02
5.954092119986446191e-02
5.833381090047881634e-02
5.298546466297302665e-02
4.516367780054941078e-02
3.712168425499305646e-02
2.997641585240506598e-02
2.410987944814274586e-02
1.914793967003812492e-02
1.476334015867210477e-02
1.189336745679415476e-02
1.048104019510612099e-02
9.693666890869579583e-03
9.503825229886608481e-03
9.992519644374199886e-03
1.109860554848418959e-02
1.331182052819031986e-02
1.696378121543445916e-02
2.240535540859461827e-02
2.900364725981494432e-02
3.706845783164707669e-02
4.572842115006121866e-02
5.324437423709014322e-02
6.126136119841798372e-02
6.652588175764781453e-02
7.115240107712775264e-02
6.676768612602111685e-02
5.833350848223222557e-02
4.647817507927009401e-02
3.519111058668735609e-02
2.619281742254267464e-02
1.914793967003813185e-02
1.343317746563124464e-02
9.771674423248897026e-03
8.084613638309062766e-03
7.081376027851376924e-03
6.665132755045511184e-03
6.955449213820134174e-03
8.064256585737453881e-03
9.993882203652989377e-03
1.307432939854104477e-02
1.845354187566307369e-02
2.619281742254272669e-02
3.706845783164709751e-02
5.281898366782832727e-02
6.582944313368783995e-02
6.529542387723047403e-02
2.372441505521439772e-02
2.498179911691517097e-02
5.540495870391282801e-02
7.115229414840780475e-02
5.954088558180679197e-02
4.516367808822285140e-02
3.226415421547365603e-02
2.240535540859456276e-02
1.476334015867208915e-02
9.771674423248891822e-03
7.258141717398653575e-03
5.762462649582677891e-03
4.788421447522186146e-03
4.659345807578367527e-03
5.342384385689451232e-03
6.954897558475818357e-03
9.504576283974016868e-03
1.331108895500414564e-02
2.035194993204593461e-02
2.997641585240509721e-02
4.572842115006118396e-02
6.582944313368789546e-02
5.435172583079449227e-02
2.380967216158239724e-02
9.999999999999999547e-07
9.999999999999999547e-07
2.498140902404885622e-02
6.652786343162815641e-02
5.906809976937228701e-02
4.176747681950514213e-02
2.884891390768703351e-02
1.879158093012666189e-02
1.189336745679412180e-02
8.084613638309048889e-03
5.762462649582677891e-03
4.240511189614135784e-03
3.499050090928947174e-03
3.661078860887747709e-03
4.658408298380524448e-03
6.663823879209831817e-03
9.695946878889718373e-03
1.427424075191214767e-02
2.272202406112785664e-02
3.386344415806764180e-02
5.324437423709017791e-02
6.529542387723050179e-02
2.380967216158241112e-02
9.999999999999999547e-07
