1.068019051779942008e-12
1.068019051779942008e-12
1.068019051779942008e-12
1.027852424373283807e-01
7.505729060424250199e-02
3.485717217545996477e-02
1.735870336256753119e-02
9.280734891400674313e-03
5.035610671998300147e-03
3.350762438605141974e-03
2.365211216264431586e-03
1.475789803391736954e-03
1.221718139916755158e-03
1.476278186022690663e-03
2.366191653042627480e-03
3.349851965331617637e-03
5.035189665273814147e-03
9.281397309858932174e-03
1.735651324724523867e-02
3.485820184846186859e-02
7.505625448994998616e-02
1.027823922029561382e-01
1.068019051779942008e-12
1.068019051779942008e-12
1.068019051779942008e-12
1.068019051779942008e-12
2.412075862703792414e-02
1.051812804022307646e-01
6.927721718450695343e-02
3.333937149341189426e-02
1.766171026118553908e-02
9.857421113161790593e-03
5.337957135511167336e-03
3.389075942049591620e-03
2.284388983373024980e-03
1.587282445134831311e-03
1.476278186022685892e-03
1.588039922623835911e-03
2.283239454056928616e-03
3.390330344061369666e-03
5.337733236214311019e-03
9.859134102866424013e-03
1.766202343396965774e-02
3.334217316387512453e-02
6.929018318912141816e-02
1.051798631888544028e-01
2.412096093528748667e-02
1.068019051779942008e-12
1.068019051779942008e-12
2.412075862703788251e-02
9.419926643746391604e-02
9.552620769578189230e-02
5.552737691515640533e-02
2.979793943636170270e-02
1.769716682217419707e-02
1.073919342775530791e-02
6.409486507609504606e-03
4.223343452719369867e-03
2.828404885558287798e-03
2.285762168348694136e-03
2.366191653042623144e-03
2.283239454056924713e-03
2.828877459436393051e-03
4.219668951550475770e-03
6.407984418485833042e-03
1.073695164093225497e-02
1.769864822644601210e-02
2.979618513144080549e-02
5.552079543590635741e-02
9.552948126617921698e-02
9.419658194641231108e-02
2.411794872917483873e-02
1.027852424373283530e-01
1.051812804022307368e-01
9.552620769578192006e-02
6.644038981113600806e-02
3.998208492885352294e-02
2.556111089140022594e-02
1.747224923070109931e-02
1.184612405775719267e-02
8.401688199042836938e-03
6.108460878038591071e-03
4.221761539516932088e-03
3.388299312082165664e-03
3.349851965331609397e-03
3.390330344061364461e-03
4.219668951550469699e-03
6.107389208533674230e-03
8.403254826663170834e-03
1.184810584767187133e-02
1.746976789360088142e-02
2.555681842592665010e-02
3.998417214661056235e-02
6.644434040439585465e-02
9.553395537794731607e-02
1.051823038988478204e-01
7.505729060424257137e-02
6.927721718450698118e-02
5.552737691515641227e-02
3.998208492885357845e-02
2.830499005983294278e-02
2.217955203806915021e-02
1.769716682217417278e-02
1.363878926429589605e-02
1.085921289647462894e-02
8.404744107459184363e-03
6.407832503238163405e-03
5.339763741301539225e-03
5.035189665273790728e-03
5.337733236214290203e-03
6.407984418485833042e-03
8.403254826663179508e-03
1.085580294818503516e-02
1.363934657753970020e-02
1.769864822644602945e-02
2.217265785487039162e-02
2.830718926206982761e-02
3.997903235842247688e-02
5.552419250131768180e-02
6.928593764514180686e-02
3.485717217545998559e-02
3.333937149341191508e-02
2.979793943636172351e-02
2.556111089140024675e-02
2.217955203806917103e-02
2.013562332858894952e-02
1.766171026118556683e-02
1.537144254094413576e-02
1.363603291333401364e-02
1.184639096997148165e-02
1.073740561406098283e-02
9.855734905893653169e-03
9.281397309858923500e-03
9.859134102866439625e-03
1.073695164093226885e-02
1.184810584767188001e-02
1.363934657753970020e-02
1.537077775861814266e-02
1.766202343396968896e-02
2.013447118798815383e-02
2.217589906387345752e-02
2.555647353957292076e-02
2.979869742323277768e-02
3.334470443713845322e-02
1.735870336256755894e-02
1.766171026118555643e-02
1.769716682217419707e-02
1.747224923070110625e-02
1.769716682217419707e-02
1.766171026118556683e-02
1.735870336256757629e-02
1.765937231287166911e-02
1.769775610839420879e-02
1.747100854746707482e-02
1.769805893032442429e-02
1.766436149926773475e-02
1.735651324724525602e-02
1.766202343396966815e-02
1.769864822644602945e-02
1.746976789360089530e-02
1.769864822644601904e-02
1.766202343396966815e-02
1.735651324724527336e-02
1.766436149926772781e-02
1.769805893032440000e-02
1.747100854746707482e-02
1.769775610839418103e-02
1.765937231287166911e-02
9.280734891400689926e-03
9.857421113161809675e-03
1.073919342775530791e-02
1.184612405775722389e-02
1.363878926429592207e-02
1.537144254094415310e-02
1.765937231287165871e-02
2.013425680246251626e-02
2.217601010623833704e-02
2.555979866961004612e-02
2.979706913725008871e-02
3.334609055006003409e-02
3.485820184846186859e-02
3.334217316387515923e-02
2.979618513144084019e-02
2.555681842592666397e-02
2.217265785487039162e-02
2.013447118798814689e-02
1.766436149926774515e-02
1.537202669117803018e-02
1.364235876045029501e-02
1.184912141073976750e-02
1.073757094854310701e-02
9.854658124576011480e-03
5.035610671998288004e-03
5.337957135511157795e-03
6.409486507609511545e-03
8.401688199042850816e-03
1.085921289647464455e-02
1.363603291333401364e-02
1.769775610839417410e-02
2.217601010623831623e-02
2.830369641520623022e-02
3.998306498404994441e-02
5.552305746698575628e-02
6.927928304872250920e-02
7.505625448994998616e-02
6.929018318912143204e-02
5.552079543590638516e-02
3.998417214661056235e-02
2.830718926206980332e-02
2.217589906387345058e-02
1.769805893032440000e-02
1.364235876045029501e-02
1.085674286815937681e-02
8.402672136382132936e-03
6.410087530547822765e-03
5.336854193786360473e-03
3.350762438605141974e-03
3.389075942049586416e-03
4.223343452719375071e-03
6.108460878038598010e-03
8.404744107459180893e-03
1.184639096997146777e-02
1.747100854746704707e-02
2.555979866960999755e-02
3.998306498404992360e-02
6.644127002049020347e-02
9.552393687154882296e-02
1.051900905381707441e-01
1.027823922029560966e-01
1.051798631888544028e-01
9.552948126617921698e-02
6.644434040439584077e-02
3.997903235842244218e-02
2.555647353957291035e-02
1.747100854746706788e-02
1.184912141073975710e-02
8.402672136382132936e-03
6.106991966873915982e-03
4.220471708901414078e-03
3.387526947528165817e-03
2.365211216264427249e-03
2.284388983373024980e-03
2.828404885558297773e-03
4.221761539516938160e-03
6.407832503238170344e-03
1.073740561406096895e-02
1.769805893032438959e-02
2.979706913725007830e-02
5.552305746698572159e-02
9.552393687154879520e-02
9.419235203638112730e-02
2.411792741731689019e-02
1.068019051779942008e-12
2.412096093528743462e-02
9.419658194641228333e-02
9.553395537794726056e-02
5.552419250131764017e-02
2.979869742323273257e-02
1.769775610839418103e-02
1.073757094854308272e-02
6.410087530547816694e-03
4.220471708901414078e-03
2.831026957558408375e-03
2.284529905311196221e-03
1.475789803391748881e-03
1.587282445134845406e-03
2.285762168348707581e-03
3.388299312082170868e-03
5.339763741301545297e-03
9.855734905893635822e-03
1.766436149926774515e-02
3.334609055006001327e-02
6.927928304872250920e-02
1.051900905381707441e-01
2.411792741731692835e-02
1.068019051779942008e-12
1.068019051779942008e-12
1.068019051779942008e-12
2.411794872917486995e-02
1.051823038988478204e-01
6.928593764514176523e-02
3.334470443713841159e-02
1.765937231287161013e-02
9.854658124575997602e-03
5.336854193786366544e-03
3.387526947528165817e-03
2.284529905311196221e-03
1.588613988898694707e-03
1.221718139916755158e-03
1.476278186022690663e-03
2.366191653042627480e-03
3.349851965331617637e-03
5.035189665273814147e-03
9.281397309858932174e-03
1.735651324724523867e-02
3.485820184846186859e-02
7.505625448994998616e-02
1.027823922029561382e-01
1.068019051779942008e-12
1.068019051779942008e-12
1.068019051779942008e-12
1.068019051779942008e-12
1.068019051779942008e-12
1.027852424373283807e-01
7.505729060424250199e-02
3.485717217545996477e-02
1.735870336256753119e-02
9.280734891400674313e-03
5.035610671998300147e-03
3.350762438605141974e-03
2.365211216264431586e-03
1.475789803391736954e-03
1.476278186022685892e-03
1.588039922623835911e-03
2.283239454056928616e-03
3.390330344061369666e-03
5.337733236214311019e-03
9.859134102866424013e-03
1.766202343396965774e-02
3.334217316387512453e-02
6.929018318912141816e-02
1.051798631888544028e-01
2.412096093528748667e-02
1.068019051779942008e-12
1.068019051779942008e-12
1.068019051779942008e-12
2.412075862703792414e-02
1.051812804022307646e-01
6.927721718450695343e-02
3.333937149341189426e-02
1.766171026118553908e-02
9.857421113161790593e-03
5.337957135511167336e-03
3.389075942049591620e-03
2.284388983373024980e-03
1.587282445134831311e-03
2.366191653042623144e-03
2.283239454056924713e-03
2.828877459436393051e-03
4.219668951550475770e-03
6.407984418485833042e-03
1.073695164093225497e-02
1.769864822644601210e-02
2.979618513144080549e-02
5.552079543590635741e-02
9.552948126617921698e-02
9.419658194641231108e-02
2.411794872917483873e-02
1.068019051779942008e-12
2.412075862703788251e-02
9.419926643746391604e-02
9.552620769578189230e-02
5.552737691515640533e-02
2.979793943636170270e-02
1.769716682217419707e-02
1.073919342775530791e-02
6.409486507609504606e-03
4.223343452719369867e-03
2.828404885558287798e-03
2.285762168348694136e-03
3.349851965331609397e-03
3.390330344061364461e-03
4.219668951550469699e-03
6.107389208533674230e-03
8.403254826663170834e-03
1.184810584767187133e-02
1.746976789360088142e-02
2.555681842592665010e-02
3.998417214661056235e-02
6.644434040439585465e-02
9.553395537794731607e-02
1.051823038988478204e-01
1.027852424373283530e-01
1.051812804022307368e-01
9.552620769578192006e-02
6.644038981113600806e-02
3.998208492885352294e-02
2.556111089140022594e-02
1.747224923070109931e-02
1.184612405775719267e-02
8.401688199042836938e-03
6.108460878038591071e-03
4.221761539516932088e-03
3.388299312082165664e-03
5.035189665273790728e-03
5.337733236214290203e-03
6.407984418485833042e-03
8.403254826663179508e-03
1.085580294818503516e-02
1.363934657753970020e-02
1.769864822644602945e-02
2.217265785487039162e-02
2.830718926206982761e-02
3.997903235842247688e-02
5.552419250131768180e-02
6.928593764514180686e-02
7.505729060424257137e-02
6.927721718450698118e-02
5.552737691515641227e-02
3.998208492885357845e-02
2.830499005983294278e-02
2.217955203806915021e-02
1.769716682217417278e-02
1.363878926429589605e-02
1.085921289647462894e-02
8.404744107459184363e-03
6.407832503238163405e-03
5.339763741301539225e-03
9.281397309858923500e-03
9.859134102866439625e-03
1.073695164093226885e-02
1.184810584767188001e-02
1.363934657753970020e-02
1.537077775861814266e-02
1.766202343396968896e-02
2.013447118798815383e-02
2.217589906387345752e-02
2.555647353957292076e-02
2.979869742323277768e-02
3.334470443713845322e-02
3.485717217545998559e-02
3.333937149341191508e-02
2.979793943636172351e-02
2.556111089140024675e-02
2.217955203806917103e-02
2.013562332858894952e-02
1.766171026118556683e-02
1.537144254094413576e-02
1.363603291333401364e-02
1.184639096997148165e-02
1.073740561406098283e-02
9.855734905893653169e-03
1.735651324724525602e-02
1.766202343396966815e-02
1.769864822644602945e-02
1.746976789360089530e-02
1.769864822644601904e-02
1.766202343396966815e-02
1.735651324724527336e-02
1.766436149926772781e-02
1.769805893032440000e-02
1.747100854746707482e-02
1.769775610839418103e-02
1.765937231287166911e-02
1.735870336256755894e-02
1.766171026118555643e-02
1.769716682217419707e-02
1.747224923070110625e-02
1.769716682217419707e-02
1.766171026118556683e-02
1.735870336256757629e-02
1.765937231287166911e-02
1.769775610839420879e-02
1.747100854746707482e-02
1.769805893032442429e-02
1.766436149926773475e-02
3.485820184846186859e-02
3.334217316387515923e-02
2.979618513144084019e-02
2.555681842592666397e-02
2.217265785487039162e-02
2.013447118798814689e-02
1.766436149926774515e-02
1.537202669117803018e-02
1.364235876045029501e-02
1.184912141073976750e-02
1.073757094854310701e-02
9.854658124576011480e-03
9.280734891400689926e-03
9.857421113161809675e-03
1.073919342775530791e-02
1.184612405775722389e-02
1.363878926429592207e-02
1.537144254094415310e-02
1.765937231287165871e-02
2.013425680246251626e-02
2.217601010623833704e-02
2.555979866961004612e-02
2.979706913725008871e-02
3.334609055006003409e-02
7.505625448994998616e-02
6.929018318912143204e-02
5.552079543590638516e-02
3.998417214661056235e-02
2.830718926206980332e-02
2.217589906387345058e-02
1.769805893032440000e-02
1.364235876045029501e-02
1.085674286815937681e-02
8.402672136382132936e-03
6.410087530547822765e-03
5.336854193786360473e-03
5.035610671998288004e-03
5.337957135511157795e-03
6.409486507609511545e-03
8.401688199042850816e-03
1.085921289647464455e-02
1.363603291333401364e-02
1.769775610839417410e-02
2.217601010623831623e-02
2.830369641520623022e-02
3.998306498404994441e-02
5.552305746698575628e-02
6.927928304872250920e-02
1.027823922029560966e-01
1.051798631888544028e-01
9.552948126617921698e-02
6.644434040439584077e-02
3.997903235842244218e-02
2.555647353957291035e-02
1.747100854746706788e-02
1.184912141073975710e-02
8.402672136382132936e-03
6.106991966873915982e-03
4.220471708901414078e-03
3.387526947528165817e-03
3.350762438605141974e-03
3.389075942049586416e-03
4.223343452719375071e-03
6.108460878038598010e-03
8.404744107459180893e-03
1.184639096997146777e-02
1.747100854746704707e-02
2.555979866960999755e-02
3.998306498404992360e-02
6.644127002049020347e-02
9.552393687154882296e-02
1.051900905381707441e-01
1.068019051779942008e-12
2.412096093528743462e-02
9.419658194641228333e-02
9.553395537794726056e-02
5.552419250131764017e-02
2.979869742323273257e-02
1.769775610839418103e-02
1.073757094854308272e-02
6.410087530547816694e-03
4.220471708901414078e-03
2.831026957558408375e-03
2.284529905311196221e-03
2.365211216264427249e-03
2.284388983373024980e-03
2.828404885558297773e-03
4.221761539516938160e-03
6.407832503238170344e-03
1.073740561406096895e-02
1.769805893032438959e-02
2.979706913725007830e-02
5.552305746698572159e-02
9.552393687154879520e-02
9.419235203638112730e-02
2.411792741731689019e-02
1.068019051779942008e-12
1.068019051779942008e-12
2.411794872917486995e-02
1.051823038988478204e-01
6.928593764514176523e-02
3.334470443713841159e-02
1.765937231287161013e-02
9.854658124575997602e-03
5.336854193786366544e-03
3.387526947528165817e-03
2.284529905311196221e-03
1.588613988898694707e-03
1.475789803391748881e-03
1.587282445134845406e-03
2.285762168348707581e-03
3.388299312082170868e-03
5.339763741301545297e-03
9.855734905893635822e-03
1.766436149926774515e-02
3.334609055006001327e-02
6.927928304872250920e-02
1.051900905381707441e-01
2.411792741731692835e-02
1.068019051779942008e-12
1.068019051779942008e-12
1.068019051779942008e-12
2.412075862703792414e-02
1.051812804022307646e-01
6.927721718450692567e-02
3.333937149341189426e-02
1.766171026118553908e-02
9.857421113161771511e-03
5.337957135511160398e-03
3.389075942049586416e-03
2.284388983373020210e-03
1.587282445134837600e-03
1.476278186022687844e-03
1.588039922623830924e-03
2.283239454056928616e-03
3.390330344061374436e-03
5.337733236214320560e-03
9.859134102866443095e-03
1.766202343396965774e-02
3.334217316387513841e-02
6.929018318912136265e-02
1.051798631888544444e-01
2.412096093528747626e-02
1.068019051779942008e-12
1.068019051779942008e-12
1.068019051779942008e-12
5.598718470925748841e-02
1.058975444616545164e-01
6.610879458234709960e-02
3.419440006980611901e-02
2.013562332858893911e-02
1.242023771589324116e-02
7.287386651994745383e-03
4.668212252552147307e-03
2.953354717288653002e-03
1.881497004241774454e-03
1.588039922623832008e-03
1.532334662368519838e-03
1.987321253009639074e-03
2.835310421727659479e-03
4.515755804595279928e-03
8.472050804700087881e-03
1.537077775861811837e-02
2.945629664431785935e-02
6.209726221899264376e-02
1.030574221532670892e-01
5.483899759627438447e-02
1.068019051779942008e-12
2.412075862703786169e-02
5.598718470925744678e-02
1.058950375180535003e-01
9.415131881349593501e-02
5.624023360121722936e-02
3.325797498528995644e-02
2.217955203806915021e-02
1.535628752489244346e-02
1.040673811364195220e-02
7.187281047776560711e-03
4.583834082322639329e-03
2.949197842768954640e-03
2.283239454056919943e-03
1.987321253009630400e-03
2.224641797755600153e-03
2.885873055833141233e-03
4.354607515731182509e-03
7.772060250373074609e-03
1.363934657753968285e-02
2.457697622321638325e-02
4.804497223898414326e-02
8.751158147113967389e-02
1.023873270375918187e-01
5.483879345173275216e-02
1.051812804022307646e-01
1.058975444616545164e-01
9.415131881349596277e-02
6.807956593299760439e-02
4.543140315268733020e-02
3.299642225188562095e-02
2.556111089140025716e-02
1.947282301768862509e-02
1.477664020831227776e-02
1.090767179305689519e-02
7.187854371123143966e-03
4.664488047068149346e-03
3.390330344061348415e-03
2.835310421727647336e-03
2.885873055833130824e-03
3.423195331842975378e-03
4.725909091797887360e-03
7.292665287914845869e-03
1.184810584767186266e-02
1.946779443817797314e-02
3.290872136886149879e-02
5.740715044797566752e-02
8.750921719501777996e-02
1.030518981539653434e-01
6.927721718450700894e-02
6.610879458234712736e-02
5.624023360121725018e-02
4.543140315268733020e-02
3.719366879569551559e-02
3.325797498528996338e-02
2.979793943636173739e-02
2.457403104828603108e-02
1.958057704880454553e-02
1.477575201192181213e-02
1.041055613528951707e-02
7.288111626858845976e-03
5.337733236214286733e-03
4.515755804595263448e-03
4.354607515731182509e-03
4.725909091797889962e-03
5.994045886504425352e-03
7.772060250373091957e-03
1.073695164093225497e-02
1.535886284618133424e-02
2.186665406058584116e-02
3.291120818606277365e-02
4.804765969478291127e-02
6.210116701186690902e-02
3.333937149341192896e-02
3.419440006980614677e-02
3.325797498528995644e-02
3.299642225188560707e-02
3.325797498528999113e-02
3.419440006980618840e-02
3.333937149341193590e-02
2.945881074519432832e-02
2.457777368001992993e-02
1.947324106217368164e-02
1.535595000988824316e-02
1.242208883139052540e-02
9.859134102866432686e-03
8.472050804700094820e-03
7.772060250373094559e-03
7.292665287914859747e-03
7.772060250373098896e-03
8.472050804700087881e-03
9.859134102866446564e-03
1.242208883139051673e-02
1.535595000988822581e-02
1.947324106217369205e-02
2.457777368001992993e-02
2.945881074519431791e-02
1.766171026118554949e-02
2.013562332858893911e-02
2.217955203806915021e-02
2.556111089140024675e-02
2.979793943636173739e-02
3.333937149341197059e-02
3.485717217545998559e-02
3.334470443713846710e-02
2.979869742323279502e-02
2.555647353957293116e-02
2.217589906387344018e-02
2.013447118798813648e-02
1.766202343396968896e-02
1.537077775861813919e-02
1.363934657753971581e-02
1.184810584767188001e-02
1.073695164093227232e-02
9.859134102866443095e-03
9.281397309858920031e-03
9.855734905893649700e-03
1.073740561406096895e-02
1.184639096997147471e-02
1.363603291333402925e-02
1.537144254094413576e-02
9.857421113161790593e-03
1.242023771589323422e-02
1.535628752489243826e-02
1.947282301768861121e-02
2.457403104828604148e-02
2.945881074519431791e-02
3.334470443713844628e-02
3.419103395037548926e-02
3.325072557762709380e-02
3.299426397067146272e-02
3.325548117725291020e-02
3.419246979785760948e-02
3.334217316387515923e-02
2.945629664431790098e-02
2.457697622321642142e-02
1.946779443817800437e-02
1.535886284618133424e-02
1.242208883139051673e-02
9.855734905893642761e-03
8.473703466425831082e-03
7.770976603727226817e-03
7.293732573064311969e-03
7.768093252978579277e-03
8.476090856294318798e-03
5.337957135511155193e-03
7.287386651994745383e-03
1.040673811364194352e-02
1.477664020831228817e-02
1.958057704880454553e-02
2.457777368001991605e-02
2.979869742323274298e-02
3.325072557762703829e-02
3.719124906260148911e-02
4.542633701466838869e-02
5.624080298301323277e-02
6.610601182514931617e-02
6.929018318912144592e-02
6.209726221899269927e-02
4.804497223898417796e-02
3.290872136886151267e-02
2.186665406058582034e-02
1.535595000988820846e-02
1.073740561406096895e-02
7.770976603727212939e-03
5.991966612612188887e-03
4.725475372661864723e-03
4.348779665585262785e-03
4.513274677541851028e-03
3.389075942049576441e-03
4.668212252552142102e-03
7.187281047776566782e-03
1.090767179305689519e-02
1.477575201192180172e-02
1.947324106217366430e-02
2.555647353957292076e-02
3.299426397067140720e-02
4.542633701466831236e-02
6.808143499095262174e-02
9.415350947068229504e-02
1.058906411938905223e-01
1.051798631888544722e-01
1.030574221532670892e-01
8.751158147113971553e-02
5.740715044797564670e-02
3.291120818606275283e-02
1.947324106217367123e-02
1.184639096997145737e-02
7.293732573064311969e-03
4.725475372661864723e-03
3.427680298060233402e-03
2.888477719109480268e-03
2.834547456861041814e-03
2.284388983373015439e-03
2.953354717288647797e-03
4.583834082322654074e-03
7.187854371123143966e-03
1.041055613528952054e-02
1.535595000988821714e-02
2.217589906387342630e-02
3.325548117725289632e-02
5.624080298301320502e-02
9.415350947068226728e-02
1.058969889329621356e-01
5.598981943801436406e-02
2.412096093528740687e-02
5.483899759627431508e-02
1.023873270375918187e-01
8.750921719501768281e-02
4.804765969478289739e-02
2.457777368001990564e-02
1.363603291333400497e-02
7.768093252978558461e-03
4.348779665585259316e-03
2.888477719109485472e-03
2.227729732887825422e-03
1.985660777823086524e-03
1.587282445134832395e-03
1.881497004241782910e-03
2.949197842768954640e-03
4.664488047068172764e-03
7.288111626858865925e-03
1.242208883139052540e-02
2.013447118798812260e-02
3.419246979785758173e-02
6.610601182514926066e-02
1.058906411938905223e-01
5.598981943801443345e-02
1.068019051779942008e-12
1.068019051779942008e-12
1.068019051779942008e-12
5.483879345173275216e-02
1.030518981539652879e-01
6.210116701186685351e-02
2.945881074519429710e-02
1.537144254094410280e-02
8.476090856294291043e-03
4.513274677541857099e-03
2.834547456861043983e-03
1.985660777823095198e-03
1.530572429269760372e-03
1.476278186022687844e-03
1.588039922623830924e-03
2.283239454056928616e-03
3.390330344061374436e-03
5.337733236214320560e-03
9.859134102866443095e-03
1.766202343396965774e-02
3.334217316387513841e-02
6.929018318912136265e-02
1.051798631888544444e-01
2.412096093528747626e-02
1.068019051779942008e-12
1.068019051779942008e-12
1.068019051779942008e-12
2.412075862703792414e-02
1.051812804022307646e-01
6.927721718450692567e-02
3.333937149341189426e-02
1.766171026118553908e-02
9.857421113161771511e-03
5.337957135511160398e-03
3.389075942049586416e-03
2.284388983373020210e-03
1.587282445134837600e-03
1.588039922623832008e-03
1.532334662368519838e-03
1.987321253009639074e-03
2.835310421727659479e-03
4.515755804595279928e-03
8.472050804700087881e-03
1.537077775861811837e-02
2.945629664431785935e-02
6.209726221899264376e-02
1.030574221532670892e-01
5.483899759627438447e-02
1.068019051779942008e-12
1.068019051779942008e-12
1.068019051779942008e-12
5.598718470925748841e-02
1.058975444616545164e-01
6.610879458234709960e-02
3.419440006980611901e-02
2.013562332858893911e-02
1.242023771589324116e-02
7.287386651994745383e-03
4.668212252552147307e-03
2.953354717288653002e-03
1.881497004241774454e-03
2.283239454056919943e-03
1.987321253009630400e-03
2.224641797755600153e-03
2.885873055833141233e-03
4.354607515731182509e-03
7.772060250373074609e-03
1.363934657753968285e-02
2.457697622321638325e-02
4.804497223898414326e-02
8.751158147113967389e-02
1.023873270375918187e-01
5.483879345173275216e-02
2.412075862703786169e-02
5.598718470925744678e-02
1.058950375180535003e-01
9.415131881349593501e-02
5.624023360121722936e-02
3.325797498528995644e-02
2.217955203806915021e-02
1.535628752489244346e-02
1.040673811364195220e-02
7.187281047776560711e-03
4.583834082322639329e-03
2.949197842768954640e-03
3.390330344061348415e-03
2.835310421727647336e-03
2.885873055833130824e-03
3.423195331842975378e-03
4.725909091797887360e-03
7.292665287914845869e-03
1.184810584767186266e-02
1.946779443817797314e-02
3.290872136886149879e-02
5.740715044797566752e-02
8.750921719501777996e-02
1.030518981539653434e-01
1.051812804022307646e-01
1.058975444616545164e-01
9.415131881349596277e-02
6.807956593299760439e-02
4.543140315268733020e-02
3.299642225188562095e-02
2.556111089140025716e-02
1.947282301768862509e-02
1.477664020831227776e-02
1.090767179305689519e-02
7.187854371123143966e-03
4.664488047068149346e-03
5.337733236214286733e-03
4.515755804595263448e-03
4.354607515731182509e-03
4.725909091797889962e-03
5.994045886504425352e-03
7.772060250373091957e-03
1.073695164093225497e-02
1.535886284618133424e-02
2.186665406058584116e-02
3.291120818606277365e-02
4.804765969478291127e-02
6.210116701186690902e-02
6.927721718450700894e-02
6.610879458234712736e-02
5.624023360121725018e-02
4.543140315268733020e-02
3.719366879569551559e-02
3.325797498528996338e-02
2.979793943636173739e-02
2.457403104828603108e-02
1.958057704880454553e-02
1.477575201192181213e-02
1.041055613528951707e-02
7.288111626858845976e-03
9.859134102866432686e-03
8.472050804700094820e-03
7.772060250373094559e-03
7.292665287914859747e-03
7.772060250373098896e-03
8.472050804700087881e-03
9.859134102866446564e-03
1.242208883139051673e-02
1.535595000988822581e-02
1.947324106217369205e-02
2.457777368001992993e-02
2.945881074519431791e-02
3.333937149341192896e-02
3.419440006980614677e-02
3.325797498528995644e-02
3.299642225188560707e-02
3.325797498528999113e-02
3.419440006980618840e-02
3.333937149341193590e-02
2.945881074519432832e-02
2.457777368001992993e-02
1.947324106217368164e-02
1.535595000988824316e-02
1.242208883139052540e-02
1.766202343396968896e-02
1.537077775861813919e-02
1.363934657753971581e-02
1.184810584767188001e-02
1.073695164093227232e-02
9.859134102866443095e-03
9.281397309858920031e-03
9.855734905893649700e-03
1.073740561406096895e-02
1.184639096997147471e-02
1.363603291333402925e-02
1.537144254094413576e-02
1.766171026118554949e-02
2.013562332858893911e-02
2.217955203806915021e-02
2.556111089140024675e-02
2.979793943636173739e-02
3.333937149341197059e-02
3.485717217545998559e-02
3.334470443713846710e-02
2.979869742323279502e-02
2.555647353957293116e-02
2.217589906387344018e-02
2.013447118798813648e-02
3.334217316387515923e-02
2.945629664431790098e-02
2.457697622321642142e-02
1.946779443817800437e-02
1.535886284618133424e-02
1.242208883139051673e-02
9.855734905893642761e-03
8.473703466425831082e-03
7.770976603727226817e-03
7.293732573064311969e-03
7.768093252978579277e-03
8.476090856294318798e-03
9.857421113161790593e-03
1.242023771589323422e-02
1.535628752489243826e-02
1.947282301768861121e-02
2.457403104828604148e-02
2.945881074519431791e-02
3.334470443713844628e-02
3.419103395037548926e-02
3.325072557762709380e-02
3.299426397067146272e-02
3.325548117725291020e-02
3.419246979785760948e-02
6.929018318912144592e-02
6.209726221899269927e-02
4.804497223898417796e-02
3.290872136886151267e-02
2.186665406058582034e-02
1.535595000988820846e-02
1.073740561406096895e-02
7.770976603727212939e-03
5.991966612612188887e-03
4.725475372661864723e-03
4.348779665585262785e-03
4.513274677541851028e-03
5.337957135511155193e-03
7.287386651994745383e-03
1.040673811364194352e-02
1.477664020831228817e-02
1.958057704880454553e-02
2.457777368001991605e-02
2.979869742323274298e-02
3.325072557762703829e-02
3.719124906260148911e-02
4.542633701466838869e-02
5.624080298301323277e-02
6.610601182514931617e-02
1.051798631888544722e-01
1.030574221532670892e-01
8.751158147113971553e-02
5.740715044797564670e-02
3.291120818606275283e-02
1.947324106217367123e-02
1.184639096997145737e-02
7.293732573064311969e-03
4.725475372661864723e-03
3.427680298060233402e-03
2.888477719109480268e-03
2.834547456861041814e-03
3.389075942049576441e-03
4.668212252552142102e-03
7.187281047776566782e-03
1.090767179305689519e-02
1.477575201192180172e-02
1.947324106217366430e-02
2.555647353957292076e-02
3.299426397067140720e-02
4.542633701466831236e-02
6.808143499095262174e-02
9.415350947068229504e-02
1.058906411938905223e-01
2.412096093528740687e-02
5.483899759627431508e-02
1.023873270375918187e-01
8.750921719501768281e-02
4.804765969478289739e-02
2.457777368001990564e-02
1.363603291333400497e-02
7.768093252978558461e-03
4.348779665585259316e-03
2.888477719109485472e-03
2.227729732887825422e-03
1.985660777823086524e-03
2.284388983373015439e-03
2.953354717288647797e-03
4.583834082322654074e-03
7.187854371123143966e-03
1.041055613528952054e-02
1.535595000988821714e-02
2.217589906387342630e-02
3.325548117725289632e-02
5.624080298301320502e-02
9.415350947068226728e-02
1.058969889329621356e-01
5.598981943801436406e-02
1.068019051779942008e-12
1.068019051779942008e-12
5.483879345173275216e-02
1.030518981539652879e-01
6.210116701186685351e-02
2.945881074519429710e-02
1.537144254094410280e-02
8.476090856294291043e-03
4.513274677541857099e-03
2.834547456861043983e-03
1.985660777823095198e-03
1.530572429269760372e-03
1.587282445134832395e-03
1.881497004241782910e-03
2.949197842768954640e-03
4.664488047068172764e-03
7.288111626858865925e-03
1.242208883139052540e-02
2.013447118798812260e-02
3.419246979785758173e-02
6.610601182514926066e-02
1.058906411938905223e-01
5.598981943801443345e-02
1.068019051779942008e-12
1.068019051779942008e-12
2.412075862703787557e-02
9.419926643746391604e-02
9.552620769578192006e-02
5.552737691515640533e-02
2.979793943636169229e-02
1.769716682217417278e-02
1.073919342775528536e-02
6.409486507609507208e-03
4.223343452719369867e-03
2.828404885558297773e-03
2.285762168348698473e-03
2.366191653042627480e-03
2.283239454056924713e-03
2.828877459436388280e-03
4.219668951550469699e-03
6.407984418485826970e-03
1.073695164093226538e-02
1.769864822644601210e-02
2.979618513144079509e-02
5.552079543590635741e-02
9.552948126617924474e-02
9.419658194641231108e-02
2.411794872917482832e-02
2.412075862703785128e-02
5.598718470925743290e-02
1.058950375180535697e-01
9.415131881349599052e-02
5.624023360121725018e-02
3.325797498528996338e-02
2.217955203806913980e-02
1.535628752489243479e-02
1.040673811364195220e-02
7.187281047776573721e-03
4.583834082322650605e-03
2.949197842768966783e-03
2.283239454056919943e-03
1.987321253009630400e-03
2.224641797755595382e-03
2.885873055833141233e-03
4.354607515731182509e-03
7.772060250373074609e-03
1.363934657753969153e-02
2.457697622321637285e-02
4.804497223898414326e-02
8.751158147113963226e-02
1.023873270375918187e-01
5.483879345173272440e-02
9.419926643746388828e-02
1.058950375180535003e-01
1.078605963006635526e-01
8.083546496571560047e-02
5.293210467655656837e-02
3.719366879569552253e-02
2.830499005983296359e-02
2.186268297440966193e-02
1.619482386185987222e-02
1.143839245130060488e-02
7.466016876634115791e-03
4.587692454036712726e-03
2.828877459436386112e-03
2.224641797755591045e-03
2.288953711133931944e-03
2.407576648926106674e-03
3.306523996010545322e-03
5.994045886504415811e-03
1.085580294818501261e-02
1.957935974276470148e-02
3.665464862539656588e-02
6.816229028276903079e-02
1.005157744424259175e-01
1.023869884696762683e-01
9.552620769578197557e-02
9.415131881349603216e-02
8.083546496571560047e-02
6.296346361957190496e-02
5.125347106337566766e-02
4.543140315268735102e-02
3.998208492885359927e-02
3.291062660338375800e-02
2.497381650895768440e-02
1.739561590830421972e-02
1.143037600168237723e-02
7.190144160950521016e-03
4.219668951550459290e-03
2.885873055833128656e-03
2.407576648926097566e-03
2.156737870710770996e-03
2.809024442876879510e-03
4.725909091797887360e-03
8.403254826663153487e-03
1.477948041247989334e-02
2.497515748519548925e-02
4.303724906154182683e-02
6.816397557683910591e-02
8.750977429350965953e-02
5.552737691515645391e-02
5.624023360121730569e-02
5.293210467655658225e-02
5.125347106337570235e-02
5.293210467655658225e-02
5.624023360121728488e-02
5.552737691515644003e-02
4.804046022332746774e-02
3.665410729791789002e-02
2.497634349937536205e-02
1.619179996125931845e-02
1.040704789506842649e-02
6.407984418485820031e-03
4.354607515731177304e-03
3.306523996010550526e-03
2.809024442876884714e-03
3.306523996010542286e-03
4.354607515731182509e-03
6.407984418485822634e-03
1.040704789506843517e-02
1.619179996125932539e-02
2.497634349937537246e-02
3.665410729791789696e-02
4.804046022332745386e-02
2.979793943636172351e-02
3.325797498528996338e-02
3.719366879569552253e-02
4.543140315268735102e-02
5.624023360121728488e-02
6.610879458234716899e-02
6.927721718450695343e-02
6.210116701186688820e-02
4.804765969478289045e-02
3.291120818606277365e-02
2.186665406058582034e-02
1.535886284618133424e-02
1.073695164093225497e-02
7.772060250373088487e-03
5.994045886504422750e-03
4.725909091797884758e-03
4.354607515731185978e-03
4.515755804595263448e-03
5.337733236214298876e-03
7.288111626858858987e-03
1.041055613528951707e-02
1.477575201192181213e-02
1.958057704880455940e-02
2.457403104828602067e-02
1.769716682217418319e-02
2.217955203806912939e-02
2.830499005983294278e-02
3.998208492885356458e-02
5.552737691515644003e-02
6.927721718450698118e-02
7.505729060424252974e-02
6.928593764514179298e-02
5.552419250131768874e-02
3.997903235842250463e-02
2.830718926206981720e-02
2.217265785487037427e-02
1.769864822644601904e-02
1.363934657753971581e-02
1.085580294818502649e-02
8.403254826663184712e-03
6.407984418485822634e-03
5.337733236214304948e-03
5.035189665273804606e-03
5.339763741301545297e-03
6.407832503238163405e-03
8.404744107459187832e-03
1.085921289647462894e-02
1.363878926429590473e-02
1.073919342775529230e-02
1.535628752489243132e-02
2.186268297440965153e-02
3.291062660338374413e-02
4.804046022332747468e-02
6.210116701186688820e-02
6.928593764514177911e-02
6.611062276527138182e-02
5.623878362588515673e-02
4.542641071691021909e-02
3.718952122116186282e-02
3.325344614322223169e-02
2.979618513144081590e-02
2.457697622321640407e-02
1.957935974276470148e-02
1.477948041247990549e-02
1.040704789506843864e-02
7.288111626858858987e-03
5.339763741301545297e-03
4.509143286267281760e-03
4.351434541322714462e-03
4.722501154861594511e-03
5.996307049981874741e-03
7.769575201219278138e-03
6.409486507609491596e-03
1.040673811364194006e-02
1.619482386185986528e-02
2.497381650895770522e-02
3.665410729791789002e-02
4.804765969478289045e-02
5.552419250131766792e-02
5.623878362588510121e-02
5.293016291365638254e-02
5.125153829540126521e-02
5.292895386106124395e-02
5.624485552513258657e-02
5.552079543590644067e-02
4.804497223898414326e-02
3.665464862539656588e-02
2.497515748519549966e-02
1.619179996125931845e-02
1.041055613528951707e-02
6.407832503238157333e-03
4.351434541322717064e-03
3.307072247481399399e-03
2.809339158780020489e-03
3.305528587521101933e-03
4.352909053219813397e-03
4.223343452719358591e-03
7.187281047776566782e-03
1.143839245130060141e-02
1.739561590830419890e-02
2.497634349937535511e-02
3.291120818606276671e-02
3.997903235842247688e-02
4.542641071691019133e-02
5.125153829540123052e-02
6.296809452280352493e-02
8.083076127607366490e-02
9.415361604851017752e-02
9.552948126617924474e-02
8.751158147113971553e-02
6.816229028276901691e-02
4.303724906154180602e-02
2.497634349937536205e-02
1.477575201192181213e-02
8.404744107459173955e-03
4.722501154861600582e-03
2.809339158780027428e-03
2.160672931385687959e-03
2.406241870387649043e-03
2.886576212523573031e-03
2.828404885558282594e-03
4.583834082322642799e-03
7.466016876634105383e-03
1.143037600168238417e-02
1.619179996125930804e-02
2.186665406058582728e-02
2.830718926206980332e-02
3.718952122116183506e-02
5.292895386106124395e-02
8.083076127607366490e-02
1.078689054596528446e-01
1.058985280752739039e-01
9.419658194641225557e-02
1.023873270375917494e-01
1.005157744424259175e-01
6.816397557683907815e-02
3.665410729791789002e-02
1.958057704880454553e-02
1.085921289647461332e-02
5.996307049981865200e-03
3.305528587521117546e-03
2.406241870387649043e-03
2.284194866887663891e-03
2.224367107145012144e-03
2.285762168348694136e-03
2.949197842768954640e-03
4.587692454036720532e-03
7.190144160950524485e-03
1.040704789506843864e-02
1.535886284618134291e-02
2.217265785487038121e-02
3.325344614322221087e-02
5.624485552513255188e-02
9.415361604851014976e-02
1.058985280752739316e-01
5.599345124637329640e-02
2.411794872917479710e-02
5.483879345173271053e-02
1.023869884696762961e-01
8.750977429350963177e-02
4.804046022332745386e-02
2.457403104828599985e-02
1.363878926429588911e-02
7.769575201219278138e-03
4.352909053219816866e-03
2.886576212523590378e-03
2.224367107145016915e-03
1.988178129086511613e-03
2.366191653042627480e-03
2.283239454056924713e-03
2.828877459436388280e-03
4.219668951550469699e-03
6.407984418485826970e-03
1.073695164093226538e-02
1.769864822644601210e-02
2.979618513144079509e-02
5.552079543590635741e-02
9.552948126617924474e-02
9.419658194641231108e-02
2.411794872917482832e-02
1.068019051779942008e-12
2.412075862703787557e-02
9.419926643746391604e-02
9.552620769578192006e-02
5.552737691515640533e-02
2.979793943636169229e-02
1.769716682217417278e-02
1.073919342775528536e-02
6.409486507609507208e-03
4.223343452719369867e-03
2.828404885558297773e-03
2.285762168348698473e-03
2.283239454056919943e-03
1.987321253009630400e-03
2.224641797755595382e-03
2.885873055833141233e-03
4.354607515731182509e-03
7.772060250373074609e-03
1.363934657753969153e-02
2.457697622321637285e-02
4.804497223898414326e-02
8.751158147113963226e-02
1.023873270375918187e-01
5.483879345173272440e-02
2.412075862703785128e-02
5.598718470925743290e-02
1.058950375180535697e-01
9.415131881349599052e-02
5.624023360121725018e-02
3.325797498528996338e-02
2.217955203806913980e-02
1.535628752489243479e-02
1.040673811364195220e-02
7.187281047776573721e-03
4.583834082322650605e-03
2.949197842768966783e-03
2.828877459436386112e-03
2.224641797755591045e-03
2.288953711133931944e-03
2.407576648926106674e-03
3.306523996010545322e-03
5.994045886504415811e-03
1.085580294818501261e-02
1.957935974276470148e-02
3.665464862539656588e-02
6.816229028276903079e-02
1.005157744424259175e-01
1.023869884696762683e-01
9.419926643746388828e-02
1.058950375180535003e-01
1.078605963006635526e-01
8.083546496571560047e-02
5.293210467655656837e-02
3.719366879569552253e-02
2.830499005983296359e-02
2.186268297440966193e-02
1.619482386185987222e-02
1.143839245130060488e-02
7.466016876634115791e-03
4.587692454036712726e-03
4.219668951550459290e-03
2.885873055833128656e-03
2.407576648926097566e-03
2.156737870710770996e-03
2.809024442876879510e-03
4.725909091797887360e-03
8.403254826663153487e-03
1.477948041247989334e-02
2.497515748519548925e-02
4.303724906154182683e-02
6.816397557683910591e-02
8.750977429350965953e-02
9.552620769578197557e-02
9.415131881349603216e-02
8.083546496571560047e-02
6.296346361957190496e-02
5.125347106337566766e-02
4.543140315268735102e-02
3.998208492885359927e-02
3.291062660338375800e-02
2.497381650895768440e-02
1.739561590830421972e-02
1.143037600168237723e-02
7.190144160950521016e-03
6.407984418485820031e-03
4.354607515731177304e-03
3.306523996010550526e-03
2.809024442876884714e-03
3.306523996010542286e-03
4.354607515731182509e-03
6.407984418485822634e-03
1.040704789506843517e-02
1.619179996125932539e-02
2.497634349937537246e-02
3.665410729791789696e-02
4.804046022332745386e-02
5.552737691515645391e-02
5.624023360121730569e-02
5.293210467655658225e-02
5.125347106337570235e-02
5.293210467655658225e-02
5.624023360121728488e-02
5.552737691515644003e-02
4.804046022332746774e-02
3.665410729791789002e-02
2.497634349937536205e-02
1.619179996125931845e-02
1.040704789506842649e-02
1.073695164093225497e-02
7.772060250373088487e-03
5.994045886504422750e-03
4.725909091797884758e-03
4.354607515731185978e-03
4.515755804595263448e-03
5.337733236214298876e-03
7.288111626858858987e-03
1.041055613528951707e-02
1.477575201192181213e-02
1.958057704880455940e-02
2.457403104828602067e-02
2.979793943636172351e-02
3.325797498528996338e-02
3.719366879569552253e-02
4.543140315268735102e-02
5.624023360121728488e-02
6.610879458234716899e-02
6.927721718450695343e-02
6.210116701186688820e-02
4.804765969478289045e-02
3.291120818606277365e-02
2.186665406058582034e-02
1.535886284618133424e-02
1.769864822644601904e-02
1.363934657753971581e-02
1.085580294818502649e-02
8.403254826663184712e-03
6.407984418485822634e-03
5.337733236214304948e-03
5.035189665273804606e-03
5.339763741301545297e-03
6.407832503238163405e-03
8.404744107459187832e-03
1.085921289647462894e-02
1.363878926429590473e-02
1.769716682217418319e-02
2.217955203806912939e-02
2.830499005983294278e-02
3.998208492885356458e-02
5.552737691515644003e-02
6.927721718450698118e-02
7.505729060424252974e-02
6.928593764514179298e-02
5.552419250131768874e-02
3.997903235842250463e-02
2.830718926206981720e-02
2.217265785487037427e-02
2.979618513144081590e-02
2.457697622321640407e-02
1.957935974276470148e-02
1.477948041247990549e-02
1.040704789506843864e-02
7.288111626858858987e-03
5.339763741301545297e-03
4.509143286267281760e-03
4.351434541322714462e-03
4.722501154861594511e-03
5.996307049981874741e-03
7.769575201219278138e-03
1.073919342775529230e-02
1.535628752489243132e-02
2.186268297440965153e-02
3.291062660338374413e-02
4.804046022332747468e-02
6.210116701186688820e-02
6.928593764514177911e-02
6.611062276527138182e-02
5.623878362588515673e-02
4.542641071691021909e-02
3.718952122116186282e-02
3.325344614322223169e-02
5.552079543590644067e-02
4.804497223898414326e-02
3.665464862539656588e-02
2.497515748519549966e-02
1.619179996125931845e-02
1.041055613528951707e-02
6.407832503238157333e-03
4.351434541322717064e-03
3.307072247481399399e-03
2.809339158780020489e-03
3.305528587521101933e-03
4.352909053219813397e-03
6.409486507609491596e-03
1.040673811364194006e-02
1.619482386185986528e-02
2.497381650895770522e-02
3.665410729791789002e-02
4.804765969478289045e-02
5.552419250131766792e-02
5.623878362588510121e-02
5.293016291365638254e-02
5.125153829540126521e-02
5.292895386106124395e-02
5.624485552513258657e-02
9.552948126617924474e-02
8.751158147113971553e-02
6.816229028276901691e-02
4.303724906154180602e-02
2.497634349937536205e-02
1.477575201192181213e-02
8.404744107459173955e-03
4.722501154861600582e-03
2.809339158780027428e-03
2.160672931385687959e-03
2.406241870387649043e-03
2.886576212523573031e-03
4.223343452719358591e-03
7.187281047776566782e-03
1.143839245130060141e-02
1.739561590830419890e-02
2.497634349937535511e-02
3.291120818606276671e-02
3.997903235842247688e-02
4.542641071691019133e-02
5.125153829540123052e-02
6.296809452280352493e-02
8.083076127607366490e-02
9.415361604851017752e-02
9.419658194641225557e-02
1.023873270375917494e-01
1.005157744424259175e-01
6.816397557683907815e-02
3.665410729791789002e-02
1.958057704880454553e-02
1.085921289647461332e-02
5.996307049981865200e-03
3.305528587521117546e-03
2.406241870387649043e-03
2.284194866887663891e-03
2.224367107145012144e-03
2.828404885558282594e-03
4.583834082322642799e-03
7.466016876634105383e-03
1.143037600168238417e-02
1.619179996125930804e-02
2.186665406058582728e-02
2.830718926206980332e-02
3.718952122116183506e-02
5.292895386106124395e-02
8.083076127607366490e-02
1.078689054596528446e-01
1.058985280752739039e-01
2.411794872917479710e-02
5.483879345173271053e-02
1.023869884696762961e-01
8.750977429350963177e-02
4.804046022332745386e-02
2.457403104828599985e-02
1.363878926429588911e-02
7.769575201219278138e-03
4.352909053219816866e-03
2.886576212523590378e-03
2.224367107145016915e-03
1.988178129086511613e-03
2.285762168348694136e-03
2.949197842768954640e-03
4.587692454036720532e-03
7.190144160950524485e-03
1.040704789506843864e-02
1.535886284618134291e-02
2.217265785487038121e-02
3.325344614322221087e-02
5.624485552513255188e-02
9.415361604851014976e-02
1.058985280752739316e-01
5.599345124637329640e-02
1.027852424373283113e-01
1.051812804022307368e-01
9.552620769578192006e-02
6.644038981113607745e-02
3.998208492885355764e-02
2.556111089140022594e-02
1.747224923070109237e-02
1.184612405775719961e-02
8.401688199042847346e-03
6.108460878038593674e-03
4.221761539516934690e-03
3.388299312082170868e-03
3.349851965331619805e-03
3.390330344061364461e-03
4.219668951550464495e-03
6.107389208533668158e-03
8.403254826663170834e-03
1.184810584767186266e-02
1.746976789360087448e-02
2.555681842592663969e-02
3.998417214661056235e-02
6.644434040439588240e-02
9.553395537794731607e-02
1.051823038988478204e-01
1.051812804022307368e-01
1.058975444616545164e-01
9.415131881349599052e-02
6.807956593299770154e-02
4.543140315268734408e-02
3.299642225188559319e-02
2.556111089140023288e-02
1.947282301768861121e-02
1.477664020831227776e-02
1.090767179305690733e-02
7.187854371123148303e-03
4.664488047068172764e-03
3.390330344061369666e-03
2.835310421727654275e-03
2.885873055833130824e-03
3.423195331842975378e-03
4.725909091797876084e-03
7.292665287914838930e-03
1.184810584767185919e-02
1.946779443817797314e-02
3.290872136886151267e-02
5.740715044797564670e-02
8.750921719501773832e-02
1.030518981539652879e-01
9.552620769578192006e-02
9.415131881349599052e-02
8.083546496571562823e-02
6.296346361957193272e-02
5.125347106337566766e-02
4.543140315268735102e-02
3.998208492885356458e-02
3.291062660338373025e-02
2.497381650895767399e-02
1.739561590830421972e-02
1.143037600168238764e-02
7.190144160950521016e-03
4.219668951550464495e-03
2.885873055833130824e-03
2.407576648926101903e-03
2.156737870710767092e-03
2.809024442876879510e-03
4.725909091797882156e-03
8.403254826663160426e-03
1.477948041247990549e-02
2.497515748519549966e-02
4.303724906154182683e-02
6.816397557683910591e-02
8.750977429350965953e-02
6.644038981113610520e-02
6.807956593299765991e-02
6.296346361957193272e-02
5.938063638121522658e-02
6.296346361957191884e-02
6.807956593299763215e-02
6.644038981113610520e-02
5.741136574560221778e-02
4.303996822595664712e-02
2.780167980388053434e-02
1.740005791324364046e-02
1.090685021129269953e-02
6.107389208533651678e-03
3.423195331842967138e-03
2.156737870710767092e-03
1.653196172906710440e-03
2.156737870710770996e-03
3.423195331842970174e-03
6.107389208533655148e-03
1.090685021129269953e-02
1.740005791324364046e-02
2.780167980388054474e-02
4.303996822595666100e-02
5.741136574560220390e-02
3.998208492885356458e-02
4.543140315268735102e-02
5.125347106337566766e-02
6.296346361957193272e-02
8.083546496571562823e-02
9.415131881349599052e-02
9.552620769578189230e-02
8.750977429350963177e-02
6.816397557683911979e-02
4.303724906154181989e-02
2.497515748519549966e-02
1.477948041247990549e-02
8.403254826663156957e-03
4.725909091797882156e-03
2.809024442876879510e-03
2.156737870710767092e-03
2.407576648926101903e-03
2.885873055833136028e-03
4.219668951550469699e-03
7.190144160950521016e-03
1.143037600168239284e-02
1.739561590830421972e-02
2.497381650895768440e-02
3.291062660338374413e-02
2.556111089140023288e-02
3.299642225188559319e-02
4.543140315268734408e-02
6.807956593299770154e-02
9.415131881349599052e-02
1.058975444616545164e-01
1.051812804022307368e-01
1.030518981539652879e-01
8.750921719501771057e-02
5.740715044797564670e-02
3.290872136886149879e-02
1.946779443817797314e-02
1.184810584767186266e-02
7.292665287914842399e-03
4.725909091797878686e-03
3.423195331842975378e-03
2.885873055833130824e-03
2.835310421727656877e-03
3.390330344061369666e-03
4.664488047068180571e-03
7.187854371123151773e-03
1.090767179305691080e-02
1.477664020831227776e-02
1.947282301768861121e-02
1.747224923070109237e-02
2.556111089140021553e-02
3.998208492885353682e-02
6.644038981113606357e-02
9.552620769578192006e-02
1.051812804022307368e-01
1.027852424373283113e-01
1.051823038988477926e-01
9.553395537794731607e-02
6.644434040439588240e-02
3.998417214661056235e-02
2.555681842592663275e-02
1.746976789360088142e-02
1.184810584767186266e-02
8.403254826663174304e-03
6.107389208533668158e-03
4.219668951550469699e-03
3.390330344061364461e-03
3.349851965331619805e-03
3.388299312082176072e-03
4.221761539516938160e-03
6.108460878038598010e-03
8.401688199042850816e-03
1.184612405775719614e-02
1.184612405775719267e-02
1.947282301768859386e-02
3.291062660338374413e-02
5.741136574560221778e-02
8.750977429350963177e-02
1.030518981539652879e-01
1.051823038988478204e-01
1.058979681945204226e-01
9.415125560371694069e-02
6.808501745024089780e-02
4.542210622620501681e-02
3.299804002414861298e-02
2.555681842592666397e-02
1.946779443817798355e-02
1.477948041247989334e-02
1.090685021129269607e-02
7.190144160950510607e-03
4.664488047068172764e-03
3.388299312082165664e-03
2.837177612779368668e-03
2.887650297731962201e-03
3.425268797018572210e-03
4.725220121248215922e-03
7.295677169046018914e-03
8.401688199042833469e-03
1.477664020831226908e-02
2.497381650895769134e-02
4.303996822595666100e-02
6.816397557683909203e-02
8.750921719501773832e-02
9.553395537794728831e-02
9.415125560371698232e-02
8.083238453061923623e-02
6.296680800732805394e-02
5.125425951674141695e-02
4.542210622620500987e-02
3.998417214661056929e-02
3.290872136886151961e-02
2.497515748519547885e-02
1.740005791324364046e-02
1.143037600168238764e-02
7.187854371123143966e-03
4.221761539516932088e-03
2.887650297731964803e-03
2.409955128367378008e-03
2.157872287092158121e-03
2.810097849996158210e-03
4.725220121248215922e-03
6.108460878038571122e-03
1.090767179305690386e-02
1.739561590830419890e-02
2.780167980388053434e-02
4.303724906154180602e-02
5.740715044797563282e-02
6.644434040439589628e-02
6.808501745024088392e-02
6.296680800732805394e-02
5.936801632736174450e-02
6.296680800732804006e-02
6.808501745024089780e-02
6.644434040439589628e-02
5.740715044797564670e-02
4.303724906154181989e-02
2.780167980388054474e-02
1.739561590830420931e-02
1.090767179305690386e-02
6.108460878038571122e-03
3.425268797018567006e-03
2.157872287092153785e-03
1.649356298218633424e-03
2.157872287092158121e-03
3.425268797018572210e-03
4.221761539516926884e-03
7.187854371123141364e-03
1.143037600168238417e-02
1.740005791324363352e-02
2.497515748519547885e-02
3.290872136886151961e-02
3.998417214661056235e-02
4.542210622620500987e-02
5.125425951674141695e-02
6.296680800732805394e-02
8.083238453061923623e-02
9.415125560371694069e-02
9.553395537794731607e-02
8.750921719501773832e-02
6.816397557683911979e-02
4.303996822595668181e-02
2.497381650895769134e-02
1.477664020831227776e-02
8.401688199042833469e-03
4.725220121248215922e-03
2.810097849996153006e-03
2.157872287092153785e-03
2.409955128367378008e-03
2.887650297731967405e-03
3.388299312082170868e-03
4.664488047068168428e-03
7.190144160950508005e-03
1.090685021129269260e-02
1.477948041247988814e-02
1.946779443817797314e-02
2.555681842592666397e-02
3.299804002414860604e-02
4.542210622620501681e-02
6.808501745024089780e-02
9.415125560371698232e-02
1.058979681945204504e-01
1.051823038988477926e-01
1.030518981539652879e-01
8.750977429350960402e-02
5.741136574560222472e-02
3.291062660338374413e-02
1.947282301768859386e-02
1.184612405775719267e-02
7.295677169046015445e-03
4.725220121248218524e-03
3.425268797018567006e-03
2.887650297731957430e-03
2.837177612779368668e-03
3.349851965331619805e-03
3.390330344061364461e-03
4.219668951550464495e-03
6.107389208533668158e-03
8.403254826663170834e-03
1.184810584767186266e-02
1.746976789360087448e-02
2.555681842592663969e-02
3.998417214661056235e-02
6.644434040439588240e-02
9.553395537794731607e-02
1.051823038988478204e-01
1.027852424373283113e-01
1.051812804022307368e-01
9.552620769578192006e-02
6.644038981113607745e-02
3.998208492885355764e-02
2.556111089140022594e-02
1.747224923070109237e-02
1.184612405775719961e-02
8.401688199042847346e-03
6.108460878038593674e-03
4.221761539516934690e-03
3.388299312082170868e-03
3.390330344061369666e-03
2.835310421727654275e-03
2.885873055833130824e-03
3.423195331842975378e-03
4.725909091797876084e-03
7.292665287914838930e-03
1.184810584767185919e-02
1.946779443817797314e-02
3.290872136886151267e-02
5.740715044797564670e-02
8.750921719501773832e-02
1.030518981539652879e-01
1.051812804022307368e-01
1.058975444616545164e-01
9.415131881349599052e-02
6.807956593299770154e-02
4.543140315268734408e-02
3.299642225188559319e-02
2.556111089140023288e-02
1.947282301768861121e-02
1.477664020831227776e-02
1.090767179305690733e-02
7.187854371123148303e-03
4.664488047068172764e-03
4.219668951550464495e-03
2.885873055833130824e-03
2.407576648926101903e-03
2.156737870710767092e-03
2.809024442876879510e-03
4.725909091797882156e-03
8.403254826663160426e-03
1.477948041247990549e-02
2.497515748519549966e-02
4.303724906154182683e-02
6.816397557683910591e-02
8.750977429350965953e-02
9.552620769578192006e-02
9.415131881349599052e-02
8.083546496571562823e-02
6.296346361957193272e-02
5.125347106337566766e-02
4.543140315268735102e-02
3.998208492885356458e-02
3.291062660338373025e-02
2.497381650895767399e-02
1.739561590830421972e-02
1.143037600168238764e-02
7.190144160950521016e-03
6.107389208533651678e-03
3.423195331842967138e-03
2.156737870710767092e-03
1.653196172906710440e-03
2.156737870710770996e-03
3.423195331842970174e-03
6.107389208533655148e-03
1.090685021129269953e-02
1.740005791324364046e-02
2.780167980388054474e-02
4.303996822595666100e-02
5.741136574560220390e-02
6.644038981113610520e-02
6.807956593299765991e-02
6.296346361957193272e-02
5.938063638121522658e-02
6.296346361957191884e-02
6.807956593299763215e-02
6.644038981113610520e-02
5.741136574560221778e-02
4.303996822595664712e-02
2.780167980388053434e-02
1.740005791324364046e-02
1.090685021129269953e-02
8.403254826663156957e-03
4.725909091797882156e-03
2.809024442876879510e-03
2.156737870710767092e-03
2.407576648926101903e-03
2.885873055833136028e-03
4.219668951550469699e-03
7.190144160950521016e-03
1.143037600168239284e-02
1.739561590830421972e-02
2.497381650895768440e-02
3.291062660338374413e-02
3.998208492885356458e-02
4.543140315268735102e-02
5.125347106337566766e-02
6.296346361957193272e-02
8.083546496571562823e-02
9.415131881349599052e-02
9.552620769578189230e-02
8.750977429350963177e-02
6.816397557683911979e-02
4.303724906154181989e-02
2.497515748519549966e-02
1.477948041247990549e-02
1.184810584767186266e-02
7.292665287914842399e-03
4.725909091797878686e-03
3.423195331842975378e-03
2.885873055833130824e-03
2.835310421727656877e-03
3.390330344061369666e-03
4.664488047068180571e-03
7.187854371123151773e-03
1.090767179305691080e-02
1.477664020831227776e-02
1.947282301768861121e-02
2.556111089140023288e-02
3.299642225188559319e-02
4.543140315268734408e-02
6.807956593299770154e-02
9.415131881349599052e-02
1.058975444616545164e-01
1.051812804022307368e-01
1.030518981539652879e-01
8.750921719501771057e-02
5.740715044797564670e-02
3.290872136886149879e-02
1.946779443817797314e-02
1.746976789360088142e-02
1.184810584767186266e-02
8.403254826663174304e-03
6.107389208533668158e-03
4.219668951550469699e-03
3.390330344061364461e-03
3.349851965331619805e-03
3.388299312082176072e-03
4.221761539516938160e-03
6.108460878038598010e-03
8.401688199042850816e-03
1.184612405775719614e-02
1.747224923070109237e-02
2.556111089140021553e-02
3.998208492885353682e-02
6.644038981113606357e-02
9.552620769578192006e-02
1.051812804022307368e-01
1.027852424373283113e-01
1.051823038988477926e-01
9.553395537794731607e-02
6.644434040439588240e-02
3.998417214661056235e-02
2.555681842592663275e-02
2.555681842592666397e-02
1.946779443817798355e-02
1.477948041247989334e-02
1.090685021129269607e-02
7.190144160950510607e-03
4.664488047068172764e-03
3.388299312082165664e-03
2.837177612779368668e-03
2.887650297731962201e-03
3.425268797018572210e-03
4.725220121248215922e-03
7.295677169046018914e-03
1.184612405775719267e-02
1.947282301768859386e-02
3.291062660338374413e-02
5.741136574560221778e-02
8.750977429350963177e-02
1.030518981539652879e-01
1.051823038988478204e-01
1.058979681945204226e-01
9.415125560371694069e-02
6.808501745024089780e-02
4.542210622620501681e-02
3.299804002414861298e-02
3.998417214661056929e-02
3.290872136886151961e-02
2.497515748519547885e-02
1.740005791324364046e-02
1.143037600168238764e-02
7.187854371123143966e-03
4.221761539516932088e-03
2.887650297731964803e-03
2.409955128367378008e-03
2.157872287092158121e-03
2.810097849996158210e-03
4.725220121248215922e-03
8.401688199042833469e-03
1.477664020831226908e-02
2.497381650895769134e-02
4.303996822595666100e-02
6.816397557683909203e-02
8.750921719501773832e-02
9.553395537794728831e-02
9.415125560371698232e-02
8.083238453061923623e-02
6.296680800732805394e-02
5.125425951674141695e-02
4.542210622620500987e-02
6.644434040439589628e-02
5.740715044797564670e-02
4.303724906154181989e-02
2.780167980388054474e-02
1.739561590830420931e-02
1.090767179305690386e-02
6.108460878038571122e-03
3.425268797018567006e-03
2.157872287092153785e-03
1.649356298218633424e-03
2.157872287092158121e-03
3.425268797018572210e-03
6.108460878038571122e-03
1.090767179305690386e-02
1.739561590830419890e-02
2.780167980388053434e-02
4.303724906154180602e-02
5.740715044797563282e-02
6.644434040439589628e-02
6.808501745024088392e-02
6.296680800732805394e-02
5.936801632736174450e-02
6.296680800732804006e-02
6.808501745024089780e-02
9.553395537794731607e-02
8.750921719501773832e-02
6.816397557683911979e-02
4.303996822595668181e-02
2.497381650895769134e-02
1.477664020831227776e-02
8.401688199042833469e-03
4.725220121248215922e-03
2.810097849996153006e-03
2.157872287092153785e-03
2.409955128367378008e-03
2.887650297731967405e-03
4.221761539516926884e-03
7.187854371123141364e-03
1.143037600168238417e-02
1.740005791324363352e-02
2.497515748519547885e-02
3.290872136886151961e-02
3.998417214661056235e-02
4.542210622620500987e-02
5.125425951674141695e-02
6.296680800732805394e-02
8.083238453061923623e-02
9.415125560371694069e-02
1.051823038988477926e-01
1.030518981539652879e-01
8.750977429350960402e-02
5.741136574560222472e-02
3.291062660338374413e-02
1.947282301768859386e-02
1.184612405775719267e-02
7.295677169046015445e-03
4.725220121248218524e-03
3.425268797018567006e-03
2.887650297731957430e-03
2.837177612779368668e-03
3.388299312082170868e-03
4.664488047068168428e-03
7.190144160950508005e-03
1.090685021129269260e-02
1.477948041247988814e-02
1.946779443817797314e-02
2.555681842592666397e-02
3.299804002414860604e-02
4.542210622620501681e-02
6.808501745024089780e-02
9.415125560371698232e-02
1.058979681945204504e-01
7.505729060424252974e-02
6.927721718450698118e-02
5.552737691515642615e-02
3.998208492885358539e-02
2.830499005983295319e-02
2.217955203806913980e-02
1.769716682217418319e-02
1.363878926429590473e-02
1.085921289647461679e-02
8.404744107459180893e-03
6.407832503238163405e-03
5.339763741301539225e-03
5.035189665273796800e-03
5.337733236214296274e-03
6.407984418485826970e-03
8.403254826663170834e-03
1.085580294818501955e-02
1.363934657753970887e-02
1.769864822644601904e-02
2.217265785487037427e-02
2.830718926206982761e-02
3.997903235842249076e-02
5.552419250131768874e-02
6.928593764514180686e-02
6.927721718450696731e-02
6.610879458234716899e-02
5.624023360121728488e-02
4.543140315268733020e-02
3.719366879569553641e-02
3.325797498528996338e-02
2.979793943636172351e-02
2.457403104828601026e-02
1.958057704880454553e-02
1.477575201192180866e-02
1.041055613528951707e-02
7.288111626858856384e-03
5.337733236214292805e-03
4.515755804595263448e-03
4.354607515731182509e-03
4.725909091797889962e-03
5.994045886504412342e-03
7.772060250373084150e-03
1.073695164093225497e-02
1.535886284618133424e-02
2.186665406058584116e-02
3.291120818606277365e-02
4.804765969478289045e-02
6.210116701186689514e-02
5.552737691515644003e-02
5.624023360121730569e-02
5.293210467655658225e-02
5.125347106337570235e-02
5.293210467655656143e-02
5.624023360121729875e-02
5.552737691515645391e-02
4.804046022332745386e-02
3.665410729791789002e-02
2.497634349937536205e-02
1.619179996125931845e-02
1.040704789506843517e-02
6.407984418485820031e-03
4.354607515731182509e-03
3.306523996010542286e-03
2.809024442876879510e-03
3.306523996010550526e-03
4.354607515731177304e-03
6.407984418485820031e-03
1.040704789506842649e-02
1.619179996125932539e-02
2.497634349937536205e-02
3.665410729791789696e-02
4.804046022332747468e-02
3.998208492885357845e-02
4.543140315268735102e-02
5.125347106337566766e-02
6.296346361957191884e-02
8.083546496571560047e-02
9.415131881349599052e-02
9.552620769578194782e-02
8.750977429350963177e-02
6.816397557683909203e-02
4.303724906154181989e-02
2.497515748519548925e-02
1.477948041247988814e-02
8.403254826663153487e-03
4.725909091797884758e-03
2.809024442876884714e-03
2.156737870710770996e-03
2.407576648926099735e-03
2.885873055833130824e-03
4.219668951550459290e-03
7.190144160950521016e-03
1.143037600168237723e-02
1.739561590830423013e-02
2.497381650895769134e-02
3.291062660338376494e-02
2.830499005983296359e-02
3.719366879569552253e-02
5.293210467655656143e-02
8.083546496571560047e-02
1.078605963006635249e-01
1.058950375180534587e-01
9.419926643746388828e-02
1.023869884696762683e-01
1.005157744424259175e-01
6.816229028276904467e-02
3.665464862539657281e-02
1.957935974276470842e-02
1.085580294818500394e-02
5.994045886504419281e-03
3.306523996010547490e-03
2.407576648926111444e-03
2.288953711133936714e-03
2.224641797755595382e-03
2.828877459436380908e-03
4.587692454036715328e-03
7.466016876634108852e-03
1.143839245130060835e-02
1.619482386185987222e-02
2.186268297440966193e-02
2.217955203806913980e-02
3.325797498528995644e-02
5.624023360121725018e-02
9.415131881349599052e-02
1.058950375180535280e-01
5.598718470925743290e-02
2.412075862703785128e-02
5.483879345173272440e-02
1.023873270375918187e-01
8.751158147113963226e-02
4.804497223898414326e-02
2.457697622321637285e-02
1.363934657753969153e-02
7.772060250373071140e-03
4.354607515731185978e-03
2.885873055833141233e-03
2.224641797755600153e-03
1.987321253009632568e-03
2.283239454056919943e-03
2.949197842768969385e-03
4.583834082322654074e-03
7.187281047776573721e-03
1.040673811364195220e-02
1.535628752489243826e-02
1.769716682217417278e-02
2.979793943636167841e-02
5.552737691515640533e-02
9.552620769578192006e-02
9.419926643746391604e-02
2.412075862703789292e-02
1.068019051779942008e-12
2.411794872917481791e-02
9.419658194641228333e-02
9.552948126617921698e-02
5.552079543590635741e-02
2.979618513144079509e-02
1.769864822644601210e-02
1.073695164093226885e-02
6.407984418485826970e-03
4.219668951550469699e-03
2.828877459436386112e-03
2.283239454056928616e-03
2.366191653042627480e-03
2.285762168348698473e-03
2.828404885558299942e-03
4.223343452719375071e-03
6.409486507609504606e-03
1.073919342775529230e-02
1.363878926429589605e-02
2.457403104828599985e-02
4.804046022332743304e-02
8.750977429350960402e-02
1.023869884696762683e-01
5.483879345173270359e-02
2.411794872917480750e-02
5.599345124637329640e-02
1.058985280752739039e-01
9.415361604851010813e-02
5.624485552513255188e-02
3.325344614322222475e-02
2.217265785487038121e-02
1.535886284618134291e-02
1.040704789506844211e-02
7.190144160950527087e-03
4.587692454036720532e-03
2.949197842768954640e-03
2.285762168348694136e-03
1.988178129086511613e-03
2.224367107145012144e-03
2.886576212523592980e-03
4.352909053219824673e-03
7.769575201219274668e-03
1.085921289647460465e-02
1.958057704880454553e-02
3.665410729791789002e-02
6.816397557683907815e-02
1.005157744424259175e-01
1.023873270375917494e-01
9.419658194641225557e-02
1.058985280752739039e-01
1.078689054596528446e-01
8.083076127607366490e-02
5.292895386106123007e-02
3.718952122116182812e-02
2.830718926206981720e-02
2.186665406058582728e-02
1.619179996125931845e-02
1.143037600168238764e-02
7.466016876634105383e-03
4.583834082322642799e-03
2.828404885558282594e-03
2.224367107145005639e-03
2.284194866887663891e-03
2.406241870387646441e-03
3.305528587521120581e-03
5.996307049981871272e-03
8.404744107459173955e-03
1.477575201192180172e-02
2.497634349937536205e-02
4.303724906154179214e-02
6.816229028276903079e-02
8.751158147113971553e-02
9.552948126617924474e-02
9.415361604851017752e-02
8.083076127607369266e-02
6.296809452280352493e-02
5.125153829540123746e-02
4.542641071691018440e-02
3.997903235842247688e-02
3.291120818606277365e-02
2.497634349937535511e-02
1.739561590830420931e-02
1.143839245130060488e-02
7.187281047776560711e-03
4.223343452719358591e-03
2.886576212523573031e-03
2.406241870387639502e-03
2.160672931385692729e-03
2.809339158780020489e-03
4.722501154861600582e-03
6.407832503238163405e-03
1.041055613528951707e-02
1.619179996125931845e-02
2.497515748519548925e-02
3.665464862539656588e-02
4.804497223898416408e-02
5.552079543590644067e-02
5.624485552513258657e-02
5.292895386106125782e-02
5.125153829540126521e-02
5.293016291365638254e-02
5.623878362588510121e-02
5.552419250131766792e-02
4.804765969478289045e-02
3.665410729791791083e-02
2.497381650895769134e-02
1.619482386185986528e-02
1.040673811364194352e-02
6.409486507609491596e-03
4.352909053219810795e-03
3.305528587521104535e-03
2.809339158780017453e-03
3.307072247481399399e-03
4.351434541322708391e-03
5.339763741301539225e-03
7.288111626858858987e-03
1.040704789506842649e-02
1.477948041247989681e-02
1.957935974276470148e-02
2.457697622321641448e-02
2.979618513144082978e-02
3.325344614322223169e-02
3.718952122116187670e-02
4.542641071691021909e-02
5.623878362588515673e-02
6.611062276527139570e-02
6.928593764514177911e-02
6.210116701186687432e-02
4.804046022332747468e-02
3.291062660338374413e-02
2.186268297440965153e-02
1.535628752489242438e-02
1.073919342775529230e-02
7.769575201219268597e-03
5.996307049981868670e-03
4.722501154861594511e-03
4.351434541322714462e-03
4.509143286267281760e-03
5.035189665273796800e-03
5.337733236214296274e-03
6.407984418485826970e-03
8.403254826663170834e-03
1.085580294818501955e-02
1.363934657753970887e-02
1.769864822644601904e-02
2.217265785487037427e-02
2.830718926206982761e-02
3.997903235842249076e-02
5.552419250131768874e-02
6.928593764514180686e-02
7.505729060424252974e-02
6.927721718450698118e-02
5.552737691515642615e-02
3.998208492885358539e-02
2.830499005983295319e-02
2.217955203806913980e-02
1.769716682217418319e-02
1.363878926429590473e-02
1.085921289647461679e-02
8.404744107459180893e-03
6.407832503238163405e-03
5.339763741301539225e-03
5.337733236214292805e-03
4.515755804595263448e-03
4.354607515731182509e-03
4.725909091797889962e-03
5.994045886504412342e-03
7.772060250373084150e-03
1.073695164093225497e-02
1.535886284618133424e-02
2.186665406058584116e-02
3.291120818606277365e-02
4.804765969478289045e-02
6.210116701186689514e-02
6.927721718450696731e-02
6.610879458234716899e-02
5.624023360121728488e-02
4.543140315268733020e-02
3.719366879569553641e-02
3.325797498528996338e-02
2.979793943636172351e-02
2.457403104828601026e-02
1.958057704880454553e-02
1.477575201192180866e-02
1.041055613528951707e-02
7.288111626858856384e-03
6.407984418485820031e-03
4.354607515731182509e-03
3.306523996010542286e-03
2.809024442876879510e-03
3.306523996010550526e-03
4.354607515731177304e-03
6.407984418485820031e-03
1.040704789506842649e-02
1.619179996125932539e-02
2.497634349937536205e-02
3.665410729791789696e-02
4.804046022332747468e-02
5.552737691515644003e-02
5.624023360121730569e-02
5.293210467655658225e-02
5.125347106337570235e-02
5.293210467655656143e-02
5.624023360121729875e-02
5.552737691515645391e-02
4.804046022332745386e-02
3.665410729791789002e-02
2.497634349937536205e-02
1.619179996125931845e-02
1.040704789506843517e-02
8.403254826663153487e-03
4.725909091797884758e-03
2.809024442876884714e-03
2.156737870710770996e-03
2.407576648926099735e-03
2.885873055833130824e-03
4.219668951550459290e-03
7.190144160950521016e-03
1.143037600168237723e-02
1.739561590830423013e-02
2.497381650895769134e-02
3.291062660338376494e-02
3.998208492885357845e-02
4.543140315268735102e-02
5.125347106337566766e-02
6.296346361957191884e-02
8.083546496571560047e-02
9.415131881349599052e-02
9.552620769578194782e-02
8.750977429350963177e-02
6.816397557683909203e-02
4.303724906154181989e-02
2.497515748519548925e-02
1.477948041247988814e-02
1.085580294818500394e-02
5.994045886504419281e-03
3.306523996010547490e-03
2.407576648926111444e-03
2.288953711133936714e-03
2.224641797755595382e-03
2.828877459436380908e-03
4.587692454036715328e-03
7.466016876634108852e-03
1.143839245130060835e-02
1.619482386185987222e-02
2.186268297440966193e-02
2.830499005983296359e-02
3.719366879569552253e-02
5.293210467655656143e-02
8.083546496571560047e-02
1.078605963006635249e-01
1.058950375180534587e-01
9.419926643746388828e-02
1.023869884696762683e-01
1.005157744424259175e-01
6.816229028276904467e-02
3.665464862539657281e-02
1.957935974276470842e-02
1.363934657753969153e-02
7.772060250373071140e-03
4.354607515731185978e-03
2.885873055833141233e-03
2.224641797755600153e-03
1.987321253009632568e-03
2.283239454056919943e-03
2.949197842768969385e-03
4.583834082322654074e-03
7.187281047776573721e-03
1.040673811364195220e-02
1.535628752489243826e-02
2.217955203806913980e-02
3.325797498528995644e-02
5.624023360121725018e-02
9.415131881349599052e-02
1.058950375180535280e-01
5.598718470925743290e-02
2.412075862703785128e-02
5.483879345173272440e-02
1.023873270375918187e-01
8.751158147113963226e-02
4.804497223898414326e-02
2.457697622321637285e-02
1.769864822644601210e-02
1.073695164093226885e-02
6.407984418485826970e-03
4.219668951550469699e-03
2.828877459436386112e-03
2.283239454056928616e-03
2.366191653042627480e-03
2.285762168348698473e-03
2.828404885558299942e-03
4.223343452719375071e-03
6.409486507609504606e-03
1.073919342775529230e-02
1.769716682217417278e-02
2.979793943636167841e-02
5.552737691515640533e-02
9.552620769578192006e-02
9.419926643746391604e-02
2.412075862703789292e-02
1.068019051779942008e-12
2.411794872917481791e-02
9.419658194641228333e-02
9.552948126617921698e-02
5.552079543590635741e-02
2.979618513144079509e-02
2.217265785487038121e-02
1.535886284618134291e-02
1.040704789506844211e-02
7.190144160950527087e-03
4.587692454036720532e-03
2.949197842768954640e-03
2.285762168348694136e-03
1.988178129086511613e-03
2.224367107145012144e-03
2.886576212523592980e-03
4.352909053219824673e-03
7.769575201219274668e-03
1.363878926429589605e-02
2.457403104828599985e-02
4.804046022332743304e-02
8.750977429350960402e-02
1.023869884696762683e-01
5.483879345173270359e-02
2.411794872917480750e-02
5.599345124637329640e-02
1.058985280752739039e-01
9.415361604851010813e-02
5.624485552513255188e-02
3.325344614322222475e-02
2.830718926206981720e-02
2.186665406058582728e-02
1.619179996125931845e-02
1.143037600168238764e-02
7.466016876634105383e-03
4.583834082322642799e-03
2.828404885558282594e-03
2.224367107145005639e-03
2.284194866887663891e-03
2.406241870387646441e-03
3.305528587521120581e-03
5.996307049981871272e-03
1.085921289647460465e-02
1.958057704880454553e-02
3.665410729791789002e-02
6.816397557683907815e-02
1.005157744424259175e-01
1.023873270375917494e-01
9.419658194641225557e-02
1.058985280752739039e-01
1.078689054596528446e-01
8.083076127607366490e-02
5.292895386106123007e-02
3.718952122116182812e-02
3.997903235842247688e-02
3.291120818606277365e-02
2.497634349937535511e-02
1.739561590830420931e-02
1.143839245130060488e-02
7.187281047776560711e-03
4.223343452719358591e-03
2.886576212523573031e-03
2.406241870387639502e-03
2.160672931385692729e-03
2.809339158780020489e-03
4.722501154861600582e-03
8.404744107459173955e-03
1.477575201192180172e-02
2.497634349937536205e-02
4.303724906154179214e-02
6.816229028276903079e-02
8.751158147113971553e-02
9.552948126617924474e-02
9.415361604851017752e-02
8.083076127607369266e-02
6.296809452280352493e-02
5.125153829540123746e-02
4.542641071691018440e-02
5.552419250131766792e-02
4.804765969478289045e-02
3.665410729791791083e-02
2.497381650895769134e-02
1.619482386185986528e-02
1.040673811364194352e-02
6.409486507609491596e-03
4.352909053219810795e-03
3.305528587521104535e-03
2.809339158780017453e-03
3.307072247481399399e-03
4.351434541322708391e-03
6.407832503238163405e-03
1.041055613528951707e-02
1.619179996125931845e-02
2.497515748519548925e-02
3.665464862539656588e-02
4.804497223898416408e-02
5.552079543590644067e-02
5.624485552513258657e-02
5.292895386106125782e-02
5.125153829540126521e-02
5.293016291365638254e-02
5.623878362588510121e-02
6.928593764514177911e-02
6.210116701186687432e-02
4.804046022332747468e-02
3.291062660338374413e-02
2.186268297440965153e-02
1.535628752489242438e-02
1.073919342775529230e-02
7.769575201219268597e-03
5.996307049981868670e-03
4.722501154861594511e-03
4.351434541322714462e-03
4.509143286267281760e-03
5.339763741301539225e-03
7.288111626858858987e-03
1.040704789506842649e-02
1.477948041247989681e-02
1.957935974276470148e-02
2.457697622321641448e-02
2.979618513144082978e-02
3.325344614322223169e-02
3.718952122116187670e-02
4.542641071691021909e-02
5.623878362588515673e-02
6.611062276527139570e-02
3.485717217545999946e-02
3.333937149341197059e-02
2.979793943636175474e-02
2.556111089140025716e-02
2.217955203806915021e-02
2.013562332858893911e-02
1.766171026118554949e-02
1.537144254094412882e-02
1.363603291333402232e-02
1.184639096997145737e-02
1.073740561406095854e-02
9.855734905893642761e-03
9.281397309858916561e-03
9.859134102866443095e-03
1.073695164093227232e-02
1.184810584767188694e-02
1.363934657753971581e-02
1.537077775861814787e-02
1.766202343396967855e-02
2.013447118798813648e-02
2.217589906387344018e-02
2.555647353957294157e-02
2.979869742323279502e-02
3.334470443713846710e-02
3.333937149341193590e-02
3.419440006980616759e-02
3.325797498528999113e-02
3.299642225188562095e-02
3.325797498528995644e-02
3.419440006980613983e-02
3.333937149341192896e-02
2.945881074519431791e-02
2.457777368001992993e-02
1.947324106217368164e-02
1.535595000988821714e-02
1.242208883139051673e-02
9.859134102866439625e-03
8.472050804700094820e-03
7.772060250373102365e-03
7.292665287914855410e-03
7.772060250373094559e-03
8.472050804700094820e-03
9.859134102866439625e-03
1.242208883139052887e-02
1.535595000988824316e-02
1.947324106217368164e-02
2.457777368001994034e-02
2.945881074519431791e-02
2.979793943636172351e-02
3.325797498528997725e-02
3.719366879569551559e-02
4.543140315268734408e-02
5.624023360121725018e-02
6.610879458234712736e-02
6.927721718450698118e-02
6.210116701186690902e-02
4.804765969478291127e-02
3.291120818606277365e-02
2.186665406058582034e-02
1.535886284618132556e-02
1.073695164093225497e-02
7.772060250373091957e-03
5.994045886504425352e-03
4.725909091797889962e-03
4.354607515731182509e-03
4.515755804595268652e-03
5.337733236214286733e-03
7.288111626858852048e-03
1.041055613528951707e-02
1.477575201192181213e-02
1.958057704880454553e-02
2.457403104828604148e-02
2.556111089140025716e-02
3.299642225188560707e-02
4.543140315268733020e-02
6.807956593299760439e-02
9.415131881349596277e-02
1.058975444616545164e-01
1.051812804022307646e-01
1.030518981539653434e-01
8.750921719501773832e-02
5.740715044797566058e-02
3.290872136886149879e-02
1.946779443817796620e-02
1.184810584767185572e-02
7.292665287914852808e-03
4.725909091797889962e-03
3.423195331842975378e-03
2.885873055833141233e-03
2.835310421727649504e-03
3.390330344061356221e-03
4.664488047068154550e-03
7.187854371123143966e-03
1.090767179305689519e-02
1.477664020831228817e-02
1.947282301768861121e-02
2.217955203806915021e-02
3.325797498528996338e-02
5.624023360121722936e-02
9.415131881349593501e-02
1.058950375180535003e-01
5.598718470925743290e-02
2.412075862703786169e-02
5.483879345173275216e-02
1.023873270375918187e-01
8.751158147113967389e-02
4.804497223898414326e-02
2.457697622321638325e-02
1.363934657753968285e-02
7.772060250373074609e-03
4.354607515731193784e-03
2.885873055833143401e-03
2.224641797755604489e-03
1.987321253009636905e-03
2.283239454056922111e-03
2.949197842768959410e-03
4.583834082322645401e-03
7.187281047776560711e-03
1.040673811364195220e-02
1.535628752489244693e-02
2.013562332858893911e-02
3.419440006980611901e-02
6.610879458234712736e-02
1.058975444616545164e-01
5.598718470925748841e-02
1.068019051779942008e-12
1.068019051779942008e-12
1.068019051779942008e-12
5.483899759627438447e-02
1.030574221532670892e-01
6.209726221899265763e-02
2.945629664431785935e-02
1.537077775861811837e-02
8.472050804700094820e-03
4.515755804595285999e-03
2.835310421727664249e-03
1.987321253009639074e-03
1.532334662368522006e-03
1.588039922623833960e-03
1.881497004241774454e-03
2.953354717288657772e-03
4.668212252552142102e-03
7.287386651994745383e-03
1.242023771589324116e-02
1.766171026118553908e-02
3.333937149341188039e-02
6.927721718450692567e-02
1.051812804022307368e-01
2.412075862703792414e-02
1.068019051779942008e-12
1.068019051779942008e-12
1.068019051779942008e-12
2.412096093528747626e-02
1.051798631888544722e-01
6.929018318912136265e-02
3.334217316387515229e-02
1.766202343396967855e-02
9.859134102866439625e-03
5.337733236214314489e-03
3.390330344061374436e-03
2.283239454056933387e-03
1.588039922623833960e-03
1.476278186022687844e-03
1.587282445134837600e-03
2.284388983373020210e-03
3.389075942049591620e-03
5.337957135511157795e-03
9.857421113161771511e-03
1.537144254094410280e-02
2.945881074519428669e-02
6.210116701186687432e-02
1.030518981539653156e-01
5.483879345173275216e-02
1.068019051779942008e-12
1.068019051779942008e-12
1.068019051779942008e-12
5.598981943801443345e-02
1.058906411938905223e-01
6.610601182514926066e-02
3.419246979785758173e-02
2.013447118798813648e-02
1.242208883139053234e-02
7.288111626858865925e-03
4.664488047068177969e-03
2.949197842768964180e-03
1.881497004241782910e-03
1.587282445134834347e-03
1.530572429269760372e-03
1.985660777823095198e-03
2.834547456861043983e-03
4.513274677541862304e-03
8.476090856294291043e-03
1.363603291333399803e-02
2.457777368001989871e-02
4.804765969478289045e-02
8.750921719501771057e-02
1.023873270375917771e-01
5.483899759627430121e-02
2.412096093528741728e-02
5.598981943801436406e-02
1.058969889329621633e-01
9.415350947068229504e-02
5.624080298301320502e-02
3.325548117725291020e-02
2.217589906387342630e-02
1.535595000988822581e-02
1.041055613528952400e-02
7.187854371123158712e-03
4.583834082322656676e-03
2.953354717288647797e-03
2.284388983373015439e-03
1.985660777823086524e-03
2.227729732887829758e-03
2.888477719109487640e-03
4.348779665585259316e-03
7.768093252978561063e-03
1.184639096997146430e-02
1.947324106217367123e-02
3.291120818606274590e-02
5.740715044797561895e-02
8.751158147113967389e-02
1.030574221532670892e-01
1.051798631888544444e-01
1.058906411938905223e-01
9.415350947068229504e-02
6.808143499095266338e-02
4.542633701466834012e-02
3.299426397067142802e-02
2.555647353957292076e-02
1.947324106217367123e-02
1.477575201192181213e-02
1.090767179305688998e-02
7.187281047776566782e-03
4.668212252552142102e-03
3.389075942049576441e-03
2.834547456861043983e-03
2.888477719109480268e-03
3.427680298060233402e-03
4.725475372661861254e-03
7.293732573064305030e-03
1.073740561406095854e-02
1.535595000988821714e-02
2.186665406058582034e-02
3.290872136886151267e-02
4.804497223898416408e-02
6.209726221899269927e-02
6.929018318912143204e-02
6.610601182514931617e-02
5.624080298301323277e-02
4.542633701466838869e-02
3.719124906260149604e-02
3.325072557762705217e-02
2.979869742323275686e-02
2.457777368001992993e-02
1.958057704880453859e-02
1.477664020831229510e-02
1.040673811364194352e-02
7.287386651994745383e-03
5.337957135511148254e-03
4.513274677541848426e-03
4.348779665585265387e-03
4.725475372661861254e-03
5.991966612612188887e-03
7.770976603727212939e-03
9.855734905893642761e-03
1.242208883139051152e-02
1.535886284618134291e-02
1.946779443817799049e-02
2.457697622321642142e-02
2.945629664431789058e-02
3.334217316387515923e-02
3.419246979785760948e-02
3.325548117725293101e-02
3.299426397067146272e-02
3.325072557762709380e-02
3.419103395037550314e-02
3.334470443713846710e-02
2.945881074519432832e-02
2.457403104828604148e-02
1.947282301768861121e-02
1.535628752489244693e-02
1.242023771589323422e-02
9.857421113161787124e-03
8.476090856294308390e-03
7.768093252978568869e-03
7.293732573064305030e-03
7.770976603727226817e-03
8.473703466425831082e-03
9.281397309858916561e-03
9.859134102866443095e-03
1.073695164093227232e-02
1.184810584767188694e-02
1.363934657753971581e-02
1.537077775861814787e-02
1.766202343396967855e-02
2.013447118798813648e-02
2.217589906387344018e-02
2.555647353957294157e-02
2.979869742323279502e-02
3.334470443713846710e-02
3.485717217545999946e-02
3.333937149341197059e-02
2.979793943636175474e-02
2.556111089140025716e-02
2.217955203806915021e-02
2.013562332858893911e-02
1.766171026118554949e-02
1.537144254094412882e-02
1.363603291333402232e-02
1.184639096997145737e-02
1.073740561406095854e-02
9.855734905893642761e-03
9.859134102866439625e-03
8.472050804700094820e-03
7.772060250373102365e-03
7.292665287914855410e-03
7.772060250373094559e-03
8.472050804700094820e-03
9.859134102866439625e-03
1.242208883139052887e-02
1.535595000988824316e-02
1.947324106217368164e-02
2.457777368001994034e-02
2.945881074519431791e-02
3.333937149341193590e-02
3.419440006980616759e-02
3.325797498528999113e-02
3.299642225188562095e-02
3.325797498528995644e-02
3.419440006980613983e-02
3.333937149341192896e-02
2.945881074519431791e-02
2.457777368001992993e-02
1.947324106217368164e-02
1.535595000988821714e-02
1.242208883139051673e-02
1.073695164093225497e-02
7.772060250373091957e-03
5.994045886504425352e-03
4.725909091797889962e-03
4.354607515731182509e-03
4.515755804595268652e-03
5.337733236214286733e-03
7.288111626858852048e-03
1.041055613528951707e-02
1.477575201192181213e-02
1.958057704880454553e-02
2.457403104828604148e-02
2.979793943636172351e-02
3.325797498528997725e-02
3.719366879569551559e-02
4.543140315268734408e-02
5.624023360121725018e-02
6.610879458234712736e-02
6.927721718450698118e-02
6.210116701186690902e-02
4.804765969478291127e-02
3.291120818606277365e-02
2.186665406058582034e-02
1.535886284618132556e-02
1.184810584767185572e-02
7.292665287914852808e-03
4.725909091797889962e-03
3.423195331842975378e-03
2.885873055833141233e-03
2.835310421727649504e-03
3.390330344061356221e-03
4.664488047068154550e-03
7.187854371123143966e-03
1.090767179305689519e-02
1.477664020831228817e-02
1.947282301768861121e-02
2.556111089140025716e-02
3.299642225188560707e-02
4.543140315268733020e-02
6.807956593299760439e-02
9.415131881349596277e-02
1.058975444616545164e-01
1.051812804022307646e-01
1.030518981539653434e-01
8.750921719501773832e-02
5.740715044797566058e-02
3.290872136886149879e-02
1.946779443817796620e-02
1.363934657753968285e-02
7.772060250373074609e-03
4.354607515731193784e-03
2.885873055833143401e-03
2.224641797755604489e-03
1.987321253009636905e-03
2.283239454056922111e-03
2.949197842768959410e-03
4.583834082322645401e-03
7.187281047776560711e-03
1.040673811364195220e-02
1.535628752489244693e-02
2.217955203806915021e-02
3.325797498528996338e-02
5.624023360121722936e-02
9.415131881349593501e-02
1.058950375180535003e-01
5.598718470925743290e-02
2.412075862703786169e-02
5.483879345173275216e-02
1.023873270375918187e-01
8.751158147113967389e-02
4.804497223898414326e-02
2.457697622321638325e-02
1.537077775861811837e-02
8.472050804700094820e-03
4.515755804595285999e-03
2.835310421727664249e-03
1.987321253009639074e-03
1.532334662368522006e-03
1.588039922623833960e-03
1.881497004241774454e-03
2.953354717288657772e-03
4.668212252552142102e-03
7.287386651994745383e-03
1.242023771589324116e-02
2.013562332858893911e-02
3.419440006980611901e-02
6.610879458234712736e-02
1.058975444616545164e-01
5.598718470925748841e-02
1.068019051779942008e-12
1.068019051779942008e-12
1.068019051779942008e-12
5.483899759627438447e-02
1.030574221532670892e-01
6.209726221899265763e-02
2.945629664431785935e-02
1.766202343396967855e-02
9.859134102866439625e-03
5.337733236214314489e-03
3.390330344061374436e-03
2.283239454056933387e-03
1.588039922623833960e-03
1.476278186022687844e-03
1.587282445134837600e-03
2.284388983373020210e-03
3.389075942049591620e-03
5.337957135511157795e-03
9.857421113161771511e-03
1.766171026118553908e-02
3.333937149341188039e-02
6.927721718450692567e-02
1.051812804022307368e-01
2.412075862703792414e-02
1.068019051779942008e-12
1.068019051779942008e-12
1.068019051779942008e-12
2.412096093528747626e-02
1.051798631888544722e-01
6.929018318912136265e-02
3.334217316387515229e-02
2.013447118798813648e-02
1.242208883139053234e-02
7.288111626858865925e-03
4.664488047068177969e-03
2.949197842768964180e-03
1.881497004241782910e-03
1.587282445134834347e-03
1.530572429269760372e-03
1.985660777823095198e-03
2.834547456861043983e-03
4.513274677541862304e-03
8.476090856294291043e-03
1.537144254094410280e-02
2.945881074519428669e-02
6.210116701186687432e-02
1.030518981539653156e-01
5.483879345173275216e-02
1.068019051779942008e-12
1.068019051779942008e-12
1.068019051779942008e-12
5.598981943801443345e-02
1.058906411938905223e-01
6.610601182514926066e-02
3.419246979785758173e-02
2.217589906387342630e-02
1.535595000988822581e-02
1.041055613528952400e-02
7.187854371123158712e-03
4.583834082322656676e-03
2.953354717288647797e-03
2.284388983373015439e-03
1.985660777823086524e-03
2.227729732887829758e-03
2.888477719109487640e-03
4.348779665585259316e-03
7.768093252978561063e-03
1.363603291333399803e-02
2.457777368001989871e-02
4.804765969478289045e-02
8.750921719501771057e-02
1.023873270375917771e-01
5.483899759627430121e-02
2.412096093528741728e-02
5.598981943801436406e-02
1.058969889329621633e-01
9.415350947068229504e-02
5.624080298301320502e-02
3.325548117725291020e-02
2.555647353957292076e-02
1.947324106217367123e-02
1.477575201192181213e-02
1.090767179305688998e-02
7.187281047776566782e-03
4.668212252552142102e-03
3.389075942049576441e-03
2.834547456861043983e-03
2.888477719109480268e-03
3.427680298060233402e-03
4.725475372661861254e-03
7.293732573064305030e-03
1.184639096997146430e-02
1.947324106217367123e-02
3.291120818606274590e-02
5.740715044797561895e-02
8.751158147113967389e-02
1.030574221532670892e-01
1.051798631888544444e-01
1.058906411938905223e-01
9.415350947068229504e-02
6.808143499095266338e-02
4.542633701466834012e-02
3.299426397067142802e-02
2.979869742323275686e-02
2.457777368001992993e-02
1.958057704880453859e-02
1.477664020831229510e-02
1.040673811364194352e-02
7.287386651994745383e-03
5.337957135511148254e-03
4.513274677541848426e-03
4.348779665585265387e-03
4.725475372661861254e-03
5.991966612612188887e-03
7.770976603727212939e-03
1.073740561406095854e-02
1.535595000988821714e-02
2.186665406058582034e-02
3.290872136886151267e-02
4.804497223898416408e-02
6.209726221899269927e-02
6.929018318912143204e-02
6.610601182514931617e-02
5.624080298301323277e-02
4.542633701466838869e-02
3.719124906260149604e-02
3.325072557762705217e-02
3.334470443713846710e-02
2.945881074519432832e-02
2.457403104828604148e-02
1.947282301768861121e-02
1.535628752489244693e-02
1.242023771589323422e-02
9.857421113161787124e-03
8.476090856294308390e-03
7.768093252978568869e-03
7.293732573064305030e-03
7.770976603727226817e-03
8.473703466425831082e-03
9.855734905893642761e-03
1.242208883139051152e-02
1.535886284618134291e-02
1.946779443817799049e-02
2.457697622321642142e-02
2.945629664431789058e-02
3.334217316387515923e-02
3.419246979785760948e-02
3.325548117725293101e-02
3.299426397067146272e-02
3.325072557762709380e-02
3.419103395037550314e-02
1.735870336256758670e-02
1.766171026118556683e-02
1.769716682217420747e-02
1.747224923070111666e-02
1.769716682217419013e-02
1.766171026118555643e-02
1.735870336256755894e-02
1.765937231287165871e-02
1.769775610839418103e-02
1.747100854746706788e-02
1.769805893032438959e-02
1.766436149926773475e-02
1.735651324724526642e-02
1.766202343396966815e-02
1.769864822644602945e-02
1.746976789360089530e-02
1.769864822644603639e-02
1.766202343396966815e-02
1.735651324724526642e-02
1.766436149926774515e-02
1.769805893032442429e-02
1.747100854746708176e-02
1.769775610839421920e-02
1.765937231287164830e-02
1.766171026118555643e-02
2.013562332858895992e-02
2.217955203806917103e-02
2.556111089140025716e-02
2.979793943636172351e-02
3.333937149341190120e-02
3.485717217545998559e-02
3.334470443713845322e-02
2.979869742323276727e-02
2.555647353957293116e-02
2.217589906387345058e-02
2.013447118798814689e-02
1.766202343396969590e-02
1.537077775861814266e-02
1.363934657753970887e-02
1.184810584767187133e-02
1.073695164093227232e-02
9.859134102866446564e-03
9.281397309858923500e-03
9.855734905893658374e-03
1.073740561406098283e-02
1.184639096997148165e-02
1.363603291333402232e-02
1.537144254094414443e-02
1.769716682217419013e-02
2.217955203806916062e-02
2.830499005983294278e-02
3.998208492885355764e-02
5.552737691515642615e-02
6.927721718450695343e-02
7.505729060424252974e-02
6.928593764514180686e-02
5.552419250131768180e-02
3.997903235842246300e-02
2.830718926206982761e-02
2.217265785487038121e-02
1.769864822644602945e-02
1.363934657753970887e-02
1.085580294818503516e-02
8.403254826663188182e-03
6.407984418485833042e-03
5.337733236214296274e-03
5.035189665273796800e-03
5.339763741301539225e-03
6.407832503238163405e-03
8.404744107459187832e-03
1.085921289647463241e-02
1.363878926429590473e-02
1.747224923070109931e-02
2.556111089140022594e-02
3.998208492885352294e-02
6.644038981113599418e-02
9.552620769578192006e-02
1.051812804022307368e-01
1.027852424373283113e-01
1.051823038988478204e-01
9.553395537794731607e-02
6.644434040439585465e-02
3.998417214661056929e-02
2.555681842592665010e-02
1.746976789360088142e-02
1.184810584767187133e-02
8.403254826663174304e-03
6.107389208533674230e-03
4.219668951550469699e-03
3.390330344061364461e-03
3.349851965331614601e-03
3.388299312082165664e-03
4.221761539516938160e-03
6.108460878038598010e-03
8.401688199042836938e-03
1.184612405775719961e-02
1.769716682217419707e-02
2.979793943636170270e-02
5.552737691515640533e-02
9.552620769578189230e-02
9.419926643746391604e-02
2.412075862703788251e-02
1.068019051779942008e-12
2.411794872917483873e-02
9.419658194641228333e-02
9.552948126617921698e-02
5.552079543590637128e-02
2.979618513144082978e-02
1.769864822644601210e-02
1.073695164093225497e-02
6.407984418485839113e-03
4.219668951550475770e-03
2.828877459436390882e-03
2.283239454056928616e-03
2.366191653042623144e-03
2.285762168348698473e-03
2.828404885558287798e-03
4.223343452719369867e-03
6.409486507609507208e-03
1.073919342775530097e-02
1.766171026118553908e-02
3.333937149341188039e-02
6.927721718450692567e-02
1.051812804022307368e-01
2.412075862703790333e-02
1.068019051779942008e-12
1.068019051779942008e-12
1.068019051779942008e-12
2.412096093528748667e-02
1.051798631888544028e-01
6.929018318912139041e-02
3.334217316387512453e-02
1.766202343396965774e-02
9.859134102866432686e-03
5.337733236214311019e-03
3.390330344061369666e-03
2.283239454056933387e-03
1.588039922623840031e-03
1.476278186022693699e-03
1.587282445134836299e-03
2.284388983373024980e-03
3.389075942049591620e-03
5.337957135511167336e-03
9.857421113161794063e-03
1.735870336256753119e-02
3.485717217545994395e-02
7.505729060424250199e-02
1.027852424373283530e-01
1.068019051779942008e-12
1.068019051779942008e-12
1.068019051779942008e-12
1.068019051779942008e-12
1.068019051779942008e-12
1.027823922029561382e-01
7.505625448994995841e-02
3.485820184846186859e-02
1.735651324724523867e-02
9.281397309858932174e-03
5.035189665273808943e-03
3.349851965331619805e-03
2.366191653042632251e-03
1.476278186022691964e-03
1.221718139916756676e-03
1.475789803391743026e-03
2.365211216264431586e-03
3.350762438605144576e-03
5.035610671998300147e-03
9.280734891400674313e-03
1.765937231287160319e-02
3.334470443713839771e-02
6.928593764514175135e-02
1.051823038988478204e-01
2.411794872917486995e-02
1.068019051779942008e-12
1.068019051779942008e-12
1.068019051779942008e-12
2.411792741731693876e-02
1.051900905381707441e-01
6.927928304872250920e-02
3.334609055006001327e-02
1.766436149926774515e-02
9.855734905893642761e-03
5.339763741301557440e-03
3.388299312082176072e-03
2.285762168348707581e-03
1.587282445134849743e-03
1.475789803391748013e-03
1.588613988898694707e-03
2.284529905311196221e-03
3.387526947528165817e-03
5.336854193786363942e-03
9.854658124575997602e-03
1.769775610839417410e-02
2.979869742323272216e-02
5.552419250131762629e-02
9.553395537794726056e-02
9.419658194641228333e-02
2.412096093528743462e-02
1.068019051779942008e-12
2.411792741731687978e-02
9.419235203638112730e-02
9.552393687154882296e-02
5.552305746698575628e-02
2.979706913725007830e-02
1.769805893032438959e-02
1.073740561406096895e-02
6.407832503238170344e-03
4.221761539516949435e-03
2.828404885558297773e-03
2.284388983373024980e-03
2.365211216264427249e-03
2.284529905311205762e-03
2.831026957558408375e-03
4.220471708901408874e-03
6.410087530547813224e-03
1.073757094854307405e-02
1.747100854746705748e-02
2.555647353957291035e-02
3.997903235842242137e-02
6.644434040439584077e-02
9.552948126617921698e-02
1.051798631888544028e-01
1.027823922029560966e-01
1.051900905381707441e-01
9.552393687154882296e-02
6.644127002049021735e-02
3.998306498404992360e-02
2.555979866961002531e-02
1.747100854746705748e-02
1.184639096997146430e-02
8.404744107459184363e-03
6.108460878038598010e-03
4.223343452719369867e-03
3.389075942049586416e-03
3.350762438605139372e-03
3.387526947528165817e-03
4.220471708901414078e-03
6.106991966873915982e-03
8.402672136382138141e-03
1.184912141073975016e-02
1.769805893032438959e-02
2.217589906387342630e-02
2.830718926206981720e-02
3.998417214661054847e-02
5.552079543590639210e-02
6.929018318912143204e-02
7.505625448995002780e-02
6.927928304872253695e-02
5.552305746698578404e-02
3.998306498404995135e-02
2.830369641520623022e-02
2.217601010623831623e-02
1.769775610839419144e-02
1.363603291333401364e-02
1.085921289647462894e-02
8.401688199042850816e-03
6.409486507609504606e-03
5.337957135511155193e-03
5.035610671998288004e-03
5.336854193786357003e-03
6.410087530547816694e-03
8.402672136382138141e-03
1.085674286815936987e-02
1.364235876045028460e-02
1.766436149926774515e-02
2.013447118798813648e-02
2.217265785487039162e-02
2.555681842592667438e-02
2.979618513144082978e-02
3.334217316387517310e-02
3.485820184846187553e-02
3.334609055006003409e-02
2.979706913725009912e-02
2.555979866961004612e-02
2.217601010623834745e-02
2.013425680246252666e-02
1.765937231287166911e-02
1.537144254094415310e-02
1.363878926429592207e-02
1.184612405775721522e-02
1.073919342775530791e-02
9.857421113161802737e-03
9.280734891400681252e-03
9.854658124576020153e-03
1.073757094854309660e-02
1.184912141073975710e-02
1.364235876045029501e-02
1.537202669117802498e-02
1.735651324724526642e-02
1.766202343396966815e-02
1.769864822644602945e-02
1.746976789360089530e-02
1.769864822644603639e-02
1.766202343396966815e-02
1.735651324724526642e-02
1.766436149926774515e-02
1.769805893032442429e-02
1.747100854746708176e-02
1.769775610839421920e-02
1.765937231287164830e-02
1.735870336256758670e-02
1.766171026118556683e-02
1.769716682217420747e-02
1.747224923070111666e-02
1.769716682217419013e-02
1.766171026118555643e-02
1.735870336256755894e-02
1.765937231287165871e-02
1.769775610839418103e-02
1.747100854746706788e-02
1.769805893032438959e-02
1.766436149926773475e-02
1.766202343396969590e-02
1.537077775861814266e-02
1.363934657753970887e-02
1.184810584767187133e-02
1.073695164093227232e-02
9.859134102866446564e-03
9.281397309858923500e-03
9.855734905893658374e-03
1.073740561406098283e-02
1.184639096997148165e-02
1.363603291333402232e-02
1.537144254094414443e-02
1.766171026118555643e-02
2.013562332858895992e-02
2.217955203806917103e-02
2.556111089140025716e-02
2.979793943636172351e-02
3.333937149341190120e-02
3.485717217545998559e-02
3.334470443713845322e-02
2.979869742323276727e-02
2.555647353957293116e-02
2.217589906387345058e-02
2.013447118798814689e-02
1.769864822644602945e-02
1.363934657753970887e-02
1.085580294818503516e-02
8.403254826663188182e-03
6.407984418485833042e-03
5.337733236214296274e-03
5.035189665273796800e-03
5.339763741301539225e-03
6.407832503238163405e-03
8.404744107459187832e-03
1.085921289647463241e-02
1.363878926429590473e-02
1.769716682217419013e-02
2.217955203806916062e-02
2.830499005983294278e-02
3.998208492885355764e-02
5.552737691515642615e-02
6.927721718450695343e-02
7.505729060424252974e-02
6.928593764514180686e-02
5.552419250131768180e-02
3.997903235842246300e-02
2.830718926206982761e-02
2.217265785487038121e-02
1.746976789360088142e-02
1.184810584767187133e-02
8.403254826663174304e-03
6.107389208533674230e-03
4.219668951550469699e-03
3.390330344061364461e-03
3.349851965331614601e-03
3.388299312082165664e-03
4.221761539516938160e-03
6.108460878038598010e-03
8.401688199042836938e-03
1.184612405775719961e-02
1.747224923070109931e-02
2.556111089140022594e-02
3.998208492885352294e-02
6.644038981113599418e-02
9.552620769578192006e-02
1.051812804022307368e-01
1.027852424373283113e-01
1.051823038988478204e-01
9.553395537794731607e-02
6.644434040439585465e-02
3.998417214661056929e-02
2.555681842592665010e-02
1.769864822644601210e-02
1.073695164093225497e-02
6.407984418485839113e-03
4.219668951550475770e-03
2.828877459436390882e-03
2.283239454056928616e-03
2.366191653042623144e-03
2.285762168348698473e-03
2.828404885558287798e-03
4.223343452719369867e-03
6.409486507609507208e-03
1.073919342775530097e-02
1.769716682217419707e-02
2.979793943636170270e-02
5.552737691515640533e-02
9.552620769578189230e-02
9.419926643746391604e-02
2.412075862703788251e-02
1.068019051779942008e-12
2.411794872917483873e-02
9.419658194641228333e-02
9.552948126617921698e-02
5.552079543590637128e-02
2.979618513144082978e-02
1.766202343396965774e-02
9.859134102866432686e-03
5.337733236214311019e-03
3.390330344061369666e-03
2.283239454056933387e-03
1.588039922623840031e-03
1.476278186022693699e-03
1.587282445134836299e-03
2.284388983373024980e-03
3.389075942049591620e-03
5.337957135511167336e-03
9.857421113161794063e-03
1.766171026118553908e-02
3.333937149341188039e-02
6.927721718450692567e-02
1.051812804022307368e-01
2.412075862703790333e-02
1.068019051779942008e-12
1.068019051779942008e-12
1.068019051779942008e-12
2.412096093528748667e-02
1.051798631888544028e-01
6.929018318912139041e-02
3.334217316387512453e-02
1.735651324724523867e-02
9.281397309858932174e-03
5.035189665273808943e-03
3.349851965331619805e-03
2.366191653042632251e-03
1.476278186022691964e-03
1.221718139916756676e-03
1.475789803391743026e-03
2.365211216264431586e-03
3.350762438605144576e-03
5.035610671998300147e-03
9.280734891400674313e-03
1.735870336256753119e-02
3.485717217545994395e-02
7.505729060424250199e-02
1.027852424373283530e-01
1.068019051779942008e-12
1.068019051779942008e-12
1.068019051779942008e-12
1.068019051779942008e-12
1.068019051779942008e-12
1.027823922029561382e-01
7.505625448994995841e-02
3.485820184846186859e-02
1.766436149926774515e-02
9.855734905893642761e-03
5.339763741301557440e-03
3.388299312082176072e-03
2.285762168348707581e-03
1.587282445134849743e-03
1.475789803391748013e-03
1.588613988898694707e-03
2.284529905311196221e-03
3.387526947528165817e-03
5.336854193786363942e-03
9.854658124575997602e-03
1.765937231287160319e-02
3.334470443713839771e-02
6.928593764514175135e-02
1.051823038988478204e-01
2.411794872917486995e-02
1.068019051779942008e-12
1.068019051779942008e-12
1.068019051779942008e-12
2.411792741731693876e-02
1.051900905381707441e-01
6.927928304872250920e-02
3.334609055006001327e-02
1.769805893032438959e-02
1.073740561406096895e-02
6.407832503238170344e-03
4.221761539516949435e-03
2.828404885558297773e-03
2.284388983373024980e-03
2.365211216264427249e-03
2.284529905311205762e-03
2.831026957558408375e-03
4.220471708901408874e-03
6.410087530547813224e-03
1.073757094854307405e-02
1.769775610839417410e-02
2.979869742323272216e-02
5.552419250131762629e-02
9.553395537794726056e-02
9.419658194641228333e-02
2.412096093528743462e-02
1.068019051779942008e-12
2.411792741731687978e-02
9.419235203638112730e-02
9.552393687154882296e-02
5.552305746698575628e-02
2.979706913725007830e-02
1.747100854746705748e-02
1.184639096997146430e-02
8.404744107459184363e-03
6.108460878038598010e-03
4.223343452719369867e-03
3.389075942049586416e-03
3.350762438605139372e-03
3.387526947528165817e-03
4.220471708901414078e-03
6.106991966873915982e-03
8.402672136382138141e-03
1.184912141073975016e-02
1.747100854746705748e-02
2.555647353957291035e-02
3.997903235842242137e-02
6.644434040439584077e-02
9.552948126617921698e-02
1.051798631888544028e-01
1.027823922029560966e-01
1.051900905381707441e-01
9.552393687154882296e-02
6.644127002049021735e-02
3.998306498404992360e-02
2.555979866961002531e-02
1.769775610839419144e-02
1.363603291333401364e-02
1.085921289647462894e-02
8.401688199042850816e-03
6.409486507609504606e-03
5.337957135511155193e-03
5.035610671998288004e-03
5.336854193786357003e-03
6.410087530547816694e-03
8.402672136382138141e-03
1.085674286815936987e-02
1.364235876045028460e-02
1.769805893032438959e-02
2.217589906387342630e-02
2.830718926206981720e-02
3.998417214661054847e-02
5.552079543590639210e-02
6.929018318912143204e-02
7.505625448995002780e-02
6.927928304872253695e-02
5.552305746698578404e-02
3.998306498404995135e-02
2.830369641520623022e-02
2.217601010623831623e-02
1.765937231287166911e-02
1.537144254094415310e-02
1.363878926429592207e-02
1.184612405775721522e-02
1.073919342775530791e-02
9.857421113161802737e-03
9.280734891400681252e-03
9.854658124576020153e-03
1.073757094854309660e-02
1.184912141073975710e-02
1.364235876045029501e-02
1.537202669117802498e-02
1.766436149926774515e-02
2.013447118798813648e-02
2.217265785487039162e-02
2.555681842592667438e-02
2.979618513144082978e-02
3.334217316387517310e-02
3.485820184846187553e-02
3.334609055006003409e-02
2.979706913725009912e-02
2.555979866961004612e-02
2.217601010623834745e-02
2.013425680246252666e-02
9.280734891400684722e-03
9.857421113161802737e-03
1.073919342775531138e-02
1.184612405775721869e-02
1.363878926429592901e-02
1.537144254094411841e-02
1.765937231287164830e-02
2.013425680246249891e-02
2.217601010623830582e-02
2.555979866961003225e-02
2.979706913725010953e-02
3.334609055006005490e-02
3.485820184846188940e-02
3.334217316387517310e-02
2.979618513144085060e-02
2.555681842592663969e-02
2.217265785487038121e-02
2.013447118798813648e-02
1.766436149926773475e-02
1.537202669117803018e-02
1.364235876045030195e-02
1.184912141073978138e-02
1.073757094854310701e-02
9.854658124576020153e-03
9.857421113161794063e-03
1.242023771589324116e-02
1.535628752489244693e-02
1.947282301768862509e-02
2.457403104828604148e-02
2.945881074519431791e-02
3.334470443713843241e-02
3.419103395037546150e-02
3.325072557762705217e-02
3.299426397067143496e-02
3.325548117725293101e-02
3.419246979785765111e-02
3.334217316387518004e-02
2.945629664431789058e-02
2.457697622321641448e-02
1.946779443817798355e-02
1.535886284618133424e-02
1.242208883139051673e-02
9.855734905893642761e-03
8.473703466425834552e-03
7.770976603727226817e-03
7.293732573064305030e-03
7.768093252978568869e-03
8.476090856294308390e-03
1.073919342775528536e-02
1.535628752489242438e-02
2.186268297440965153e-02
3.291062660338374413e-02
4.804046022332745386e-02
6.210116701186690902e-02
6.928593764514177911e-02
6.611062276527136794e-02
5.623878362588510815e-02
4.542641071691020521e-02
3.718952122116186282e-02
3.325344614322225945e-02
2.979618513144085060e-02
2.457697622321639366e-02
1.957935974276470842e-02
1.477948041247989681e-02
1.040704789506842649e-02
7.288111626858852048e-03
5.339763741301533154e-03
4.509143286267284362e-03
4.351434541322717064e-03
4.722501154861589306e-03
5.996307049981865200e-03
7.769575201219278138e-03
1.184612405775719961e-02
1.947282301768859386e-02
3.291062660338372331e-02
5.741136574560220390e-02
8.750977429350960402e-02
1.030518981539652879e-01
1.051823038988478481e-01
1.058979681945204226e-01
9.415125560371698232e-02
6.808501745024087004e-02
4.542210622620499599e-02
3.299804002414862686e-02
2.555681842592666397e-02
1.946779443817799049e-02
1.477948041247988814e-02
1.090685021129269260e-02
7.190144160950514077e-03
4.664488047068165825e-03
3.388299312082165664e-03
2.837177612779373873e-03
2.887650297731964803e-03
3.425268797018572210e-03
4.725220121248218524e-03
7.295677169046011976e-03
1.363878926429590473e-02
2.457403104828599985e-02
4.804046022332741916e-02
8.750977429350960402e-02
1.023869884696762683e-01
5.483879345173272440e-02
2.411794872917480750e-02
5.599345124637329640e-02
1.058985280752739316e-01
9.415361604851014976e-02
5.624485552513254494e-02
3.325344614322221087e-02
2.217265785487037427e-02
1.535886284618132556e-02
1.040704789506844211e-02
7.190144160950521016e-03
4.587692454036715328e-03
2.949197842768944231e-03
2.285762168348694136e-03
1.988178129086514215e-03
2.224367107145016915e-03
2.886576212523592980e-03
4.352909053219824673e-03
7.769575201219285077e-03
1.537144254094410627e-02
2.945881074519428669e-02
6.210116701186685351e-02
1.030518981539652879e-01
5.483879345173275910e-02
1.068019051779942008e-12
1.068019051779942008e-12
1.068019051779942008e-12
5.598981943801440569e-02
1.058906411938904946e-01
6.610601182514926066e-02
3.419246979785758866e-02
2.013447118798811566e-02
1.242208883139050805e-02
7.288111626858852048e-03
4.664488047068175366e-03
2.949197842768949435e-03
1.881497004241778790e-03
1.587282445134834347e-03
1.530572429269764492e-03
1.985660777823101703e-03
2.834547456861056559e-03
4.513274677541865773e-03
8.476090856294306655e-03
1.765937231287161013e-02
3.334470443713839771e-02
6.928593764514175135e-02
1.051823038988478204e-01
2.411794872917486995e-02
1.068019051779942008e-12
1.068019051779942008e-12
1.068019051779942008e-12
2.411792741731692835e-02
1.051900905381707441e-01
6.927928304872250920e-02
3.334609055006001327e-02
1.766436149926772781e-02
9.855734905893635822e-03
5.339763741301539225e-03
3.388299312082165664e-03
2.285762168348707581e-03
1.587282445134830227e-03
1.475789803391751049e-03
1.588613988898693622e-03
2.284529905311200992e-03
3.387526947528176225e-03
5.336854193786376085e-03
9.854658124576004541e-03
2.013425680246247809e-02
3.419103395037545456e-02
6.611062276527135406e-02
1.058979681945204226e-01
5.599345124637335191e-02
1.068019051779942008e-12
1.068019051779942008e-12
1.068019051779942008e-12
5.483861990524844382e-02
1.030501647842023555e-01
6.210421466216886621e-02
2.945716752227406365e-02
1.537202669117803538e-02
8.473703466425834552e-03
4.509143286267281760e-03
2.837177612779373873e-03
1.988178129086520720e-03
1.530572429269768612e-03
1.588613988898691671e-03
1.884950411115169505e-03
2.950170004284301869e-03
4.668445065549889535e-03
7.290864631634795014e-03
1.242010905801256386e-02
2.217601010623830582e-02
3.325072557762703829e-02
5.623878362588507346e-02
9.415125560371694069e-02
1.058985280752739039e-01
5.598981943801437794e-02
2.411792741731686243e-02
5.483861990524839525e-02
1.023842898841213905e-01
8.750670598445536852e-02
4.804670750666838186e-02
2.457760303198644469e-02
1.364235876045029848e-02
7.770976603727219011e-03
4.351434541322725738e-03
2.887650297731960032e-03
2.224367107145016915e-03
1.985660777823099535e-03
2.284529905311198823e-03
2.950170004284296665e-03
4.584036489627147520e-03
7.187018360107788086e-03
1.041076520123919089e-02
1.536271528990509373e-02
2.555979866961002531e-02
3.299426397067142802e-02
4.542641071691017052e-02
6.808501745024087004e-02
9.415361604851017752e-02
1.058906411938904946e-01
1.051900905381707441e-01
1.030501647842023832e-01
8.750670598445532689e-02
5.740294434530573281e-02
3.291141509092518347e-02
1.947047352862131889e-02
1.184912141073976750e-02
7.293732573064311969e-03
4.722501154861605786e-03
3.425268797018582619e-03
2.886576212523578235e-03
2.834547456861048753e-03
3.387526947528161046e-03
4.668445065549889535e-03
7.187018360107790688e-03
1.090407839434202018e-02
1.478299534084246206e-02
1.947047352862135011e-02
2.979706913725009912e-02
3.325548117725291714e-02
3.718952122116183506e-02
4.542210622620500987e-02
5.624485552513255188e-02
6.610601182514931617e-02
6.927928304872253695e-02
6.210421466216886621e-02
4.804670750666838880e-02
3.291141509092519735e-02
2.187144141783866833e-02
1.536271528990509026e-02
1.073757094854308272e-02
7.768093252978571471e-03
5.996307049981883415e-03
4.725220121248236739e-03
4.352909053219822071e-03
4.513274677541851028e-03
5.336854193786354401e-03
7.290864631634788075e-03
1.041076520123919436e-02
1.478299534084247593e-02
1.957595724778602234e-02
2.457760303198645163e-02
3.334609055006004796e-02
3.419246979785763030e-02
3.325344614322223169e-02
3.299804002414864074e-02
3.325344614322223169e-02
3.419246979785763030e-02
3.334609055006004796e-02
2.945716752227403937e-02
2.457760303198646551e-02
1.947047352862133970e-02
1.536271528990512322e-02
1.242010905801259509e-02
9.854658124576011480e-03
8.476090856294303186e-03
7.769575201219305893e-03
7.295677169046036262e-03
7.769575201219292883e-03
8.476090856294308390e-03
9.854658124576008010e-03
1.242010905801258468e-02
1.536271528990510241e-02
1.947047352862133970e-02
2.457760303198645163e-02
2.945716752227405325e-02
3.485820184846188940e-02
3.334217316387517310e-02
2.979618513144085060e-02
2.555681842592663969e-02
2.217265785487038121e-02
2.013447118798813648e-02
1.766436149926773475e-02
1.537202669117803018e-02
1.364235876045030195e-02
1.184912141073978138e-02
1.073757094854310701e-02
9.854658124576020153e-03
9.280734891400684722e-03
9.857421113161802737e-03
1.073919342775531138e-02
1.184612405775721869e-02
1.363878926429592901e-02
1.537144254094411841e-02
1.765937231287164830e-02
2.013425680246249891e-02
2.217601010623830582e-02
2.555979866961003225e-02
2.979706913725010953e-02
3.334609055006005490e-02
3.334217316387518004e-02
2.945629664431789058e-02
2.457697622321641448e-02
1.946779443817798355e-02
1.535886284618133424e-02
1.242208883139051673e-02
9.855734905893642761e-03
8.473703466425834552e-03
7.770976603727226817e-03
7.293732573064305030e-03
7.768093252978568869e-03
8.476090856294308390e-03
9.857421113161794063e-03
1.242023771589324116e-02
1.535628752489244693e-02
1.947282301768862509e-02
2.457403104828604148e-02
2.945881074519431791e-02
3.334470443713843241e-02
3.419103395037546150e-02
3.325072557762705217e-02
3.299426397067143496e-02
3.325548117725293101e-02
3.419246979785765111e-02
2.979618513144085060e-02
2.457697622321639366e-02
1.957935974276470842e-02
1.477948041247989681e-02
1.040704789506842649e-02
7.288111626858852048e-03
5.339763741301533154e-03
4.509143286267284362e-03
4.351434541322717064e-03
4.722501154861589306e-03
5.996307049981865200e-03
7.769575201219278138e-03
1.073919342775528536e-02
1.535628752489242438e-02
2.186268297440965153e-02
3.291062660338374413e-02
4.804046022332745386e-02
6.210116701186690902e-02
6.928593764514177911e-02
6.611062276527136794e-02
5.623878362588510815e-02
4.542641071691020521e-02
3.718952122116186282e-02
3.325344614322225945e-02
2.555681842592666397e-02
1.946779443817799049e-02
1.477948041247988814e-02
1.090685021129269260e-02
7.190144160950514077e-03
4.664488047068165825e-03
3.388299312082165664e-03
2.837177612779373873e-03
2.887650297731964803e-03
3.425268797018572210e-03
4.725220121248218524e-03
7.295677169046011976e-03
1.184612405775719961e-02
1.947282301768859386e-02
3.291062660338372331e-02
5.741136574560220390e-02
8.750977429350960402e-02
1.030518981539652879e-01
1.051823038988478481e-01
1.058979681945204226e-01
9.415125560371698232e-02
6.808501745024087004e-02
4.542210622620499599e-02
3.299804002414862686e-02
2.217265785487037427e-02
1.535886284618132556e-02
1.040704789506844211e-02
7.190144160950521016e-03
4.587692454036715328e-03
2.949197842768944231e-03
2.285762168348694136e-03
1.988178129086514215e-03
2.224367107145016915e-03
2.886576212523592980e-03
4.352909053219824673e-03
7.769575201219285077e-03
1.363878926429590473e-02
2.457403104828599985e-02
4.804046022332741916e-02
8.750977429350960402e-02
1.023869884696762683e-01
5.483879345173272440e-02
2.411794872917480750e-02
5.599345124637329640e-02
1.058985280752739316e-01
9.415361604851014976e-02
5.624485552513254494e-02
3.325344614322221087e-02
2.013447118798811566e-02
1.242208883139050805e-02
7.288111626858852048e-03
4.664488047068175366e-03
2.949197842768949435e-03
1.881497004241778790e-03
1.587282445134834347e-03
1.530572429269764492e-03
1.985660777823101703e-03
2.834547456861056559e-03
4.513274677541865773e-03
8.476090856294306655e-03
1.537144254094410627e-02
2.945881074519428669e-02
6.210116701186685351e-02
1.030518981539652879e-01
5.483879345173275910e-02
1.068019051779942008e-12
1.068019051779942008e-12
1.068019051779942008e-12
5.598981943801440569e-02
1.058906411938904946e-01
6.610601182514926066e-02
3.419246979785758866e-02
1.766436149926772781e-02
9.855734905893635822e-03
5.339763741301539225e-03
3.388299312082165664e-03
2.285762168348707581e-03
1.587282445134830227e-03
1.475789803391751049e-03
1.588613988898693622e-03
2.284529905311200992e-03
3.387526947528176225e-03
5.336854193786376085e-03
9.854658124576004541e-03
1.765937231287161013e-02
3.334470443713839771e-02
6.928593764514175135e-02
1.051823038988478204e-01
2.411794872917486995e-02
1.068019051779942008e-12
1.068019051779942008e-12
1.068019051779942008e-12
2.411792741731692835e-02
1.051900905381707441e-01
6.927928304872250920e-02
3.334609055006001327e-02
1.537202669117803538e-02
8.473703466425834552e-03
4.509143286267281760e-03
2.837177612779373873e-03
1.988178129086520720e-03
1.530572429269768612e-03
1.588613988898691671e-03
1.884950411115169505e-03
2.950170004284301869e-03
4.668445065549889535e-03
7.290864631634795014e-03
1.242010905801256386e-02
2.013425680246247809e-02
3.419103395037545456e-02
6.611062276527135406e-02
1.058979681945204226e-01
5.599345124637335191e-02
1.068019051779942008e-12
1.068019051779942008e-12
1.068019051779942008e-12
5.483861990524844382e-02
1.030501647842023555e-01
6.210421466216886621e-02
2.945716752227406365e-02
1.364235876045029848e-02
7.770976603727219011e-03
4.351434541322725738e-03
2.887650297731960032e-03
2.224367107145016915e-03
1.985660777823099535e-03
2.284529905311198823e-03
2.950170004284296665e-03
4.584036489627147520e-03
7.187018360107788086e-03
1.041076520123919089e-02
1.536271528990509373e-02
2.217601010623830582e-02
3.325072557762703829e-02
5.623878362588507346e-02
9.415125560371694069e-02
1.058985280752739039e-01
5.598981943801437794e-02
2.411792741731686243e-02
5.483861990524839525e-02
1.023842898841213905e-01
8.750670598445536852e-02
4.804670750666838186e-02
2.457760303198644469e-02
1.184912141073976750e-02
7.293732573064311969e-03
4.722501154861605786e-03
3.425268797018582619e-03
2.886576212523578235e-03
2.834547456861048753e-03
3.387526947528161046e-03
4.668445065549889535e-03
7.187018360107790688e-03
1.090407839434202018e-02
1.478299534084246206e-02
1.947047352862135011e-02
2.555979866961002531e-02
3.299426397067142802e-02
4.542641071691017052e-02
6.808501745024087004e-02
9.415361604851017752e-02
1.058906411938904946e-01
1.051900905381707441e-01
1.030501647842023832e-01
8.750670598445532689e-02
5.740294434530573281e-02
3.291141509092518347e-02
1.947047352862131889e-02
1.073757094854308272e-02
7.768093252978571471e-03
5.996307049981883415e-03
4.725220121248236739e-03
4.352909053219822071e-03
4.513274677541851028e-03
5.336854193786354401e-03
7.290864631634788075e-03
1.041076520123919436e-02
1.478299534084247593e-02
1.957595724778602234e-02
2.457760303198645163e-02
2.979706913725009912e-02
3.325548117725291714e-02
3.718952122116183506e-02
4.542210622620500987e-02
5.624485552513255188e-02
6.610601182514931617e-02
6.927928304872253695e-02
6.210421466216886621e-02
4.804670750666838880e-02
3.291141509092519735e-02
2.187144141783866833e-02
1.536271528990509026e-02
9.854658124576011480e-03
8.476090856294303186e-03
7.769575201219305893e-03
7.295677169046036262e-03
7.769575201219292883e-03
8.476090856294308390e-03
9.854658124576008010e-03
1.242010905801258468e-02
1.536271528990510241e-02
1.947047352862133970e-02
2.457760303198645163e-02
2.945716752227405325e-02
3.334609055006004796e-02
3.419246979785763030e-02
3.325344614322223169e-02
3.299804002414864074e-02
3.325344614322223169e-02
3.419246979785763030e-02
3.334609055006004796e-02
2.945716752227403937e-02
2.457760303198646551e-02
1.947047352862133970e-02
1.536271528990512322e-02
1.242010905801259509e-02
5.035610671998294943e-03
5.337957135511155193e-03
6.409486507609504606e-03
8.401688199042854285e-03
1.085921289647462894e-02
1.363603291333400497e-02
1.769775610839416369e-02
2.217601010623830582e-02
2.830369641520624063e-02
3.998306498404994441e-02
5.552305746698578404e-02
6.927928304872250920e-02
7.505625448995002780e-02
6.929018318912145979e-02
5.552079543590642680e-02
3.998417214661056235e-02
2.830718926206981720e-02
2.217589906387344018e-02
1.769805893032438959e-02
1.364235876045030195e-02
1.085674286815936987e-02
8.402672136382146814e-03
6.410087530547822765e-03
5.336854193786366544e-03
5.337957135511143050e-03
7.287386651994752322e-03
1.040673811364195914e-02
1.477664020831229510e-02
1.958057704880455940e-02
2.457777368001991605e-02
2.979869742323274298e-02
3.325072557762705217e-02
3.719124906260148911e-02
4.542633701466838869e-02
5.624080298301326747e-02
6.610601182514931617e-02
6.929018318912145979e-02
6.209726221899268539e-02
4.804497223898415020e-02
3.290872136886151961e-02
2.186665406058580299e-02
1.535595000988821367e-02
1.073740561406095854e-02
7.770976603727212939e-03
5.991966612612188887e-03
4.725475372661855182e-03
4.348779665585262785e-03
4.513274677541859702e-03
6.409486507609501137e-03
1.040673811364194352e-02
1.619482386185986528e-02
2.497381650895769134e-02
3.665410729791789696e-02
4.804765969478289045e-02
5.552419250131768874e-02
5.623878362588510121e-02
5.293016291365638254e-02
5.125153829540128603e-02
5.292895386106127864e-02
5.624485552513258657e-02
5.552079543590642680e-02
4.804497223898416408e-02
3.665464862539654506e-02
2.497515748519547191e-02
1.619179996125930110e-02
1.041055613528949625e-02
6.407832503238157333e-03
4.351434541322717064e-03
3.307072247481402001e-03
2.809339158780022657e-03
3.305528587521104535e-03
4.352909053219810795e-03
8.401688199042836938e-03
1.477664020831227776e-02
2.497381650895767399e-02
4.303996822595664712e-02
6.816397557683910591e-02
8.750921719501773832e-02
9.553395537794728831e-02
9.415125560371698232e-02
8.083238453061920847e-02
6.296680800732802619e-02
5.125425951674147246e-02
4.542210622620500987e-02
3.998417214661056235e-02
3.290872136886151267e-02
2.497515748519547191e-02
1.740005791324362658e-02
1.143037600168237723e-02
7.187854371123137895e-03
4.221761539516926884e-03
2.887650297731969573e-03
2.409955128367380611e-03
2.157872287092162458e-03
2.810097849996170353e-03
4.725220121248224596e-03
1.085921289647460465e-02
1.958057704880453859e-02
3.665410729791786920e-02
6.816397557683906427e-02
1.005157744424259175e-01
1.023873270375917494e-01
9.419658194641225557e-02
1.058985280752738622e-01
1.078689054596528724e-01
8.083076127607366490e-02
5.292895386106124395e-02
3.718952122116183506e-02
2.830718926206981720e-02
2.186665406058580299e-02
1.619179996125931845e-02
1.143037600168238764e-02
7.466016876634112322e-03
4.583834082322645401e-03
2.828404885558285630e-03
2.224367107145003471e-03
2.284194866887654784e-03
2.406241870387653813e-03
3.305528587521117546e-03
5.996307049981878211e-03
1.363603291333399803e-02
2.457777368001987442e-02
4.804765969478285575e-02
8.750921719501771057e-02
1.023873270375917771e-01
5.483899759627432896e-02
2.412096093528740687e-02
5.598981943801437794e-02
1.058969889329621633e-01
9.415350947068229504e-02
5.624080298301323277e-02
3.325548117725291714e-02
2.217589906387344018e-02
1.535595000988821714e-02
1.041055613528951707e-02
7.187854371123158712e-03
4.583834082322654074e-03
2.953354717288653002e-03
2.284388983373015439e-03
1.985660777823097366e-03
2.227729732887825422e-03
2.888477719109487640e-03
4.348779665585262785e-03
7.768093252978558461e-03
1.769775610839415675e-02
2.979869742323271176e-02
5.552419250131762629e-02
9.553395537794728831e-02
9.419658194641228333e-02
2.412096093528742768e-02
1.068019051779942008e-12
2.411792741731686937e-02
9.419235203638109954e-02
9.552393687154882296e-02
5.552305746698575628e-02
2.979706913725007830e-02
1.769805893032440000e-02
1.073740561406096895e-02
6.407832503238163405e-03
4.221761539516938160e-03
2.828404885558297773e-03
2.284388983373024980e-03
2.365211216264436356e-03
2.284529905311196221e-03
2.831026957558410977e-03
4.220471708901420149e-03
6.410087530547816694e-03
1.073757094854307405e-02
2.217601010623828847e-02
3.325072557762702441e-02
5.623878362588510121e-02
9.415125560371698232e-02
1.058985280752739039e-01
5.598981943801437794e-02
2.411792741731683815e-02
5.483861990524837443e-02
1.023842898841213905e-01
8.750670598445536852e-02
4.804670750666840268e-02
2.457760303198644469e-02
1.364235876045030195e-02
7.770976603727212939e-03
4.351434541322725738e-03
2.887650297731964803e-03
2.224367107145012144e-03
1.985660777823099535e-03
2.284529905311200992e-03
2.950170004284306639e-03
4.584036489627161398e-03
7.187018360107804565e-03
1.041076520123919956e-02
1.536271528990507985e-02
2.830369641520624063e-02
3.719124906260149604e-02
5.293016291365635478e-02
8.083238453061920847e-02
1.078689054596528446e-01
1.058969889329620662e-01
9.419235203638109954e-02
1.023842898841213489e-01
1.005129251911256322e-01
6.816395690221030423e-02
3.665850034764471521e-02
1.957595724778601193e-02
1.085674286815937681e-02
5.991966612612192357e-03
3.307072247481420216e-03
2.409955128367399259e-03
2.284194866887650013e-03
2.227729732887838866e-03
2.831026957558401003e-03
4.584036489627152725e-03
7.470863460771969521e-03
1.143508075227328731e-02
1.619226774945249983e-02
2.187144141783868914e-02
3.998306498404996523e-02
4.542633701466836788e-02
5.125153829540125133e-02
6.296680800732802619e-02
8.083076127607366490e-02
9.415350947068229504e-02
9.552393687154885071e-02
8.750670598445536852e-02
6.816395690221030423e-02
4.303157135451325666e-02
2.497492147374237928e-02
1.478299534084245859e-02
8.402672136382119059e-03
4.725475372661867325e-03
2.809339158780036969e-03
2.157872287092176336e-03
2.406241870387653813e-03
2.888477719109475497e-03
4.220471708901402802e-03
7.187018360107790688e-03
1.143508075227327864e-02
1.739536093733902791e-02
2.497492147374239663e-02
3.291141509092523204e-02
5.552305746698578404e-02
5.624080298301326747e-02
5.292895386106127170e-02
5.125425951674147246e-02
5.292895386106127864e-02
5.624080298301326747e-02
5.552305746698581179e-02
4.804670750666842349e-02
3.665850034764472909e-02
2.497492147374239663e-02
1.619226774945249983e-02
1.041076520123919089e-02
6.410087530547816694e-03
4.348779665585259316e-03
3.305528587521120581e-03
2.810097849996172955e-03
3.305528587521107137e-03
4.348779665585259316e-03
6.410087530547796744e-03
1.041076520123918742e-02
1.619226774945248942e-02
2.497492147374238969e-02
3.665850034764472909e-02
4.804670750666844431e-02
6.927928304872250920e-02
6.610601182514931617e-02
5.624485552513258657e-02
4.542210622620501681e-02
3.718952122116187670e-02
3.325548117725293101e-02
2.979706913725009912e-02
2.457760303198644469e-02
1.957595724778602234e-02
1.478299534084248287e-02
1.041076520123920303e-02
7.290864631634805422e-03
5.336854193786354401e-03
4.513274677541845824e-03
4.352909053219808193e-03
4.725220121248224596e-03
5.996307049981868670e-03
7.768093252978554124e-03
1.073757094854307405e-02
1.536271528990509026e-02
2.187144141783866833e-02
3.291141509092521816e-02
4.804670750666840268e-02
6.210421466216883152e-02
7.505625448995002780e-02
6.929018318912145979e-02
5.552079543590642680e-02
3.998417214661056235e-02
2.830718926206981720e-02
2.217589906387344018e-02
1.769805893032438959e-02
1.364235876045030195e-02
1.085674286815936987e-02
8.402672136382146814e-03
6.410087530547822765e-03
5.336854193786366544e-03
5.035610671998294943e-03
5.337957135511155193e-03
6.409486507609504606e-03
8.401688199042854285e-03
1.085921289647462894e-02
1.363603291333400497e-02
1.769775610839416369e-02
2.217601010623830582e-02
2.830369641520624063e-02
3.998306498404994441e-02
5.552305746698578404e-02
6.927928304872250920e-02
6.929018318912145979e-02
6.209726221899268539e-02
4.804497223898415020e-02
3.290872136886151961e-02
2.186665406058580299e-02
1.535595000988821367e-02
1.073740561406095854e-02
7.770976603727212939e-03
5.991966612612188887e-03
4.725475372661855182e-03
4.348779665585262785e-03
4.513274677541859702e-03
5.337957135511143050e-03
7.287386651994752322e-03
1.040673811364195914e-02
1.477664020831229510e-02
1.958057704880455940e-02
2.457777368001991605e-02
2.979869742323274298e-02
3.325072557762705217e-02
3.719124906260148911e-02
4.542633701466838869e-02
5.624080298301326747e-02
6.610601182514931617e-02
5.552079543590642680e-02
4.804497223898416408e-02
3.665464862539654506e-02
2.497515748519547191e-02
1.619179996125930110e-02
1.041055613528949625e-02
6.407832503238157333e-03
4.351434541322717064e-03
3.307072247481402001e-03
2.809339158780022657e-03
3.305528587521104535e-03
4.352909053219810795e-03
6.409486507609501137e-03
1.040673811364194352e-02
1.619482386185986528e-02
2.497381650895769134e-02
3.665410729791789696e-02
4.804765969478289045e-02
5.552419250131768874e-02
5.623878362588510121e-02
5.293016291365638254e-02
5.125153829540128603e-02
5.292895386106127864e-02
5.624485552513258657e-02
3.998417214661056235e-02
3.290872136886151267e-02
2.497515748519547191e-02
1.740005791324362658e-02
1.143037600168237723e-02
7.187854371123137895e-03
4.221761539516926884e-03
2.887650297731969573e-03
2.409955128367380611e-03
2.157872287092162458e-03
2.810097849996170353e-03
4.725220121248224596e-03
8.401688199042836938e-03
1.477664020831227776e-02
2.497381650895767399e-02
4.303996822595664712e-02
6.816397557683910591e-02
8.750921719501773832e-02
9.553395537794728831e-02
9.415125560371698232e-02
8.083238453061920847e-02
6.296680800732802619e-02
5.125425951674147246e-02
4.542210622620500987e-02
2.830718926206981720e-02
2.186665406058580299e-02
1.619179996125931845e-02
1.143037600168238764e-02
7.466016876634112322e-03
4.583834082322645401e-03
2.828404885558285630e-03
2.224367107145003471e-03
2.284194866887654784e-03
2.406241870387653813e-03
3.305528587521117546e-03
5.996307049981878211e-03
1.085921289647460465e-02
1.958057704880453859e-02
3.665410729791786920e-02
6.816397557683906427e-02
1.005157744424259175e-01
1.023873270375917494e-01
9.419658194641225557e-02
1.058985280752738622e-01
1.078689054596528724e-01
8.083076127607366490e-02
5.292895386106124395e-02
3.718952122116183506e-02
2.217589906387344018e-02
1.535595000988821714e-02
1.041055613528951707e-02
7.187854371123158712e-03
4.583834082322654074e-03
2.953354717288653002e-03
2.284388983373015439e-03
1.985660777823097366e-03
2.227729732887825422e-03
2.888477719109487640e-03
4.348779665585262785e-03
7.768093252978558461e-03
1.363603291333399803e-02
2.457777368001987442e-02
4.804765969478285575e-02
8.750921719501771057e-02
1.023873270375917771e-01
5.483899759627432896e-02
2.412096093528740687e-02
5.598981943801437794e-02
1.058969889329621633e-01
9.415350947068229504e-02
5.624080298301323277e-02
3.325548117725291714e-02
1.769805893032440000e-02
1.073740561406096895e-02
6.407832503238163405e-03
4.221761539516938160e-03
2.828404885558297773e-03
2.284388983373024980e-03
2.365211216264436356e-03
2.284529905311196221e-03
2.831026957558410977e-03
4.220471708901420149e-03
6.410087530547816694e-03
1.073757094854307405e-02
1.769775610839415675e-02
2.979869742323271176e-02
5.552419250131762629e-02
9.553395537794728831e-02
9.419658194641228333e-02
2.412096093528742768e-02
1.068019051779942008e-12
2.411792741731686937e-02
9.419235203638109954e-02
9.552393687154882296e-02
5.552305746698575628e-02
2.979706913725007830e-02
1.364235876045030195e-02
7.770976603727212939e-03
4.351434541322725738e-03
2.887650297731964803e-03
2.224367107145012144e-03
1.985660777823099535e-03
2.284529905311200992e-03
2.950170004284306639e-03
4.584036489627161398e-03
7.187018360107804565e-03
1.041076520123919956e-02
1.536271528990507985e-02
2.217601010623828847e-02
3.325072557762702441e-02
5.623878362588510121e-02
9.415125560371698232e-02
1.058985280752739039e-01
5.598981943801437794e-02
2.411792741731683815e-02
5.483861990524837443e-02
1.023842898841213905e-01
8.750670598445536852e-02
4.804670750666840268e-02
2.457760303198644469e-02
1.085674286815937681e-02
5.991966612612192357e-03
3.307072247481420216e-03
2.409955128367399259e-03
2.284194866887650013e-03
2.227729732887838866e-03
2.831026957558401003e-03
4.584036489627152725e-03
7.470863460771969521e-03
1.143508075227328731e-02
1.619226774945249983e-02
2.187144141783868914e-02
2.830369641520624063e-02
3.719124906260149604e-02
5.293016291365635478e-02
8.083238453061920847e-02
1.078689054596528446e-01
1.058969889329620662e-01
9.419235203638109954e-02
1.023842898841213489e-01
1.005129251911256322e-01
6.816395690221030423e-02
3.665850034764471521e-02
1.957595724778601193e-02
8.402672136382119059e-03
4.725475372661867325e-03
2.809339158780036969e-03
2.157872287092176336e-03
2.406241870387653813e-03
2.888477719109475497e-03
4.220471708901402802e-03
7.187018360107790688e-03
1.143508075227327864e-02
1.739536093733902791e-02
2.497492147374239663e-02
3.291141509092523204e-02
3.998306498404996523e-02
4.542633701466836788e-02
5.125153829540125133e-02
6.296680800732802619e-02
8.083076127607366490e-02
9.415350947068229504e-02
9.552393687154885071e-02
8.750670598445536852e-02
6.816395690221030423e-02
4.303157135451325666e-02
2.497492147374237928e-02
1.478299534084245859e-02
6.410087530547816694e-03
4.348779665585259316e-03
3.305528587521120581e-03
2.810097849996172955e-03
3.305528587521107137e-03
4.348779665585259316e-03
6.410087530547796744e-03
1.041076520123918742e-02
1.619226774945248942e-02
2.497492147374238969e-02
3.665850034764472909e-02
4.804670750666844431e-02
5.552305746698578404e-02
5.624080298301326747e-02
5.292895386106127170e-02
5.125425951674147246e-02
5.292895386106127864e-02
5.624080298301326747e-02
5.552305746698581179e-02
4.804670750666842349e-02
3.665850034764472909e-02
2.497492147374239663e-02
1.619226774945249983e-02
1.041076520123919089e-02
5.336854193786354401e-03
4.513274677541845824e-03
4.352909053219808193e-03
4.725220121248224596e-03
5.996307049981868670e-03
7.768093252978554124e-03
1.073757094854307405e-02
1.536271528990509026e-02
2.187144141783866833e-02
3.291141509092521816e-02
4.804670750666840268e-02
6.210421466216883152e-02
6.927928304872250920e-02
6.610601182514931617e-02
5.624485552513258657e-02
4.542210622620501681e-02
3.718952122116187670e-02
3.325548117725293101e-02
2.979706913725009912e-02
2.457760303198644469e-02
1.957595724778602234e-02
1.478299534084248287e-02
1.041076520123920303e-02
7.290864631634805422e-03
3.350762438605144576e-03
3.389075942049591620e-03
4.223343452719375071e-03
6.108460878038593674e-03
8.404744107459184363e-03
1.184639096997146430e-02
1.747100854746705748e-02
2.555979866961000449e-02
3.998306498404992360e-02
6.644127002049024511e-02
9.552393687154879520e-02
1.051900905381707441e-01
1.027823922029560549e-01
1.051798631888544028e-01
9.552948126617924474e-02
6.644434040439585465e-02
3.997903235842244912e-02
2.555647353957288953e-02
1.747100854746705748e-02
1.184912141073975710e-02
8.402672136382129467e-03
6.106991966873925523e-03
4.220471708901425353e-03
3.387526947528184465e-03
3.389075942049583814e-03
4.668212252552142102e-03
7.187281047776579793e-03
1.090767179305691947e-02
1.477575201192180866e-02
1.947324106217369205e-02
2.555647353957293116e-02
3.299426397067141414e-02
4.542633701466836788e-02
6.808143499095264950e-02
9.415350947068226728e-02
1.058906411938905223e-01
1.051798631888544722e-01
1.030574221532670892e-01
8.751158147113967389e-02
5.740715044797561895e-02
3.291120818606275283e-02
1.947324106217365389e-02
1.184639096997145043e-02
7.293732573064298959e-03
4.725475372661861254e-03
3.427680298060233402e-03
2.888477719109473329e-03
2.834547456861053957e-03
4.223343452719375071e-03
7.187281047776577191e-03
1.143839245130061355e-02
1.739561590830423013e-02
2.497634349937535511e-02
3.291120818606277365e-02
3.997903235842247688e-02
4.542641071691020521e-02
5.125153829540125133e-02
6.296809452280358044e-02
8.083076127607369266e-02
9.415361604851017752e-02
9.552948126617921698e-02
8.751158147113971553e-02
6.816229028276898916e-02
4.303724906154179214e-02
2.497634349937533083e-02
1.477575201192178611e-02
8.404744107459165281e-03
4.722501154861591909e-03
2.809339158780027428e-03
2.160672931385687959e-03
2.406241870387639502e-03
2.886576212523573031e-03
6.108460878038578061e-03
1.090767179305690386e-02
1.739561590830420931e-02
2.780167980388052393e-02
4.303724906154181989e-02
5.740715044797564670e-02
6.644434040439589628e-02
6.808501745024088392e-02
6.296680800732805394e-02
5.936801632736173062e-02
6.296680800732805394e-02
6.808501745024092555e-02
6.644434040439589628e-02
5.740715044797564670e-02
4.303724906154181989e-02
2.780167980388053434e-02
1.739561590830420931e-02
1.090767179305690386e-02
6.108460878038578061e-03
3.425268797018577414e-03
2.157872287092158121e-03
1.649356298218639496e-03
2.157872287092153785e-03
3.425268797018572210e-03
8.404744107459170485e-03
1.477575201192178611e-02
2.497634349937533083e-02
4.303724906154179214e-02
6.816229028276898916e-02
8.751158147113971553e-02
9.552948126617921698e-02
9.415361604851017752e-02
8.083076127607369266e-02
6.296809452280358044e-02
5.125153829540125133e-02
4.542641071691020521e-02
3.997903235842249076e-02
3.291120818606277365e-02
2.497634349937535511e-02
1.739561590830421972e-02
1.143839245130061875e-02
7.187281047776579793e-03
4.223343452719381143e-03
2.886576212523580837e-03
2.406241870387639502e-03
2.160672931385687959e-03
2.809339158780022657e-03
4.722501154861591909e-03
1.184639096997145043e-02
1.947324106217365389e-02
3.291120818606274590e-02
5.740715044797561895e-02
8.751158147113967389e-02
1.030574221532670892e-01
1.051798631888544444e-01
1.058906411938904946e-01
9.415350947068229504e-02
6.808143499095264950e-02
4.542633701466838869e-02
3.299426397067142802e-02
2.555647353957293116e-02
1.947324106217369205e-02
1.477575201192181213e-02
1.090767179305691080e-02
7.187281047776566782e-03
4.668212252552147307e-03
3.389075942049586416e-03
2.834547456861048753e-03
2.888477719109478099e-03
3.427680298060233402e-03
4.725475372661855182e-03
7.293732573064298959e-03
1.747100854746704707e-02
2.555647353957288953e-02
3.997903235842244912e-02
6.644434040439584077e-02
9.552948126617924474e-02
1.051798631888544028e-01
1.027823922029560549e-01
1.051900905381707441e-01
9.552393687154879520e-02
6.644127002049025899e-02
3.998306498404993053e-02
2.555979866961001490e-02
1.747100854746706788e-02
1.184639096997146430e-02
8.404744107459191302e-03
6.108460878038598010e-03
4.223343452719375071e-03
3.389075942049586416e-03
3.350762438605154984e-03
3.387526947528181863e-03
4.220471708901425353e-03
6.106991966873925523e-03
8.402672136382122528e-03
1.184912141073975016e-02
2.555979866961001490e-02
3.299426397067144884e-02
4.542641071691019133e-02
6.808501745024089780e-02
9.415361604851021915e-02
1.058906411938904946e-01
1.051900905381707163e-01
1.030501647842023277e-01
8.750670598445536852e-02
5.740294434530576057e-02
3.291141509092519735e-02
1.947047352862131195e-02
1.184912141073975710e-02
7.293732573064302428e-03
4.722501154861589306e-03
3.425268797018577414e-03
2.886576212523580837e-03
2.834547456861041814e-03
3.387526947528171021e-03
4.668445065549901678e-03
7.187018360107804565e-03
1.090407839434204273e-02
1.478299534084245859e-02
1.947047352862132930e-02
3.998306498404996523e-02
4.542633701466838869e-02
5.125153829540126521e-02
6.296680800732805394e-02
8.083076127607369266e-02
9.415350947068229504e-02
9.552393687154879520e-02
8.750670598445536852e-02
6.816395690221030423e-02
4.303157135451325666e-02
2.497492147374236887e-02
1.478299534084245859e-02
8.402672136382108650e-03
4.725475372661855182e-03
2.809339158780027428e-03
2.157872287092158121e-03
2.406241870387644272e-03
2.888477719109483303e-03
4.220471708901408874e-03
7.187018360107796759e-03
1.143508075227329425e-02
1.739536093733902791e-02
2.497492147374238969e-02
3.291141509092521816e-02
6.644127002049030062e-02
6.808143499095262174e-02
6.296809452280353880e-02
5.936801632736174450e-02
6.296809452280353880e-02
6.808143499095264950e-02
6.644127002049030062e-02
5.740294434530578138e-02
4.303157135451327747e-02
2.781150111895911922e-02
1.739536093733902097e-02
1.090407839434201498e-02
6.106991966873896900e-03
3.427680298060233402e-03
2.160672931385697066e-03
1.649356298218643399e-03
2.160672931385685790e-03
3.427680298060228198e-03
6.106991966873893431e-03
1.090407839434200804e-02
1.739536093733901057e-02
2.781150111895910881e-02
4.303157135451327053e-02
5.740294434530578138e-02
9.552393687154879520e-02
9.415350947068229504e-02
8.083076127607369266e-02
6.296680800732804006e-02
5.125153829540128603e-02
4.542633701466838869e-02
3.998306498404997911e-02
3.291141509092521816e-02
2.497492147374237928e-02
1.739536093733904873e-02
1.143508075227330119e-02
7.187018360107807168e-03
4.220471708901414078e-03
2.888477719109485472e-03
2.406241870387644272e-03
2.157872287092162458e-03
2.809339158780022657e-03
4.725475372661847376e-03
8.402672136382101711e-03
1.478299534084245338e-02
2.497492147374236887e-02
4.303157135451325666e-02
6.816395690221030423e-02
8.750670598445532689e-02
1.051900905381706885e-01
1.058906411938904946e-01
9.415361604851021915e-02
6.808501745024088392e-02
4.542641071691018440e-02
3.299426397067144884e-02
2.555979866961002531e-02
1.947047352862133970e-02
1.478299534084246726e-02
1.090407839434204967e-02
7.187018360107817576e-03
4.668445065549899076e-03
3.387526947528176225e-03
2.834547456861053957e-03
2.886576212523575633e-03
3.425268797018572210e-03
4.722501154861591909e-03
7.293732573064292020e-03
1.184912141073975016e-02
1.947047352862131195e-02
3.291141509092518347e-02
5.740294434530574669e-02
8.750670598445536852e-02
1.030501647842023277e-01
1.027823922029560549e-01
1.051798631888544028e-01
9.552948126617924474e-02
6.644434040439585465e-02
3.997903235842244912e-02
2.555647353957288953e-02
1.747100854746705748e-02
1.184912141073975710e-02
8.402672136382129467e-03
6.106991966873925523e-03
4.220471708901425353e-03
3.387526947528184465e-03
3.350762438605144576e-03
3.389075942049591620e-03
4.223343452719375071e-03
6.108460878038593674e-03
8.404744107459184363e-03
1.184639096997146430e-02
1.747100854746705748e-02
2.555979866961000449e-02
3.998306498404992360e-02
6.644127002049024511e-02
9.552393687154879520e-02
1.051900905381707441e-01
1.051798631888544722e-01
1.030574221532670892e-01
8.751158147113967389e-02
5.740715044797561895e-02
3.291120818606275283e-02
1.947324106217365389e-02
1.184639096997145043e-02
7.293732573064298959e-03
4.725475372661861254e-03
3.427680298060233402e-03
2.888477719109473329e-03
2.834547456861053957e-03
3.389075942049583814e-03
4.668212252552142102e-03
7.187281047776579793e-03
1.090767179305691947e-02
1.477575201192180866e-02
1.947324106217369205e-02
2.555647353957293116e-02
3.299426397067141414e-02
4.542633701466836788e-02
6.808143499095264950e-02
9.415350947068226728e-02
1.058906411938905223e-01
9.552948126617921698e-02
8.751158147113971553e-02
6.816229028276898916e-02
4.303724906154179214e-02
2.497634349937533083e-02
1.477575201192178611e-02
8.404744107459165281e-03
4.722501154861591909e-03
2.809339158780027428e-03
2.160672931385687959e-03
2.406241870387639502e-03
2.886576212523573031e-03
4.223343452719375071e-03
7.187281047776577191e-03
1.143839245130061355e-02
1.739561590830423013e-02
2.497634349937535511e-02
3.291120818606277365e-02
3.997903235842247688e-02
4.542641071691020521e-02
5.125153829540125133e-02
6.296809452280358044e-02
8.083076127607369266e-02
9.415361604851017752e-02
6.644434040439589628e-02
5.740715044797564670e-02
4.303724906154181989e-02
2.780167980388053434e-02
1.739561590830420931e-02
1.090767179305690386e-02
6.108460878038578061e-03
3.425268797018577414e-03
2.157872287092158121e-03
1.649356298218639496e-03
2.157872287092153785e-03
3.425268797018572210e-03
6.108460878038578061e-03
1.090767179305690386e-02
1.739561590830420931e-02
2.780167980388052393e-02
4.303724906154181989e-02
5.740715044797564670e-02
6.644434040439589628e-02
6.808501745024088392e-02
6.296680800732805394e-02
5.936801632736173062e-02
6.296680800732805394e-02
6.808501745024092555e-02
3.997903235842249076e-02
3.291120818606277365e-02
2.497634349937535511e-02
1.739561590830421972e-02
1.143839245130061875e-02
7.187281047776579793e-03
4.223343452719381143e-03
2.886576212523580837e-03
2.406241870387639502e-03
2.160672931385687959e-03
2.809339158780022657e-03
4.722501154861591909e-03
8.404744107459170485e-03
1.477575201192178611e-02
2.497634349937533083e-02
4.303724906154179214e-02
6.816229028276898916e-02
8.751158147113971553e-02
9.552948126617921698e-02
9.415361604851017752e-02
8.083076127607369266e-02
6.296809452280358044e-02
5.125153829540125133e-02
4.542641071691020521e-02
2.555647353957293116e-02
1.947324106217369205e-02
1.477575201192181213e-02
1.090767179305691080e-02
7.187281047776566782e-03
4.668212252552147307e-03
3.389075942049586416e-03
2.834547456861048753e-03
2.888477719109478099e-03
3.427680298060233402e-03
4.725475372661855182e-03
7.293732573064298959e-03
1.184639096997145043e-02
1.947324106217365389e-02
3.291120818606274590e-02
5.740715044797561895e-02
8.751158147113967389e-02
1.030574221532670892e-01
1.051798631888544444e-01
1.058906411938904946e-01
9.415350947068229504e-02
6.808143499095264950e-02
4.542633701466838869e-02
3.299426397067142802e-02
1.747100854746706788e-02
1.184639096997146430e-02
8.404744107459191302e-03
6.108460878038598010e-03
4.223343452719375071e-03
3.389075942049586416e-03
3.350762438605154984e-03
3.387526947528181863e-03
4.220471708901425353e-03
6.106991966873925523e-03
8.402672136382122528e-03
1.184912141073975016e-02
1.747100854746704707e-02
2.555647353957288953e-02
3.997903235842244912e-02
6.644434040439584077e-02
9.552948126617924474e-02
1.051798631888544028e-01
1.027823922029560549e-01
1.051900905381707441e-01
9.552393687154879520e-02
6.644127002049025899e-02
3.998306498404993053e-02
2.555979866961001490e-02
1.184912141073975710e-02
7.293732573064302428e-03
4.722501154861589306e-03
3.425268797018577414e-03
2.886576212523580837e-03
2.834547456861041814e-03
3.387526947528171021e-03
4.668445065549901678e-03
7.187018360107804565e-03
1.090407839434204273e-02
1.478299534084245859e-02
1.947047352862132930e-02
2.555979866961001490e-02
3.299426397067144884e-02
4.542641071691019133e-02
6.808501745024089780e-02
9.415361604851021915e-02
1.058906411938904946e-01
1.051900905381707163e-01
1.030501647842023277e-01
8.750670598445536852e-02
5.740294434530576057e-02
3.291141509092519735e-02
1.947047352862131195e-02
8.402672136382108650e-03
4.725475372661855182e-03
2.809339158780027428e-03
2.157872287092158121e-03
2.406241870387644272e-03
2.888477719109483303e-03
4.220471708901408874e-03
7.187018360107796759e-03
1.143508075227329425e-02
1.739536093733902791e-02
2.497492147374238969e-02
3.291141509092521816e-02
3.998306498404996523e-02
4.542633701466838869e-02
5.125153829540126521e-02
6.296680800732805394e-02
8.083076127607369266e-02
9.415350947068229504e-02
9.552393687154879520e-02
8.750670598445536852e-02
6.816395690221030423e-02
4.303157135451325666e-02
2.497492147374236887e-02
1.478299534084245859e-02
6.106991966873896900e-03
3.427680298060233402e-03
2.160672931385697066e-03
1.649356298218643399e-03
2.160672931385685790e-03
3.427680298060228198e-03
6.106991966873893431e-03
1.090407839434200804e-02
1.739536093733901057e-02
2.781150111895910881e-02
4.303157135451327053e-02
5.740294434530578138e-02
6.644127002049030062e-02
6.808143499095262174e-02
6.296809452280353880e-02
5.936801632736174450e-02
6.296809452280353880e-02
6.808143499095264950e-02
6.644127002049030062e-02
5.740294434530578138e-02
4.303157135451327747e-02
2.781150111895911922e-02
1.739536093733902097e-02
1.090407839434201498e-02
4.220471708901414078e-03
2.888477719109485472e-03
2.406241870387644272e-03
2.157872287092162458e-03
2.809339158780022657e-03
4.725475372661847376e-03
8.402672136382101711e-03
1.478299534084245338e-02
2.497492147374236887e-02
4.303157135451325666e-02
6.816395690221030423e-02
8.750670598445532689e-02
9.552393687154879520e-02
9.415350947068229504e-02
8.083076127607369266e-02
6.296680800732804006e-02
5.125153829540128603e-02
4.542633701466838869e-02
3.998306498404997911e-02
3.291141509092521816e-02
2.497492147374237928e-02
1.739536093733904873e-02
1.143508075227330119e-02
7.187018360107807168e-03
3.387526947528176225e-03
2.834547456861053957e-03
2.886576212523575633e-03
3.425268797018572210e-03
4.722501154861591909e-03
7.293732573064292020e-03
1.184912141073975016e-02
1.947047352862131195e-02
3.291141509092518347e-02
5.740294434530574669e-02
8.750670598445536852e-02
1.030501647842023277e-01
1.051900905381706885e-01
1.058906411938904946e-01
9.415361604851021915e-02
6.808501745024088392e-02
4.542641071691018440e-02
3.299426397067144884e-02
2.555979866961002531e-02
1.947047352862133970e-02
1.478299534084246726e-02
1.090407839434204967e-02
7.187018360107817576e-03
4.668445065549899076e-03
2.365211216264431586e-03
2.284388983373024980e-03
2.828404885558297773e-03
4.221761539516932088e-03
6.407832503238166007e-03
1.073740561406095161e-02
1.769805893032438959e-02
2.979706913725007830e-02
5.552305746698573546e-02
9.552393687154875357e-02
9.419235203638109954e-02
2.411792741731687978e-02
1.068019051779942008e-12
2.412096093528742768e-02
9.419658194641231108e-02
9.553395537794728831e-02
5.552419250131764017e-02
2.979869742323272216e-02
1.769775610839415675e-02
1.073757094854308272e-02
6.410087530547822765e-03
4.220471708901420149e-03
2.831026957558406207e-03
2.284529905311196221e-03
2.284388983373013271e-03
2.953354717288653002e-03
4.583834082322648003e-03
7.187854371123158712e-03
1.041055613528951707e-02
1.535595000988821714e-02
2.217589906387342630e-02
3.325548117725291714e-02
5.624080298301321890e-02
9.415350947068229504e-02
1.058969889329621356e-01
5.598981943801437794e-02
2.412096093528740687e-02
5.483899759627432896e-02
1.023873270375918187e-01
8.750921719501771057e-02
4.804765969478285575e-02
2.457777368001987442e-02
1.363603291333400497e-02
7.768093252978554124e-03
4.348779665585267989e-03
2.888477719109490676e-03
2.227729732887825422e-03
1.985660777823093030e-03
2.828404885558280426e-03
4.583834082322639329e-03
7.466016876634108852e-03
1.143037600168237723e-02
1.619179996125931845e-02
2.186665406058580299e-02
2.830718926206981720e-02
3.718952122116182812e-02
5.292895386106124395e-02
8.083076127607363714e-02
1.078689054596528446e-01
1.058985280752738622e-01
9.419658194641225557e-02
1.023873270375918187e-01
1.005157744424259175e-01
6.816397557683906427e-02
3.665410729791787614e-02
1.958057704880454553e-02
1.085921289647460812e-02
5.996307049981878211e-03
3.305528587521115377e-03
2.406241870387658150e-03
2.284194866887659554e-03
2.224367107145007808e-03
4.221761539516920812e-03
7.187854371123137895e-03
1.143037600168237376e-02
1.740005791324363352e-02
2.497515748519546150e-02
3.290872136886149879e-02
3.998417214661054847e-02
4.542210622620501681e-02
5.125425951674143776e-02
6.296680800732802619e-02
8.083238453061920847e-02
9.415125560371698232e-02
9.553395537794731607e-02
8.750921719501773832e-02
6.816397557683910591e-02
4.303996822595664712e-02
2.497381650895768440e-02
1.477664020831227776e-02
8.401688199042840408e-03
4.725220121248224596e-03
2.810097849996168184e-03
2.157872287092162458e-03
2.409955128367380611e-03
2.887650297731972175e-03
6.407832503238157333e-03
1.041055613528949972e-02
1.619179996125930110e-02
2.497515748519546150e-02
3.665464862539653812e-02
4.804497223898415020e-02
5.552079543590642680e-02
5.624485552513260045e-02
5.292895386106129946e-02
5.125153829540128603e-02
5.293016291365639642e-02
5.623878362588512897e-02
5.552419250131768874e-02
4.804765969478289045e-02
3.665410729791789696e-02
2.497381650895770522e-02
1.619482386185986528e-02
1.040673811364194352e-02
6.409486507609504606e-03
4.352909053219808193e-03
3.305528587521109739e-03
2.809339158780024825e-03
3.307072247481394195e-03
4.351434541322714462e-03
1.073740561406095854e-02
1.535595000988820846e-02
2.186665406058580993e-02
3.290872136886151267e-02
4.804497223898414326e-02
6.209726221899268539e-02
6.929018318912145979e-02
6.610601182514934393e-02
5.624080298301326747e-02
4.542633701466838869e-02
3.719124906260147523e-02
3.325072557762705217e-02
2.979869742323276727e-02
2.457777368001991605e-02
1.958057704880456634e-02
1.477664020831229510e-02
1.040673811364196261e-02
7.287386651994752322e-03
5.337957135511143050e-03
4.513274677541859702e-03
4.348779665585256714e-03
4.725475372661855182e-03
5.991966612612182816e-03
7.770976603727205133e-03
1.769805893032437918e-02
2.217589906387342630e-02
2.830718926206981720e-02
3.998417214661056929e-02
5.552079543590642680e-02
6.929018318912145979e-02
7.505625448995002780e-02
6.927928304872250920e-02
5.552305746698578404e-02
3.998306498404994441e-02
2.830369641520625451e-02
2.217601010623830582e-02
1.769775610839417410e-02
1.363603291333402232e-02
1.085921289647462894e-02
8.401688199042864694e-03
6.409486507609504606e-03
5.337957135511157795e-03
5.035610671998288004e-03
5.336854193786366544e-03
6.410087530547822765e-03
8.402672136382139875e-03
1.085674286815935946e-02
1.364235876045028460e-02
2.979706913725008871e-02
3.325548117725293101e-02
3.718952122116187670e-02
4.542210622620503763e-02
5.624485552513258657e-02
6.610601182514931617e-02
6.927928304872250920e-02
6.210421466216883152e-02
4.804670750666841655e-02
3.291141509092521816e-02
2.187144141783866833e-02
1.536271528990509720e-02
1.073757094854307405e-02
7.768093252978554124e-03
5.996307049981883415e-03
4.725220121248224596e-03
4.352909053219824673e-03
4.513274677541845824e-03
5.336854193786357003e-03
7.290864631634795014e-03
1.041076520123920650e-02
1.478299534084248287e-02
1.957595724778602234e-02
2.457760303198644469e-02
5.552305746698581179e-02
5.624080298301325359e-02
5.292895386106127170e-02
5.125425951674147246e-02
5.292895386106127170e-02
5.624080298301326747e-02
5.552305746698580485e-02
4.804670750666844431e-02
3.665850034764474297e-02
2.497492147374238969e-02
1.619226774945249983e-02
1.041076520123919089e-02
6.410087530547803683e-03
4.348779665585254112e-03
3.305528587521109739e-03
2.810097849996182496e-03
3.305528587521115377e-03
4.348779665585276663e-03
6.410087530547809755e-03
1.041076520123919436e-02
1.619226774945250677e-02
2.497492147374238969e-02
3.665850034764471521e-02
4.804670750666842349e-02
9.552393687154885071e-02
9.415350947068229504e-02
8.083076127607363714e-02
6.296680800732802619e-02
5.125153829540126521e-02
4.542633701466838175e-02
3.998306498404996523e-02
3.291141509092523204e-02
2.497492147374239663e-02
1.739536093733903485e-02
1.143508075227328731e-02
7.187018360107804565e-03
4.220471708901402802e-03
2.888477719109485472e-03
2.406241870387644272e-03
2.157872287092171566e-03
2.809339158780032632e-03
4.725475372661855182e-03
8.402672136382122528e-03
1.478299534084244991e-02
2.497492147374236887e-02
4.303157135451324972e-02
6.816395690221029036e-02
8.750670598445536852e-02
9.419235203638109954e-02
1.058969889329621356e-01
1.078689054596528446e-01
8.083238453061918072e-02
5.293016291365636866e-02
3.719124906260150992e-02
2.830369641520625451e-02
2.187144141783868914e-02
1.619226774945250677e-02
1.143508075227329425e-02
7.470863460771972990e-03
4.584036489627150122e-03
2.831026957558401003e-03
2.227729732887834095e-03
2.284194866887654784e-03
2.409955128367387549e-03
3.307072247481415445e-03
5.991966612612188887e-03
1.085674286815935946e-02
1.957595724778600499e-02
3.665850034764470827e-02
6.816395690221030423e-02
1.005129251911256322e-01
1.023842898841213211e-01
2.411792741731684855e-02
5.598981943801437794e-02
1.058985280752739316e-01
9.415125560371698232e-02
5.623878362588510121e-02
3.325072557762702441e-02
2.217601010623829888e-02
1.536271528990509373e-02
1.041076520123919436e-02
7.187018360107811504e-03
4.584036489627167470e-03
2.950170004284309675e-03
2.284529905311196221e-03
1.985660777823108208e-03
2.224367107145012144e-03
2.887650297731964803e-03
4.351434541322714462e-03
7.770976603727205133e-03
1.364235876045030195e-02
2.457760303198642388e-02
4.804670750666838186e-02
8.750670598445536852e-02
1.023842898841213905e-01
5.483861990524838137e-02
1.068019051779942008e-12
2.412096093528742768e-02
9.419658194641231108e-02
9.553395537794728831e-02
5.552419250131764017e-02
2.979869742323272216e-02
1.769775610839415675e-02
1.073757094854308272e-02
6.410087530547822765e-03
4.220471708901420149e-03
2.831026957558406207e-03
2.284529905311196221e-03
2.365211216264431586e-03
2.284388983373024980e-03
2.828404885558297773e-03
4.221761539516932088e-03
6.407832503238166007e-03
1.073740561406095161e-02
1.769805893032438959e-02
2.979706913725007830e-02
5.552305746698573546e-02
9.552393687154875357e-02
9.419235203638109954e-02
2.411792741731687978e-02
2.412096093528740687e-02
5.483899759627432896e-02
1.023873270375918187e-01
8.750921719501771057e-02
4.804765969478285575e-02
2.457777368001987442e-02
1.363603291333400497e-02
7.768093252978554124e-03
4.348779665585267989e-03
2.888477719109490676e-03
2.227729732887825422e-03
1.985660777823093030e-03
2.284388983373013271e-03
2.953354717288653002e-03
4.583834082322648003e-03
7.187854371123158712e-03
1.041055613528951707e-02
1.535595000988821714e-02
2.217589906387342630e-02
3.325548117725291714e-02
5.624080298301321890e-02
9.415350947068229504e-02
1.058969889329621356e-01
5.598981943801437794e-02
9.419658194641225557e-02
1.023873270375918187e-01
1.005157744424259175e-01
6.816397557683906427e-02
3.665410729791787614e-02
1.958057704880454553e-02
1.085921289647460812e-02
5.996307049981878211e-03
3.305528587521115377e-03
2.406241870387658150e-03
2.284194866887659554e-03
2.224367107145007808e-03
2.828404885558280426e-03
4.583834082322639329e-03
7.466016876634108852e-03
1.143037600168237723e-02
1.619179996125931845e-02
2.186665406058580299e-02
2.830718926206981720e-02
3.718952122116182812e-02
5.292895386106124395e-02
8.083076127607363714e-02
1.078689054596528446e-01
1.058985280752738622e-01
9.553395537794731607e-02
8.750921719501773832e-02
6.816397557683910591e-02
4.303996822595664712e-02
2.497381650895768440e-02
1.477664020831227776e-02
8.401688199042840408e-03
4.725220121248224596e-03
2.810097849996168184e-03
2.157872287092162458e-03
2.409955128367380611e-03
2.887650297731972175e-03
4.221761539516920812e-03
7.187854371123137895e-03
1.143037600168237376e-02
1.740005791324363352e-02
2.497515748519546150e-02
3.290872136886149879e-02
3.998417214661054847e-02
4.542210622620501681e-02
5.125425951674143776e-02
6.296680800732802619e-02
8.083238453061920847e-02
9.415125560371698232e-02
5.552419250131768874e-02
4.804765969478289045e-02
3.665410729791789696e-02
2.497381650895770522e-02
1.619482386185986528e-02
1.040673811364194352e-02
6.409486507609504606e-03
4.352909053219808193e-03
3.305528587521109739e-03
2.809339158780024825e-03
3.307072247481394195e-03
4.351434541322714462e-03
6.407832503238157333e-03
1.041055613528949972e-02
1.619179996125930110e-02
2.497515748519546150e-02
3.665464862539653812e-02
4.804497223898415020e-02
5.552079543590642680e-02
5.624485552513260045e-02
5.292895386106129946e-02
5.125153829540128603e-02
5.293016291365639642e-02
5.623878362588512897e-02
2.979869742323276727e-02
2.457777368001991605e-02
1.958057704880456634e-02
1.477664020831229510e-02
1.040673811364196261e-02
7.287386651994752322e-03
5.337957135511143050e-03
4.513274677541859702e-03
4.348779665585256714e-03
4.725475372661855182e-03
5.991966612612182816e-03
7.770976603727205133e-03
1.073740561406095854e-02
1.535595000988820846e-02
2.186665406058580993e-02
3.290872136886151267e-02
4.804497223898414326e-02
6.209726221899268539e-02
6.929018318912145979e-02
6.610601182514934393e-02
5.624080298301326747e-02
4.542633701466838869e-02
3.719124906260147523e-02
3.325072557762705217e-02
1.769775610839417410e-02
1.363603291333402232e-02
1.085921289647462894e-02
8.401688199042864694e-03
6.409486507609504606e-03
5.337957135511157795e-03
5.035610671998288004e-03
5.336854193786366544e-03
6.410087530547822765e-03
8.402672136382139875e-03
1.085674286815935946e-02
1.364235876045028460e-02
1.769805893032437918e-02
2.217589906387342630e-02
2.830718926206981720e-02
3.998417214661056929e-02
5.552079543590642680e-02
6.929018318912145979e-02
7.505625448995002780e-02
6.927928304872250920e-02
5.552305746698578404e-02
3.998306498404994441e-02
2.830369641520625451e-02
2.217601010623830582e-02
1.073757094854307405e-02
7.768093252978554124e-03
5.996307049981883415e-03
4.725220121248224596e-03
4.352909053219824673e-03
4.513274677541845824e-03
5.336854193786357003e-03
7.290864631634795014e-03
1.041076520123920650e-02
1.478299534084248287e-02
1.957595724778602234e-02
2.457760303198644469e-02
2.979706913725008871e-02
3.325548117725293101e-02
3.718952122116187670e-02
4.542210622620503763e-02
5.624485552513258657e-02
6.610601182514931617e-02
6.927928304872250920e-02
6.210421466216883152e-02
4.804670750666841655e-02
3.291141509092521816e-02
2.187144141783866833e-02
1.536271528990509720e-02
6.410087530547803683e-03
4.348779665585254112e-03
3.305528587521109739e-03
2.810097849996182496e-03
3.305528587521115377e-03
4.348779665585276663e-03
6.410087530547809755e-03
1.041076520123919436e-02
1.619226774945250677e-02
2.497492147374238969e-02
3.665850034764471521e-02
4.804670750666842349e-02
5.552305746698581179e-02
5.624080298301325359e-02
5.292895386106127170e-02
5.125425951674147246e-02
5.292895386106127170e-02
5.624080298301326747e-02
5.552305746698580485e-02
4.804670750666844431e-02
3.665850034764474297e-02
2.497492147374238969e-02
1.619226774945249983e-02
1.041076520123919089e-02
4.220471708901402802e-03
2.888477719109485472e-03
2.406241870387644272e-03
2.157872287092171566e-03
2.809339158780032632e-03
4.725475372661855182e-03
8.402672136382122528e-03
1.478299534084244991e-02
2.497492147374236887e-02
4.303157135451324972e-02
6.816395690221029036e-02
8.750670598445536852e-02
9.552393687154885071e-02
9.415350947068229504e-02
8.083076127607363714e-02
6.296680800732802619e-02
5.125153829540126521e-02
4.542633701466838175e-02
3.998306498404996523e-02
3.291141509092523204e-02
2.497492147374239663e-02
1.739536093733903485e-02
1.143508075227328731e-02
7.187018360107804565e-03
2.831026957558401003e-03
2.227729732887834095e-03
2.284194866887654784e-03
2.409955128367387549e-03
3.307072247481415445e-03
5.991966612612188887e-03
1.085674286815935946e-02
1.957595724778600499e-02
3.665850034764470827e-02
6.816395690221030423e-02
1.005129251911256322e-01
1.023842898841213211e-01
9.419235203638109954e-02
1.058969889329621356e-01
1.078689054596528446e-01
8.083238453061918072e-02
5.293016291365636866e-02
3.719124906260150992e-02
2.830369641520625451e-02
2.187144141783868914e-02
1.619226774945250677e-02
1.143508075227329425e-02
7.470863460771972990e-03
4.584036489627150122e-03
2.284529905311196221e-03
1.985660777823108208e-03
2.224367107145012144e-03
2.887650297731964803e-03
4.351434541322714462e-03
7.770976603727205133e-03
1.364235876045030195e-02
2.457760303198642388e-02
4.804670750666838186e-02
8.750670598445536852e-02
1.023842898841213905e-01
5.483861990524838137e-02
2.411792741731684855e-02
5.598981943801437794e-02
1.058985280752739316e-01
9.415125560371698232e-02
5.623878362588510121e-02
3.325072557762702441e-02
2.217601010623829888e-02
1.536271528990509373e-02
1.041076520123919436e-02
7.187018360107811504e-03
4.584036489627167470e-03
2.950170004284309675e-03
1.475789803391747146e-03
1.587282445134831311e-03
2.285762168348702810e-03
3.388299312082165664e-03
5.339763741301542695e-03
9.855734905893635822e-03
1.766436149926772781e-02
3.334609055006002715e-02
6.927928304872250920e-02
1.051900905381707441e-01
2.411792741731692141e-02
1.068019051779942008e-12
1.068019051779942008e-12
1.068019051779942008e-12
2.411794872917486995e-02
1.051823038988478204e-01
6.928593764514176523e-02
3.334470443713841159e-02
1.765937231287162401e-02
9.854658124576004541e-03
5.336854193786372616e-03
3.387526947528179261e-03
2.284529905311200992e-03
1.588613988898691671e-03
1.587282445134830227e-03
1.881497004241774454e-03
2.949197842768949435e-03
4.664488047068165825e-03
7.288111626858852048e-03
1.242208883139050805e-02
2.013447118798811566e-02
3.419246979785758866e-02
6.610601182514926066e-02
1.058906411938904946e-01
5.598981943801440569e-02
1.068019051779942008e-12
1.068019051779942008e-12
1.068019051779942008e-12
5.483879345173277298e-02
1.030518981539652879e-01
6.210116701186687432e-02
2.945881074519429710e-02
1.537144254094410974e-02
8.476090856294303186e-03
4.513274677541868375e-03
2.834547456861053957e-03
1.985660777823099535e-03
1.530572429269763408e-03
2.285762168348689366e-03
2.949197842768944231e-03
4.587692454036715328e-03
7.190144160950521016e-03
1.040704789506842649e-02
1.535886284618133077e-02
2.217265785487037427e-02
3.325344614322221087e-02
5.624485552513254494e-02
9.415361604851014976e-02
1.058985280752739316e-01
5.599345124637331722e-02
2.411794872917480750e-02
5.483879345173272440e-02
1.023869884696762683e-01
8.750977429350963177e-02
4.804046022332743304e-02
2.457403104828599985e-02
1.363878926429590473e-02
7.769575201219285077e-03
4.352909053219819469e-03
2.886576212523592980e-03
2.224367107145012144e-03
1.988178129086514215e-03
3.388299312082165664e-03
4.664488047068160621e-03
7.190144160950514077e-03
1.090685021129268566e-02
1.477948041247988814e-02
1.946779443817798355e-02
2.555681842592665010e-02
3.299804002414862686e-02
4.542210622620499599e-02
6.808501745024087004e-02
9.415125560371698232e-02
1.058979681945204226e-01
1.051823038988478481e-01
1.030518981539653434e-01
8.750977429350960402e-02
5.741136574560220390e-02
3.291062660338372331e-02
1.947282301768861121e-02
1.184612405775719961e-02
7.295677169046009373e-03
4.725220121248218524e-03
3.425268797018567006e-03
2.887650297731964803e-03
2.837177612779376041e-03
5.339763741301527082e-03
7.288111626858848578e-03
1.040704789506842302e-02
1.477948041247989681e-02
1.957935974276470148e-02
2.457697622321639366e-02
2.979618513144085060e-02
3.325344614322225945e-02
3.718952122116187670e-02
4.542641071691021909e-02
5.623878362588512897e-02
6.611062276527136794e-02
6.928593764514180686e-02
6.210116701186690902e-02
4.804046022332746774e-02
3.291062660338374413e-02
2.186268297440966887e-02
1.535628752489243132e-02
1.073919342775529230e-02
7.769575201219274668e-03
5.996307049981862598e-03
4.722501154861589306e-03
4.351434541322710993e-03
4.509143286267286964e-03
9.855734905893635822e-03
1.242208883139051673e-02
1.535886284618133424e-02
1.946779443817798355e-02
2.457697622321641448e-02
2.945629664431789058e-02
3.334217316387518004e-02
3.419246979785765805e-02
3.325548117725293101e-02
3.299426397067144884e-02
3.325072557762705910e-02
3.419103395037547538e-02
3.334470443713844628e-02
2.945881074519431791e-02
2.457403104828604148e-02
1.947282301768862509e-02
1.535628752489245734e-02
1.242023771589324116e-02
9.857421113161794063e-03
8.476090856294306655e-03
7.768093252978564532e-03
7.293732573064305030e-03
7.770976603727223347e-03
8.473703466425834552e-03
1.766436149926773475e-02
2.013447118798813648e-02
2.217265785487038121e-02
2.555681842592665010e-02
2.979618513144082978e-02
3.334217316387518004e-02
3.485820184846188940e-02
3.334609055006006878e-02
2.979706913725010953e-02
2.555979866961003225e-02
2.217601010623833011e-02
2.013425680246250932e-02
1.765937231287165871e-02
1.537144254094413576e-02
1.363878926429592901e-02
1.184612405775722389e-02
1.073919342775531832e-02
9.857421113161794063e-03
9.280734891400698600e-03
9.854658124576011480e-03
1.073757094854310701e-02
1.184912141073977444e-02
1.364235876045030195e-02
1.537202669117802151e-02
3.334609055006004796e-02
3.419246979785761642e-02
3.325344614322223169e-02
3.299804002414862686e-02
3.325344614322223169e-02
3.419246979785763030e-02
3.334609055006005490e-02
2.945716752227407406e-02
2.457760303198645163e-02
1.947047352862135011e-02
1.536271528990511628e-02
1.242010905801258815e-02
9.854658124576011480e-03
8.476090856294308390e-03
7.769575201219298954e-03
7.295677169046036262e-03
7.769575201219305893e-03
8.476090856294299716e-03
9.854658124576011480e-03
1.242010905801260202e-02
1.536271528990512322e-02
1.947047352862132930e-02
2.457760303198645163e-02
2.945716752227403937e-02
6.927928304872253695e-02
6.610601182514931617e-02
5.624485552513255188e-02
4.542210622620499599e-02
3.718952122116185588e-02
3.325548117725293101e-02
2.979706913725009912e-02
2.457760303198646551e-02
1.957595724778602927e-02
1.478299534084247593e-02
1.041076520123920303e-02
7.290864631634795014e-03
5.336854193786357003e-03
4.513274677541851028e-03
4.352909053219819469e-03
4.725220121248244545e-03
5.996307049981878211e-03
7.768093252978568869e-03
1.073757094854308272e-02
1.536271528990509026e-02
2.187144141783866833e-02
3.291141509092518347e-02
4.804670750666838880e-02
6.210421466216884540e-02
1.051900905381707441e-01
1.058906411938904946e-01
9.415361604851017752e-02
6.808501745024087004e-02
4.542641071691014970e-02
3.299426397067143496e-02
2.555979866961003225e-02
1.947047352862135705e-02
1.478299534084246726e-02
1.090407839434202712e-02
7.187018360107796759e-03
4.668445065549889535e-03
3.387526947528165817e-03
2.834547456861048753e-03
2.886576212523578235e-03
3.425268797018577414e-03
4.722501154861600582e-03
7.293732573064302428e-03
1.184912141073975710e-02
1.947047352862131195e-02
3.291141509092517653e-02
5.740294434530572587e-02
8.750670598445532689e-02
1.030501647842023555e-01
2.411792741731686243e-02
5.598981943801439182e-02
1.058985280752739039e-01
9.415125560371694069e-02
5.623878362588507346e-02
3.325072557762703829e-02
2.217601010623831623e-02
1.536271528990510588e-02
1.041076520123919436e-02
7.187018360107790688e-03
4.584036489627158796e-03
2.950170004284296665e-03
2.284529905311200992e-03
1.985660777823108208e-03
2.224367107145021685e-03
2.887650297731960032e-03
4.351434541322719667e-03
7.770976603727219011e-03
1.364235876045028460e-02
2.457760303198643428e-02
4.804670750666838186e-02
8.750670598445532689e-02
1.023842898841213905e-01
5.483861990524838137e-02
1.068019051779942008e-12
1.068019051779942008e-12
5.599345124637335191e-02
1.058979681945204226e-01
6.611062276527135406e-02
3.419103395037545456e-02
2.013425680246249891e-02
1.242010905801256386e-02
7.290864631634808024e-03
4.668445065549889535e-03
2.950170004284301869e-03
1.884950411115176010e-03
1.588613988898694707e-03
1.530572429269766443e-03
1.988178129086520720e-03
2.837177612779373873e-03
4.509143286267281760e-03
8.473703466425827613e-03
1.537202669117803018e-02
2.945716752227405325e-02
6.210421466216884540e-02
1.030501647842023555e-01
5.483861990524844382e-02
1.068019051779942008e-12
1.068019051779942008e-12
1.068019051779942008e-12
2.411794872917486995e-02
1.051823038988478204e-01
6.928593764514176523e-02
3.334470443713841159e-02
1.765937231287162401e-02
9.854658124576004541e-03
5.336854193786372616e-03
3.387526947528179261e-03
2.284529905311200992e-03
1.588613988898691671e-03
1.475789803391747146e-03
1.587282445134831311e-03
2.285762168348702810e-03
3.388299312082165664e-03
5.339763741301542695e-03
9.855734905893635822e-03
1.766436149926772781e-02
3.334609055006002715e-02
6.927928304872250920e-02
1.051900905381707441e-01
2.411792741731692141e-02
1.068019051779942008e-12
1.068019051779942008e-12
1.068019051779942008e-12
5.483879345173277298e-02
1.030518981539652879e-01
6.210116701186687432e-02
2.945881074519429710e-02
1.537144254094410974e-02
8.476090856294303186e-03
4.513274677541868375e-03
2.834547456861053957e-03
1.985660777823099535e-03
1.530572429269763408e-03
1.587282445134830227e-03
1.881497004241774454e-03
2.949197842768949435e-03
4.664488047068165825e-03
7.288111626858852048e-03
1.242208883139050805e-02
2.013447118798811566e-02
3.419246979785758866e-02
6.610601182514926066e-02
1.058906411938904946e-01
5.598981943801440569e-02
1.068019051779942008e-12
2.411794872917480750e-02
5.483879345173272440e-02
1.023869884696762683e-01
8.750977429350963177e-02
4.804046022332743304e-02
2.457403104828599985e-02
1.363878926429590473e-02
7.769575201219285077e-03
4.352909053219819469e-03
2.886576212523592980e-03
2.224367107145012144e-03
1.988178129086514215e-03
2.285762168348689366e-03
2.949197842768944231e-03
4.587692454036715328e-03
7.190144160950521016e-03
1.040704789506842649e-02
1.535886284618133077e-02
2.217265785487037427e-02
3.325344614322221087e-02
5.624485552513254494e-02
9.415361604851014976e-02
1.058985280752739316e-01
5.599345124637331722e-02
1.051823038988478481e-01
1.030518981539653434e-01
8.750977429350960402e-02
5.741136574560220390e-02
3.291062660338372331e-02
1.947282301768861121e-02
1.184612405775719961e-02
7.295677169046009373e-03
4.725220121248218524e-03
3.425268797018567006e-03
2.887650297731964803e-03
2.837177612779376041e-03
3.388299312082165664e-03
4.664488047068160621e-03
7.190144160950514077e-03
1.090685021129268566e-02
1.477948041247988814e-02
1.946779443817798355e-02
2.555681842592665010e-02
3.299804002414862686e-02
4.542210622620499599e-02
6.808501745024087004e-02
9.415125560371698232e-02
1.058979681945204226e-01
6.928593764514180686e-02
6.210116701186690902e-02
4.804046022332746774e-02
3.291062660338374413e-02
2.186268297440966887e-02
1.535628752489243132e-02
1.073919342775529230e-02
7.769575201219274668e-03
5.996307049981862598e-03
4.722501154861589306e-03
4.351434541322710993e-03
4.509143286267286964e-03
5.339763741301527082e-03
7.288111626858848578e-03
1.040704789506842302e-02
1.477948041247989681e-02
1.957935974276470148e-02
2.457697622321639366e-02
2.979618513144085060e-02
3.325344614322225945e-02
3.718952122116187670e-02
4.542641071691021909e-02
5.623878362588512897e-02
6.611062276527136794e-02
3.334470443713844628e-02
2.945881074519431791e-02
2.457403104828604148e-02
1.947282301768862509e-02
1.535628752489245734e-02
1.242023771589324116e-02
9.857421113161794063e-03
8.476090856294306655e-03
7.768093252978564532e-03
7.293732573064305030e-03
7.770976603727223347e-03
8.473703466425834552e-03
9.855734905893635822e-03
1.242208883139051673e-02
1.535886284618133424e-02
1.946779443817798355e-02
2.457697622321641448e-02
2.945629664431789058e-02
3.334217316387518004e-02
3.419246979785765805e-02
3.325548117725293101e-02
3.299426397067144884e-02
3.325072557762705910e-02
3.419103395037547538e-02
1.765937231287165871e-02
1.537144254094413576e-02
1.363878926429592901e-02
1.184612405775722389e-02
1.073919342775531832e-02
9.857421113161794063e-03
9.280734891400698600e-03
9.854658124576011480e-03
1.073757094854310701e-02
1.184912141073977444e-02
1.364235876045030195e-02
1.537202669117802151e-02
1.766436149926773475e-02
2.013447118798813648e-02
2.217265785487038121e-02
2.555681842592665010e-02
2.979618513144082978e-02
3.334217316387518004e-02
3.485820184846188940e-02
3.334609055006006878e-02
2.979706913725010953e-02
2.555979866961003225e-02
2.217601010623833011e-02
2.013425680246250932e-02
9.854658124576011480e-03
8.476090856294308390e-03
7.769575201219298954e-03
7.295677169046036262e-03
7.769575201219305893e-03
8.476090856294299716e-03
9.854658124576011480e-03
1.242010905801260202e-02
1.536271528990512322e-02
1.947047352862132930e-02
2.457760303198645163e-02
2.945716752227403937e-02
3.334609055006004796e-02
3.419246979785761642e-02
3.325344614322223169e-02
3.299804002414862686e-02
3.325344614322223169e-02
3.419246979785763030e-02
3.334609055006005490e-02
2.945716752227407406e-02
2.457760303198645163e-02
1.947047352862135011e-02
1.536271528990511628e-02
1.242010905801258815e-02
5.336854193786357003e-03
4.513274677541851028e-03
4.352909053219819469e-03
4.725220121248244545e-03
5.996307049981878211e-03
7.768093252978568869e-03
1.073757094854308272e-02
1.536271528990509026e-02
2.187144141783866833e-02
3.291141509092518347e-02
4.804670750666838880e-02
6.210421466216884540e-02
6.927928304872253695e-02
6.610601182514931617e-02
5.624485552513255188e-02
4.542210622620499599e-02
3.718952122116185588e-02
3.325548117725293101e-02
2.979706913725009912e-02
2.457760303198646551e-02
1.957595724778602927e-02
1.478299534084247593e-02
1.041076520123920303e-02
7.290864631634795014e-03
3.387526947528165817e-03
2.834547456861048753e-03
2.886576212523578235e-03
3.425268797018577414e-03
4.722501154861600582e-03
7.293732573064302428e-03
1.184912141073975710e-02
1.947047352862131195e-02
3.291141509092517653e-02
5.740294434530572587e-02
8.750670598445532689e-02
1.030501647842023555e-01
1.051900905381707441e-01
1.058906411938904946e-01
9.415361604851017752e-02
6.808501745024087004e-02
4.542641071691014970e-02
3.299426397067143496e-02
2.555979866961003225e-02
1.947047352862135705e-02
1.478299534084246726e-02
1.090407839434202712e-02
7.187018360107796759e-03
4.668445065549889535e-03
2.284529905311200992e-03
1.985660777823108208e-03
2.224367107145021685e-03
2.887650297731960032e-03
4.351434541322719667e-03
7.770976603727219011e-03
1.364235876045028460e-02
2.457760303198643428e-02
4.804670750666838186e-02
8.750670598445532689e-02
1.023842898841213905e-01
5.483861990524838137e-02
2.411792741731686243e-02
5.598981943801439182e-02
1.058985280752739039e-01
9.415125560371694069e-02
5.623878362588507346e-02
3.325072557762703829e-02
2.217601010623831623e-02
1.536271528990510588e-02
1.041076520123919436e-02
7.187018360107790688e-03
4.584036489627158796e-03
2.950170004284296665e-03
1.588613988898694707e-03
1.530572429269766443e-03
1.988178129086520720e-03
2.837177612779373873e-03
4.509143286267281760e-03
8.473703466425827613e-03
1.537202669117803018e-02
2.945716752227405325e-02
6.210421466216884540e-02
1.030501647842023555e-01
5.483861990524844382e-02
1.068019051779942008e-12
1.068019051779942008e-12
1.068019051779942008e-12
5.599345124637335191e-02
1.058979681945204226e-01
6.611062276527135406e-02
3.419103395037545456e-02
2.013425680246249891e-02
1.242010905801256386e-02
7.290864631634808024e-03
4.668445065549889535e-03
2.950170004284301869e-03
1.884950411115176010e-03
1.221718139916755158e-03
1.476278186022690663e-03
2.366191653042627480e-03
3.349851965331617637e-03
5.035189665273814147e-03
9.281397309858932174e-03
1.735651324724523867e-02
3.485820184846186859e-02
7.505625448994998616e-02
1.027823922029561382e-01
1.068019051779942008e-12
1.068019051779942008e-12
1.068019051779942008e-12
1.068019051779942008e-12
1.068019051779942008e-12
1.027852424373283807e-01
7.505729060424250199e-02
3.485717217545996477e-02
1.735870336256753119e-02
9.280734891400674313e-03
5.035610671998300147e-03
3.350762438605141974e-03
2.365211216264431586e-03
1.475789803391736954e-03
1.476278186022685892e-03
1.588039922623835911e-03
2.283239454056928616e-03
3.390330344061369666e-03
5.337733236214311019e-03
9.859134102866424013e-03
1.766202343396965774e-02
3.334217316387512453e-02
6.929018318912141816e-02
1.051798631888544028e-01
2.412096093528748667e-02
1.068019051779942008e-12
1.068019051779942008e-12
1.068019051779942008e-12
2.412075862703792414e-02
1.051812804022307646e-01
6.927721718450695343e-02
3.333937149341189426e-02
1.766171026118553908e-02
9.857421113161790593e-03
5.337957135511167336e-03
3.389075942049591620e-03
2.284388983373024980e-03
1.587282445134831311e-03
2.366191653042623144e-03
2.283239454056924713e-03
2.828877459436393051e-03
4.219668951550475770e-03
6.407984418485833042e-03
1.073695164093225497e-02
1.769864822644601210e-02
2.979618513144080549e-02
5.552079543590635741e-02
9.552948126617921698e-02
9.419658194641231108e-02
2.411794872917483873e-02
1.068019051779942008e-12
2.412075862703788251e-02
9.419926643746391604e-02
9.552620769578189230e-02
5.552737691515640533e-02
2.979793943636170270e-02
1.769716682217419707e-02
1.073919342775530791e-02
6.409486507609504606e-03
4.223343452719369867e-03
2.828404885558287798e-03
2.285762168348694136e-03
3.349851965331609397e-03
3.390330344061364461e-03
4.219668951550469699e-03
6.107389208533674230e-03
8.403254826663170834e-03
1.184810584767187133e-02
1.746976789360088142e-02
2.555681842592665010e-02
3.998417214661056235e-02
6.644434040439585465e-02
9.553395537794731607e-02
1.051823038988478204e-01
1.027852424373283530e-01
1.051812804022307368e-01
9.552620769578192006e-02
6.644038981113600806e-02
3.998208492885352294e-02
2.556111089140022594e-02
1.747224923070109931e-02
1.184612405775719267e-02
8.401688199042836938e-03
6.108460878038591071e-03
4.221761539516932088e-03
3.388299312082165664e-03
5.035189665273790728e-03
5.337733236214290203e-03
6.407984418485833042e-03
8.403254826663179508e-03
1.085580294818503516e-02
1.363934657753970020e-02
1.769864822644602945e-02
2.217265785487039162e-02
2.830718926206982761e-02
3.997903235842247688e-02
5.552419250131768180e-02
6.928593764514180686e-02
7.505729060424257137e-02
6.927721718450698118e-02
5.552737691515641227e-02
3.998208492885357845e-02
2.830499005983294278e-02
2.217955203806915021e-02
1.769716682217417278e-02
1.363878926429589605e-02
1.085921289647462894e-02
8.404744107459184363e-03
6.407832503238163405e-03
5.339763741301539225e-03
9.281397309858923500e-03
9.859134102866439625e-03
1.073695164093226885e-02
1.184810584767188001e-02
1.363934657753970020e-02
1.537077775861814266e-02
1.766202343396968896e-02
2.013447118798815383e-02
2.217589906387345752e-02
2.555647353957292076e-02
2.979869742323277768e-02
3.334470443713845322e-02
3.485717217545998559e-02
3.333937149341191508e-02
2.979793943636172351e-02
2.556111089140024675e-02
2.217955203806917103e-02
2.013562332858894952e-02
1.766171026118556683e-02
1.537144254094413576e-02
1.363603291333401364e-02
1.184639096997148165e-02
1.073740561406098283e-02
9.855734905893653169e-03
1.735651324724525602e-02
1.766202343396966815e-02
1.769864822644602945e-02
1.746976789360089530e-02
1.769864822644601904e-02
1.766202343396966815e-02
1.735651324724527336e-02
1.766436149926772781e-02
1.769805893032440000e-02
1.747100854746707482e-02
1.769775610839418103e-02
1.765937231287166911e-02
1.735870336256755894e-02
1.766171026118555643e-02
1.769716682217419707e-02
1.747224923070110625e-02
1.769716682217419707e-02
1.766171026118556683e-02
1.735870336256757629e-02
1.765937231287166911e-02
1.769775610839420879e-02
1.747100854746707482e-02
1.769805893032442429e-02
1.766436149926773475e-02
3.485820184846186859e-02
3.334217316387515923e-02
2.979618513144084019e-02
2.555681842592666397e-02
2.217265785487039162e-02
2.013447118798814689e-02
1.766436149926774515e-02
1.537202669117803018e-02
1.364235876045029501e-02
1.184912141073976750e-02
1.073757094854310701e-02
9.854658124576011480e-03
9.280734891400689926e-03
9.857421113161809675e-03
1.073919342775530791e-02
1.184612405775722389e-02
1.363878926429592207e-02
1.537144254094415310e-02
1.765937231287165871e-02
2.013425680246251626e-02
2.217601010623833704e-02
2.555979866961004612e-02
2.979706913725008871e-02
3.334609055006003409e-02
7.505625448994998616e-02
6.929018318912143204e-02
5.552079543590638516e-02
3.998417214661056235e-02
2.830718926206980332e-02
2.217589906387345058e-02
1.769805893032440000e-02
1.364235876045029501e-02
1.085674286815937681e-02
8.402672136382132936e-03
6.410087530547822765e-03
5.336854193786360473e-03
5.035610671998288004e-03
5.337957135511157795e-03
6.409486507609511545e-03
8.401688199042850816e-03
1.085921289647464455e-02
1.363603291333401364e-02
1.769775610839417410e-02
2.217601010623831623e-02
2.830369641520623022e-02
3.998306498404994441e-02
5.552305746698575628e-02
6.927928304872250920e-02
1.027823922029560966e-01
1.051798631888544028e-01
9.552948126617921698e-02
6.644434040439584077e-02
3.997903235842244218e-02
2.555647353957291035e-02
1.747100854746706788e-02
1.184912141073975710e-02
8.402672136382132936e-03
6.106991966873915982e-03
4.220471708901414078e-03
3.387526947528165817e-03
3.350762438605141974e-03
3.389075942049586416e-03
4.223343452719375071e-03
6.108460878038598010e-03
8.404744107459180893e-03
1.184639096997146777e-02
1.747100854746704707e-02
2.555979866960999755e-02
3.998306498404992360e-02
6.644127002049020347e-02
9.552393687154882296e-02
1.051900905381707441e-01
1.068019051779942008e-12
2.412096093528743462e-02
9.419658194641228333e-02
9.553395537794726056e-02
5.552419250131764017e-02
2.979869742323273257e-02
1.769775610839418103e-02
1.073757094854308272e-02
6.410087530547816694e-03
4.220471708901414078e-03
2.831026957558408375e-03
2.284529905311196221e-03
2.365211216264427249e-03
2.284388983373024980e-03
2.828404885558297773e-03
4.221761539516938160e-03
6.407832503238170344e-03
1.073740561406096895e-02
1.769805893032438959e-02
2.979706913725007830e-02
5.552305746698572159e-02
9.552393687154879520e-02
9.419235203638112730e-02
2.411792741731689019e-02
1.068019051779942008e-12
1.068019051779942008e-12
2.411794872917486995e-02
1.051823038988478204e-01
6.928593764514176523e-02
3.334470443713841159e-02
1.765937231287161013e-02
9.854658124575997602e-03
5.336854193786366544e-03
3.387526947528165817e-03
2.284529905311196221e-03
1.588613988898694707e-03
1.475789803391748881e-03
1.587282445134845406e-03
2.285762168348707581e-03
3.388299312082170868e-03
5.339763741301545297e-03
9.855734905893635822e-03
1.766436149926774515e-02
3.334609055006001327e-02
6.927928304872250920e-02
1.051900905381707441e-01
2.411792741731692835e-02
1.068019051779942008e-12
1.068019051779942008e-12
1.068019051779942008e-12
1.068019051779942008e-12
1.027852424373283807e-01
7.505729060424250199e-02
3.485717217545996477e-02
1.735870336256753119e-02
9.280734891400674313e-03
5.035610671998300147e-03
3.350762438605141974e-03
2.365211216264431586e-03
1.475789803391736954e-03
1.221718139916755158e-03
1.476278186022690663e-03
2.366191653042627480e-03
3.349851965331617637e-03
5.035189665273814147e-03
9.281397309858932174e-03
1.735651324724523867e-02
3.485820184846186859e-02
7.505625448994998616e-02
1.027823922029561382e-01
1.068019051779942008e-12
1.068019051779942008e-12
1.068019051779942008e-12
1.068019051779942008e-12
2.412075862703792414e-02
1.051812804022307646e-01
6.927721718450695343e-02
3.333937149341189426e-02
1.766171026118553908e-02
9.857421113161790593e-03
5.337957135511167336e-03
3.389075942049591620e-03
2.284388983373024980e-03
1.587282445134831311e-03
1.476278186022685892e-03
1.588039922623835911e-03
2.283239454056928616e-03
3.390330344061369666e-03
5.337733236214311019e-03
9.859134102866424013e-03
1.766202343396965774e-02
3.334217316387512453e-02
6.929018318912141816e-02
1.051798631888544028e-01
2.412096093528748667e-02
1.068019051779942008e-12
1.068019051779942008e-12
2.412075862703788251e-02
9.419926643746391604e-02
9.552620769578189230e-02
5.552737691515640533e-02
2.979793943636170270e-02
1.769716682217419707e-02
1.073919342775530791e-02
6.409486507609504606e-03
4.223343452719369867e-03
2.828404885558287798e-03
2.285762168348694136e-03
2.366191653042623144e-03
2.283239454056924713e-03
2.828877459436393051e-03
4.219668951550475770e-03
6.407984418485833042e-03
1.073695164093225497e-02
1.769864822644601210e-02
2.979618513144080549e-02
5.552079543590635741e-02
9.552948126617921698e-02
9.419658194641231108e-02
2.411794872917483873e-02
1.027852424373283530e-01
1.051812804022307368e-01
9.552620769578192006e-02
6.644038981113600806e-02
3.998208492885352294e-02
2.556111089140022594e-02
1.747224923070109931e-02
1.184612405775719267e-02
8.401688199042836938e-03
6.108460878038591071e-03
4.221761539516932088e-03
3.388299312082165664e-03
3.349851965331609397e-03
3.390330344061364461e-03
4.219668951550469699e-03
6.107389208533674230e-03
8.403254826663170834e-03
1.184810584767187133e-02
1.746976789360088142e-02
2.555681842592665010e-02
3.998417214661056235e-02
6.644434040439585465e-02
9.553395537794731607e-02
1.051823038988478204e-01
7.505729060424257137e-02
6.927721718450698118e-02
5.552737691515641227e-02
3.998208492885357845e-02
2.830499005983294278e-02
2.217955203806915021e-02
1.769716682217417278e-02
1.363878926429589605e-02
1.085921289647462894e-02
8.404744107459184363e-03
6.407832503238163405e-03
5.339763741301539225e-03
5.035189665273790728e-03
5.337733236214290203e-03
6.407984418485833042e-03
8.403254826663179508e-03
1.085580294818503516e-02
1.363934657753970020e-02
1.769864822644602945e-02
2.217265785487039162e-02
2.830718926206982761e-02
3.997903235842247688e-02
5.552419250131768180e-02
6.928593764514180686e-02
3.485717217545998559e-02
3.333937149341191508e-02
2.979793943636172351e-02
2.556111089140024675e-02
2.217955203806917103e-02
2.013562332858894952e-02
1.766171026118556683e-02
1.537144254094413576e-02
1.363603291333401364e-02
1.184639096997148165e-02
1.073740561406098283e-02
9.855734905893653169e-03
9.281397309858923500e-03
9.859134102866439625e-03
1.073695164093226885e-02
1.184810584767188001e-02
1.363934657753970020e-02
1.537077775861814266e-02
1.766202343396968896e-02
2.013447118798815383e-02
2.217589906387345752e-02
2.555647353957292076e-02
2.979869742323277768e-02
3.334470443713845322e-02
1.735870336256755894e-02
1.766171026118555643e-02
1.769716682217419707e-02
1.747224923070110625e-02
1.769716682217419707e-02
1.766171026118556683e-02
1.735870336256757629e-02
1.765937231287166911e-02
1.769775610839420879e-02
1.747100854746707482e-02
1.769805893032442429e-02
1.766436149926773475e-02
1.735651324724525602e-02
1.766202343396966815e-02
1.769864822644602945e-02
1.746976789360089530e-02
1.769864822644601904e-02
1.766202343396966815e-02
1.735651324724527336e-02
1.766436149926772781e-02
1.769805893032440000e-02
1.747100854746707482e-02
1.769775610839418103e-02
1.765937231287166911e-02
9.280734891400689926e-03
9.857421113161809675e-03
1.073919342775530791e-02
1.184612405775722389e-02
1.363878926429592207e-02
1.537144254094415310e-02
1.765937231287165871e-02
2.013425680246251626e-02
2.217601010623833704e-02
2.555979866961004612e-02
2.979706913725008871e-02
3.334609055006003409e-02
3.485820184846186859e-02
3.334217316387515923e-02
2.979618513144084019e-02
2.555681842592666397e-02
2.217265785487039162e-02
2.013447118798814689e-02
1.766436149926774515e-02
1.537202669117803018e-02
1.364235876045029501e-02
1.184912141073976750e-02
1.073757094854310701e-02
9.854658124576011480e-03
5.035610671998288004e-03
5.337957135511157795e-03
6.409486507609511545e-03
8.401688199042850816e-03
1.085921289647464455e-02
1.363603291333401364e-02
1.769775610839417410e-02
2.217601010623831623e-02
2.830369641520623022e-02
3.998306498404994441e-02
5.552305746698575628e-02
6.927928304872250920e-02
7.505625448994998616e-02
6.929018318912143204e-02
5.552079543590638516e-02
3.998417214661056235e-02
2.830718926206980332e-02
2.217589906387345058e-02
1.769805893032440000e-02
1.364235876045029501e-02
1.085674286815937681e-02
8.402672136382132936e-03
6.410087530547822765e-03
5.336854193786360473e-03
3.350762438605141974e-03
3.389075942049586416e-03
4.223343452719375071e-03
6.108460878038598010e-03
8.404744107459180893e-03
1.184639096997146777e-02
1.747100854746704707e-02
2.555979866960999755e-02
3.998306498404992360e-02
6.644127002049020347e-02
9.552393687154882296e-02
1.051900905381707441e-01
1.027823922029560966e-01
1.051798631888544028e-01
9.552948126617921698e-02
6.644434040439584077e-02
3.997903235842244218e-02
2.555647353957291035e-02
1.747100854746706788e-02
1.184912141073975710e-02
8.402672136382132936e-03
6.106991966873915982e-03
4.220471708901414078e-03
3.387526947528165817e-03
2.365211216264427249e-03
2.284388983373024980e-03
2.828404885558297773e-03
4.221761539516938160e-03
6.407832503238170344e-03
1.073740561406096895e-02
1.769805893032438959e-02
2.979706913725007830e-02
5.552305746698572159e-02
9.552393687154879520e-02
9.419235203638112730e-02
2.411792741731689019e-02
1.068019051779942008e-12
2.412096093528743462e-02
9.419658194641228333e-02
9.553395537794726056e-02
5.552419250131764017e-02
2.979869742323273257e-02
1.769775610839418103e-02
1.073757094854308272e-02
6.410087530547816694e-03
4.220471708901414078e-03
2.831026957558408375e-03
2.284529905311196221e-03
1.475789803391748881e-03
1.587282445134845406e-03
2.285762168348707581e-03
3.388299312082170868e-03
5.339763741301545297e-03
9.855734905893635822e-03
1.766436149926774515e-02
3.334609055006001327e-02
6.927928304872250920e-02
1.051900905381707441e-01
2.411792741731692835e-02
1.068019051779942008e-12
1.068019051779942008e-12
1.068019051779942008e-12
2.411794872917486995e-02
1.051823038988478204e-01
6.928593764514176523e-02
3.334470443713841159e-02
1.765937231287161013e-02
9.854658124575997602e-03
5.336854193786366544e-03
3.387526947528165817e-03
2.284529905311196221e-03
1.588613988898694707e-03
1.476278186022687844e-03
1.588039922623830924e-03
2.283239454056928616e-03
3.390330344061374436e-03
5.337733236214320560e-03
9.859134102866443095e-03
1.766202343396965774e-02
3.334217316387513841e-02
6.929018318912136265e-02
1.051798631888544444e-01
2.412096093528747626e-02
1.068019051779942008e-12
1.068019051779942008e-12
1.068019051779942008e-12
2.412075862703792414e-02
1.051812804022307646e-01
6.927721718450692567e-02
3.333937149341189426e-02
1.766171026118553908e-02
9.857421113161771511e-03
5.337957135511160398e-03
3.389075942049586416e-03
2.284388983373020210e-03
1.587282445134837600e-03
1.588039922623832008e-03
1.532334662368519838e-03
1.987321253009639074e-03
2.835310421727659479e-03
4.515755804595279928e-03
8.472050804700087881e-03
1.537077775861811837e-02
2.945629664431785935e-02
6.209726221899264376e-02
1.030574221532670892e-01
5.483899759627438447e-02
1.068019051779942008e-12
1.068019051779942008e-12
1.068019051779942008e-12
5.598718470925748841e-02
1.058975444616545164e-01
6.610879458234709960e-02
3.419440006980611901e-02
2.013562332858893911e-02
1.242023771589324116e-02
7.287386651994745383e-03
4.668212252552147307e-03
2.953354717288653002e-03
1.881497004241774454e-03
2.283239454056919943e-03
1.987321253009630400e-03
2.224641797755600153e-03
2.885873055833141233e-03
4.354607515731182509e-03
7.772060250373074609e-03
1.363934657753968285e-02
2.457697622321638325e-02
4.804497223898414326e-02
8.751158147113967389e-02
1.023873270375918187e-01
5.483879345173275216e-02
2.412075862703786169e-02
5.598718470925744678e-02
1.058950375180535003e-01
9.415131881349593501e-02
5.624023360121722936e-02
3.325797498528995644e-02
2.217955203806915021e-02
1.535628752489244346e-02
1.040673811364195220e-02
7.187281047776560711e-03
4.583834082322639329e-03
2.949197842768954640e-03
3.390330344061348415e-03
2.835310421727647336e-03
2.885873055833130824e-03
3.423195331842975378e-03
4.725909091797887360e-03
7.292665287914845869e-03
1.184810584767186266e-02
1.946779443817797314e-02
3.290872136886149879e-02
5.740715044797566752e-02
8.750921719501777996e-02
1.030518981539653434e-01
1.051812804022307646e-01
1.058975444616545164e-01
9.415131881349596277e-02
6.807956593299760439e-02
4.543140315268733020e-02
3.299642225188562095e-02
2.556111089140025716e-02
1.947282301768862509e-02
1.477664020831227776e-02
1.090767179305689519e-02
7.187854371123143966e-03
4.664488047068149346e-03
5.337733236214286733e-03
4.515755804595263448e-03
4.354607515731182509e-03
4.725909091797889962e-03
5.994045886504425352e-03
7.772060250373091957e-03
1.073695164093225497e-02
1.535886284618133424e-02
2.186665406058584116e-02
3.291120818606277365e-02
4.804765969478291127e-02
6.210116701186690902e-02
6.927721718450700894e-02
6.610879458234712736e-02
5.624023360121725018e-02
4.543140315268733020e-02
3.719366879569551559e-02
3.325797498528996338e-02
2.979793943636173739e-02
2.457403104828603108e-02
1.958057704880454553e-02
1.477575201192181213e-02
1.041055613528951707e-02
7.288111626858845976e-03
9.859134102866432686e-03
8.472050804700094820e-03
7.772060250373094559e-03
7.292665287914859747e-03
7.772060250373098896e-03
8.472050804700087881e-03
9.859134102866446564e-03
1.242208883139051673e-02
1.535595000988822581e-02
1.947324106217369205e-02
2.457777368001992993e-02
2.945881074519431791e-02
3.333937149341192896e-02
3.419440006980614677e-02
3.325797498528995644e-02
3.299642225188560707e-02
3.325797498528999113e-02
3.419440006980618840e-02
3.333937149341193590e-02
2.945881074519432832e-02
2.457777368001992993e-02
1.947324106217368164e-02
1.535595000988824316e-02
1.242208883139052540e-02
1.766202343396968896e-02
1.537077775861813919e-02
1.363934657753971581e-02
1.184810584767188001e-02
1.073695164093227232e-02
9.859134102866443095e-03
9.281397309858920031e-03
9.855734905893649700e-03
1.073740561406096895e-02
1.184639096997147471e-02
1.363603291333402925e-02
1.537144254094413576e-02
1.766171026118554949e-02
2.013562332858893911e-02
2.217955203806915021e-02
2.556111089140024675e-02
2.979793943636173739e-02
3.333937149341197059e-02
3.485717217545998559e-02
3.334470443713846710e-02
2.979869742323279502e-02
2.555647353957293116e-02
2.217589906387344018e-02
2.013447118798813648e-02
3.334217316387515923e-02
2.945629664431790098e-02
2.457697622321642142e-02
1.946779443817800437e-02
1.535886284618133424e-02
1.242208883139051673e-02
9.855734905893642761e-03
8.473703466425831082e-03
7.770976603727226817e-03
7.293732573064311969e-03
7.768093252978579277e-03
8.476090856294318798e-03
9.857421113161790593e-03
1.242023771589323422e-02
1.535628752489243826e-02
1.947282301768861121e-02
2.457403104828604148e-02
2.945881074519431791e-02
3.334470443713844628e-02
3.419103395037548926e-02
3.325072557762709380e-02
3.299426397067146272e-02
3.325548117725291020e-02
3.419246979785760948e-02
6.929018318912144592e-02
6.209726221899269927e-02
4.804497223898417796e-02
3.290872136886151267e-02
2.186665406058582034e-02
1.535595000988820846e-02
1.073740561406096895e-02
7.770976603727212939e-03
5.991966612612188887e-03
4.725475372661864723e-03
4.348779665585262785e-03
4.513274677541851028e-03
5.337957135511155193e-03
7.287386651994745383e-03
1.040673811364194352e-02
1.477664020831228817e-02
1.958057704880454553e-02
2.457777368001991605e-02
2.979869742323274298e-02
3.325072557762703829e-02
3.719124906260148911e-02
4.542633701466838869e-02
5.624080298301323277e-02
6.610601182514931617e-02
1.051798631888544722e-01
1.030574221532670892e-01
8.751158147113971553e-02
5.740715044797564670e-02
3.291120818606275283e-02
1.947324106217367123e-02
1.184639096997145737e-02
7.293732573064311969e-03
4.725475372661864723e-03
3.427680298060233402e-03
2.888477719109480268e-03
2.834547456861041814e-03
3.389075942049576441e-03
4.668212252552142102e-03
7.187281047776566782e-03
1.090767179305689519e-02
1.477575201192180172e-02
1.947324106217366430e-02
2.555647353957292076e-02
3.299426397067140720e-02
4.542633701466831236e-02
6.808143499095262174e-02
9.415350947068229504e-02
1.058906411938905223e-01
2.412096093528740687e-02
5.483899759627431508e-02
1.023873270375918187e-01
8.750921719501768281e-02
4.804765969478289739e-02
2.457777368001990564e-02
1.363603291333400497e-02
7.768093252978558461e-03
4.348779665585259316e-03
2.888477719109485472e-03
2.227729732887825422e-03
1.985660777823086524e-03
2.284388983373015439e-03
2.953354717288647797e-03
4.583834082322654074e-03
7.187854371123143966e-03
1.041055613528952054e-02
1.535595000988821714e-02
2.217589906387342630e-02
3.325548117725289632e-02
5.624080298301320502e-02
9.415350947068226728e-02
1.058969889329621356e-01
5.598981943801436406e-02
1.068019051779942008e-12
1.068019051779942008e-12
5.483879345173275216e-02
1.030518981539652879e-01
6.210116701186685351e-02
2.945881074519429710e-02
1.537144254094410280e-02
8.476090856294291043e-03
4.513274677541857099e-03
2.834547456861043983e-03
1.985660777823095198e-03
1.530572429269760372e-03
1.587282445134832395e-03
1.881497004241782910e-03
2.949197842768954640e-03
4.664488047068172764e-03
7.288111626858865925e-03
1.242208883139052540e-02
2.013447118798812260e-02
3.419246979785758173e-02
6.610601182514926066e-02
1.058906411938905223e-01
5.598981943801443345e-02
1.068019051779942008e-12
1.068019051779942008e-12
1.068019051779942008e-12
2.412075862703792414e-02
1.051812804022307646e-01
6.927721718450692567e-02
3.333937149341189426e-02
1.766171026118553908e-02
9.857421113161771511e-03
5.337957135511160398e-03
3.389075942049586416e-03
2.284388983373020210e-03
1.587282445134837600e-03
1.476278186022687844e-03
1.588039922623830924e-03
2.283239454056928616e-03
3.390330344061374436e-03
5.337733236214320560e-03
9.859134102866443095e-03
1.766202343396965774e-02
3.334217316387513841e-02
6.929018318912136265e-02
1.051798631888544444e-01
2.412096093528747626e-02
1.068019051779942008e-12
1.068019051779942008e-12
1.068019051779942008e-12
5.598718470925748841e-02
1.058975444616545164e-01
6.610879458234709960e-02
3.419440006980611901e-02
2.013562332858893911e-02
1.242023771589324116e-02
7.287386651994745383e-03
4.668212252552147307e-03
2.953354717288653002e-03
1.881497004241774454e-03
1.588039922623832008e-03
1.532334662368519838e-03
1.987321253009639074e-03
2.835310421727659479e-03
4.515755804595279928e-03
8.472050804700087881e-03
1.537077775861811837e-02
2.945629664431785935e-02
6.209726221899264376e-02
1.030574221532670892e-01
5.483899759627438447e-02
1.068019051779942008e-12
2.412075862703786169e-02
5.598718470925744678e-02
1.058950375180535003e-01
9.415131881349593501e-02
5.624023360121722936e-02
3.325797498528995644e-02
2.217955203806915021e-02
1.535628752489244346e-02
1.040673811364195220e-02
7.187281047776560711e-03
4.583834082322639329e-03
2.949197842768954640e-03
2.283239454056919943e-03
1.987321253009630400e-03
2.224641797755600153e-03
2.885873055833141233e-03
4.354607515731182509e-03
7.772060250373074609e-03
1.363934657753968285e-02
2.457697622321638325e-02
4.804497223898414326e-02
8.751158147113967389e-02
1.023873270375918187e-01
5.483879345173275216e-02
1.051812804022307646e-01
1.058975444616545164e-01
9.415131881349596277e-02
6.807956593299760439e-02
4.543140315268733020e-02
3.299642225188562095e-02
2.556111089140025716e-02
1.947282301768862509e-02
1.477664020831227776e-02
1.090767179305689519e-02
7.187854371123143966e-03
4.664488047068149346e-03
3.390330344061348415e-03
2.835310421727647336e-03
2.885873055833130824e-03
3.423195331842975378e-03
4.725909091797887360e-03
7.292665287914845869e-03
1.184810584767186266e-02
1.946779443817797314e-02
3.290872136886149879e-02
5.740715044797566752e-02
8.750921719501777996e-02
1.030518981539653434e-01
6.927721718450700894e-02
6.610879458234712736e-02
5.624023360121725018e-02
4.543140315268733020e-02
3.719366879569551559e-02
3.325797498528996338e-02
2.979793943636173739e-02
2.457403104828603108e-02
1.958057704880454553e-02
1.477575201192181213e-02
1.041055613528951707e-02
7.288111626858845976e-03
5.337733236214286733e-03
4.515755804595263448e-03
4.354607515731182509e-03
4.725909091797889962e-03
5.994045886504425352e-03
7.772060250373091957e-03
1.073695164093225497e-02
1.535886284618133424e-02
2.186665406058584116e-02
3.291120818606277365e-02
4.804765969478291127e-02
6.210116701186690902e-02
3.333937149341192896e-02
3.419440006980614677e-02
3.325797498528995644e-02
3.299642225188560707e-02
3.325797498528999113e-02
3.419440006980618840e-02
3.333937149341193590e-02
2.945881074519432832e-02
2.457777368001992993e-02
1.947324106217368164e-02
1.535595000988824316e-02
1.242208883139052540e-02
9.859134102866432686e-03
8.472050804700094820e-03
7.772060250373094559e-03
7.292665287914859747e-03
7.772060250373098896e-03
8.472050804700087881e-03
9.859134102866446564e-03
1.242208883139051673e-02
1.535595000988822581e-02
1.947324106217369205e-02
2.457777368001992993e-02
2.945881074519431791e-02
1.766171026118554949e-02
2.013562332858893911e-02
2.217955203806915021e-02
2.556111089140024675e-02
2.979793943636173739e-02
3.333937149341197059e-02
3.485717217545998559e-02
3.334470443713846710e-02
2.979869742323279502e-02
2.555647353957293116e-02
2.217589906387344018e-02
2.013447118798813648e-02
1.766202343396968896e-02
1.537077775861813919e-02
1.363934657753971581e-02
1.184810584767188001e-02
1.073695164093227232e-02
9.859134102866443095e-03
9.281397309858920031e-03
9.855734905893649700e-03
1.073740561406096895e-02
1.184639096997147471e-02
1.363603291333402925e-02
1.537144254094413576e-02
9.857421113161790593e-03
1.242023771589323422e-02
1.535628752489243826e-02
1.947282301768861121e-02
2.457403104828604148e-02
2.945881074519431791e-02
3.334470443713844628e-02
3.419103395037548926e-02
3.325072557762709380e-02
3.299426397067146272e-02
3.325548117725291020e-02
3.419246979785760948e-02
3.334217316387515923e-02
2.945629664431790098e-02
2.457697622321642142e-02
1.946779443817800437e-02
1.535886284618133424e-02
1.242208883139051673e-02
9.855734905893642761e-03
8.473703466425831082e-03
7.770976603727226817e-03
7.293732573064311969e-03
7.768093252978579277e-03
8.476090856294318798e-03
5.337957135511155193e-03
7.287386651994745383e-03
1.040673811364194352e-02
1.477664020831228817e-02
1.958057704880454553e-02
2.457777368001991605e-02
2.979869742323274298e-02
3.325072557762703829e-02
3.719124906260148911e-02
4.542633701466838869e-02
5.624080298301323277e-02
6.610601182514931617e-02
6.929018318912144592e-02
6.209726221899269927e-02
4.804497223898417796e-02
3.290872136886151267e-02
2.186665406058582034e-02
1.535595000988820846e-02
1.073740561406096895e-02
7.770976603727212939e-03
5.991966612612188887e-03
4.725475372661864723e-03
4.348779665585262785e-03
4.513274677541851028e-03
3.389075942049576441e-03
4.668212252552142102e-03
7.187281047776566782e-03
1.090767179305689519e-02
1.477575201192180172e-02
1.947324106217366430e-02
2.555647353957292076e-02
3.299426397067140720e-02
4.542633701466831236e-02
6.808143499095262174e-02
9.415350947068229504e-02
1.058906411938905223e-01
1.051798631888544722e-01
1.030574221532670892e-01
8.751158147113971553e-02
5.740715044797564670e-02
3.291120818606275283e-02
1.947324106217367123e-02
1.184639096997145737e-02
7.293732573064311969e-03
4.725475372661864723e-03
3.427680298060233402e-03
2.888477719109480268e-03
2.834547456861041814e-03
2.284388983373015439e-03
2.953354717288647797e-03
4.583834082322654074e-03
7.187854371123143966e-03
1.041055613528952054e-02
1.535595000988821714e-02
2.217589906387342630e-02
3.325548117725289632e-02
5.624080298301320502e-02
9.415350947068226728e-02
1.058969889329621356e-01
5.598981943801436406e-02
2.412096093528740687e-02
5.483899759627431508e-02
1.023873270375918187e-01
8.750921719501768281e-02
4.804765969478289739e-02
2.457777368001990564e-02
1.363603291333400497e-02
7.768093252978558461e-03
4.348779665585259316e-03
2.888477719109485472e-03
2.227729732887825422e-03
1.985660777823086524e-03
1.587282445134832395e-03
1.881497004241782910e-03
2.949197842768954640e-03
4.664488047068172764e-03
7.288111626858865925e-03
1.242208883139052540e-02
2.013447118798812260e-02
3.419246979785758173e-02
6.610601182514926066e-02
1.058906411938905223e-01
5.598981943801443345e-02
1.068019051779942008e-12
1.068019051779942008e-12
1.068019051779942008e-12
5.483879345173275216e-02
1.030518981539652879e-01
6.210116701186685351e-02
2.945881074519429710e-02
1.537144254094410280e-02
8.476090856294291043e-03
4.513274677541857099e-03
2.834547456861043983e-03
1.985660777823095198e-03
1.530572429269760372e-03
2.366191653042627480e-03
2.283239454056924713e-03
2.828877459436388280e-03
4.219668951550469699e-03
6.407984418485826970e-03
1.073695164093226538e-02
1.769864822644601210e-02
2.979618513144079509e-02
5.552079543590635741e-02
9.552948126617924474e-02
9.419658194641231108e-02
2.411794872917482832e-02
1.068019051779942008e-12
2.412075862703787557e-02
9.419926643746391604e-02
9.552620769578192006e-02
5.552737691515640533e-02
2.979793943636169229e-02
1.769716682217417278e-02
1.073919342775528536e-02
6.409486507609507208e-03
4.223343452719369867e-03
2.828404885558297773e-03
2.285762168348698473e-03
2.283239454056919943e-03
1.987321253009630400e-03
2.224641797755595382e-03
2.885873055833141233e-03
4.354607515731182509e-03
7.772060250373074609e-03
1.363934657753969153e-02
2.457697622321637285e-02
4.804497223898414326e-02
8.751158147113963226e-02
1.023873270375918187e-01
5.483879345173272440e-02
2.412075862703785128e-02
5.598718470925743290e-02
1.058950375180535697e-01
9.415131881349599052e-02
5.624023360121725018e-02
3.325797498528996338e-02
2.217955203806913980e-02
1.535628752489243479e-02
1.040673811364195220e-02
7.187281047776573721e-03
4.583834082322650605e-03
2.949197842768966783e-03
2.828877459436386112e-03
2.224641797755591045e-03
2.288953711133931944e-03
2.407576648926106674e-03
3.306523996010545322e-03
5.994045886504415811e-03
1.085580294818501261e-02
1.957935974276470148e-02
3.665464862539656588e-02
6.816229028276903079e-02
1.005157744424259175e-01
1.023869884696762683e-01
9.419926643746388828e-02
1.058950375180535003e-01
1.078605963006635526e-01
8.083546496571560047e-02
5.293210467655656837e-02
3.719366879569552253e-02
2.830499005983296359e-02
2.186268297440966193e-02
1.619482386185987222e-02
1.143839245130060488e-02
7.466016876634115791e-03
4.587692454036712726e-03
4.219668951550459290e-03
2.885873055833128656e-03
2.407576648926097566e-03
2.156737870710770996e-03
2.809024442876879510e-03
4.725909091797887360e-03
8.403254826663153487e-03
1.477948041247989334e-02
2.497515748519548925e-02
4.303724906154182683e-02
6.816397557683910591e-02
8.750977429350965953e-02
9.552620769578197557e-02
9.415131881349603216e-02
8.083546496571560047e-02
6.296346361957190496e-02
5.125347106337566766e-02
4.543140315268735102e-02
3.998208492885359927e-02
3.291062660338375800e-02
2.497381650895768440e-02
1.739561590830421972e-02
1.143037600168237723e-02
7.190144160950521016e-03
6.407984418485820031e-03
4.354607515731177304e-03
3.306523996010550526e-03
2.809024442876884714e-03
3.306523996010542286e-03
4.354607515731182509e-03
6.407984418485822634e-03
1.040704789506843517e-02
1.619179996125932539e-02
2.497634349937537246e-02
3.665410729791789696e-02
4.804046022332745386e-02
5.552737691515645391e-02
5.624023360121730569e-02
5.293210467655658225e-02
5.125347106337570235e-02
5.293210467655658225e-02
5.624023360121728488e-02
5.552737691515644003e-02
4.804046022332746774e-02
3.665410729791789002e-02
2.497634349937536205e-02
1.619179996125931845e-02
1.040704789506842649e-02
1.073695164093225497e-02
7.772060250373088487e-03
5.994045886504422750e-03
4.725909091797884758e-03
4.354607515731185978e-03
4.515755804595263448e-03
5.337733236214298876e-03
7.288111626858858987e-03
1.041055613528951707e-02
1.477575201192181213e-02
1.958057704880455940e-02
2.457403104828602067e-02
2.979793943636172351e-02
3.325797498528996338e-02
3.719366879569552253e-02
4.543140315268735102e-02
5.624023360121728488e-02
6.610879458234716899e-02
6.927721718450695343e-02
6.210116701186688820e-02
4.804765969478289045e-02
3.291120818606277365e-02
2.186665406058582034e-02
1.535886284618133424e-02
1.769864822644601904e-02
1.363934657753971581e-02
1.085580294818502649e-02
8.403254826663184712e-03
6.407984418485822634e-03
5.337733236214304948e-03
5.035189665273804606e-03
5.339763741301545297e-03
6.407832503238163405e-03
8.404744107459187832e-03
1.085921289647462894e-02
1.363878926429590473e-02
1.769716682217418319e-02
2.217955203806912939e-02
2.830499005983294278e-02
3.998208492885356458e-02
5.552737691515644003e-02
6.927721718450698118e-02
7.505729060424252974e-02
6.928593764514179298e-02
5.552419250131768874e-02
3.997903235842250463e-02
2.830718926206981720e-02
2.217265785487037427e-02
2.979618513144081590e-02
2.457697622321640407e-02
1.957935974276470148e-02
1.477948041247990549e-02
1.040704789506843864e-02
7.288111626858858987e-03
5.339763741301545297e-03
4.509143286267281760e-03
4.351434541322714462e-03
4.722501154861594511e-03
5.996307049981874741e-03
7.769575201219278138e-03
1.073919342775529230e-02
1.535628752489243132e-02
2.186268297440965153e-02
3.291062660338374413e-02
4.804046022332747468e-02
6.210116701186688820e-02
6.928593764514177911e-02
6.611062276527138182e-02
5.623878362588515673e-02
4.542641071691021909e-02
3.718952122116186282e-02
3.325344614322223169e-02
5.552079543590644067e-02
4.804497223898414326e-02
3.665464862539656588e-02
2.497515748519549966e-02
1.619179996125931845e-02
1.041055613528951707e-02
6.407832503238157333e-03
4.351434541322717064e-03
3.307072247481399399e-03
2.809339158780020489e-03
3.305528587521101933e-03
4.352909053219813397e-03
6.409486507609491596e-03
1.040673811364194006e-02
1.619482386185986528e-02
2.497381650895770522e-02
3.665410729791789002e-02
4.804765969478289045e-02
5.552419250131766792e-02
5.623878362588510121e-02
5.293016291365638254e-02
5.125153829540126521e-02
5.292895386106124395e-02
5.624485552513258657e-02
9.552948126617924474e-02
8.751158147113971553e-02
6.816229028276901691e-02
4.303724906154180602e-02
2.497634349937536205e-02
1.477575201192181213e-02
8.404744107459173955e-03
4.722501154861600582e-03
2.809339158780027428e-03
2.160672931385687959e-03
2.406241870387649043e-03
2.886576212523573031e-03
4.223343452719358591e-03
7.187281047776566782e-03
1.143839245130060141e-02
1.739561590830419890e-02
2.497634349937535511e-02
3.291120818606276671e-02
3.997903235842247688e-02
4.542641071691019133e-02
5.125153829540123052e-02
6.296809452280352493e-02
8.083076127607366490e-02
9.415361604851017752e-02
9.419658194641225557e-02
1.023873270375917494e-01
1.005157744424259175e-01
6.816397557683907815e-02
3.665410729791789002e-02
1.958057704880454553e-02
1.085921289647461332e-02
5.996307049981865200e-03
3.305528587521117546e-03
2.406241870387649043e-03
2.284194866887663891e-03
2.224367107145012144e-03
2.828404885558282594e-03
4.583834082322642799e-03
7.466016876634105383e-03
1.143037600168238417e-02
1.619179996125930804e-02
2.186665406058582728e-02
2.830718926206980332e-02
3.718952122116183506e-02
5.292895386106124395e-02
8.083076127607366490e-02
1.078689054596528446e-01
1.058985280752739039e-01
2.411794872917479710e-02
5.483879345173271053e-02
1.023869884696762961e-01
8.750977429350963177e-02
4.804046022332745386e-02
2.457403104828599985e-02
1.363878926429588911e-02
7.769575201219278138e-03
4.352909053219816866e-03
2.886576212523590378e-03
2.224367107145016915e-03
1.988178129086511613e-03
2.285762168348694136e-03
2.949197842768954640e-03
4.587692454036720532e-03
7.190144160950524485e-03
1.040704789506843864e-02
1.535886284618134291e-02
2.217265785487038121e-02
3.325344614322221087e-02
5.624485552513255188e-02
9.415361604851014976e-02
1.058985280752739316e-01
5.599345124637329640e-02
1.068019051779942008e-12
2.412075862703787557e-02
9.419926643746391604e-02
9.552620769578192006e-02
5.552737691515640533e-02
2.979793943636169229e-02
1.769716682217417278e-02
1.073919342775528536e-02
6.409486507609507208e-03
4.223343452719369867e-03
2.828404885558297773e-03
2.285762168348698473e-03
2.366191653042627480e-03
2.283239454056924713e-03
2.828877459436388280e-03
4.219668951550469699e-03
6.407984418485826970e-03
1.073695164093226538e-02
1.769864822644601210e-02
2.979618513144079509e-02
5.552079543590635741e-02
9.552948126617924474e-02
9.419658194641231108e-02
2.411794872917482832e-02
2.412075862703785128e-02
5.598718470925743290e-02
1.058950375180535697e-01
9.415131881349599052e-02
5.624023360121725018e-02
3.325797498528996338e-02
2.217955203806913980e-02
1.535628752489243479e-02
1.040673811364195220e-02
7.187281047776573721e-03
4.583834082322650605e-03
2.949197842768966783e-03
2.283239454056919943e-03
1.987321253009630400e-03
2.224641797755595382e-03
2.885873055833141233e-03
4.354607515731182509e-03
7.772060250373074609e-03
1.363934657753969153e-02
2.457697622321637285e-02
4.804497223898414326e-02
8.751158147113963226e-02
1.023873270375918187e-01
5.483879345173272440e-02
9.419926643746388828e-02
1.058950375180535003e-01
1.078605963006635526e-01
8.083546496571560047e-02
5.293210467655656837e-02
3.719366879569552253e-02
2.830499005983296359e-02
2.186268297440966193e-02
1.619482386185987222e-02
1.143839245130060488e-02
7.466016876634115791e-03
4.587692454036712726e-03
2.828877459436386112e-03
2.224641797755591045e-03
2.288953711133931944e-03
2.407576648926106674e-03
3.306523996010545322e-03
5.994045886504415811e-03
1.085580294818501261e-02
1.957935974276470148e-02
3.665464862539656588e-02
6.816229028276903079e-02
1.005157744424259175e-01
1.023869884696762683e-01
9.552620769578197557e-02
9.415131881349603216e-02
8.083546496571560047e-02
6.296346361957190496e-02
5.125347106337566766e-02
4.543140315268735102e-02
3.998208492885359927e-02
3.291062660338375800e-02
2.497381650895768440e-02
1.739561590830421972e-02
1.143037600168237723e-02
7.190144160950521016e-03
4.219668951550459290e-03
2.885873055833128656e-03
2.407576648926097566e-03
2.156737870710770996e-03
2.809024442876879510e-03
4.725909091797887360e-03
8.403254826663153487e-03
1.477948041247989334e-02
2.497515748519548925e-02
4.303724906154182683e-02
6.816397557683910591e-02
8.750977429350965953e-02
5.552737691515645391e-02
5.624023360121730569e-02
5.293210467655658225e-02
5.125347106337570235e-02
5.293210467655658225e-02
5.624023360121728488e-02
5.552737691515644003e-02
4.804046022332746774e-02
3.665410729791789002e-02
2.497634349937536205e-02
1.619179996125931845e-02
1.040704789506842649e-02
6.407984418485820031e-03
4.354607515731177304e-03
3.306523996010550526e-03
2.809024442876884714e-03
3.306523996010542286e-03
4.354607515731182509e-03
6.407984418485822634e-03
1.040704789506843517e-02
1.619179996125932539e-02
2.497634349937537246e-02
3.665410729791789696e-02
4.804046022332745386e-02
2.979793943636172351e-02
3.325797498528996338e-02
3.719366879569552253e-02
4.543140315268735102e-02
5.624023360121728488e-02
6.610879458234716899e-02
6.927721718450695343e-02
6.210116701186688820e-02
4.804765969478289045e-02
3.291120818606277365e-02
2.186665406058582034e-02
1.535886284618133424e-02
1.073695164093225497e-02
7.772060250373088487e-03
5.994045886504422750e-03
4.725909091797884758e-03
4.354607515731185978e-03
4.515755804595263448e-03
5.337733236214298876e-03
7.288111626858858987e-03
1.041055613528951707e-02
1.477575201192181213e-02
1.958057704880455940e-02
2.457403104828602067e-02
1.769716682217418319e-02
2.217955203806912939e-02
2.830499005983294278e-02
3.998208492885356458e-02
5.552737691515644003e-02
6.927721718450698118e-02
7.505729060424252974e-02
6.928593764514179298e-02
5.552419250131768874e-02
3.997903235842250463e-02
2.830718926206981720e-02
2.217265785487037427e-02
1.769864822644601904e-02
1.363934657753971581e-02
1.085580294818502649e-02
8.403254826663184712e-03
6.407984418485822634e-03
5.337733236214304948e-03
5.035189665273804606e-03
5.339763741301545297e-03
6.407832503238163405e-03
8.404744107459187832e-03
1.085921289647462894e-02
1.363878926429590473e-02
1.073919342775529230e-02
1.535628752489243132e-02
2.186268297440965153e-02
3.291062660338374413e-02
4.804046022332747468e-02
6.210116701186688820e-02
6.928593764514177911e-02
6.611062276527138182e-02
5.623878362588515673e-02
4.542641071691021909e-02
3.718952122116186282e-02
3.325344614322223169e-02
2.979618513144081590e-02
2.457697622321640407e-02
1.957935974276470148e-02
1.477948041247990549e-02
1.040704789506843864e-02
7.288111626858858987e-03
5.339763741301545297e-03
4.509143286267281760e-03
4.351434541322714462e-03
4.722501154861594511e-03
5.996307049981874741e-03
7.769575201219278138e-03
6.409486507609491596e-03
1.040673811364194006e-02
1.619482386185986528e-02
2.497381650895770522e-02
3.665410729791789002e-02
4.804765969478289045e-02
5.552419250131766792e-02
5.623878362588510121e-02
5.293016291365638254e-02
5.125153829540126521e-02
5.292895386106124395e-02
5.624485552513258657e-02
5.552079543590644067e-02
4.804497223898414326e-02
3.665464862539656588e-02
2.497515748519549966e-02
1.619179996125931845e-02
1.041055613528951707e-02
6.407832503238157333e-03
4.351434541322717064e-03
3.307072247481399399e-03
2.809339158780020489e-03
3.305528587521101933e-03
4.352909053219813397e-03
4.223343452719358591e-03
7.187281047776566782e-03
1.143839245130060141e-02
1.739561590830419890e-02
2.497634349937535511e-02
3.291120818606276671e-02
3.997903235842247688e-02
4.542641071691019133e-02
5.125153829540123052e-02
6.296809452280352493e-02
8.083076127607366490e-02
9.415361604851017752e-02
9.552948126617924474e-02
8.751158147113971553e-02
6.816229028276901691e-02
4.303724906154180602e-02
2.497634349937536205e-02
1.477575201192181213e-02
8.404744107459173955e-03
4.722501154861600582e-03
2.809339158780027428e-03
2.160672931385687959e-03
2.406241870387649043e-03
2.886576212523573031e-03
2.828404885558282594e-03
4.583834082322642799e-03
7.466016876634105383e-03
1.143037600168238417e-02
1.619179996125930804e-02
2.186665406058582728e-02
2.830718926206980332e-02
3.718952122116183506e-02
5.292895386106124395e-02
8.083076127607366490e-02
1.078689054596528446e-01
1.058985280752739039e-01
9.419658194641225557e-02
1.023873270375917494e-01
1.005157744424259175e-01
6.816397557683907815e-02
3.665410729791789002e-02
1.958057704880454553e-02
1.085921289647461332e-02
5.996307049981865200e-03
3.305528587521117546e-03
2.406241870387649043e-03
2.284194866887663891e-03
2.224367107145012144e-03
2.285762168348694136e-03
2.949197842768954640e-03
4.587692454036720532e-03
7.190144160950524485e-03
1.040704789506843864e-02
1.535886284618134291e-02
2.217265785487038121e-02
3.325344614322221087e-02
5.624485552513255188e-02
9.415361604851014976e-02
1.058985280752739316e-01
5.599345124637329640e-02
2.411794872917479710e-02
5.483879345173271053e-02
1.023869884696762961e-01
8.750977429350963177e-02
4.804046022332745386e-02
2.457403104828599985e-02
1.363878926429588911e-02
7.769575201219278138e-03
4.352909053219816866e-03
2.886576212523590378e-03
2.224367107145016915e-03
1.988178129086511613e-03
3.349851965331619805e-03
3.390330344061364461e-03
4.219668951550464495e-03
6.107389208533668158e-03
8.403254826663170834e-03
1.184810584767186266e-02
1.746976789360087448e-02
2.555681842592663969e-02
3.998417214661056235e-02
6.644434040439588240e-02
9.553395537794731607e-02
1.051823038988478204e-01
1.027852424373283113e-01
1.051812804022307368e-01
9.552620769578192006e-02
6.644038981113607745e-02
3.998208492885355764e-02
2.556111089140022594e-02
1.747224923070109237e-02
1.184612405775719961e-02
8.401688199042847346e-03
6.108460878038593674e-03
4.221761539516934690e-03
3.388299312082170868e-03
3.390330344061369666e-03
2.835310421727654275e-03
2.885873055833130824e-03
3.423195331842975378e-03
4.725909091797876084e-03
7.292665287914838930e-03
1.184810584767185919e-02
1.946779443817797314e-02
3.290872136886151267e-02
5.740715044797564670e-02
8.750921719501773832e-02
1.030518981539652879e-01
1.051812804022307368e-01
1.058975444616545164e-01
9.415131881349599052e-02
6.807956593299770154e-02
4.543140315268734408e-02
3.299642225188559319e-02
2.556111089140023288e-02
1.947282301768861121e-02
1.477664020831227776e-02
1.090767179305690733e-02
7.187854371123148303e-03
4.664488047068172764e-03
4.219668951550464495e-03
2.885873055833130824e-03
2.407576648926101903e-03
2.156737870710767092e-03
2.809024442876879510e-03
4.725909091797882156e-03
8.403254826663160426e-03
1.477948041247990549e-02
2.497515748519549966e-02
4.303724906154182683e-02
6.816397557683910591e-02
8.750977429350965953e-02
9.552620769578192006e-02
9.415131881349599052e-02
8.083546496571562823e-02
6.296346361957193272e-02
5.125347106337566766e-02
4.543140315268735102e-02
3.998208492885356458e-02
3.291062660338373025e-02
2.497381650895767399e-02
1.739561590830421972e-02
1.143037600168238764e-02
7.190144160950521016e-03
6.107389208533651678e-03
3.423195331842967138e-03
2.156737870710767092e-03
1.653196172906710440e-03
2.156737870710770996e-03
3.423195331842970174e-03
6.107389208533655148e-03
1.090685021129269953e-02
1.740005791324364046e-02
2.780167980388054474e-02
4.303996822595666100e-02
5.741136574560220390e-02
6.644038981113610520e-02
6.807956593299765991e-02
6.296346361957193272e-02
5.938063638121522658e-02
6.296346361957191884e-02
6.807956593299763215e-02
6.644038981113610520e-02
5.741136574560221778e-02
4.303996822595664712e-02
2.780167980388053434e-02
1.740005791324364046e-02
1.090685021129269953e-02
8.403254826663156957e-03
4.725909091797882156e-03
2.809024442876879510e-03
2.156737870710767092e-03
2.407576648926101903e-03
2.885873055833136028e-03
4.219668951550469699e-03
7.190144160950521016e-03
1.143037600168239284e-02
1.739561590830421972e-02
2.497381650895768440e-02
3.291062660338374413e-02
3.998208492885356458e-02
4.543140315268735102e-02
5.125347106337566766e-02
6.296346361957193272e-02
8.083546496571562823e-02
9.415131881349599052e-02
9.552620769578189230e-02
8.750977429350963177e-02
6.816397557683911979e-02
4.303724906154181989e-02
2.497515748519549966e-02
1.477948041247990549e-02
1.184810584767186266e-02
7.292665287914842399e-03
4.725909091797878686e-03
3.423195331842975378e-03
2.885873055833130824e-03
2.835310421727656877e-03
3.390330344061369666e-03
4.664488047068180571e-03
7.187854371123151773e-03
1.090767179305691080e-02
1.477664020831227776e-02
1.947282301768861121e-02
2.556111089140023288e-02
3.299642225188559319e-02
4.543140315268734408e-02
6.807956593299770154e-02
9.415131881349599052e-02
1.058975444616545164e-01
1.051812804022307368e-01
1.030518981539652879e-01
8.750921719501771057e-02
5.740715044797564670e-02
3.290872136886149879e-02
1.946779443817797314e-02
1.746976789360088142e-02
1.184810584767186266e-02
8.403254826663174304e-03
6.107389208533668158e-03
4.219668951550469699e-03
3.390330344061364461e-03
3.349851965331619805e-03
3.388299312082176072e-03
4.221761539516938160e-03
6.108460878038598010e-03
8.401688199042850816e-03
1.184612405775719614e-02
1.747224923070109237e-02
2.556111089140021553e-02
3.998208492885353682e-02
6.644038981113606357e-02
9.552620769578192006e-02
1.051812804022307368e-01
1.027852424373283113e-01
1.051823038988477926e-01
9.553395537794731607e-02
6.644434040439588240e-02
3.998417214661056235e-02
2.555681842592663275e-02
2.555681842592666397e-02
1.946779443817798355e-02
1.477948041247989334e-02
1.090685021129269607e-02
7.190144160950510607e-03
4.664488047068172764e-03
3.388299312082165664e-03
2.837177612779368668e-03
2.887650297731962201e-03
3.425268797018572210e-03
4.725220121248215922e-03
7.295677169046018914e-03
1.184612405775719267e-02
1.947282301768859386e-02
3.291062660338374413e-02
5.741136574560221778e-02
8.750977429350963177e-02
1.030518981539652879e-01
1.051823038988478204e-01
1.058979681945204226e-01
9.415125560371694069e-02
6.808501745024089780e-02
4.542210622620501681e-02
3.299804002414861298e-02
3.998417214661056929e-02
3.290872136886151961e-02
2.497515748519547885e-02
1.740005791324364046e-02
1.143037600168238764e-02
7.187854371123143966e-03
4.221761539516932088e-03
2.887650297731964803e-03
2.409955128367378008e-03
2.157872287092158121e-03
2.810097849996158210e-03
4.725220121248215922e-03
8.401688199042833469e-03
1.477664020831226908e-02
2.497381650895769134e-02
4.303996822595666100e-02
6.816397557683909203e-02
8.750921719501773832e-02
9.553395537794728831e-02
9.415125560371698232e-02
8.083238453061923623e-02
6.296680800732805394e-02
5.125425951674141695e-02
4.542210622620500987e-02
6.644434040439589628e-02
5.740715044797564670e-02
4.303724906154181989e-02
2.780167980388054474e-02
1.739561590830420931e-02
1.090767179305690386e-02
6.108460878038571122e-03
3.425268797018567006e-03
2.157872287092153785e-03
1.649356298218633424e-03
2.157872287092158121e-03
3.425268797018572210e-03
6.108460878038571122e-03
1.090767179305690386e-02
1.739561590830419890e-02
2.780167980388053434e-02
4.303724906154180602e-02
5.740715044797563282e-02
6.644434040439589628e-02
6.808501745024088392e-02
6.296680800732805394e-02
5.936801632736174450e-02
6.296680800732804006e-02
6.808501745024089780e-02
9.553395537794731607e-02
8.750921719501773832e-02
6.816397557683911979e-02
4.303996822595668181e-02
2.497381650895769134e-02
1.477664020831227776e-02
8.401688199042833469e-03
4.725220121248215922e-03
2.810097849996153006e-03
2.157872287092153785e-03
2.409955128367378008e-03
2.887650297731967405e-03
4.221761539516926884e-03
7.187854371123141364e-03
1.143037600168238417e-02
1.740005791324363352e-02
2.497515748519547885e-02
3.290872136886151961e-02
3.998417214661056235e-02
4.542210622620500987e-02
5.125425951674141695e-02
6.296680800732805394e-02
8.083238453061923623e-02
9.415125560371694069e-02
1.051823038988477926e-01
1.030518981539652879e-01
8.750977429350960402e-02
5.741136574560222472e-02
3.291062660338374413e-02
1.947282301768859386e-02
1.184612405775719267e-02
7.295677169046015445e-03
4.725220121248218524e-03
3.425268797018567006e-03
2.887650297731957430e-03
2.837177612779368668e-03
3.388299312082170868e-03
4.664488047068168428e-03
7.190144160950508005e-03
1.090685021129269260e-02
1.477948041247988814e-02
1.946779443817797314e-02
2.555681842592666397e-02
3.299804002414860604e-02
4.542210622620501681e-02
6.808501745024089780e-02
9.415125560371698232e-02
1.058979681945204504e-01
1.027852424373283113e-01
1.051812804022307368e-01
9.552620769578192006e-02
6.644038981113607745e-02
3.998208492885355764e-02
2.556111089140022594e-02
1.747224923070109237e-02
1.184612405775719961e-02
8.401688199042847346e-03
6.108460878038593674e-03
4.221761539516934690e-03
3.388299312082170868e-03
3.349851965331619805e-03
3.390330344061364461e-03
4.219668951550464495e-03
6.107389208533668158e-03
8.403254826663170834e-03
1.184810584767186266e-02
1.746976789360087448e-02
2.555681842592663969e-02
3.998417214661056235e-02
6.644434040439588240e-02
9.553395537794731607e-02
1.051823038988478204e-01
1.051812804022307368e-01
1.058975444616545164e-01
9.415131881349599052e-02
6.807956593299770154e-02
4.543140315268734408e-02
3.299642225188559319e-02
2.556111089140023288e-02
1.947282301768861121e-02
1.477664020831227776e-02
1.090767179305690733e-02
7.187854371123148303e-03
4.664488047068172764e-03
3.390330344061369666e-03
2.835310421727654275e-03
2.885873055833130824e-03
3.423195331842975378e-03
4.725909091797876084e-03
7.292665287914838930e-03
1.184810584767185919e-02
1.946779443817797314e-02
3.290872136886151267e-02
5.740715044797564670e-02
8.750921719501773832e-02
1.030518981539652879e-01
9.552620769578192006e-02
9.415131881349599052e-02
8.083546496571562823e-02
6.296346361957193272e-02
5.125347106337566766e-02
4.543140315268735102e-02
3.998208492885356458e-02
3.291062660338373025e-02
2.497381650895767399e-02
1.739561590830421972e-02
1.143037600168238764e-02
7.190144160950521016e-03
4.219668951550464495e-03
2.885873055833130824e-03
2.407576648926101903e-03
2.156737870710767092e-03
2.809024442876879510e-03
4.725909091797882156e-03
8.403254826663160426e-03
1.477948041247990549e-02
2.497515748519549966e-02
4.303724906154182683e-02
6.816397557683910591e-02
8.750977429350965953e-02
6.644038981113610520e-02
6.807956593299765991e-02
6.296346361957193272e-02
5.938063638121522658e-02
6.296346361957191884e-02
6.807956593299763215e-02
6.644038981113610520e-02
5.741136574560221778e-02
4.303996822595664712e-02
2.780167980388053434e-02
1.740005791324364046e-02
1.090685021129269953e-02
6.107389208533651678e-03
3.423195331842967138e-03
2.156737870710767092e-03
1.653196172906710440e-03
2.156737870710770996e-03
3.423195331842970174e-03
6.107389208533655148e-03
1.090685021129269953e-02
1.740005791324364046e-02
2.780167980388054474e-02
4.303996822595666100e-02
5.741136574560220390e-02
3.998208492885356458e-02
4.543140315268735102e-02
5.125347106337566766e-02
6.296346361957193272e-02
8.083546496571562823e-02
9.415131881349599052e-02
9.552620769578189230e-02
8.750977429350963177e-02
6.816397557683911979e-02
4.303724906154181989e-02
2.497515748519549966e-02
1.477948041247990549e-02
8.403254826663156957e-03
4.725909091797882156e-03
2.809024442876879510e-03
2.156737870710767092e-03
2.407576648926101903e-03
2.885873055833136028e-03
4.219668951550469699e-03
7.190144160950521016e-03
1.143037600168239284e-02
1.739561590830421972e-02
2.497381650895768440e-02
3.291062660338374413e-02
2.556111089140023288e-02
3.299642225188559319e-02
4.543140315268734408e-02
6.807956593299770154e-02
9.415131881349599052e-02
1.058975444616545164e-01
1.051812804022307368e-01
1.030518981539652879e-01
8.750921719501771057e-02
5.740715044797564670e-02
3.290872136886149879e-02
1.946779443817797314e-02
1.184810584767186266e-02
7.292665287914842399e-03
4.725909091797878686e-03
3.423195331842975378e-03
2.885873055833130824e-03
2.835310421727656877e-03
3.390330344061369666e-03
4.664488047068180571e-03
7.187854371123151773e-03
1.090767179305691080e-02
1.477664020831227776e-02
1.947282301768861121e-02
1.747224923070109237e-02
2.556111089140021553e-02
3.998208492885353682e-02
6.644038981113606357e-02
9.552620769578192006e-02
1.051812804022307368e-01
1.027852424373283113e-01
1.051823038988477926e-01
9.553395537794731607e-02
6.644434040439588240e-02
3.998417214661056235e-02
2.555681842592663275e-02
1.746976789360088142e-02
1.184810584767186266e-02
8.403254826663174304e-03
6.107389208533668158e-03
4.219668951550469699e-03
3.390330344061364461e-03
3.349851965331619805e-03
3.388299312082176072e-03
4.221761539516938160e-03
6.108460878038598010e-03
8.401688199042850816e-03
1.184612405775719614e-02
1.184612405775719267e-02
1.947282301768859386e-02
3.291062660338374413e-02
5.741136574560221778e-02
8.750977429350963177e-02
1.030518981539652879e-01
1.051823038988478204e-01
1.058979681945204226e-01
9.415125560371694069e-02
6.808501745024089780e-02
4.542210622620501681e-02
3.299804002414861298e-02
2.555681842592666397e-02
1.946779443817798355e-02
1.477948041247989334e-02
1.090685021129269607e-02
7.190144160950510607e-03
4.664488047068172764e-03
3.388299312082165664e-03
2.837177612779368668e-03
2.887650297731962201e-03
3.425268797018572210e-03
4.725220121248215922e-03
7.295677169046018914e-03
8.401688199042833469e-03
1.477664020831226908e-02
2.497381650895769134e-02
4.303996822595666100e-02
6.816397557683909203e-02
8.750921719501773832e-02
9.553395537794728831e-02
9.415125560371698232e-02
8.083238453061923623e-02
6.296680800732805394e-02
5.125425951674141695e-02
4.542210622620500987e-02
3.998417214661056929e-02
3.290872136886151961e-02
2.497515748519547885e-02
1.740005791324364046e-02
1.143037600168238764e-02
7.187854371123143966e-03
4.221761539516932088e-03
2.887650297731964803e-03
2.409955128367378008e-03
2.157872287092158121e-03
2.810097849996158210e-03
4.725220121248215922e-03
6.108460878038571122e-03
1.090767179305690386e-02
1.739561590830419890e-02
2.780167980388053434e-02
4.303724906154180602e-02
5.740715044797563282e-02
6.644434040439589628e-02
6.808501745024088392e-02
6.296680800732805394e-02
5.936801632736174450e-02
6.296680800732804006e-02
6.808501745024089780e-02
6.644434040439589628e-02
5.740715044797564670e-02
4.303724906154181989e-02
2.780167980388054474e-02
1.739561590830420931e-02
1.090767179305690386e-02
6.108460878038571122e-03
3.425268797018567006e-03
2.157872287092153785e-03
1.649356298218633424e-03
2.157872287092158121e-03
3.425268797018572210e-03
4.221761539516926884e-03
7.187854371123141364e-03
1.143037600168238417e-02
1.740005791324363352e-02
2.497515748519547885e-02
3.290872136886151961e-02
3.998417214661056235e-02
4.542210622620500987e-02
5.125425951674141695e-02
6.296680800732805394e-02
8.083238453061923623e-02
9.415125560371694069e-02
9.553395537794731607e-02
8.750921719501773832e-02
6.816397557683911979e-02
4.303996822595668181e-02
2.497381650895769134e-02
1.477664020831227776e-02
8.401688199042833469e-03
4.725220121248215922e-03
2.810097849996153006e-03
2.157872287092153785e-03
2.409955128367378008e-03
2.887650297731967405e-03
3.388299312082170868e-03
4.664488047068168428e-03
7.190144160950508005e-03
1.090685021129269260e-02
1.477948041247988814e-02
1.946779443817797314e-02
2.555681842592666397e-02
3.299804002414860604e-02
4.542210622620501681e-02
6.808501745024089780e-02
9.415125560371698232e-02
1.058979681945204504e-01
1.051823038988477926e-01
1.030518981539652879e-01
8.750977429350960402e-02
5.741136574560222472e-02
3.291062660338374413e-02
1.947282301768859386e-02
1.184612405775719267e-02
7.295677169046015445e-03
4.725220121248218524e-03
3.425268797018567006e-03
2.887650297731957430e-03
2.837177612779368668e-03
5.035189665273796800e-03
5.337733236214296274e-03
6.407984418485826970e-03
8.403254826663170834e-03
1.085580294818501955e-02
1.363934657753970887e-02
1.769864822644601904e-02
2.217265785487037427e-02
2.830718926206982761e-02
3.997903235842249076e-02
5.552419250131768874e-02
6.928593764514180686e-02
7.505729060424252974e-02
6.927721718450698118e-02
5.552737691515642615e-02
3.998208492885358539e-02
2.830499005983295319e-02
2.217955203806913980e-02
1.769716682217418319e-02
1.363878926429590473e-02
1.085921289647461679e-02
8.404744107459180893e-03
6.407832503238163405e-03
5.339763741301539225e-03
5.337733236214292805e-03
4.515755804595263448e-03
4.354607515731182509e-03
4.725909091797889962e-03
5.994045886504412342e-03
7.772060250373084150e-03
1.073695164093225497e-02
1.535886284618133424e-02
2.186665406058584116e-02
3.291120818606277365e-02
4.804765969478289045e-02
6.210116701186689514e-02
6.927721718450696731e-02
6.610879458234716899e-02
5.624023360121728488e-02
4.543140315268733020e-02
3.719366879569553641e-02
3.325797498528996338e-02
2.979793943636172351e-02
2.457403104828601026e-02
1.958057704880454553e-02
1.477575201192180866e-02
1.041055613528951707e-02
7.288111626858856384e-03
6.407984418485820031e-03
4.354607515731182509e-03
3.306523996010542286e-03
2.809024442876879510e-03
3.306523996010550526e-03
4.354607515731177304e-03
6.407984418485820031e-03
1.040704789506842649e-02
1.619179996125932539e-02
2.497634349937536205e-02
3.665410729791789696e-02
4.804046022332747468e-02
5.552737691515644003e-02
5.624023360121730569e-02
5.293210467655658225e-02
5.125347106337570235e-02
5.293210467655656143e-02
5.624023360121729875e-02
5.552737691515645391e-02
4.804046022332745386e-02
3.665410729791789002e-02
2.497634349937536205e-02
1.619179996125931845e-02
1.040704789506843517e-02
8.403254826663153487e-03
4.725909091797884758e-03
2.809024442876884714e-03
2.156737870710770996e-03
2.407576648926099735e-03
2.885873055833130824e-03
4.219668951550459290e-03
7.190144160950521016e-03
1.143037600168237723e-02
1.739561590830423013e-02
2.497381650895769134e-02
3.291062660338376494e-02
3.998208492885357845e-02
4.543140315268735102e-02
5.125347106337566766e-02
6.296346361957191884e-02
8.083546496571560047e-02
9.415131881349599052e-02
9.552620769578194782e-02
8.750977429350963177e-02
6.816397557683909203e-02
4.303724906154181989e-02
2.497515748519548925e-02
1.477948041247988814e-02
1.085580294818500394e-02
5.994045886504419281e-03
3.306523996010547490e-03
2.407576648926111444e-03
2.288953711133936714e-03
2.224641797755595382e-03
2.828877459436380908e-03
4.587692454036715328e-03
7.466016876634108852e-03
1.143839245130060835e-02
1.619482386185987222e-02
2.186268297440966193e-02
2.830499005983296359e-02
3.719366879569552253e-02
5.293210467655656143e-02
8.083546496571560047e-02
1.078605963006635249e-01
1.058950375180534587e-01
9.419926643746388828e-02
1.023869884696762683e-01
1.005157744424259175e-01
6.816229028276904467e-02
3.665464862539657281e-02
1.957935974276470842e-02
1.363934657753969153e-02
7.772060250373071140e-03
4.354607515731185978e-03
2.885873055833141233e-03
2.224641797755600153e-03
1.987321253009632568e-03
2.283239454056919943e-03
2.949197842768969385e-03
4.583834082322654074e-03
7.187281047776573721e-03
1.040673811364195220e-02
1.535628752489243826e-02
2.217955203806913980e-02
3.325797498528995644e-02
5.624023360121725018e-02
9.415131881349599052e-02
1.058950375180535280e-01
5.598718470925743290e-02
2.412075862703785128e-02
5.483879345173272440e-02
1.023873270375918187e-01
8.751158147113963226e-02
4.804497223898414326e-02
2.457697622321637285e-02
1.769864822644601210e-02
1.073695164093226885e-02
6.407984418485826970e-03
4.219668951550469699e-03
2.828877459436386112e-03
2.283239454056928616e-03
2.366191653042627480e-03
2.285762168348698473e-03
2.828404885558299942e-03
4.223343452719375071e-03
6.409486507609504606e-03
1.073919342775529230e-02
1.769716682217417278e-02
2.979793943636167841e-02
5.552737691515640533e-02
9.552620769578192006e-02
9.419926643746391604e-02
2.412075862703789292e-02
1.068019051779942008e-12
2.411794872917481791e-02
9.419658194641228333e-02
9.552948126617921698e-02
5.552079543590635741e-02
2.979618513144079509e-02
2.217265785487038121e-02
1.535886284618134291e-02
1.040704789506844211e-02
7.190144160950527087e-03
4.587692454036720532e-03
2.949197842768954640e-03
2.285762168348694136e-03
1.988178129086511613e-03
2.224367107145012144e-03
2.886576212523592980e-03
4.352909053219824673e-03
7.769575201219274668e-03
1.363878926429589605e-02
2.457403104828599985e-02
4.804046022332743304e-02
8.750977429350960402e-02
1.023869884696762683e-01
5.483879345173270359e-02
2.411794872917480750e-02
5.599345124637329640e-02
1.058985280752739039e-01
9.415361604851010813e-02
5.624485552513255188e-02
3.325344614322222475e-02
2.830718926206981720e-02
2.186665406058582728e-02
1.619179996125931845e-02
1.143037600168238764e-02
7.466016876634105383e-03
4.583834082322642799e-03
2.828404885558282594e-03
2.224367107145005639e-03
2.284194866887663891e-03
2.406241870387646441e-03
3.305528587521120581e-03
5.996307049981871272e-03
1.085921289647460465e-02
1.958057704880454553e-02
3.665410729791789002e-02
6.816397557683907815e-02
1.005157744424259175e-01
1.023873270375917494e-01
9.419658194641225557e-02
1.058985280752739039e-01
1.078689054596528446e-01
8.083076127607366490e-02
5.292895386106123007e-02
3.718952122116182812e-02
3.997903235842247688e-02
3.291120818606277365e-02
2.497634349937535511e-02
1.739561590830420931e-02
1.143839245130060488e-02
7.187281047776560711e-03
4.223343452719358591e-03
2.886576212523573031e-03
2.406241870387639502e-03
2.160672931385692729e-03
2.809339158780020489e-03
4.722501154861600582e-03
8.404744107459173955e-03
1.477575201192180172e-02
2.497634349937536205e-02
4.303724906154179214e-02
6.816229028276903079e-02
8.751158147113971553e-02
9.552948126617924474e-02
9.415361604851017752e-02
8.083076127607369266e-02
6.296809452280352493e-02
5.125153829540123746e-02
4.542641071691018440e-02
5.552419250131766792e-02
4.804765969478289045e-02
3.665410729791791083e-02
2.497381650895769134e-02
1.619482386185986528e-02
1.040673811364194352e-02
6.409486507609491596e-03
4.352909053219810795e-03
3.305528587521104535e-03
2.809339158780017453e-03
3.307072247481399399e-03
4.351434541322708391e-03
6.407832503238163405e-03
1.041055613528951707e-02
1.619179996125931845e-02
2.497515748519548925e-02
3.665464862539656588e-02
4.804497223898416408e-02
5.552079543590644067e-02
5.624485552513258657e-02
5.292895386106125782e-02
5.125153829540126521e-02
5.293016291365638254e-02
5.623878362588510121e-02
6.928593764514177911e-02
6.210116701186687432e-02
4.804046022332747468e-02
3.291062660338374413e-02
2.186268297440965153e-02
1.535628752489242438e-02
1.073919342775529230e-02
7.769575201219268597e-03
5.996307049981868670e-03
4.722501154861594511e-03
4.351434541322714462e-03
4.509143286267281760e-03
5.339763741301539225e-03
7.288111626858858987e-03
1.040704789506842649e-02
1.477948041247989681e-02
1.957935974276470148e-02
2.457697622321641448e-02
2.979618513144082978e-02
3.325344614322223169e-02
3.718952122116187670e-02
4.542641071691021909e-02
5.623878362588515673e-02
6.611062276527139570e-02
7.505729060424252974e-02
6.927721718450698118e-02
5.552737691515642615e-02
3.998208492885358539e-02
2.830499005983295319e-02
2.217955203806913980e-02
1.769716682217418319e-02
1.363878926429590473e-02
1.085921289647461679e-02
8.404744107459180893e-03
6.407832503238163405e-03
5.339763741301539225e-03
5.035189665273796800e-03
5.337733236214296274e-03
6.407984418485826970e-03
8.403254826663170834e-03
1.085580294818501955e-02
1.363934657753970887e-02
1.769864822644601904e-02
2.217265785487037427e-02
2.830718926206982761e-02
3.997903235842249076e-02
5.552419250131768874e-02
6.928593764514180686e-02
6.927721718450696731e-02
6.610879458234716899e-02
5.624023360121728488e-02
4.543140315268733020e-02
3.719366879569553641e-02
3.325797498528996338e-02
2.979793943636172351e-02
2.457403104828601026e-02
1.958057704880454553e-02
1.477575201192180866e-02
1.041055613528951707e-02
7.288111626858856384e-03
5.337733236214292805e-03
4.515755804595263448e-03
4.354607515731182509e-03
4.725909091797889962e-03
5.994045886504412342e-03
7.772060250373084150e-03
1.073695164093225497e-02
1.535886284618133424e-02
2.186665406058584116e-02
3.291120818606277365e-02
4.804765969478289045e-02
6.210116701186689514e-02
5.552737691515644003e-02
5.624023360121730569e-02
5.293210467655658225e-02
5.125347106337570235e-02
5.293210467655656143e-02
5.624023360121729875e-02
5.552737691515645391e-02
4.804046022332745386e-02
3.665410729791789002e-02
2.497634349937536205e-02
1.619179996125931845e-02
1.040704789506843517e-02
6.407984418485820031e-03
4.354607515731182509e-03
3.306523996010542286e-03
2.809024442876879510e-03
3.306523996010550526e-03
4.354607515731177304e-03
6.407984418485820031e-03
1.040704789506842649e-02
1.619179996125932539e-02
2.497634349937536205e-02
3.665410729791789696e-02
4.804046022332747468e-02
3.998208492885357845e-02
4.543140315268735102e-02
5.125347106337566766e-02
6.296346361957191884e-02
8.083546496571560047e-02
9.415131881349599052e-02
9.552620769578194782e-02
8.750977429350963177e-02
6.816397557683909203e-02
4.303724906154181989e-02
2.497515748519548925e-02
1.477948041247988814e-02
8.403254826663153487e-03
4.725909091797884758e-03
2.809024442876884714e-03
2.156737870710770996e-03
2.407576648926099735e-03
2.885873055833130824e-03
4.219668951550459290e-03
7.190144160950521016e-03
1.143037600168237723e-02
1.739561590830423013e-02
2.497381650895769134e-02
3.291062660338376494e-02
2.830499005983296359e-02
3.719366879569552253e-02
5.293210467655656143e-02
8.083546496571560047e-02
1.078605963006635249e-01
1.058950375180534587e-01
9.419926643746388828e-02
1.023869884696762683e-01
1.005157744424259175e-01
6.816229028276904467e-02
3.665464862539657281e-02
1.957935974276470842e-02
1.085580294818500394e-02
5.994045886504419281e-03
3.306523996010547490e-03
2.407576648926111444e-03
2.288953711133936714e-03
2.224641797755595382e-03
2.828877459436380908e-03
4.587692454036715328e-03
7.466016876634108852e-03
1.143839245130060835e-02
1.619482386185987222e-02
2.186268297440966193e-02
2.217955203806913980e-02
3.325797498528995644e-02
5.624023360121725018e-02
9.415131881349599052e-02
1.058950375180535280e-01
5.598718470925743290e-02
2.412075862703785128e-02
5.483879345173272440e-02
1.023873270375918187e-01
8.751158147113963226e-02
4.804497223898414326e-02
2.457697622321637285e-02
1.363934657753969153e-02
7.772060250373071140e-03
4.354607515731185978e-03
2.885873055833141233e-03
2.224641797755600153e-03
1.987321253009632568e-03
2.283239454056919943e-03
2.949197842768969385e-03
4.583834082322654074e-03
7.187281047776573721e-03
1.040673811364195220e-02
1.535628752489243826e-02
1.769716682217417278e-02
2.979793943636167841e-02
5.552737691515640533e-02
9.552620769578192006e-02
9.419926643746391604e-02
2.412075862703789292e-02
1.068019051779942008e-12
2.411794872917481791e-02
9.419658194641228333e-02
9.552948126617921698e-02
5.552079543590635741e-02
2.979618513144079509e-02
1.769864822644601210e-02
1.073695164093226885e-02
6.407984418485826970e-03
4.219668951550469699e-03
2.828877459436386112e-03
2.283239454056928616e-03
2.366191653042627480e-03
2.285762168348698473e-03
2.828404885558299942e-03
4.223343452719375071e-03
6.409486507609504606e-03
1.073919342775529230e-02
1.363878926429589605e-02
2.457403104828599985e-02
4.804046022332743304e-02
8.750977429350960402e-02
1.023869884696762683e-01
5.483879345173270359e-02
2.411794872917480750e-02
5.599345124637329640e-02
1.058985280752739039e-01
9.415361604851010813e-02
5.624485552513255188e-02
3.325344614322222475e-02
2.217265785487038121e-02
1.535886284618134291e-02
1.040704789506844211e-02
7.190144160950527087e-03
4.587692454036720532e-03
2.949197842768954640e-03
2.285762168348694136e-03
1.988178129086511613e-03
2.224367107145012144e-03
2.886576212523592980e-03
4.352909053219824673e-03
7.769575201219274668e-03
1.085921289647460465e-02
1.958057704880454553e-02
3.665410729791789002e-02
6.816397557683907815e-02
1.005157744424259175e-01
1.023873270375917494e-01
9.419658194641225557e-02
1.058985280752739039e-01
1.078689054596528446e-01
8.083076127607366490e-02
5.292895386106123007e-02
3.718952122116182812e-02
2.830718926206981720e-02
2.186665406058582728e-02
1.619179996125931845e-02
1.143037600168238764e-02
7.466016876634105383e-03
4.583834082322642799e-03
2.828404885558282594e-03
2.224367107145005639e-03
2.284194866887663891e-03
2.406241870387646441e-03
3.305528587521120581e-03
5.996307049981871272e-03
8.404744107459173955e-03
1.477575201192180172e-02
2.497634349937536205e-02
4.303724906154179214e-02
6.816229028276903079e-02
8.751158147113971553e-02
9.552948126617924474e-02
9.415361604851017752e-02
8.083076127607369266e-02
6.296809452280352493e-02
5.125153829540123746e-02
4.542641071691018440e-02
3.997903235842247688e-02
3.291120818606277365e-02
2.497634349937535511e-02
1.739561590830420931e-02
1.143839245130060488e-02
7.187281047776560711e-03
4.223343452719358591e-03
2.886576212523573031e-03
2.406241870387639502e-03
2.160672931385692729e-03
2.809339158780020489e-03
4.722501154861600582e-03
6.407832503238163405e-03
1.041055613528951707e-02
1.619179996125931845e-02
2.497515748519548925e-02
3.665464862539656588e-02
4.804497223898416408e-02
5.552079543590644067e-02
5.624485552513258657e-02
5.292895386106125782e-02
5.125153829540126521e-02
5.293016291365638254e-02
5.623878362588510121e-02
5.552419250131766792e-02
4.804765969478289045e-02
3.665410729791791083e-02
2.497381650895769134e-02
1.619482386185986528e-02
1.040673811364194352e-02
6.409486507609491596e-03
4.352909053219810795e-03
3.305528587521104535e-03
2.809339158780017453e-03
3.307072247481399399e-03
4.351434541322708391e-03
5.339763741301539225e-03
7.288111626858858987e-03
1.040704789506842649e-02
1.477948041247989681e-02
1.957935974276470148e-02
2.457697622321641448e-02
2.979618513144082978e-02
3.325344614322223169e-02
3.718952122116187670e-02
4.542641071691021909e-02
5.623878362588515673e-02
6.611062276527139570e-02
6.928593764514177911e-02
6.210116701186687432e-02
4.804046022332747468e-02
3.291062660338374413e-02
2.186268297440965153e-02
1.535628752489242438e-02
1.073919342775529230e-02
7.769575201219268597e-03
5.996307049981868670e-03
4.722501154861594511e-03
4.351434541322714462e-03
4.509143286267281760e-03
9.281397309858916561e-03
9.859134102866443095e-03
1.073695164093227232e-02
1.184810584767188694e-02
1.363934657753971581e-02
1.537077775861814787e-02
1.766202343396967855e-02
2.013447118798813648e-02
2.217589906387344018e-02
2.555647353957294157e-02
2.979869742323279502e-02
3.334470443713846710e-02
3.485717217545999946e-02
3.333937149341197059e-02
2.979793943636175474e-02
2.556111089140025716e-02
2.217955203806915021e-02
2.013562332858893911e-02
1.766171026118554949e-02
1.537144254094412882e-02
1.363603291333402232e-02
1.184639096997145737e-02
1.073740561406095854e-02
9.855734905893642761e-03
9.859134102866439625e-03
8.472050804700094820e-03
7.772060250373102365e-03
7.292665287914855410e-03
7.772060250373094559e-03
8.472050804700094820e-03
9.859134102866439625e-03
1.242208883139052887e-02
1.535595000988824316e-02
1.947324106217368164e-02
2.457777368001994034e-02
2.945881074519431791e-02
3.333937149341193590e-02
3.419440006980616759e-02
3.325797498528999113e-02
3.299642225188562095e-02
3.325797498528995644e-02
3.419440006980613983e-02
3.333937149341192896e-02
2.945881074519431791e-02
2.457777368001992993e-02
1.947324106217368164e-02
1.535595000988821714e-02
1.242208883139051673e-02
1.073695164093225497e-02
7.772060250373091957e-03
5.994045886504425352e-03
4.725909091797889962e-03
4.354607515731182509e-03
4.515755804595268652e-03
5.337733236214286733e-03
7.288111626858852048e-03
1.041055613528951707e-02
1.477575201192181213e-02
1.958057704880454553e-02
2.457403104828604148e-02
2.979793943636172351e-02
3.325797498528997725e-02
3.719366879569551559e-02
4.543140315268734408e-02
5.624023360121725018e-02
6.610879458234712736e-02
6.927721718450698118e-02
6.210116701186690902e-02
4.804765969478291127e-02
3.291120818606277365e-02
2.186665406058582034e-02
1.535886284618132556e-02
1.184810584767185572e-02
7.292665287914852808e-03
4.725909091797889962e-03
3.423195331842975378e-03
2.885873055833141233e-03
2.835310421727649504e-03
3.390330344061356221e-03
4.664488047068154550e-03
7.187854371123143966e-03
1.090767179305689519e-02
1.477664020831228817e-02
1.947282301768861121e-02
2.556111089140025716e-02
3.299642225188560707e-02
4.543140315268733020e-02
6.807956593299760439e-02
9.415131881349596277e-02
1.058975444616545164e-01
1.051812804022307646e-01
1.030518981539653434e-01
8.750921719501773832e-02
5.740715044797566058e-02
3.290872136886149879e-02
1.946779443817796620e-02
1.363934657753968285e-02
7.772060250373074609e-03
4.354607515731193784e-03
2.885873055833143401e-03
2.224641797755604489e-03
1.987321253009636905e-03
2.283239454056922111e-03
2.949197842768959410e-03
4.583834082322645401e-03
7.187281047776560711e-03
1.040673811364195220e-02
1.535628752489244693e-02
2.217955203806915021e-02
3.325797498528996338e-02
5.624023360121722936e-02
9.415131881349593501e-02
1.058950375180535003e-01
5.598718470925743290e-02
2.412075862703786169e-02
5.483879345173275216e-02
1.023873270375918187e-01
8.751158147113967389e-02
4.804497223898414326e-02
2.457697622321638325e-02
1.537077775861811837e-02
8.472050804700094820e-03
4.515755804595285999e-03
2.835310421727664249e-03
1.987321253009639074e-03
1.532334662368522006e-03
1.588039922623833960e-03
1.881497004241774454e-03
2.953354717288657772e-03
4.668212252552142102e-03
7.287386651994745383e-03
1.242023771589324116e-02
2.013562332858893911e-02
3.419440006980611901e-02
6.610879458234712736e-02
1.058975444616545164e-01
5.598718470925748841e-02
1.068019051779942008e-12
1.068019051779942008e-12
1.068019051779942008e-12
5.483899759627438447e-02
1.030574221532670892e-01
6.209726221899265763e-02
2.945629664431785935e-02
1.766202343396967855e-02
9.859134102866439625e-03
5.337733236214314489e-03
3.390330344061374436e-03
2.283239454056933387e-03
1.588039922623833960e-03
1.476278186022687844e-03
1.587282445134837600e-03
2.284388983373020210e-03
3.389075942049591620e-03
5.337957135511157795e-03
9.857421113161771511e-03
1.766171026118553908e-02
3.333937149341188039e-02
6.927721718450692567e-02
1.051812804022307368e-01
2.412075862703792414e-02
1.068019051779942008e-12
1.068019051779942008e-12
1.068019051779942008e-12
2.412096093528747626e-02
1.051798631888544722e-01
6.929018318912136265e-02
3.334217316387515229e-02
2.013447118798813648e-02
1.242208883139053234e-02
7.288111626858865925e-03
4.664488047068177969e-03
2.949197842768964180e-03
1.881497004241782910e-03
1.587282445134834347e-03
1.530572429269760372e-03
1.985660777823095198e-03
2.834547456861043983e-03
4.513274677541862304e-03
8.476090856294291043e-03
1.537144254094410280e-02
2.945881074519428669e-02
6.210116701186687432e-02
1.030518981539653156e-01
5.483879345173275216e-02
1.068019051779942008e-12
1.068019051779942008e-12
1.068019051779942008e-12
5.598981943801443345e-02
1.058906411938905223e-01
6.610601182514926066e-02
3.419246979785758173e-02
2.217589906387342630e-02
1.535595000988822581e-02
1.041055613528952400e-02
7.187854371123158712e-03
4.583834082322656676e-03
2.953354717288647797e-03
2.284388983373015439e-03
1.985660777823086524e-03
2.227729732887829758e-03
2.888477719109487640e-03
4.348779665585259316e-03
7.768093252978561063e-03
1.363603291333399803e-02
2.457777368001989871e-02
4.804765969478289045e-02
8.750921719501771057e-02
1.023873270375917771e-01
5.483899759627430121e-02
2.412096093528741728e-02
5.598981943801436406e-02
1.058969889329621633e-01
9.415350947068229504e-02
5.624080298301320502e-02
3.325548117725291020e-02
2.555647353957292076e-02
1.947324106217367123e-02
1.477575201192181213e-02
1.090767179305688998e-02
7.187281047776566782e-03
4.668212252552142102e-03
3.389075942049576441e-03
2.834547456861043983e-03
2.888477719109480268e-03
3.427680298060233402e-03
4.725475372661861254e-03
7.293732573064305030e-03
1.184639096997146430e-02
1.947324106217367123e-02
3.291120818606274590e-02
5.740715044797561895e-02
8.751158147113967389e-02
1.030574221532670892e-01
1.051798631888544444e-01
1.058906411938905223e-01
9.415350947068229504e-02
6.808143499095266338e-02
4.542633701466834012e-02
3.299426397067142802e-02
2.979869742323275686e-02
2.457777368001992993e-02
1.958057704880453859e-02
1.477664020831229510e-02
1.040673811364194352e-02
7.287386651994745383e-03
5.337957135511148254e-03
4.513274677541848426e-03
4.348779665585265387e-03
4.725475372661861254e-03
5.991966612612188887e-03
7.770976603727212939e-03
1.073740561406095854e-02
1.535595000988821714e-02
2.186665406058582034e-02
3.290872136886151267e-02
4.804497223898416408e-02
6.209726221899269927e-02
6.929018318912143204e-02
6.610601182514931617e-02
5.624080298301323277e-02
4.542633701466838869e-02
3.719124906260149604e-02
3.325072557762705217e-02
3.334470443713846710e-02
2.945881074519432832e-02
2.457403104828604148e-02
1.947282301768861121e-02
1.535628752489244693e-02
1.242023771589323422e-02
9.857421113161787124e-03
8.476090856294308390e-03
7.768093252978568869e-03
7.293732573064305030e-03
7.770976603727226817e-03
8.473703466425831082e-03
9.855734905893642761e-03
1.242208883139051152e-02
1.535886284618134291e-02
1.946779443817799049e-02
2.457697622321642142e-02
2.945629664431789058e-02
3.334217316387515923e-02
3.419246979785760948e-02
3.325548117725293101e-02
3.299426397067146272e-02
3.325072557762709380e-02
3.419103395037550314e-02
3.485717217545999946e-02
3.333937149341197059e-02
2.979793943636175474e-02
2.556111089140025716e-02
2.217955203806915021e-02
2.013562332858893911e-02
1.766171026118554949e-02
1.537144254094412882e-02
1.363603291333402232e-02
1.184639096997145737e-02
1.073740561406095854e-02
9.855734905893642761e-03
9.281397309858916561e-03
9.859134102866443095e-03
1.073695164093227232e-02
1.184810584767188694e-02
1.363934657753971581e-02
1.537077775861814787e-02
1.766202343396967855e-02
2.013447118798813648e-02
2.217589906387344018e-02
2.555647353957294157e-02
2.979869742323279502e-02
3.334470443713846710e-02
3.333937149341193590e-02
3.419440006980616759e-02
3.325797498528999113e-02
3.299642225188562095e-02
3.325797498528995644e-02
3.419440006980613983e-02
3.333937149341192896e-02
2.945881074519431791e-02
2.457777368001992993e-02
1.947324106217368164e-02
1.535595000988821714e-02
1.242208883139051673e-02
9.859134102866439625e-03
8.472050804700094820e-03
7.772060250373102365e-03
7.292665287914855410e-03
7.772060250373094559e-03
8.472050804700094820e-03
9.859134102866439625e-03
1.242208883139052887e-02
1.535595000988824316e-02
1.947324106217368164e-02
2.457777368001994034e-02
2.945881074519431791e-02
2.979793943636172351e-02
3.325797498528997725e-02
3.719366879569551559e-02
4.543140315268734408e-02
5.624023360121725018e-02
6.610879458234712736e-02
6.927721718450698118e-02
6.210116701186690902e-02
4.804765969478291127e-02
3.291120818606277365e-02
2.186665406058582034e-02
1.535886284618132556e-02
1.073695164093225497e-02
7.772060250373091957e-03
5.994045886504425352e-03
4.725909091797889962e-03
4.354607515731182509e-03
4.515755804595268652e-03
5.337733236214286733e-03
7.288111626858852048e-03
1.041055613528951707e-02
1.477575201192181213e-02
1.958057704880454553e-02
2.457403104828604148e-02
2.556111089140025716e-02
3.299642225188560707e-02
4.543140315268733020e-02
6.807956593299760439e-02
9.415131881349596277e-02
1.058975444616545164e-01
1.051812804022307646e-01
1.030518981539653434e-01
8.750921719501773832e-02
5.740715044797566058e-02
3.290872136886149879e-02
1.946779443817796620e-02
1.184810584767185572e-02
7.292665287914852808e-03
4.725909091797889962e-03
3.423195331842975378e-03
2.885873055833141233e-03
2.835310421727649504e-03
3.390330344061356221e-03
4.664488047068154550e-03
7.187854371123143966e-03
1.090767179305689519e-02
1.477664020831228817e-02
1.947282301768861121e-02
2.217955203806915021e-02
3.325797498528996338e-02
5.624023360121722936e-02
9.415131881349593501e-02
1.058950375180535003e-01
5.598718470925743290e-02
2.412075862703786169e-02
5.483879345173275216e-02
1.023873270375918187e-01
8.751158147113967389e-02
4.804497223898414326e-02
2.457697622321638325e-02
1.363934657753968285e-02
7.772060250373074609e-03
4.354607515731193784e-03
2.885873055833143401e-03
2.224641797755604489e-03
1.987321253009636905e-03
2.283239454056922111e-03
2.949197842768959410e-03
4.583834082322645401e-03
7.187281047776560711e-03
1.040673811364195220e-02
1.535628752489244693e-02
2.013562332858893911e-02
3.419440006980611901e-02
6.610879458234712736e-02
1.058975444616545164e-01
5.598718470925748841e-02
1.068019051779942008e-12
1.068019051779942008e-12
1.068019051779942008e-12
5.483899759627438447e-02
1.030574221532670892e-01
6.209726221899265763e-02
2.945629664431785935e-02
1.537077775861811837e-02
8.472050804700094820e-03
4.515755804595285999e-03
2.835310421727664249e-03
1.987321253009639074e-03
1.532334662368522006e-03
1.588039922623833960e-03
1.881497004241774454e-03
2.953354717288657772e-03
4.668212252552142102e-03
7.287386651994745383e-03
1.242023771589324116e-02
1.766171026118553908e-02
3.333937149341188039e-02
6.927721718450692567e-02
1.051812804022307368e-01
2.412075862703792414e-02
1.068019051779942008e-12
1.068019051779942008e-12
1.068019051779942008e-12
2.412096093528747626e-02
1.051798631888544722e-01
6.929018318912136265e-02
3.334217316387515229e-02
1.766202343396967855e-02
9.859134102866439625e-03
5.337733236214314489e-03
3.390330344061374436e-03
2.283239454056933387e-03
1.588039922623833960e-03
1.476278186022687844e-03
1.587282445134837600e-03
2.284388983373020210e-03
3.389075942049591620e-03
5.337957135511157795e-03
9.857421113161771511e-03
1.537144254094410280e-02
2.945881074519428669e-02
6.210116701186687432e-02
1.030518981539653156e-01
5.483879345173275216e-02
1.068019051779942008e-12
1.068019051779942008e-12
1.068019051779942008e-12
5.598981943801443345e-02
1.058906411938905223e-01
6.610601182514926066e-02
3.419246979785758173e-02
2.013447118798813648e-02
1.242208883139053234e-02
7.288111626858865925e-03
4.664488047068177969e-03
2.949197842768964180e-03
1.881497004241782910e-03
1.587282445134834347e-03
1.530572429269760372e-03
1.985660777823095198e-03
2.834547456861043983e-03
4.513274677541862304e-03
8.476090856294291043e-03
1.363603291333399803e-02
2.457777368001989871e-02
4.804765969478289045e-02
8.750921719501771057e-02
1.023873270375917771e-01
5.483899759627430121e-02
2.412096093528741728e-02
5.598981943801436406e-02
1.058969889329621633e-01
9.415350947068229504e-02
5.624080298301320502e-02
3.325548117725291020e-02
2.217589906387342630e-02
1.535595000988822581e-02
1.041055613528952400e-02
7.187854371123158712e-03
4.583834082322656676e-03
2.953354717288647797e-03
2.284388983373015439e-03
1.985660777823086524e-03
2.227729732887829758e-03
2.888477719109487640e-03
4.348779665585259316e-03
7.768093252978561063e-03
1.184639096997146430e-02
1.947324106217367123e-02
3.291120818606274590e-02
5.740715044797561895e-02
8.751158147113967389e-02
1.030574221532670892e-01
1.051798631888544444e-01
1.058906411938905223e-01
9.415350947068229504e-02
6.808143499095266338e-02
4.542633701466834012e-02
3.299426397067142802e-02
2.555647353957292076e-02
1.947324106217367123e-02
1.477575201192181213e-02
1.090767179305688998e-02
7.187281047776566782e-03
4.668212252552142102e-03
3.389075942049576441e-03
2.834547456861043983e-03
2.888477719109480268e-03
3.427680298060233402e-03
4.725475372661861254e-03
7.293732573064305030e-03
1.073740561406095854e-02
1.535595000988821714e-02
2.186665406058582034e-02
3.290872136886151267e-02
4.804497223898416408e-02
6.209726221899269927e-02
6.929018318912143204e-02
6.610601182514931617e-02
5.624080298301323277e-02
4.542633701466838869e-02
3.719124906260149604e-02
3.325072557762705217e-02
2.979869742323275686e-02
2.457777368001992993e-02
1.958057704880453859e-02
1.477664020831229510e-02
1.040673811364194352e-02
7.287386651994745383e-03
5.337957135511148254e-03
4.513274677541848426e-03
4.348779665585265387e-03
4.725475372661861254e-03
5.991966612612188887e-03
7.770976603727212939e-03
9.855734905893642761e-03
1.242208883139051152e-02
1.535886284618134291e-02
1.946779443817799049e-02
2.457697622321642142e-02
2.945629664431789058e-02
3.334217316387515923e-02
3.419246979785760948e-02
3.325548117725293101e-02
3.299426397067146272e-02
3.325072557762709380e-02
3.419103395037550314e-02
3.334470443713846710e-02
2.945881074519432832e-02
2.457403104828604148e-02
1.947282301768861121e-02
1.535628752489244693e-02
1.242023771589323422e-02
9.857421113161787124e-03
8.476090856294308390e-03
7.768093252978568869e-03
7.293732573064305030e-03
7.770976603727226817e-03
8.473703466425831082e-03
1.735651324724526642e-02
1.766202343396966815e-02
1.769864822644602945e-02
1.746976789360089530e-02
1.769864822644603639e-02
1.766202343396966815e-02
1.735651324724526642e-02
1.766436149926774515e-02
1.769805893032442429e-02
1.747100854746708176e-02
1.769775610839421920e-02
1.765937231287164830e-02
1.735870336256758670e-02
1.766171026118556683e-02
1.769716682217420747e-02
1.747224923070111666e-02
1.769716682217419013e-02
1.766171026118555643e-02
1.735870336256755894e-02
1.765937231287165871e-02
1.769775610839418103e-02
1.747100854746706788e-02
1.769805893032438959e-02
1.766436149926773475e-02
1.766202343396969590e-02
1.537077775861814266e-02
1.363934657753970887e-02
1.184810584767187133e-02
1.073695164093227232e-02
9.859134102866446564e-03
9.281397309858923500e-03
9.855734905893658374e-03
1.073740561406098283e-02
1.184639096997148165e-02
1.363603291333402232e-02
1.537144254094414443e-02
1.766171026118555643e-02
2.013562332858895992e-02
2.217955203806917103e-02
2.556111089140025716e-02
2.979793943636172351e-02
3.333937149341190120e-02
3.485717217545998559e-02
3.334470443713845322e-02
2.979869742323276727e-02
2.555647353957293116e-02
2.217589906387345058e-02
2.013447118798814689e-02
1.769864822644602945e-02
1.363934657753970887e-02
1.085580294818503516e-02
8.403254826663188182e-03
6.407984418485833042e-03
5.337733236214296274e-03
5.035189665273796800e-03
5.339763741301539225e-03
6.407832503238163405e-03
8.404744107459187832e-03
1.085921289647463241e-02
1.363878926429590473e-02
1.769716682217419013e-02
2.217955203806916062e-02
2.830499005983294278e-02
3.998208492885355764e-02
5.552737691515642615e-02
6.927721718450695343e-02
7.505729060424252974e-02
6.928593764514180686e-02
5.552419250131768180e-02
3.997903235842246300e-02
2.830718926206982761e-02
2.217265785487038121e-02
1.746976789360088142e-02
1.184810584767187133e-02
8.403254826663174304e-03
6.107389208533674230e-03
4.219668951550469699e-03
3.390330344061364461e-03
3.349851965331614601e-03
3.388299312082165664e-03
4.221761539516938160e-03
6.108460878038598010e-03
8.401688199042836938e-03
1.184612405775719961e-02
1.747224923070109931e-02
2.556111089140022594e-02
3.998208492885352294e-02
6.644038981113599418e-02
9.552620769578192006e-02
1.051812804022307368e-01
1.027852424373283113e-01
1.051823038988478204e-01
9.553395537794731607e-02
6.644434040439585465e-02
3.998417214661056929e-02
2.555681842592665010e-02
1.769864822644601210e-02
1.073695164093225497e-02
6.407984418485839113e-03
4.219668951550475770e-03
2.828877459436390882e-03
2.283239454056928616e-03
2.366191653042623144e-03
2.285762168348698473e-03
2.828404885558287798e-03
4.223343452719369867e-03
6.409486507609507208e-03
1.073919342775530097e-02
1.769716682217419707e-02
2.979793943636170270e-02
5.552737691515640533e-02
9.552620769578189230e-02
9.419926643746391604e-02
2.412075862703788251e-02
1.068019051779942008e-12
2.411794872917483873e-02
9.419658194641228333e-02
9.552948126617921698e-02
5.552079543590637128e-02
2.979618513144082978e-02
1.766202343396965774e-02
9.859134102866432686e-03
5.337733236214311019e-03
3.390330344061369666e-03
2.283239454056933387e-03
1.588039922623840031e-03
1.476278186022693699e-03
1.587282445134836299e-03
2.284388983373024980e-03
3.389075942049591620e-03
5.337957135511167336e-03
9.857421113161794063e-03
1.766171026118553908e-02
3.333937149341188039e-02
6.927721718450692567e-02
1.051812804022307368e-01
2.412075862703790333e-02
1.068019051779942008e-12
1.068019051779942008e-12
1.068019051779942008e-12
2.412096093528748667e-02
1.051798631888544028e-01
6.929018318912139041e-02
3.334217316387512453e-02
1.735651324724523867e-02
9.281397309858932174e-03
5.035189665273808943e-03
3.349851965331619805e-03
2.366191653042632251e-03
1.476278186022691964e-03
1.221718139916756676e-03
1.475789803391743026e-03
2.365211216264431586e-03
3.350762438605144576e-03
5.035610671998300147e-03
9.280734891400674313e-03
1.735870336256753119e-02
3.485717217545994395e-02
7.505729060424250199e-02
1.027852424373283530e-01
1.068019051779942008e-12
1.068019051779942008e-12
1.068019051779942008e-12
1.068019051779942008e-12
1.068019051779942008e-12
1.027823922029561382e-01
7.505625448994995841e-02
3.485820184846186859e-02
1.766436149926774515e-02
9.855734905893642761e-03
5.339763741301557440e-03
3.388299312082176072e-03
2.285762168348707581e-03
1.587282445134849743e-03
1.475789803391748013e-03
1.588613988898694707e-03
2.284529905311196221e-03
3.387526947528165817e-03
5.336854193786363942e-03
9.854658124575997602e-03
1.765937231287160319e-02
3.334470443713839771e-02
6.928593764514175135e-02
1.051823038988478204e-01
2.411794872917486995e-02
1.068019051779942008e-12
1.068019051779942008e-12
1.068019051779942008e-12
2.411792741731693876e-02
1.051900905381707441e-01
6.927928304872250920e-02
3.334609055006001327e-02
1.769805893032438959e-02
1.073740561406096895e-02
6.407832503238170344e-03
4.221761539516949435e-03
2.828404885558297773e-03
2.284388983373024980e-03
2.365211216264427249e-03
2.284529905311205762e-03
2.831026957558408375e-03
4.220471708901408874e-03
6.410087530547813224e-03
1.073757094854307405e-02
1.769775610839417410e-02
2.979869742323272216e-02
5.552419250131762629e-02
9.553395537794726056e-02
9.419658194641228333e-02
2.412096093528743462e-02
1.068019051779942008e-12
2.411792741731687978e-02
9.419235203638112730e-02
9.552393687154882296e-02
5.552305746698575628e-02
2.979706913725007830e-02
1.747100854746705748e-02
1.184639096997146430e-02
8.404744107459184363e-03
6.108460878038598010e-03
4.223343452719369867e-03
3.389075942049586416e-03
3.350762438605139372e-03
3.387526947528165817e-03
4.220471708901414078e-03
6.106991966873915982e-03
8.402672136382138141e-03
1.184912141073975016e-02
1.747100854746705748e-02
2.555647353957291035e-02
3.997903235842242137e-02
6.644434040439584077e-02
9.552948126617921698e-02
1.051798631888544028e-01
1.027823922029560966e-01
1.051900905381707441e-01
9.552393687154882296e-02
6.644127002049021735e-02
3.998306498404992360e-02
2.555979866961002531e-02
1.769775610839419144e-02
1.363603291333401364e-02
1.085921289647462894e-02
8.401688199042850816e-03
6.409486507609504606e-03
5.337957135511155193e-03
5.035610671998288004e-03
5.336854193786357003e-03
6.410087530547816694e-03
8.402672136382138141e-03
1.085674286815936987e-02
1.364235876045028460e-02
1.769805893032438959e-02
2.217589906387342630e-02
2.830718926206981720e-02
3.998417214661054847e-02
5.552079543590639210e-02
6.929018318912143204e-02
7.505625448995002780e-02
6.927928304872253695e-02
5.552305746698578404e-02
3.998306498404995135e-02
2.830369641520623022e-02
2.217601010623831623e-02
1.765937231287166911e-02
1.537144254094415310e-02
1.363878926429592207e-02
1.184612405775721522e-02
1.073919342775530791e-02
9.857421113161802737e-03
9.280734891400681252e-03
9.854658124576020153e-03
1.073757094854309660e-02
1.184912141073975710e-02
1.364235876045029501e-02
1.537202669117802498e-02
1.766436149926774515e-02
2.013447118798813648e-02
2.217265785487039162e-02
2.555681842592667438e-02
2.979618513144082978e-02
3.334217316387517310e-02
3.485820184846187553e-02
3.334609055006003409e-02
2.979706913725009912e-02
2.555979866961004612e-02
2.217601010623834745e-02
2.013425680246252666e-02
1.735870336256758670e-02
1.766171026118556683e-02
1.769716682217420747e-02
1.747224923070111666e-02
1.769716682217419013e-02
1.766171026118555643e-02
1.735870336256755894e-02
1.765937231287165871e-02
1.769775610839418103e-02
1.747100854746706788e-02
1.769805893032438959e-02
1.766436149926773475e-02
1.735651324724526642e-02
1.766202343396966815e-02
1.769864822644602945e-02
1.746976789360089530e-02
1.769864822644603639e-02
1.766202343396966815e-02
1.735651324724526642e-02
1.766436149926774515e-02
1.769805893032442429e-02
1.747100854746708176e-02
1.769775610839421920e-02
1.765937231287164830e-02
1.766171026118555643e-02
2.013562332858895992e-02
2.217955203806917103e-02
2.556111089140025716e-02
2.979793943636172351e-02
3.333937149341190120e-02
3.485717217545998559e-02
3.334470443713845322e-02
2.979869742323276727e-02
2.555647353957293116e-02
2.217589906387345058e-02
2.013447118798814689e-02
1.766202343396969590e-02
1.537077775861814266e-02
1.363934657753970887e-02
1.184810584767187133e-02
1.073695164093227232e-02
9.859134102866446564e-03
9.281397309858923500e-03
9.855734905893658374e-03
1.073740561406098283e-02
1.184639096997148165e-02
1.363603291333402232e-02
1.537144254094414443e-02
1.769716682217419013e-02
2.217955203806916062e-02
2.830499005983294278e-02
3.998208492885355764e-02
5.552737691515642615e-02
6.927721718450695343e-02
7.505729060424252974e-02
6.928593764514180686e-02
5.552419250131768180e-02
3.997903235842246300e-02
2.830718926206982761e-02
2.217265785487038121e-02
1.769864822644602945e-02
1.363934657753970887e-02
1.085580294818503516e-02
8.403254826663188182e-03
6.407984418485833042e-03
5.337733236214296274e-03
5.035189665273796800e-03
5.339763741301539225e-03
6.407832503238163405e-03
8.404744107459187832e-03
1.085921289647463241e-02
1.363878926429590473e-02
1.747224923070109931e-02
2.556111089140022594e-02
3.998208492885352294e-02
6.644038981113599418e-02
9.552620769578192006e-02
1.051812804022307368e-01
1.027852424373283113e-01
1.051823038988478204e-01
9.553395537794731607e-02
6.644434040439585465e-02
3.998417214661056929e-02
2.555681842592665010e-02
1.746976789360088142e-02
1.184810584767187133e-02
8.403254826663174304e-03
6.107389208533674230e-03
4.219668951550469699e-03
3.390330344061364461e-03
3.349851965331614601e-03
3.388299312082165664e-03
4.221761539516938160e-03
6.108460878038598010e-03
8.401688199042836938e-03
1.184612405775719961e-02
1.769716682217419707e-02
2.979793943636170270e-02
5.552737691515640533e-02
9.552620769578189230e-02
9.419926643746391604e-02
2.412075862703788251e-02
1.068019051779942008e-12
2.411794872917483873e-02
9.419658194641228333e-02
9.552948126617921698e-02
5.552079543590637128e-02
2.979618513144082978e-02
1.769864822644601210e-02
1.073695164093225497e-02
6.407984418485839113e-03
4.219668951550475770e-03
2.828877459436390882e-03
2.283239454056928616e-03
2.366191653042623144e-03
2.285762168348698473e-03
2.828404885558287798e-03
4.223343452719369867e-03
6.409486507609507208e-03
1.073919342775530097e-02
1.766171026118553908e-02
3.333937149341188039e-02
6.927721718450692567e-02
1.051812804022307368e-01
2.412075862703790333e-02
1.068019051779942008e-12
1.068019051779942008e-12
1.068019051779942008e-12
2.412096093528748667e-02
1.051798631888544028e-01
6.929018318912139041e-02
3.334217316387512453e-02
1.766202343396965774e-02
9.859134102866432686e-03
5.337733236214311019e-03
3.390330344061369666e-03
2.283239454056933387e-03
1.588039922623840031e-03
1.476278186022693699e-03
1.587282445134836299e-03
2.284388983373024980e-03
3.389075942049591620e-03
5.337957135511167336e-03
9.857421113161794063e-03
1.735870336256753119e-02
3.485717217545994395e-02
7.505729060424250199e-02
1.027852424373283530e-01
1.068019051779942008e-12
1.068019051779942008e-12
1.068019051779942008e-12
1.068019051779942008e-12
1.068019051779942008e-12
1.027823922029561382e-01
7.505625448994995841e-02
3.485820184846186859e-02
1.735651324724523867e-02
9.281397309858932174e-03
5.035189665273808943e-03
3.349851965331619805e-03
2.366191653042632251e-03
1.476278186022691964e-03
1.221718139916756676e-03
1.475789803391743026e-03
2.365211216264431586e-03
3.350762438605144576e-03
5.035610671998300147e-03
9.280734891400674313e-03
1.765937231287160319e-02
3.334470443713839771e-02
6.928593764514175135e-02
1.051823038988478204e-01
2.411794872917486995e-02
1.068019051779942008e-12
1.068019051779942008e-12
1.068019051779942008e-12
2.411792741731693876e-02
1.051900905381707441e-01
6.927928304872250920e-02
3.334609055006001327e-02
1.766436149926774515e-02
9.855734905893642761e-03
5.339763741301557440e-03
3.388299312082176072e-03
2.285762168348707581e-03
1.587282445134849743e-03
1.475789803391748013e-03
1.588613988898694707e-03
2.284529905311196221e-03
3.387526947528165817e-03
5.336854193786363942e-03
9.854658124575997602e-03
1.769775610839417410e-02
2.979869742323272216e-02
5.552419250131762629e-02
9.553395537794726056e-02
9.419658194641228333e-02
2.412096093528743462e-02
1.068019051779942008e-12
2.411792741731687978e-02
9.419235203638112730e-02
9.552393687154882296e-02
5.552305746698575628e-02
2.979706913725007830e-02
1.769805893032438959e-02
1.073740561406096895e-02
6.407832503238170344e-03
4.221761539516949435e-03
2.828404885558297773e-03
2.284388983373024980e-03
2.365211216264427249e-03
2.284529905311205762e-03
2.831026957558408375e-03
4.220471708901408874e-03
6.410087530547813224e-03
1.073757094854307405e-02
1.747100854746705748e-02
2.555647353957291035e-02
3.997903235842242137e-02
6.644434040439584077e-02
9.552948126617921698e-02
1.051798631888544028e-01
1.027823922029560966e-01
1.051900905381707441e-01
9.552393687154882296e-02
6.644127002049021735e-02
3.998306498404992360e-02
2.555979866961002531e-02
1.747100854746705748e-02
1.184639096997146430e-02
8.404744107459184363e-03
6.108460878038598010e-03
4.223343452719369867e-03
3.389075942049586416e-03
3.350762438605139372e-03
3.387526947528165817e-03
4.220471708901414078e-03
6.106991966873915982e-03
8.402672136382138141e-03
1.184912141073975016e-02
1.769805893032438959e-02
2.217589906387342630e-02
2.830718926206981720e-02
3.998417214661054847e-02
5.552079543590639210e-02
6.929018318912143204e-02
7.505625448995002780e-02
6.927928304872253695e-02
5.552305746698578404e-02
3.998306498404995135e-02
2.830369641520623022e-02
2.217601010623831623e-02
1.769775610839419144e-02
1.363603291333401364e-02
1.085921289647462894e-02
8.401688199042850816e-03
6.409486507609504606e-03
5.337957135511155193e-03
5.035610671998288004e-03
5.336854193786357003e-03
6.410087530547816694e-03
8.402672136382138141e-03
1.085674286815936987e-02
1.364235876045028460e-02
1.766436149926774515e-02
2.013447118798813648e-02
2.217265785487039162e-02
2.555681842592667438e-02
2.979618513144082978e-02
3.334217316387517310e-02
3.485820184846187553e-02
3.334609055006003409e-02
2.979706913725009912e-02
2.555979866961004612e-02
2.217601010623834745e-02
2.013425680246252666e-02
1.765937231287166911e-02
1.537144254094415310e-02
1.363878926429592207e-02
1.184612405775721522e-02
1.073919342775530791e-02
9.857421113161802737e-03
9.280734891400681252e-03
9.854658124576020153e-03
1.073757094854309660e-02
1.184912141073975710e-02
1.364235876045029501e-02
1.537202669117802498e-02
3.485820184846188940e-02
3.334217316387517310e-02
2.979618513144085060e-02
2.555681842592663969e-02
2.217265785487038121e-02
2.013447118798813648e-02
1.766436149926773475e-02
1.537202669117803018e-02
1.364235876045030195e-02
1.184912141073978138e-02
1.073757094854310701e-02
9.854658124576020153e-03
9.280734891400684722e-03
9.857421113161802737e-03
1.073919342775531138e-02
1.184612405775721869e-02
1.363878926429592901e-02
1.537144254094411841e-02
1.765937231287164830e-02
2.013425680246249891e-02
2.217601010623830582e-02
2.555979866961003225e-02
2.979706913725010953e-02
3.334609055006005490e-02
3.334217316387518004e-02
2.945629664431789058e-02
2.457697622321641448e-02
1.946779443817798355e-02
1.535886284618133424e-02
1.242208883139051673e-02
9.855734905893642761e-03
8.473703466425834552e-03
7.770976603727226817e-03
7.293732573064305030e-03
7.768093252978568869e-03
8.476090856294308390e-03
9.857421113161794063e-03
1.242023771589324116e-02
1.535628752489244693e-02
1.947282301768862509e-02
2.457403104828604148e-02
2.945881074519431791e-02
3.334470443713843241e-02
3.419103395037546150e-02
3.325072557762705217e-02
3.299426397067143496e-02
3.325548117725293101e-02
3.419246979785765111e-02
2.979618513144085060e-02
2.457697622321639366e-02
1.957935974276470842e-02
1.477948041247989681e-02
1.040704789506842649e-02
7.288111626858852048e-03
5.339763741301533154e-03
4.509143286267284362e-03
4.351434541322717064e-03
4.722501154861589306e-03
5.996307049981865200e-03
7.769575201219278138e-03
1.073919342775528536e-02
1.535628752489242438e-02
2.186268297440965153e-02
3.291062660338374413e-02
4.804046022332745386e-02
6.210116701186690902e-02
6.928593764514177911e-02
6.611062276527136794e-02
5.623878362588510815e-02
4.542641071691020521e-02
3.718952122116186282e-02
3.325344614322225945e-02
2.555681842592666397e-02
1.946779443817799049e-02
1.477948041247988814e-02
1.090685021129269260e-02
7.190144160950514077e-03
4.664488047068165825e-03
3.388299312082165664e-03
2.837177612779373873e-03
2.887650297731964803e-03
3.425268797018572210e-03
4.725220121248218524e-03
7.295677169046011976e-03
1.184612405775719961e-02
1.947282301768859386e-02
3.291062660338372331e-02
5.741136574560220390e-02
8.750977429350960402e-02
1.030518981539652879e-01
1.051823038988478481e-01
1.058979681945204226e-01
9.415125560371698232e-02
6.808501745024087004e-02
4.542210622620499599e-02
3.299804002414862686e-02
2.217265785487037427e-02
1.535886284618132556e-02
1.040704789506844211e-02
7.190144160950521016e-03
4.587692454036715328e-03
2.949197842768944231e-03
2.285762168348694136e-03
1.988178129086514215e-03
2.224367107145016915e-03
2.886576212523592980e-03
4.352909053219824673e-03
7.769575201219285077e-03
1.363878926429590473e-02
2.457403104828599985e-02
4.804046022332741916e-02
8.750977429350960402e-02
1.023869884696762683e-01
5.483879345173272440e-02
2.411794872917480750e-02
5.599345124637329640e-02
1.058985280752739316e-01
9.415361604851014976e-02
5.624485552513254494e-02
3.325344614322221087e-02
2.013447118798811566e-02
1.242208883139050805e-02
7.288111626858852048e-03
4.664488047068175366e-03
2.949197842768949435e-03
1.881497004241778790e-03
1.587282445134834347e-03
1.530572429269764492e-03
1.985660777823101703e-03
2.834547456861056559e-03
4.513274677541865773e-03
8.476090856294306655e-03
1.537144254094410627e-02
2.945881074519428669e-02
6.210116701186685351e-02
1.030518981539652879e-01
5.483879345173275910e-02
1.068019051779942008e-12
1.068019051779942008e-12
1.068019051779942008e-12
5.598981943801440569e-02
1.058906411938904946e-01
6.610601182514926066e-02
3.419246979785758866e-02
1.766436149926772781e-02
9.855734905893635822e-03
5.339763741301539225e-03
3.388299312082165664e-03
2.285762168348707581e-03
1.587282445134830227e-03
1.475789803391751049e-03
1.588613988898693622e-03
2.284529905311200992e-03
3.387526947528176225e-03
5.336854193786376085e-03
9.854658124576004541e-03
1.765937231287161013e-02
3.334470443713839771e-02
6.928593764514175135e-02
1.051823038988478204e-01
2.411794872917486995e-02
1.068019051779942008e-12
1.068019051779942008e-12
1.068019051779942008e-12
2.411792741731692835e-02
1.051900905381707441e-01
6.927928304872250920e-02
3.334609055006001327e-02
1.537202669117803538e-02
8.473703466425834552e-03
4.509143286267281760e-03
2.837177612779373873e-03
1.988178129086520720e-03
1.530572429269768612e-03
1.588613988898691671e-03
1.884950411115169505e-03
2.950170004284301869e-03
4.668445065549889535e-03
7.290864631634795014e-03
1.242010905801256386e-02
2.013425680246247809e-02
3.419103395037545456e-02
6.611062276527135406e-02
1.058979681945204226e-01
5.599345124637335191e-02
1.068019051779942008e-12
1.068019051779942008e-12
1.068019051779942008e-12
5.483861990524844382e-02
1.030501647842023555e-01
6.210421466216886621e-02
2.945716752227406365e-02
1.364235876045029848e-02
7.770976603727219011e-03
4.351434541322725738e-03
2.887650297731960032e-03
2.224367107145016915e-03
1.985660777823099535e-03
2.284529905311198823e-03
2.950170004284296665e-03
4.584036489627147520e-03
7.187018360107788086e-03
1.041076520123919089e-02
1.536271528990509373e-02
2.217601010623830582e-02
3.325072557762703829e-02
5.623878362588507346e-02
9.415125560371694069e-02
1.058985280752739039e-01
5.598981943801437794e-02
2.411792741731686243e-02
5.483861990524839525e-02
1.023842898841213905e-01
8.750670598445536852e-02
4.804670750666838186e-02
2.457760303198644469e-02
1.184912141073976750e-02
7.293732573064311969e-03
4.722501154861605786e-03
3.425268797018582619e-03
2.886576212523578235e-03
2.834547456861048753e-03
3.387526947528161046e-03
4.668445065549889535e-03
7.187018360107790688e-03
1.090407839434202018e-02
1.478299534084246206e-02
1.947047352862135011e-02
2.555979866961002531e-02
3.299426397067142802e-02
4.542641071691017052e-02
6.808501745024087004e-02
9.415361604851017752e-02
1.058906411938904946e-01
1.051900905381707441e-01
1.030501647842023832e-01
8.750670598445532689e-02
5.740294434530573281e-02
3.291141509092518347e-02
1.947047352862131889e-02
1.073757094854308272e-02
7.768093252978571471e-03
5.996307049981883415e-03
4.725220121248236739e-03
4.352909053219822071e-03
4.513274677541851028e-03
5.336854193786354401e-03
7.290864631634788075e-03
1.041076520123919436e-02
1.478299534084247593e-02
1.957595724778602234e-02
2.457760303198645163e-02
2.979706913725009912e-02
3.325548117725291714e-02
3.718952122116183506e-02
4.542210622620500987e-02
5.624485552513255188e-02
6.610601182514931617e-02
6.927928304872253695e-02
6.210421466216886621e-02
4.804670750666838880e-02
3.291141509092519735e-02
2.187144141783866833e-02
1.536271528990509026e-02
9.854658124576011480e-03
8.476090856294303186e-03
7.769575201219305893e-03
7.295677169046036262e-03
7.769575201219292883e-03
8.476090856294308390e-03
9.854658124576008010e-03
1.242010905801258468e-02
1.536271528990510241e-02
1.947047352862133970e-02
2.457760303198645163e-02
2.945716752227405325e-02
3.334609055006004796e-02
3.419246979785763030e-02
3.325344614322223169e-02
3.299804002414864074e-02
3.325344614322223169e-02
3.419246979785763030e-02
3.334609055006004796e-02
2.945716752227403937e-02
2.457760303198646551e-02
1.947047352862133970e-02
1.536271528990512322e-02
1.242010905801259509e-02
9.280734891400684722e-03
9.857421113161802737e-03
1.073919342775531138e-02
1.184612405775721869e-02
1.363878926429592901e-02
1.537144254094411841e-02
1.765937231287164830e-02
2.013425680246249891e-02
2.217601010623830582e-02
2.555979866961003225e-02
2.979706913725010953e-02
3.334609055006005490e-02
3.485820184846188940e-02
3.334217316387517310e-02
2.979618513144085060e-02
2.555681842592663969e-02
2.217265785487038121e-02
2.013447118798813648e-02
1.766436149926773475e-02
1.537202669117803018e-02
1.364235876045030195e-02
1.184912141073978138e-02
1.073757094854310701e-02
9.854658124576020153e-03
9.857421113161794063e-03
1.242023771589324116e-02
1.535628752489244693e-02
1.947282301768862509e-02
2.457403104828604148e-02
2.945881074519431791e-02
3.334470443713843241e-02
3.419103395037546150e-02
3.325072557762705217e-02
3.299426397067143496e-02
3.325548117725293101e-02
3.419246979785765111e-02
3.334217316387518004e-02
2.945629664431789058e-02
2.457697622321641448e-02
1.946779443817798355e-02
1.535886284618133424e-02
1.242208883139051673e-02
9.855734905893642761e-03
8.473703466425834552e-03
7.770976603727226817e-03
7.293732573064305030e-03
7.768093252978568869e-03
8.476090856294308390e-03
1.073919342775528536e-02
1.535628752489242438e-02
2.186268297440965153e-02
3.291062660338374413e-02
4.804046022332745386e-02
6.210116701186690902e-02
6.928593764514177911e-02
6.611062276527136794e-02
5.623878362588510815e-02
4.542641071691020521e-02
3.718952122116186282e-02
3.325344614322225945e-02
2.979618513144085060e-02
2.457697622321639366e-02
1.957935974276470842e-02
1.477948041247989681e-02
1.040704789506842649e-02
7.288111626858852048e-03
5.339763741301533154e-03
4.509143286267284362e-03
4.351434541322717064e-03
4.722501154861589306e-03
5.996307049981865200e-03
7.769575201219278138e-03
1.184612405775719961e-02
1.947282301768859386e-02
3.291062660338372331e-02
5.741136574560220390e-02
8.750977429350960402e-02
1.030518981539652879e-01
1.051823038988478481e-01
1.058979681945204226e-01
9.415125560371698232e-02
6.808501745024087004e-02
4.542210622620499599e-02
3.299804002414862686e-02
2.555681842592666397e-02
1.946779443817799049e-02
1.477948041247988814e-02
1.090685021129269260e-02
7.190144160950514077e-03
4.664488047068165825e-03
3.388299312082165664e-03
2.837177612779373873e-03
2.887650297731964803e-03
3.425268797018572210e-03
4.725220121248218524e-03
7.295677169046011976e-03
1.363878926429590473e-02
2.457403104828599985e-02
4.804046022332741916e-02
8.750977429350960402e-02
1.023869884696762683e-01
5.483879345173272440e-02
2.411794872917480750e-02
5.599345124637329640e-02
1.058985280752739316e-01
9.415361604851014976e-02
5.624485552513254494e-02
3.325344614322221087e-02
2.217265785487037427e-02
1.535886284618132556e-02
1.040704789506844211e-02
7.190144160950521016e-03
4.587692454036715328e-03
2.949197842768944231e-03
2.285762168348694136e-03
1.988178129086514215e-03
2.224367107145016915e-03
2.886576212523592980e-03
4.352909053219824673e-03
7.769575201219285077e-03
1.537144254094410627e-02
2.945881074519428669e-02
6.210116701186685351e-02
1.030518981539652879e-01
5.483879345173275910e-02
1.068019051779942008e-12
1.068019051779942008e-12
1.068019051779942008e-12
5.598981943801440569e-02
1.058906411938904946e-01
6.610601182514926066e-02
3.419246979785758866e-02
2.013447118798811566e-02
1.242208883139050805e-02
7.288111626858852048e-03
4.664488047068175366e-03
2.949197842768949435e-03
1.881497004241778790e-03
1.587282445134834347e-03
1.530572429269764492e-03
1.985660777823101703e-03
2.834547456861056559e-03
4.513274677541865773e-03
8.476090856294306655e-03
1.765937231287161013e-02
3.334470443713839771e-02
6.928593764514175135e-02
1.051823038988478204e-01
2.411794872917486995e-02
1.068019051779942008e-12
1.068019051779942008e-12
1.068019051779942008e-12
2.411792741731692835e-02
1.051900905381707441e-01
6.927928304872250920e-02
3.334609055006001327e-02
1.766436149926772781e-02
9.855734905893635822e-03
5.339763741301539225e-03
3.388299312082165664e-03
2.285762168348707581e-03
1.587282445134830227e-03
1.475789803391751049e-03
1.588613988898693622e-03
2.284529905311200992e-03
3.387526947528176225e-03
5.336854193786376085e-03
9.854658124576004541e-03
2.013425680246247809e-02
3.419103395037545456e-02
6.611062276527135406e-02
1.058979681945204226e-01
5.599345124637335191e-02
1.068019051779942008e-12
1.068019051779942008e-12
1.068019051779942008e-12
5.483861990524844382e-02
1.030501647842023555e-01
6.210421466216886621e-02
2.945716752227406365e-02
1.537202669117803538e-02
8.473703466425834552e-03
4.509143286267281760e-03
2.837177612779373873e-03
1.988178129086520720e-03
1.530572429269768612e-03
1.588613988898691671e-03
1.884950411115169505e-03
2.950170004284301869e-03
4.668445065549889535e-03
7.290864631634795014e-03
1.242010905801256386e-02
2.217601010623830582e-02
3.325072557762703829e-02
5.623878362588507346e-02
9.415125560371694069e-02
1.058985280752739039e-01
5.598981943801437794e-02
2.411792741731686243e-02
5.483861990524839525e-02
1.023842898841213905e-01
8.750670598445536852e-02
4.804670750666838186e-02
2.457760303198644469e-02
1.364235876045029848e-02
7.770976603727219011e-03
4.351434541322725738e-03
2.887650297731960032e-03
2.224367107145016915e-03
1.985660777823099535e-03
2.284529905311198823e-03
2.950170004284296665e-03
4.584036489627147520e-03
7.187018360107788086e-03
1.041076520123919089e-02
1.536271528990509373e-02
2.555979866961002531e-02
3.299426397067142802e-02
4.542641071691017052e-02
6.808501745024087004e-02
9.415361604851017752e-02
1.058906411938904946e-01
1.051900905381707441e-01
1.030501647842023832e-01
8.750670598445532689e-02
5.740294434530573281e-02
3.291141509092518347e-02
1.947047352862131889e-02
1.184912141073976750e-02
7.293732573064311969e-03
4.722501154861605786e-03
3.425268797018582619e-03
2.886576212523578235e-03
2.834547456861048753e-03
3.387526947528161046e-03
4.668445065549889535e-03
7.187018360107790688e-03
1.090407839434202018e-02
1.478299534084246206e-02
1.947047352862135011e-02
2.979706913725009912e-02
3.325548117725291714e-02
3.718952122116183506e-02
4.542210622620500987e-02
5.624485552513255188e-02
6.610601182514931617e-02
6.927928304872253695e-02
6.210421466216886621e-02
4.804670750666838880e-02
3.291141509092519735e-02
2.187144141783866833e-02
1.536271528990509026e-02
1.073757094854308272e-02
7.768093252978571471e-03
5.996307049981883415e-03
4.725220121248236739e-03
4.352909053219822071e-03
4.513274677541851028e-03
5.336854193786354401e-03
7.290864631634788075e-03
1.041076520123919436e-02
1.478299534084247593e-02
1.957595724778602234e-02
2.457760303198645163e-02
3.334609055006004796e-02
3.419246979785763030e-02
3.325344614322223169e-02
3.299804002414864074e-02
3.325344614322223169e-02
3.419246979785763030e-02
3.334609055006004796e-02
2.945716752227403937e-02
2.457760303198646551e-02
1.947047352862133970e-02
1.536271528990512322e-02
1.242010905801259509e-02
9.854658124576011480e-03
8.476090856294303186e-03
7.769575201219305893e-03
7.295677169046036262e-03
7.769575201219292883e-03
8.476090856294308390e-03
9.854658124576008010e-03
1.242010905801258468e-02
1.536271528990510241e-02
1.947047352862133970e-02
2.457760303198645163e-02
2.945716752227405325e-02
7.505625448995002780e-02
6.929018318912145979e-02
5.552079543590642680e-02
3.998417214661056235e-02
2.830718926206981720e-02
2.217589906387344018e-02
1.769805893032438959e-02
1.364235876045030195e-02
1.085674286815936987e-02
8.402672136382146814e-03
6.410087530547822765e-03
5.336854193786366544e-03
5.035610671998294943e-03
5.337957135511155193e-03
6.409486507609504606e-03
8.401688199042854285e-03
1.085921289647462894e-02
1.363603291333400497e-02
1.769775610839416369e-02
2.217601010623830582e-02
2.830369641520624063e-02
3.998306498404994441e-02
5.552305746698578404e-02
6.927928304872250920e-02
6.929018318912145979e-02
6.209726221899268539e-02
4.804497223898415020e-02
3.290872136886151961e-02
2.186665406058580299e-02
1.535595000988821367e-02
1.073740561406095854e-02
7.770976603727212939e-03
5.991966612612188887e-03
4.725475372661855182e-03
4.348779665585262785e-03
4.513274677541859702e-03
5.337957135511143050e-03
7.287386651994752322e-03
1.040673811364195914e-02
1.477664020831229510e-02
1.958057704880455940e-02
2.457777368001991605e-02
2.979869742323274298e-02
3.325072557762705217e-02
3.719124906260148911e-02
4.542633701466838869e-02
5.624080298301326747e-02
6.610601182514931617e-02
5.552079543590642680e-02
4.804497223898416408e-02
3.665464862539654506e-02
2.497515748519547191e-02
1.619179996125930110e-02
1.041055613528949625e-02
6.407832503238157333e-03
4.351434541322717064e-03
3.307072247481402001e-03
2.809339158780022657e-03
3.305528587521104535e-03
4.352909053219810795e-03
6.409486507609501137e-03
1.040673811364194352e-02
1.619482386185986528e-02
2.497381650895769134e-02
3.665410729791789696e-02
4.804765969478289045e-02
5.552419250131768874e-02
5.623878362588510121e-02
5.293016291365638254e-02
5.125153829540128603e-02
5.292895386106127864e-02
5.624485552513258657e-02
3.998417214661056235e-02
3.290872136886151267e-02
2.497515748519547191e-02
1.740005791324362658e-02
1.143037600168237723e-02
7.187854371123137895e-03
4.221761539516926884e-03
2.887650297731969573e-03
2.409955128367380611e-03
2.157872287092162458e-03
2.810097849996170353e-03
4.725220121248224596e-03
8.401688199042836938e-03
1.477664020831227776e-02
2.497381650895767399e-02
4.303996822595664712e-02
6.816397557683910591e-02
8.750921719501773832e-02
9.553395537794728831e-02
9.415125560371698232e-02
8.083238453061920847e-02
6.296680800732802619e-02
5.125425951674147246e-02
4.542210622620500987e-02
2.830718926206981720e-02
2.186665406058580299e-02
1.619179996125931845e-02
1.143037600168238764e-02
7.466016876634112322e-03
4.583834082322645401e-03
2.828404885558285630e-03
2.224367107145003471e-03
2.284194866887654784e-03
2.406241870387653813e-03
3.305528587521117546e-03
5.996307049981878211e-03
1.085921289647460465e-02
1.958057704880453859e-02
3.665410729791786920e-02
6.816397557683906427e-02
1.005157744424259175e-01
1.023873270375917494e-01
9.419658194641225557e-02
1.058985280752738622e-01
1.078689054596528724e-01
8.083076127607366490e-02
5.292895386106124395e-02
3.718952122116183506e-02
2.217589906387344018e-02
1.535595000988821714e-02
1.041055613528951707e-02
7.187854371123158712e-03
4.583834082322654074e-03
2.953354717288653002e-03
2.284388983373015439e-03
1.985660777823097366e-03
2.227729732887825422e-03
2.888477719109487640e-03
4.348779665585262785e-03
7.768093252978558461e-03
1.363603291333399803e-02
2.457777368001987442e-02
4.804765969478285575e-02
8.750921719501771057e-02
1.023873270375917771e-01
5.483899759627432896e-02
2.412096093528740687e-02
5.598981943801437794e-02
1.058969889329621633e-01
9.415350947068229504e-02
5.624080298301323277e-02
3.325548117725291714e-02
1.769805893032440000e-02
1.073740561406096895e-02
6.407832503238163405e-03
4.221761539516938160e-03
2.828404885558297773e-03
2.284388983373024980e-03
2.365211216264436356e-03
2.284529905311196221e-03
2.831026957558410977e-03
4.220471708901420149e-03
6.410087530547816694e-03
1.073757094854307405e-02
1.769775610839415675e-02
2.979869742323271176e-02
5.552419250131762629e-02
9.553395537794728831e-02
9.419658194641228333e-02
2.412096093528742768e-02
1.068019051779942008e-12
2.411792741731686937e-02
9.419235203638109954e-02
9.552393687154882296e-02
5.552305746698575628e-02
2.979706913725007830e-02
1.364235876045030195e-02
7.770976603727212939e-03
4.351434541322725738e-03
2.887650297731964803e-03
2.224367107145012144e-03
1.985660777823099535e-03
2.284529905311200992e-03
2.950170004284306639e-03
4.584036489627161398e-03
7.187018360107804565e-03
1.041076520123919956e-02
1.536271528990507985e-02
2.217601010623828847e-02
3.325072557762702441e-02
5.623878362588510121e-02
9.415125560371698232e-02
1.058985280752739039e-01
5.598981943801437794e-02
2.411792741731683815e-02
5.483861990524837443e-02
1.023842898841213905e-01
8.750670598445536852e-02
4.804670750666840268e-02
2.457760303198644469e-02
1.085674286815937681e-02
5.991966612612192357e-03
3.307072247481420216e-03
2.409955128367399259e-03
2.284194866887650013e-03
2.227729732887838866e-03
2.831026957558401003e-03
4.584036489627152725e-03
7.470863460771969521e-03
1.143508075227328731e-02
1.619226774945249983e-02
2.187144141783868914e-02
2.830369641520624063e-02
3.719124906260149604e-02
5.293016291365635478e-02
8.083238453061920847e-02
1.078689054596528446e-01
1.058969889329620662e-01
9.419235203638109954e-02
1.023842898841213489e-01
1.005129251911256322e-01
6.816395690221030423e-02
3.665850034764471521e-02
1.957595724778601193e-02
8.402672136382119059e-03
4.725475372661867325e-03
2.809339158780036969e-03
2.157872287092176336e-03
2.406241870387653813e-03
2.888477719109475497e-03
4.220471708901402802e-03
7.187018360107790688e-03
1.143508075227327864e-02
1.739536093733902791e-02
2.497492147374239663e-02
3.291141509092523204e-02
3.998306498404996523e-02
4.542633701466836788e-02
5.125153829540125133e-02
6.296680800732802619e-02
8.083076127607366490e-02
9.415350947068229504e-02
9.552393687154885071e-02
8.750670598445536852e-02
6.816395690221030423e-02
4.303157135451325666e-02
2.497492147374237928e-02
1.478299534084245859e-02
6.410087530547816694e-03
4.348779665585259316e-03
3.305528587521120581e-03
2.810097849996172955e-03
3.305528587521107137e-03
4.348779665585259316e-03
6.410087530547796744e-03
1.041076520123918742e-02
1.619226774945248942e-02
2.497492147374238969e-02
3.665850034764472909e-02
4.804670750666844431e-02
5.552305746698578404e-02
5.624080298301326747e-02
5.292895386106127170e-02
5.125425951674147246e-02
5.292895386106127864e-02
5.624080298301326747e-02
5.552305746698581179e-02
4.804670750666842349e-02
3.665850034764472909e-02
2.497492147374239663e-02
1.619226774945249983e-02
1.041076520123919089e-02
5.336854193786354401e-03
4.513274677541845824e-03
4.352909053219808193e-03
4.725220121248224596e-03
5.996307049981868670e-03
7.768093252978554124e-03
1.073757094854307405e-02
1.536271528990509026e-02
2.187144141783866833e-02
3.291141509092521816e-02
4.804670750666840268e-02
6.210421466216883152e-02
6.927928304872250920e-02
6.610601182514931617e-02
5.624485552513258657e-02
4.542210622620501681e-02
3.718952122116187670e-02
3.325548117725293101e-02
2.979706913725009912e-02
2.457760303198644469e-02
1.957595724778602234e-02
1.478299534084248287e-02
1.041076520123920303e-02
7.290864631634805422e-03
5.035610671998294943e-03
5.337957135511155193e-03
6.409486507609504606e-03
8.401688199042854285e-03
1.085921289647462894e-02
1.363603291333400497e-02
1.769775610839416369e-02
2.217601010623830582e-02
2.830369641520624063e-02
3.998306498404994441e-02
5.552305746698578404e-02
6.927928304872250920e-02
7.505625448995002780e-02
6.929018318912145979e-02
5.552079543590642680e-02
3.998417214661056235e-02
2.830718926206981720e-02
2.217589906387344018e-02
1.769805893032438959e-02
1.364235876045030195e-02
1.085674286815936987e-02
8.402672136382146814e-03
6.410087530547822765e-03
5.336854193786366544e-03
5.337957135511143050e-03
7.287386651994752322e-03
1.040673811364195914e-02
1.477664020831229510e-02
1.958057704880455940e-02
2.457777368001991605e-02
2.979869742323274298e-02
3.325072557762705217e-02
3.719124906260148911e-02
4.542633701466838869e-02
5.624080298301326747e-02
6.610601182514931617e-02
6.929018318912145979e-02
6.209726221899268539e-02
4.804497223898415020e-02
3.290872136886151961e-02
2.186665406058580299e-02
1.535595000988821367e-02
1.073740561406095854e-02
7.770976603727212939e-03
5.991966612612188887e-03
4.725475372661855182e-03
4.348779665585262785e-03
4.513274677541859702e-03
6.409486507609501137e-03
1.040673811364194352e-02
1.619482386185986528e-02
2.497381650895769134e-02
3.665410729791789696e-02
4.804765969478289045e-02
5.552419250131768874e-02
5.623878362588510121e-02
5.293016291365638254e-02
5.125153829540128603e-02
5.292895386106127864e-02
5.624485552513258657e-02
5.552079543590642680e-02
4.804497223898416408e-02
3.665464862539654506e-02
2.497515748519547191e-02
1.619179996125930110e-02
1.041055613528949625e-02
6.407832503238157333e-03
4.351434541322717064e-03
3.307072247481402001e-03
2.809339158780022657e-03
3.305528587521104535e-03
4.352909053219810795e-03
8.401688199042836938e-03
1.477664020831227776e-02
2.497381650895767399e-02
4.303996822595664712e-02
6.816397557683910591e-02
8.750921719501773832e-02
9.553395537794728831e-02
9.415125560371698232e-02
8.083238453061920847e-02
6.296680800732802619e-02
5.125425951674147246e-02
4.542210622620500987e-02
3.998417214661056235e-02
3.290872136886151267e-02
2.497515748519547191e-02
1.740005791324362658e-02
1.143037600168237723e-02
7.187854371123137895e-03
4.221761539516926884e-03
2.887650297731969573e-03
2.409955128367380611e-03
2.157872287092162458e-03
2.810097849996170353e-03
4.725220121248224596e-03
1.085921289647460465e-02
1.958057704880453859e-02
3.665410729791786920e-02
6.816397557683906427e-02
1.005157744424259175e-01
1.023873270375917494e-01
9.419658194641225557e-02
1.058985280752738622e-01
1.078689054596528724e-01
8.083076127607366490e-02
5.292895386106124395e-02
3.718952122116183506e-02
2.830718926206981720e-02
2.186665406058580299e-02
1.619179996125931845e-02
1.143037600168238764e-02
7.466016876634112322e-03
4.583834082322645401e-03
2.828404885558285630e-03
2.224367107145003471e-03
2.284194866887654784e-03
2.406241870387653813e-03
3.305528587521117546e-03
5.996307049981878211e-03
1.363603291333399803e-02
2.457777368001987442e-02
4.804765969478285575e-02
8.750921719501771057e-02
1.023873270375917771e-01
5.483899759627432896e-02
2.412096093528740687e-02
5.598981943801437794e-02
1.058969889329621633e-01
9.415350947068229504e-02
5.624080298301323277e-02
3.325548117725291714e-02
2.217589906387344018e-02
1.535595000988821714e-02
1.041055613528951707e-02
7.187854371123158712e-03
4.583834082322654074e-03
2.953354717288653002e-03
2.284388983373015439e-03
1.985660777823097366e-03
2.227729732887825422e-03
2.888477719109487640e-03
4.348779665585262785e-03
7.768093252978558461e-03
1.769775610839415675e-02
2.979869742323271176e-02
5.552419250131762629e-02
9.553395537794728831e-02
9.419658194641228333e-02
2.412096093528742768e-02
1.068019051779942008e-12
2.411792741731686937e-02
9.419235203638109954e-02
9.552393687154882296e-02
5.552305746698575628e-02
2.979706913725007830e-02
1.769805893032440000e-02
1.073740561406096895e-02
6.407832503238163405e-03
4.221761539516938160e-03
2.828404885558297773e-03
2.284388983373024980e-03
2.365211216264436356e-03
2.284529905311196221e-03
2.831026957558410977e-03
4.220471708901420149e-03
6.410087530547816694e-03
1.073757094854307405e-02
2.217601010623828847e-02
3.325072557762702441e-02
5.623878362588510121e-02
9.415125560371698232e-02
1.058985280752739039e-01
5.598981943801437794e-02
2.411792741731683815e-02
5.483861990524837443e-02
1.023842898841213905e-01
8.750670598445536852e-02
4.804670750666840268e-02
2.457760303198644469e-02
1.364235876045030195e-02
7.770976603727212939e-03
4.351434541322725738e-03
2.887650297731964803e-03
2.224367107145012144e-03
1.985660777823099535e-03
2.284529905311200992e-03
2.950170004284306639e-03
4.584036489627161398e-03
7.187018360107804565e-03
1.041076520123919956e-02
1.536271528990507985e-02
2.830369641520624063e-02
3.719124906260149604e-02
5.293016291365635478e-02
8.083238453061920847e-02
1.078689054596528446e-01
1.058969889329620662e-01
9.419235203638109954e-02
1.023842898841213489e-01
1.005129251911256322e-01
6.816395690221030423e-02
3.665850034764471521e-02
1.957595724778601193e-02
1.085674286815937681e-02
5.991966612612192357e-03
3.307072247481420216e-03
2.409955128367399259e-03
2.284194866887650013e-03
2.227729732887838866e-03
2.831026957558401003e-03
4.584036489627152725e-03
7.470863460771969521e-03
1.143508075227328731e-02
1.619226774945249983e-02
2.187144141783868914e-02
3.998306498404996523e-02
4.542633701466836788e-02
5.125153829540125133e-02
6.296680800732802619e-02
8.083076127607366490e-02
9.415350947068229504e-02
9.552393687154885071e-02
8.750670598445536852e-02
6.816395690221030423e-02
4.303157135451325666e-02
2.497492147374237928e-02
1.478299534084245859e-02
8.402672136382119059e-03
4.725475372661867325e-03
2.809339158780036969e-03
2.157872287092176336e-03
2.406241870387653813e-03
2.888477719109475497e-03
4.220471708901402802e-03
7.187018360107790688e-03
1.143508075227327864e-02
1.739536093733902791e-02
2.497492147374239663e-02
3.291141509092523204e-02
5.552305746698578404e-02
5.624080298301326747e-02
5.292895386106127170e-02
5.125425951674147246e-02
5.292895386106127864e-02
5.624080298301326747e-02
5.552305746698581179e-02
4.804670750666842349e-02
3.665850034764472909e-02
2.497492147374239663e-02
1.619226774945249983e-02
1.041076520123919089e-02
6.410087530547816694e-03
4.348779665585259316e-03
3.305528587521120581e-03
2.810097849996172955e-03
3.305528587521107137e-03
4.348779665585259316e-03
6.410087530547796744e-03
1.041076520123918742e-02
1.619226774945248942e-02
2.497492147374238969e-02
3.665850034764472909e-02
4.804670750666844431e-02
6.927928304872250920e-02
6.610601182514931617e-02
5.624485552513258657e-02
4.542210622620501681e-02
3.718952122116187670e-02
3.325548117725293101e-02
2.979706913725009912e-02
2.457760303198644469e-02
1.957595724778602234e-02
1.478299534084248287e-02
1.041076520123920303e-02
7.290864631634805422e-03
5.336854193786354401e-03
4.513274677541845824e-03
4.352909053219808193e-03
4.725220121248224596e-03
5.996307049981868670e-03
7.768093252978554124e-03
1.073757094854307405e-02
1.536271528990509026e-02
2.187144141783866833e-02
3.291141509092521816e-02
4.804670750666840268e-02
6.210421466216883152e-02
1.027823922029560549e-01
1.051798631888544028e-01
9.552948126617924474e-02
6.644434040439585465e-02
3.997903235842244912e-02
2.555647353957288953e-02
1.747100854746705748e-02
1.184912141073975710e-02
8.402672136382129467e-03
6.106991966873925523e-03
4.220471708901425353e-03
3.387526947528184465e-03
3.350762438605144576e-03
3.389075942049591620e-03
4.223343452719375071e-03
6.108460878038593674e-03
8.404744107459184363e-03
1.184639096997146430e-02
1.747100854746705748e-02
2.555979866961000449e-02
3.998306498404992360e-02
6.644127002049024511e-02
9.552393687154879520e-02
1.051900905381707441e-01
1.051798631888544722e-01
1.030574221532670892e-01
8.751158147113967389e-02
5.740715044797561895e-02
3.291120818606275283e-02
1.947324106217365389e-02
1.184639096997145043e-02
7.293732573064298959e-03
4.725475372661861254e-03
3.427680298060233402e-03
2.888477719109473329e-03
2.834547456861053957e-03
3.389075942049583814e-03
4.668212252552142102e-03
7.187281047776579793e-03
1.090767179305691947e-02
1.477575201192180866e-02
1.947324106217369205e-02
2.555647353957293116e-02
3.299426397067141414e-02
4.542633701466836788e-02
6.808143499095264950e-02
9.415350947068226728e-02
1.058906411938905223e-01
9.552948126617921698e-02
8.751158147113971553e-02
6.816229028276898916e-02
4.303724906154179214e-02
2.497634349937533083e-02
1.477575201192178611e-02
8.404744107459165281e-03
4.722501154861591909e-03
2.809339158780027428e-03
2.160672931385687959e-03
2.406241870387639502e-03
2.886576212523573031e-03
4.223343452719375071e-03
7.187281047776577191e-03
1.143839245130061355e-02
1.739561590830423013e-02
2.497634349937535511e-02
3.291120818606277365e-02
3.997903235842247688e-02
4.542641071691020521e-02
5.125153829540125133e-02
6.296809452280358044e-02
8.083076127607369266e-02
9.415361604851017752e-02
6.644434040439589628e-02
5.740715044797564670e-02
4.303724906154181989e-02
2.780167980388053434e-02
1.739561590830420931e-02
1.090767179305690386e-02
6.108460878038578061e-03
3.425268797018577414e-03
2.157872287092158121e-03
1.649356298218639496e-03
2.157872287092153785e-03
3.425268797018572210e-03
6.108460878038578061e-03
1.090767179305690386e-02
1.739561590830420931e-02
2.780167980388052393e-02
4.303724906154181989e-02
5.740715044797564670e-02
6.644434040439589628e-02
6.808501745024088392e-02
6.296680800732805394e-02
5.936801632736173062e-02
6.296680800732805394e-02
6.808501745024092555e-02
3.997903235842249076e-02
3.291120818606277365e-02
2.497634349937535511e-02
1.739561590830421972e-02
1.143839245130061875e-02
7.187281047776579793e-03
4.223343452719381143e-03
2.886576212523580837e-03
2.406241870387639502e-03
2.160672931385687959e-03
2.809339158780022657e-03
4.722501154861591909e-03
8.404744107459170485e-03
1.477575201192178611e-02
2.497634349937533083e-02
4.303724906154179214e-02
6.816229028276898916e-02
8.751158147113971553e-02
9.552948126617921698e-02
9.415361604851017752e-02
8.083076127607369266e-02
6.296809452280358044e-02
5.125153829540125133e-02
4.542641071691020521e-02
2.555647353957293116e-02
1.947324106217369205e-02
1.477575201192181213e-02
1.090767179305691080e-02
7.187281047776566782e-03
4.668212252552147307e-03
3.389075942049586416e-03
2.834547456861048753e-03
2.888477719109478099e-03
3.427680298060233402e-03
4.725475372661855182e-03
7.293732573064298959e-03
1.184639096997145043e-02
1.947324106217365389e-02
3.291120818606274590e-02
5.740715044797561895e-02
8.751158147113967389e-02
1.030574221532670892e-01
1.051798631888544444e-01
1.058906411938904946e-01
9.415350947068229504e-02
6.808143499095264950e-02
4.542633701466838869e-02
3.299426397067142802e-02
1.747100854746706788e-02
1.184639096997146430e-02
8.404744107459191302e-03
6.108460878038598010e-03
4.223343452719375071e-03
3.389075942049586416e-03
3.350762438605154984e-03
3.387526947528181863e-03
4.220471708901425353e-03
6.106991966873925523e-03
8.402672136382122528e-03
1.184912141073975016e-02
1.747100854746704707e-02
2.555647353957288953e-02
3.997903235842244912e-02
6.644434040439584077e-02
9.552948126617924474e-02
1.051798631888544028e-01
1.027823922029560549e-01
1.051900905381707441e-01
9.552393687154879520e-02
6.644127002049025899e-02
3.998306498404993053e-02
2.555979866961001490e-02
1.184912141073975710e-02
7.293732573064302428e-03
4.722501154861589306e-03
3.425268797018577414e-03
2.886576212523580837e-03
2.834547456861041814e-03
3.387526947528171021e-03
4.668445065549901678e-03
7.187018360107804565e-03
1.090407839434204273e-02
1.478299534084245859e-02
1.947047352862132930e-02
2.555979866961001490e-02
3.299426397067144884e-02
4.542641071691019133e-02
6.808501745024089780e-02
9.415361604851021915e-02
1.058906411938904946e-01
1.051900905381707163e-01
1.030501647842023277e-01
8.750670598445536852e-02
5.740294434530576057e-02
3.291141509092519735e-02
1.947047352862131195e-02
8.402672136382108650e-03
4.725475372661855182e-03
2.809339158780027428e-03
2.157872287092158121e-03
2.406241870387644272e-03
2.888477719109483303e-03
4.220471708901408874e-03
7.187018360107796759e-03
1.143508075227329425e-02
1.739536093733902791e-02
2.497492147374238969e-02
3.291141509092521816e-02
3.998306498404996523e-02
4.542633701466838869e-02
5.125153829540126521e-02
6.296680800732805394e-02
8.083076127607369266e-02
9.415350947068229504e-02
9.552393687154879520e-02
8.750670598445536852e-02
6.816395690221030423e-02
4.303157135451325666e-02
2.497492147374236887e-02
1.478299534084245859e-02
6.106991966873896900e-03
3.427680298060233402e-03
2.160672931385697066e-03
1.649356298218643399e-03
2.160672931385685790e-03
3.427680298060228198e-03
6.106991966873893431e-03
1.090407839434200804e-02
1.739536093733901057e-02
2.781150111895910881e-02
4.303157135451327053e-02
5.740294434530578138e-02
6.644127002049030062e-02
6.808143499095262174e-02
6.296809452280353880e-02
5.936801632736174450e-02
6.296809452280353880e-02
6.808143499095264950e-02
6.644127002049030062e-02
5.740294434530578138e-02
4.303157135451327747e-02
2.781150111895911922e-02
1.739536093733902097e-02
1.090407839434201498e-02
4.220471708901414078e-03
2.888477719109485472e-03
2.406241870387644272e-03
2.157872287092162458e-03
2.809339158780022657e-03
4.725475372661847376e-03
8.402672136382101711e-03
1.478299534084245338e-02
2.497492147374236887e-02
4.303157135451325666e-02
6.816395690221030423e-02
8.750670598445532689e-02
9.552393687154879520e-02
9.415350947068229504e-02
8.083076127607369266e-02
6.296680800732804006e-02
5.125153829540128603e-02
4.542633701466838869e-02
3.998306498404997911e-02
3.291141509092521816e-02
2.497492147374237928e-02
1.739536093733904873e-02
1.143508075227330119e-02
7.187018360107807168e-03
3.387526947528176225e-03
2.834547456861053957e-03
2.886576212523575633e-03
3.425268797018572210e-03
4.722501154861591909e-03
7.293732573064292020e-03
1.184912141073975016e-02
1.947047352862131195e-02
3.291141509092518347e-02
5.740294434530574669e-02
8.750670598445536852e-02
1.030501647842023277e-01
1.051900905381706885e-01
1.058906411938904946e-01
9.415361604851021915e-02
6.808501745024088392e-02
4.542641071691018440e-02
3.299426397067144884e-02
2.555979866961002531e-02
1.947047352862133970e-02
1.478299534084246726e-02
1.090407839434204967e-02
7.187018360107817576e-03
4.668445065549899076e-03
3.350762438605144576e-03
3.389075942049591620e-03
4.223343452719375071e-03
6.108460878038593674e-03
8.404744107459184363e-03
1.184639096997146430e-02
1.747100854746705748e-02
2.555979866961000449e-02
3.998306498404992360e-02
6.644127002049024511e-02
9.552393687154879520e-02
1.051900905381707441e-01
1.027823922029560549e-01
1.051798631888544028e-01
9.552948126617924474e-02
6.644434040439585465e-02
3.997903235842244912e-02
2.555647353957288953e-02
1.747100854746705748e-02
1.184912141073975710e-02
8.402672136382129467e-03
6.106991966873925523e-03
4.220471708901425353e-03
3.387526947528184465e-03
3.389075942049583814e-03
4.668212252552142102e-03
7.187281047776579793e-03
1.090767179305691947e-02
1.477575201192180866e-02
1.947324106217369205e-02
2.555647353957293116e-02
3.299426397067141414e-02
4.542633701466836788e-02
6.808143499095264950e-02
9.415350947068226728e-02
1.058906411938905223e-01
1.051798631888544722e-01
1.030574221532670892e-01
8.751158147113967389e-02
5.740715044797561895e-02
3.291120818606275283e-02
1.947324106217365389e-02
1.184639096997145043e-02
7.293732573064298959e-03
4.725475372661861254e-03
3.427680298060233402e-03
2.888477719109473329e-03
2.834547456861053957e-03
4.223343452719375071e-03
7.187281047776577191e-03
1.143839245130061355e-02
1.739561590830423013e-02
2.497634349937535511e-02
3.291120818606277365e-02
3.997903235842247688e-02
4.542641071691020521e-02
5.125153829540125133e-02
6.296809452280358044e-02
8.083076127607369266e-02
9.415361604851017752e-02
9.552948126617921698e-02
8.751158147113971553e-02
6.816229028276898916e-02
4.303724906154179214e-02
2.497634349937533083e-02
1.477575201192178611e-02
8.404744107459165281e-03
4.722501154861591909e-03
2.809339158780027428e-03
2.160672931385687959e-03
2.406241870387639502e-03
2.886576212523573031e-03
6.108460878038578061e-03
1.090767179305690386e-02
1.739561590830420931e-02
2.780167980388052393e-02
4.303724906154181989e-02
5.740715044797564670e-02
6.644434040439589628e-02
6.808501745024088392e-02
6.296680800732805394e-02
5.936801632736173062e-02
6.296680800732805394e-02
6.808501745024092555e-02
6.644434040439589628e-02
5.740715044797564670e-02
4.303724906154181989e-02
2.780167980388053434e-02
1.739561590830420931e-02
1.090767179305690386e-02
6.108460878038578061e-03
3.425268797018577414e-03
2.157872287092158121e-03
1.649356298218639496e-03
2.157872287092153785e-03
3.425268797018572210e-03
8.404744107459170485e-03
1.477575201192178611e-02
2.497634349937533083e-02
4.303724906154179214e-02
6.816229028276898916e-02
8.751158147113971553e-02
9.552948126617921698e-02
9.415361604851017752e-02
8.083076127607369266e-02
6.296809452280358044e-02
5.125153829540125133e-02
4.542641071691020521e-02
3.997903235842249076e-02
3.291120818606277365e-02
2.497634349937535511e-02
1.739561590830421972e-02
1.143839245130061875e-02
7.187281047776579793e-03
4.223343452719381143e-03
2.886576212523580837e-03
2.406241870387639502e-03
2.160672931385687959e-03
2.809339158780022657e-03
4.722501154861591909e-03
1.184639096997145043e-02
1.947324106217365389e-02
3.291120818606274590e-02
5.740715044797561895e-02
8.751158147113967389e-02
1.030574221532670892e-01
1.051798631888544444e-01
1.058906411938904946e-01
9.415350947068229504e-02
6.808143499095264950e-02
4.542633701466838869e-02
3.299426397067142802e-02
2.555647353957293116e-02
1.947324106217369205e-02
1.477575201192181213e-02
1.090767179305691080e-02
7.187281047776566782e-03
4.668212252552147307e-03
3.389075942049586416e-03
2.834547456861048753e-03
2.888477719109478099e-03
3.427680298060233402e-03
4.725475372661855182e-03
7.293732573064298959e-03
1.747100854746704707e-02
2.555647353957288953e-02
3.997903235842244912e-02
6.644434040439584077e-02
9.552948126617924474e-02
1.051798631888544028e-01
1.027823922029560549e-01
1.051900905381707441e-01
9.552393687154879520e-02
6.644127002049025899e-02
3.998306498404993053e-02
2.555979866961001490e-02
1.747100854746706788e-02
1.184639096997146430e-02
8.404744107459191302e-03
6.108460878038598010e-03
4.223343452719375071e-03
3.389075942049586416e-03
3.350762438605154984e-03
3.387526947528181863e-03
4.220471708901425353e-03
6.106991966873925523e-03
8.402672136382122528e-03
1.184912141073975016e-02
2.555979866961001490e-02
3.299426397067144884e-02
4.542641071691019133e-02
6.808501745024089780e-02
9.415361604851021915e-02
1.058906411938904946e-01
1.051900905381707163e-01
1.030501647842023277e-01
8.750670598445536852e-02
5.740294434530576057e-02
3.291141509092519735e-02
1.947047352862131195e-02
1.184912141073975710e-02
7.293732573064302428e-03
4.722501154861589306e-03
3.425268797018577414e-03
2.886576212523580837e-03
2.834547456861041814e-03
3.387526947528171021e-03
4.668445065549901678e-03
7.187018360107804565e-03
1.090407839434204273e-02
1.478299534084245859e-02
1.947047352862132930e-02
3.998306498404996523e-02
4.542633701466838869e-02
5.125153829540126521e-02
6.296680800732805394e-02
8.083076127607369266e-02
9.415350947068229504e-02
9.552393687154879520e-02
8.750670598445536852e-02
6.816395690221030423e-02
4.303157135451325666e-02
2.497492147374236887e-02
1.478299534084245859e-02
8.402672136382108650e-03
4.725475372661855182e-03
2.809339158780027428e-03
2.157872287092158121e-03
2.406241870387644272e-03
2.888477719109483303e-03
4.220471708901408874e-03
7.187018360107796759e-03
1.143508075227329425e-02
1.739536093733902791e-02
2.497492147374238969e-02
3.291141509092521816e-02
6.644127002049030062e-02
6.808143499095262174e-02
6.296809452280353880e-02
5.936801632736174450e-02
6.296809452280353880e-02
6.808143499095264950e-02
6.644127002049030062e-02
5.740294434530578138e-02
4.303157135451327747e-02
2.781150111895911922e-02
1.739536093733902097e-02
1.090407839434201498e-02
6.106991966873896900e-03
3.427680298060233402e-03
2.160672931385697066e-03
1.649356298218643399e-03
2.160672931385685790e-03
3.427680298060228198e-03
6.106991966873893431e-03
1.090407839434200804e-02
1.739536093733901057e-02
2.781150111895910881e-02
4.303157135451327053e-02
5.740294434530578138e-02
9.552393687154879520e-02
9.415350947068229504e-02
8.083076127607369266e-02
6.296680800732804006e-02
5.125153829540128603e-02
4.542633701466838869e-02
3.998306498404997911e-02
3.291141509092521816e-02
2.497492147374237928e-02
1.739536093733904873e-02
1.143508075227330119e-02
7.187018360107807168e-03
4.220471708901414078e-03
2.888477719109485472e-03
2.406241870387644272e-03
2.157872287092162458e-03
2.809339158780022657e-03
4.725475372661847376e-03
8.402672136382101711e-03
1.478299534084245338e-02
2.497492147374236887e-02
4.303157135451325666e-02
6.816395690221030423e-02
8.750670598445532689e-02
1.051900905381706885e-01
1.058906411938904946e-01
9.415361604851021915e-02
6.808501745024088392e-02
4.542641071691018440e-02
3.299426397067144884e-02
2.555979866961002531e-02
1.947047352862133970e-02
1.478299534084246726e-02
1.090407839434204967e-02
7.187018360107817576e-03
4.668445065549899076e-03
3.387526947528176225e-03
2.834547456861053957e-03
2.886576212523575633e-03
3.425268797018572210e-03
4.722501154861591909e-03
7.293732573064292020e-03
1.184912141073975016e-02
1.947047352862131195e-02
3.291141509092518347e-02
5.740294434530574669e-02
8.750670598445536852e-02
1.030501647842023277e-01
1.068019051779942008e-12
2.412096093528742768e-02
9.419658194641231108e-02
9.553395537794728831e-02
5.552419250131764017e-02
2.979869742323272216e-02
1.769775610839415675e-02
1.073757094854308272e-02
6.410087530547822765e-03
4.220471708901420149e-03
2.831026957558406207e-03
2.284529905311196221e-03
2.365211216264431586e-03
2.284388983373024980e-03
2.828404885558297773e-03
4.221761539516932088e-03
6.407832503238166007e-03
1.073740561406095161e-02
1.769805893032438959e-02
2.979706913725007830e-02
5.552305746698573546e-02
9.552393687154875357e-02
9.419235203638109954e-02
2.411792741731687978e-02
2.412096093528740687e-02
5.483899759627432896e-02
1.023873270375918187e-01
8.750921719501771057e-02
4.804765969478285575e-02
2.457777368001987442e-02
1.363603291333400497e-02
7.768093252978554124e-03
4.348779665585267989e-03
2.888477719109490676e-03
2.227729732887825422e-03
1.985660777823093030e-03
2.284388983373013271e-03
2.953354717288653002e-03
4.583834082322648003e-03
7.187854371123158712e-03
1.041055613528951707e-02
1.535595000988821714e-02
2.217589906387342630e-02
3.325548117725291714e-02
5.624080298301321890e-02
9.415350947068229504e-02
1.058969889329621356e-01
5.598981943801437794e-02
9.419658194641225557e-02
1.023873270375918187e-01
1.005157744424259175e-01
6.816397557683906427e-02
3.665410729791787614e-02
1.958057704880454553e-02
1.085921289647460812e-02
5.996307049981878211e-03
3.305528587521115377e-03
2.406241870387658150e-03
2.284194866887659554e-03
2.224367107145007808e-03
2.828404885558280426e-03
4.583834082322639329e-03
7.466016876634108852e-03
1.143037600168237723e-02
1.619179996125931845e-02
2.186665406058580299e-02
2.830718926206981720e-02
3.718952122116182812e-02
5.292895386106124395e-02
8.083076127607363714e-02
1.078689054596528446e-01
1.058985280752738622e-01
9.553395537794731607e-02
8.750921719501773832e-02
6.816397557683910591e-02
4.303996822595664712e-02
2.497381650895768440e-02
1.477664020831227776e-02
8.401688199042840408e-03
4.725220121248224596e-03
2.810097849996168184e-03
2.157872287092162458e-03
2.409955128367380611e-03
2.887650297731972175e-03
4.221761539516920812e-03
7.187854371123137895e-03
1.143037600168237376e-02
1.740005791324363352e-02
2.497515748519546150e-02
3.290872136886149879e-02
3.998417214661054847e-02
4.542210622620501681e-02
5.125425951674143776e-02
6.296680800732802619e-02
8.083238453061920847e-02
9.415125560371698232e-02
5.552419250131768874e-02
4.804765969478289045e-02
3.665410729791789696e-02
2.497381650895770522e-02
1.619482386185986528e-02
1.040673811364194352e-02
6.409486507609504606e-03
4.352909053219808193e-03
3.305528587521109739e-03
2.809339158780024825e-03
3.307072247481394195e-03
4.351434541322714462e-03
6.407832503238157333e-03
1.041055613528949972e-02
1.619179996125930110e-02
2.497515748519546150e-02
3.665464862539653812e-02
4.804497223898415020e-02
5.552079543590642680e-02
5.624485552513260045e-02
5.292895386106129946e-02
5.125153829540128603e-02
5.293016291365639642e-02
5.623878362588512897e-02
2.979869742323276727e-02
2.457777368001991605e-02
1.958057704880456634e-02
1.477664020831229510e-02
1.040673811364196261e-02
7.287386651994752322e-03
5.337957135511143050e-03
4.513274677541859702e-03
4.348779665585256714e-03
4.725475372661855182e-03
5.991966612612182816e-03
7.770976603727205133e-03
1.073740561406095854e-02
1.535595000988820846e-02
2.186665406058580993e-02
3.290872136886151267e-02
4.804497223898414326e-02
6.209726221899268539e-02
6.929018318912145979e-02
6.610601182514934393e-02
5.624080298301326747e-02
4.542633701466838869e-02
3.719124906260147523e-02
3.325072557762705217e-02
1.769775610839417410e-02
1.363603291333402232e-02
1.085921289647462894e-02
8.401688199042864694e-03
6.409486507609504606e-03
5.337957135511157795e-03
5.035610671998288004e-03
5.336854193786366544e-03
6.410087530547822765e-03
8.402672136382139875e-03
1.085674286815935946e-02
1.364235876045028460e-02
1.769805893032437918e-02
2.217589906387342630e-02
2.830718926206981720e-02
3.998417214661056929e-02
5.552079543590642680e-02
6.929018318912145979e-02
7.505625448995002780e-02
6.927928304872250920e-02
5.552305746698578404e-02
3.998306498404994441e-02
2.830369641520625451e-02
2.217601010623830582e-02
1.073757094854307405e-02
7.768093252978554124e-03
5.996307049981883415e-03
4.725220121248224596e-03
4.352909053219824673e-03
4.513274677541845824e-03
5.336854193786357003e-03
7.290864631634795014e-03
1.041076520123920650e-02
1.478299534084248287e-02
1.957595724778602234e-02
2.457760303198644469e-02
2.979706913725008871e-02
3.325548117725293101e-02
3.718952122116187670e-02
4.542210622620503763e-02
5.624485552513258657e-02
6.610601182514931617e-02
6.927928304872250920e-02
6.210421466216883152e-02
4.804670750666841655e-02
3.291141509092521816e-02
2.187144141783866833e-02
1.536271528990509720e-02
6.410087530547803683e-03
4.348779665585254112e-03
3.305528587521109739e-03
2.810097849996182496e-03
3.305528587521115377e-03
4.348779665585276663e-03
6.410087530547809755e-03
1.041076520123919436e-02
1.619226774945250677e-02
2.497492147374238969e-02
3.665850034764471521e-02
4.804670750666842349e-02
5.552305746698581179e-02
5.624080298301325359e-02
5.292895386106127170e-02
5.125425951674147246e-02
5.292895386106127170e-02
5.624080298301326747e-02
5.552305746698580485e-02
4.804670750666844431e-02
3.665850034764474297e-02
2.497492147374238969e-02
1.619226774945249983e-02
1.041076520123919089e-02
4.220471708901402802e-03
2.888477719109485472e-03
2.406241870387644272e-03
2.157872287092171566e-03
2.809339158780032632e-03
4.725475372661855182e-03
8.402672136382122528e-03
1.478299534084244991e-02
2.497492147374236887e-02
4.303157135451324972e-02
6.816395690221029036e-02
8.750670598445536852e-02
9.552393687154885071e-02
9.415350947068229504e-02
8.083076127607363714e-02
6.296680800732802619e-02
5.125153829540126521e-02
4.542633701466838175e-02
3.998306498404996523e-02
3.291141509092523204e-02
2.497492147374239663e-02
1.739536093733903485e-02
1.143508075227328731e-02
7.187018360107804565e-03
2.831026957558401003e-03
2.227729732887834095e-03
2.284194866887654784e-03
2.409955128367387549e-03
3.307072247481415445e-03
5.991966612612188887e-03
1.085674286815935946e-02
1.957595724778600499e-02
3.665850034764470827e-02
6.816395690221030423e-02
1.005129251911256322e-01
1.023842898841213211e-01
9.419235203638109954e-02
1.058969889329621356e-01
1.078689054596528446e-01
8.083238453061918072e-02
5.293016291365636866e-02
3.719124906260150992e-02
2.830369641520625451e-02
2.187144141783868914e-02
1.619226774945250677e-02
1.143508075227329425e-02
7.470863460771972990e-03
4.584036489627150122e-03
2.284529905311196221e-03
1.985660777823108208e-03
2.224367107145012144e-03
2.887650297731964803e-03
4.351434541322714462e-03
7.770976603727205133e-03
1.364235876045030195e-02
2.457760303198642388e-02
4.804670750666838186e-02
8.750670598445536852e-02
1.023842898841213905e-01
5.483861990524838137e-02
2.411792741731684855e-02
5.598981943801437794e-02
1.058985280752739316e-01
9.415125560371698232e-02
5.623878362588510121e-02
3.325072557762702441e-02
2.217601010623829888e-02
1.536271528990509373e-02
1.041076520123919436e-02
7.187018360107811504e-03
4.584036489627167470e-03
2.950170004284309675e-03
2.365211216264431586e-03
2.284388983373024980e-03
2.828404885558297773e-03
4.221761539516932088e-03
6.407832503238166007e-03
1.073740561406095161e-02
1.769805893032438959e-02
2.979706913725007830e-02
5.552305746698573546e-02
9.552393687154875357e-02
9.419235203638109954e-02
2.411792741731687978e-02
1.068019051779942008e-12
2.412096093528742768e-02
9.419658194641231108e-02
9.553395537794728831e-02
5.552419250131764017e-02
2.979869742323272216e-02
1.769775610839415675e-02
1.073757094854308272e-02
6.410087530547822765e-03
4.220471708901420149e-03
2.831026957558406207e-03
2.284529905311196221e-03
2.284388983373013271e-03
2.953354717288653002e-03
4.583834082322648003e-03
7.187854371123158712e-03
1.041055613528951707e-02
1.535595000988821714e-02
2.217589906387342630e-02
3.325548117725291714e-02
5.624080298301321890e-02
9.415350947068229504e-02
1.058969889329621356e-01
5.598981943801437794e-02
2.412096093528740687e-02
5.483899759627432896e-02
1.023873270375918187e-01
8.750921719501771057e-02
4.804765969478285575e-02
2.457777368001987442e-02
1.363603291333400497e-02
7.768093252978554124e-03
4.348779665585267989e-03
2.888477719109490676e-03
2.227729732887825422e-03
1.985660777823093030e-03
2.828404885558280426e-03
4.583834082322639329e-03
7.466016876634108852e-03
1.143037600168237723e-02
1.619179996125931845e-02
2.186665406058580299e-02
2.830718926206981720e-02
3.718952122116182812e-02
5.292895386106124395e-02
8.083076127607363714e-02
1.078689054596528446e-01
1.058985280752738622e-01
9.419658194641225557e-02
1.023873270375918187e-01
1.005157744424259175e-01
6.816397557683906427e-02
3.665410729791787614e-02
1.958057704880454553e-02
1.085921289647460812e-02
5.996307049981878211e-03
3.305528587521115377e-03
2.406241870387658150e-03
2.284194866887659554e-03
2.224367107145007808e-03
4.221761539516920812e-03
7.187854371123137895e-03
1.143037600168237376e-02
1.740005791324363352e-02
2.497515748519546150e-02
3.290872136886149879e-02
3.998417214661054847e-02
4.542210622620501681e-02
5.125425951674143776e-02
6.296680800732802619e-02
8.083238453061920847e-02
9.415125560371698232e-02
9.553395537794731607e-02
8.750921719501773832e-02
6.816397557683910591e-02
4.303996822595664712e-02
2.497381650895768440e-02
1.477664020831227776e-02
8.401688199042840408e-03
4.725220121248224596e-03
2.810097849996168184e-03
2.157872287092162458e-03
2.409955128367380611e-03
2.887650297731972175e-03
6.407832503238157333e-03
1.041055613528949972e-02
1.619179996125930110e-02
2.497515748519546150e-02
3.665464862539653812e-02
4.804497223898415020e-02
5.552079543590642680e-02
5.624485552513260045e-02
5.292895386106129946e-02
5.125153829540128603e-02
5.293016291365639642e-02
5.623878362588512897e-02
5.552419250131768874e-02
4.804765969478289045e-02
3.665410729791789696e-02
2.497381650895770522e-02
1.619482386185986528e-02
1.040673811364194352e-02
6.409486507609504606e-03
4.352909053219808193e-03
3.305528587521109739e-03
2.809339158780024825e-03
3.307072247481394195e-03
4.351434541322714462e-03
1.073740561406095854e-02
1.535595000988820846e-02
2.186665406058580993e-02
3.290872136886151267e-02
4.804497223898414326e-02
6.209726221899268539e-02
6.929018318912145979e-02
6.610601182514934393e-02
5.624080298301326747e-02
4.542633701466838869e-02
3.719124906260147523e-02
3.325072557762705217e-02
2.979869742323276727e-02
2.457777368001991605e-02
1.958057704880456634e-02
1.477664020831229510e-02
1.040673811364196261e-02
7.287386651994752322e-03
5.337957135511143050e-03
4.513274677541859702e-03
4.348779665585256714e-03
4.725475372661855182e-03
5.991966612612182816e-03
7.770976603727205133e-03
1.769805893032437918e-02
2.217589906387342630e-02
2.830718926206981720e-02
3.998417214661056929e-02
5.552079543590642680e-02
6.929018318912145979e-02
7.505625448995002780e-02
6.927928304872250920e-02
5.552305746698578404e-02
3.998306498404994441e-02
2.830369641520625451e-02
2.217601010623830582e-02
1.769775610839417410e-02
1.363603291333402232e-02
1.085921289647462894e-02
8.401688199042864694e-03
6.409486507609504606e-03
5.337957135511157795e-03
5.035610671998288004e-03
5.336854193786366544e-03
6.410087530547822765e-03
8.402672136382139875e-03
1.085674286815935946e-02
1.364235876045028460e-02
2.979706913725008871e-02
3.325548117725293101e-02
3.718952122116187670e-02
4.542210622620503763e-02
5.624485552513258657e-02
6.610601182514931617e-02
6.927928304872250920e-02
6.210421466216883152e-02
4.804670750666841655e-02
3.291141509092521816e-02
2.187144141783866833e-02
1.536271528990509720e-02
1.073757094854307405e-02
7.768093252978554124e-03
5.996307049981883415e-03
4.725220121248224596e-03
4.352909053219824673e-03
4.513274677541845824e-03
5.336854193786357003e-03
7.290864631634795014e-03
1.041076520123920650e-02
1.478299534084248287e-02
1.957595724778602234e-02
2.457760303198644469e-02
5.552305746698581179e-02
5.624080298301325359e-02
5.292895386106127170e-02
5.125425951674147246e-02
5.292895386106127170e-02
5.624080298301326747e-02
5.552305746698580485e-02
4.804670750666844431e-02
3.665850034764474297e-02
2.497492147374238969e-02
1.619226774945249983e-02
1.041076520123919089e-02
6.410087530547803683e-03
4.348779665585254112e-03
3.305528587521109739e-03
2.810097849996182496e-03
3.305528587521115377e-03
4.348779665585276663e-03
6.410087530547809755e-03
1.041076520123919436e-02
1.619226774945250677e-02
2.497492147374238969e-02
3.665850034764471521e-02
4.804670750666842349e-02
9.552393687154885071e-02
9.415350947068229504e-02
8.083076127607363714e-02
6.296680800732802619e-02
5.125153829540126521e-02
4.542633701466838175e-02
3.998306498404996523e-02
3.291141509092523204e-02
2.497492147374239663e-02
1.739536093733903485e-02
1.143508075227328731e-02
7.187018360107804565e-03
4.220471708901402802e-03
2.888477719109485472e-03
2.406241870387644272e-03
2.157872287092171566e-03
2.809339158780032632e-03
4.725475372661855182e-03
8.402672136382122528e-03
1.478299534084244991e-02
2.497492147374236887e-02
4.303157135451324972e-02
6.816395690221029036e-02
8.750670598445536852e-02
9.419235203638109954e-02
1.058969889329621356e-01
1.078689054596528446e-01
8.083238453061918072e-02
5.293016291365636866e-02
3.719124906260150992e-02
2.830369641520625451e-02
2.187144141783868914e-02
1.619226774945250677e-02
1.143508075227329425e-02
7.470863460771972990e-03
4.584036489627150122e-03
2.831026957558401003e-03
2.227729732887834095e-03
2.284194866887654784e-03
2.409955128367387549e-03
3.307072247481415445e-03
5.991966612612188887e-03
1.085674286815935946e-02
1.957595724778600499e-02
3.665850034764470827e-02
6.816395690221030423e-02
1.005129251911256322e-01
1.023842898841213211e-01
2.411792741731684855e-02
5.598981943801437794e-02
1.058985280752739316e-01
9.415125560371698232e-02
5.623878362588510121e-02
3.325072557762702441e-02
2.217601010623829888e-02
1.536271528990509373e-02
1.041076520123919436e-02
7.187018360107811504e-03
4.584036489627167470e-03
2.950170004284309675e-03
2.284529905311196221e-03
1.985660777823108208e-03
2.224367107145012144e-03
2.887650297731964803e-03
4.351434541322714462e-03
7.770976603727205133e-03
1.364235876045030195e-02
2.457760303198642388e-02
4.804670750666838186e-02
8.750670598445536852e-02
1.023842898841213905e-01
5.483861990524838137e-02
1.068019051779942008e-12
1.068019051779942008e-12
2.411794872917486995e-02
1.051823038988478204e-01
6.928593764514176523e-02
3.334470443713841159e-02
1.765937231287162401e-02
9.854658124576004541e-03
5.336854193786372616e-03
3.387526947528179261e-03
2.284529905311200992e-03
1.588613988898691671e-03
1.475789803391747146e-03
1.587282445134831311e-03
2.285762168348702810e-03
3.388299312082165664e-03
5.339763741301542695e-03
9.855734905893635822e-03
1.766436149926772781e-02
3.334609055006002715e-02
6.927928304872250920e-02
1.051900905381707441e-01
2.411792741731692141e-02
1.068019051779942008e-12
1.068019051779942008e-12
1.068019051779942008e-12
5.483879345173277298e-02
1.030518981539652879e-01
6.210116701186687432e-02
2.945881074519429710e-02
1.537144254094410974e-02
8.476090856294303186e-03
4.513274677541868375e-03
2.834547456861053957e-03
1.985660777823099535e-03
1.530572429269763408e-03
1.587282445134830227e-03
1.881497004241774454e-03
2.949197842768949435e-03
4.664488047068165825e-03
7.288111626858852048e-03
1.242208883139050805e-02
2.013447118798811566e-02
3.419246979785758866e-02
6.610601182514926066e-02
1.058906411938904946e-01
5.598981943801440569e-02
1.068019051779942008e-12
2.411794872917480750e-02
5.483879345173272440e-02
1.023869884696762683e-01
8.750977429350963177e-02
4.804046022332743304e-02
2.457403104828599985e-02
1.363878926429590473e-02
7.769575201219285077e-03
4.352909053219819469e-03
2.886576212523592980e-03
2.224367107145012144e-03
1.988178129086514215e-03
2.285762168348689366e-03
2.949197842768944231e-03
4.587692454036715328e-03
7.190144160950521016e-03
1.040704789506842649e-02
1.535886284618133077e-02
2.217265785487037427e-02
3.325344614322221087e-02
5.624485552513254494e-02
9.415361604851014976e-02
1.058985280752739316e-01
5.599345124637331722e-02
1.051823038988478481e-01
1.030518981539653434e-01
8.750977429350960402e-02
5.741136574560220390e-02
3.291062660338372331e-02
1.947282301768861121e-02
1.184612405775719961e-02
7.295677169046009373e-03
4.725220121248218524e-03
3.425268797018567006e-03
2.887650297731964803e-03
2.837177612779376041e-03
3.388299312082165664e-03
4.664488047068160621e-03
7.190144160950514077e-03
1.090685021129268566e-02
1.477948041247988814e-02
1.946779443817798355e-02
2.555681842592665010e-02
3.299804002414862686e-02
4.542210622620499599e-02
6.808501745024087004e-02
9.415125560371698232e-02
1.058979681945204226e-01
6.928593764514180686e-02
6.210116701186690902e-02
4.804046022332746774e-02
3.291062660338374413e-02
2.186268297440966887e-02
1.535628752489243132e-02
1.073919342775529230e-02
7.769575201219274668e-03
5.996307049981862598e-03
4.722501154861589306e-03
4.351434541322710993e-03
4.509143286267286964e-03
5.339763741301527082e-03
7.288111626858848578e-03
1.040704789506842302e-02
1.477948041247989681e-02
1.957935974276470148e-02
2.457697622321639366e-02
2.979618513144085060e-02
3.325344614322225945e-02
3.718952122116187670e-02
4.542641071691021909e-02
5.623878362588512897e-02
6.611062276527136794e-02
3.334470443713844628e-02
2.945881074519431791e-02
2.457403104828604148e-02
1.947282301768862509e-02
1.535628752489245734e-02
1.242023771589324116e-02
9.857421113161794063e-03
8.476090856294306655e-03
7.768093252978564532e-03
7.293732573064305030e-03
7.770976603727223347e-03
8.473703466425834552e-03
9.855734905893635822e-03
1.242208883139051673e-02
1.535886284618133424e-02
1.946779443817798355e-02
2.457697622321641448e-02
2.945629664431789058e-02
3.334217316387518004e-02
3.419246979785765805e-02
3.325548117725293101e-02
3.299426397067144884e-02
3.325072557762705910e-02
3.419103395037547538e-02
1.765937231287165871e-02
1.537144254094413576e-02
1.363878926429592901e-02
1.184612405775722389e-02
1.073919342775531832e-02
9.857421113161794063e-03
9.280734891400698600e-03
9.854658124576011480e-03
1.073757094854310701e-02
1.184912141073977444e-02
1.364235876045030195e-02
1.537202669117802151e-02
1.766436149926773475e-02
2.013447118798813648e-02
2.217265785487038121e-02
2.555681842592665010e-02
2.979618513144082978e-02
3.334217316387518004e-02
3.485820184846188940e-02
3.334609055006006878e-02
2.979706913725010953e-02
2.555979866961003225e-02
2.217601010623833011e-02
2.013425680246250932e-02
9.854658124576011480e-03
8.476090856294308390e-03
7.769575201219298954e-03
7.295677169046036262e-03
7.769575201219305893e-03
8.476090856294299716e-03
9.854658124576011480e-03
1.242010905801260202e-02
1.536271528990512322e-02
1.947047352862132930e-02
2.457760303198645163e-02
2.945716752227403937e-02
3.334609055006004796e-02
3.419246979785761642e-02
3.325344614322223169e-02
3.299804002414862686e-02
3.325344614322223169e-02
3.419246979785763030e-02
3.334609055006005490e-02
2.945716752227407406e-02
2.457760303198645163e-02
1.947047352862135011e-02
1.536271528990511628e-02
1.242010905801258815e-02
5.336854193786357003e-03
4.513274677541851028e-03
4.352909053219819469e-03
4.725220121248244545e-03
5.996307049981878211e-03
7.768093252978568869e-03
1.073757094854308272e-02
1.536271528990509026e-02
2.187144141783866833e-02
3.291141509092518347e-02
4.804670750666838880e-02
6.210421466216884540e-02
6.927928304872253695e-02
6.610601182514931617e-02
5.624485552513255188e-02
4.542210622620499599e-02
3.718952122116185588e-02
3.325548117725293101e-02
2.979706913725009912e-02
2.457760303198646551e-02
1.957595724778602927e-02
1.478299534084247593e-02
1.041076520123920303e-02
7.290864631634795014e-03
3.387526947528165817e-03
2.834547456861048753e-03
2.886576212523578235e-03
3.425268797018577414e-03
4.722501154861600582e-03
7.293732573064302428e-03
1.184912141073975710e-02
1.947047352862131195e-02
3.291141509092517653e-02
5.740294434530572587e-02
8.750670598445532689e-02
1.030501647842023555e-01
1.051900905381707441e-01
1.058906411938904946e-01
9.415361604851017752e-02
6.808501745024087004e-02
4.542641071691014970e-02
3.299426397067143496e-02
2.555979866961003225e-02
1.947047352862135705e-02
1.478299534084246726e-02
1.090407839434202712e-02
7.187018360107796759e-03
4.668445065549889535e-03
2.284529905311200992e-03
1.985660777823108208e-03
2.224367107145021685e-03
2.887650297731960032e-03
4.351434541322719667e-03
7.770976603727219011e-03
1.364235876045028460e-02
2.457760303198643428e-02
4.804670750666838186e-02
8.750670598445532689e-02
1.023842898841213905e-01
5.483861990524838137e-02
2.411792741731686243e-02
5.598981943801439182e-02
1.058985280752739039e-01
9.415125560371694069e-02
5.623878362588507346e-02
3.325072557762703829e-02
2.217601010623831623e-02
1.536271528990510588e-02
1.041076520123919436e-02
7.187018360107790688e-03
4.584036489627158796e-03
2.950170004284296665e-03
1.588613988898694707e-03
1.530572429269766443e-03
1.988178129086520720e-03
2.837177612779373873e-03
4.509143286267281760e-03
8.473703466425827613e-03
1.537202669117803018e-02
2.945716752227405325e-02
6.210421466216884540e-02
1.030501647842023555e-01
5.483861990524844382e-02
1.068019051779942008e-12
1.068019051779942008e-12
1.068019051779942008e-12
5.599345124637335191e-02
1.058979681945204226e-01
6.611062276527135406e-02
3.419103395037545456e-02
2.013425680246249891e-02
1.242010905801256386e-02
7.290864631634808024e-03
4.668445065549889535e-03
2.950170004284301869e-03
1.884950411115176010e-03
1.475789803391747146e-03
1.587282445134831311e-03
2.285762168348702810e-03
3.388299312082165664e-03
5.339763741301542695e-03
9.855734905893635822e-03
1.766436149926772781e-02
3.334609055006002715e-02
6.927928304872250920e-02
1.051900905381707441e-01
2.411792741731692141e-02
1.068019051779942008e-12
1.068019051779942008e-12
1.068019051779942008e-12
2.411794872917486995e-02
1.051823038988478204e-01
6.928593764514176523e-02
3.334470443713841159e-02
1.765937231287162401e-02
9.854658124576004541e-03
5.336854193786372616e-03
3.387526947528179261e-03
2.284529905311200992e-03
1.588613988898691671e-03
1.587282445134830227e-03
1.881497004241774454e-03
2.949197842768949435e-03
4.664488047068165825e-03
7.288111626858852048e-03
1.242208883139050805e-02
2.013447118798811566e-02
3.419246979785758866e-02
6.610601182514926066e-02
1.058906411938904946e-01
5.598981943801440569e-02
1.068019051779942008e-12
1.068019051779942008e-12
1.068019051779942008e-12
5.483879345173277298e-02
1.030518981539652879e-01
6.210116701186687432e-02
2.945881074519429710e-02
1.537144254094410974e-02
8.476090856294303186e-03
4.513274677541868375e-03
2.834547456861053957e-03
1.985660777823099535e-03
1.530572429269763408e-03
2.285762168348689366e-03
2.949197842768944231e-03
4.587692454036715328e-03
7.190144160950521016e-03
1.040704789506842649e-02
1.535886284618133077e-02
2.217265785487037427e-02
3.325344614322221087e-02
5.624485552513254494e-02
9.415361604851014976e-02
1.058985280752739316e-01
5.599345124637331722e-02
2.411794872917480750e-02
5.483879345173272440e-02
1.023869884696762683e-01
8.750977429350963177e-02
4.804046022332743304e-02
2.457403104828599985e-02
1.363878926429590473e-02
7.769575201219285077e-03
4.352909053219819469e-03
2.886576212523592980e-03
2.224367107145012144e-03
1.988178129086514215e-03
3.388299312082165664e-03
4.664488047068160621e-03
7.190144160950514077e-03
1.090685021129268566e-02
1.477948041247988814e-02
1.946779443817798355e-02
2.555681842592665010e-02
3.299804002414862686e-02
4.542210622620499599e-02
6.808501745024087004e-02
9.415125560371698232e-02
1.058979681945204226e-01
1.051823038988478481e-01
1.030518981539653434e-01
8.750977429350960402e-02
5.741136574560220390e-02
3.291062660338372331e-02
1.947282301768861121e-02
1.184612405775719961e-02
7.295677169046009373e-03
4.725220121248218524e-03
3.425268797018567006e-03
2.887650297731964803e-03
2.837177612779376041e-03
5.339763741301527082e-03
7.288111626858848578e-03
1.040704789506842302e-02
1.477948041247989681e-02
1.957935974276470148e-02
2.457697622321639366e-02
2.979618513144085060e-02
3.325344614322225945e-02
3.718952122116187670e-02
4.542641071691021909e-02
5.623878362588512897e-02
6.611062276527136794e-02
6.928593764514180686e-02
6.210116701186690902e-02
4.804046022332746774e-02
3.291062660338374413e-02
2.186268297440966887e-02
1.535628752489243132e-02
1.073919342775529230e-02
7.769575201219274668e-03
5.996307049981862598e-03
4.722501154861589306e-03
4.351434541322710993e-03
4.509143286267286964e-03
9.855734905893635822e-03
1.242208883139051673e-02
1.535886284618133424e-02
1.946779443817798355e-02
2.457697622321641448e-02
2.945629664431789058e-02
3.334217316387518004e-02
3.419246979785765805e-02
3.325548117725293101e-02
3.299426397067144884e-02
3.325072557762705910e-02
3.419103395037547538e-02
3.334470443713844628e-02
2.945881074519431791e-02
2.457403104828604148e-02
1.947282301768862509e-02
1.535628752489245734e-02
1.242023771589324116e-02
9.857421113161794063e-03
8.476090856294306655e-03
7.768093252978564532e-03
7.293732573064305030e-03
7.770976603727223347e-03
8.473703466425834552e-03
1.766436149926773475e-02
2.013447118798813648e-02
2.217265785487038121e-02
2.555681842592665010e-02
2.979618513144082978e-02
3.334217316387518004e-02
3.485820184846188940e-02
3.334609055006006878e-02
2.979706913725010953e-02
2.555979866961003225e-02
2.217601010623833011e-02
2.013425680246250932e-02
1.765937231287165871e-02
1.537144254094413576e-02
1.363878926429592901e-02
1.184612405775722389e-02
1.073919342775531832e-02
9.857421113161794063e-03
9.280734891400698600e-03
9.854658124576011480e-03
1.073757094854310701e-02
1.184912141073977444e-02
1.364235876045030195e-02
1.537202669117802151e-02
3.334609055006004796e-02
3.419246979785761642e-02
3.325344614322223169e-02
3.299804002414862686e-02
3.325344614322223169e-02
3.419246979785763030e-02
3.334609055006005490e-02
2.945716752227407406e-02
2.457760303198645163e-02
1.947047352862135011e-02
1.536271528990511628e-02
1.242010905801258815e-02
9.854658124576011480e-03
8.476090856294308390e-03
7.769575201219298954e-03
7.295677169046036262e-03
7.769575201219305893e-03
8.476090856294299716e-03
9.854658124576011480e-03
1.242010905801260202e-02
1.536271528990512322e-02
1.947047352862132930e-02
2.457760303198645163e-02
2.945716752227403937e-02
6.927928304872253695e-02
6.610601182514931617e-02
5.624485552513255188e-02
4.542210622620499599e-02
3.718952122116185588e-02
3.325548117725293101e-02
2.979706913725009912e-02
2.457760303198646551e-02
1.957595724778602927e-02
1.478299534084247593e-02
1.041076520123920303e-02
7.290864631634795014e-03
5.336854193786357003e-03
4.513274677541851028e-03
4.352909053219819469e-03
4.725220121248244545e-03
5.996307049981878211e-03
7.768093252978568869e-03
1.073757094854308272e-02
1.536271528990509026e-02
2.187144141783866833e-02
3.291141509092518347e-02
4.804670750666838880e-02
6.210421466216884540e-02
1.051900905381707441e-01
1.058906411938904946e-01
9.415361604851017752e-02
6.808501745024087004e-02
4.542641071691014970e-02
3.299426397067143496e-02
2.555979866961003225e-02
1.947047352862135705e-02
1.478299534084246726e-02
1.090407839434202712e-02
7.187018360107796759e-03
4.668445065549889535e-03
3.387526947528165817e-03
2.834547456861048753e-03
2.886576212523578235e-03
3.425268797018577414e-03
4.722501154861600582e-03
7.293732573064302428e-03
1.184912141073975710e-02
1.947047352862131195e-02
3.291141509092517653e-02
5.740294434530572587e-02
8.750670598445532689e-02
1.030501647842023555e-01
2.411792741731686243e-02
5.598981943801439182e-02
1.058985280752739039e-01
9.415125560371694069e-02
5.623878362588507346e-02
3.325072557762703829e-02
2.217601010623831623e-02
1.536271528990510588e-02
1.041076520123919436e-02
7.187018360107790688e-03
4.584036489627158796e-03
2.950170004284296665e-03
2.284529905311200992e-03
1.985660777823108208e-03
2.224367107145021685e-03
2.887650297731960032e-03
4.351434541322719667e-03
7.770976603727219011e-03
1.364235876045028460e-02
2.457760303198643428e-02
4.804670750666838186e-02
8.750670598445532689e-02
1.023842898841213905e-01
5.483861990524838137e-02
1.068019051779942008e-12
1.068019051779942008e-12
5.599345124637335191e-02
1.058979681945204226e-01
6.611062276527135406e-02
3.419103395037545456e-02
2.013425680246249891e-02
1.242010905801256386e-02
7.290864631634808024e-03
4.668445065549889535e-03
2.950170004284301869e-03
1.884950411115176010e-03
1.588613988898694707e-03
1.530572429269766443e-03
1.988178129086520720e-03
2.837177612779373873e-03
4.509143286267281760e-03
8.473703466425827613e-03
1.537202669117803018e-02
2.945716752227405325e-02
6.210421466216884540e-02
1.030501647842023555e-01
5.483861990524844382e-02
1.068019051779942008e-12
