4.387272724207817554e+00
2.762770285945743698e+00
7.689956751723925343e-02
-1.003777786309029807e+00
-8.052304275689756707e-01
-4.643777948702358938e-01
-2.745615597418502030e-01
-1.650763994664153356e-01
-9.433024583960614162e-02
-6.089616187511279199e-02
-3.869111236060396308e-02
-1.577079434820422010e-02
-8.429752804831436297e-03
-1.578447859305551204e-02
-3.871458664507015923e-02
-6.087675010806922749e-02
-9.432240967082963778e-02
-1.650864554807172091e-01
-2.745345742854384818e-01
-4.643878508845377673e-01
-8.052225914001991391e-01
-1.003758374541986020e+00
7.687609323277311280e-02
2.762756601700892212e+00
2.762770285945743698e+00
1.567920567121177333e+00
-3.532359676026016193e-01
-1.020033382385107545e+00
-7.609344462332705561e-01
-4.494448325014765988e-01
-2.782841957869637839e-01
-1.737427883879323065e-01
-9.990285934224077402e-02
-6.171144006128154169e-02
-3.674468542418274364e-02
-1.885686485654675115e-02
-1.578447859305537326e-02
-1.887757945579415786e-02
-3.671683751837556686e-02
-6.173808055482171708e-02
-9.989877216488249334e-02
-1.737682751002675441e-01
-2.782880322518104244e-01
-4.494726030576946529e-01
-7.610351599351902196e-01
-1.020023804209122531e+00
-3.532382013912336305e-01
1.567906200524994853e+00
7.689956751724014161e-02
-3.532359676026011197e-01
-9.444566381997534510e-01
-9.537387643474440901e-01
-6.502425861968594845e-01
-4.136883911167647532e-01
-2.787184058640146400e-01
-1.866744080357476687e-01
-1.188609301305640076e-01
-7.877312285954091164e-02
-4.944829832189906460e-02
-3.677794537493811466e-02
-3.871458664506999270e-02
-3.671683751837545584e-02
-4.945895863199686882e-02
-7.870058991126549497e-02
-1.188351314398815861e-01
-1.866419906282655305e-01
-2.787365412038250723e-01
-4.136703385063174587e-01
-6.501875490656128243e-01
-9.537616100457514401e-01
-9.444378158316804051e-01
-3.532049414404777044e-01
-1.003777786309029585e+00
-1.020033382385107323e+00
-9.537387643474442012e-01
-7.387454505374403402e-01
-5.132764787955153007e-01
-3.689854348423134978e-01
-2.759590623814454080e-01
-2.024175624803919438e-01
-1.515115909046771681e-01
-1.136496176256578672e-01
-7.874189920658175579e-02
-6.169494465394087523e-02
-6.087675010806903320e-02
-6.173808055482160606e-02
-7.870058991126538395e-02
-1.136309141471291417e-01
-1.515361751100404719e-01
-2.024452965004548410e-01
-2.759285549351305766e-01
-3.689389456711178461e-01
-5.132959518874948834e-01
-7.387765681810632978e-01
-9.537928336987108180e-01
-1.020040299616463031e+00
-8.052304275689761148e-01
-7.609344462332707781e-01
-6.502425861968595955e-01
-5.132764787955157448e-01
-3.981941708048679640e-01
-3.315037964593341435e-01
-2.787184058640143625e-01
-2.269119735565210960e-01
-1.884066751798766648e-01
-1.515595441387941056e-01
-1.188325221519134223e-01
-9.993583599881078472e-02
-9.432240967082919370e-02
-9.989877216488213252e-02
-1.188351314398815584e-01
-1.515361751100406107e-01
-1.883575470211350522e-01
-2.269194151146451399e-01
-2.787365412038253498e-01
-3.314255111131430565e-01
-3.982171921813924542e-01
-5.132479986533782235e-01
-6.502159570442637149e-01
-7.610021832786202367e-01
-4.643777948702361713e-01
-4.494448325014768209e-01
-4.136883911167649197e-01
-3.689854348423137198e-01
-3.315037964593343656e-01
-3.079237372524262217e-01
-2.782841957869640614e-01
-2.495834032224686916e-01
-2.268751677264727040e-01
-2.024212978547842434e-01
-1.866485554988094320e-01
-1.737176987160716501e-01
-1.650864554807171536e-01
-1.737682751002677106e-01
-1.866419906282656693e-01
-2.024452965004550076e-01
-2.269194151146451399e-01
-2.495748734561809845e-01
-2.782880322518108129e-01
-3.079102264645495746e-01
-3.314623169431917260e-01
-3.689352102967259905e-01
-4.136961910432562228e-01
-4.494976927295559754e-01
-2.745615597418505360e-01
-2.782841957869640059e-01
-2.787184058640146955e-01
-2.759590623814455745e-01
-2.787184058640146400e-01
-2.782841957869640614e-01
-2.745615597418507581e-01
-2.782555544701549310e-01
-2.787256199620388175e-01
-2.759438086582881589e-01
-2.787293271058015609e-01
-2.783166735686197768e-01
-2.745345742854387039e-01
-2.782880322518105909e-01
-2.787365412038252943e-01
-2.759285549351307432e-01
-2.787365412038252388e-01
-2.782880322518105354e-01
-2.745345742854389259e-01
-2.783166735686197213e-01
-2.787293271058012833e-01
-2.759438086582882144e-01
-2.787256199620384844e-01
-2.782555544701549866e-01
-1.650763994664155299e-01
-1.737427883879325563e-01
-1.866744080357476965e-01
-2.024175624803923323e-01
-2.269119735565214291e-01
-2.495834032224688859e-01
-2.782555544701548755e-01
-3.079077124049611203e-01
-3.314635778626302542e-01
-3.689712232153818938e-01
-4.136794353799586044e-01
-4.495114314427650637e-01
-4.643878508845377673e-01
-4.494726030576950415e-01
-4.136703385063177363e-01
-3.689389456711180126e-01
-3.314255111131430009e-01
-3.079102264645494635e-01
-2.783166735686198878e-01
-2.495908983036460027e-01
-2.269596337113493623e-01
-2.024595081273869446e-01
-1.866509463650722067e-01
-1.737016761589795233e-01
-9.433024583960594733e-02
-9.990285934224060749e-02
-1.188609301305641186e-01
-1.515115909046773901e-01
-1.884066751798768591e-01
-2.268751677264726485e-01
-2.787256199620384289e-01
-3.314635778626300322e-01
-3.981806285793973998e-01
-5.132856224476325391e-01
-6.502064653777148706e-01
-7.609504932959334500e-01
-8.052225914001992502e-01
-7.610351599351903307e-01
-6.501875490656130463e-01
-5.132959518874948834e-01
-3.982171921813922322e-01
-3.314623169431916150e-01
-2.787293271058012278e-01
-2.269596337113493068e-01
-1.883710892466055054e-01
-1.515270314579235389e-01
-1.188712522590263110e-01
-9.988272510221934963e-02
-6.089616187511279199e-02
-6.171144006128137516e-02
-7.877312285954102267e-02
-1.136496176256579504e-01
-1.515595441387940501e-01
-2.024212978547841046e-01
-2.759438086582878813e-01
-3.689712232153813387e-01
-5.132856224476323170e-01
-7.387523837371275937e-01
-9.537229164929962311e-01
-1.020092924347102414e+00
-1.003758374541985798e+00
-1.020023804209122531e+00
-9.537616100457514401e-01
-7.387765681810631868e-01
-5.132479986533778904e-01
-3.689352102967258240e-01
-2.759438086582881033e-01
-2.024595081273868336e-01
-1.515270314579235389e-01
-1.136239809474418883e-01
-7.871643776571346507e-02
-6.167853859282673712e-02
-3.869111236060385206e-02
-3.674468542418279915e-02
-4.944829832189928664e-02
-7.874189920658186681e-02
-1.188325221519135333e-01
-1.866485554988092099e-01
-2.787293271058011723e-01
-4.136794353799584378e-01
-6.502064653777145375e-01
-9.537229164929958980e-01
-9.444081573615878966e-01
-3.532047061158756773e-01
7.687609323277388995e-02
-3.532382013912330754e-01
-9.444378158316801830e-01
-9.537928336987103739e-01
-6.502159570442633818e-01
-4.136961910432557232e-01
-2.787256199620384844e-01
-1.866509463650719014e-01
-1.188712522590262277e-01
-7.871643776571346507e-02
-4.950743947016242319e-02
-3.674809900510100924e-02
-1.577079434820455317e-02
-1.885686485654713973e-02
-3.677794537493844773e-02
-6.169494465394104177e-02
-9.993583599881086799e-02
-1.737176987160714003e-01
-2.783166735686198878e-01
-4.495114314427648972e-01
-7.609504932959334500e-01
-1.020092924347102414e+00
-3.532047061158760659e-01
1.567936263813468400e+00
2.762756601700893100e+00
1.567906200524994853e+00
-3.532049414404780374e-01
-1.020040299616463031e+00
-7.610021832786199036e-01
-4.494976927295555313e-01
-2.782555544701543204e-01
-1.737016761589793012e-01
-9.988272510221943290e-02
-6.167853859282673712e-02
-3.674809900510100924e-02
-1.889327614808478106e-02
-8.429752804831436297e-03
-1.578447859305551204e-02
-3.871458664507015923e-02
-6.087675010806922749e-02
-9.432240967082963778e-02
-1.650864554807172091e-01
-2.745345742854384818e-01
-4.643878508845377673e-01
-8.052225914001991391e-01
-1.003758374541986020e+00
7.687609323277311280e-02
2.762756601700892212e+00
4.387272724207817554e+00
2.762770285945743698e+00
7.689956751723925343e-02
-1.003777786309029807e+00
-8.052304275689756707e-01
-4.643777948702358938e-01
-2.745615597418502030e-01
-1.650763994664153356e-01
-9.433024583960614162e-02
-6.089616187511279199e-02
-3.869111236060396308e-02
-1.577079434820422010e-02
-1.578447859305537326e-02
-1.887757945579415786e-02
-3.671683751837556686e-02
-6.173808055482171708e-02
-9.989877216488249334e-02
-1.737682751002675441e-01
-2.782880322518104244e-01
-4.494726030576946529e-01
-7.610351599351902196e-01
-1.020023804209122531e+00
-3.532382013912336305e-01
1.567906200524994853e+00
2.762770285945743698e+00
1.567920567121177333e+00
-3.532359676026016193e-01
-1.020033382385107545e+00
-7.609344462332705561e-01
-4.494448325014765988e-01
-2.782841957869637839e-01
-1.737427883879323065e-01
-9.990285934224077402e-02
-6.171144006128154169e-02
-3.674468542418274364e-02
-1.885686485654675115e-02
-3.871458664506999270e-02
-3.671683751837545584e-02
-4.945895863199686882e-02
-7.870058991126549497e-02
-1.188351314398815861e-01
-1.866419906282655305e-01
-2.787365412038250723e-01
-4.136703385063174587e-01
-6.501875490656128243e-01
-9.537616100457514401e-01
-9.444378158316804051e-01
-3.532049414404777044e-01
7.689956751724014161e-02
-3.532359676026011197e-01
-9.444566381997534510e-01
-9.537387643474440901e-01
-6.502425861968594845e-01
-4.136883911167647532e-01
-2.787184058640146400e-01
-1.866744080357476687e-01
-1.188609301305640076e-01
-7.877312285954091164e-02
-4.944829832189906460e-02
-3.677794537493811466e-02
-6.087675010806903320e-02
-6.173808055482160606e-02
-7.870058991126538395e-02
-1.136309141471291417e-01
-1.515361751100404719e-01
-2.024452965004548410e-01
-2.759285549351305766e-01
-3.689389456711178461e-01
-5.132959518874948834e-01
-7.387765681810632978e-01
-9.537928336987108180e-01
-1.020040299616463031e+00
-1.003777786309029585e+00
-1.020033382385107323e+00
-9.537387643474442012e-01
-7.387454505374403402e-01
-5.132764787955153007e-01
-3.689854348423134978e-01
-2.759590623814454080e-01
-2.024175624803919438e-01
-1.515115909046771681e-01
-1.136496176256578672e-01
-7.874189920658175579e-02
-6.169494465394087523e-02
-9.432240967082919370e-02
-9.989877216488213252e-02
-1.188351314398815584e-01
-1.515361751100406107e-01
-1.883575470211350522e-01
-2.269194151146451399e-01
-2.787365412038253498e-01
-3.314255111131430565e-01
-3.982171921813924542e-01
-5.132479986533782235e-01
-6.502159570442637149e-01
-7.610021832786202367e-01
-8.052304275689761148e-01
-7.609344462332707781e-01
-6.502425861968595955e-01
-5.132764787955157448e-01
-3.981941708048679640e-01
-3.315037964593341435e-01
-2.787184058640143625e-01
-2.269119735565210960e-01
-1.884066751798766648e-01
-1.515595441387941056e-01
-1.188325221519134223e-01
-9.993583599881078472e-02
-1.650864554807171536e-01
-1.737682751002677106e-01
-1.866419906282656693e-01
-2.024452965004550076e-01
-2.269194151146451399e-01
-2.495748734561809845e-01
-2.782880322518108129e-01
-3.079102264645495746e-01
-3.314623169431917260e-01
-3.689352102967259905e-01
-4.136961910432562228e-01
-4.494976927295559754e-01
-4.643777948702361713e-01
-4.494448325014768209e-01
-4.136883911167649197e-01
-3.689854348423137198e-01
-3.315037964593343656e-01
-3.079237372524262217e-01
-2.782841957869640614e-01
-2.495834032224686916e-01
-2.268751677264727040e-01
-2.024212978547842434e-01
-1.866485554988094320e-01
-1.737176987160716501e-01
-2.745345742854387039e-01
-2.782880322518105909e-01
-2.787365412038252943e-01
-2.759285549351307432e-01
-2.787365412038252388e-01
-2.782880322518105354e-01
-2.745345742854389259e-01
-2.783166735686197213e-01
-2.787293271058012833e-01
-2.759438086582882144e-01
-2.787256199620384844e-01
-2.782555544701549866e-01
-2.745615597418505360e-01
-2.782841957869640059e-01
-2.787184058640146955e-01
-2.759590623814455745e-01
-2.787184058640146400e-01
-2.782841957869640614e-01
-2.745615597418507581e-01
-2.782555544701549310e-01
-2.787256199620388175e-01
-2.759438086582881589e-01
-2.787293271058015609e-01
-2.783166735686197768e-01
-4.643878508845377673e-01
-4.494726030576950415e-01
-4.136703385063177363e-01
-3.689389456711180126e-01
-3.314255111131430009e-01
-3.079102264645494635e-01
-2.783166735686198878e-01
-2.495908983036460027e-01
-2.269596337113493623e-01
-2.024595081273869446e-01
-1.866509463650722067e-01
-1.737016761589795233e-01
-1.650763994664155299e-01
-1.737427883879325563e-01
-1.866744080357476965e-01
-2.024175624803923323e-01
-2.269119735565214291e-01
-2.495834032224688859e-01
-2.782555544701548755e-01
-3.079077124049611203e-01
-3.314635778626302542e-01
-3.689712232153818938e-01
-4.136794353799586044e-01
-4.495114314427650637e-01
-8.052225914001992502e-01
-7.610351599351903307e-01
-6.501875490656130463e-01
-5.132959518874948834e-01
-3.982171921813922322e-01
-3.314623169431916150e-01
-2.787293271058012278e-01
-2.269596337113493068e-01
-1.883710892466055054e-01
-1.515270314579235389e-01
-1.188712522590263110e-01
-9.988272510221934963e-02
-9.433024583960594733e-02
-9.990285934224060749e-02
-1.188609301305641186e-01
-1.515115909046773901e-01
-1.884066751798768591e-01
-2.268751677264726485e-01
-2.787256199620384289e-01
-3.314635778626300322e-01
-3.981806285793973998e-01
-5.132856224476325391e-01
-6.502064653777148706e-01
-7.609504932959334500e-01
-1.003758374541985798e+00
-1.020023804209122531e+00
-9.537616100457514401e-01
-7.387765681810631868e-01
-5.132479986533778904e-01
-3.689352102967258240e-01
-2.759438086582881033e-01
-2.024595081273868336e-01
-1.515270314579235389e-01
-1.136239809474418883e-01
-7.871643776571346507e-02
-6.167853859282673712e-02
-6.089616187511279199e-02
-6.171144006128137516e-02
-7.877312285954102267e-02
-1.136496176256579504e-01
-1.515595441387940501e-01
-2.024212978547841046e-01
-2.759438086582878813e-01
-3.689712232153813387e-01
-5.132856224476323170e-01
-7.387523837371275937e-01
-9.537229164929962311e-01
-1.020092924347102414e+00
7.687609323277388995e-02
-3.532382013912330754e-01
-9.444378158316801830e-01
-9.537928336987103739e-01
-6.502159570442633818e-01
-4.136961910432557232e-01
-2.787256199620384844e-01
-1.866509463650719014e-01
-1.188712522590262277e-01
-7.871643776571346507e-02
-4.950743947016242319e-02
-3.674809900510100924e-02
-3.869111236060385206e-02
-3.674468542418279915e-02
-4.944829832189928664e-02
-7.874189920658186681e-02
-1.188325221519135333e-01
-1.866485554988092099e-01
-2.787293271058011723e-01
-4.136794353799584378e-01
-6.502064653777145375e-01
-9.537229164929958980e-01
-9.444081573615878966e-01
-3.532047061158756773e-01
2.762756601700893100e+00
1.567906200524994853e+00
-3.532049414404780374e-01
-1.020040299616463031e+00
-7.610021832786199036e-01
-4.494976927295555313e-01
-2.782555544701543204e-01
-1.737016761589793012e-01
-9.988272510221943290e-02
-6.167853859282673712e-02
-3.674809900510100924e-02
-1.889327614808478106e-02
-1.577079434820455317e-02
-1.885686485654713973e-02
-3.677794537493844773e-02
-6.169494465394104177e-02
-9.993583599881086799e-02
-1.737176987160714003e-01
-2.783166735686198878e-01
-4.495114314427648972e-01
-7.609504932959334500e-01
-1.020092924347102414e+00
-3.532047061158760659e-01
1.567936263813468400e+00
2.762770285945743698e+00
1.567920567121177777e+00
-3.532359676026016193e-01
-1.020033382385107545e+00
-7.609344462332703340e-01
-4.494448325014765988e-01
-2.782841957869637284e-01
-1.737427883879320012e-01
-9.990285934224066300e-02
-6.171144006128137516e-02
-3.674468542418263262e-02
-1.885686485654691769e-02
-1.578447859305542877e-02
-1.887757945579401908e-02
-3.671683751837556686e-02
-6.173808055482182811e-02
-9.989877216488263212e-02
-1.737682751002677939e-01
-2.782880322518104244e-01
-4.494726030576947640e-01
-7.610351599351898866e-01
-1.020023804209122753e+00
-3.532382013912335750e-01
1.567906200524994187e+00
1.567920567121177999e+00
6.955084429528229917e-01
-6.540823315691912665e-01
-1.024868733901334039e+00
-7.361313705939368512e-01
-4.578842964533955118e-01
-3.079237372524261107e-01
-2.103886408150424936e-01
-1.336136831056355945e-01
-8.740600958002653353e-02
-5.224663589064393321e-02
-2.667326341066628137e-02
-1.887757945579404684e-02
-1.734529182965183214e-02
-2.938295109552369055e-02
-4.960401425686436494e-02
-8.447974256459117592e-02
-1.526142504499468644e-01
-2.495748734561806514e-01
-4.101660105644422405e-01
-7.041516226360040598e-01
-1.005630664025279231e+00
-6.444742191892587346e-01
6.998208373868346488e-01
-3.532359676026009532e-01
-6.540823315691909334e-01
-1.024851829087491284e+00
-9.441204254499317994e-01
-6.561909970564103745e-01
-4.486376787720850468e-01
-3.315037964593341435e-01
-2.493889199175147453e-01
-1.818419469178542969e-01
-1.319626346986788046e-01
-8.579045020700271085e-02
-5.215418245514191753e-02
-3.671683751837531706e-02
-2.938295109552349627e-02
-3.529101893606012563e-02
-5.074034909658114989e-02
-8.135060066325042194e-02
-1.415031762041343566e-01
-2.269194151146449179e-01
-3.582575587003807849e-01
-5.861761054694003548e-01
-8.969929085276979741e-01
-1.001066010100139181e+00
-6.444725049650741333e-01
-1.020033382385107545e+00
-1.024868733901334039e+00
-9.441204254499320214e-01
-7.516043628446049674e-01
-5.630273349630685598e-01
-4.460395683448705739e-01
-3.689854348423138863e-01
-3.001080857267782731e-01
-2.419015141574797911e-01
-1.891042824513154974e-01
-1.319721122989894191e-01
-8.733490996032405862e-02
-6.173808055482127299e-02
-4.960401425686408738e-02
-5.074034909658092785e-02
-6.243488835232935408e-02
-8.850510970633448937e-02
-1.337005334276754609e-01
-2.024452965004547855e-01
-3.000484535785788998e-01
-4.451668642842006030e-01
-6.658743604671459870e-01
-8.969759194010886727e-01
-1.005593075338901521e+00
-7.609344462332710002e-01
-7.361313705939371843e-01
-6.561909970564105965e-01
-5.630273349630685598e-01
-4.869490334975753454e-01
-4.486376787720852133e-01
-4.136883911167650307e-01
-3.582252413040050709e-01
-3.013846721802523332e-01
-2.418899668463610486e-01
-1.818977339217537903e-01
-1.336256124860981664e-01
-9.989877216488204925e-02
-8.447974256459081510e-02
-8.135060066325044970e-02
-8.850510970633451713e-02
-1.116465446397360006e-01
-1.415031762041346342e-01
-1.866419906282655305e-01
-2.494219733536021666e-01
-3.279425314895394461e-01
-4.451916210629621729e-01
-5.861996892835847905e-01
-7.041830804624180651e-01
-4.494448325014769874e-01
-4.578842964533957893e-01
-4.486376787720851023e-01
-4.460395683448704629e-01
-4.486376787720853798e-01
-4.578842964533961224e-01
-4.494448325014770984e-01
-4.101919808396689016e-01
-3.582663089695887759e-01
-3.001130429375460373e-01
-2.493845878819970774e-01
-2.104141407362616900e-01
-1.737682751002676551e-01
-1.526142504499469754e-01
-1.415031762041346619e-01
-1.337005334276756552e-01
-1.415031762041347452e-01
-1.526142504499468366e-01
-1.737682751002678216e-01
-2.104141407362615790e-01
-2.493845878819967998e-01
-3.001130429375462039e-01
-3.582663089695887759e-01
-4.101919808396687905e-01
-2.782841957869638394e-01
-3.079237372524260552e-01
-3.315037964593341990e-01
-3.689854348423137198e-01
-4.136883911167650862e-01
-4.494448325014774315e-01
-4.643777948702361713e-01
-4.494976927295560865e-01
-4.136961910432563894e-01
-3.689352102967260461e-01
-3.314623169431915040e-01
-3.079102264645493525e-01
-2.782880322518107574e-01
-2.495748734561809290e-01
-2.269194151146453620e-01
-2.024452965004550076e-01
-1.866419906282656971e-01
-1.737682751002677939e-01
-1.650864554807170703e-01
-1.737176987160715669e-01
-1.866485554988092654e-01
-2.024212978547841324e-01
-2.268751677264728706e-01
-2.495834032224686361e-01
-1.737427883879323065e-01
-2.103886408150423826e-01
-2.493889199175147176e-01
-3.001080857267781621e-01
-3.582252413040051819e-01
-4.101919808396687905e-01
-4.494976927295559199e-01
-4.578512104434801500e-01
-4.485657594178434904e-01
-4.460181007581286439e-01
-4.486129389868162565e-01
-4.578653237011909294e-01
-4.494726030576950415e-01
-4.101660105644426846e-01
-3.582575587003812290e-01
-3.000484535785792328e-01
-2.494219733536021943e-01
-2.104141407362615790e-01
-1.737176987160715114e-01
-1.526401127062889385e-01
-1.414857228670609868e-01
-1.337180911102122671e-01
-1.414392793377992896e-01
-1.526774696450236557e-01
-9.990285934224052422e-02
-1.336136831056356222e-01
-1.818419469178541859e-01
-2.419015141574799022e-01
-3.013846721802523332e-01
-3.582663089695887204e-01
-4.136961910432558343e-01
-4.485657594178429908e-01
-4.869259070685059698e-01
-5.629820390396558238e-01
-6.561957381648120258e-01
-7.361094146880329259e-01
-7.610351599351904417e-01
-7.041516226360045039e-01
-5.861761054694006878e-01
-4.451668642842007695e-01
-3.279425314895392796e-01
-2.493845878819966333e-01
-1.866485554988092099e-01
-1.414857228670607647e-01
-1.116100253039506163e-01
-8.849686428502465119e-02
-8.123672042519267111e-02
-8.443184963787114805e-02
-6.171144006128115311e-02
-8.740600958002647802e-02
-1.319626346986788601e-01
-1.891042824513154974e-01
-2.418899668463609376e-01
-3.001130429375458708e-01
-3.689352102967259350e-01
-4.460181007581281443e-01
-5.629820390396551577e-01
-7.516189658170877586e-01
-9.441357877654015240e-01
-1.024822183486760574e+00
-1.020023804209122975e+00
-1.005630664025279231e+00
-8.969929085276981962e-01
-6.658743604671457650e-01
-4.451916210629619508e-01
-3.001130429375459818e-01
-2.024212978547839659e-01
-1.337180911102122949e-01
-8.849686428502465119e-02
-6.252980591389173393e-02
-5.079870524450746938e-02
-4.958681604769518692e-02
-3.674468542418252159e-02
-5.224663589064382219e-02
-8.579045020700301616e-02
-1.319721122989894746e-01
-1.818977339217538736e-01
-2.493845878819967443e-01
-3.314623169431913929e-01
-4.486129389868160899e-01
-6.561957381648118037e-01
-9.441357877654013020e-01
-1.024864987873588262e+00
-6.541043032041092831e-01
-3.532382013912327978e-01
-6.444742191892581795e-01
-1.001066010100139181e+00
-8.969759194010880066e-01
-5.861996892835846795e-01
-3.582663089695885539e-01
-2.268751677264725930e-01
-1.414392793377989566e-01
-8.123672042519264336e-02
-5.079870524450763591e-02
-3.536646567316162337e-02
-2.934081092655532741e-02
-1.885686485654677891e-02
-2.667326341066644790e-02
-5.215418245514197304e-02
-8.733490996032450271e-02
-1.336256124860985273e-01
-2.104141407362616900e-01
-3.079102264645492970e-01
-4.578653237011907073e-01
-7.361094146880324818e-01
-1.024822183486760574e+00
-6.541043032041098382e-01
6.955377721894074883e-01
1.567906200524994853e+00
6.998208373868344268e-01
-6.444725049650741333e-01
-1.005593075338901077e+00
-7.041830804624176210e-01
-4.101919808396685685e-01
-2.495834032224682475e-01
-1.526774696450231839e-01
-8.443184963787123132e-02
-4.958681604769524243e-02
-2.934081092655554945e-02
-1.729651785284119780e-02
-1.578447859305542877e-02
-1.887757945579401908e-02
-3.671683751837556686e-02
-6.173808055482182811e-02
-9.989877216488263212e-02
-1.737682751002677939e-01
-2.782880322518104244e-01
-4.494726030576947640e-01
-7.610351599351898866e-01
-1.020023804209122753e+00
-3.532382013912335750e-01
1.567906200524994187e+00
2.762770285945743698e+00
1.567920567121177777e+00
-3.532359676026016193e-01
-1.020033382385107545e+00
-7.609344462332703340e-01
-4.494448325014765988e-01
-2.782841957869637284e-01
-1.737427883879320012e-01
-9.990285934224066300e-02
-6.171144006128137516e-02
-3.674468542418263262e-02
-1.885686485654691769e-02
-1.887757945579404684e-02
-1.734529182965183214e-02
-2.938295109552369055e-02
-4.960401425686436494e-02
-8.447974256459117592e-02
-1.526142504499468644e-01
-2.495748734561806514e-01
-4.101660105644422405e-01
-7.041516226360040598e-01
-1.005630664025279231e+00
-6.444742191892587346e-01
6.998208373868346488e-01
1.567920567121177999e+00
6.955084429528229917e-01
-6.540823315691912665e-01
-1.024868733901334039e+00
-7.361313705939368512e-01
-4.578842964533955118e-01
-3.079237372524261107e-01
-2.103886408150424936e-01
-1.336136831056355945e-01
-8.740600958002653353e-02
-5.224663589064393321e-02
-2.667326341066628137e-02
-3.671683751837531706e-02
-2.938295109552349627e-02
-3.529101893606012563e-02
-5.074034909658114989e-02
-8.135060066325042194e-02
-1.415031762041343566e-01
-2.269194151146449179e-01
-3.582575587003807849e-01
-5.861761054694003548e-01
-8.969929085276979741e-01
-1.001066010100139181e+00
-6.444725049650741333e-01
-3.532359676026009532e-01
-6.540823315691909334e-01
-1.024851829087491284e+00
-9.441204254499317994e-01
-6.561909970564103745e-01
-4.486376787720850468e-01
-3.315037964593341435e-01
-2.493889199175147453e-01
-1.818419469178542969e-01
-1.319626346986788046e-01
-8.579045020700271085e-02
-5.215418245514191753e-02
-6.173808055482127299e-02
-4.960401425686408738e-02
-5.074034909658092785e-02
-6.243488835232935408e-02
-8.850510970633448937e-02
-1.337005334276754609e-01
-2.024452965004547855e-01
-3.000484535785788998e-01
-4.451668642842006030e-01
-6.658743604671459870e-01
-8.969759194010886727e-01
-1.005593075338901521e+00
-1.020033382385107545e+00
-1.024868733901334039e+00
-9.441204254499320214e-01
-7.516043628446049674e-01
-5.630273349630685598e-01
-4.460395683448705739e-01
-3.689854348423138863e-01
-3.001080857267782731e-01
-2.419015141574797911e-01
-1.891042824513154974e-01
-1.319721122989894191e-01
-8.733490996032405862e-02
-9.989877216488204925e-02
-8.447974256459081510e-02
-8.135060066325044970e-02
-8.850510970633451713e-02
-1.116465446397360006e-01
-1.415031762041346342e-01
-1.866419906282655305e-01
-2.494219733536021666e-01
-3.279425314895394461e-01
-4.451916210629621729e-01
-5.861996892835847905e-01
-7.041830804624180651e-01
-7.609344462332710002e-01
-7.361313705939371843e-01
-6.561909970564105965e-01
-5.630273349630685598e-01
-4.869490334975753454e-01
-4.486376787720852133e-01
-4.136883911167650307e-01
-3.582252413040050709e-01
-3.013846721802523332e-01
-2.418899668463610486e-01
-1.818977339217537903e-01
-1.336256124860981664e-01
-1.737682751002676551e-01
-1.526142504499469754e-01
-1.415031762041346619e-01
-1.337005334276756552e-01
-1.415031762041347452e-01
-1.526142504499468366e-01
-1.737682751002678216e-01
-2.104141407362615790e-01
-2.493845878819967998e-01
-3.001130429375462039e-01
-3.582663089695887759e-01
-4.101919808396687905e-01
-4.494448325014769874e-01
-4.578842964533957893e-01
-4.486376787720851023e-01
-4.460395683448704629e-01
-4.486376787720853798e-01
-4.578842964533961224e-01
-4.494448325014770984e-01
-4.101919808396689016e-01
-3.582663089695887759e-01
-3.001130429375460373e-01
-2.493845878819970774e-01
-2.104141407362616900e-01
-2.782880322518107574e-01
-2.495748734561809290e-01
-2.269194151146453620e-01
-2.024452965004550076e-01
-1.866419906282656971e-01
-1.737682751002677939e-01
-1.650864554807170703e-01
-1.737176987160715669e-01
-1.866485554988092654e-01
-2.024212978547841324e-01
-2.268751677264728706e-01
-2.495834032224686361e-01
-2.782841957869638394e-01
-3.079237372524260552e-01
-3.315037964593341990e-01
-3.689854348423137198e-01
-4.136883911167650862e-01
-4.494448325014774315e-01
-4.643777948702361713e-01
-4.494976927295560865e-01
-4.136961910432563894e-01
-3.689352102967260461e-01
-3.314623169431915040e-01
-3.079102264645493525e-01
-4.494726030576950415e-01
-4.101660105644426846e-01
-3.582575587003812290e-01
-3.000484535785792328e-01
-2.494219733536021943e-01
-2.104141407362615790e-01
-1.737176987160715114e-01
-1.526401127062889385e-01
-1.414857228670609868e-01
-1.337180911102122671e-01
-1.414392793377992896e-01
-1.526774696450236557e-01
-1.737427883879323065e-01
-2.103886408150423826e-01
-2.493889199175147176e-01
-3.001080857267781621e-01
-3.582252413040051819e-01
-4.101919808396687905e-01
-4.494976927295559199e-01
-4.578512104434801500e-01
-4.485657594178434904e-01
-4.460181007581286439e-01
-4.486129389868162565e-01
-4.578653237011909294e-01
-7.610351599351904417e-01
-7.041516226360045039e-01
-5.861761054694006878e-01
-4.451668642842007695e-01
-3.279425314895392796e-01
-2.493845878819966333e-01
-1.866485554988092099e-01
-1.414857228670607647e-01
-1.116100253039506163e-01
-8.849686428502465119e-02
-8.123672042519267111e-02
-8.443184963787114805e-02
-9.990285934224052422e-02
-1.336136831056356222e-01
-1.818419469178541859e-01
-2.419015141574799022e-01
-3.013846721802523332e-01
-3.582663089695887204e-01
-4.136961910432558343e-01
-4.485657594178429908e-01
-4.869259070685059698e-01
-5.629820390396558238e-01
-6.561957381648120258e-01
-7.361094146880329259e-01
-1.020023804209122975e+00
-1.005630664025279231e+00
-8.969929085276981962e-01
-6.658743604671457650e-01
-4.451916210629619508e-01
-3.001130429375459818e-01
-2.024212978547839659e-01
-1.337180911102122949e-01
-8.849686428502465119e-02
-6.252980591389173393e-02
-5.079870524450746938e-02
-4.958681604769518692e-02
-6.171144006128115311e-02
-8.740600958002647802e-02
-1.319626346986788601e-01
-1.891042824513154974e-01
-2.418899668463609376e-01
-3.001130429375458708e-01
-3.689352102967259350e-01
-4.460181007581281443e-01
-5.629820390396551577e-01
-7.516189658170877586e-01
-9.441357877654015240e-01
-1.024822183486760574e+00
-3.532382013912327978e-01
-6.444742191892581795e-01
-1.001066010100139181e+00
-8.969759194010880066e-01
-5.861996892835846795e-01
-3.582663089695885539e-01
-2.268751677264725930e-01
-1.414392793377989566e-01
-8.123672042519264336e-02
-5.079870524450763591e-02
-3.536646567316162337e-02
-2.934081092655532741e-02
-3.674468542418252159e-02
-5.224663589064382219e-02
-8.579045020700301616e-02
-1.319721122989894746e-01
-1.818977339217538736e-01
-2.493845878819967443e-01
-3.314623169431913929e-01
-4.486129389868160899e-01
-6.561957381648118037e-01
-9.441357877654013020e-01
-1.024864987873588262e+00
-6.541043032041092831e-01
1.567906200524994853e+00
6.998208373868344268e-01
-6.444725049650741333e-01
-1.005593075338901077e+00
-7.041830804624176210e-01
-4.101919808396685685e-01
-2.495834032224682475e-01
-1.526774696450231839e-01
-8.443184963787123132e-02
-4.958681604769524243e-02
-2.934081092655554945e-02
-1.729651785284119780e-02
-1.885686485654677891e-02
-2.667326341066644790e-02
-5.215418245514197304e-02
-8.733490996032450271e-02
-1.336256124860985273e-01
-2.104141407362616900e-01
-3.079102264645492970e-01
-4.578653237011907073e-01
-7.361094146880324818e-01
-1.024822183486760574e+00
-6.541043032041098382e-01
6.955377721894074883e-01
7.689956751724014161e-02
-3.532359676026010087e-01
-9.444566381997534510e-01
-9.537387643474443122e-01
-6.502425861968594845e-01
-4.136883911167645866e-01
-2.787184058640143069e-01
-1.866744080357473634e-01
-1.188609301305640631e-01
-7.877312285954091164e-02
-4.944829832189928664e-02
-3.677794537493822569e-02
-3.871458664507010372e-02
-3.671683751837545584e-02
-4.945895863199675779e-02
-7.870058991126543946e-02
-1.188351314398815028e-01
-1.866419906282656416e-01
-2.787365412038250723e-01
-4.136703385063172922e-01
-6.501875490656128243e-01
-9.537616100457515511e-01
-9.444378158316804051e-01
-3.532049414404775933e-01
-3.532359676026008422e-01
-6.540823315691908224e-01
-1.024851829087491728e+00
-9.441204254499322435e-01
-6.561909970564105965e-01
-4.486376787720851578e-01
-3.315037964593340325e-01
-2.493889199175146343e-01
-1.818419469178542691e-01
-1.319626346986790266e-01
-8.579045020700296065e-02
-5.215418245514222284e-02
-3.671683751837534482e-02
-2.938295109552346851e-02
-3.529101893606004237e-02
-5.074034909658109438e-02
-8.135060066325042194e-02
-1.415031762041343566e-01
-2.269194151146449734e-01
-3.582575587003806739e-01
-5.861761054694003548e-01
-8.969929085276977521e-01
-1.001066010100139181e+00
-6.444725049650739113e-01
-9.444566381997533400e-01
-1.024851829087491284e+00
-1.038065362805811631e+00
-8.483885251527298887e-01
-6.283675768637165815e-01
-4.869490334975755119e-01
-3.981941708048681861e-01
-3.278972256247181249e-01
-2.600559242680146044e-01
-1.966781877746557605e-01
-1.365411927253065982e-01
-8.586454020886577498e-02
-4.945895863199667453e-02
-3.529101893605995910e-02
-3.685522210229280615e-02
-3.970251996389467797e-02
-5.995093024469008713e-02
-1.116465446397358618e-01
-1.883575470211347191e-01
-3.013702635777615879e-01
-4.817849180836595857e-01
-7.522505613273571257e-01
-9.882640061896177386e-01
-1.001063701280279883e+00
-9.537387643474446453e-01
-9.441204254499324655e-01
-8.483885251527299998e-01
-7.111138711398461432e-01
-6.140281713796378327e-01
-5.630273349630687818e-01
-5.132764787955159669e-01
-4.451858313431602543e-01
-3.626003639958311764e-01
-2.750162062390827389e-01
-1.965646682520088839e-01
-1.320099622703059528e-01
-7.870058991126516190e-02
-5.074034909658084458e-02
-3.970251996389445592e-02
-3.362299709322713603e-02
-4.901060178199040385e-02
-8.850510970633448937e-02
-1.515361751100402221e-01
-2.419384376829689376e-01
-3.626149997453718687e-01
-5.414292486816648653e-01
-7.522637232274599350e-01
-8.969799225922983066e-01
-6.502425861968599285e-01
-6.561909970564110406e-01
-6.283675768637166925e-01
-6.140281713796380547e-01
-6.283675768637166925e-01
-6.561909970564108185e-01
-6.502425861968598175e-01
-5.861365092101648022e-01
-4.817797191908023136e-01
-3.626279439820279116e-01
-2.600177929605808069e-01
-1.818464735418794664e-01
-1.188351314398813363e-01
-8.135060066325033867e-02
-5.995093024469019816e-02
-4.901060178199048711e-02
-5.995093024469003162e-02
-8.135060066325044970e-02
-1.188351314398814196e-01
-1.818464735418795775e-01
-2.600177929605809179e-01
-3.626279439820280226e-01
-4.817797191908024246e-01
-5.861365092101646912e-01
-4.136883911167649197e-01
-4.486376787720851578e-01
-4.869490334975754564e-01
-5.630273349630687818e-01
-6.561909970564108185e-01
-7.361313705939374064e-01
-7.609344462332705561e-01
-7.041830804624178430e-01
-5.861996892835845685e-01
-4.451916210629621729e-01
-3.279425314895392796e-01
-2.494219733536021666e-01
-1.866419906282654750e-01
-1.415031762041345509e-01
-1.116465446397359729e-01
-8.850510970633446162e-02
-8.135060066325047745e-02
-8.447974256459078735e-02
-9.989877216488227130e-02
-1.336256124860983885e-01
-1.818977339217538181e-01
-2.418899668463610486e-01
-3.013846721802524442e-01
-3.582252413040049044e-01
-2.787184058640144180e-01
-3.315037964593339770e-01
-3.981941708048679640e-01
-5.132764787955156338e-01
-6.502425861968598175e-01
-7.609344462332707781e-01
-8.052304275689758928e-01
-7.610021832786201257e-01
-6.502159570442638259e-01
-5.132479986533784455e-01
-3.982171921813922877e-01
-3.314255111131427789e-01
-2.787365412038251833e-01
-2.269194151146453065e-01
-1.883575470211349412e-01
-1.515361751100406940e-01
-1.188351314398814196e-01
-9.989877216488238232e-02
-9.432240967082947125e-02
-9.993583599881086799e-02
-1.188325221519134778e-01
-1.515595441387941889e-01
-1.884066751798766370e-01
-2.269119735565212070e-01
-1.866744080357474189e-01
-2.493889199175145788e-01
-3.278972256247180694e-01
-4.451858313431601433e-01
-5.861365092101649132e-01
-7.041830804624178430e-01
-7.610021832786200147e-01
-7.361457947577437766e-01
-6.561789233803343446e-01
-5.629826980174089668e-01
-4.869093930383844859e-01
-4.485927500039778026e-01
-4.136703385063175697e-01
-3.582575587003810624e-01
-3.013702635777615879e-01
-2.419384376829690764e-01
-1.818464735418796330e-01
-1.336256124860984162e-01
-9.993583599881089574e-02
-8.435208236128391435e-02
-8.128860484488098503e-02
-8.844031472282276596e-02
-1.116862538013842776e-01
-1.414631505146158041e-01
-1.188609301305638133e-01
-1.818419469178541303e-01
-2.600559242680144934e-01
-3.626003639958313984e-01
-4.817797191908023691e-01
-5.861996892835845685e-01
-6.502159570442636038e-01
-6.561789233803339005e-01
-6.283510780819192565e-01
-6.140115716594209960e-01
-6.283408048951899527e-01
-6.562294822684484608e-01
-6.501875490656134904e-01
-5.861761054694003548e-01
-4.817849180836595302e-01
-3.626149997453719243e-01
-2.600177929605808624e-01
-1.818977339217538458e-01
-1.188325221519133668e-01
-8.128860484488106830e-02
-5.996267029587279418e-02
-4.901771749055447436e-02
-5.992961328231080631e-02
-8.131741677485040953e-02
-7.877312285954068960e-02
-1.319626346986789156e-01
-1.966781877746557050e-01
-2.750162062390825168e-01
-3.626279439820278561e-01
-4.451916210629620618e-01
-5.132479986533782235e-01
-5.629826980174087447e-01
-6.140115716594206630e-01
-7.111510067238069333e-01
-8.483538193866326793e-01
-9.441365351555299767e-01
-9.537616100457516621e-01
-8.969929085276983072e-01
-7.522505613273570146e-01
-5.414292486816646433e-01
-3.626279439820279671e-01
-2.418899668463609931e-01
-1.515595441387939113e-01
-8.844031472282287698e-02
-4.901771749055461314e-02
-3.372013298817899685e-02
-3.967074522012836724e-02
-5.075610469185271034e-02
-4.944829832189889807e-02
-8.579045020700279411e-02
-1.365411927253064039e-01
-1.965646682520089950e-01
-2.600177929605807514e-01
-3.279425314895393351e-01
-3.982171921813922322e-01
-4.869093930383842639e-01
-6.283408048951899527e-01
-8.483538193866326793e-01
-1.038121050166220805e+00
-1.024875366565018764e+00
-9.444378158316800720e-01
-1.001066010100138737e+00
-9.882640061896177386e-01
-7.522637232274597130e-01
-4.817797191908023691e-01
-3.013846721802523887e-01
-1.884066751798764150e-01
-1.116862538013841388e-01
-5.992961328231113938e-02
-3.967074522012842275e-02
-3.673998318593152401e-02
-3.528430579972741121e-02
-3.677794537493805915e-02
-5.215418245514191753e-02
-8.586454020886594152e-02
-1.320099622703060083e-01
-1.818464735418796330e-01
-2.494219733536022776e-01
-3.314255111131428899e-01
-4.485927500039775806e-01
-6.562294822684482387e-01
-9.441365351555297547e-01
-1.024875366565018986e+00
-6.541345891599812390e-01
-3.532049414404772603e-01
-6.444725049650738002e-01
-1.001063701280280105e+00
-8.969799225922980845e-01
-5.861365092101646912e-01
-3.582252413040046823e-01
-2.269119735565209850e-01
-1.414631505146158319e-01
-8.131741677485046504e-02
-5.075610469185307116e-02
-3.528430579972754999e-02
-2.940469263036984970e-02
-3.871458664507010372e-02
-3.671683751837545584e-02
-4.945895863199675779e-02
-7.870058991126543946e-02
-1.188351314398815028e-01
-1.866419906282656416e-01
-2.787365412038250723e-01
-4.136703385063172922e-01
-6.501875490656128243e-01
-9.537616100457515511e-01
-9.444378158316804051e-01
-3.532049414404775933e-01
7.689956751724014161e-02
-3.532359676026010087e-01
-9.444566381997534510e-01
-9.537387643474443122e-01
-6.502425861968594845e-01
-4.136883911167645866e-01
-2.787184058640143069e-01
-1.866744080357473634e-01
-1.188609301305640631e-01
-7.877312285954091164e-02
-4.944829832189928664e-02
-3.677794537493822569e-02
-3.671683751837534482e-02
-2.938295109552346851e-02
-3.529101893606004237e-02
-5.074034909658109438e-02
-8.135060066325042194e-02
-1.415031762041343566e-01
-2.269194151146449734e-01
-3.582575587003806739e-01
-5.861761054694003548e-01
-8.969929085276977521e-01
-1.001066010100139181e+00
-6.444725049650739113e-01
-3.532359676026008422e-01
-6.540823315691908224e-01
-1.024851829087491728e+00
-9.441204254499322435e-01
-6.561909970564105965e-01
-4.486376787720851578e-01
-3.315037964593340325e-01
-2.493889199175146343e-01
-1.818419469178542691e-01
-1.319626346986790266e-01
-8.579045020700296065e-02
-5.215418245514222284e-02
-4.945895863199667453e-02
-3.529101893605995910e-02
-3.685522210229280615e-02
-3.970251996389467797e-02
-5.995093024469008713e-02
-1.116465446397358618e-01
-1.883575470211347191e-01
-3.013702635777615879e-01
-4.817849180836595857e-01
-7.522505613273571257e-01
-9.882640061896177386e-01
-1.001063701280279883e+00
-9.444566381997533400e-01
-1.024851829087491284e+00
-1.038065362805811631e+00
-8.483885251527298887e-01
-6.283675768637165815e-01
-4.869490334975755119e-01
-3.981941708048681861e-01
-3.278972256247181249e-01
-2.600559242680146044e-01
-1.966781877746557605e-01
-1.365411927253065982e-01
-8.586454020886577498e-02
-7.870058991126516190e-02
-5.074034909658084458e-02
-3.970251996389445592e-02
-3.362299709322713603e-02
-4.901060178199040385e-02
-8.850510970633448937e-02
-1.515361751100402221e-01
-2.419384376829689376e-01
-3.626149997453718687e-01
-5.414292486816648653e-01
-7.522637232274599350e-01
-8.969799225922983066e-01
-9.537387643474446453e-01
-9.441204254499324655e-01
-8.483885251527299998e-01
-7.111138711398461432e-01
-6.140281713796378327e-01
-5.630273349630687818e-01
-5.132764787955159669e-01
-4.451858313431602543e-01
-3.626003639958311764e-01
-2.750162062390827389e-01
-1.965646682520088839e-01
-1.320099622703059528e-01
-1.188351314398813363e-01
-8.135060066325033867e-02
-5.995093024469019816e-02
-4.901060178199048711e-02
-5.995093024469003162e-02
-8.135060066325044970e-02
-1.188351314398814196e-01
-1.818464735418795775e-01
-2.600177929605809179e-01
-3.626279439820280226e-01
-4.817797191908024246e-01
-5.861365092101646912e-01
-6.502425861968599285e-01
-6.561909970564110406e-01
-6.283675768637166925e-01
-6.140281713796380547e-01
-6.283675768637166925e-01
-6.561909970564108185e-01
-6.502425861968598175e-01
-5.861365092101648022e-01
-4.817797191908023136e-01
-3.626279439820279116e-01
-2.600177929605808069e-01
-1.818464735418794664e-01
-1.866419906282654750e-01
-1.415031762041345509e-01
-1.116465446397359729e-01
-8.850510970633446162e-02
-8.135060066325047745e-02
-8.447974256459078735e-02
-9.989877216488227130e-02
-1.336256124860983885e-01
-1.818977339217538181e-01
-2.418899668463610486e-01
-3.013846721802524442e-01
-3.582252413040049044e-01
-4.136883911167649197e-01
-4.486376787720851578e-01
-4.869490334975754564e-01
-5.630273349630687818e-01
-6.561909970564108185e-01
-7.361313705939374064e-01
-7.609344462332705561e-01
-7.041830804624178430e-01
-5.861996892835845685e-01
-4.451916210629621729e-01
-3.279425314895392796e-01
-2.494219733536021666e-01
-2.787365412038251833e-01
-2.269194151146453065e-01
-1.883575470211349412e-01
-1.515361751100406940e-01
-1.188351314398814196e-01
-9.989877216488238232e-02
-9.432240967082947125e-02
-9.993583599881086799e-02
-1.188325221519134778e-01
-1.515595441387941889e-01
-1.884066751798766370e-01
-2.269119735565212070e-01
-2.787184058640144180e-01
-3.315037964593339770e-01
-3.981941708048679640e-01
-5.132764787955156338e-01
-6.502425861968598175e-01
-7.609344462332707781e-01
-8.052304275689758928e-01
-7.610021832786201257e-01
-6.502159570442638259e-01
-5.132479986533784455e-01
-3.982171921813922877e-01
-3.314255111131427789e-01
-4.136703385063175697e-01
-3.582575587003810624e-01
-3.013702635777615879e-01
-2.419384376829690764e-01
-1.818464735418796330e-01
-1.336256124860984162e-01
-9.993583599881089574e-02
-8.435208236128391435e-02
-8.128860484488098503e-02
-8.844031472282276596e-02
-1.116862538013842776e-01
-1.414631505146158041e-01
-1.866744080357474189e-01
-2.493889199175145788e-01
-3.278972256247180694e-01
-4.451858313431601433e-01
-5.861365092101649132e-01
-7.041830804624178430e-01
-7.610021832786200147e-01
-7.361457947577437766e-01
-6.561789233803343446e-01
-5.629826980174089668e-01
-4.869093930383844859e-01
-4.485927500039778026e-01
-6.501875490656134904e-01
-5.861761054694003548e-01
-4.817849180836595302e-01
-3.626149997453719243e-01
-2.600177929605808624e-01
-1.818977339217538458e-01
-1.188325221519133668e-01
-8.128860484488106830e-02
-5.996267029587279418e-02
-4.901771749055447436e-02
-5.992961328231080631e-02
-8.131741677485040953e-02
-1.188609301305638133e-01
-1.818419469178541303e-01
-2.600559242680144934e-01
-3.626003639958313984e-01
-4.817797191908023691e-01
-5.861996892835845685e-01
-6.502159570442636038e-01
-6.561789233803339005e-01
-6.283510780819192565e-01
-6.140115716594209960e-01
-6.283408048951899527e-01
-6.562294822684484608e-01
-9.537616100457516621e-01
-8.969929085276983072e-01
-7.522505613273570146e-01
-5.414292486816646433e-01
-3.626279439820279671e-01
-2.418899668463609931e-01
-1.515595441387939113e-01
-8.844031472282287698e-02
-4.901771749055461314e-02
-3.372013298817899685e-02
-3.967074522012836724e-02
-5.075610469185271034e-02
-7.877312285954068960e-02
-1.319626346986789156e-01
-1.966781877746557050e-01
-2.750162062390825168e-01
-3.626279439820278561e-01
-4.451916210629620618e-01
-5.132479986533782235e-01
-5.629826980174087447e-01
-6.140115716594206630e-01
-7.111510067238069333e-01
-8.483538193866326793e-01
-9.441365351555299767e-01
-9.444378158316800720e-01
-1.001066010100138737e+00
-9.882640061896177386e-01
-7.522637232274597130e-01
-4.817797191908023691e-01
-3.013846721802523887e-01
-1.884066751798764150e-01
-1.116862538013841388e-01
-5.992961328231113938e-02
-3.967074522012842275e-02
-3.673998318593152401e-02
-3.528430579972741121e-02
-4.944829832189889807e-02
-8.579045020700279411e-02
-1.365411927253064039e-01
-1.965646682520089950e-01
-2.600177929605807514e-01
-3.279425314895393351e-01
-3.982171921813922322e-01
-4.869093930383842639e-01
-6.283408048951899527e-01
-8.483538193866326793e-01
-1.038121050166220805e+00
-1.024875366565018764e+00
-3.532049414404772603e-01
-6.444725049650738002e-01
-1.001063701280280105e+00
-8.969799225922980845e-01
-5.861365092101646912e-01
-3.582252413040046823e-01
-2.269119735565209850e-01
-1.414631505146158319e-01
-8.131741677485046504e-02
-5.075610469185307116e-02
-3.528430579972754999e-02
-2.940469263036984970e-02
-3.677794537493805915e-02
-5.215418245514191753e-02
-8.586454020886594152e-02
-1.320099622703060083e-01
-1.818464735418796330e-01
-2.494219733536022776e-01
-3.314255111131428899e-01
-4.485927500039775806e-01
-6.562294822684482387e-01
-9.441365351555297547e-01
-1.024875366565018986e+00
-6.541345891599812390e-01
-1.003777786309029363e+00
-1.020033382385107323e+00
-9.537387643474442012e-01
-7.387454505374408953e-01
-5.132764787955155228e-01
-3.689854348423134978e-01
-2.759590623814452970e-01
-2.024175624803919993e-01
-1.515115909046773346e-01
-1.136496176256579227e-01
-7.874189920658178354e-02
-6.169494465394104177e-02
-6.087675010806931075e-02
-6.173808055482160606e-02
-7.870058991126530068e-02
-1.136309141471290030e-01
-1.515361751100405274e-01
-2.024452965004547578e-01
-2.759285549351304656e-01
-3.689389456711177351e-01
-5.132959518874948834e-01
-7.387765681810634089e-01
-9.537928336987107070e-01
-1.020040299616463031e+00
-1.020033382385107323e+00
-1.024868733901334039e+00
-9.441204254499323545e-01
-7.516043628446056335e-01
-5.630273349630686708e-01
-4.460395683448703519e-01
-3.689854348423136088e-01
-3.001080857267781621e-01
-2.419015141574797911e-01
-1.891042824513156917e-01
-1.319721122989895024e-01
-8.733490996032450271e-02
-6.173808055482166157e-02
-4.960401425686428167e-02
-5.074034909658090009e-02
-6.243488835232940959e-02
-8.850510970633426733e-02
-1.337005334276753221e-01
-2.024452965004547023e-01
-3.000484535785788998e-01
-4.451668642842007140e-01
-6.658743604671457650e-01
-8.969759194010884507e-01
-1.005593075338901077e+00
-9.537387643474442012e-01
-9.441204254499323545e-01
-8.483885251527301108e-01
-7.111138711398464762e-01
-6.140281713796378327e-01
-5.630273349630687818e-01
-5.132764787955156338e-01
-4.451858313431600322e-01
-3.626003639958311209e-01
-2.750162062390827389e-01
-1.965646682520090227e-01
-1.320099622703059250e-01
-7.870058991126527292e-02
-5.074034909658092785e-02
-3.970251996389453919e-02
-3.362299709322702501e-02
-4.901060178199037609e-02
-8.850510970633437835e-02
-1.515361751100403331e-01
-2.419384376829690764e-01
-3.626149997453719243e-01
-5.414292486816648653e-01
-7.522637232274599350e-01
-8.969799225922983066e-01
-7.387454505374411173e-01
-7.516043628446054115e-01
-7.111138711398464762e-01
-6.821029268535354628e-01
-7.111138711398463652e-01
-7.516043628446051894e-01
-7.387454505374411173e-01
-6.659092204373203705e-01
-5.414540024965661669e-01
-3.929096824076657168e-01
-2.750708960847586537e-01
-1.890924636989083085e-01
-1.136309141471287532e-01
-6.243488835232921530e-02
-3.362299709322708052e-02
-2.064728742402271999e-02
-3.362299709322713603e-02
-6.243488835232924306e-02
-1.136309141471288364e-01
-1.890924636989083640e-01
-2.750708960847586537e-01
-3.929096824076657724e-01
-5.414540024965662779e-01
-6.659092204373202595e-01
-5.132764787955156338e-01
-5.630273349630687818e-01
-6.140281713796378327e-01
-7.111138711398464762e-01
-8.483885251527301108e-01
-9.441204254499322435e-01
-9.537387643474439791e-01
-8.969799225922981956e-01
-7.522637232274600461e-01
-5.414292486816647543e-01
-3.626149997453719243e-01
-2.419384376829690764e-01
-1.515361751100402776e-01
-8.850510970633437835e-02
-4.901060178199034834e-02
-3.362299709322708052e-02
-3.970251996389456695e-02
-5.074034909658103887e-02
-7.870058991126538395e-02
-1.320099622703059528e-01
-1.965646682520091060e-01
-2.750162062390827389e-01
-3.626003639958312319e-01
-4.451858313431601433e-01
-3.689854348423136088e-01
-4.460395683448703519e-01
-5.630273349630686708e-01
-7.516043628446056335e-01
-9.441204254499322435e-01
-1.024868733901334039e+00
-1.020033382385107323e+00
-1.005593075338901077e+00
-8.969759194010882286e-01
-6.658743604671457650e-01
-4.451668642842006030e-01
-3.000484535785788998e-01
-2.024452965004547300e-01
-1.337005334276753776e-01
-8.850510970633432284e-02
-6.243488835232940959e-02
-5.074034909658090009e-02
-4.960401425686430943e-02
-6.173808055482171708e-02
-8.733490996032464149e-02
-1.319721122989895579e-01
-1.891042824513157472e-01
-2.419015141574797911e-01
-3.001080857267782176e-01
-2.759590623814452970e-01
-3.689854348423134422e-01
-5.132764787955154118e-01
-7.387454505374407843e-01
-9.537387643474442012e-01
-1.020033382385107323e+00
-1.003777786309029363e+00
-1.020040299616462809e+00
-9.537928336987107070e-01
-7.387765681810634089e-01
-5.132959518874948834e-01
-3.689389456711176241e-01
-2.759285549351305766e-01
-2.024452965004547855e-01
-1.515361751100405552e-01
-1.136309141471290307e-01
-7.870058991126538395e-02
-6.173808055482155055e-02
-6.087675010806928300e-02
-6.169494465394109728e-02
-7.874189920658186681e-02
-1.136496176256579504e-01
-1.515115909046773623e-01
-2.024175624803919715e-01
-2.024175624803918883e-01
-3.001080857267779400e-01
-4.451858313431601433e-01
-6.659092204373203705e-01
-8.969799225922980845e-01
-1.005593075338901077e+00
-1.020040299616463031e+00
-1.024871591202222154e+00
-9.441199821800099201e-01
-7.516469552414446476e-01
-5.629442106176313354e-01
-4.460556593916529255e-01
-3.689389456711179571e-01
-3.000484535785790108e-01
-2.419384376829689376e-01
-1.890924636989082808e-01
-1.320099622703057862e-01
-8.733490996032444720e-02
-6.169494465394093075e-02
-4.964609663831354158e-02
-5.078016919367187021e-02
-6.247877527176770585e-02
-8.849201159024264185e-02
-1.337500790464223599e-01
-1.515115909046771125e-01
-2.419015141574796801e-01
-3.626003639958312874e-01
-5.414540024965662779e-01
-7.522637232274598240e-01
-8.969759194010885617e-01
-9.537928336987104849e-01
-9.441199821800101422e-01
-8.483657965055926287e-01
-7.111406901444827788e-01
-6.140349430095659589e-01
-5.629442106176312244e-01
-5.132959518874949945e-01
-4.451668642842008250e-01
-3.626149997453717577e-01
-2.750708960847587092e-01
-1.965646682520090227e-01
-1.319721122989894191e-01
-7.874189920658170028e-02
-5.078016919367189796e-02
-3.975912572371231857e-02
-3.365100590692587934e-02
-4.903487036326173443e-02
-8.849201159024264185e-02
-1.136496176256575064e-01
-1.891042824513156084e-01
-2.750162062390825168e-01
-3.929096824076657168e-01
-5.414292486816646433e-01
-6.658743604671456540e-01
-7.387765681810636309e-01
-7.516469552414445365e-01
-7.111406901444827788e-01
-6.819997249466003275e-01
-7.111406901444826678e-01
-7.516469552414446476e-01
-7.387765681810636309e-01
-6.658743604671457650e-01
-5.414292486816647543e-01
-3.929096824076657724e-01
-2.750162062390826834e-01
-1.891042824513156084e-01
-1.136496176256575341e-01
-6.247877527176765033e-02
-3.365100590692571281e-02
-2.054364523027668588e-02
-3.365100590692582383e-02
-6.247877527176776136e-02
-7.874189920658164477e-02
-1.319721122989893913e-01
-1.965646682520089950e-01
-2.750708960847585427e-01
-3.626149997453717022e-01
-4.451668642842008250e-01
-5.132959518874948834e-01
-5.629442106176312244e-01
-6.140349430095659589e-01
-7.111406901444827788e-01
-8.483657965055926287e-01
-9.441199821800100311e-01
-9.537928336987107070e-01
-8.969759194010885617e-01
-7.522637232274600461e-01
-5.414540024965663889e-01
-3.626003639958313429e-01
-2.419015141574797356e-01
-1.515115909046771125e-01
-8.849201159024264185e-02
-4.903487036326165116e-02
-3.365100590692571281e-02
-3.975912572371231857e-02
-5.078016919367198123e-02
-6.169494465394098626e-02
-8.733490996032441944e-02
-1.320099622703057307e-01
-1.890924636989082253e-01
-2.419384376829688543e-01
-3.000484535785789553e-01
-3.689389456711180126e-01
-4.460556593916528700e-01
-5.629442106176313354e-01
-7.516469552414446476e-01
-9.441199821800101422e-01
-1.024871591202222376e+00
-1.020040299616462809e+00
-1.005593075338901077e+00
-8.969799225922978625e-01
-6.659092204373204815e-01
-4.451858313431601433e-01
-3.001080857267779400e-01
-2.024175624803919438e-01
-1.337500790464223044e-01
-8.849201159024269736e-02
-6.247877527176759482e-02
-5.078016919367175919e-02
-4.964609663831359709e-02
-6.087675010806931075e-02
-6.173808055482160606e-02
-7.870058991126530068e-02
-1.136309141471290030e-01
-1.515361751100405274e-01
-2.024452965004547578e-01
-2.759285549351304656e-01
-3.689389456711177351e-01
-5.132959518874948834e-01
-7.387765681810634089e-01
-9.537928336987107070e-01
-1.020040299616463031e+00
-1.003777786309029363e+00
-1.020033382385107323e+00
-9.537387643474442012e-01
-7.387454505374408953e-01
-5.132764787955155228e-01
-3.689854348423134978e-01
-2.759590623814452970e-01
-2.024175624803919993e-01
-1.515115909046773346e-01
-1.136496176256579227e-01
-7.874189920658178354e-02
-6.169494465394104177e-02
-6.173808055482166157e-02
-4.960401425686428167e-02
-5.074034909658090009e-02
-6.243488835232940959e-02
-8.850510970633426733e-02
-1.337005334276753221e-01
-2.024452965004547023e-01
-3.000484535785788998e-01
-4.451668642842007140e-01
-6.658743604671457650e-01
-8.969759194010884507e-01
-1.005593075338901077e+00
-1.020033382385107323e+00
-1.024868733901334039e+00
-9.441204254499323545e-01
-7.516043628446056335e-01
-5.630273349630686708e-01
-4.460395683448703519e-01
-3.689854348423136088e-01
-3.001080857267781621e-01
-2.419015141574797911e-01
-1.891042824513156917e-01
-1.319721122989895024e-01
-8.733490996032450271e-02
-7.870058991126527292e-02
-5.074034909658092785e-02
-3.970251996389453919e-02
-3.362299709322702501e-02
-4.901060178199037609e-02
-8.850510970633437835e-02
-1.515361751100403331e-01
-2.419384376829690764e-01
-3.626149997453719243e-01
-5.414292486816648653e-01
-7.522637232274599350e-01
-8.969799225922983066e-01
-9.537387643474442012e-01
-9.441204254499323545e-01
-8.483885251527301108e-01
-7.111138711398464762e-01
-6.140281713796378327e-01
-5.630273349630687818e-01
-5.132764787955156338e-01
-4.451858313431600322e-01
-3.626003639958311209e-01
-2.750162062390827389e-01
-1.965646682520090227e-01
-1.320099622703059250e-01
-1.136309141471287532e-01
-6.243488835232921530e-02
-3.362299709322708052e-02
-2.064728742402271999e-02
-3.362299709322713603e-02
-6.243488835232924306e-02
-1.136309141471288364e-01
-1.890924636989083640e-01
-2.750708960847586537e-01
-3.929096824076657724e-01
-5.414540024965662779e-01
-6.659092204373202595e-01
-7.387454505374411173e-01
-7.516043628446054115e-01
-7.111138711398464762e-01
-6.821029268535354628e-01
-7.111138711398463652e-01
-7.516043628446051894e-01
-7.387454505374411173e-01
-6.659092204373203705e-01
-5.414540024965661669e-01
-3.929096824076657168e-01
-2.750708960847586537e-01
-1.890924636989083085e-01
-1.515361751100402776e-01
-8.850510970633437835e-02
-4.901060178199034834e-02
-3.362299709322708052e-02
-3.970251996389456695e-02
-5.074034909658103887e-02
-7.870058991126538395e-02
-1.320099622703059528e-01
-1.965646682520091060e-01
-2.750162062390827389e-01
-3.626003639958312319e-01
-4.451858313431601433e-01
-5.132764787955156338e-01
-5.630273349630687818e-01
-6.140281713796378327e-01
-7.111138711398464762e-01
-8.483885251527301108e-01
-9.441204254499322435e-01
-9.537387643474439791e-01
-8.969799225922981956e-01
-7.522637232274600461e-01
-5.414292486816647543e-01
-3.626149997453719243e-01
-2.419384376829690764e-01
-2.024452965004547300e-01
-1.337005334276753776e-01
-8.850510970633432284e-02
-6.243488835232940959e-02
-5.074034909658090009e-02
-4.960401425686430943e-02
-6.173808055482171708e-02
-8.733490996032464149e-02
-1.319721122989895579e-01
-1.891042824513157472e-01
-2.419015141574797911e-01
-3.001080857267782176e-01
-3.689854348423136088e-01
-4.460395683448703519e-01
-5.630273349630686708e-01
-7.516043628446056335e-01
-9.441204254499322435e-01
-1.024868733901334039e+00
-1.020033382385107323e+00
-1.005593075338901077e+00
-8.969759194010882286e-01
-6.658743604671457650e-01
-4.451668642842006030e-01
-3.000484535785788998e-01
-2.759285549351305766e-01
-2.024452965004547855e-01
-1.515361751100405552e-01
-1.136309141471290307e-01
-7.870058991126538395e-02
-6.173808055482155055e-02
-6.087675010806928300e-02
-6.169494465394109728e-02
-7.874189920658186681e-02
-1.136496176256579504e-01
-1.515115909046773623e-01
-2.024175624803919715e-01
-2.759590623814452970e-01
-3.689854348423134422e-01
-5.132764787955154118e-01
-7.387454505374407843e-01
-9.537387643474442012e-01
-1.020033382385107323e+00
-1.003777786309029363e+00
-1.020040299616462809e+00
-9.537928336987107070e-01
-7.387765681810634089e-01
-5.132959518874948834e-01
-3.689389456711176241e-01
-3.689389456711179571e-01
-3.000484535785790108e-01
-2.419384376829689376e-01
-1.890924636989082808e-01
-1.320099622703057862e-01
-8.733490996032444720e-02
-6.169494465394093075e-02
-4.964609663831354158e-02
-5.078016919367187021e-02
-6.247877527176770585e-02
-8.849201159024264185e-02
-1.337500790464223599e-01
-2.024175624803918883e-01
-3.001080857267779400e-01
-4.451858313431601433e-01
-6.659092204373203705e-01
-8.969799225922980845e-01
-1.005593075338901077e+00
-1.020040299616463031e+00
-1.024871591202222154e+00
-9.441199821800099201e-01
-7.516469552414446476e-01
-5.629442106176313354e-01
-4.460556593916529255e-01
-5.132959518874949945e-01
-4.451668642842008250e-01
-3.626149997453717577e-01
-2.750708960847587092e-01
-1.965646682520090227e-01
-1.319721122989894191e-01
-7.874189920658170028e-02
-5.078016919367189796e-02
-3.975912572371231857e-02
-3.365100590692587934e-02
-4.903487036326173443e-02
-8.849201159024264185e-02
-1.515115909046771125e-01
-2.419015141574796801e-01
-3.626003639958312874e-01
-5.414540024965662779e-01
-7.522637232274598240e-01
-8.969759194010885617e-01
-9.537928336987104849e-01
-9.441199821800101422e-01
-8.483657965055926287e-01
-7.111406901444827788e-01
-6.140349430095659589e-01
-5.629442106176312244e-01
-7.387765681810636309e-01
-6.658743604671457650e-01
-5.414292486816647543e-01
-3.929096824076657724e-01
-2.750162062390826834e-01
-1.891042824513156084e-01
-1.136496176256575341e-01
-6.247877527176765033e-02
-3.365100590692571281e-02
-2.054364523027668588e-02
-3.365100590692582383e-02
-6.247877527176776136e-02
-1.136496176256575064e-01
-1.891042824513156084e-01
-2.750162062390825168e-01
-3.929096824076657168e-01
-5.414292486816646433e-01
-6.658743604671456540e-01
-7.387765681810636309e-01
-7.516469552414445365e-01
-7.111406901444827788e-01
-6.819997249466003275e-01
-7.111406901444826678e-01
-7.516469552414446476e-01
-9.537928336987107070e-01
-8.969759194010885617e-01
-7.522637232274600461e-01
-5.414540024965663889e-01
-3.626003639958313429e-01
-2.419015141574797356e-01
-1.515115909046771125e-01
-8.849201159024264185e-02
-4.903487036326165116e-02
-3.365100590692571281e-02
-3.975912572371231857e-02
-5.078016919367198123e-02
-7.874189920658164477e-02
-1.319721122989893913e-01
-1.965646682520089950e-01
-2.750708960847585427e-01
-3.626149997453717022e-01
-4.451668642842008250e-01
-5.132959518874948834e-01
-5.629442106176312244e-01
-6.140349430095659589e-01
-7.111406901444827788e-01
-8.483657965055926287e-01
-9.441199821800100311e-01
-1.020040299616462809e+00
-1.005593075338901077e+00
-8.969799225922978625e-01
-6.659092204373204815e-01
-4.451858313431601433e-01
-3.001080857267779400e-01
-2.024175624803919438e-01
-1.337500790464223044e-01
-8.849201159024269736e-02
-6.247877527176759482e-02
-5.078016919367175919e-02
-4.964609663831359709e-02
-6.169494465394098626e-02
-8.733490996032441944e-02
-1.320099622703057307e-01
-1.890924636989082253e-01
-2.419384376829688543e-01
-3.000484535785789553e-01
-3.689389456711180126e-01
-4.460556593916528700e-01
-5.629442106176313354e-01
-7.516469552414446476e-01
-9.441199821800101422e-01
-1.024871591202222376e+00
-8.052304275689758928e-01
-7.609344462332707781e-01
-6.502425861968597065e-01
-5.132764787955158559e-01
-3.981941708048680750e-01
-3.315037964593340325e-01
-2.787184058640144180e-01
-2.269119735565212070e-01
-1.884066751798764983e-01
-1.515595441387940778e-01
-1.188325221519134223e-01
-9.993583599881075696e-02
-9.432240967082927696e-02
-9.989877216488221578e-02
-1.188351314398814473e-01
-1.515361751100404997e-01
-1.883575470211348857e-01
-2.269194151146452509e-01
-2.787365412038251833e-01
-3.314255111131428344e-01
-3.982171921813923987e-01
-5.132479986533783345e-01
-6.502159570442638259e-01
-7.610021832786203477e-01
-7.609344462332706671e-01
-7.361313705939374064e-01
-6.561909970564108185e-01
-5.630273349630685598e-01
-4.869490334975756229e-01
-4.486376787720851578e-01
-4.136883911167649197e-01
-3.582252413040048489e-01
-3.013846721802523332e-01
-2.418899668463609653e-01
-1.818977339217537903e-01
-1.336256124860983607e-01
-9.989877216488216027e-02
-8.447974256459081510e-02
-8.135060066325039418e-02
-8.850510970633451713e-02
-1.116465446397358341e-01
-1.415031762041345231e-01
-1.866419906282654750e-01
-2.494219733536021666e-01
-3.279425314895394461e-01
-4.451916210629622284e-01
-5.861996892835845685e-01
-7.041830804624179541e-01
-6.502425861968598175e-01
-6.561909970564110406e-01
-6.283675768637166925e-01
-6.140281713796380547e-01
-6.283675768637164705e-01
-6.561909970564109296e-01
-6.502425861968599285e-01
-5.861365092101646912e-01
-4.817797191908023691e-01
-3.626279439820279671e-01
-2.600177929605808069e-01
-1.818464735418795775e-01
-1.188351314398813918e-01
-8.135060066325039418e-02
-5.995093024469003162e-02
-4.901060178199040385e-02
-5.995093024469019816e-02
-8.135060066325033867e-02
-1.188351314398813363e-01
-1.818464735418794942e-01
-2.600177929605809179e-01
-3.626279439820279671e-01
-4.817797191908024246e-01
-5.861365092101649132e-01
-5.132764787955157448e-01
-5.630273349630687818e-01
-6.140281713796378327e-01
-7.111138711398463652e-01
-8.483885251527298887e-01
-9.441204254499322435e-01
-9.537387643474445342e-01
-8.969799225922980845e-01
-7.522637232274598240e-01
-5.414292486816647543e-01
-3.626149997453718687e-01
-2.419384376829689098e-01
-1.515361751100402221e-01
-8.850510970633446162e-02
-4.901060178199048711e-02
-3.362299709322713603e-02
-3.970251996389448368e-02
-5.074034909658090009e-02
-7.870058991126516190e-02
-1.320099622703059805e-01
-1.965646682520088839e-01
-2.750162062390828499e-01
-3.626003639958312874e-01
-4.451858313431603653e-01
-3.981941708048682416e-01
-4.869490334975754564e-01
-6.283675768637164705e-01
-8.483885251527298887e-01
-1.038065362805811409e+00
-1.024851829087491062e+00
-9.444566381997532289e-01
-1.001063701280279883e+00
-9.882640061896178496e-01
-7.522505613273572367e-01
-4.817849180836596412e-01
-3.013702635777616434e-01
-1.883575470211346636e-01
-1.116465446397359174e-01
-5.995093024469017040e-02
-3.970251996389473348e-02
-3.685522210229286166e-02
-3.529101893606007012e-02
-4.945895863199661902e-02
-8.586454020886585825e-02
-1.365411927253064872e-01
-1.966781877746558160e-01
-2.600559242680146599e-01
-3.278972256247181805e-01
-3.315037964593340325e-01
-4.486376787720851023e-01
-6.561909970564105965e-01
-9.441204254499322435e-01
-1.024851829087491506e+00
-6.540823315691908224e-01
-3.532359676026007866e-01
-6.444725049650739113e-01
-1.001066010100139181e+00
-8.969929085276977521e-01
-5.861761054694003548e-01
-3.582575587003807294e-01
-2.269194151146450011e-01
-1.415031762041343011e-01
-8.135060066325047745e-02
-5.074034909658112213e-02
-3.529101893606018114e-02
-2.938295109552355178e-02
-3.671683751837534482e-02
-5.215418245514225060e-02
-8.579045020700301616e-02
-1.319626346986789711e-01
-1.818419469178542969e-01
-2.493889199175146620e-01
-2.787184058640143069e-01
-4.136883911167645311e-01
-6.502425861968594845e-01
-9.537387643474442012e-01
-9.444566381997534510e-01
-3.532359676026012307e-01
7.689956751724019712e-02
-3.532049414404774823e-01
-9.444378158316801830e-01
-9.537616100457514401e-01
-6.501875490656128243e-01
-4.136703385063173477e-01
-2.787365412038251278e-01
-1.866419906282656693e-01
-1.188351314398815028e-01
-7.870058991126543946e-02
-4.945895863199673004e-02
-3.671683751837556686e-02
-3.871458664507010372e-02
-3.677794537493819793e-02
-4.944829832189931440e-02
-7.877312285954102267e-02
-1.188609301305640076e-01
-1.866744080357474189e-01
-2.269119735565210405e-01
-3.582252413040046823e-01
-5.861365092101644692e-01
-8.969799225922978625e-01
-1.001063701280279883e+00
-6.444725049650736892e-01
-3.532049414404773158e-01
-6.541345891599812390e-01
-1.024875366565018764e+00
-9.441365351555295327e-01
-6.562294822684482387e-01
-4.485927500039776916e-01
-3.314255111131429454e-01
-2.494219733536023331e-01
-1.818464735418796607e-01
-1.320099622703060360e-01
-8.586454020886594152e-02
-5.215418245514191753e-02
-3.677794537493811466e-02
-2.940469263036987746e-02
-3.528430579972746672e-02
-5.075610469185309892e-02
-8.131741677485060382e-02
-1.414631505146157486e-01
-1.884066751798763040e-01
-3.013846721802523887e-01
-4.817797191908023136e-01
-7.522637232274597130e-01
-9.882640061896177386e-01
-1.001066010100138737e+00
-9.444378158316799610e-01
-1.024875366565018764e+00
-1.038121050166220805e+00
-8.483538193866326793e-01
-6.283408048951898417e-01
-4.869093930383841529e-01
-3.982171921813923432e-01
-3.279425314895393906e-01
-2.600177929605808069e-01
-1.965646682520090505e-01
-1.365411927253064317e-01
-8.579045020700279411e-02
-4.944829832189892582e-02
-3.528430579972727243e-02
-3.673998318593152401e-02
-3.967074522012833948e-02
-5.992961328231119489e-02
-1.116862538013841943e-01
-1.515595441387939113e-01
-2.418899668463608821e-01
-3.626279439820279116e-01
-5.414292486816645322e-01
-7.522505613273571257e-01
-8.969929085276983072e-01
-9.537616100457515511e-01
-9.441365351555299767e-01
-8.483538193866329014e-01
-7.111510067238069333e-01
-6.140115716594207740e-01
-5.629826980174086337e-01
-5.132479986533782235e-01
-4.451916210629622284e-01
-3.626279439820278561e-01
-2.750162062390826279e-01
-1.966781877746557328e-01
-1.319626346986788046e-01
-7.877312285954063409e-02
-5.075610469185268259e-02
-3.967074522012817295e-02
-3.372013298817910787e-02
-4.901771749055447436e-02
-8.844031472282290474e-02
-1.188325221519134500e-01
-1.818977339217537903e-01
-2.600177929605808069e-01
-3.626149997453718687e-01
-4.817849180836595302e-01
-5.861761054694005768e-01
-6.501875490656134904e-01
-6.562294822684484608e-01
-6.283408048951900637e-01
-6.140115716594209960e-01
-6.283510780819192565e-01
-6.561789233803339005e-01
-6.502159570442636038e-01
-5.861996892835845685e-01
-4.817797191908025356e-01
-3.626003639958313429e-01
-2.600559242680144934e-01
-1.818419469178541859e-01
-1.188609301305637578e-01
-8.131741677485035402e-02
-5.992961328231086182e-02
-4.901771749055441885e-02
-5.996267029587276642e-02
-8.128860484488092952e-02
-9.993583599881072921e-02
-1.336256124860984162e-01
-1.818464735418794942e-01
-2.419384376829689931e-01
-3.013702635777615324e-01
-3.582575587003811179e-01
-4.136703385063176808e-01
-4.485927500039778026e-01
-4.869093930383845414e-01
-5.629826980174089668e-01
-6.561789233803343446e-01
-7.361457947577438876e-01
-7.610021832786200147e-01
-7.041830804624177320e-01
-5.861365092101649132e-01
-4.451858313431601433e-01
-3.278972256247180694e-01
-2.493889199175145233e-01
-1.866744080357474189e-01
-1.414631505146156376e-01
-1.116862538013841666e-01
-8.844031472282276596e-02
-8.128860484488098503e-02
-8.435208236128391435e-02
-9.432240967082927696e-02
-9.989877216488221578e-02
-1.188351314398814473e-01
-1.515361751100404997e-01
-1.883575470211348857e-01
-2.269194151146452509e-01
-2.787365412038251833e-01
-3.314255111131428344e-01
-3.982171921813923987e-01
-5.132479986533783345e-01
-6.502159570442638259e-01
-7.610021832786203477e-01
-8.052304275689758928e-01
-7.609344462332707781e-01
-6.502425861968597065e-01
-5.132764787955158559e-01
-3.981941708048680750e-01
-3.315037964593340325e-01
-2.787184058640144180e-01
-2.269119735565212070e-01
-1.884066751798764983e-01
-1.515595441387940778e-01
-1.188325221519134223e-01
-9.993583599881075696e-02
-9.989877216488216027e-02
-8.447974256459081510e-02
-8.135060066325039418e-02
-8.850510970633451713e-02
-1.116465446397358341e-01
-1.415031762041345231e-01
-1.866419906282654750e-01
-2.494219733536021666e-01
-3.279425314895394461e-01
-4.451916210629622284e-01
-5.861996892835845685e-01
-7.041830804624179541e-01
-7.609344462332706671e-01
-7.361313705939374064e-01
-6.561909970564108185e-01
-5.630273349630685598e-01
-4.869490334975756229e-01
-4.486376787720851578e-01
-4.136883911167649197e-01
-3.582252413040048489e-01
-3.013846721802523332e-01
-2.418899668463609653e-01
-1.818977339217537903e-01
-1.336256124860983607e-01
-1.188351314398813918e-01
-8.135060066325039418e-02
-5.995093024469003162e-02
-4.901060178199040385e-02
-5.995093024469019816e-02
-8.135060066325033867e-02
-1.188351314398813363e-01
-1.818464735418794942e-01
-2.600177929605809179e-01
-3.626279439820279671e-01
-4.817797191908024246e-01
-5.861365092101649132e-01
-6.502425861968598175e-01
-6.561909970564110406e-01
-6.283675768637166925e-01
-6.140281713796380547e-01
-6.283675768637164705e-01
-6.561909970564109296e-01
-6.502425861968599285e-01
-5.861365092101646912e-01
-4.817797191908023691e-01
-3.626279439820279671e-01
-2.600177929605808069e-01
-1.818464735418795775e-01
-1.515361751100402221e-01
-8.850510970633446162e-02
-4.901060178199048711e-02
-3.362299709322713603e-02
-3.970251996389448368e-02
-5.074034909658090009e-02
-7.870058991126516190e-02
-1.320099622703059805e-01
-1.965646682520088839e-01
-2.750162062390828499e-01
-3.626003639958312874e-01
-4.451858313431603653e-01
-5.132764787955157448e-01
-5.630273349630687818e-01
-6.140281713796378327e-01
-7.111138711398463652e-01
-8.483885251527298887e-01
-9.441204254499322435e-01
-9.537387643474445342e-01
-8.969799225922980845e-01
-7.522637232274598240e-01
-5.414292486816647543e-01
-3.626149997453718687e-01
-2.419384376829689098e-01
-1.883575470211346636e-01
-1.116465446397359174e-01
-5.995093024469017040e-02
-3.970251996389473348e-02
-3.685522210229286166e-02
-3.529101893606007012e-02
-4.945895863199661902e-02
-8.586454020886585825e-02
-1.365411927253064872e-01
-1.966781877746558160e-01
-2.600559242680146599e-01
-3.278972256247181805e-01
-3.981941708048682416e-01
-4.869490334975754564e-01
-6.283675768637164705e-01
-8.483885251527298887e-01
-1.038065362805811409e+00
-1.024851829087491062e+00
-9.444566381997532289e-01
-1.001063701280279883e+00
-9.882640061896178496e-01
-7.522505613273572367e-01
-4.817849180836596412e-01
-3.013702635777616434e-01
-2.269194151146450011e-01
-1.415031762041343011e-01
-8.135060066325047745e-02
-5.074034909658112213e-02
-3.529101893606018114e-02
-2.938295109552355178e-02
-3.671683751837534482e-02
-5.215418245514225060e-02
-8.579045020700301616e-02
-1.319626346986789711e-01
-1.818419469178542969e-01
-2.493889199175146620e-01
-3.315037964593340325e-01
-4.486376787720851023e-01
-6.561909970564105965e-01
-9.441204254499322435e-01
-1.024851829087491506e+00
-6.540823315691908224e-01
-3.532359676026007866e-01
-6.444725049650739113e-01
-1.001066010100139181e+00
-8.969929085276977521e-01
-5.861761054694003548e-01
-3.582575587003807294e-01
-2.787365412038251278e-01
-1.866419906282656693e-01
-1.188351314398815028e-01
-7.870058991126543946e-02
-4.945895863199673004e-02
-3.671683751837556686e-02
-3.871458664507010372e-02
-3.677794537493819793e-02
-4.944829832189931440e-02
-7.877312285954102267e-02
-1.188609301305640076e-01
-1.866744080357474189e-01
-2.787184058640143069e-01
-4.136883911167645311e-01
-6.502425861968594845e-01
-9.537387643474442012e-01
-9.444566381997534510e-01
-3.532359676026012307e-01
7.689956751724019712e-02
-3.532049414404774823e-01
-9.444378158316801830e-01
-9.537616100457514401e-01
-6.501875490656128243e-01
-4.136703385063173477e-01
-3.314255111131429454e-01
-2.494219733536023331e-01
-1.818464735418796607e-01
-1.320099622703060360e-01
-8.586454020886594152e-02
-5.215418245514191753e-02
-3.677794537493811466e-02
-2.940469263036987746e-02
-3.528430579972746672e-02
-5.075610469185309892e-02
-8.131741677485060382e-02
-1.414631505146157486e-01
-2.269119735565210405e-01
-3.582252413040046823e-01
-5.861365092101644692e-01
-8.969799225922978625e-01
-1.001063701280279883e+00
-6.444725049650736892e-01
-3.532049414404773158e-01
-6.541345891599812390e-01
-1.024875366565018764e+00
-9.441365351555295327e-01
-6.562294822684482387e-01
-4.485927500039776916e-01
-3.982171921813923432e-01
-3.279425314895393906e-01
-2.600177929605808069e-01
-1.965646682520090505e-01
-1.365411927253064317e-01
-8.579045020700279411e-02
-4.944829832189892582e-02
-3.528430579972727243e-02
-3.673998318593152401e-02
-3.967074522012833948e-02
-5.992961328231119489e-02
-1.116862538013841943e-01
-1.884066751798763040e-01
-3.013846721802523887e-01
-4.817797191908023136e-01
-7.522637232274597130e-01
-9.882640061896177386e-01
-1.001066010100138737e+00
-9.444378158316799610e-01
-1.024875366565018764e+00
-1.038121050166220805e+00
-8.483538193866326793e-01
-6.283408048951898417e-01
-4.869093930383841529e-01
-5.132479986533782235e-01
-4.451916210629622284e-01
-3.626279439820278561e-01
-2.750162062390826279e-01
-1.966781877746557328e-01
-1.319626346986788046e-01
-7.877312285954063409e-02
-5.075610469185268259e-02
-3.967074522012817295e-02
-3.372013298817910787e-02
-4.901771749055447436e-02
-8.844031472282290474e-02
-1.515595441387939113e-01
-2.418899668463608821e-01
-3.626279439820279116e-01
-5.414292486816645322e-01
-7.522505613273571257e-01
-8.969929085276983072e-01
-9.537616100457515511e-01
-9.441365351555299767e-01
-8.483538193866329014e-01
-7.111510067238069333e-01
-6.140115716594207740e-01
-5.629826980174086337e-01
-6.502159570442636038e-01
-5.861996892835845685e-01
-4.817797191908025356e-01
-3.626003639958313429e-01
-2.600559242680144934e-01
-1.818419469178541859e-01
-1.188609301305637578e-01
-8.131741677485035402e-02
-5.992961328231086182e-02
-4.901771749055441885e-02
-5.996267029587276642e-02
-8.128860484488092952e-02
-1.188325221519134500e-01
-1.818977339217537903e-01
-2.600177929605808069e-01
-3.626149997453718687e-01
-4.817849180836595302e-01
-5.861761054694005768e-01
-6.501875490656134904e-01
-6.562294822684484608e-01
-6.283408048951900637e-01
-6.140115716594209960e-01
-6.283510780819192565e-01
-6.561789233803339005e-01
-7.610021832786200147e-01
-7.041830804624177320e-01
-5.861365092101649132e-01
-4.451858313431601433e-01
-3.278972256247180694e-01
-2.493889199175145233e-01
-1.866744080357474189e-01
-1.414631505146156376e-01
-1.116862538013841666e-01
-8.844031472282276596e-02
-8.128860484488098503e-02
-8.435208236128391435e-02
-9.993583599881072921e-02
-1.336256124860984162e-01
-1.818464735418794942e-01
-2.419384376829689931e-01
-3.013702635777615324e-01
-3.582575587003811179e-01
-4.136703385063176808e-01
-4.485927500039778026e-01
-4.869093930383845414e-01
-5.629826980174089668e-01
-6.561789233803343446e-01
-7.361457947577438876e-01
-4.643777948702362268e-01
-4.494448325014774315e-01
-4.136883911167652528e-01
-3.689854348423138308e-01
-3.315037964593341435e-01
-3.079237372524261107e-01
-2.782841957869638394e-01
-2.495834032224685806e-01
-2.268751677264727595e-01
-2.024212978547839104e-01
-1.866485554988090989e-01
-1.737176987160714559e-01
-1.650864554807170426e-01
-1.737682751002677939e-01
-1.866419906282656971e-01
-2.024452965004551186e-01
-2.269194151146453620e-01
-2.495748734561810123e-01
-2.782880322518106464e-01
-3.079102264645494080e-01
-3.314623169431915595e-01
-3.689352102967262126e-01
-4.136961910432563894e-01
-4.494976927295560865e-01
-4.494448325014770984e-01
-4.578842964533960114e-01
-4.486376787720853798e-01
-4.460395683448705739e-01
-4.486376787720850468e-01
-4.578842964533956783e-01
-4.494448325014769874e-01
-4.101919808396688460e-01
-3.582663089695887759e-01
-3.001130429375460373e-01
-2.493845878819966888e-01
-2.104141407362615235e-01
-1.737682751002677384e-01
-1.526142504499469477e-01
-1.415031762041347729e-01
-1.337005334276755997e-01
-1.415031762041347174e-01
-1.526142504499469477e-01
-1.737682751002677106e-01
-2.104141407362617178e-01
-2.493845878819970496e-01
-3.001130429375460928e-01
-3.582663089695889425e-01
-4.101919808396687905e-01
-4.136883911167649752e-01
-4.486376787720852688e-01
-4.869490334975754009e-01
-5.630273349630686708e-01
-6.561909970564105965e-01
-7.361313705939371843e-01
-7.609344462332707781e-01
-7.041830804624180651e-01
-5.861996892835847905e-01
-4.451916210629621729e-01
-3.279425314895392796e-01
-2.494219733536021111e-01
-1.866419906282655305e-01
-1.415031762041346342e-01
-1.116465446397360561e-01
-8.850510970633457264e-02
-8.135060066325044970e-02
-8.447974256459092612e-02
-9.989877216488204925e-02
-1.336256124860982775e-01
-1.818977339217538458e-01
-2.418899668463610486e-01
-3.013846721802523332e-01
-3.582252413040051264e-01
-3.689854348423138863e-01
-4.460395683448704629e-01
-5.630273349630685598e-01
-7.516043628446048563e-01
-9.441204254499320214e-01
-1.024868733901334039e+00
-1.020033382385107545e+00
-1.005593075338901521e+00
-8.969759194010885617e-01
-6.658743604671458760e-01
-4.451668642842006030e-01
-3.000484535785787887e-01
-2.024452965004546190e-01
-1.337005334276755164e-01
-8.850510970633451713e-02
-6.243488835232940959e-02
-5.074034909658109438e-02
-4.960401425686411514e-02
-6.173808055482141177e-02
-8.733490996032414189e-02
-1.319721122989894468e-01
-1.891042824513155529e-01
-2.419015141574798466e-01
-3.001080857267782176e-01
-3.315037964593341435e-01
-4.486376787720851578e-01
-6.561909970564103745e-01
-9.441204254499317994e-01
-1.024851829087491284e+00
-6.540823315691908224e-01
-3.532359676026009532e-01
-6.444725049650741333e-01
-1.001066010100139181e+00
-8.969929085276979741e-01
-5.861761054694003548e-01
-3.582575587003807849e-01
-2.269194151146449179e-01
-1.415031762041343844e-01
-8.135060066325061623e-02
-5.074034909658117765e-02
-3.529101893606023665e-02
-2.938295109552366280e-02
-3.671683751837537257e-02
-5.215418245514205631e-02
-8.579045020700282187e-02
-1.319626346986787491e-01
-1.818419469178542969e-01
-2.493889199175147731e-01
-3.079237372524261107e-01
-4.578842964533954563e-01
-7.361313705939371843e-01
-1.024868733901334039e+00
-6.540823315691912665e-01
6.955084429528229917e-01
1.567920567121177999e+00
6.998208373868346488e-01
-6.444742191892587346e-01
-1.005630664025279231e+00
-7.041516226360041708e-01
-4.101660105644422960e-01
-2.495748734561806514e-01
-1.526142504499469199e-01
-8.447974256459128695e-02
-4.960401425686444821e-02
-2.938295109552369055e-02
-1.734529182965188765e-02
-1.887757945579410235e-02
-2.667326341066625361e-02
-5.224663589064404423e-02
-8.740600958002647802e-02
-1.336136831056356500e-01
-2.103886408150425491e-01
-2.782841957869637284e-01
-4.494448325014765433e-01
-7.609344462332703340e-01
-1.020033382385107323e+00
-3.532359676026016193e-01
1.567920567121177999e+00
2.762770285945743698e+00
1.567906200524994409e+00
-3.532382013912335195e-01
-1.020023804209122975e+00
-7.610351599351898866e-01
-4.494726030576948750e-01
-2.782880322518106464e-01
-1.737682751002677661e-01
-9.989877216488257661e-02
-6.173808055482177259e-02
-3.671683751837567788e-02
-1.887757945579410235e-02
-1.578447859305542877e-02
-1.885686485654691769e-02
-3.674468542418263262e-02
-6.171144006128151394e-02
-9.990285934224060749e-02
-1.737427883879320012e-01
-2.495834032224681920e-01
-4.101919808396685130e-01
-7.041830804624177320e-01
-1.005593075338901299e+00
-6.444725049650741333e-01
6.998208373868346488e-01
1.567906200524995075e+00
6.955377721894074883e-01
-6.541043032041098382e-01
-1.024822183486760574e+00
-7.361094146880324818e-01
-4.578653237011907073e-01
-3.079102264645494080e-01
-2.104141407362618010e-01
-1.336256124860985550e-01
-8.733490996032455822e-02
-5.215418245514213957e-02
-2.667326341066644790e-02
-1.885686485654683442e-02
-1.729651785284119780e-02
-2.934081092655549394e-02
-4.958681604769521467e-02
-8.443184963787134234e-02
-1.526774696450231561e-01
-2.268751677264724820e-01
-3.582663089695884984e-01
-5.861996892835845685e-01
-8.969759194010882286e-01
-1.001066010100138959e+00
-6.444742191892580685e-01
-3.532382013912328533e-01
-6.541043032041092831e-01
-1.024864987873588484e+00
-9.441357877654015240e-01
-6.561957381648118037e-01
-4.486129389868162010e-01
-3.314623169431913929e-01
-2.493845878819967998e-01
-1.818977339217539291e-01
-1.319721122989896411e-01
-8.579045020700307167e-02
-5.224663589064382219e-02
-3.674468542418257710e-02
-2.934081092655532741e-02
-3.536646567316173440e-02
-5.079870524450766367e-02
-8.123672042519258785e-02
-1.414392793377989843e-01
-2.024212978547840214e-01
-3.001130429375459263e-01
-4.451916210629618953e-01
-6.658743604671455429e-01
-8.969929085276980851e-01
-1.005630664025279231e+00
-1.020023804209122753e+00
-1.024822183486760574e+00
-9.441357877654015240e-01
-7.516189658170880916e-01
-5.629820390396553798e-01
-4.460181007581283108e-01
-3.689352102967259350e-01
-3.001130429375459263e-01
-2.418899668463609931e-01
-1.891042824513154696e-01
-1.319626346986788601e-01
-8.740600958002647802e-02
-6.171144006128115311e-02
-4.958681604769524243e-02
-5.079870524450749714e-02
-6.252980591389173393e-02
-8.849686428502462343e-02
-1.337180911102121839e-01
-1.866485554988090989e-01
-2.493845878819967166e-01
-3.279425314895392241e-01
-4.451668642842007695e-01
-5.861761054694005768e-01
-7.041516226360045039e-01
-7.610351599351903307e-01
-7.361094146880329259e-01
-6.561957381648120258e-01
-5.629820390396558238e-01
-4.869259070685060808e-01
-4.485657594178430463e-01
-4.136961910432559453e-01
-3.582663089695887759e-01
-3.013846721802522777e-01
-2.419015141574799577e-01
-1.818419469178542136e-01
-1.336136831056356500e-01
-9.990285934224044095e-02
-8.443184963787106478e-02
-8.123672042519269887e-02
-8.849686428502462343e-02
-1.116100253039506440e-01
-1.414857228670607370e-01
-1.737176987160714559e-01
-2.104141407362614957e-01
-2.494219733536023331e-01
-3.000484535785791773e-01
-3.582575587003812290e-01
-4.101660105644425736e-01
-4.494726030576950415e-01
-4.578653237011909294e-01
-4.486129389868164230e-01
-4.460181007581286439e-01
-4.485657594178434904e-01
-4.578512104434802055e-01
-4.494976927295560865e-01
-4.101919808396689016e-01
-3.582252413040051264e-01
-3.001080857267781621e-01
-2.493889199175147731e-01
-2.103886408150424381e-01
-1.737427883879322510e-01
-1.526774696450234614e-01
-1.414392793377991231e-01
-1.337180911102122116e-01
-1.414857228670609590e-01
-1.526401127062889385e-01
-1.650864554807170426e-01
-1.737682751002677939e-01
-1.866419906282656971e-01
-2.024452965004551186e-01
-2.269194151146453620e-01
-2.495748734561810123e-01
-2.782880322518106464e-01
-3.079102264645494080e-01
-3.314623169431915595e-01
-3.689352102967262126e-01
-4.136961910432563894e-01
-4.494976927295560865e-01
-4.643777948702362268e-01
-4.494448325014774315e-01
-4.136883911167652528e-01
-3.689854348423138308e-01
-3.315037964593341435e-01
-3.079237372524261107e-01
-2.782841957869638394e-01
-2.495834032224685806e-01
-2.268751677264727595e-01
-2.024212978547839104e-01
-1.866485554988090989e-01
-1.737176987160714559e-01
-1.737682751002677384e-01
-1.526142504499469477e-01
-1.415031762041347729e-01
-1.337005334276755997e-01
-1.415031762041347174e-01
-1.526142504499469477e-01
-1.737682751002677106e-01
-2.104141407362617178e-01
-2.493845878819970496e-01
-3.001130429375460928e-01
-3.582663089695889425e-01
-4.101919808396687905e-01
-4.494448325014770984e-01
-4.578842964533960114e-01
-4.486376787720853798e-01
-4.460395683448705739e-01
-4.486376787720850468e-01
-4.578842964533956783e-01
-4.494448325014769874e-01
-4.101919808396688460e-01
-3.582663089695887759e-01
-3.001130429375460373e-01
-2.493845878819966888e-01
-2.104141407362615235e-01
-1.866419906282655305e-01
-1.415031762041346342e-01
-1.116465446397360561e-01
-8.850510970633457264e-02
-8.135060066325044970e-02
-8.447974256459092612e-02
-9.989877216488204925e-02
-1.336256124860982775e-01
-1.818977339217538458e-01
-2.418899668463610486e-01
-3.013846721802523332e-01
-3.582252413040051264e-01
-4.136883911167649752e-01
-4.486376787720852688e-01
-4.869490334975754009e-01
-5.630273349630686708e-01
-6.561909970564105965e-01
-7.361313705939371843e-01
-7.609344462332707781e-01
-7.041830804624180651e-01
-5.861996892835847905e-01
-4.451916210629621729e-01
-3.279425314895392796e-01
-2.494219733536021111e-01
-2.024452965004546190e-01
-1.337005334276755164e-01
-8.850510970633451713e-02
-6.243488835232940959e-02
-5.074034909658109438e-02
-4.960401425686411514e-02
-6.173808055482141177e-02
-8.733490996032414189e-02
-1.319721122989894468e-01
-1.891042824513155529e-01
-2.419015141574798466e-01
-3.001080857267782176e-01
-3.689854348423138863e-01
-4.460395683448704629e-01
-5.630273349630685598e-01
-7.516043628446048563e-01
-9.441204254499320214e-01
-1.024868733901334039e+00
-1.020033382385107545e+00
-1.005593075338901521e+00
-8.969759194010885617e-01
-6.658743604671458760e-01
-4.451668642842006030e-01
-3.000484535785787887e-01
-2.269194151146449179e-01
-1.415031762041343844e-01
-8.135060066325061623e-02
-5.074034909658117765e-02
-3.529101893606023665e-02
-2.938295109552366280e-02
-3.671683751837537257e-02
-5.215418245514205631e-02
-8.579045020700282187e-02
-1.319626346986787491e-01
-1.818419469178542969e-01
-2.493889199175147731e-01
-3.315037964593341435e-01
-4.486376787720851578e-01
-6.561909970564103745e-01
-9.441204254499317994e-01
-1.024851829087491284e+00
-6.540823315691908224e-01
-3.532359676026009532e-01
-6.444725049650741333e-01
-1.001066010100139181e+00
-8.969929085276979741e-01
-5.861761054694003548e-01
-3.582575587003807849e-01
-2.495748734561806514e-01
-1.526142504499469199e-01
-8.447974256459128695e-02
-4.960401425686444821e-02
-2.938295109552369055e-02
-1.734529182965188765e-02
-1.887757945579410235e-02
-2.667326341066625361e-02
-5.224663589064404423e-02
-8.740600958002647802e-02
-1.336136831056356500e-01
-2.103886408150425491e-01
-3.079237372524261107e-01
-4.578842964533954563e-01
-7.361313705939371843e-01
-1.024868733901334039e+00
-6.540823315691912665e-01
6.955084429528229917e-01
1.567920567121177999e+00
6.998208373868346488e-01
-6.444742191892587346e-01
-1.005630664025279231e+00
-7.041516226360041708e-01
-4.101660105644422960e-01
-2.782880322518106464e-01
-1.737682751002677661e-01
-9.989877216488257661e-02
-6.173808055482177259e-02
-3.671683751837567788e-02
-1.887757945579410235e-02
-1.578447859305542877e-02
-1.885686485654691769e-02
-3.674468542418263262e-02
-6.171144006128151394e-02
-9.990285934224060749e-02
-1.737427883879320012e-01
-2.782841957869637284e-01
-4.494448325014765433e-01
-7.609344462332703340e-01
-1.020033382385107323e+00
-3.532359676026016193e-01
1.567920567121177999e+00
2.762770285945743698e+00
1.567906200524994409e+00
-3.532382013912335195e-01
-1.020023804209122975e+00
-7.610351599351898866e-01
-4.494726030576948750e-01
-3.079102264645494080e-01
-2.104141407362618010e-01
-1.336256124860985550e-01
-8.733490996032455822e-02
-5.215418245514213957e-02
-2.667326341066644790e-02
-1.885686485654683442e-02
-1.729651785284119780e-02
-2.934081092655549394e-02
-4.958681604769521467e-02
-8.443184963787134234e-02
-1.526774696450231561e-01
-2.495834032224681920e-01
-4.101919808396685130e-01
-7.041830804624177320e-01
-1.005593075338901299e+00
-6.444725049650741333e-01
6.998208373868346488e-01
1.567906200524995075e+00
6.955377721894074883e-01
-6.541043032041098382e-01
-1.024822183486760574e+00
-7.361094146880324818e-01
-4.578653237011907073e-01
-3.314623169431913929e-01
-2.493845878819967998e-01
-1.818977339217539291e-01
-1.319721122989896411e-01
-8.579045020700307167e-02
-5.224663589064382219e-02
-3.674468542418257710e-02
-2.934081092655532741e-02
-3.536646567316173440e-02
-5.079870524450766367e-02
-8.123672042519258785e-02
-1.414392793377989843e-01
-2.268751677264724820e-01
-3.582663089695884984e-01
-5.861996892835845685e-01
-8.969759194010882286e-01
-1.001066010100138959e+00
-6.444742191892580685e-01
-3.532382013912328533e-01
-6.541043032041092831e-01
-1.024864987873588484e+00
-9.441357877654015240e-01
-6.561957381648118037e-01
-4.486129389868162010e-01
-3.689352102967259350e-01
-3.001130429375459263e-01
-2.418899668463609931e-01
-1.891042824513154696e-01
-1.319626346986788601e-01
-8.740600958002647802e-02
-6.171144006128115311e-02
-4.958681604769524243e-02
-5.079870524450749714e-02
-6.252980591389173393e-02
-8.849686428502462343e-02
-1.337180911102121839e-01
-2.024212978547840214e-01
-3.001130429375459263e-01
-4.451916210629618953e-01
-6.658743604671455429e-01
-8.969929085276980851e-01
-1.005630664025279231e+00
-1.020023804209122753e+00
-1.024822183486760574e+00
-9.441357877654015240e-01
-7.516189658170880916e-01
-5.629820390396553798e-01
-4.460181007581283108e-01
-4.136961910432559453e-01
-3.582663089695887759e-01
-3.013846721802522777e-01
-2.419015141574799577e-01
-1.818419469178542136e-01
-1.336136831056356500e-01
-9.990285934224044095e-02
-8.443184963787106478e-02
-8.123672042519269887e-02
-8.849686428502462343e-02
-1.116100253039506440e-01
-1.414857228670607370e-01
-1.866485554988090989e-01
-2.493845878819967166e-01
-3.279425314895392241e-01
-4.451668642842007695e-01
-5.861761054694005768e-01
-7.041516226360045039e-01
-7.610351599351903307e-01
-7.361094146880329259e-01
-6.561957381648120258e-01
-5.629820390396558238e-01
-4.869259070685060808e-01
-4.485657594178430463e-01
-4.494976927295560865e-01
-4.101919808396689016e-01
-3.582252413040051264e-01
-3.001080857267781621e-01
-2.493889199175147731e-01
-2.103886408150424381e-01
-1.737427883879322510e-01
-1.526774696450234614e-01
-1.414392793377991231e-01
-1.337180911102122116e-01
-1.414857228670609590e-01
-1.526401127062889385e-01
-1.737176987160714559e-01
-2.104141407362614957e-01
-2.494219733536023331e-01
-3.000484535785791773e-01
-3.582575587003812290e-01
-4.101660105644425736e-01
-4.494726030576950415e-01
-4.578653237011909294e-01
-4.486129389868164230e-01
-4.460181007581286439e-01
-4.485657594178434904e-01
-4.578512104434802055e-01
-2.745615597418508136e-01
-2.782841957869640614e-01
-2.787184058640147510e-01
-2.759590623814456301e-01
-2.787184058640145845e-01
-2.782841957869639504e-01
-2.745615597418504805e-01
-2.782555544701548200e-01
-2.787256199620385400e-01
-2.759438086582880478e-01
-2.787293271058011723e-01
-2.783166735686198323e-01
-2.745345742854388704e-01
-2.782880322518105909e-01
-2.787365412038252943e-01
-2.759285549351306877e-01
-2.787365412038254053e-01
-2.782880322518105354e-01
-2.745345742854388149e-01
-2.783166735686198878e-01
-2.787293271058015609e-01
-2.759438086582883254e-01
-2.787256199620389285e-01
-2.782555544701547645e-01
-2.782841957869639504e-01
-3.079237372524262772e-01
-3.315037964593343656e-01
-3.689854348423138308e-01
-4.136883911167649197e-01
-4.494448325014767653e-01
-4.643777948702361158e-01
-4.494976927295559754e-01
-4.136961910432560563e-01
-3.689352102967260461e-01
-3.314623169431916150e-01
-3.079102264645494635e-01
-2.782880322518109240e-01
-2.495748734561809845e-01
-2.269194151146452509e-01
-2.024452965004548965e-01
-1.866419906282656971e-01
-1.737682751002678494e-01
-1.650864554807170981e-01
-1.737176987160716779e-01
-1.866485554988094597e-01
-2.024212978547842989e-01
-2.268751677264728150e-01
-2.495834032224687471e-01
-2.787184058640145290e-01
-3.315037964593342545e-01
-3.981941708048679640e-01
-5.132764787955155228e-01
-6.502425861968597065e-01
-7.609344462332705561e-01
-8.052304275689758928e-01
-7.610021832786202367e-01
-6.502159570442637149e-01
-5.132479986533781124e-01
-3.982171921813923987e-01
-3.314255111131429454e-01
-2.787365412038252943e-01
-2.269194151146452509e-01
-1.883575470211350522e-01
-1.515361751100407772e-01
-1.188351314398815861e-01
-9.989877216488221578e-02
-9.432240967082930472e-02
-9.993583599881072921e-02
-1.188325221519134500e-01
-1.515595441387941333e-01
-1.884066751798767203e-01
-2.269119735565211515e-01
-2.759590623814454080e-01
-3.689854348423134978e-01
-5.132764787955153007e-01
-7.387454505374402292e-01
-9.537387643474442012e-01
-1.020033382385107323e+00
-1.003777786309029363e+00
-1.020040299616463031e+00
-9.537928336987107070e-01
-7.387765681810632978e-01
-5.132959518874949945e-01
-3.689389456711178461e-01
-2.759285549351306321e-01
-2.024452965004548410e-01
-1.515361751100405552e-01
-1.136309141471291695e-01
-7.870058991126543946e-02
-6.173808055482160606e-02
-6.087675010806917197e-02
-6.169494465394093075e-02
-7.874189920658181130e-02
-1.136496176256579504e-01
-1.515115909046771403e-01
-2.024175624803919993e-01
-2.787184058640146955e-01
-4.136883911167647532e-01
-6.502425861968594845e-01
-9.537387643474440901e-01
-9.444566381997534510e-01
-3.532359676026011197e-01
7.689956751724003059e-02
-3.532049414404777044e-01
-9.444378158316802940e-01
-9.537616100457513291e-01
-6.501875490656129353e-01
-4.136703385063176253e-01
-2.787365412038250723e-01
-1.866419906282655305e-01
-1.188351314398816971e-01
-7.870058991126552272e-02
-4.945895863199684106e-02
-3.671683751837551135e-02
-3.871458664507004821e-02
-3.677794537493822569e-02
-4.944829832189906460e-02
-7.877312285954085613e-02
-1.188609301305640631e-01
-1.866744080357475855e-01
-2.782841957869637284e-01
-4.494448325014765433e-01
-7.609344462332703340e-01
-1.020033382385107323e+00
-3.532359676026013418e-01
1.567920567121177555e+00
2.762770285945743698e+00
1.567906200524994631e+00
-3.532382013912336305e-01
-1.020023804209122531e+00
-7.610351599351901086e-01
-4.494726030576947085e-01
-2.782880322518104244e-01
-1.737682751002676551e-01
-9.989877216488249334e-02
-6.173808055482171708e-02
-3.671683751837567788e-02
-1.887757945579426888e-02
-1.578447859305559531e-02
-1.885686485654688993e-02
-3.674468542418274364e-02
-6.171144006128151394e-02
-9.990285934224080178e-02
-1.737427883879323343e-01
-2.745615597418501475e-01
-4.643777948702357827e-01
-8.052304275689756707e-01
-1.003777786309029585e+00
7.689956751723925343e-02
2.762770285945743254e+00
4.387272724207817554e+00
2.762756601700892212e+00
7.687609323277294626e-02
-1.003758374541986020e+00
-8.052225914001990281e-01
-4.643878508845377673e-01
-2.745345742854385374e-01
-1.650864554807172646e-01
-9.432240967082955452e-02
-6.087675010806928300e-02
-3.871458664507021474e-02
-1.578447859305553980e-02
-8.429752804831491808e-03
-1.577079434820438664e-02
-3.869111236060399084e-02
-6.089616187511287526e-02
-9.433024583960614162e-02
-1.650763994664152801e-01
-2.782555544701542094e-01
-4.494976927295554758e-01
-7.610021832786197926e-01
-1.020040299616463031e+00
-3.532049414404780374e-01
1.567906200524995075e+00
2.762756601700893100e+00
1.567936263813468400e+00
-3.532047061158761769e-01
-1.020092924347102414e+00
-7.609504932959334500e-01
-4.495114314427648972e-01
-2.783166735686198878e-01
-1.737176987160714559e-01
-9.993583599881109003e-02
-6.169494465394109728e-02
-3.677794537493844773e-02
-1.885686485654725075e-02
-1.577079434820452541e-02
-1.889327614808478106e-02
-3.674809900510100924e-02
-6.167853859282668161e-02
-9.988272510221937739e-02
-1.737016761589793012e-01
-2.787256199620383734e-01
-4.136961910432556677e-01
-6.502159570442632708e-01
-9.537928336987102629e-01
-9.444378158316801830e-01
-3.532382013912331309e-01
7.687609323277388995e-02
-3.532047061158755108e-01
-9.444081573615878966e-01
-9.537229164929961200e-01
-6.502064653777148706e-01
-4.136794353799584378e-01
-2.787293271058011168e-01
-1.866485554988092654e-01
-1.188325221519135610e-01
-7.874189920658203334e-02
-4.944829832189928664e-02
-3.674468542418279915e-02
-3.869111236060385206e-02
-3.674809900510123128e-02
-4.950743947016242319e-02
-7.871643776571340956e-02
-1.188712522590261444e-01
-1.866509463650717904e-01
-2.759438086582879923e-01
-3.689352102967258240e-01
-5.132479986533776684e-01
-7.387765681810631868e-01
-9.537616100457514401e-01
-1.020023804209122531e+00
-1.003758374541985798e+00
-1.020092924347102414e+00
-9.537229164929961200e-01
-7.387523837371277047e-01
-5.132856224476323170e-01
-3.689712232153816718e-01
-2.759438086582879368e-01
-2.024212978547840491e-01
-1.515595441387941056e-01
-1.136496176256579504e-01
-7.877312285954091164e-02
-6.171144006128137516e-02
-6.089616187511273648e-02
-6.167853859282673712e-02
-7.871643776571346507e-02
-1.136239809474418605e-01
-1.515270314579235666e-01
-2.024595081273867225e-01
-2.787293271058011168e-01
-3.314623169431914484e-01
-3.982171921813922877e-01
-5.132959518874947724e-01
-6.501875490656131573e-01
-7.610351599351903307e-01
-8.052225914001993612e-01
-7.609504932959336720e-01
-6.502064653777150927e-01
-5.132856224476326501e-01
-3.981806285793974554e-01
-3.314635778626300877e-01
-2.787256199620385955e-01
-2.268751677264726485e-01
-1.884066751798766925e-01
-1.515115909046773901e-01
-1.188609301305640076e-01
-9.990285934224055198e-02
-9.433024583960597509e-02
-9.988272510221926637e-02
-1.188712522590262000e-01
-1.515270314579235944e-01
-1.883710892466054498e-01
-2.269596337113492512e-01
-2.783166735686198878e-01
-3.079102264645493525e-01
-3.314255111131430009e-01
-3.689389456711180681e-01
-4.136703385063176808e-01
-4.494726030576950970e-01
-4.643878508845378228e-01
-4.495114314427651192e-01
-4.136794353799587154e-01
-3.689712232153818938e-01
-3.314635778626303653e-01
-3.079077124049611758e-01
-2.782555544701549310e-01
-2.495834032224689136e-01
-2.269119735565214291e-01
-2.024175624803922213e-01
-1.866744080357476965e-01
-1.737427883879324453e-01
-1.650763994664154188e-01
-1.737016761589796066e-01
-1.866509463650720679e-01
-2.024595081273867780e-01
-2.269596337113493068e-01
-2.495908983036459750e-01
-2.745345742854388704e-01
-2.782880322518105909e-01
-2.787365412038252943e-01
-2.759285549351306877e-01
-2.787365412038254053e-01
-2.782880322518105354e-01
-2.745345742854388149e-01
-2.783166735686198878e-01
-2.787293271058015609e-01
-2.759438086582883254e-01
-2.787256199620389285e-01
-2.782555544701547645e-01
-2.745615597418508136e-01
-2.782841957869640614e-01
-2.787184058640147510e-01
-2.759590623814456301e-01
-2.787184058640145845e-01
-2.782841957869639504e-01
-2.745615597418504805e-01
-2.782555544701548200e-01
-2.787256199620385400e-01
-2.759438086582880478e-01
-2.787293271058011723e-01
-2.783166735686198323e-01
-2.782880322518109240e-01
-2.495748734561809845e-01
-2.269194151146452509e-01
-2.024452965004548965e-01
-1.866419906282656971e-01
-1.737682751002678494e-01
-1.650864554807170981e-01
-1.737176987160716779e-01
-1.866485554988094597e-01
-2.024212978547842989e-01
-2.268751677264728150e-01
-2.495834032224687471e-01
-2.782841957869639504e-01
-3.079237372524262772e-01
-3.315037964593343656e-01
-3.689854348423138308e-01
-4.136883911167649197e-01
-4.494448325014767653e-01
-4.643777948702361158e-01
-4.494976927295559754e-01
-4.136961910432560563e-01
-3.689352102967260461e-01
-3.314623169431916150e-01
-3.079102264645494635e-01
-2.787365412038252943e-01
-2.269194151146452509e-01
-1.883575470211350522e-01
-1.515361751100407772e-01
-1.188351314398815861e-01
-9.989877216488221578e-02
-9.432240967082930472e-02
-9.993583599881072921e-02
-1.188325221519134500e-01
-1.515595441387941333e-01
-1.884066751798767203e-01
-2.269119735565211515e-01
-2.787184058640145290e-01
-3.315037964593342545e-01
-3.981941708048679640e-01
-5.132764787955155228e-01
-6.502425861968597065e-01
-7.609344462332705561e-01
-8.052304275689758928e-01
-7.610021832786202367e-01
-6.502159570442637149e-01
-5.132479986533781124e-01
-3.982171921813923987e-01
-3.314255111131429454e-01
-2.759285549351306321e-01
-2.024452965004548410e-01
-1.515361751100405552e-01
-1.136309141471291695e-01
-7.870058991126543946e-02
-6.173808055482160606e-02
-6.087675010806917197e-02
-6.169494465394093075e-02
-7.874189920658181130e-02
-1.136496176256579504e-01
-1.515115909046771403e-01
-2.024175624803919993e-01
-2.759590623814454080e-01
-3.689854348423134978e-01
-5.132764787955153007e-01
-7.387454505374402292e-01
-9.537387643474442012e-01
-1.020033382385107323e+00
-1.003777786309029363e+00
-1.020040299616463031e+00
-9.537928336987107070e-01
-7.387765681810632978e-01
-5.132959518874949945e-01
-3.689389456711178461e-01
-2.787365412038250723e-01
-1.866419906282655305e-01
-1.188351314398816971e-01
-7.870058991126552272e-02
-4.945895863199684106e-02
-3.671683751837551135e-02
-3.871458664507004821e-02
-3.677794537493822569e-02
-4.944829832189906460e-02
-7.877312285954085613e-02
-1.188609301305640631e-01
-1.866744080357475855e-01
-2.787184058640146955e-01
-4.136883911167647532e-01
-6.502425861968594845e-01
-9.537387643474440901e-01
-9.444566381997534510e-01
-3.532359676026011197e-01
7.689956751724003059e-02
-3.532049414404777044e-01
-9.444378158316802940e-01
-9.537616100457513291e-01
-6.501875490656129353e-01
-4.136703385063176253e-01
-2.782880322518104244e-01
-1.737682751002676551e-01
-9.989877216488249334e-02
-6.173808055482171708e-02
-3.671683751837567788e-02
-1.887757945579426888e-02
-1.578447859305559531e-02
-1.885686485654688993e-02
-3.674468542418274364e-02
-6.171144006128151394e-02
-9.990285934224080178e-02
-1.737427883879323343e-01
-2.782841957869637284e-01
-4.494448325014765433e-01
-7.609344462332703340e-01
-1.020033382385107323e+00
-3.532359676026013418e-01
1.567920567121177555e+00
2.762770285945743698e+00
1.567906200524994631e+00
-3.532382013912336305e-01
-1.020023804209122531e+00
-7.610351599351901086e-01
-4.494726030576947085e-01
-2.745345742854385374e-01
-1.650864554807172646e-01
-9.432240967082955452e-02
-6.087675010806928300e-02
-3.871458664507021474e-02
-1.578447859305553980e-02
-8.429752804831491808e-03
-1.577079434820438664e-02
-3.869111236060399084e-02
-6.089616187511287526e-02
-9.433024583960614162e-02
-1.650763994664152801e-01
-2.745615597418501475e-01
-4.643777948702357827e-01
-8.052304275689756707e-01
-1.003777786309029585e+00
7.689956751723925343e-02
2.762770285945743254e+00
4.387272724207817554e+00
2.762756601700892212e+00
7.687609323277294626e-02
-1.003758374541986020e+00
-8.052225914001990281e-01
-4.643878508845377673e-01
-2.783166735686198878e-01
-1.737176987160714559e-01
-9.993583599881109003e-02
-6.169494465394109728e-02
-3.677794537493844773e-02
-1.885686485654725075e-02
-1.577079434820452541e-02
-1.889327614808478106e-02
-3.674809900510100924e-02
-6.167853859282668161e-02
-9.988272510221937739e-02
-1.737016761589793012e-01
-2.782555544701542094e-01
-4.494976927295554758e-01
-7.610021832786197926e-01
-1.020040299616463031e+00
-3.532049414404780374e-01
1.567906200524995075e+00
2.762756601700893100e+00
1.567936263813468400e+00
-3.532047061158761769e-01
-1.020092924347102414e+00
-7.609504932959334500e-01
-4.495114314427648972e-01
-2.787293271058011168e-01
-1.866485554988092654e-01
-1.188325221519135610e-01
-7.874189920658203334e-02
-4.944829832189928664e-02
-3.674468542418279915e-02
-3.869111236060385206e-02
-3.674809900510123128e-02
-4.950743947016242319e-02
-7.871643776571340956e-02
-1.188712522590261444e-01
-1.866509463650717904e-01
-2.787256199620383734e-01
-4.136961910432556677e-01
-6.502159570442632708e-01
-9.537928336987102629e-01
-9.444378158316801830e-01
-3.532382013912331309e-01
7.687609323277388995e-02
-3.532047061158755108e-01
-9.444081573615878966e-01
-9.537229164929961200e-01
-6.502064653777148706e-01
-4.136794353799584378e-01
-2.759438086582879368e-01
-2.024212978547840491e-01
-1.515595441387941056e-01
-1.136496176256579504e-01
-7.877312285954091164e-02
-6.171144006128137516e-02
-6.089616187511273648e-02
-6.167853859282673712e-02
-7.871643776571346507e-02
-1.136239809474418605e-01
-1.515270314579235666e-01
-2.024595081273867225e-01
-2.759438086582879923e-01
-3.689352102967258240e-01
-5.132479986533776684e-01
-7.387765681810631868e-01
-9.537616100457514401e-01
-1.020023804209122531e+00
-1.003758374541985798e+00
-1.020092924347102414e+00
-9.537229164929961200e-01
-7.387523837371277047e-01
-5.132856224476323170e-01
-3.689712232153816718e-01
-2.787256199620385955e-01
-2.268751677264726485e-01
-1.884066751798766925e-01
-1.515115909046773901e-01
-1.188609301305640076e-01
-9.990285934224055198e-02
-9.433024583960597509e-02
-9.988272510221926637e-02
-1.188712522590262000e-01
-1.515270314579235944e-01
-1.883710892466054498e-01
-2.269596337113492512e-01
-2.787293271058011168e-01
-3.314623169431914484e-01
-3.982171921813922877e-01
-5.132959518874947724e-01
-6.501875490656131573e-01
-7.610351599351903307e-01
-8.052225914001993612e-01
-7.609504932959336720e-01
-6.502064653777150927e-01
-5.132856224476326501e-01
-3.981806285793974554e-01
-3.314635778626300877e-01
-2.782555544701549310e-01
-2.495834032224689136e-01
-2.269119735565214291e-01
-2.024175624803922213e-01
-1.866744080357476965e-01
-1.737427883879324453e-01
-1.650763994664154188e-01
-1.737016761589796066e-01
-1.866509463650720679e-01
-2.024595081273867780e-01
-2.269596337113493068e-01
-2.495908983036459750e-01
-2.783166735686198878e-01
-3.079102264645493525e-01
-3.314255111131430009e-01
-3.689389456711180681e-01
-4.136703385063176808e-01
-4.494726030576950970e-01
-4.643878508845378228e-01
-4.495114314427651192e-01
-4.136794353799587154e-01
-3.689712232153818938e-01
-3.314635778626303653e-01
-3.079077124049611758e-01
-1.650763994664154743e-01
-1.737427883879324730e-01
-1.866744080357477242e-01
-2.024175624803923046e-01
-2.269119735565215401e-01
-2.495834032224684140e-01
-2.782555544701547090e-01
-3.079077124049608982e-01
-3.314635778626299767e-01
-3.689712232153817828e-01
-4.136794353799587709e-01
-4.495114314427652857e-01
-4.643878508845379338e-01
-4.494726030576951525e-01
-4.136703385063178473e-01
-3.689389456711177906e-01
-3.314255111131428899e-01
-3.079102264645494080e-01
-2.783166735686198323e-01
-2.495908983036460027e-01
-2.269596337113494733e-01
-2.024595081273871389e-01
-1.866509463650721790e-01
-1.737016761589795788e-01
-1.737427883879323343e-01
-2.103886408150425491e-01
-2.493889199175148286e-01
-3.001080857267782731e-01
-3.582252413040051264e-01
-4.101919808396688460e-01
-4.494976927295557534e-01
-4.578512104434799279e-01
-4.485657594178431018e-01
-4.460181007581284773e-01
-4.486129389868164230e-01
-4.578653237011914290e-01
-4.494726030576952081e-01
-4.101660105644425736e-01
-3.582575587003811735e-01
-3.000484535785790108e-01
-2.494219733536021666e-01
-2.104141407362615790e-01
-1.737176987160715114e-01
-1.526401127062889940e-01
-1.414857228670610145e-01
-1.337180911102122116e-01
-1.414392793377991231e-01
-1.526774696450234614e-01
-1.866744080357473634e-01
-2.493889199175145233e-01
-3.278972256247180694e-01
-4.451858313431601433e-01
-5.861365092101646912e-01
-7.041830804624180651e-01
-7.610021832786200147e-01
-7.361457947577436656e-01
-6.561789233803340116e-01
-5.629826980174088558e-01
-4.869093930383844859e-01
-4.485927500039780247e-01
-4.136703385063178473e-01
-3.582575587003809514e-01
-3.013702635777616434e-01
-2.419384376829690209e-01
-1.818464735418794664e-01
-1.336256124860982775e-01
-9.993583599881061819e-02
-8.435208236128396986e-02
-8.128860484488106830e-02
-8.844031472282271045e-02
-1.116862538013841388e-01
-1.414631505146158041e-01
-2.024175624803919993e-01
-3.001080857267779400e-01
-4.451858313431599212e-01
-6.659092204373202595e-01
-8.969799225922978625e-01
-1.005593075338901077e+00
-1.020040299616463253e+00
-1.024871591202222154e+00
-9.441199821800101422e-01
-7.516469552414444255e-01
-5.629442106176311134e-01
-4.460556593916530921e-01
-3.689389456711179571e-01
-3.000484535785791218e-01
-2.419384376829688821e-01
-1.890924636989082253e-01
-1.320099622703058695e-01
-8.733490996032433618e-02
-6.169494465394093075e-02
-4.964609663831368036e-02
-5.078016919367189796e-02
-6.247877527176773360e-02
-8.849201159024266961e-02
-1.337500790464222489e-01
-2.269119735565211793e-01
-3.582252413040047379e-01
-5.861365092101643581e-01
-8.969799225922978625e-01
-1.001063701280279883e+00
-6.444725049650739113e-01
-3.532049414404773158e-01
-6.541345891599812390e-01
-1.024875366565018986e+00
-9.441365351555297547e-01
-6.562294822684481277e-01
-4.485927500039775806e-01
-3.314255111131428344e-01
-2.494219733536021111e-01
-1.818464735418796885e-01
-1.320099622703059250e-01
-8.586454020886585825e-02
-5.215418245514175100e-02
-3.677794537493805915e-02
-2.940469263036990522e-02
-3.528430579972757775e-02
-5.075610469185309892e-02
-8.131741677485065933e-02
-1.414631505146158874e-01
-2.495834032224682753e-01
-4.101919808396685130e-01
-7.041830804624176210e-01
-1.005593075338901077e+00
-6.444725049650742443e-01
6.998208373868346488e-01
1.567906200524994631e+00
6.955377721894077103e-01
-6.541043032041096161e-01
-1.024822183486760352e+00
-7.361094146880324818e-01
-4.578653237011908184e-01
-3.079102264645491860e-01
-2.104141407362614125e-01
-1.336256124860983330e-01
-8.733490996032453046e-02
-5.215418245514180651e-02
-2.667326341066639239e-02
-1.885686485654683442e-02
-1.729651785284130883e-02
-2.934081092655568823e-02
-4.958681604769551998e-02
-8.443184963787139785e-02
-1.526774696450233781e-01
-2.782555544701542649e-01
-4.494976927295554758e-01
-7.610021832786197926e-01
-1.020040299616463031e+00
-3.532049414404780374e-01
1.567906200524994409e+00
2.762756601700893100e+00
1.567936263813468400e+00
-3.532047061158761214e-01
-1.020092924347102414e+00
-7.609504932959334500e-01
-4.495114314427648972e-01
-2.783166735686197213e-01
-1.737176987160714003e-01
-9.993583599881075696e-02
-6.169494465394093075e-02
-3.677794537493841998e-02
-1.885686485654672340e-02
-1.577079434820460868e-02
-1.889327614808475331e-02
-3.674809900510112026e-02
-6.167853859282695916e-02
-9.988272510221959943e-02
-1.737016761589793568e-01
-3.079077124049606762e-01
-4.578512104434797614e-01
-7.361457947577434435e-01
-1.024871591202222154e+00
-6.541345891599816831e-01
6.955377721894079324e-01
1.567936263813469067e+00
6.998319495851186289e-01
-6.444710476744717198e-01
-1.005581280287239698e+00
-7.042076325112431867e-01
-4.101750066833715902e-01
-2.495908983036460860e-01
-1.526401127062890217e-01
-8.435208236128391435e-02
-4.964609663831368036e-02
-2.940469263037007175e-02
-1.729651785284141985e-02
-1.889327614808469780e-02
-2.676247882234561448e-02
-5.217580827979412250e-02
-8.741045363572855220e-02
-1.336709092698973866e-01
-2.103868684496867925e-01
-3.314635778626299212e-01
-4.485657594178429353e-01
-6.561789233803336785e-01
-9.441199821800099201e-01
-1.024875366565018764e+00
-6.541043032041093941e-01
-3.532047061158753443e-01
-6.444710476744713867e-01
-1.001045298536137995e+00
-8.969578742709318764e-01
-5.861913333908482793e-01
-3.582644365046738777e-01
-2.269596337113493900e-01
-1.414857228670608758e-01
-8.128860484488120708e-02
-5.078016919367184245e-02
-3.528430579972752223e-02
-2.934081092655563272e-02
-3.674809900510109251e-02
-5.217580827979401148e-02
-8.579433742980938082e-02
-1.319582921282760057e-01
-1.819007884908521999e-01
-2.494714148045374669e-01
-3.689712232153816718e-01
-4.460181007581283663e-01
-5.629826980174085227e-01
-7.516469552414444255e-01
-9.441365351555300878e-01
-1.024822183486760352e+00
-1.020092924347102414e+00
-1.005581280287239920e+00
-8.969578742709316543e-01
-6.658395756876278604e-01
-4.451936808154941527e-01
-3.000802246047811206e-01
-2.024595081273868891e-01
-1.337180911102122949e-01
-8.844031472282301576e-02
-6.247877527176792789e-02
-5.075610469185282136e-02
-4.958681604769535345e-02
-6.167853859282657059e-02
-8.741045363572852445e-02
-1.319582921282760335e-01
-1.890525879145553978e-01
-2.419841295553577243e-01
-3.000802246047814537e-01
-4.136794353799586599e-01
-4.486129389868163120e-01
-4.869093930383842084e-01
-5.629442106176312244e-01
-6.562294822684482387e-01
-7.361094146880329259e-01
-7.609504932959336720e-01
-7.042076325112431867e-01
-5.861913333908483903e-01
-4.451936808154943193e-01
-3.279971464921952462e-01
-2.494714148045374391e-01
-1.866509463650718459e-01
-1.414392793377991786e-01
-1.116862538013844441e-01
-8.849201159024303043e-02
-8.131741677485057607e-02
-8.443184963787109254e-02
-9.988272510221921086e-02
-1.336709092698972201e-01
-1.819007884908522277e-01
-2.419841295553578631e-01
-3.013299884751392543e-01
-3.582644365046740442e-01
-4.495114314427652302e-01
-4.578653237011911514e-01
-4.485927500039778026e-01
-4.460556593916531476e-01
-4.485927500039778026e-01
-4.578653237011911514e-01
-4.495114314427652302e-01
-4.101750066833714237e-01
-3.582644365046741552e-01
-3.000802246047813426e-01
-2.494714148045378832e-01
-2.103868684496872365e-01
-1.737016761589794678e-01
-1.526774696450233504e-01
-1.414631505146162205e-01
-1.337500790464226375e-01
-1.414631505146160262e-01
-1.526774696450234614e-01
-1.737016761589794400e-01
-2.103868684496870978e-01
-2.494714148045375779e-01
-3.000802246047813981e-01
-3.582644365046739887e-01
-4.101750066833715347e-01
-4.643878508845379338e-01
-4.494726030576951525e-01
-4.136703385063178473e-01
-3.689389456711177906e-01
-3.314255111131428899e-01
-3.079102264645494080e-01
-2.783166735686198323e-01
-2.495908983036460027e-01
-2.269596337113494733e-01
-2.024595081273871389e-01
-1.866509463650721790e-01
-1.737016761589795788e-01
-1.650763994664154743e-01
-1.737427883879324730e-01
-1.866744080357477242e-01
-2.024175624803923046e-01
-2.269119735565215401e-01
-2.495834032224684140e-01
-2.782555544701547090e-01
-3.079077124049608982e-01
-3.314635778626299767e-01
-3.689712232153817828e-01
-4.136794353799587709e-01
-4.495114314427652857e-01
-4.494726030576952081e-01
-4.101660105644425736e-01
-3.582575587003811735e-01
-3.000484535785790108e-01
-2.494219733536021666e-01
-2.104141407362615790e-01
-1.737176987160715114e-01
-1.526401127062889940e-01
-1.414857228670610145e-01
-1.337180911102122116e-01
-1.414392793377991231e-01
-1.526774696450234614e-01
-1.737427883879323343e-01
-2.103886408150425491e-01
-2.493889199175148286e-01
-3.001080857267782731e-01
-3.582252413040051264e-01
-4.101919808396688460e-01
-4.494976927295557534e-01
-4.578512104434799279e-01
-4.485657594178431018e-01
-4.460181007581284773e-01
-4.486129389868164230e-01
-4.578653237011914290e-01
-4.136703385063178473e-01
-3.582575587003809514e-01
-3.013702635777616434e-01
-2.419384376829690209e-01
-1.818464735418794664e-01
-1.336256124860982775e-01
-9.993583599881061819e-02
-8.435208236128396986e-02
-8.128860484488106830e-02
-8.844031472282271045e-02
-1.116862538013841388e-01
-1.414631505146158041e-01
-1.866744080357473634e-01
-2.493889199175145233e-01
-3.278972256247180694e-01
-4.451858313431601433e-01
-5.861365092101646912e-01
-7.041830804624180651e-01
-7.610021832786200147e-01
-7.361457947577436656e-01
-6.561789233803340116e-01
-5.629826980174088558e-01
-4.869093930383844859e-01
-4.485927500039780247e-01
-3.689389456711179571e-01
-3.000484535785791218e-01
-2.419384376829688821e-01
-1.890924636989082253e-01
-1.320099622703058695e-01
-8.733490996032433618e-02
-6.169494465394093075e-02
-4.964609663831368036e-02
-5.078016919367189796e-02
-6.247877527176773360e-02
-8.849201159024266961e-02
-1.337500790464222489e-01
-2.024175624803919993e-01
-3.001080857267779400e-01
-4.451858313431599212e-01
-6.659092204373202595e-01
-8.969799225922978625e-01
-1.005593075338901077e+00
-1.020040299616463253e+00
-1.024871591202222154e+00
-9.441199821800101422e-01
-7.516469552414444255e-01
-5.629442106176311134e-01
-4.460556593916530921e-01
-3.314255111131428344e-01
-2.494219733536021111e-01
-1.818464735418796885e-01
-1.320099622703059250e-01
-8.586454020886585825e-02
-5.215418245514175100e-02
-3.677794537493805915e-02
-2.940469263036990522e-02
-3.528430579972757775e-02
-5.075610469185309892e-02
-8.131741677485065933e-02
-1.414631505146158874e-01
-2.269119735565211793e-01
-3.582252413040047379e-01
-5.861365092101643581e-01
-8.969799225922978625e-01
-1.001063701280279883e+00
-6.444725049650739113e-01
-3.532049414404773158e-01
-6.541345891599812390e-01
-1.024875366565018986e+00
-9.441365351555297547e-01
-6.562294822684481277e-01
-4.485927500039775806e-01
-3.079102264645491860e-01
-2.104141407362614125e-01
-1.336256124860983330e-01
-8.733490996032453046e-02
-5.215418245514180651e-02
-2.667326341066639239e-02
-1.885686485654683442e-02
-1.729651785284130883e-02
-2.934081092655568823e-02
-4.958681604769551998e-02
-8.443184963787139785e-02
-1.526774696450233781e-01
-2.495834032224682753e-01
-4.101919808396685130e-01
-7.041830804624176210e-01
-1.005593075338901077e+00
-6.444725049650742443e-01
6.998208373868346488e-01
1.567906200524994631e+00
6.955377721894077103e-01
-6.541043032041096161e-01
-1.024822183486760352e+00
-7.361094146880324818e-01
-4.578653237011908184e-01
-2.783166735686197213e-01
-1.737176987160714003e-01
-9.993583599881075696e-02
-6.169494465394093075e-02
-3.677794537493841998e-02
-1.885686485654672340e-02
-1.577079434820460868e-02
-1.889327614808475331e-02
-3.674809900510112026e-02
-6.167853859282695916e-02
-9.988272510221959943e-02
-1.737016761589793568e-01
-2.782555544701542649e-01
-4.494976927295554758e-01
-7.610021832786197926e-01
-1.020040299616463031e+00
-3.532049414404780374e-01
1.567906200524994409e+00
2.762756601700893100e+00
1.567936263813468400e+00
-3.532047061158761214e-01
-1.020092924347102414e+00
-7.609504932959334500e-01
-4.495114314427648972e-01
-2.495908983036460860e-01
-1.526401127062890217e-01
-8.435208236128391435e-02
-4.964609663831368036e-02
-2.940469263037007175e-02
-1.729651785284141985e-02
-1.889327614808469780e-02
-2.676247882234561448e-02
-5.217580827979412250e-02
-8.741045363572855220e-02
-1.336709092698973866e-01
-2.103868684496867925e-01
-3.079077124049606762e-01
-4.578512104434797614e-01
-7.361457947577434435e-01
-1.024871591202222154e+00
-6.541345891599816831e-01
6.955377721894079324e-01
1.567936263813469067e+00
6.998319495851186289e-01
-6.444710476744717198e-01
-1.005581280287239698e+00
-7.042076325112431867e-01
-4.101750066833715902e-01
-2.269596337113493900e-01
-1.414857228670608758e-01
-8.128860484488120708e-02
-5.078016919367184245e-02
-3.528430579972752223e-02
-2.934081092655563272e-02
-3.674809900510109251e-02
-5.217580827979401148e-02
-8.579433742980938082e-02
-1.319582921282760057e-01
-1.819007884908521999e-01
-2.494714148045374669e-01
-3.314635778626299212e-01
-4.485657594178429353e-01
-6.561789233803336785e-01
-9.441199821800099201e-01
-1.024875366565018764e+00
-6.541043032041093941e-01
-3.532047061158753443e-01
-6.444710476744713867e-01
-1.001045298536137995e+00
-8.969578742709318764e-01
-5.861913333908482793e-01
-3.582644365046738777e-01
-2.024595081273868891e-01
-1.337180911102122949e-01
-8.844031472282301576e-02
-6.247877527176792789e-02
-5.075610469185282136e-02
-4.958681604769535345e-02
-6.167853859282657059e-02
-8.741045363572852445e-02
-1.319582921282760335e-01
-1.890525879145553978e-01
-2.419841295553577243e-01
-3.000802246047814537e-01
-3.689712232153816718e-01
-4.460181007581283663e-01
-5.629826980174085227e-01
-7.516469552414444255e-01
-9.441365351555300878e-01
-1.024822183486760352e+00
-1.020092924347102414e+00
-1.005581280287239920e+00
-8.969578742709316543e-01
-6.658395756876278604e-01
-4.451936808154941527e-01
-3.000802246047811206e-01
-1.866509463650718459e-01
-1.414392793377991786e-01
-1.116862538013844441e-01
-8.849201159024303043e-02
-8.131741677485057607e-02
-8.443184963787109254e-02
-9.988272510221921086e-02
-1.336709092698972201e-01
-1.819007884908522277e-01
-2.419841295553578631e-01
-3.013299884751392543e-01
-3.582644365046740442e-01
-4.136794353799586599e-01
-4.486129389868163120e-01
-4.869093930383842084e-01
-5.629442106176312244e-01
-6.562294822684482387e-01
-7.361094146880329259e-01
-7.609504932959336720e-01
-7.042076325112431867e-01
-5.861913333908483903e-01
-4.451936808154943193e-01
-3.279971464921952462e-01
-2.494714148045374391e-01
-1.737016761589794678e-01
-1.526774696450233504e-01
-1.414631505146162205e-01
-1.337500790464226375e-01
-1.414631505146160262e-01
-1.526774696450234614e-01
-1.737016761589794400e-01
-2.103868684496870978e-01
-2.494714148045375779e-01
-3.000802246047813981e-01
-3.582644365046739887e-01
-4.101750066833715347e-01
-4.495114314427652302e-01
-4.578653237011911514e-01
-4.485927500039778026e-01
-4.460556593916531476e-01
-4.485927500039778026e-01
-4.578653237011911514e-01
-4.495114314427652302e-01
-4.101750066833714237e-01
-3.582644365046741552e-01
-3.000802246047813426e-01
-2.494714148045378832e-01
-2.103868684496872365e-01
-9.433024583960608611e-02
-9.990285934224052422e-02
-1.188609301305640076e-01
-1.515115909046774456e-01
-1.884066751798766370e-01
-2.268751677264725375e-01
-2.787256199620383179e-01
-3.314635778626299767e-01
-3.981806285793975109e-01
-5.132856224476325391e-01
-6.502064653777150927e-01
-7.609504932959334500e-01
-8.052225914001993612e-01
-7.610351599351905527e-01
-6.501875490656133794e-01
-5.132959518874948834e-01
-3.982171921813922877e-01
-3.314623169431915040e-01
-2.787293271058011723e-01
-2.269596337113494178e-01
-1.883710892466053943e-01
-1.515270314579237609e-01
-1.188712522590263387e-01
-9.988272510221946066e-02
-9.990285934224030218e-02
-1.336136831056357610e-01
-1.818419469178544357e-01
-2.419015141574799577e-01
-3.013846721802524442e-01
-3.582663089695887204e-01
-4.136961910432558343e-01
-4.485657594178430463e-01
-4.869259070685059143e-01
-5.629820390396558238e-01
-6.561957381648122478e-01
-7.361094146880329259e-01
-7.610351599351905527e-01
-7.041516226360043929e-01
-5.861761054694004658e-01
-4.451668642842008250e-01
-3.279425314895390575e-01
-2.493845878819966611e-01
-1.866485554988091544e-01
-1.414857228670607370e-01
-1.116100253039506163e-01
-8.849686428502445690e-02
-8.123672042519267111e-02
-8.443184963787128683e-02
-1.188609301305639521e-01
-1.818419469178541581e-01
-2.600559242680144934e-01
-3.626003639958313429e-01
-4.817797191908024246e-01
-5.861996892835845685e-01
-6.502159570442638259e-01
-6.561789233803339005e-01
-6.283510780819192565e-01
-6.140115716594212181e-01
-6.283408048951902858e-01
-6.562294822684484608e-01
-6.501875490656133794e-01
-5.861761054694005768e-01
-4.817849180836594192e-01
-3.626149997453716467e-01
-2.600177929605805849e-01
-1.818977339217535405e-01
-1.188325221519133390e-01
-8.128860484488106830e-02
-5.996267029587284969e-02
-4.901771749055452987e-02
-5.992961328231086182e-02
-8.131741677485035402e-02
-1.515115909046771403e-01
-2.419015141574797356e-01
-3.626003639958310654e-01
-5.414540024965661669e-01
-7.522637232274599350e-01
-8.969759194010884507e-01
-9.537928336987105959e-01
-9.441199821800101422e-01
-8.483657965055924066e-01
-7.111406901444825568e-01
-6.140349430095664029e-01
-5.629442106176312244e-01
-5.132959518874948834e-01
-4.451668642842007140e-01
-3.626149997453716467e-01
-2.750708960847584872e-01
-1.965646682520088839e-01
-1.319721122989893358e-01
-7.874189920658158925e-02
-5.078016919367200899e-02
-3.975912572371240183e-02
-3.365100590692593485e-02
-4.903487036326201198e-02
-8.849201159024278063e-02
-1.884066751798763040e-01
-3.013846721802522222e-01
-4.817797191908020915e-01
-7.522637232274596020e-01
-9.882640061896177386e-01
-1.001066010100138737e+00
-9.444378158316799610e-01
-1.024875366565018542e+00
-1.038121050166221027e+00
-8.483538193866326793e-01
-6.283408048951899527e-01
-4.869093930383842084e-01
-3.982171921813922877e-01
-3.279425314895390575e-01
-2.600177929605808069e-01
-1.965646682520090782e-01
-1.365411927253065705e-01
-8.579045020700282187e-02
-4.944829832189898133e-02
-3.528430579972718917e-02
-3.673998318593130197e-02
-3.967074522012850601e-02
-5.992961328231113938e-02
-1.116862538013843609e-01
-2.268751677264724820e-01
-3.582663089695882208e-01
-5.861996892835843465e-01
-8.969759194010882286e-01
-1.001066010100138959e+00
-6.444742191892582905e-01
-3.532382013912327978e-01
-6.541043032041093941e-01
-1.024864987873588484e+00
-9.441357877654015240e-01
-6.561957381648120258e-01
-4.486129389868163120e-01
-3.314623169431915595e-01
-2.493845878819967443e-01
-1.818977339217537903e-01
-1.319721122989896411e-01
-8.579045020700301616e-02
-5.224663589064398872e-02
-3.674468542418252159e-02
-2.934081092655557721e-02
-3.536646567316165113e-02
-5.079870524450766367e-02
-8.123672042519267111e-02
-1.414392793377989566e-01
-2.787256199620381514e-01
-4.136961910432555567e-01
-6.502159570442632708e-01
-9.537928336987104849e-01
-9.444378158316802940e-01
-3.532382013912329644e-01
7.687609323277405649e-02
-3.532047061158753998e-01
-9.444081573615876746e-01
-9.537229164929961200e-01
-6.502064653777148706e-01
-4.136794353799584378e-01
-2.787293271058012833e-01
-1.866485554988092654e-01
-1.188325221519134778e-01
-7.874189920658181130e-02
-4.944829832189923113e-02
-3.674468542418279915e-02
-3.869111236060407411e-02
-3.674809900510106475e-02
-4.950743947016245095e-02
-7.871643776571363160e-02
-1.188712522590261722e-01
-1.866509463650717349e-01
-3.314635778626297546e-01
-4.485657594178428242e-01
-6.561789233803339005e-01
-9.441199821800101422e-01
-1.024875366565018764e+00
-6.541043032041093941e-01
-3.532047061158751222e-01
-6.444710476744711647e-01
-1.001045298536137995e+00
-8.969578742709318764e-01
-5.861913333908485013e-01
-3.582644365046739332e-01
-2.269596337113494178e-01
-1.414857228670607925e-01
-8.128860484488120708e-02
-5.078016919367192572e-02
-3.528430579972741121e-02
-2.934081092655563272e-02
-3.674809900510112026e-02
-5.217580827979423352e-02
-8.579433742980965838e-02
-1.319582921282762833e-01
-1.819007884908523109e-01
-2.494714148045373281e-01
-3.981806285793975664e-01
-4.869259070685060253e-01
-6.283510780819190344e-01
-8.483657965055924066e-01
-1.038121050166220805e+00
-1.024864987873587818e+00
-9.444081573615876746e-01
-1.001045298536137773e+00
-9.882444561573782149e-01
-7.522635773819357219e-01
-4.818219091696427370e-01
-3.013299884751391433e-01
-1.883710892466055054e-01
-1.116100253039506718e-01
-5.996267029587321051e-02
-3.975912572371284592e-02
-3.673998318593124646e-02
-3.536646567316192868e-02
-4.950743947016225666e-02
-8.579433742980946409e-02
-1.366202943134981751e-01
-1.966312946073967283e-01
-2.600236919126461266e-01
-3.279971464921954682e-01
-5.132856224476327611e-01
-5.629820390396556018e-01
-6.140115716594208850e-01
-7.111406901444825568e-01
-8.483538193866326793e-01
-9.441357877654016351e-01
-9.537229164929963421e-01
-8.969578742709318764e-01
-7.522635773819357219e-01
-5.413775602002739440e-01
-3.626124238764278918e-01
-2.419841295553576688e-01
-1.515270314579233168e-01
-8.849686428502467894e-02
-4.901771749055483518e-02
-3.365100590692626792e-02
-3.967074522012850601e-02
-5.079870524450741387e-02
-7.871643776571329854e-02
-1.319582921282760890e-01
-1.966312946073966450e-01
-2.750130669021383367e-01
-3.626124238764281138e-01
-4.451936808154945968e-01
-6.502064653777150927e-01
-6.561957381648122478e-01
-6.283408048951901748e-01
-6.140349430095664029e-01
-6.283408048951902858e-01
-6.561957381648122478e-01
-6.502064653777153147e-01
-5.861913333908487234e-01
-4.818219091696428480e-01
-3.626124238764281138e-01
-2.600236919126461266e-01
-1.819007884908521999e-01
-1.188712522590261722e-01
-8.123672042519264336e-02
-5.992961328231122264e-02
-4.903487036326203974e-02
-5.992961328231091733e-02
-8.123672042519261560e-02
-1.188712522590258391e-01
-1.819007884908521722e-01
-2.600236919126460156e-01
-3.626124238764280028e-01
-4.818219091696428480e-01
-5.861913333908488344e-01
-7.609504932959334500e-01
-7.361094146880329259e-01
-6.562294822684484608e-01
-5.629442106176313354e-01
-4.869093930383845414e-01
-4.486129389868164785e-01
-4.136794353799587154e-01
-3.582644365046739332e-01
-3.013299884751392543e-01
-2.419841295553580018e-01
-1.819007884908523942e-01
-1.336709092698975254e-01
-9.988272510221918310e-02
-8.443184963787100927e-02
-8.131741677485032627e-02
-8.849201159024278063e-02
-1.116862538013841666e-01
-1.414392793377988733e-01
-1.866509463650717904e-01
-2.494714148045374391e-01
-3.279971464921952462e-01
-4.451936808154944858e-01
-5.861913333908485013e-01
-7.042076325112429647e-01
-8.052225914001993612e-01
-7.610351599351905527e-01
-6.501875490656133794e-01
-5.132959518874948834e-01
-3.982171921813922877e-01
-3.314623169431915040e-01
-2.787293271058011723e-01
-2.269596337113494178e-01
-1.883710892466053943e-01
-1.515270314579237609e-01
-1.188712522590263387e-01
-9.988272510221946066e-02
-9.433024583960608611e-02
-9.990285934224052422e-02
-1.188609301305640076e-01
-1.515115909046774456e-01
-1.884066751798766370e-01
-2.268751677264725375e-01
-2.787256199620383179e-01
-3.314635778626299767e-01
-3.981806285793975109e-01
-5.132856224476325391e-01
-6.502064653777150927e-01
-7.609504932959334500e-01
-7.610351599351905527e-01
-7.041516226360043929e-01
-5.861761054694004658e-01
-4.451668642842008250e-01
-3.279425314895390575e-01
-2.493845878819966611e-01
-1.866485554988091544e-01
-1.414857228670607370e-01
-1.116100253039506163e-01
-8.849686428502445690e-02
-8.123672042519267111e-02
-8.443184963787128683e-02
-9.990285934224030218e-02
-1.336136831056357610e-01
-1.818419469178544357e-01
-2.419015141574799577e-01
-3.013846721802524442e-01
-3.582663089695887204e-01
-4.136961910432558343e-01
-4.485657594178430463e-01
-4.869259070685059143e-01
-5.629820390396558238e-01
-6.561957381648122478e-01
-7.361094146880329259e-01
-6.501875490656133794e-01
-5.861761054694005768e-01
-4.817849180836594192e-01
-3.626149997453716467e-01
-2.600177929605805849e-01
-1.818977339217535405e-01
-1.188325221519133390e-01
-8.128860484488106830e-02
-5.996267029587284969e-02
-4.901771749055452987e-02
-5.992961328231086182e-02
-8.131741677485035402e-02
-1.188609301305639521e-01
-1.818419469178541581e-01
-2.600559242680144934e-01
-3.626003639958313429e-01
-4.817797191908024246e-01
-5.861996892835845685e-01
-6.502159570442638259e-01
-6.561789233803339005e-01
-6.283510780819192565e-01
-6.140115716594212181e-01
-6.283408048951902858e-01
-6.562294822684484608e-01
-5.132959518874948834e-01
-4.451668642842007140e-01
-3.626149997453716467e-01
-2.750708960847584872e-01
-1.965646682520088839e-01
-1.319721122989893358e-01
-7.874189920658158925e-02
-5.078016919367200899e-02
-3.975912572371240183e-02
-3.365100590692593485e-02
-4.903487036326201198e-02
-8.849201159024278063e-02
-1.515115909046771403e-01
-2.419015141574797356e-01
-3.626003639958310654e-01
-5.414540024965661669e-01
-7.522637232274599350e-01
-8.969759194010884507e-01
-9.537928336987105959e-01
-9.441199821800101422e-01
-8.483657965055924066e-01
-7.111406901444825568e-01
-6.140349430095664029e-01
-5.629442106176312244e-01
-3.982171921813922877e-01
-3.279425314895390575e-01
-2.600177929605808069e-01
-1.965646682520090782e-01
-1.365411927253065705e-01
-8.579045020700282187e-02
-4.944829832189898133e-02
-3.528430579972718917e-02
-3.673998318593130197e-02
-3.967074522012850601e-02
-5.992961328231113938e-02
-1.116862538013843609e-01
-1.884066751798763040e-01
-3.013846721802522222e-01
-4.817797191908020915e-01
-7.522637232274596020e-01
-9.882640061896177386e-01
-1.001066010100138737e+00
-9.444378158316799610e-01
-1.024875366565018542e+00
-1.038121050166221027e+00
-8.483538193866326793e-01
-6.283408048951899527e-01
-4.869093930383842084e-01
-3.314623169431915595e-01
-2.493845878819967443e-01
-1.818977339217537903e-01
-1.319721122989896411e-01
-8.579045020700301616e-02
-5.224663589064398872e-02
-3.674468542418252159e-02
-2.934081092655557721e-02
-3.536646567316165113e-02
-5.079870524450766367e-02
-8.123672042519267111e-02
-1.414392793377989566e-01
-2.268751677264724820e-01
-3.582663089695882208e-01
-5.861996892835843465e-01
-8.969759194010882286e-01
-1.001066010100138959e+00
-6.444742191892582905e-01
-3.532382013912327978e-01
-6.541043032041093941e-01
-1.024864987873588484e+00
-9.441357877654015240e-01
-6.561957381648120258e-01
-4.486129389868163120e-01
-2.787293271058012833e-01
-1.866485554988092654e-01
-1.188325221519134778e-01
-7.874189920658181130e-02
-4.944829832189923113e-02
-3.674468542418279915e-02
-3.869111236060407411e-02
-3.674809900510106475e-02
-4.950743947016245095e-02
-7.871643776571363160e-02
-1.188712522590261722e-01
-1.866509463650717349e-01
-2.787256199620381514e-01
-4.136961910432555567e-01
-6.502159570442632708e-01
-9.537928336987104849e-01
-9.444378158316802940e-01
-3.532382013912329644e-01
7.687609323277405649e-02
-3.532047061158753998e-01
-9.444081573615876746e-01
-9.537229164929961200e-01
-6.502064653777148706e-01
-4.136794353799584378e-01
-2.269596337113494178e-01
-1.414857228670607925e-01
-8.128860484488120708e-02
-5.078016919367192572e-02
-3.528430579972741121e-02
-2.934081092655563272e-02
-3.674809900510112026e-02
-5.217580827979423352e-02
-8.579433742980965838e-02
-1.319582921282762833e-01
-1.819007884908523109e-01
-2.494714148045373281e-01
-3.314635778626297546e-01
-4.485657594178428242e-01
-6.561789233803339005e-01
-9.441199821800101422e-01
-1.024875366565018764e+00
-6.541043032041093941e-01
-3.532047061158751222e-01
-6.444710476744711647e-01
-1.001045298536137995e+00
-8.969578742709318764e-01
-5.861913333908485013e-01
-3.582644365046739332e-01
-1.883710892466055054e-01
-1.116100253039506718e-01
-5.996267029587321051e-02
-3.975912572371284592e-02
-3.673998318593124646e-02
-3.536646567316192868e-02
-4.950743947016225666e-02
-8.579433742980946409e-02
-1.366202943134981751e-01
-1.966312946073967283e-01
-2.600236919126461266e-01
-3.279971464921954682e-01
-3.981806285793975664e-01
-4.869259070685060253e-01
-6.283510780819190344e-01
-8.483657965055924066e-01
-1.038121050166220805e+00
-1.024864987873587818e+00
-9.444081573615876746e-01
-1.001045298536137773e+00
-9.882444561573782149e-01
-7.522635773819357219e-01
-4.818219091696427370e-01
-3.013299884751391433e-01
-1.515270314579233168e-01
-8.849686428502467894e-02
-4.901771749055483518e-02
-3.365100590692626792e-02
-3.967074522012850601e-02
-5.079870524450741387e-02
-7.871643776571329854e-02
-1.319582921282760890e-01
-1.966312946073966450e-01
-2.750130669021383367e-01
-3.626124238764281138e-01
-4.451936808154945968e-01
-5.132856224476327611e-01
-5.629820390396556018e-01
-6.140115716594208850e-01
-7.111406901444825568e-01
-8.483538193866326793e-01
-9.441357877654016351e-01
-9.537229164929963421e-01
-8.969578742709318764e-01
-7.522635773819357219e-01
-5.413775602002739440e-01
-3.626124238764278918e-01
-2.419841295553576688e-01
-1.188712522590261722e-01
-8.123672042519264336e-02
-5.992961328231122264e-02
-4.903487036326203974e-02
-5.992961328231091733e-02
-8.123672042519261560e-02
-1.188712522590258391e-01
-1.819007884908521722e-01
-2.600236919126460156e-01
-3.626124238764280028e-01
-4.818219091696428480e-01
-5.861913333908488344e-01
-6.502064653777150927e-01
-6.561957381648122478e-01
-6.283408048951901748e-01
-6.140349430095664029e-01
-6.283408048951902858e-01
-6.561957381648122478e-01
-6.502064653777153147e-01
-5.861913333908487234e-01
-4.818219091696428480e-01
-3.626124238764281138e-01
-2.600236919126461266e-01
-1.819007884908521999e-01
-9.988272510221918310e-02
-8.443184963787100927e-02
-8.131741677485032627e-02
-8.849201159024278063e-02
-1.116862538013841666e-01
-1.414392793377988733e-01
-1.866509463650717904e-01
-2.494714148045374391e-01
-3.279971464921952462e-01
-4.451936808154944858e-01
-5.861913333908485013e-01
-7.042076325112429647e-01
-7.609504932959334500e-01
-7.361094146880329259e-01
-6.562294822684484608e-01
-5.629442106176313354e-01
-4.869093930383845414e-01
-4.486129389868164785e-01
-4.136794353799587154e-01
-3.582644365046739332e-01
-3.013299884751392543e-01
-2.419841295553580018e-01
-1.819007884908523942e-01
-1.336709092698975254e-01
-6.089616187511284751e-02
-6.171144006128151394e-02
-7.877312285954102267e-02
-1.136496176256579227e-01
-1.515595441387941056e-01
-2.024212978547840769e-01
-2.759438086582879368e-01
-3.689712232153814497e-01
-5.132856224476323170e-01
-7.387523837371279267e-01
-9.537229164929960090e-01
-1.020092924347102414e+00
-1.003758374541985576e+00
-1.020023804209122531e+00
-9.537616100457515511e-01
-7.387765681810632978e-01
-5.132479986533780014e-01
-3.689352102967256575e-01
-2.759438086582879368e-01
-2.024595081273867780e-01
-1.515270314579235111e-01
-1.136239809474420548e-01
-7.871643776571374262e-02
-6.167853859282709794e-02
-6.171144006128134740e-02
-8.740600958002645027e-02
-1.319626346986790821e-01
-1.891042824513158305e-01
-2.418899668463609653e-01
-3.001130429375461484e-01
-3.689352102967261016e-01
-4.460181007581281998e-01
-5.629820390396556018e-01
-7.516189658170879806e-01
-9.441357877654014130e-01
-1.024822183486760574e+00
-1.020023804209122975e+00
-1.005630664025279231e+00
-8.969929085276979741e-01
-6.658743604671455429e-01
-4.451916210629619508e-01
-3.001130429375457598e-01
-2.024212978547838548e-01
-1.337180911102120451e-01
-8.849686428502459568e-02
-6.252980591389167841e-02
-5.079870524450733060e-02
-4.958681604769543672e-02
-7.877312285954096716e-02
-1.319626346986790544e-01
-1.966781877746558993e-01
-2.750162062390828499e-01
-3.626279439820278006e-01
-4.451916210629621729e-01
-5.132479986533782235e-01
-5.629826980174088558e-01
-6.140115716594208850e-01
-7.111510067238073773e-01
-8.483538193866329014e-01
-9.441365351555300878e-01
-9.537616100457513291e-01
-8.969929085276983072e-01
-7.522505613273567926e-01
-5.414292486816645322e-01
-3.626279439820276340e-01
-2.418899668463607155e-01
-1.515595441387938558e-01
-8.844031472282273820e-02
-4.901771749055464089e-02
-3.372013298817902460e-02
-3.967074522012814519e-02
-5.075610469185268259e-02
-1.136496176256576174e-01
-1.891042824513156639e-01
-2.750162062390826834e-01
-3.929096824076656058e-01
-5.414292486816647543e-01
-6.658743604671457650e-01
-7.387765681810635199e-01
-7.516469552414445365e-01
-7.111406901444827788e-01
-6.819997249466002165e-01
-7.111406901444827788e-01
-7.516469552414447586e-01
-7.387765681810635199e-01
-6.658743604671457650e-01
-5.414292486816647543e-01
-3.929096824076656613e-01
-2.750162062390826279e-01
-1.891042824513156084e-01
-1.136496176256576451e-01
-6.247877527176781687e-02
-3.365100590692582383e-02
-2.054364523027685241e-02
-3.365100590692574056e-02
-6.247877527176770585e-02
-1.515595441387938835e-01
-2.418899668463606600e-01
-3.626279439820276340e-01
-5.414292486816645322e-01
-7.522505613273567926e-01
-8.969929085276981962e-01
-9.537616100457513291e-01
-9.441365351555299767e-01
-8.483538193866329014e-01
-7.111510067238073773e-01
-6.140115716594208850e-01
-5.629826980174088558e-01
-5.132479986533783345e-01
-4.451916210629622284e-01
-3.626279439820278561e-01
-2.750162062390827389e-01
-1.966781877746559271e-01
-1.319626346986791376e-01
-7.877312285954113369e-02
-5.075610469185284912e-02
-3.967074522012820070e-02
-3.372013298817905236e-02
-4.901771749055452987e-02
-8.844031472282273820e-02
-2.024212978547837993e-01
-3.001130429375457043e-01
-4.451916210629618398e-01
-6.658743604671455429e-01
-8.969929085276979741e-01
-1.005630664025279231e+00
-1.020023804209122753e+00
-1.024822183486760352e+00
-9.441357877654015240e-01
-7.516189658170879806e-01
-5.629820390396558238e-01
-4.460181007581283108e-01
-3.689352102967261016e-01
-3.001130429375462039e-01
-2.418899668463610486e-01
-1.891042824513157472e-01
-1.319626346986789156e-01
-8.740600958002656129e-02
-6.171144006128137516e-02
-4.958681604769532569e-02
-5.079870524450744163e-02
-6.252980591389167841e-02
-8.849686428502448465e-02
-1.337180911102120451e-01
-2.759438086582878258e-01
-3.689352102967256020e-01
-5.132479986533780014e-01
-7.387765681810631868e-01
-9.537616100457515511e-01
-1.020023804209122531e+00
-1.003758374541985576e+00
-1.020092924347102414e+00
-9.537229164929960090e-01
-7.387523837371280377e-01
-5.132856224476324281e-01
-3.689712232153816163e-01
-2.759438086582880478e-01
-2.024212978547840769e-01
-1.515595441387942166e-01
-1.136496176256579782e-01
-7.877312285954102267e-02
-6.171144006128143067e-02
-6.089616187511306955e-02
-6.167853859282701467e-02
-7.871643776571374262e-02
-1.136239809474420548e-01
-1.515270314579233724e-01
-2.024595081273866670e-01
-3.689712232153815608e-01
-4.460181007581285328e-01
-5.629826980174087447e-01
-7.516469552414446476e-01
-9.441365351555301988e-01
-1.024822183486760352e+00
-1.020092924347102192e+00
-1.005581280287239476e+00
-8.969578742709318764e-01
-6.658395756876280824e-01
-4.451936808154942637e-01
-3.000802246047810096e-01
-2.024595081273868336e-01
-1.337180911102121283e-01
-8.844031472282268269e-02
-6.247877527176784462e-02
-5.075610469185284912e-02
-4.958681604769518692e-02
-6.167853859282684814e-02
-8.741045363572877425e-02
-1.319582921282763111e-01
-1.890525879145557309e-01
-2.419841295553576965e-01
-3.000802246047812871e-01
-5.132856224476327611e-01
-5.629820390396558238e-01
-6.140115716594209960e-01
-7.111406901444827788e-01
-8.483538193866329014e-01
-9.441357877654016351e-01
-9.537229164929958980e-01
-8.969578742709318764e-01
-7.522635773819357219e-01
-5.413775602002739440e-01
-3.626124238764278362e-01
-2.419841295553576965e-01
-1.515270314579231503e-01
-8.849686428502448465e-02
-4.901771749055461314e-02
-3.365100590692587934e-02
-3.967074522012831173e-02
-5.079870524450755265e-02
-7.871643776571335405e-02
-1.319582921282761445e-01
-1.966312946073968393e-01
-2.750130669021383367e-01
-3.626124238764280028e-01
-4.451936808154944858e-01
-7.387523837371283708e-01
-7.516189658170877586e-01
-7.111510067238070443e-01
-6.819997249466003275e-01
-7.111510067238071553e-01
-7.516189658170879806e-01
-7.387523837371283708e-01
-6.658395756876281935e-01
-5.413775602002741660e-01
-3.930131044580064126e-01
-2.750130669021382812e-01
-1.890525879145553423e-01
-1.136239809474415552e-01
-6.252980591389167841e-02
-3.372013298817921889e-02
-2.054364523027696343e-02
-3.372013298817896909e-02
-6.252980591389159515e-02
-1.136239809474414997e-01
-1.890525879145552313e-01
-2.750130669021381147e-01
-3.930131044580063016e-01
-5.413775602002740550e-01
-6.658395756876281935e-01
-9.537229164929958980e-01
-9.441357877654015240e-01
-8.483538193866329014e-01
-7.111406901444826678e-01
-6.140115716594212181e-01
-5.629820390396558238e-01
-5.132856224476328721e-01
-4.451936808154945413e-01
-3.626124238764279473e-01
-2.750130669021385588e-01
-1.966312946073969503e-01
-1.319582921282763388e-01
-7.871643776571346507e-02
-5.079870524450760816e-02
-3.967074522012831173e-02
-3.365100590692599036e-02
-4.901771749055455762e-02
-8.849686428502431812e-02
-1.515270314579230393e-01
-2.419841295553576133e-01
-3.626124238764277807e-01
-5.413775602002739440e-01
-7.522635773819357219e-01
-8.969578742709317654e-01
-1.020092924347101970e+00
-1.024822183486760352e+00
-9.441365351555303098e-01
-7.516469552414445365e-01
-5.629826980174086337e-01
-4.460181007581285884e-01
-3.689712232153816718e-01
-3.000802246047813426e-01
-2.419841295553577520e-01
-1.890525879145558419e-01
-1.319582921282765331e-01
-8.741045363572871874e-02
-6.167853859282693141e-02
-4.958681604769543672e-02
-5.075610469185273810e-02
-6.247877527176776136e-02
-8.844031472282273820e-02
-1.337180911102119896e-01
-2.024595081273866670e-01
-3.000802246047810096e-01
-4.451936808154942082e-01
-6.658395756876279714e-01
-8.969578742709318764e-01
-1.005581280287239476e+00
-1.003758374541985576e+00
-1.020023804209122531e+00
-9.537616100457515511e-01
-7.387765681810632978e-01
-5.132479986533780014e-01
-3.689352102967256575e-01
-2.759438086582879368e-01
-2.024595081273867780e-01
-1.515270314579235111e-01
-1.136239809474420548e-01
-7.871643776571374262e-02
-6.167853859282709794e-02
-6.089616187511284751e-02
-6.171144006128151394e-02
-7.877312285954102267e-02
-1.136496176256579227e-01
-1.515595441387941056e-01
-2.024212978547840769e-01
-2.759438086582879368e-01
-3.689712232153814497e-01
-5.132856224476323170e-01
-7.387523837371279267e-01
-9.537229164929960090e-01
-1.020092924347102414e+00
-1.020023804209122975e+00
-1.005630664025279231e+00
-8.969929085276979741e-01
-6.658743604671455429e-01
-4.451916210629619508e-01
-3.001130429375457598e-01
-2.024212978547838548e-01
-1.337180911102120451e-01
-8.849686428502459568e-02
-6.252980591389167841e-02
-5.079870524450733060e-02
-4.958681604769543672e-02
-6.171144006128134740e-02
-8.740600958002645027e-02
-1.319626346986790821e-01
-1.891042824513158305e-01
-2.418899668463609653e-01
-3.001130429375461484e-01
-3.689352102967261016e-01
-4.460181007581281998e-01
-5.629820390396556018e-01
-7.516189658170879806e-01
-9.441357877654014130e-01
-1.024822183486760574e+00
-9.537616100457513291e-01
-8.969929085276983072e-01
-7.522505613273567926e-01
-5.414292486816645322e-01
-3.626279439820276340e-01
-2.418899668463607155e-01
-1.515595441387938558e-01
-8.844031472282273820e-02
-4.901771749055464089e-02
-3.372013298817902460e-02
-3.967074522012814519e-02
-5.075610469185268259e-02
-7.877312285954096716e-02
-1.319626346986790544e-01
-1.966781877746558993e-01
-2.750162062390828499e-01
-3.626279439820278006e-01
-4.451916210629621729e-01
-5.132479986533782235e-01
-5.629826980174088558e-01
-6.140115716594208850e-01
-7.111510067238073773e-01
-8.483538193866329014e-01
-9.441365351555300878e-01
-7.387765681810635199e-01
-6.658743604671457650e-01
-5.414292486816647543e-01
-3.929096824076656613e-01
-2.750162062390826279e-01
-1.891042824513156084e-01
-1.136496176256576451e-01
-6.247877527176781687e-02
-3.365100590692582383e-02
-2.054364523027685241e-02
-3.365100590692574056e-02
-6.247877527176770585e-02
-1.136496176256576174e-01
-1.891042824513156639e-01
-2.750162062390826834e-01
-3.929096824076656058e-01
-5.414292486816647543e-01
-6.658743604671457650e-01
-7.387765681810635199e-01
-7.516469552414445365e-01
-7.111406901444827788e-01
-6.819997249466002165e-01
-7.111406901444827788e-01
-7.516469552414447586e-01
-5.132479986533783345e-01
-4.451916210629622284e-01
-3.626279439820278561e-01
-2.750162062390827389e-01
-1.966781877746559271e-01
-1.319626346986791376e-01
-7.877312285954113369e-02
-5.075610469185284912e-02
-3.967074522012820070e-02
-3.372013298817905236e-02
-4.901771749055452987e-02
-8.844031472282273820e-02
-1.515595441387938835e-01
-2.418899668463606600e-01
-3.626279439820276340e-01
-5.414292486816645322e-01
-7.522505613273567926e-01
-8.969929085276981962e-01
-9.537616100457513291e-01
-9.441365351555299767e-01
-8.483538193866329014e-01
-7.111510067238073773e-01
-6.140115716594208850e-01
-5.629826980174088558e-01
-3.689352102967261016e-01
-3.001130429375462039e-01
-2.418899668463610486e-01
-1.891042824513157472e-01
-1.319626346986789156e-01
-8.740600958002656129e-02
-6.171144006128137516e-02
-4.958681604769532569e-02
-5.079870524450744163e-02
-6.252980591389167841e-02
-8.849686428502448465e-02
-1.337180911102120451e-01
-2.024212978547837993e-01
-3.001130429375457043e-01
-4.451916210629618398e-01
-6.658743604671455429e-01
-8.969929085276979741e-01
-1.005630664025279231e+00
-1.020023804209122753e+00
-1.024822183486760352e+00
-9.441357877654015240e-01
-7.516189658170879806e-01
-5.629820390396558238e-01
-4.460181007581283108e-01
-2.759438086582880478e-01
-2.024212978547840769e-01
-1.515595441387942166e-01
-1.136496176256579782e-01
-7.877312285954102267e-02
-6.171144006128143067e-02
-6.089616187511306955e-02
-6.167853859282701467e-02
-7.871643776571374262e-02
-1.136239809474420548e-01
-1.515270314579233724e-01
-2.024595081273866670e-01
-2.759438086582878258e-01
-3.689352102967256020e-01
-5.132479986533780014e-01
-7.387765681810631868e-01
-9.537616100457515511e-01
-1.020023804209122531e+00
-1.003758374541985576e+00
-1.020092924347102414e+00
-9.537229164929960090e-01
-7.387523837371280377e-01
-5.132856224476324281e-01
-3.689712232153816163e-01
-2.024595081273868336e-01
-1.337180911102121283e-01
-8.844031472282268269e-02
-6.247877527176784462e-02
-5.075610469185284912e-02
-4.958681604769518692e-02
-6.167853859282684814e-02
-8.741045363572877425e-02
-1.319582921282763111e-01
-1.890525879145557309e-01
-2.419841295553576965e-01
-3.000802246047812871e-01
-3.689712232153815608e-01
-4.460181007581285328e-01
-5.629826980174087447e-01
-7.516469552414446476e-01
-9.441365351555301988e-01
-1.024822183486760352e+00
-1.020092924347102192e+00
-1.005581280287239476e+00
-8.969578742709318764e-01
-6.658395756876280824e-01
-4.451936808154942637e-01
-3.000802246047810096e-01
-1.515270314579231503e-01
-8.849686428502448465e-02
-4.901771749055461314e-02
-3.365100590692587934e-02
-3.967074522012831173e-02
-5.079870524450755265e-02
-7.871643776571335405e-02
-1.319582921282761445e-01
-1.966312946073968393e-01
-2.750130669021383367e-01
-3.626124238764280028e-01
-4.451936808154944858e-01
-5.132856224476327611e-01
-5.629820390396558238e-01
-6.140115716594209960e-01
-7.111406901444827788e-01
-8.483538193866329014e-01
-9.441357877654016351e-01
-9.537229164929958980e-01
-8.969578742709318764e-01
-7.522635773819357219e-01
-5.413775602002739440e-01
-3.626124238764278362e-01
-2.419841295553576965e-01
-1.136239809474415552e-01
-6.252980591389167841e-02
-3.372013298817921889e-02
-2.054364523027696343e-02
-3.372013298817896909e-02
-6.252980591389159515e-02
-1.136239809474414997e-01
-1.890525879145552313e-01
-2.750130669021381147e-01
-3.930131044580063016e-01
-5.413775602002740550e-01
-6.658395756876281935e-01
-7.387523837371283708e-01
-7.516189658170877586e-01
-7.111510067238070443e-01
-6.819997249466003275e-01
-7.111510067238071553e-01
-7.516189658170879806e-01
-7.387523837371283708e-01
-6.658395756876281935e-01
-5.413775602002741660e-01
-3.930131044580064126e-01
-2.750130669021382812e-01
-1.890525879145553423e-01
-7.871643776571346507e-02
-5.079870524450760816e-02
-3.967074522012831173e-02
-3.365100590692599036e-02
-4.901771749055455762e-02
-8.849686428502431812e-02
-1.515270314579230393e-01
-2.419841295553576133e-01
-3.626124238764277807e-01
-5.413775602002739440e-01
-7.522635773819357219e-01
-8.969578742709317654e-01
-9.537229164929958980e-01
-9.441357877654015240e-01
-8.483538193866329014e-01
-7.111406901444826678e-01
-6.140115716594212181e-01
-5.629820390396558238e-01
-5.132856224476328721e-01
-4.451936808154945413e-01
-3.626124238764279473e-01
-2.750130669021385588e-01
-1.966312946073969503e-01
-1.319582921282763388e-01
-6.167853859282693141e-02
-4.958681604769543672e-02
-5.075610469185273810e-02
-6.247877527176776136e-02
-8.844031472282273820e-02
-1.337180911102119896e-01
-2.024595081273866670e-01
-3.000802246047810096e-01
-4.451936808154942082e-01
-6.658395756876279714e-01
-8.969578742709318764e-01
-1.005581280287239476e+00
-1.020092924347101970e+00
-1.024822183486760352e+00
-9.441365351555303098e-01
-7.516469552414445365e-01
-5.629826980174086337e-01
-4.460181007581285884e-01
-3.689712232153816718e-01
-3.000802246047813426e-01
-2.419841295553577520e-01
-1.890525879145558419e-01
-1.319582921282765331e-01
-8.741045363572871874e-02
-3.869111236060396308e-02
-3.674468542418274364e-02
-4.944829832189928664e-02
-7.874189920658175579e-02
-1.188325221519135055e-01
-1.866485554988090434e-01
-2.787293271058011723e-01
-4.136794353799584378e-01
-6.502064653777146486e-01
-9.537229164929957870e-01
-9.444081573615876746e-01
-3.532047061158755108e-01
7.687609323277400097e-02
-3.532382013912329644e-01
-9.444378158316804051e-01
-9.537928336987105959e-01
-6.502159570442633818e-01
-4.136961910432556122e-01
-2.787256199620382069e-01
-1.866509463650718459e-01
-1.188712522590263387e-01
-7.871643776571363160e-02
-4.950743947016239543e-02
-3.674809900510106475e-02
-3.674468542418249384e-02
-5.224663589064393321e-02
-8.579045020700290514e-02
-1.319721122989896689e-01
-1.818977339217538458e-01
-2.493845878819967166e-01
-3.314623169431913929e-01
-4.486129389868163120e-01
-6.561957381648119147e-01
-9.441357877654015240e-01
-1.024864987873588262e+00
-6.541043032041093941e-01
-3.532382013912327978e-01
-6.444742191892582905e-01
-1.001066010100139181e+00
-8.969759194010883396e-01
-5.861996892835843465e-01
-3.582663089695882763e-01
-2.268751677264725375e-01
-1.414392793377989010e-01
-8.123672042519278214e-02
-5.079870524450771918e-02
-3.536646567316165113e-02
-2.934081092655546619e-02
-4.944829832189887031e-02
-8.579045020700273860e-02
-1.365411927253064872e-01
-1.965646682520088839e-01
-2.600177929605808624e-01
-3.279425314895390020e-01
-3.982171921813922877e-01
-4.869093930383841529e-01
-6.283408048951899527e-01
-8.483538193866324573e-01
-1.038121050166220805e+00
-1.024875366565018542e+00
-9.444378158316799610e-01
-1.001066010100139181e+00
-9.882640061896177386e-01
-7.522637232274596020e-01
-4.817797191908022025e-01
-3.013846721802523332e-01
-1.884066751798763872e-01
-1.116862538013843609e-01
-5.992961328231108387e-02
-3.967074522012861704e-02
-3.673998318593141299e-02
-3.528430579972730019e-02
-7.874189920658153374e-02
-1.319721122989893358e-01
-1.965646682520088007e-01
-2.750708960847585427e-01
-3.626149997453715357e-01
-4.451668642842006585e-01
-5.132959518874947724e-01
-5.629442106176313354e-01
-6.140349430095661809e-01
-7.111406901444825568e-01
-8.483657965055924066e-01
-9.441199821800101422e-01
-9.537928336987107070e-01
-8.969759194010884507e-01
-7.522637232274599350e-01
-5.414540024965661669e-01
-3.626003639958311764e-01
-2.419015141574797911e-01
-1.515115909046772236e-01
-8.849201159024283614e-02
-4.903487036326195647e-02
-3.365100590692599036e-02
-3.975912572371240183e-02
-5.078016919367209225e-02
-1.188325221519133112e-01
-1.818977339217535683e-01
-2.600177929605806404e-01
-3.626149997453715357e-01
-4.817849180836593637e-01
-5.861761054694004658e-01
-6.501875490656133794e-01
-6.562294822684485718e-01
-6.283408048951903968e-01
-6.140115716594212181e-01
-6.283510780819193675e-01
-6.561789233803341226e-01
-6.502159570442638259e-01
-5.861996892835845685e-01
-4.817797191908024246e-01
-3.626003639958314539e-01
-2.600559242680144934e-01
-1.818419469178542136e-01
-1.188609301305639798e-01
-8.131741677485027076e-02
-5.992961328231097284e-02
-4.901771749055458538e-02
-5.996267029587268316e-02
-8.128860484488104055e-02
-1.866485554988090989e-01
-2.493845878819966333e-01
-3.279425314895391130e-01
-4.451668642842007140e-01
-5.861761054694003548e-01
-7.041516226360043929e-01
-7.610351599351905527e-01
-7.361094146880331479e-01
-6.561957381648122478e-01
-5.629820390396558238e-01
-4.869259070685058588e-01
-4.485657594178431018e-01
-4.136961910432560563e-01
-3.582663089695886649e-01
-3.013846721802525552e-01
-2.419015141574799854e-01
-1.818419469178544634e-01
-1.336136831056357610e-01
-9.990285934224035769e-02
-8.443184963787128683e-02
-8.123672042519256009e-02
-8.849686428502451241e-02
-1.116100253039505330e-01
-1.414857228670606537e-01
-2.787293271058010058e-01
-3.314623169431914484e-01
-3.982171921813922877e-01
-5.132959518874949945e-01
-6.501875490656133794e-01
-7.610351599351905527e-01
-8.052225914001993612e-01
-7.609504932959334500e-01
-6.502064653777150927e-01
-5.132856224476325391e-01
-3.981806285793976219e-01
-3.314635778626299767e-01
-2.787256199620384289e-01
-2.268751677264728150e-01
-1.884066751798766925e-01
-1.515115909046776121e-01
-1.188609301305639798e-01
-9.990285934224060749e-02
-9.433024583960597509e-02
-9.988272510221946066e-02
-1.188712522590263387e-01
-1.515270314579236499e-01
-1.883710892466052833e-01
-2.269596337113491957e-01
-4.136794353799586044e-01
-4.486129389868164230e-01
-4.869093930383845414e-01
-5.629442106176314464e-01
-6.562294822684484608e-01
-7.361094146880329259e-01
-7.609504932959334500e-01
-7.042076325112429647e-01
-5.861913333908486123e-01
-4.451936808154944858e-01
-3.279971464921953017e-01
-2.494714148045375501e-01
-1.866509463650717904e-01
-1.414392793377988733e-01
-1.116862538013844164e-01
-8.849201159024278063e-02
-8.131741677485060382e-02
-8.443184963787100927e-02
-9.988272510221926637e-02
-1.336709092698973866e-01
-1.819007884908524220e-01
-2.419841295553579741e-01
-3.013299884751392543e-01
-3.582644365046738777e-01
-6.502064653777153147e-01
-6.561957381648121368e-01
-6.283408048951901748e-01
-6.140349430095664029e-01
-6.283408048951901748e-01
-6.561957381648122478e-01
-6.502064653777152037e-01
-5.861913333908488344e-01
-4.818219091696429590e-01
-3.626124238764280583e-01
-2.600236919126460711e-01
-1.819007884908521999e-01
-1.188712522590259779e-01
-8.123672042519247682e-02
-5.992961328231100060e-02
-4.903487036326226178e-02
-5.992961328231108387e-02
-8.123672042519292091e-02
-1.188712522590261167e-01
-1.819007884908522832e-01
-2.600236919126461821e-01
-3.626124238764280028e-01
-4.818219091696427370e-01
-5.861913333908487234e-01
-9.537229164929963421e-01
-9.441357877654015240e-01
-8.483538193866325683e-01
-7.111406901444825568e-01
-6.140115716594209960e-01
-5.629820390396557128e-01
-5.132856224476327611e-01
-4.451936808154946523e-01
-3.626124238764281693e-01
-2.750130669021385033e-01
-1.966312946073967560e-01
-1.319582921282762555e-01
-7.871643776571324302e-02
-5.079870524450758040e-02
-3.967074522012828397e-02
-3.365100590692621241e-02
-4.901771749055475191e-02
-8.849686428502451241e-02
-1.515270314579233724e-01
-2.419841295553575300e-01
-3.626124238764277807e-01
-5.413775602002738330e-01
-7.522635773819356109e-01
-8.969578742709318764e-01
-9.444081573615876746e-01
-1.024864987873588262e+00
-1.038121050166220805e+00
-8.483657965055922956e-01
-6.283510780819191455e-01
-4.869259070685061919e-01
-3.981806285793976219e-01
-3.279971464921954682e-01
-2.600236919126461821e-01
-1.966312946073968393e-01
-1.366202943134982306e-01
-8.579433742980943634e-02
-4.950743947016228441e-02
-3.536646567316181766e-02
-3.673998318593130197e-02
-3.975912572371256837e-02
-5.996267029587315500e-02
-1.116100253039506440e-01
-1.883710892466052833e-01
-3.013299884751390323e-01
-4.818219091696426259e-01
-7.522635773819357219e-01
-9.882444561573782149e-01
-1.001045298536137551e+00
-3.532047061158751777e-01
-6.541043032041093941e-01
-1.024875366565018986e+00
-9.441199821800101422e-01
-6.561789233803339005e-01
-4.485657594178428242e-01
-3.314635778626298102e-01
-2.494714148045374669e-01
-1.819007884908522832e-01
-1.319582921282763666e-01
-8.579433742980976940e-02
-5.217580827979426128e-02
-3.674809900510106475e-02
-2.934081092655582701e-02
-3.528430579972741121e-02
-5.078016919367192572e-02
-8.128860484488104055e-02
-1.414857228670606815e-01
-2.269596337113494178e-01
-3.582644365046737112e-01
-5.861913333908482793e-01
-8.969578742709318764e-01
-1.001045298536137995e+00
-6.444710476744712757e-01
7.687609323277400097e-02
-3.532382013912329644e-01
-9.444378158316804051e-01
-9.537928336987105959e-01
-6.502159570442633818e-01
-4.136961910432556122e-01
-2.787256199620382069e-01
-1.866509463650718459e-01
-1.188712522590263387e-01
-7.871643776571363160e-02
-4.950743947016239543e-02
-3.674809900510106475e-02
-3.869111236060396308e-02
-3.674468542418274364e-02
-4.944829832189928664e-02
-7.874189920658175579e-02
-1.188325221519135055e-01
-1.866485554988090434e-01
-2.787293271058011723e-01
-4.136794353799584378e-01
-6.502064653777146486e-01
-9.537229164929957870e-01
-9.444081573615876746e-01
-3.532047061158755108e-01
-3.532382013912327978e-01
-6.444742191892582905e-01
-1.001066010100139181e+00
-8.969759194010883396e-01
-5.861996892835843465e-01
-3.582663089695882763e-01
-2.268751677264725375e-01
-1.414392793377989010e-01
-8.123672042519278214e-02
-5.079870524450771918e-02
-3.536646567316165113e-02
-2.934081092655546619e-02
-3.674468542418249384e-02
-5.224663589064393321e-02
-8.579045020700290514e-02
-1.319721122989896689e-01
-1.818977339217538458e-01
-2.493845878819967166e-01
-3.314623169431913929e-01
-4.486129389868163120e-01
-6.561957381648119147e-01
-9.441357877654015240e-01
-1.024864987873588262e+00
-6.541043032041093941e-01
-9.444378158316799610e-01
-1.001066010100139181e+00
-9.882640061896177386e-01
-7.522637232274596020e-01
-4.817797191908022025e-01
-3.013846721802523332e-01
-1.884066751798763872e-01
-1.116862538013843609e-01
-5.992961328231108387e-02
-3.967074522012861704e-02
-3.673998318593141299e-02
-3.528430579972730019e-02
-4.944829832189887031e-02
-8.579045020700273860e-02
-1.365411927253064872e-01
-1.965646682520088839e-01
-2.600177929605808624e-01
-3.279425314895390020e-01
-3.982171921813922877e-01
-4.869093930383841529e-01
-6.283408048951899527e-01
-8.483538193866324573e-01
-1.038121050166220805e+00
-1.024875366565018542e+00
-9.537928336987107070e-01
-8.969759194010884507e-01
-7.522637232274599350e-01
-5.414540024965661669e-01
-3.626003639958311764e-01
-2.419015141574797911e-01
-1.515115909046772236e-01
-8.849201159024283614e-02
-4.903487036326195647e-02
-3.365100590692599036e-02
-3.975912572371240183e-02
-5.078016919367209225e-02
-7.874189920658153374e-02
-1.319721122989893358e-01
-1.965646682520088007e-01
-2.750708960847585427e-01
-3.626149997453715357e-01
-4.451668642842006585e-01
-5.132959518874947724e-01
-5.629442106176313354e-01
-6.140349430095661809e-01
-7.111406901444825568e-01
-8.483657965055924066e-01
-9.441199821800101422e-01
-6.502159570442638259e-01
-5.861996892835845685e-01
-4.817797191908024246e-01
-3.626003639958314539e-01
-2.600559242680144934e-01
-1.818419469178542136e-01
-1.188609301305639798e-01
-8.131741677485027076e-02
-5.992961328231097284e-02
-4.901771749055458538e-02
-5.996267029587268316e-02
-8.128860484488104055e-02
-1.188325221519133112e-01
-1.818977339217535683e-01
-2.600177929605806404e-01
-3.626149997453715357e-01
-4.817849180836593637e-01
-5.861761054694004658e-01
-6.501875490656133794e-01
-6.562294822684485718e-01
-6.283408048951903968e-01
-6.140115716594212181e-01
-6.283510780819193675e-01
-6.561789233803341226e-01
-4.136961910432560563e-01
-3.582663089695886649e-01
-3.013846721802525552e-01
-2.419015141574799854e-01
-1.818419469178544634e-01
-1.336136831056357610e-01
-9.990285934224035769e-02
-8.443184963787128683e-02
-8.123672042519256009e-02
-8.849686428502451241e-02
-1.116100253039505330e-01
-1.414857228670606537e-01
-1.866485554988090989e-01
-2.493845878819966333e-01
-3.279425314895391130e-01
-4.451668642842007140e-01
-5.861761054694003548e-01
-7.041516226360043929e-01
-7.610351599351905527e-01
-7.361094146880331479e-01
-6.561957381648122478e-01
-5.629820390396558238e-01
-4.869259070685058588e-01
-4.485657594178431018e-01
-2.787256199620384289e-01
-2.268751677264728150e-01
-1.884066751798766925e-01
-1.515115909046776121e-01
-1.188609301305639798e-01
-9.990285934224060749e-02
-9.433024583960597509e-02
-9.988272510221946066e-02
-1.188712522590263387e-01
-1.515270314579236499e-01
-1.883710892466052833e-01
-2.269596337113491957e-01
-2.787293271058010058e-01
-3.314623169431914484e-01
-3.982171921813922877e-01
-5.132959518874949945e-01
-6.501875490656133794e-01
-7.610351599351905527e-01
-8.052225914001993612e-01
-7.609504932959334500e-01
-6.502064653777150927e-01
-5.132856224476325391e-01
-3.981806285793976219e-01
-3.314635778626299767e-01
-1.866509463650717904e-01
-1.414392793377988733e-01
-1.116862538013844164e-01
-8.849201159024278063e-02
-8.131741677485060382e-02
-8.443184963787100927e-02
-9.988272510221926637e-02
-1.336709092698973866e-01
-1.819007884908524220e-01
-2.419841295553579741e-01
-3.013299884751392543e-01
-3.582644365046738777e-01
-4.136794353799586044e-01
-4.486129389868164230e-01
-4.869093930383845414e-01
-5.629442106176314464e-01
-6.562294822684484608e-01
-7.361094146880329259e-01
-7.609504932959334500e-01
-7.042076325112429647e-01
-5.861913333908486123e-01
-4.451936808154944858e-01
-3.279971464921953017e-01
-2.494714148045375501e-01
-1.188712522590259779e-01
-8.123672042519247682e-02
-5.992961328231100060e-02
-4.903487036326226178e-02
-5.992961328231108387e-02
-8.123672042519292091e-02
-1.188712522590261167e-01
-1.819007884908522832e-01
-2.600236919126461821e-01
-3.626124238764280028e-01
-4.818219091696427370e-01
-5.861913333908487234e-01
-6.502064653777153147e-01
-6.561957381648121368e-01
-6.283408048951901748e-01
-6.140349430095664029e-01
-6.283408048951901748e-01
-6.561957381648122478e-01
-6.502064653777152037e-01
-5.861913333908488344e-01
-4.818219091696429590e-01
-3.626124238764280583e-01
-2.600236919126460711e-01
-1.819007884908521999e-01
-7.871643776571324302e-02
-5.079870524450758040e-02
-3.967074522012828397e-02
-3.365100590692621241e-02
-4.901771749055475191e-02
-8.849686428502451241e-02
-1.515270314579233724e-01
-2.419841295553575300e-01
-3.626124238764277807e-01
-5.413775602002738330e-01
-7.522635773819356109e-01
-8.969578742709318764e-01
-9.537229164929963421e-01
-9.441357877654015240e-01
-8.483538193866325683e-01
-7.111406901444825568e-01
-6.140115716594209960e-01
-5.629820390396557128e-01
-5.132856224476327611e-01
-4.451936808154946523e-01
-3.626124238764281693e-01
-2.750130669021385033e-01
-1.966312946073967560e-01
-1.319582921282762555e-01
-4.950743947016228441e-02
-3.536646567316181766e-02
-3.673998318593130197e-02
-3.975912572371256837e-02
-5.996267029587315500e-02
-1.116100253039506440e-01
-1.883710892466052833e-01
-3.013299884751390323e-01
-4.818219091696426259e-01
-7.522635773819357219e-01
-9.882444561573782149e-01
-1.001045298536137551e+00
-9.444081573615876746e-01
-1.024864987873588262e+00
-1.038121050166220805e+00
-8.483657965055922956e-01
-6.283510780819191455e-01
-4.869259070685061919e-01
-3.981806285793976219e-01
-3.279971464921954682e-01
-2.600236919126461821e-01
-1.966312946073968393e-01
-1.366202943134982306e-01
-8.579433742980943634e-02
-3.674809900510106475e-02
-2.934081092655582701e-02
-3.528430579972741121e-02
-5.078016919367192572e-02
-8.128860484488104055e-02
-1.414857228670606815e-01
-2.269596337113494178e-01
-3.582644365046737112e-01
-5.861913333908482793e-01
-8.969578742709318764e-01
-1.001045298536137995e+00
-6.444710476744712757e-01
-3.532047061158751777e-01
-6.541043032041093941e-01
-1.024875366565018986e+00
-9.441199821800101422e-01
-6.561789233803339005e-01
-4.485657594178428242e-01
-3.314635778626298102e-01
-2.494714148045374669e-01
-1.819007884908522832e-01
-1.319582921282763666e-01
-8.579433742980976940e-02
-5.217580827979426128e-02
-1.577079434820449766e-02
-1.885686485654675115e-02
-3.677794537493833671e-02
-6.169494465394093075e-02
-9.993583599881081247e-02
-1.737176987160713448e-01
-2.783166735686197213e-01
-4.495114314427649527e-01
-7.609504932959334500e-01
-1.020092924347102414e+00
-3.532047061158760104e-01
1.567936263813468400e+00
2.762756601700892656e+00
1.567906200524994409e+00
-3.532049414404780374e-01
-1.020040299616463031e+00
-7.610021832786199036e-01
-4.494976927295555313e-01
-2.782555544701543759e-01
-1.737016761589793845e-01
-9.988272510221951617e-02
-6.167853859282698692e-02
-3.674809900510112026e-02
-1.889327614808469780e-02
-1.885686485654672340e-02
-2.667326341066622586e-02
-5.215418245514186202e-02
-8.733490996032436393e-02
-1.336256124860983330e-01
-2.104141407362614680e-01
-3.079102264645491305e-01
-4.578653237011908184e-01
-7.361094146880324818e-01
-1.024822183486760352e+00
-6.541043032041096161e-01
6.955377721894075993e-01
1.567906200524994631e+00
6.998208373868344268e-01
-6.444725049650743554e-01
-1.005593075338901077e+00
-7.041830804624177320e-01
-4.101919808396685685e-01
-2.495834032224683585e-01
-1.526774696450233504e-01
-8.443184963787145336e-02
-4.958681604769549223e-02
-2.934081092655563272e-02
-1.729651785284128107e-02
-3.677794537493800364e-02
-5.215418245514169548e-02
-8.586454020886580274e-02
-1.320099622703059250e-01
-1.818464735418794664e-01
-2.494219733536021388e-01
-3.314255111131427789e-01
-4.485927500039775806e-01
-6.562294822684481277e-01
-9.441365351555298657e-01
-1.024875366565018986e+00
-6.541345891599813500e-01
-3.532049414404773158e-01
-6.444725049650739113e-01
-1.001063701280279883e+00
-8.969799225922980845e-01
-5.861365092101644692e-01
-3.582252413040047379e-01
-2.269119735565211793e-01
-1.414631505146159152e-01
-8.131741677485052056e-02
-5.075610469185312668e-02
-3.528430579972741121e-02
-2.940469263036990522e-02
-6.169494465394087523e-02
-8.733490996032422515e-02
-1.320099622703058695e-01
-1.890924636989081142e-01
-2.419384376829689098e-01
-3.000484535785790108e-01
-3.689389456711178461e-01
-4.460556593916530366e-01
-5.629442106176311134e-01
-7.516469552414444255e-01
-9.441199821800101422e-01
-1.024871591202222154e+00
-1.020040299616463253e+00
-1.005593075338901521e+00
-8.969799225922978625e-01
-6.659092204373202595e-01
-4.451858313431599767e-01
-3.001080857267781621e-01
-2.024175624803920548e-01
-1.337500790464221934e-01
-8.849201159024266961e-02
-6.247877527176759482e-02
-5.078016919367192572e-02
-4.964609663831373587e-02
-9.993583599881056267e-02
-1.336256124860982497e-01
-1.818464735418794109e-01
-2.419384376829690209e-01
-3.013702635777615879e-01
-3.582575587003809514e-01
-4.136703385063178473e-01
-4.485927500039780247e-01
-4.869093930383845414e-01
-5.629826980174089668e-01
-6.561789233803341226e-01
-7.361457947577436656e-01
-7.610021832786202367e-01
-7.041830804624180651e-01
-5.861365092101648022e-01
-4.451858313431601988e-01
-3.278972256247182360e-01
-2.493889199175145510e-01
-1.866744080357474189e-01
-1.414631505146157486e-01
-1.116862538013840556e-01
-8.844031472282265494e-02
-8.128860484488095728e-02
-8.435208236128399761e-02
-1.737176987160714003e-01
-2.104141407362615235e-01
-2.494219733536021666e-01
-3.000484535785790108e-01
-3.582575587003811179e-01
-4.101660105644425736e-01
-4.494726030576952081e-01
-4.578653237011914845e-01
-4.486129389868164785e-01
-4.460181007581285328e-01
-4.485657594178431573e-01
-4.578512104434799834e-01
-4.494976927295559199e-01
-4.101919808396688460e-01
-3.582252413040051819e-01
-3.001080857267783286e-01
-2.493889199175148841e-01
-2.103886408150425491e-01
-1.737427883879323343e-01
-1.526774696450233781e-01
-1.414392793377990676e-01
-1.337180911102121839e-01
-1.414857228670609313e-01
-1.526401127062890217e-01
-2.783166735686197768e-01
-3.079102264645494080e-01
-3.314255111131428899e-01
-3.689389456711178461e-01
-4.136703385063176253e-01
-4.494726030576952081e-01
-4.643878508845379338e-01
-4.495114314427653968e-01
-4.136794353799587709e-01
-3.689712232153817828e-01
-3.314635778626301987e-01
-3.079077124049609537e-01
-2.782555544701548200e-01
-2.495834032224686638e-01
-2.269119735565214846e-01
-2.024175624803923323e-01
-1.866744080357478353e-01
-1.737427883879323620e-01
-1.650763994664156964e-01
-1.737016761589795233e-01
-1.866509463650722067e-01
-2.024595081273870556e-01
-2.269596337113494178e-01
-2.495908983036459194e-01
-4.495114314427651747e-01
-4.578653237011910404e-01
-4.485927500039778026e-01
-4.460556593916530366e-01
-4.485927500039778582e-01
-4.578653237011911514e-01
-4.495114314427652857e-01
-4.101750066833717012e-01
-3.582644365046740442e-01
-3.000802246047815092e-01
-2.494714148045377167e-01
-2.103868684496871810e-01
-1.737016761589794678e-01
-1.526774696450234614e-01
-1.414631505146161095e-01
-1.337500790464226375e-01
-1.414631505146162205e-01
-1.526774696450232949e-01
-1.737016761589794678e-01
-2.103868684496873476e-01
-2.494714148045378277e-01
-3.000802246047812871e-01
-3.582644365046739887e-01
-4.101750066833713682e-01
-7.609504932959336720e-01
-7.361094146880329259e-01
-6.562294822684482387e-01
-5.629442106176311134e-01
-4.869093930383843194e-01
-4.486129389868164230e-01
-4.136794353799586599e-01
-3.582644365046740997e-01
-3.013299884751393654e-01
-2.419841295553578631e-01
-1.819007884908523942e-01
-1.336709092698973866e-01
-9.988272510221926637e-02
-8.443184963787112030e-02
-8.131741677485054831e-02
-8.849201159024319696e-02
-1.116862538013843609e-01
-1.414392793377991231e-01
-1.866509463650719014e-01
-2.494714148045373836e-01
-3.279971464921953017e-01
-4.451936808154942082e-01
-5.861913333908483903e-01
-7.042076325112430757e-01
-1.020092924347102414e+00
-1.024822183486760352e+00
-9.441365351555300878e-01
-7.516469552414444255e-01
-5.629826980174084117e-01
-4.460181007581284218e-01
-3.689712232153818383e-01
-3.000802246047815647e-01
-2.419841295553577520e-01
-1.890525879145555088e-01
-1.319582921282761445e-01
-8.741045363572857996e-02
-6.167853859282673712e-02
-4.958681604769535345e-02
-5.075610469185282136e-02
-6.247877527176781687e-02
-8.844031472282293249e-02
-1.337180911102121283e-01
-2.024595081273868336e-01
-3.000802246047810096e-01
-4.451936808154940417e-01
-6.658395756876277494e-01
-8.969578742709316543e-01
-1.005581280287239698e+00
-3.532047061158752888e-01
-6.541043032041095051e-01
-1.024875366565018764e+00
-9.441199821800100311e-01
-6.561789233803336785e-01
-4.485657594178429353e-01
-3.314635778626300322e-01
-2.494714148045376056e-01
-1.819007884908522554e-01
-1.319582921282760335e-01
-8.579433742980957511e-02
-5.217580827979401148e-02
-3.674809900510112026e-02
-2.934081092655582701e-02
-3.528430579972763326e-02
-5.078016919367178694e-02
-8.128860484488109606e-02
-1.414857228670608480e-01
-2.269596337113492512e-01
-3.582644365046737667e-01
-5.861913333908482793e-01
-8.969578742709317654e-01
-1.001045298536137995e+00
-6.444710476744712757e-01
1.567936263813469067e+00
6.955377721894079324e-01
-6.541345891599816831e-01
-1.024871591202222154e+00
-7.361457947577434435e-01
-4.578512104434797614e-01
-3.079077124049608427e-01
-2.103868684496868480e-01
-1.336709092698975532e-01
-8.741045363572852445e-02
-5.217580827979406699e-02
-2.676247882234580877e-02
-1.889327614808478106e-02
-1.729651785284136434e-02
-2.940469263037009950e-02
-4.964609663831370812e-02
-8.435208236128388659e-02
-1.526401127062888829e-01
-2.495908983036460027e-01
-4.101750066833715347e-01
-7.042076325112430757e-01
-1.005581280287239698e+00
-6.444710476744717198e-01
6.998319495851186289e-01
2.762756601700892656e+00
1.567906200524994409e+00
-3.532049414404780374e-01
-1.020040299616463031e+00
-7.610021832786199036e-01
-4.494976927295555313e-01
-2.782555544701543759e-01
-1.737016761589793845e-01
-9.988272510221951617e-02
-6.167853859282698692e-02
-3.674809900510112026e-02
-1.889327614808469780e-02
-1.577079434820449766e-02
-1.885686485654675115e-02
-3.677794537493833671e-02
-6.169494465394093075e-02
-9.993583599881081247e-02
-1.737176987160713448e-01
-2.783166735686197213e-01
-4.495114314427649527e-01
-7.609504932959334500e-01
-1.020092924347102414e+00
-3.532047061158760104e-01
1.567936263813468400e+00
1.567906200524994631e+00
6.998208373868344268e-01
-6.444725049650743554e-01
-1.005593075338901077e+00
-7.041830804624177320e-01
-4.101919808396685685e-01
-2.495834032224683585e-01
-1.526774696450233504e-01
-8.443184963787145336e-02
-4.958681604769549223e-02
-2.934081092655563272e-02
-1.729651785284128107e-02
-1.885686485654672340e-02
-2.667326341066622586e-02
-5.215418245514186202e-02
-8.733490996032436393e-02
-1.336256124860983330e-01
-2.104141407362614680e-01
-3.079102264645491305e-01
-4.578653237011908184e-01
-7.361094146880324818e-01
-1.024822183486760352e+00
-6.541043032041096161e-01
6.955377721894075993e-01
-3.532049414404773158e-01
-6.444725049650739113e-01
-1.001063701280279883e+00
-8.969799225922980845e-01
-5.861365092101644692e-01
-3.582252413040047379e-01
-2.269119735565211793e-01
-1.414631505146159152e-01
-8.131741677485052056e-02
-5.075610469185312668e-02
-3.528430579972741121e-02
-2.940469263036990522e-02
-3.677794537493800364e-02
-5.215418245514169548e-02
-8.586454020886580274e-02
-1.320099622703059250e-01
-1.818464735418794664e-01
-2.494219733536021388e-01
-3.314255111131427789e-01
-4.485927500039775806e-01
-6.562294822684481277e-01
-9.441365351555298657e-01
-1.024875366565018986e+00
-6.541345891599813500e-01
-1.020040299616463253e+00
-1.005593075338901521e+00
-8.969799225922978625e-01
-6.659092204373202595e-01
-4.451858313431599767e-01
-3.001080857267781621e-01
-2.024175624803920548e-01
-1.337500790464221934e-01
-8.849201159024266961e-02
-6.247877527176759482e-02
-5.078016919367192572e-02
-4.964609663831373587e-02
-6.169494465394087523e-02
-8.733490996032422515e-02
-1.320099622703058695e-01
-1.890924636989081142e-01
-2.419384376829689098e-01
-3.000484535785790108e-01
-3.689389456711178461e-01
-4.460556593916530366e-01
-5.629442106176311134e-01
-7.516469552414444255e-01
-9.441199821800101422e-01
-1.024871591202222154e+00
-7.610021832786202367e-01
-7.041830804624180651e-01
-5.861365092101648022e-01
-4.451858313431601988e-01
-3.278972256247182360e-01
-2.493889199175145510e-01
-1.866744080357474189e-01
-1.414631505146157486e-01
-1.116862538013840556e-01
-8.844031472282265494e-02
-8.128860484488095728e-02
-8.435208236128399761e-02
-9.993583599881056267e-02
-1.336256124860982497e-01
-1.818464735418794109e-01
-2.419384376829690209e-01
-3.013702635777615879e-01
-3.582575587003809514e-01
-4.136703385063178473e-01
-4.485927500039780247e-01
-4.869093930383845414e-01
-5.629826980174089668e-01
-6.561789233803341226e-01
-7.361457947577436656e-01
-4.494976927295559199e-01
-4.101919808396688460e-01
-3.582252413040051819e-01
-3.001080857267783286e-01
-2.493889199175148841e-01
-2.103886408150425491e-01
-1.737427883879323343e-01
-1.526774696450233781e-01
-1.414392793377990676e-01
-1.337180911102121839e-01
-1.414857228670609313e-01
-1.526401127062890217e-01
-1.737176987160714003e-01
-2.104141407362615235e-01
-2.494219733536021666e-01
-3.000484535785790108e-01
-3.582575587003811179e-01
-4.101660105644425736e-01
-4.494726030576952081e-01
-4.578653237011914845e-01
-4.486129389868164785e-01
-4.460181007581285328e-01
-4.485657594178431573e-01
-4.578512104434799834e-01
-2.782555544701548200e-01
-2.495834032224686638e-01
-2.269119735565214846e-01
-2.024175624803923323e-01
-1.866744080357478353e-01
-1.737427883879323620e-01
-1.650763994664156964e-01
-1.737016761589795233e-01
-1.866509463650722067e-01
-2.024595081273870556e-01
-2.269596337113494178e-01
-2.495908983036459194e-01
-2.783166735686197768e-01
-3.079102264645494080e-01
-3.314255111131428899e-01
-3.689389456711178461e-01
-4.136703385063176253e-01
-4.494726030576952081e-01
-4.643878508845379338e-01
-4.495114314427653968e-01
-4.136794353799587709e-01
-3.689712232153817828e-01
-3.314635778626301987e-01
-3.079077124049609537e-01
-1.737016761589794678e-01
-1.526774696450234614e-01
-1.414631505146161095e-01
-1.337500790464226375e-01
-1.414631505146162205e-01
-1.526774696450232949e-01
-1.737016761589794678e-01
-2.103868684496873476e-01
-2.494714148045378277e-01
-3.000802246047812871e-01
-3.582644365046739887e-01
-4.101750066833713682e-01
-4.495114314427651747e-01
-4.578653237011910404e-01
-4.485927500039778026e-01
-4.460556593916530366e-01
-4.485927500039778582e-01
-4.578653237011911514e-01
-4.495114314427652857e-01
-4.101750066833717012e-01
-3.582644365046740442e-01
-3.000802246047815092e-01
-2.494714148045377167e-01
-2.103868684496871810e-01
-9.988272510221926637e-02
-8.443184963787112030e-02
-8.131741677485054831e-02
-8.849201159024319696e-02
-1.116862538013843609e-01
-1.414392793377991231e-01
-1.866509463650719014e-01
-2.494714148045373836e-01
-3.279971464921953017e-01
-4.451936808154942082e-01
-5.861913333908483903e-01
-7.042076325112430757e-01
-7.609504932959336720e-01
-7.361094146880329259e-01
-6.562294822684482387e-01
-5.629442106176311134e-01
-4.869093930383843194e-01
-4.486129389868164230e-01
-4.136794353799586599e-01
-3.582644365046740997e-01
-3.013299884751393654e-01
-2.419841295553578631e-01
-1.819007884908523942e-01
-1.336709092698973866e-01
-6.167853859282673712e-02
-4.958681604769535345e-02
-5.075610469185282136e-02
-6.247877527176781687e-02
-8.844031472282293249e-02
-1.337180911102121283e-01
-2.024595081273868336e-01
-3.000802246047810096e-01
-4.451936808154940417e-01
-6.658395756876277494e-01
-8.969578742709316543e-01
-1.005581280287239698e+00
-1.020092924347102414e+00
-1.024822183486760352e+00
-9.441365351555300878e-01
-7.516469552414444255e-01
-5.629826980174084117e-01
-4.460181007581284218e-01
-3.689712232153818383e-01
-3.000802246047815647e-01
-2.419841295553577520e-01
-1.890525879145555088e-01
-1.319582921282761445e-01
-8.741045363572857996e-02
-3.674809900510112026e-02
-2.934081092655582701e-02
-3.528430579972763326e-02
-5.078016919367178694e-02
-8.128860484488109606e-02
-1.414857228670608480e-01
-2.269596337113492512e-01
-3.582644365046737667e-01
-5.861913333908482793e-01
-8.969578742709317654e-01
-1.001045298536137995e+00
-6.444710476744712757e-01
-3.532047061158752888e-01
-6.541043032041095051e-01
-1.024875366565018764e+00
-9.441199821800100311e-01
-6.561789233803336785e-01
-4.485657594178429353e-01
-3.314635778626300322e-01
-2.494714148045376056e-01
-1.819007884908522554e-01
-1.319582921282760335e-01
-8.579433742980957511e-02
-5.217580827979401148e-02
-1.889327614808478106e-02
-1.729651785284136434e-02
-2.940469263037009950e-02
-4.964609663831370812e-02
-8.435208236128388659e-02
-1.526401127062888829e-01
-2.495908983036460027e-01
-4.101750066833715347e-01
-7.042076325112430757e-01
-1.005581280287239698e+00
-6.444710476744717198e-01
6.998319495851186289e-01
1.567936263813469067e+00
6.955377721894079324e-01
-6.541345891599816831e-01
-1.024871591202222154e+00
-7.361457947577434435e-01
-4.578512104434797614e-01
-3.079077124049608427e-01
-2.103868684496868480e-01
-1.336709092698975532e-01
-8.741045363572852445e-02
-5.217580827979406699e-02
-2.676247882234580877e-02
-8.429752804831436297e-03
-1.578447859305551204e-02
-3.871458664507015923e-02
-6.087675010806922749e-02
-9.432240967082963778e-02
-1.650864554807172091e-01
-2.745345742854384818e-01
-4.643878508845377673e-01
-8.052225914001991391e-01
-1.003758374541986020e+00
7.687609323277311280e-02
2.762756601700892212e+00
4.387272724207817554e+00
2.762770285945743698e+00
7.689956751723925343e-02
-1.003777786309029807e+00
-8.052304275689756707e-01
-4.643777948702358938e-01
-2.745615597418502030e-01
-1.650763994664153356e-01
-9.433024583960614162e-02
-6.089616187511279199e-02
-3.869111236060396308e-02
-1.577079434820422010e-02
-1.578447859305537326e-02
-1.887757945579415786e-02
-3.671683751837556686e-02
-6.173808055482171708e-02
-9.989877216488249334e-02
-1.737682751002675441e-01
-2.782880322518104244e-01
-4.494726030576946529e-01
-7.610351599351902196e-01
-1.020023804209122531e+00
-3.532382013912336305e-01
1.567906200524994853e+00
2.762770285945743698e+00
1.567920567121177333e+00
-3.532359676026016193e-01
-1.020033382385107545e+00
-7.609344462332705561e-01
-4.494448325014765988e-01
-2.782841957869637839e-01
-1.737427883879323065e-01
-9.990285934224077402e-02
-6.171144006128154169e-02
-3.674468542418274364e-02
-1.885686485654675115e-02
-3.871458664506999270e-02
-3.671683751837545584e-02
-4.945895863199686882e-02
-7.870058991126549497e-02
-1.188351314398815861e-01
-1.866419906282655305e-01
-2.787365412038250723e-01
-4.136703385063174587e-01
-6.501875490656128243e-01
-9.537616100457514401e-01
-9.444378158316804051e-01
-3.532049414404777044e-01
7.689956751724014161e-02
-3.532359676026011197e-01
-9.444566381997534510e-01
-9.537387643474440901e-01
-6.502425861968594845e-01
-4.136883911167647532e-01
-2.787184058640146400e-01
-1.866744080357476687e-01
-1.188609301305640076e-01
-7.877312285954091164e-02
-4.944829832189906460e-02
-3.677794537493811466e-02
-6.087675010806903320e-02
-6.173808055482160606e-02
-7.870058991126538395e-02
-1.136309141471291417e-01
-1.515361751100404719e-01
-2.024452965004548410e-01
-2.759285549351305766e-01
-3.689389456711178461e-01
-5.132959518874948834e-01
-7.387765681810632978e-01
-9.537928336987108180e-01
-1.020040299616463031e+00
-1.003777786309029585e+00
-1.020033382385107323e+00
-9.537387643474442012e-01
-7.387454505374403402e-01
-5.132764787955153007e-01
-3.689854348423134978e-01
-2.759590623814454080e-01
-2.024175624803919438e-01
-1.515115909046771681e-01
-1.136496176256578672e-01
-7.874189920658175579e-02
-6.169494465394087523e-02
-9.432240967082919370e-02
-9.989877216488213252e-02
-1.188351314398815584e-01
-1.515361751100406107e-01
-1.883575470211350522e-01
-2.269194151146451399e-01
-2.787365412038253498e-01
-3.314255111131430565e-01
-3.982171921813924542e-01
-5.132479986533782235e-01
-6.502159570442637149e-01
-7.610021832786202367e-01
-8.052304275689761148e-01
-7.609344462332707781e-01
-6.502425861968595955e-01
-5.132764787955157448e-01
-3.981941708048679640e-01
-3.315037964593341435e-01
-2.787184058640143625e-01
-2.269119735565210960e-01
-1.884066751798766648e-01
-1.515595441387941056e-01
-1.188325221519134223e-01
-9.993583599881078472e-02
-1.650864554807171536e-01
-1.737682751002677106e-01
-1.866419906282656693e-01
-2.024452965004550076e-01
-2.269194151146451399e-01
-2.495748734561809845e-01
-2.782880322518108129e-01
-3.079102264645495746e-01
-3.314623169431917260e-01
-3.689352102967259905e-01
-4.136961910432562228e-01
-4.494976927295559754e-01
-4.643777948702361713e-01
-4.494448325014768209e-01
-4.136883911167649197e-01
-3.689854348423137198e-01
-3.315037964593343656e-01
-3.079237372524262217e-01
-2.782841957869640614e-01
-2.495834032224686916e-01
-2.268751677264727040e-01
-2.024212978547842434e-01
-1.866485554988094320e-01
-1.737176987160716501e-01
-2.745345742854387039e-01
-2.782880322518105909e-01
-2.787365412038252943e-01
-2.759285549351307432e-01
-2.787365412038252388e-01
-2.782880322518105354e-01
-2.745345742854389259e-01
-2.783166735686197213e-01
-2.787293271058012833e-01
-2.759438086582882144e-01
-2.787256199620384844e-01
-2.782555544701549866e-01
-2.745615597418505360e-01
-2.782841957869640059e-01
-2.787184058640146955e-01
-2.759590623814455745e-01
-2.787184058640146400e-01
-2.782841957869640614e-01
-2.745615597418507581e-01
-2.782555544701549310e-01
-2.787256199620388175e-01
-2.759438086582881589e-01
-2.787293271058015609e-01
-2.783166735686197768e-01
-4.643878508845377673e-01
-4.494726030576950415e-01
-4.136703385063177363e-01
-3.689389456711180126e-01
-3.314255111131430009e-01
-3.079102264645494635e-01
-2.783166735686198878e-01
-2.495908983036460027e-01
-2.269596337113493623e-01
-2.024595081273869446e-01
-1.866509463650722067e-01
-1.737016761589795233e-01
-1.650763994664155299e-01
-1.737427883879325563e-01
-1.866744080357476965e-01
-2.024175624803923323e-01
-2.269119735565214291e-01
-2.495834032224688859e-01
-2.782555544701548755e-01
-3.079077124049611203e-01
-3.314635778626302542e-01
-3.689712232153818938e-01
-4.136794353799586044e-01
-4.495114314427650637e-01
-8.052225914001992502e-01
-7.610351599351903307e-01
-6.501875490656130463e-01
-5.132959518874948834e-01
-3.982171921813922322e-01
-3.314623169431916150e-01
-2.787293271058012278e-01
-2.269596337113493068e-01
-1.883710892466055054e-01
-1.515270314579235389e-01
-1.188712522590263110e-01
-9.988272510221934963e-02
-9.433024583960594733e-02
-9.990285934224060749e-02
-1.188609301305641186e-01
-1.515115909046773901e-01
-1.884066751798768591e-01
-2.268751677264726485e-01
-2.787256199620384289e-01
-3.314635778626300322e-01
-3.981806285793973998e-01
-5.132856224476325391e-01
-6.502064653777148706e-01
-7.609504932959334500e-01
-1.003758374541985798e+00
-1.020023804209122531e+00
-9.537616100457514401e-01
-7.387765681810631868e-01
-5.132479986533778904e-01
-3.689352102967258240e-01
-2.759438086582881033e-01
-2.024595081273868336e-01
-1.515270314579235389e-01
-1.136239809474418883e-01
-7.871643776571346507e-02
-6.167853859282673712e-02
-6.089616187511279199e-02
-6.171144006128137516e-02
-7.877312285954102267e-02
-1.136496176256579504e-01
-1.515595441387940501e-01
-2.024212978547841046e-01
-2.759438086582878813e-01
-3.689712232153813387e-01
-5.132856224476323170e-01
-7.387523837371275937e-01
-9.537229164929962311e-01
-1.020092924347102414e+00
7.687609323277388995e-02
-3.532382013912330754e-01
-9.444378158316801830e-01
-9.537928336987103739e-01
-6.502159570442633818e-01
-4.136961910432557232e-01
-2.787256199620384844e-01
-1.866509463650719014e-01
-1.188712522590262277e-01
-7.871643776571346507e-02
-4.950743947016242319e-02
-3.674809900510100924e-02
-3.869111236060385206e-02
-3.674468542418279915e-02
-4.944829832189928664e-02
-7.874189920658186681e-02
-1.188325221519135333e-01
-1.866485554988092099e-01
-2.787293271058011723e-01
-4.136794353799584378e-01
-6.502064653777145375e-01
-9.537229164929958980e-01
-9.444081573615878966e-01
-3.532047061158756773e-01
2.762756601700893100e+00
1.567906200524994853e+00
-3.532049414404780374e-01
-1.020040299616463031e+00
-7.610021832786199036e-01
-4.494976927295555313e-01
-2.782555544701543204e-01
-1.737016761589793012e-01
-9.988272510221943290e-02
-6.167853859282673712e-02
-3.674809900510100924e-02
-1.889327614808478106e-02
-1.577079434820455317e-02
-1.885686485654713973e-02
-3.677794537493844773e-02
-6.169494465394104177e-02
-9.993583599881086799e-02
-1.737176987160714003e-01
-2.783166735686198878e-01
-4.495114314427648972e-01
-7.609504932959334500e-01
-1.020092924347102414e+00
-3.532047061158760659e-01
1.567936263813468400e+00
4.387272724207817554e+00
2.762770285945743698e+00
7.689956751723925343e-02
-1.003777786309029807e+00
-8.052304275689756707e-01
-4.643777948702358938e-01
-2.745615597418502030e-01
-1.650763994664153356e-01
-9.433024583960614162e-02
-6.089616187511279199e-02
-3.869111236060396308e-02
-1.577079434820422010e-02
-8.429752804831436297e-03
-1.578447859305551204e-02
-3.871458664507015923e-02
-6.087675010806922749e-02
-9.432240967082963778e-02
-1.650864554807172091e-01
-2.745345742854384818e-01
-4.643878508845377673e-01
-8.052225914001991391e-01
-1.003758374541986020e+00
7.687609323277311280e-02
2.762756601700892212e+00
2.762770285945743698e+00
1.567920567121177333e+00
-3.532359676026016193e-01
-1.020033382385107545e+00
-7.609344462332705561e-01
-4.494448325014765988e-01
-2.782841957869637839e-01
-1.737427883879323065e-01
-9.990285934224077402e-02
-6.171144006128154169e-02
-3.674468542418274364e-02
-1.885686485654675115e-02
-1.578447859305537326e-02
-1.887757945579415786e-02
-3.671683751837556686e-02
-6.173808055482171708e-02
-9.989877216488249334e-02
-1.737682751002675441e-01
-2.782880322518104244e-01
-4.494726030576946529e-01
-7.610351599351902196e-01
-1.020023804209122531e+00
-3.532382013912336305e-01
1.567906200524994853e+00
7.689956751724014161e-02
-3.532359676026011197e-01
-9.444566381997534510e-01
-9.537387643474440901e-01
-6.502425861968594845e-01
-4.136883911167647532e-01
-2.787184058640146400e-01
-1.866744080357476687e-01
-1.188609301305640076e-01
-7.877312285954091164e-02
-4.944829832189906460e-02
-3.677794537493811466e-02
-3.871458664506999270e-02
-3.671683751837545584e-02
-4.945895863199686882e-02
-7.870058991126549497e-02
-1.188351314398815861e-01
-1.866419906282655305e-01
-2.787365412038250723e-01
-4.136703385063174587e-01
-6.501875490656128243e-01
-9.537616100457514401e-01
-9.444378158316804051e-01
-3.532049414404777044e-01
-1.003777786309029585e+00
-1.020033382385107323e+00
-9.537387643474442012e-01
-7.387454505374403402e-01
-5.132764787955153007e-01
-3.689854348423134978e-01
-2.759590623814454080e-01
-2.024175624803919438e-01
-1.515115909046771681e-01
-1.136496176256578672e-01
-7.874189920658175579e-02
-6.169494465394087523e-02
-6.087675010806903320e-02
-6.173808055482160606e-02
-7.870058991126538395e-02
-1.136309141471291417e-01
-1.515361751100404719e-01
-2.024452965004548410e-01
-2.759285549351305766e-01
-3.689389456711178461e-01
-5.132959518874948834e-01
-7.387765681810632978e-01
-9.537928336987108180e-01
-1.020040299616463031e+00
-8.052304275689761148e-01
-7.609344462332707781e-01
-6.502425861968595955e-01
-5.132764787955157448e-01
-3.981941708048679640e-01
-3.315037964593341435e-01
-2.787184058640143625e-01
-2.269119735565210960e-01
-1.884066751798766648e-01
-1.515595441387941056e-01
-1.188325221519134223e-01
-9.993583599881078472e-02
-9.432240967082919370e-02
-9.989877216488213252e-02
-1.188351314398815584e-01
-1.515361751100406107e-01
-1.883575470211350522e-01
-2.269194151146451399e-01
-2.787365412038253498e-01
-3.314255111131430565e-01
-3.982171921813924542e-01
-5.132479986533782235e-01
-6.502159570442637149e-01
-7.610021832786202367e-01
-4.643777948702361713e-01
-4.494448325014768209e-01
-4.136883911167649197e-01
-3.689854348423137198e-01
-3.315037964593343656e-01
-3.079237372524262217e-01
-2.782841957869640614e-01
-2.495834032224686916e-01
-2.268751677264727040e-01
-2.024212978547842434e-01
-1.866485554988094320e-01
-1.737176987160716501e-01
-1.650864554807171536e-01
-1.737682751002677106e-01
-1.866419906282656693e-01
-2.024452965004550076e-01
-2.269194151146451399e-01
-2.495748734561809845e-01
-2.782880322518108129e-01
-3.079102264645495746e-01
-3.314623169431917260e-01
-3.689352102967259905e-01
-4.136961910432562228e-01
-4.494976927295559754e-01
-2.745615597418505360e-01
-2.782841957869640059e-01
-2.787184058640146955e-01
-2.759590623814455745e-01
-2.787184058640146400e-01
-2.782841957869640614e-01
-2.745615597418507581e-01
-2.782555544701549310e-01
-2.787256199620388175e-01
-2.759438086582881589e-01
-2.787293271058015609e-01
-2.783166735686197768e-01
-2.745345742854387039e-01
-2.782880322518105909e-01
-2.787365412038252943e-01
-2.759285549351307432e-01
-2.787365412038252388e-01
-2.782880322518105354e-01
-2.745345742854389259e-01
-2.783166735686197213e-01
-2.787293271058012833e-01
-2.759438086582882144e-01
-2.787256199620384844e-01
-2.782555544701549866e-01
-1.650763994664155299e-01
-1.737427883879325563e-01
-1.866744080357476965e-01
-2.024175624803923323e-01
-2.269119735565214291e-01
-2.495834032224688859e-01
-2.782555544701548755e-01
-3.079077124049611203e-01
-3.314635778626302542e-01
-3.689712232153818938e-01
-4.136794353799586044e-01
-4.495114314427650637e-01
-4.643878508845377673e-01
-4.494726030576950415e-01
-4.136703385063177363e-01
-3.689389456711180126e-01
-3.314255111131430009e-01
-3.079102264645494635e-01
-2.783166735686198878e-01
-2.495908983036460027e-01
-2.269596337113493623e-01
-2.024595081273869446e-01
-1.866509463650722067e-01
-1.737016761589795233e-01
-9.433024583960594733e-02
-9.990285934224060749e-02
-1.188609301305641186e-01
-1.515115909046773901e-01
-1.884066751798768591e-01
-2.268751677264726485e-01
-2.787256199620384289e-01
-3.314635778626300322e-01
-3.981806285793973998e-01
-5.132856224476325391e-01
-6.502064653777148706e-01
-7.609504932959334500e-01
-8.052225914001992502e-01
-7.610351599351903307e-01
-6.501875490656130463e-01
-5.132959518874948834e-01
-3.982171921813922322e-01
-3.314623169431916150e-01
-2.787293271058012278e-01
-2.269596337113493068e-01
-1.883710892466055054e-01
-1.515270314579235389e-01
-1.188712522590263110e-01
-9.988272510221934963e-02
-6.089616187511279199e-02
-6.171144006128137516e-02
-7.877312285954102267e-02
-1.136496176256579504e-01
-1.515595441387940501e-01
-2.024212978547841046e-01
-2.759438086582878813e-01
-3.689712232153813387e-01
-5.132856224476323170e-01
-7.387523837371275937e-01
-9.537229164929962311e-01
-1.020092924347102414e+00
-1.003758374541985798e+00
-1.020023804209122531e+00
-9.537616100457514401e-01
-7.387765681810631868e-01
-5.132479986533778904e-01
-3.689352102967258240e-01
-2.759438086582881033e-01
-2.024595081273868336e-01
-1.515270314579235389e-01
-1.136239809474418883e-01
-7.871643776571346507e-02
-6.167853859282673712e-02
-3.869111236060385206e-02
-3.674468542418279915e-02
-4.944829832189928664e-02
-7.874189920658186681e-02
-1.188325221519135333e-01
-1.866485554988092099e-01
-2.787293271058011723e-01
-4.136794353799584378e-01
-6.502064653777145375e-01
-9.537229164929958980e-01
-9.444081573615878966e-01
-3.532047061158756773e-01
7.687609323277388995e-02
-3.532382013912330754e-01
-9.444378158316801830e-01
-9.537928336987103739e-01
-6.502159570442633818e-01
-4.136961910432557232e-01
-2.787256199620384844e-01
-1.866509463650719014e-01
-1.188712522590262277e-01
-7.871643776571346507e-02
-4.950743947016242319e-02
-3.674809900510100924e-02
-1.577079434820455317e-02
-1.885686485654713973e-02
-3.677794537493844773e-02
-6.169494465394104177e-02
-9.993583599881086799e-02
-1.737176987160714003e-01
-2.783166735686198878e-01
-4.495114314427648972e-01
-7.609504932959334500e-01
-1.020092924347102414e+00
-3.532047061158760659e-01
1.567936263813468400e+00
2.762756601700893100e+00
1.567906200524994853e+00
-3.532049414404780374e-01
-1.020040299616463031e+00
-7.610021832786199036e-01
-4.494976927295555313e-01
-2.782555544701543204e-01
-1.737016761589793012e-01
-9.988272510221943290e-02
-6.167853859282673712e-02
-3.674809900510100924e-02
-1.889327614808478106e-02
-1.578447859305542877e-02
-1.887757945579401908e-02
-3.671683751837556686e-02
-6.173808055482182811e-02
-9.989877216488263212e-02
-1.737682751002677939e-01
-2.782880322518104244e-01
-4.494726030576947640e-01
-7.610351599351898866e-01
-1.020023804209122753e+00
-3.532382013912335750e-01
1.567906200524994187e+00
2.762770285945743698e+00
1.567920567121177777e+00
-3.532359676026016193e-01
-1.020033382385107545e+00
-7.609344462332703340e-01
-4.494448325014765988e-01
-2.782841957869637284e-01
-1.737427883879320012e-01
-9.990285934224066300e-02
-6.171144006128137516e-02
-3.674468542418263262e-02
-1.885686485654691769e-02
-1.887757945579404684e-02
-1.734529182965183214e-02
-2.938295109552369055e-02
-4.960401425686436494e-02
-8.447974256459117592e-02
-1.526142504499468644e-01
-2.495748734561806514e-01
-4.101660105644422405e-01
-7.041516226360040598e-01
-1.005630664025279231e+00
-6.444742191892587346e-01
6.998208373868346488e-01
1.567920567121177999e+00
6.955084429528229917e-01
-6.540823315691912665e-01
-1.024868733901334039e+00
-7.361313705939368512e-01
-4.578842964533955118e-01
-3.079237372524261107e-01
-2.103886408150424936e-01
-1.336136831056355945e-01
-8.740600958002653353e-02
-5.224663589064393321e-02
-2.667326341066628137e-02
-3.671683751837531706e-02
-2.938295109552349627e-02
-3.529101893606012563e-02
-5.074034909658114989e-02
-8.135060066325042194e-02
-1.415031762041343566e-01
-2.269194151146449179e-01
-3.582575587003807849e-01
-5.861761054694003548e-01
-8.969929085276979741e-01
-1.001066010100139181e+00
-6.444725049650741333e-01
-3.532359676026009532e-01
-6.540823315691909334e-01
-1.024851829087491284e+00
-9.441204254499317994e-01
-6.561909970564103745e-01
-4.486376787720850468e-01
-3.315037964593341435e-01
-2.493889199175147453e-01
-1.818419469178542969e-01
-1.319626346986788046e-01
-8.579045020700271085e-02
-5.215418245514191753e-02
-6.173808055482127299e-02
-4.960401425686408738e-02
-5.074034909658092785e-02
-6.243488835232935408e-02
-8.850510970633448937e-02
-1.337005334276754609e-01
-2.024452965004547855e-01
-3.000484535785788998e-01
-4.451668642842006030e-01
-6.658743604671459870e-01
-8.969759194010886727e-01
-1.005593075338901521e+00
-1.020033382385107545e+00
-1.024868733901334039e+00
-9.441204254499320214e-01
-7.516043628446049674e-01
-5.630273349630685598e-01
-4.460395683448705739e-01
-3.689854348423138863e-01
-3.001080857267782731e-01
-2.419015141574797911e-01
-1.891042824513154974e-01
-1.319721122989894191e-01
-8.733490996032405862e-02
-9.989877216488204925e-02
-8.447974256459081510e-02
-8.135060066325044970e-02
-8.850510970633451713e-02
-1.116465446397360006e-01
-1.415031762041346342e-01
-1.866419906282655305e-01
-2.494219733536021666e-01
-3.279425314895394461e-01
-4.451916210629621729e-01
-5.861996892835847905e-01
-7.041830804624180651e-01
-7.609344462332710002e-01
-7.361313705939371843e-01
-6.561909970564105965e-01
-5.630273349630685598e-01
-4.869490334975753454e-01
-4.486376787720852133e-01
-4.136883911167650307e-01
-3.582252413040050709e-01
-3.013846721802523332e-01
-2.418899668463610486e-01
-1.818977339217537903e-01
-1.336256124860981664e-01
-1.737682751002676551e-01
-1.526142504499469754e-01
-1.415031762041346619e-01
-1.337005334276756552e-01
-1.415031762041347452e-01
-1.526142504499468366e-01
-1.737682751002678216e-01
-2.104141407362615790e-01
-2.493845878819967998e-01
-3.001130429375462039e-01
-3.582663089695887759e-01
-4.101919808396687905e-01
-4.494448325014769874e-01
-4.578842964533957893e-01
-4.486376787720851023e-01
-4.460395683448704629e-01
-4.486376787720853798e-01
-4.578842964533961224e-01
-4.494448325014770984e-01
-4.101919808396689016e-01
-3.582663089695887759e-01
-3.001130429375460373e-01
-2.493845878819970774e-01
-2.104141407362616900e-01
-2.782880322518107574e-01
-2.495748734561809290e-01
-2.269194151146453620e-01
-2.024452965004550076e-01
-1.866419906282656971e-01
-1.737682751002677939e-01
-1.650864554807170703e-01
-1.737176987160715669e-01
-1.866485554988092654e-01
-2.024212978547841324e-01
-2.268751677264728706e-01
-2.495834032224686361e-01
-2.782841957869638394e-01
-3.079237372524260552e-01
-3.315037964593341990e-01
-3.689854348423137198e-01
-4.136883911167650862e-01
-4.494448325014774315e-01
-4.643777948702361713e-01
-4.494976927295560865e-01
-4.136961910432563894e-01
-3.689352102967260461e-01
-3.314623169431915040e-01
-3.079102264645493525e-01
-4.494726030576950415e-01
-4.101660105644426846e-01
-3.582575587003812290e-01
-3.000484535785792328e-01
-2.494219733536021943e-01
-2.104141407362615790e-01
-1.737176987160715114e-01
-1.526401127062889385e-01
-1.414857228670609868e-01
-1.337180911102122671e-01
-1.414392793377992896e-01
-1.526774696450236557e-01
-1.737427883879323065e-01
-2.103886408150423826e-01
-2.493889199175147176e-01
-3.001080857267781621e-01
-3.582252413040051819e-01
-4.101919808396687905e-01
-4.494976927295559199e-01
-4.578512104434801500e-01
-4.485657594178434904e-01
-4.460181007581286439e-01
-4.486129389868162565e-01
-4.578653237011909294e-01
-7.610351599351904417e-01
-7.041516226360045039e-01
-5.861761054694006878e-01
-4.451668642842007695e-01
-3.279425314895392796e-01
-2.493845878819966333e-01
-1.866485554988092099e-01
-1.414857228670607647e-01
-1.116100253039506163e-01
-8.849686428502465119e-02
-8.123672042519267111e-02
-8.443184963787114805e-02
-9.990285934224052422e-02
-1.336136831056356222e-01
-1.818419469178541859e-01
-2.419015141574799022e-01
-3.013846721802523332e-01
-3.582663089695887204e-01
-4.136961910432558343e-01
-4.485657594178429908e-01
-4.869259070685059698e-01
-5.629820390396558238e-01
-6.561957381648120258e-01
-7.361094146880329259e-01
-1.020023804209122975e+00
-1.005630664025279231e+00
-8.969929085276981962e-01
-6.658743604671457650e-01
-4.451916210629619508e-01
-3.001130429375459818e-01
-2.024212978547839659e-01
-1.337180911102122949e-01
-8.849686428502465119e-02
-6.252980591389173393e-02
-5.079870524450746938e-02
-4.958681604769518692e-02
-6.171144006128115311e-02
-8.740600958002647802e-02
-1.319626346986788601e-01
-1.891042824513154974e-01
-2.418899668463609376e-01
-3.001130429375458708e-01
-3.689352102967259350e-01
-4.460181007581281443e-01
-5.629820390396551577e-01
-7.516189658170877586e-01
-9.441357877654015240e-01
-1.024822183486760574e+00
-3.532382013912327978e-01
-6.444742191892581795e-01
-1.001066010100139181e+00
-8.969759194010880066e-01
-5.861996892835846795e-01
-3.582663089695885539e-01
-2.268751677264725930e-01
-1.414392793377989566e-01
-8.123672042519264336e-02
-5.079870524450763591e-02
-3.536646567316162337e-02
-2.934081092655532741e-02
-3.674468542418252159e-02
-5.224663589064382219e-02
-8.579045020700301616e-02
-1.319721122989894746e-01
-1.818977339217538736e-01
-2.493845878819967443e-01
-3.314623169431913929e-01
-4.486129389868160899e-01
-6.561957381648118037e-01
-9.441357877654013020e-01
-1.024864987873588262e+00
-6.541043032041092831e-01
1.567906200524994853e+00
6.998208373868344268e-01
-6.444725049650741333e-01
-1.005593075338901077e+00
-7.041830804624176210e-01
-4.101919808396685685e-01
-2.495834032224682475e-01
-1.526774696450231839e-01
-8.443184963787123132e-02
-4.958681604769524243e-02
-2.934081092655554945e-02
-1.729651785284119780e-02
-1.885686485654677891e-02
-2.667326341066644790e-02
-5.215418245514197304e-02
-8.733490996032450271e-02
-1.336256124860985273e-01
-2.104141407362616900e-01
-3.079102264645492970e-01
-4.578653237011907073e-01
-7.361094146880324818e-01
-1.024822183486760574e+00
-6.541043032041098382e-01
6.955377721894074883e-01
2.762770285945743698e+00
1.567920567121177777e+00
-3.532359676026016193e-01
-1.020033382385107545e+00
-7.609344462332703340e-01
-4.494448325014765988e-01
-2.782841957869637284e-01
-1.737427883879320012e-01
-9.990285934224066300e-02
-6.171144006128137516e-02
-3.674468542418263262e-02
-1.885686485654691769e-02
-1.578447859305542877e-02
-1.887757945579401908e-02
-3.671683751837556686e-02
-6.173808055482182811e-02
-9.989877216488263212e-02
-1.737682751002677939e-01
-2.782880322518104244e-01
-4.494726030576947640e-01
-7.610351599351898866e-01
-1.020023804209122753e+00
-3.532382013912335750e-01
1.567906200524994187e+00
1.567920567121177999e+00
6.955084429528229917e-01
-6.540823315691912665e-01
-1.024868733901334039e+00
-7.361313705939368512e-01
-4.578842964533955118e-01
-3.079237372524261107e-01
-2.103886408150424936e-01
-1.336136831056355945e-01
-8.740600958002653353e-02
-5.224663589064393321e-02
-2.667326341066628137e-02
-1.887757945579404684e-02
-1.734529182965183214e-02
-2.938295109552369055e-02
-4.960401425686436494e-02
-8.447974256459117592e-02
-1.526142504499468644e-01
-2.495748734561806514e-01
-4.101660105644422405e-01
-7.041516226360040598e-01
-1.005630664025279231e+00
-6.444742191892587346e-01
6.998208373868346488e-01
-3.532359676026009532e-01
-6.540823315691909334e-01
-1.024851829087491284e+00
-9.441204254499317994e-01
-6.561909970564103745e-01
-4.486376787720850468e-01
-3.315037964593341435e-01
-2.493889199175147453e-01
-1.818419469178542969e-01
-1.319626346986788046e-01
-8.579045020700271085e-02
-5.215418245514191753e-02
-3.671683751837531706e-02
-2.938295109552349627e-02
-3.529101893606012563e-02
-5.074034909658114989e-02
-8.135060066325042194e-02
-1.415031762041343566e-01
-2.269194151146449179e-01
-3.582575587003807849e-01
-5.861761054694003548e-01
-8.969929085276979741e-01
-1.001066010100139181e+00
-6.444725049650741333e-01
-1.020033382385107545e+00
-1.024868733901334039e+00
-9.441204254499320214e-01
-7.516043628446049674e-01
-5.630273349630685598e-01
-4.460395683448705739e-01
-3.689854348423138863e-01
-3.001080857267782731e-01
-2.419015141574797911e-01
-1.891042824513154974e-01
-1.319721122989894191e-01
-8.733490996032405862e-02
-6.173808055482127299e-02
-4.960401425686408738e-02
-5.074034909658092785e-02
-6.243488835232935408e-02
-8.850510970633448937e-02
-1.337005334276754609e-01
-2.024452965004547855e-01
-3.000484535785788998e-01
-4.451668642842006030e-01
-6.658743604671459870e-01
-8.969759194010886727e-01
-1.005593075338901521e+00
-7.609344462332710002e-01
-7.361313705939371843e-01
-6.561909970564105965e-01
-5.630273349630685598e-01
-4.869490334975753454e-01
-4.486376787720852133e-01
-4.136883911167650307e-01
-3.582252413040050709e-01
-3.013846721802523332e-01
-2.418899668463610486e-01
-1.818977339217537903e-01
-1.336256124860981664e-01
-9.989877216488204925e-02
-8.447974256459081510e-02
-8.135060066325044970e-02
-8.850510970633451713e-02
-1.116465446397360006e-01
-1.415031762041346342e-01
-1.866419906282655305e-01
-2.494219733536021666e-01
-3.279425314895394461e-01
-4.451916210629621729e-01
-5.861996892835847905e-01
-7.041830804624180651e-01
-4.494448325014769874e-01
-4.578842964533957893e-01
-4.486376787720851023e-01
-4.460395683448704629e-01
-4.486376787720853798e-01
-4.578842964533961224e-01
-4.494448325014770984e-01
-4.101919808396689016e-01
-3.582663089695887759e-01
-3.001130429375460373e-01
-2.493845878819970774e-01
-2.104141407362616900e-01
-1.737682751002676551e-01
-1.526142504499469754e-01
-1.415031762041346619e-01
-1.337005334276756552e-01
-1.415031762041347452e-01
-1.526142504499468366e-01
-1.737682751002678216e-01
-2.104141407362615790e-01
-2.493845878819967998e-01
-3.001130429375462039e-01
-3.582663089695887759e-01
-4.101919808396687905e-01
-2.782841957869638394e-01
-3.079237372524260552e-01
-3.315037964593341990e-01
-3.689854348423137198e-01
-4.136883911167650862e-01
-4.494448325014774315e-01
-4.643777948702361713e-01
-4.494976927295560865e-01
-4.136961910432563894e-01
-3.689352102967260461e-01
-3.314623169431915040e-01
-3.079102264645493525e-01
-2.782880322518107574e-01
-2.495748734561809290e-01
-2.269194151146453620e-01
-2.024452965004550076e-01
-1.866419906282656971e-01
-1.737682751002677939e-01
-1.650864554807170703e-01
-1.737176987160715669e-01
-1.866485554988092654e-01
-2.024212978547841324e-01
-2.268751677264728706e-01
-2.495834032224686361e-01
-1.737427883879323065e-01
-2.103886408150423826e-01
-2.493889199175147176e-01
-3.001080857267781621e-01
-3.582252413040051819e-01
-4.101919808396687905e-01
-4.494976927295559199e-01
-4.578512104434801500e-01
-4.485657594178434904e-01
-4.460181007581286439e-01
-4.486129389868162565e-01
-4.578653237011909294e-01
-4.494726030576950415e-01
-4.101660105644426846e-01
-3.582575587003812290e-01
-3.000484535785792328e-01
-2.494219733536021943e-01
-2.104141407362615790e-01
-1.737176987160715114e-01
-1.526401127062889385e-01
-1.414857228670609868e-01
-1.337180911102122671e-01
-1.414392793377992896e-01
-1.526774696450236557e-01
-9.990285934224052422e-02
-1.336136831056356222e-01
-1.818419469178541859e-01
-2.419015141574799022e-01
-3.013846721802523332e-01
-3.582663089695887204e-01
-4.136961910432558343e-01
-4.485657594178429908e-01
-4.869259070685059698e-01
-5.629820390396558238e-01
-6.561957381648120258e-01
-7.361094146880329259e-01
-7.610351599351904417e-01
-7.041516226360045039e-01
-5.861761054694006878e-01
-4.451668642842007695e-01
-3.279425314895392796e-01
-2.493845878819966333e-01
-1.866485554988092099e-01
-1.414857228670607647e-01
-1.116100253039506163e-01
-8.849686428502465119e-02
-8.123672042519267111e-02
-8.443184963787114805e-02
-6.171144006128115311e-02
-8.740600958002647802e-02
-1.319626346986788601e-01
-1.891042824513154974e-01
-2.418899668463609376e-01
-3.001130429375458708e-01
-3.689352102967259350e-01
-4.460181007581281443e-01
-5.629820390396551577e-01
-7.516189658170877586e-01
-9.441357877654015240e-01
-1.024822183486760574e+00
-1.020023804209122975e+00
-1.005630664025279231e+00
-8.969929085276981962e-01
-6.658743604671457650e-01
-4.451916210629619508e-01
-3.001130429375459818e-01
-2.024212978547839659e-01
-1.337180911102122949e-01
-8.849686428502465119e-02
-6.252980591389173393e-02
-5.079870524450746938e-02
-4.958681604769518692e-02
-3.674468542418252159e-02
-5.224663589064382219e-02
-8.579045020700301616e-02
-1.319721122989894746e-01
-1.818977339217538736e-01
-2.493845878819967443e-01
-3.314623169431913929e-01
-4.486129389868160899e-01
-6.561957381648118037e-01
-9.441357877654013020e-01
-1.024864987873588262e+00
-6.541043032041092831e-01
-3.532382013912327978e-01
-6.444742191892581795e-01
-1.001066010100139181e+00
-8.969759194010880066e-01
-5.861996892835846795e-01
-3.582663089695885539e-01
-2.268751677264725930e-01
-1.414392793377989566e-01
-8.123672042519264336e-02
-5.079870524450763591e-02
-3.536646567316162337e-02
-2.934081092655532741e-02
-1.885686485654677891e-02
-2.667326341066644790e-02
-5.215418245514197304e-02
-8.733490996032450271e-02
-1.336256124860985273e-01
-2.104141407362616900e-01
-3.079102264645492970e-01
-4.578653237011907073e-01
-7.361094146880324818e-01
-1.024822183486760574e+00
-6.541043032041098382e-01
6.955377721894074883e-01
1.567906200524994853e+00
6.998208373868344268e-01
-6.444725049650741333e-01
-1.005593075338901077e+00
-7.041830804624176210e-01
-4.101919808396685685e-01
-2.495834032224682475e-01
-1.526774696450231839e-01
-8.443184963787123132e-02
-4.958681604769524243e-02
-2.934081092655554945e-02
-1.729651785284119780e-02
-3.871458664507010372e-02
-3.671683751837545584e-02
-4.945895863199675779e-02
-7.870058991126543946e-02
-1.188351314398815028e-01
-1.866419906282656416e-01
-2.787365412038250723e-01
-4.136703385063172922e-01
-6.501875490656128243e-01
-9.537616100457515511e-01
-9.444378158316804051e-01
-3.532049414404775933e-01
7.689956751724014161e-02
-3.532359676026010087e-01
-9.444566381997534510e-01
-9.537387643474443122e-01
-6.502425861968594845e-01
-4.136883911167645866e-01
-2.787184058640143069e-01
-1.866744080357473634e-01
-1.188609301305640631e-01
-7.877312285954091164e-02
-4.944829832189928664e-02
-3.677794537493822569e-02
-3.671683751837534482e-02
-2.938295109552346851e-02
-3.529101893606004237e-02
-5.074034909658109438e-02
-8.135060066325042194e-02
-1.415031762041343566e-01
-2.269194151146449734e-01
-3.582575587003806739e-01
-5.861761054694003548e-01
-8.969929085276977521e-01
-1.001066010100139181e+00
-6.444725049650739113e-01
-3.532359676026008422e-01
-6.540823315691908224e-01
-1.024851829087491728e+00
-9.441204254499322435e-01
-6.561909970564105965e-01
-4.486376787720851578e-01
-3.315037964593340325e-01
-2.493889199175146343e-01
-1.818419469178542691e-01
-1.319626346986790266e-01
-8.579045020700296065e-02
-5.215418245514222284e-02
-4.945895863199667453e-02
-3.529101893605995910e-02
-3.685522210229280615e-02
-3.970251996389467797e-02
-5.995093024469008713e-02
-1.116465446397358618e-01
-1.883575470211347191e-01
-3.013702635777615879e-01
-4.817849180836595857e-01
-7.522505613273571257e-01
-9.882640061896177386e-01
-1.001063701280279883e+00
-9.444566381997533400e-01
-1.024851829087491284e+00
-1.038065362805811631e+00
-8.483885251527298887e-01
-6.283675768637165815e-01
-4.869490334975755119e-01
-3.981941708048681861e-01
-3.278972256247181249e-01
-2.600559242680146044e-01
-1.966781877746557605e-01
-1.365411927253065982e-01
-8.586454020886577498e-02
-7.870058991126516190e-02
-5.074034909658084458e-02
-3.970251996389445592e-02
-3.362299709322713603e-02
-4.901060178199040385e-02
-8.850510970633448937e-02
-1.515361751100402221e-01
-2.419384376829689376e-01
-3.626149997453718687e-01
-5.414292486816648653e-01
-7.522637232274599350e-01
-8.969799225922983066e-01
-9.537387643474446453e-01
-9.441204254499324655e-01
-8.483885251527299998e-01
-7.111138711398461432e-01
-6.140281713796378327e-01
-5.630273349630687818e-01
-5.132764787955159669e-01
-4.451858313431602543e-01
-3.626003639958311764e-01
-2.750162062390827389e-01
-1.965646682520088839e-01
-1.320099622703059528e-01
-1.188351314398813363e-01
-8.135060066325033867e-02
-5.995093024469019816e-02
-4.901060178199048711e-02
-5.995093024469003162e-02
-8.135060066325044970e-02
-1.188351314398814196e-01
-1.818464735418795775e-01
-2.600177929605809179e-01
-3.626279439820280226e-01
-4.817797191908024246e-01
-5.861365092101646912e-01
-6.502425861968599285e-01
-6.561909970564110406e-01
-6.283675768637166925e-01
-6.140281713796380547e-01
-6.283675768637166925e-01
-6.561909970564108185e-01
-6.502425861968598175e-01
-5.861365092101648022e-01
-4.817797191908023136e-01
-3.626279439820279116e-01
-2.600177929605808069e-01
-1.818464735418794664e-01
-1.866419906282654750e-01
-1.415031762041345509e-01
-1.116465446397359729e-01
-8.850510970633446162e-02
-8.135060066325047745e-02
-8.447974256459078735e-02
-9.989877216488227130e-02
-1.336256124860983885e-01
-1.818977339217538181e-01
-2.418899668463610486e-01
-3.013846721802524442e-01
-3.582252413040049044e-01
-4.136883911167649197e-01
-4.486376787720851578e-01
-4.869490334975754564e-01
-5.630273349630687818e-01
-6.561909970564108185e-01
-7.361313705939374064e-01
-7.609344462332705561e-01
-7.041830804624178430e-01
-5.861996892835845685e-01
-4.451916210629621729e-01
-3.279425314895392796e-01
-2.494219733536021666e-01
-2.787365412038251833e-01
-2.269194151146453065e-01
-1.883575470211349412e-01
-1.515361751100406940e-01
-1.188351314398814196e-01
-9.989877216488238232e-02
-9.432240967082947125e-02
-9.993583599881086799e-02
-1.188325221519134778e-01
-1.515595441387941889e-01
-1.884066751798766370e-01
-2.269119735565212070e-01
-2.787184058640144180e-01
-3.315037964593339770e-01
-3.981941708048679640e-01
-5.132764787955156338e-01
-6.502425861968598175e-01
-7.609344462332707781e-01
-8.052304275689758928e-01
-7.610021832786201257e-01
-6.502159570442638259e-01
-5.132479986533784455e-01
-3.982171921813922877e-01
-3.314255111131427789e-01
-4.136703385063175697e-01
-3.582575587003810624e-01
-3.013702635777615879e-01
-2.419384376829690764e-01
-1.818464735418796330e-01
-1.336256124860984162e-01
-9.993583599881089574e-02
-8.435208236128391435e-02
-8.128860484488098503e-02
-8.844031472282276596e-02
-1.116862538013842776e-01
-1.414631505146158041e-01
-1.866744080357474189e-01
-2.493889199175145788e-01
-3.278972256247180694e-01
-4.451858313431601433e-01
-5.861365092101649132e-01
-7.041830804624178430e-01
-7.610021832786200147e-01
-7.361457947577437766e-01
-6.561789233803343446e-01
-5.629826980174089668e-01
-4.869093930383844859e-01
-4.485927500039778026e-01
-6.501875490656134904e-01
-5.861761054694003548e-01
-4.817849180836595302e-01
-3.626149997453719243e-01
-2.600177929605808624e-01
-1.818977339217538458e-01
-1.188325221519133668e-01
-8.128860484488106830e-02
-5.996267029587279418e-02
-4.901771749055447436e-02
-5.992961328231080631e-02
-8.131741677485040953e-02
-1.188609301305638133e-01
-1.818419469178541303e-01
-2.600559242680144934e-01
-3.626003639958313984e-01
-4.817797191908023691e-01
-5.861996892835845685e-01
-6.502159570442636038e-01
-6.561789233803339005e-01
-6.283510780819192565e-01
-6.140115716594209960e-01
-6.283408048951899527e-01
-6.562294822684484608e-01
-9.537616100457516621e-01
-8.969929085276983072e-01
-7.522505613273570146e-01
-5.414292486816646433e-01
-3.626279439820279671e-01
-2.418899668463609931e-01
-1.515595441387939113e-01
-8.844031472282287698e-02
-4.901771749055461314e-02
-3.372013298817899685e-02
-3.967074522012836724e-02
-5.075610469185271034e-02
-7.877312285954068960e-02
-1.319626346986789156e-01
-1.966781877746557050e-01
-2.750162062390825168e-01
-3.626279439820278561e-01
-4.451916210629620618e-01
-5.132479986533782235e-01
-5.629826980174087447e-01
-6.140115716594206630e-01
-7.111510067238069333e-01
-8.483538193866326793e-01
-9.441365351555299767e-01
-9.444378158316800720e-01
-1.001066010100138737e+00
-9.882640061896177386e-01
-7.522637232274597130e-01
-4.817797191908023691e-01
-3.013846721802523887e-01
-1.884066751798764150e-01
-1.116862538013841388e-01
-5.992961328231113938e-02
-3.967074522012842275e-02
-3.673998318593152401e-02
-3.528430579972741121e-02
-4.944829832189889807e-02
-8.579045020700279411e-02
-1.365411927253064039e-01
-1.965646682520089950e-01
-2.600177929605807514e-01
-3.279425314895393351e-01
-3.982171921813922322e-01
-4.869093930383842639e-01
-6.283408048951899527e-01
-8.483538193866326793e-01
-1.038121050166220805e+00
-1.024875366565018764e+00
-3.532049414404772603e-01
-6.444725049650738002e-01
-1.001063701280280105e+00
-8.969799225922980845e-01
-5.861365092101646912e-01
-3.582252413040046823e-01
-2.269119735565209850e-01
-1.414631505146158319e-01
-8.131741677485046504e-02
-5.075610469185307116e-02
-3.528430579972754999e-02
-2.940469263036984970e-02
-3.677794537493805915e-02
-5.215418245514191753e-02
-8.586454020886594152e-02
-1.320099622703060083e-01
-1.818464735418796330e-01
-2.494219733536022776e-01
-3.314255111131428899e-01
-4.485927500039775806e-01
-6.562294822684482387e-01
-9.441365351555297547e-01
-1.024875366565018986e+00
-6.541345891599812390e-01
7.689956751724014161e-02
-3.532359676026010087e-01
-9.444566381997534510e-01
-9.537387643474443122e-01
-6.502425861968594845e-01
-4.136883911167645866e-01
-2.787184058640143069e-01
-1.866744080357473634e-01
-1.188609301305640631e-01
-7.877312285954091164e-02
-4.944829832189928664e-02
-3.677794537493822569e-02
-3.871458664507010372e-02
-3.671683751837545584e-02
-4.945895863199675779e-02
-7.870058991126543946e-02
-1.188351314398815028e-01
-1.866419906282656416e-01
-2.787365412038250723e-01
-4.136703385063172922e-01
-6.501875490656128243e-01
-9.537616100457515511e-01
-9.444378158316804051e-01
-3.532049414404775933e-01
-3.532359676026008422e-01
-6.540823315691908224e-01
-1.024851829087491728e+00
-9.441204254499322435e-01
-6.561909970564105965e-01
-4.486376787720851578e-01
-3.315037964593340325e-01
-2.493889199175146343e-01
-1.818419469178542691e-01
-1.319626346986790266e-01
-8.579045020700296065e-02
-5.215418245514222284e-02
-3.671683751837534482e-02
-2.938295109552346851e-02
-3.529101893606004237e-02
-5.074034909658109438e-02
-8.135060066325042194e-02
-1.415031762041343566e-01
-2.269194151146449734e-01
-3.582575587003806739e-01
-5.861761054694003548e-01
-8.969929085276977521e-01
-1.001066010100139181e+00
-6.444725049650739113e-01
-9.444566381997533400e-01
-1.024851829087491284e+00
-1.038065362805811631e+00
-8.483885251527298887e-01
-6.283675768637165815e-01
-4.869490334975755119e-01
-3.981941708048681861e-01
-3.278972256247181249e-01
-2.600559242680146044e-01
-1.966781877746557605e-01
-1.365411927253065982e-01
-8.586454020886577498e-02
-4.945895863199667453e-02
-3.529101893605995910e-02
-3.685522210229280615e-02
-3.970251996389467797e-02
-5.995093024469008713e-02
-1.116465446397358618e-01
-1.883575470211347191e-01
-3.013702635777615879e-01
-4.817849180836595857e-01
-7.522505613273571257e-01
-9.882640061896177386e-01
-1.001063701280279883e+00
-9.537387643474446453e-01
-9.441204254499324655e-01
-8.483885251527299998e-01
-7.111138711398461432e-01
-6.140281713796378327e-01
-5.630273349630687818e-01
-5.132764787955159669e-01
-4.451858313431602543e-01
-3.626003639958311764e-01
-2.750162062390827389e-01
-1.965646682520088839e-01
-1.320099622703059528e-01
-7.870058991126516190e-02
-5.074034909658084458e-02
-3.970251996389445592e-02
-3.362299709322713603e-02
-4.901060178199040385e-02
-8.850510970633448937e-02
-1.515361751100402221e-01
-2.419384376829689376e-01
-3.626149997453718687e-01
-5.414292486816648653e-01
-7.522637232274599350e-01
-8.969799225922983066e-01
-6.502425861968599285e-01
-6.561909970564110406e-01
-6.283675768637166925e-01
-6.140281713796380547e-01
-6.283675768637166925e-01
-6.561909970564108185e-01
-6.502425861968598175e-01
-5.861365092101648022e-01
-4.817797191908023136e-01
-3.626279439820279116e-01
-2.600177929605808069e-01
-1.818464735418794664e-01
-1.188351314398813363e-01
-8.135060066325033867e-02
-5.995093024469019816e-02
-4.901060178199048711e-02
-5.995093024469003162e-02
-8.135060066325044970e-02
-1.188351314398814196e-01
-1.818464735418795775e-01
-2.600177929605809179e-01
-3.626279439820280226e-01
-4.817797191908024246e-01
-5.861365092101646912e-01
-4.136883911167649197e-01
-4.486376787720851578e-01
-4.869490334975754564e-01
-5.630273349630687818e-01
-6.561909970564108185e-01
-7.361313705939374064e-01
-7.609344462332705561e-01
-7.041830804624178430e-01
-5.861996892835845685e-01
-4.451916210629621729e-01
-3.279425314895392796e-01
-2.494219733536021666e-01
-1.866419906282654750e-01
-1.415031762041345509e-01
-1.116465446397359729e-01
-8.850510970633446162e-02
-8.135060066325047745e-02
-8.447974256459078735e-02
-9.989877216488227130e-02
-1.336256124860983885e-01
-1.818977339217538181e-01
-2.418899668463610486e-01
-3.013846721802524442e-01
-3.582252413040049044e-01
-2.787184058640144180e-01
-3.315037964593339770e-01
-3.981941708048679640e-01
-5.132764787955156338e-01
-6.502425861968598175e-01
-7.609344462332707781e-01
-8.052304275689758928e-01
-7.610021832786201257e-01
-6.502159570442638259e-01
-5.132479986533784455e-01
-3.982171921813922877e-01
-3.314255111131427789e-01
-2.787365412038251833e-01
-2.269194151146453065e-01
-1.883575470211349412e-01
-1.515361751100406940e-01
-1.188351314398814196e-01
-9.989877216488238232e-02
-9.432240967082947125e-02
-9.993583599881086799e-02
-1.188325221519134778e-01
-1.515595441387941889e-01
-1.884066751798766370e-01
-2.269119735565212070e-01
-1.866744080357474189e-01
-2.493889199175145788e-01
-3.278972256247180694e-01
-4.451858313431601433e-01
-5.861365092101649132e-01
-7.041830804624178430e-01
-7.610021832786200147e-01
-7.361457947577437766e-01
-6.561789233803343446e-01
-5.629826980174089668e-01
-4.869093930383844859e-01
-4.485927500039778026e-01
-4.136703385063175697e-01
-3.582575587003810624e-01
-3.013702635777615879e-01
-2.419384376829690764e-01
-1.818464735418796330e-01
-1.336256124860984162e-01
-9.993583599881089574e-02
-8.435208236128391435e-02
-8.128860484488098503e-02
-8.844031472282276596e-02
-1.116862538013842776e-01
-1.414631505146158041e-01
-1.188609301305638133e-01
-1.818419469178541303e-01
-2.600559242680144934e-01
-3.626003639958313984e-01
-4.817797191908023691e-01
-5.861996892835845685e-01
-6.502159570442636038e-01
-6.561789233803339005e-01
-6.283510780819192565e-01
-6.140115716594209960e-01
-6.283408048951899527e-01
-6.562294822684484608e-01
-6.501875490656134904e-01
-5.861761054694003548e-01
-4.817849180836595302e-01
-3.626149997453719243e-01
-2.600177929605808624e-01
-1.818977339217538458e-01
-1.188325221519133668e-01
-8.128860484488106830e-02
-5.996267029587279418e-02
-4.901771749055447436e-02
-5.992961328231080631e-02
-8.131741677485040953e-02
-7.877312285954068960e-02
-1.319626346986789156e-01
-1.966781877746557050e-01
-2.750162062390825168e-01
-3.626279439820278561e-01
-4.451916210629620618e-01
-5.132479986533782235e-01
-5.629826980174087447e-01
-6.140115716594206630e-01
-7.111510067238069333e-01
-8.483538193866326793e-01
-9.441365351555299767e-01
-9.537616100457516621e-01
-8.969929085276983072e-01
-7.522505613273570146e-01
-5.414292486816646433e-01
-3.626279439820279671e-01
-2.418899668463609931e-01
-1.515595441387939113e-01
-8.844031472282287698e-02
-4.901771749055461314e-02
-3.372013298817899685e-02
-3.967074522012836724e-02
-5.075610469185271034e-02
-4.944829832189889807e-02
-8.579045020700279411e-02
-1.365411927253064039e-01
-1.965646682520089950e-01
-2.600177929605807514e-01
-3.279425314895393351e-01
-3.982171921813922322e-01
-4.869093930383842639e-01
-6.283408048951899527e-01
-8.483538193866326793e-01
-1.038121050166220805e+00
-1.024875366565018764e+00
-9.444378158316800720e-01
-1.001066010100138737e+00
-9.882640061896177386e-01
-7.522637232274597130e-01
-4.817797191908023691e-01
-3.013846721802523887e-01
-1.884066751798764150e-01
-1.116862538013841388e-01
-5.992961328231113938e-02
-3.967074522012842275e-02
-3.673998318593152401e-02
-3.528430579972741121e-02
-3.677794537493805915e-02
-5.215418245514191753e-02
-8.586454020886594152e-02
-1.320099622703060083e-01
-1.818464735418796330e-01
-2.494219733536022776e-01
-3.314255111131428899e-01
-4.485927500039775806e-01
-6.562294822684482387e-01
-9.441365351555297547e-01
-1.024875366565018986e+00
-6.541345891599812390e-01
-3.532049414404772603e-01
-6.444725049650738002e-01
-1.001063701280280105e+00
-8.969799225922980845e-01
-5.861365092101646912e-01
-3.582252413040046823e-01
-2.269119735565209850e-01
-1.414631505146158319e-01
-8.131741677485046504e-02
-5.075610469185307116e-02
-3.528430579972754999e-02
-2.940469263036984970e-02
-6.087675010806931075e-02
-6.173808055482160606e-02
-7.870058991126530068e-02
-1.136309141471290030e-01
-1.515361751100405274e-01
-2.024452965004547578e-01
-2.759285549351304656e-01
-3.689389456711177351e-01
-5.132959518874948834e-01
-7.387765681810634089e-01
-9.537928336987107070e-01
-1.020040299616463031e+00
-1.003777786309029363e+00
-1.020033382385107323e+00
-9.537387643474442012e-01
-7.387454505374408953e-01
-5.132764787955155228e-01
-3.689854348423134978e-01
-2.759590623814452970e-01
-2.024175624803919993e-01
-1.515115909046773346e-01
-1.136496176256579227e-01
-7.874189920658178354e-02
-6.169494465394104177e-02
-6.173808055482166157e-02
-4.960401425686428167e-02
-5.074034909658090009e-02
-6.243488835232940959e-02
-8.850510970633426733e-02
-1.337005334276753221e-01
-2.024452965004547023e-01
-3.000484535785788998e-01
-4.451668642842007140e-01
-6.658743604671457650e-01
-8.969759194010884507e-01
-1.005593075338901077e+00
-1.020033382385107323e+00
-1.024868733901334039e+00
-9.441204254499323545e-01
-7.516043628446056335e-01
-5.630273349630686708e-01
-4.460395683448703519e-01
-3.689854348423136088e-01
-3.001080857267781621e-01
-2.419015141574797911e-01
-1.891042824513156917e-01
-1.319721122989895024e-01
-8.733490996032450271e-02
-7.870058991126527292e-02
-5.074034909658092785e-02
-3.970251996389453919e-02
-3.362299709322702501e-02
-4.901060178199037609e-02
-8.850510970633437835e-02
-1.515361751100403331e-01
-2.419384376829690764e-01
-3.626149997453719243e-01
-5.414292486816648653e-01
-7.522637232274599350e-01
-8.969799225922983066e-01
-9.537387643474442012e-01
-9.441204254499323545e-01
-8.483885251527301108e-01
-7.111138711398464762e-01
-6.140281713796378327e-01
-5.630273349630687818e-01
-5.132764787955156338e-01
-4.451858313431600322e-01
-3.626003639958311209e-01
-2.750162062390827389e-01
-1.965646682520090227e-01
-1.320099622703059250e-01
-1.136309141471287532e-01
-6.243488835232921530e-02
-3.362299709322708052e-02
-2.064728742402271999e-02
-3.362299709322713603e-02
-6.243488835232924306e-02
-1.136309141471288364e-01
-1.890924636989083640e-01
-2.750708960847586537e-01
-3.929096824076657724e-01
-5.414540024965662779e-01
-6.659092204373202595e-01
-7.387454505374411173e-01
-7.516043628446054115e-01
-7.111138711398464762e-01
-6.821029268535354628e-01
-7.111138711398463652e-01
-7.516043628446051894e-01
-7.387454505374411173e-01
-6.659092204373203705e-01
-5.414540024965661669e-01
-3.929096824076657168e-01
-2.750708960847586537e-01
-1.890924636989083085e-01
-1.515361751100402776e-01
-8.850510970633437835e-02
-4.901060178199034834e-02
-3.362299709322708052e-02
-3.970251996389456695e-02
-5.074034909658103887e-02
-7.870058991126538395e-02
-1.320099622703059528e-01
-1.965646682520091060e-01
-2.750162062390827389e-01
-3.626003639958312319e-01
-4.451858313431601433e-01
-5.132764787955156338e-01
-5.630273349630687818e-01
-6.140281713796378327e-01
-7.111138711398464762e-01
-8.483885251527301108e-01
-9.441204254499322435e-01
-9.537387643474439791e-01
-8.969799225922981956e-01
-7.522637232274600461e-01
-5.414292486816647543e-01
-3.626149997453719243e-01
-2.419384376829690764e-01
-2.024452965004547300e-01
-1.337005334276753776e-01
-8.850510970633432284e-02
-6.243488835232940959e-02
-5.074034909658090009e-02
-4.960401425686430943e-02
-6.173808055482171708e-02
-8.733490996032464149e-02
-1.319721122989895579e-01
-1.891042824513157472e-01
-2.419015141574797911e-01
-3.001080857267782176e-01
-3.689854348423136088e-01
-4.460395683448703519e-01
-5.630273349630686708e-01
-7.516043628446056335e-01
-9.441204254499322435e-01
-1.024868733901334039e+00
-1.020033382385107323e+00
-1.005593075338901077e+00
-8.969759194010882286e-01
-6.658743604671457650e-01
-4.451668642842006030e-01
-3.000484535785788998e-01
-2.759285549351305766e-01
-2.024452965004547855e-01
-1.515361751100405552e-01
-1.136309141471290307e-01
-7.870058991126538395e-02
-6.173808055482155055e-02
-6.087675010806928300e-02
-6.169494465394109728e-02
-7.874189920658186681e-02
-1.136496176256579504e-01
-1.515115909046773623e-01
-2.024175624803919715e-01
-2.759590623814452970e-01
-3.689854348423134422e-01
-5.132764787955154118e-01
-7.387454505374407843e-01
-9.537387643474442012e-01
-1.020033382385107323e+00
-1.003777786309029363e+00
-1.020040299616462809e+00
-9.537928336987107070e-01
-7.387765681810634089e-01
-5.132959518874948834e-01
-3.689389456711176241e-01
-3.689389456711179571e-01
-3.000484535785790108e-01
-2.419384376829689376e-01
-1.890924636989082808e-01
-1.320099622703057862e-01
-8.733490996032444720e-02
-6.169494465394093075e-02
-4.964609663831354158e-02
-5.078016919367187021e-02
-6.247877527176770585e-02
-8.849201159024264185e-02
-1.337500790464223599e-01
-2.024175624803918883e-01
-3.001080857267779400e-01
-4.451858313431601433e-01
-6.659092204373203705e-01
-8.969799225922980845e-01
-1.005593075338901077e+00
-1.020040299616463031e+00
-1.024871591202222154e+00
-9.441199821800099201e-01
-7.516469552414446476e-01
-5.629442106176313354e-01
-4.460556593916529255e-01
-5.132959518874949945e-01
-4.451668642842008250e-01
-3.626149997453717577e-01
-2.750708960847587092e-01
-1.965646682520090227e-01
-1.319721122989894191e-01
-7.874189920658170028e-02
-5.078016919367189796e-02
-3.975912572371231857e-02
-3.365100590692587934e-02
-4.903487036326173443e-02
-8.849201159024264185e-02
-1.515115909046771125e-01
-2.419015141574796801e-01
-3.626003639958312874e-01
-5.414540024965662779e-01
-7.522637232274598240e-01
-8.969759194010885617e-01
-9.537928336987104849e-01
-9.441199821800101422e-01
-8.483657965055926287e-01
-7.111406901444827788e-01
-6.140349430095659589e-01
-5.629442106176312244e-01
-7.387765681810636309e-01
-6.658743604671457650e-01
-5.414292486816647543e-01
-3.929096824076657724e-01
-2.750162062390826834e-01
-1.891042824513156084e-01
-1.136496176256575341e-01
-6.247877527176765033e-02
-3.365100590692571281e-02
-2.054364523027668588e-02
-3.365100590692582383e-02
-6.247877527176776136e-02
-1.136496176256575064e-01
-1.891042824513156084e-01
-2.750162062390825168e-01
-3.929096824076657168e-01
-5.414292486816646433e-01
-6.658743604671456540e-01
-7.387765681810636309e-01
-7.516469552414445365e-01
-7.111406901444827788e-01
-6.819997249466003275e-01
-7.111406901444826678e-01
-7.516469552414446476e-01
-9.537928336987107070e-01
-8.969759194010885617e-01
-7.522637232274600461e-01
-5.414540024965663889e-01
-3.626003639958313429e-01
-2.419015141574797356e-01
-1.515115909046771125e-01
-8.849201159024264185e-02
-4.903487036326165116e-02
-3.365100590692571281e-02
-3.975912572371231857e-02
-5.078016919367198123e-02
-7.874189920658164477e-02
-1.319721122989893913e-01
-1.965646682520089950e-01
-2.750708960847585427e-01
-3.626149997453717022e-01
-4.451668642842008250e-01
-5.132959518874948834e-01
-5.629442106176312244e-01
-6.140349430095659589e-01
-7.111406901444827788e-01
-8.483657965055926287e-01
-9.441199821800100311e-01
-1.020040299616462809e+00
-1.005593075338901077e+00
-8.969799225922978625e-01
-6.659092204373204815e-01
-4.451858313431601433e-01
-3.001080857267779400e-01
-2.024175624803919438e-01
-1.337500790464223044e-01
-8.849201159024269736e-02
-6.247877527176759482e-02
-5.078016919367175919e-02
-4.964609663831359709e-02
-6.169494465394098626e-02
-8.733490996032441944e-02
-1.320099622703057307e-01
-1.890924636989082253e-01
-2.419384376829688543e-01
-3.000484535785789553e-01
-3.689389456711180126e-01
-4.460556593916528700e-01
-5.629442106176313354e-01
-7.516469552414446476e-01
-9.441199821800101422e-01
-1.024871591202222376e+00
-1.003777786309029363e+00
-1.020033382385107323e+00
-9.537387643474442012e-01
-7.387454505374408953e-01
-5.132764787955155228e-01
-3.689854348423134978e-01
-2.759590623814452970e-01
-2.024175624803919993e-01
-1.515115909046773346e-01
-1.136496176256579227e-01
-7.874189920658178354e-02
-6.169494465394104177e-02
-6.087675010806931075e-02
-6.173808055482160606e-02
-7.870058991126530068e-02
-1.136309141471290030e-01
-1.515361751100405274e-01
-2.024452965004547578e-01
-2.759285549351304656e-01
-3.689389456711177351e-01
-5.132959518874948834e-01
-7.387765681810634089e-01
-9.537928336987107070e-01
-1.020040299616463031e+00
-1.020033382385107323e+00
-1.024868733901334039e+00
-9.441204254499323545e-01
-7.516043628446056335e-01
-5.630273349630686708e-01
-4.460395683448703519e-01
-3.689854348423136088e-01
-3.001080857267781621e-01
-2.419015141574797911e-01
-1.891042824513156917e-01
-1.319721122989895024e-01
-8.733490996032450271e-02
-6.173808055482166157e-02
-4.960401425686428167e-02
-5.074034909658090009e-02
-6.243488835232940959e-02
-8.850510970633426733e-02
-1.337005334276753221e-01
-2.024452965004547023e-01
-3.000484535785788998e-01
-4.451668642842007140e-01
-6.658743604671457650e-01
-8.969759194010884507e-01
-1.005593075338901077e+00
-9.537387643474442012e-01
-9.441204254499323545e-01
-8.483885251527301108e-01
-7.111138711398464762e-01
-6.140281713796378327e-01
-5.630273349630687818e-01
-5.132764787955156338e-01
-4.451858313431600322e-01
-3.626003639958311209e-01
-2.750162062390827389e-01
-1.965646682520090227e-01
-1.320099622703059250e-01
-7.870058991126527292e-02
-5.074034909658092785e-02
-3.970251996389453919e-02
-3.362299709322702501e-02
-4.901060178199037609e-02
-8.850510970633437835e-02
-1.515361751100403331e-01
-2.419384376829690764e-01
-3.626149997453719243e-01
-5.414292486816648653e-01
-7.522637232274599350e-01
-8.969799225922983066e-01
-7.387454505374411173e-01
-7.516043628446054115e-01
-7.111138711398464762e-01
-6.821029268535354628e-01
-7.111138711398463652e-01
-7.516043628446051894e-01
-7.387454505374411173e-01
-6.659092204373203705e-01
-5.414540024965661669e-01
-3.929096824076657168e-01
-2.750708960847586537e-01
-1.890924636989083085e-01
-1.136309141471287532e-01
-6.243488835232921530e-02
-3.362299709322708052e-02
-2.064728742402271999e-02
-3.362299709322713603e-02
-6.243488835232924306e-02
-1.136309141471288364e-01
-1.890924636989083640e-01
-2.750708960847586537e-01
-3.929096824076657724e-01
-5.414540024965662779e-01
-6.659092204373202595e-01
-5.132764787955156338e-01
-5.630273349630687818e-01
-6.140281713796378327e-01
-7.111138711398464762e-01
-8.483885251527301108e-01
-9.441204254499322435e-01
-9.537387643474439791e-01
-8.969799225922981956e-01
-7.522637232274600461e-01
-5.414292486816647543e-01
-3.626149997453719243e-01
-2.419384376829690764e-01
-1.515361751100402776e-01
-8.850510970633437835e-02
-4.901060178199034834e-02
-3.362299709322708052e-02
-3.970251996389456695e-02
-5.074034909658103887e-02
-7.870058991126538395e-02
-1.320099622703059528e-01
-1.965646682520091060e-01
-2.750162062390827389e-01
-3.626003639958312319e-01
-4.451858313431601433e-01
-3.689854348423136088e-01
-4.460395683448703519e-01
-5.630273349630686708e-01
-7.516043628446056335e-01
-9.441204254499322435e-01
-1.024868733901334039e+00
-1.020033382385107323e+00
-1.005593075338901077e+00
-8.969759194010882286e-01
-6.658743604671457650e-01
-4.451668642842006030e-01
-3.000484535785788998e-01
-2.024452965004547300e-01
-1.337005334276753776e-01
-8.850510970633432284e-02
-6.243488835232940959e-02
-5.074034909658090009e-02
-4.960401425686430943e-02
-6.173808055482171708e-02
-8.733490996032464149e-02
-1.319721122989895579e-01
-1.891042824513157472e-01
-2.419015141574797911e-01
-3.001080857267782176e-01
-2.759590623814452970e-01
-3.689854348423134422e-01
-5.132764787955154118e-01
-7.387454505374407843e-01
-9.537387643474442012e-01
-1.020033382385107323e+00
-1.003777786309029363e+00
-1.020040299616462809e+00
-9.537928336987107070e-01
-7.387765681810634089e-01
-5.132959518874948834e-01
-3.689389456711176241e-01
-2.759285549351305766e-01
-2.024452965004547855e-01
-1.515361751100405552e-01
-1.136309141471290307e-01
-7.870058991126538395e-02
-6.173808055482155055e-02
-6.087675010806928300e-02
-6.169494465394109728e-02
-7.874189920658186681e-02
-1.136496176256579504e-01
-1.515115909046773623e-01
-2.024175624803919715e-01
-2.024175624803918883e-01
-3.001080857267779400e-01
-4.451858313431601433e-01
-6.659092204373203705e-01
-8.969799225922980845e-01
-1.005593075338901077e+00
-1.020040299616463031e+00
-1.024871591202222154e+00
-9.441199821800099201e-01
-7.516469552414446476e-01
-5.629442106176313354e-01
-4.460556593916529255e-01
-3.689389456711179571e-01
-3.000484535785790108e-01
-2.419384376829689376e-01
-1.890924636989082808e-01
-1.320099622703057862e-01
-8.733490996032444720e-02
-6.169494465394093075e-02
-4.964609663831354158e-02
-5.078016919367187021e-02
-6.247877527176770585e-02
-8.849201159024264185e-02
-1.337500790464223599e-01
-1.515115909046771125e-01
-2.419015141574796801e-01
-3.626003639958312874e-01
-5.414540024965662779e-01
-7.522637232274598240e-01
-8.969759194010885617e-01
-9.537928336987104849e-01
-9.441199821800101422e-01
-8.483657965055926287e-01
-7.111406901444827788e-01
-6.140349430095659589e-01
-5.629442106176312244e-01
-5.132959518874949945e-01
-4.451668642842008250e-01
-3.626149997453717577e-01
-2.750708960847587092e-01
-1.965646682520090227e-01
-1.319721122989894191e-01
-7.874189920658170028e-02
-5.078016919367189796e-02
-3.975912572371231857e-02
-3.365100590692587934e-02
-4.903487036326173443e-02
-8.849201159024264185e-02
-1.136496176256575064e-01
-1.891042824513156084e-01
-2.750162062390825168e-01
-3.929096824076657168e-01
-5.414292486816646433e-01
-6.658743604671456540e-01
-7.387765681810636309e-01
-7.516469552414445365e-01
-7.111406901444827788e-01
-6.819997249466003275e-01
-7.111406901444826678e-01
-7.516469552414446476e-01
-7.387765681810636309e-01
-6.658743604671457650e-01
-5.414292486816647543e-01
-3.929096824076657724e-01
-2.750162062390826834e-01
-1.891042824513156084e-01
-1.136496176256575341e-01
-6.247877527176765033e-02
-3.365100590692571281e-02
-2.054364523027668588e-02
-3.365100590692582383e-02
-6.247877527176776136e-02
-7.874189920658164477e-02
-1.319721122989893913e-01
-1.965646682520089950e-01
-2.750708960847585427e-01
-3.626149997453717022e-01
-4.451668642842008250e-01
-5.132959518874948834e-01
-5.629442106176312244e-01
-6.140349430095659589e-01
-7.111406901444827788e-01
-8.483657965055926287e-01
-9.441199821800100311e-01
-9.537928336987107070e-01
-8.969759194010885617e-01
-7.522637232274600461e-01
-5.414540024965663889e-01
-3.626003639958313429e-01
-2.419015141574797356e-01
-1.515115909046771125e-01
-8.849201159024264185e-02
-4.903487036326165116e-02
-3.365100590692571281e-02
-3.975912572371231857e-02
-5.078016919367198123e-02
-6.169494465394098626e-02
-8.733490996032441944e-02
-1.320099622703057307e-01
-1.890924636989082253e-01
-2.419384376829688543e-01
-3.000484535785789553e-01
-3.689389456711180126e-01
-4.460556593916528700e-01
-5.629442106176313354e-01
-7.516469552414446476e-01
-9.441199821800101422e-01
-1.024871591202222376e+00
-1.020040299616462809e+00
-1.005593075338901077e+00
-8.969799225922978625e-01
-6.659092204373204815e-01
-4.451858313431601433e-01
-3.001080857267779400e-01
-2.024175624803919438e-01
-1.337500790464223044e-01
-8.849201159024269736e-02
-6.247877527176759482e-02
-5.078016919367175919e-02
-4.964609663831359709e-02
-9.432240967082927696e-02
-9.989877216488221578e-02
-1.188351314398814473e-01
-1.515361751100404997e-01
-1.883575470211348857e-01
-2.269194151146452509e-01
-2.787365412038251833e-01
-3.314255111131428344e-01
-3.982171921813923987e-01
-5.132479986533783345e-01
-6.502159570442638259e-01
-7.610021832786203477e-01
-8.052304275689758928e-01
-7.609344462332707781e-01
-6.502425861968597065e-01
-5.132764787955158559e-01
-3.981941708048680750e-01
-3.315037964593340325e-01
-2.787184058640144180e-01
-2.269119735565212070e-01
-1.884066751798764983e-01
-1.515595441387940778e-01
-1.188325221519134223e-01
-9.993583599881075696e-02
-9.989877216488216027e-02
-8.447974256459081510e-02
-8.135060066325039418e-02
-8.850510970633451713e-02
-1.116465446397358341e-01
-1.415031762041345231e-01
-1.866419906282654750e-01
-2.494219733536021666e-01
-3.279425314895394461e-01
-4.451916210629622284e-01
-5.861996892835845685e-01
-7.041830804624179541e-01
-7.609344462332706671e-01
-7.361313705939374064e-01
-6.561909970564108185e-01
-5.630273349630685598e-01
-4.869490334975756229e-01
-4.486376787720851578e-01
-4.136883911167649197e-01
-3.582252413040048489e-01
-3.013846721802523332e-01
-2.418899668463609653e-01
-1.818977339217537903e-01
-1.336256124860983607e-01
-1.188351314398813918e-01
-8.135060066325039418e-02
-5.995093024469003162e-02
-4.901060178199040385e-02
-5.995093024469019816e-02
-8.135060066325033867e-02
-1.188351314398813363e-01
-1.818464735418794942e-01
-2.600177929605809179e-01
-3.626279439820279671e-01
-4.817797191908024246e-01
-5.861365092101649132e-01
-6.502425861968598175e-01
-6.561909970564110406e-01
-6.283675768637166925e-01
-6.140281713796380547e-01
-6.283675768637164705e-01
-6.561909970564109296e-01
-6.502425861968599285e-01
-5.861365092101646912e-01
-4.817797191908023691e-01
-3.626279439820279671e-01
-2.600177929605808069e-01
-1.818464735418795775e-01
-1.515361751100402221e-01
-8.850510970633446162e-02
-4.901060178199048711e-02
-3.362299709322713603e-02
-3.970251996389448368e-02
-5.074034909658090009e-02
-7.870058991126516190e-02
-1.320099622703059805e-01
-1.965646682520088839e-01
-2.750162062390828499e-01
-3.626003639958312874e-01
-4.451858313431603653e-01
-5.132764787955157448e-01
-5.630273349630687818e-01
-6.140281713796378327e-01
-7.111138711398463652e-01
-8.483885251527298887e-01
-9.441204254499322435e-01
-9.537387643474445342e-01
-8.969799225922980845e-01
-7.522637232274598240e-01
-5.414292486816647543e-01
-3.626149997453718687e-01
-2.419384376829689098e-01
-1.883575470211346636e-01
-1.116465446397359174e-01
-5.995093024469017040e-02
-3.970251996389473348e-02
-3.685522210229286166e-02
-3.529101893606007012e-02
-4.945895863199661902e-02
-8.586454020886585825e-02
-1.365411927253064872e-01
-1.966781877746558160e-01
-2.600559242680146599e-01
-3.278972256247181805e-01
-3.981941708048682416e-01
-4.869490334975754564e-01
-6.283675768637164705e-01
-8.483885251527298887e-01
-1.038065362805811409e+00
-1.024851829087491062e+00
-9.444566381997532289e-01
-1.001063701280279883e+00
-9.882640061896178496e-01
-7.522505613273572367e-01
-4.817849180836596412e-01
-3.013702635777616434e-01
-2.269194151146450011e-01
-1.415031762041343011e-01
-8.135060066325047745e-02
-5.074034909658112213e-02
-3.529101893606018114e-02
-2.938295109552355178e-02
-3.671683751837534482e-02
-5.215418245514225060e-02
-8.579045020700301616e-02
-1.319626346986789711e-01
-1.818419469178542969e-01
-2.493889199175146620e-01
-3.315037964593340325e-01
-4.486376787720851023e-01
-6.561909970564105965e-01
-9.441204254499322435e-01
-1.024851829087491506e+00
-6.540823315691908224e-01
-3.532359676026007866e-01
-6.444725049650739113e-01
-1.001066010100139181e+00
-8.969929085276977521e-01
-5.861761054694003548e-01
-3.582575587003807294e-01
-2.787365412038251278e-01
-1.866419906282656693e-01
-1.188351314398815028e-01
-7.870058991126543946e-02
-4.945895863199673004e-02
-3.671683751837556686e-02
-3.871458664507010372e-02
-3.677794537493819793e-02
-4.944829832189931440e-02
-7.877312285954102267e-02
-1.188609301305640076e-01
-1.866744080357474189e-01
-2.787184058640143069e-01
-4.136883911167645311e-01
-6.502425861968594845e-01
-9.537387643474442012e-01
-9.444566381997534510e-01
-3.532359676026012307e-01
7.689956751724019712e-02
-3.532049414404774823e-01
-9.444378158316801830e-01
-9.537616100457514401e-01
-6.501875490656128243e-01
-4.136703385063173477e-01
-3.314255111131429454e-01
-2.494219733536023331e-01
-1.818464735418796607e-01
-1.320099622703060360e-01
-8.586454020886594152e-02
-5.215418245514191753e-02
-3.677794537493811466e-02
-2.940469263036987746e-02
-3.528430579972746672e-02
-5.075610469185309892e-02
-8.131741677485060382e-02
-1.414631505146157486e-01
-2.269119735565210405e-01
-3.582252413040046823e-01
-5.861365092101644692e-01
-8.969799225922978625e-01
-1.001063701280279883e+00
-6.444725049650736892e-01
-3.532049414404773158e-01
-6.541345891599812390e-01
-1.024875366565018764e+00
-9.441365351555295327e-01
-6.562294822684482387e-01
-4.485927500039776916e-01
-3.982171921813923432e-01
-3.279425314895393906e-01
-2.600177929605808069e-01
-1.965646682520090505e-01
-1.365411927253064317e-01
-8.579045020700279411e-02
-4.944829832189892582e-02
-3.528430579972727243e-02
-3.673998318593152401e-02
-3.967074522012833948e-02
-5.992961328231119489e-02
-1.116862538013841943e-01
-1.884066751798763040e-01
-3.013846721802523887e-01
-4.817797191908023136e-01
-7.522637232274597130e-01
-9.882640061896177386e-01
-1.001066010100138737e+00
-9.444378158316799610e-01
-1.024875366565018764e+00
-1.038121050166220805e+00
-8.483538193866326793e-01
-6.283408048951898417e-01
-4.869093930383841529e-01
-5.132479986533782235e-01
-4.451916210629622284e-01
-3.626279439820278561e-01
-2.750162062390826279e-01
-1.966781877746557328e-01
-1.319626346986788046e-01
-7.877312285954063409e-02
-5.075610469185268259e-02
-3.967074522012817295e-02
-3.372013298817910787e-02
-4.901771749055447436e-02
-8.844031472282290474e-02
-1.515595441387939113e-01
-2.418899668463608821e-01
-3.626279439820279116e-01
-5.414292486816645322e-01
-7.522505613273571257e-01
-8.969929085276983072e-01
-9.537616100457515511e-01
-9.441365351555299767e-01
-8.483538193866329014e-01
-7.111510067238069333e-01
-6.140115716594207740e-01
-5.629826980174086337e-01
-6.502159570442636038e-01
-5.861996892835845685e-01
-4.817797191908025356e-01
-3.626003639958313429e-01
-2.600559242680144934e-01
-1.818419469178541859e-01
-1.188609301305637578e-01
-8.131741677485035402e-02
-5.992961328231086182e-02
-4.901771749055441885e-02
-5.996267029587276642e-02
-8.128860484488092952e-02
-1.188325221519134500e-01
-1.818977339217537903e-01
-2.600177929605808069e-01
-3.626149997453718687e-01
-4.817849180836595302e-01
-5.861761054694005768e-01
-6.501875490656134904e-01
-6.562294822684484608e-01
-6.283408048951900637e-01
-6.140115716594209960e-01
-6.283510780819192565e-01
-6.561789233803339005e-01
-7.610021832786200147e-01
-7.041830804624177320e-01
-5.861365092101649132e-01
-4.451858313431601433e-01
-3.278972256247180694e-01
-2.493889199175145233e-01
-1.866744080357474189e-01
-1.414631505146156376e-01
-1.116862538013841666e-01
-8.844031472282276596e-02
-8.128860484488098503e-02
-8.435208236128391435e-02
-9.993583599881072921e-02
-1.336256124860984162e-01
-1.818464735418794942e-01
-2.419384376829689931e-01
-3.013702635777615324e-01
-3.582575587003811179e-01
-4.136703385063176808e-01
-4.485927500039778026e-01
-4.869093930383845414e-01
-5.629826980174089668e-01
-6.561789233803343446e-01
-7.361457947577438876e-01
-8.052304275689758928e-01
-7.609344462332707781e-01
-6.502425861968597065e-01
-5.132764787955158559e-01
-3.981941708048680750e-01
-3.315037964593340325e-01
-2.787184058640144180e-01
-2.269119735565212070e-01
-1.884066751798764983e-01
-1.515595441387940778e-01
-1.188325221519134223e-01
-9.993583599881075696e-02
-9.432240967082927696e-02
-9.989877216488221578e-02
-1.188351314398814473e-01
-1.515361751100404997e-01
-1.883575470211348857e-01
-2.269194151146452509e-01
-2.787365412038251833e-01
-3.314255111131428344e-01
-3.982171921813923987e-01
-5.132479986533783345e-01
-6.502159570442638259e-01
-7.610021832786203477e-01
-7.609344462332706671e-01
-7.361313705939374064e-01
-6.561909970564108185e-01
-5.630273349630685598e-01
-4.869490334975756229e-01
-4.486376787720851578e-01
-4.136883911167649197e-01
-3.582252413040048489e-01
-3.013846721802523332e-01
-2.418899668463609653e-01
-1.818977339217537903e-01
-1.336256124860983607e-01
-9.989877216488216027e-02
-8.447974256459081510e-02
-8.135060066325039418e-02
-8.850510970633451713e-02
-1.116465446397358341e-01
-1.415031762041345231e-01
-1.866419906282654750e-01
-2.494219733536021666e-01
-3.279425314895394461e-01
-4.451916210629622284e-01
-5.861996892835845685e-01
-7.041830804624179541e-01
-6.502425861968598175e-01
-6.561909970564110406e-01
-6.283675768637166925e-01
-6.140281713796380547e-01
-6.283675768637164705e-01
-6.561909970564109296e-01
-6.502425861968599285e-01
-5.861365092101646912e-01
-4.817797191908023691e-01
-3.626279439820279671e-01
-2.600177929605808069e-01
-1.818464735418795775e-01
-1.188351314398813918e-01
-8.135060066325039418e-02
-5.995093024469003162e-02
-4.901060178199040385e-02
-5.995093024469019816e-02
-8.135060066325033867e-02
-1.188351314398813363e-01
-1.818464735418794942e-01
-2.600177929605809179e-01
-3.626279439820279671e-01
-4.817797191908024246e-01
-5.861365092101649132e-01
-5.132764787955157448e-01
-5.630273349630687818e-01
-6.140281713796378327e-01
-7.111138711398463652e-01
-8.483885251527298887e-01
-9.441204254499322435e-01
-9.537387643474445342e-01
-8.969799225922980845e-01
-7.522637232274598240e-01
-5.414292486816647543e-01
-3.626149997453718687e-01
-2.419384376829689098e-01
-1.515361751100402221e-01
-8.850510970633446162e-02
-4.901060178199048711e-02
-3.362299709322713603e-02
-3.970251996389448368e-02
-5.074034909658090009e-02
-7.870058991126516190e-02
-1.320099622703059805e-01
-1.965646682520088839e-01
-2.750162062390828499e-01
-3.626003639958312874e-01
-4.451858313431603653e-01
-3.981941708048682416e-01
-4.869490334975754564e-01
-6.283675768637164705e-01
-8.483885251527298887e-01
-1.038065362805811409e+00
-1.024851829087491062e+00
-9.444566381997532289e-01
-1.001063701280279883e+00
-9.882640061896178496e-01
-7.522505613273572367e-01
-4.817849180836596412e-01
-3.013702635777616434e-01
-1.883575470211346636e-01
-1.116465446397359174e-01
-5.995093024469017040e-02
-3.970251996389473348e-02
-3.685522210229286166e-02
-3.529101893606007012e-02
-4.945895863199661902e-02
-8.586454020886585825e-02
-1.365411927253064872e-01
-1.966781877746558160e-01
-2.600559242680146599e-01
-3.278972256247181805e-01
-3.315037964593340325e-01
-4.486376787720851023e-01
-6.561909970564105965e-01
-9.441204254499322435e-01
-1.024851829087491506e+00
-6.540823315691908224e-01
-3.532359676026007866e-01
-6.444725049650739113e-01
-1.001066010100139181e+00
-8.969929085276977521e-01
-5.861761054694003548e-01
-3.582575587003807294e-01
-2.269194151146450011e-01
-1.415031762041343011e-01
-8.135060066325047745e-02
-5.074034909658112213e-02
-3.529101893606018114e-02
-2.938295109552355178e-02
-3.671683751837534482e-02
-5.215418245514225060e-02
-8.579045020700301616e-02
-1.319626346986789711e-01
-1.818419469178542969e-01
-2.493889199175146620e-01
-2.787184058640143069e-01
-4.136883911167645311e-01
-6.502425861968594845e-01
-9.537387643474442012e-01
-9.444566381997534510e-01
-3.532359676026012307e-01
7.689956751724019712e-02
-3.532049414404774823e-01
-9.444378158316801830e-01
-9.537616100457514401e-01
-6.501875490656128243e-01
-4.136703385063173477e-01
-2.787365412038251278e-01
-1.866419906282656693e-01
-1.188351314398815028e-01
-7.870058991126543946e-02
-4.945895863199673004e-02
-3.671683751837556686e-02
-3.871458664507010372e-02
-3.677794537493819793e-02
-4.944829832189931440e-02
-7.877312285954102267e-02
-1.188609301305640076e-01
-1.866744080357474189e-01
-2.269119735565210405e-01
-3.582252413040046823e-01
-5.861365092101644692e-01
-8.969799225922978625e-01
-1.001063701280279883e+00
-6.444725049650736892e-01
-3.532049414404773158e-01
-6.541345891599812390e-01
-1.024875366565018764e+00
-9.441365351555295327e-01
-6.562294822684482387e-01
-4.485927500039776916e-01
-3.314255111131429454e-01
-2.494219733536023331e-01
-1.818464735418796607e-01
-1.320099622703060360e-01
-8.586454020886594152e-02
-5.215418245514191753e-02
-3.677794537493811466e-02
-2.940469263036987746e-02
-3.528430579972746672e-02
-5.075610469185309892e-02
-8.131741677485060382e-02
-1.414631505146157486e-01
-1.884066751798763040e-01
-3.013846721802523887e-01
-4.817797191908023136e-01
-7.522637232274597130e-01
-9.882640061896177386e-01
-1.001066010100138737e+00
-9.444378158316799610e-01
-1.024875366565018764e+00
-1.038121050166220805e+00
-8.483538193866326793e-01
-6.283408048951898417e-01
-4.869093930383841529e-01
-3.982171921813923432e-01
-3.279425314895393906e-01
-2.600177929605808069e-01
-1.965646682520090505e-01
-1.365411927253064317e-01
-8.579045020700279411e-02
-4.944829832189892582e-02
-3.528430579972727243e-02
-3.673998318593152401e-02
-3.967074522012833948e-02
-5.992961328231119489e-02
-1.116862538013841943e-01
-1.515595441387939113e-01
-2.418899668463608821e-01
-3.626279439820279116e-01
-5.414292486816645322e-01
-7.522505613273571257e-01
-8.969929085276983072e-01
-9.537616100457515511e-01
-9.441365351555299767e-01
-8.483538193866329014e-01
-7.111510067238069333e-01
-6.140115716594207740e-01
-5.629826980174086337e-01
-5.132479986533782235e-01
-4.451916210629622284e-01
-3.626279439820278561e-01
-2.750162062390826279e-01
-1.966781877746557328e-01
-1.319626346986788046e-01
-7.877312285954063409e-02
-5.075610469185268259e-02
-3.967074522012817295e-02
-3.372013298817910787e-02
-4.901771749055447436e-02
-8.844031472282290474e-02
-1.188325221519134500e-01
-1.818977339217537903e-01
-2.600177929605808069e-01
-3.626149997453718687e-01
-4.817849180836595302e-01
-5.861761054694005768e-01
-6.501875490656134904e-01
-6.562294822684484608e-01
-6.283408048951900637e-01
-6.140115716594209960e-01
-6.283510780819192565e-01
-6.561789233803339005e-01
-6.502159570442636038e-01
-5.861996892835845685e-01
-4.817797191908025356e-01
-3.626003639958313429e-01
-2.600559242680144934e-01
-1.818419469178541859e-01
-1.188609301305637578e-01
-8.131741677485035402e-02
-5.992961328231086182e-02
-4.901771749055441885e-02
-5.996267029587276642e-02
-8.128860484488092952e-02
-9.993583599881072921e-02
-1.336256124860984162e-01
-1.818464735418794942e-01
-2.419384376829689931e-01
-3.013702635777615324e-01
-3.582575587003811179e-01
-4.136703385063176808e-01
-4.485927500039778026e-01
-4.869093930383845414e-01
-5.629826980174089668e-01
-6.561789233803343446e-01
-7.361457947577438876e-01
-7.610021832786200147e-01
-7.041830804624177320e-01
-5.861365092101649132e-01
-4.451858313431601433e-01
-3.278972256247180694e-01
-2.493889199175145233e-01
-1.866744080357474189e-01
-1.414631505146156376e-01
-1.116862538013841666e-01
-8.844031472282276596e-02
-8.128860484488098503e-02
-8.435208236128391435e-02
-1.650864554807170426e-01
-1.737682751002677939e-01
-1.866419906282656971e-01
-2.024452965004551186e-01
-2.269194151146453620e-01
-2.495748734561810123e-01
-2.782880322518106464e-01
-3.079102264645494080e-01
-3.314623169431915595e-01
-3.689352102967262126e-01
-4.136961910432563894e-01
-4.494976927295560865e-01
-4.643777948702362268e-01
-4.494448325014774315e-01
-4.136883911167652528e-01
-3.689854348423138308e-01
-3.315037964593341435e-01
-3.079237372524261107e-01
-2.782841957869638394e-01
-2.495834032224685806e-01
-2.268751677264727595e-01
-2.024212978547839104e-01
-1.866485554988090989e-01
-1.737176987160714559e-01
-1.737682751002677384e-01
-1.526142504499469477e-01
-1.415031762041347729e-01
-1.337005334276755997e-01
-1.415031762041347174e-01
-1.526142504499469477e-01
-1.737682751002677106e-01
-2.104141407362617178e-01
-2.493845878819970496e-01
-3.001130429375460928e-01
-3.582663089695889425e-01
-4.101919808396687905e-01
-4.494448325014770984e-01
-4.578842964533960114e-01
-4.486376787720853798e-01
-4.460395683448705739e-01
-4.486376787720850468e-01
-4.578842964533956783e-01
-4.494448325014769874e-01
-4.101919808396688460e-01
-3.582663089695887759e-01
-3.001130429375460373e-01
-2.493845878819966888e-01
-2.104141407362615235e-01
-1.866419906282655305e-01
-1.415031762041346342e-01
-1.116465446397360561e-01
-8.850510970633457264e-02
-8.135060066325044970e-02
-8.447974256459092612e-02
-9.989877216488204925e-02
-1.336256124860982775e-01
-1.818977339217538458e-01
-2.418899668463610486e-01
-3.013846721802523332e-01
-3.582252413040051264e-01
-4.136883911167649752e-01
-4.486376787720852688e-01
-4.869490334975754009e-01
-5.630273349630686708e-01
-6.561909970564105965e-01
-7.361313705939371843e-01
-7.609344462332707781e-01
-7.041830804624180651e-01
-5.861996892835847905e-01
-4.451916210629621729e-01
-3.279425314895392796e-01
-2.494219733536021111e-01
-2.024452965004546190e-01
-1.337005334276755164e-01
-8.850510970633451713e-02
-6.243488835232940959e-02
-5.074034909658109438e-02
-4.960401425686411514e-02
-6.173808055482141177e-02
-8.733490996032414189e-02
-1.319721122989894468e-01
-1.891042824513155529e-01
-2.419015141574798466e-01
-3.001080857267782176e-01
-3.689854348423138863e-01
-4.460395683448704629e-01
-5.630273349630685598e-01
-7.516043628446048563e-01
-9.441204254499320214e-01
-1.024868733901334039e+00
-1.020033382385107545e+00
-1.005593075338901521e+00
-8.969759194010885617e-01
-6.658743604671458760e-01
-4.451668642842006030e-01
-3.000484535785787887e-01
-2.269194151146449179e-01
-1.415031762041343844e-01
-8.135060066325061623e-02
-5.074034909658117765e-02
-3.529101893606023665e-02
-2.938295109552366280e-02
-3.671683751837537257e-02
-5.215418245514205631e-02
-8.579045020700282187e-02
-1.319626346986787491e-01
-1.818419469178542969e-01
-2.493889199175147731e-01
-3.315037964593341435e-01
-4.486376787720851578e-01
-6.561909970564103745e-01
-9.441204254499317994e-01
-1.024851829087491284e+00
-6.540823315691908224e-01
-3.532359676026009532e-01
-6.444725049650741333e-01
-1.001066010100139181e+00
-8.969929085276979741e-01
-5.861761054694003548e-01
-3.582575587003807849e-01
-2.495748734561806514e-01
-1.526142504499469199e-01
-8.447974256459128695e-02
-4.960401425686444821e-02
-2.938295109552369055e-02
-1.734529182965188765e-02
-1.887757945579410235e-02
-2.667326341066625361e-02
-5.224663589064404423e-02
-8.740600958002647802e-02
-1.336136831056356500e-01
-2.103886408150425491e-01
-3.079237372524261107e-01
-4.578842964533954563e-01
-7.361313705939371843e-01
-1.024868733901334039e+00
-6.540823315691912665e-01
6.955084429528229917e-01
1.567920567121177999e+00
6.998208373868346488e-01
-6.444742191892587346e-01
-1.005630664025279231e+00
-7.041516226360041708e-01
-4.101660105644422960e-01
-2.782880322518106464e-01
-1.737682751002677661e-01
-9.989877216488257661e-02
-6.173808055482177259e-02
-3.671683751837567788e-02
-1.887757945579410235e-02
-1.578447859305542877e-02
-1.885686485654691769e-02
-3.674468542418263262e-02
-6.171144006128151394e-02
-9.990285934224060749e-02
-1.737427883879320012e-01
-2.782841957869637284e-01
-4.494448325014765433e-01
-7.609344462332703340e-01
-1.020033382385107323e+00
-3.532359676026016193e-01
1.567920567121177999e+00
2.762770285945743698e+00
1.567906200524994409e+00
-3.532382013912335195e-01
-1.020023804209122975e+00
-7.610351599351898866e-01
-4.494726030576948750e-01
-3.079102264645494080e-01
-2.104141407362618010e-01
-1.336256124860985550e-01
-8.733490996032455822e-02
-5.215418245514213957e-02
-2.667326341066644790e-02
-1.885686485654683442e-02
-1.729651785284119780e-02
-2.934081092655549394e-02
-4.958681604769521467e-02
-8.443184963787134234e-02
-1.526774696450231561e-01
-2.495834032224681920e-01
-4.101919808396685130e-01
-7.041830804624177320e-01
-1.005593075338901299e+00
-6.444725049650741333e-01
6.998208373868346488e-01
1.567906200524995075e+00
6.955377721894074883e-01
-6.541043032041098382e-01
-1.024822183486760574e+00
-7.361094146880324818e-01
-4.578653237011907073e-01
-3.314623169431913929e-01
-2.493845878819967998e-01
-1.818977339217539291e-01
-1.319721122989896411e-01
-8.579045020700307167e-02
-5.224663589064382219e-02
-3.674468542418257710e-02
-2.934081092655532741e-02
-3.536646567316173440e-02
-5.079870524450766367e-02
-8.123672042519258785e-02
-1.414392793377989843e-01
-2.268751677264724820e-01
-3.582663089695884984e-01
-5.861996892835845685e-01
-8.969759194010882286e-01
-1.001066010100138959e+00
-6.444742191892580685e-01
-3.532382013912328533e-01
-6.541043032041092831e-01
-1.024864987873588484e+00
-9.441357877654015240e-01
-6.561957381648118037e-01
-4.486129389868162010e-01
-3.689352102967259350e-01
-3.001130429375459263e-01
-2.418899668463609931e-01
-1.891042824513154696e-01
-1.319626346986788601e-01
-8.740600958002647802e-02
-6.171144006128115311e-02
-4.958681604769524243e-02
-5.079870524450749714e-02
-6.252980591389173393e-02
-8.849686428502462343e-02
-1.337180911102121839e-01
-2.024212978547840214e-01
-3.001130429375459263e-01
-4.451916210629618953e-01
-6.658743604671455429e-01
-8.969929085276980851e-01
-1.005630664025279231e+00
-1.020023804209122753e+00
-1.024822183486760574e+00
-9.441357877654015240e-01
-7.516189658170880916e-01
-5.629820390396553798e-01
-4.460181007581283108e-01
-4.136961910432559453e-01
-3.582663089695887759e-01
-3.013846721802522777e-01
-2.419015141574799577e-01
-1.818419469178542136e-01
-1.336136831056356500e-01
-9.990285934224044095e-02
-8.443184963787106478e-02
-8.123672042519269887e-02
-8.849686428502462343e-02
-1.116100253039506440e-01
-1.414857228670607370e-01
-1.866485554988090989e-01
-2.493845878819967166e-01
-3.279425314895392241e-01
-4.451668642842007695e-01
-5.861761054694005768e-01
-7.041516226360045039e-01
-7.610351599351903307e-01
-7.361094146880329259e-01
-6.561957381648120258e-01
-5.629820390396558238e-01
-4.869259070685060808e-01
-4.485657594178430463e-01
-4.494976927295560865e-01
-4.101919808396689016e-01
-3.582252413040051264e-01
-3.001080857267781621e-01
-2.493889199175147731e-01
-2.103886408150424381e-01
-1.737427883879322510e-01
-1.526774696450234614e-01
-1.414392793377991231e-01
-1.337180911102122116e-01
-1.414857228670609590e-01
-1.526401127062889385e-01
-1.737176987160714559e-01
-2.104141407362614957e-01
-2.494219733536023331e-01
-3.000484535785791773e-01
-3.582575587003812290e-01
-4.101660105644425736e-01
-4.494726030576950415e-01
-4.578653237011909294e-01
-4.486129389868164230e-01
-4.460181007581286439e-01
-4.485657594178434904e-01
-4.578512104434802055e-01
-4.643777948702362268e-01
-4.494448325014774315e-01
-4.136883911167652528e-01
-3.689854348423138308e-01
-3.315037964593341435e-01
-3.079237372524261107e-01
-2.782841957869638394e-01
-2.495834032224685806e-01
-2.268751677264727595e-01
-2.024212978547839104e-01
-1.866485554988090989e-01
-1.737176987160714559e-01
-1.650864554807170426e-01
-1.737682751002677939e-01
-1.866419906282656971e-01
-2.024452965004551186e-01
-2.269194151146453620e-01
-2.495748734561810123e-01
-2.782880322518106464e-01
-3.079102264645494080e-01
-3.314623169431915595e-01
-3.689352102967262126e-01
-4.136961910432563894e-01
-4.494976927295560865e-01
-4.494448325014770984e-01
-4.578842964533960114e-01
-4.486376787720853798e-01
-4.460395683448705739e-01
-4.486376787720850468e-01
-4.578842964533956783e-01
-4.494448325014769874e-01
-4.101919808396688460e-01
-3.582663089695887759e-01
-3.001130429375460373e-01
-2.493845878819966888e-01
-2.104141407362615235e-01
-1.737682751002677384e-01
-1.526142504499469477e-01
-1.415031762041347729e-01
-1.337005334276755997e-01
-1.415031762041347174e-01
-1.526142504499469477e-01
-1.737682751002677106e-01
-2.104141407362617178e-01
-2.493845878819970496e-01
-3.001130429375460928e-01
-3.582663089695889425e-01
-4.101919808396687905e-01
-4.136883911167649752e-01
-4.486376787720852688e-01
-4.869490334975754009e-01
-5.630273349630686708e-01
-6.561909970564105965e-01
-7.361313705939371843e-01
-7.609344462332707781e-01
-7.041830804624180651e-01
-5.861996892835847905e-01
-4.451916210629621729e-01
-3.279425314895392796e-01
-2.494219733536021111e-01
-1.866419906282655305e-01
-1.415031762041346342e-01
-1.116465446397360561e-01
-8.850510970633457264e-02
-8.135060066325044970e-02
-8.447974256459092612e-02
-9.989877216488204925e-02
-1.336256124860982775e-01
-1.818977339217538458e-01
-2.418899668463610486e-01
-3.013846721802523332e-01
-3.582252413040051264e-01
-3.689854348423138863e-01
-4.460395683448704629e-01
-5.630273349630685598e-01
-7.516043628446048563e-01
-9.441204254499320214e-01
-1.024868733901334039e+00
-1.020033382385107545e+00
-1.005593075338901521e+00
-8.969759194010885617e-01
-6.658743604671458760e-01
-4.451668642842006030e-01
-3.000484535785787887e-01
-2.024452965004546190e-01
-1.337005334276755164e-01
-8.850510970633451713e-02
-6.243488835232940959e-02
-5.074034909658109438e-02
-4.960401425686411514e-02
-6.173808055482141177e-02
-8.733490996032414189e-02
-1.319721122989894468e-01
-1.891042824513155529e-01
-2.419015141574798466e-01
-3.001080857267782176e-01
-3.315037964593341435e-01
-4.486376787720851578e-01
-6.561909970564103745e-01
-9.441204254499317994e-01
-1.024851829087491284e+00
-6.540823315691908224e-01
-3.532359676026009532e-01
-6.444725049650741333e-01
-1.001066010100139181e+00
-8.969929085276979741e-01
-5.861761054694003548e-01
-3.582575587003807849e-01
-2.269194151146449179e-01
-1.415031762041343844e-01
-8.135060066325061623e-02
-5.074034909658117765e-02
-3.529101893606023665e-02
-2.938295109552366280e-02
-3.671683751837537257e-02
-5.215418245514205631e-02
-8.579045020700282187e-02
-1.319626346986787491e-01
-1.818419469178542969e-01
-2.493889199175147731e-01
-3.079237372524261107e-01
-4.578842964533954563e-01
-7.361313705939371843e-01
-1.024868733901334039e+00
-6.540823315691912665e-01
6.955084429528229917e-01
1.567920567121177999e+00
6.998208373868346488e-01
-6.444742191892587346e-01
-1.005630664025279231e+00
-7.041516226360041708e-01
-4.101660105644422960e-01
-2.495748734561806514e-01
-1.526142504499469199e-01
-8.447974256459128695e-02
-4.960401425686444821e-02
-2.938295109552369055e-02
-1.734529182965188765e-02
-1.887757945579410235e-02
-2.667326341066625361e-02
-5.224663589064404423e-02
-8.740600958002647802e-02
-1.336136831056356500e-01
-2.103886408150425491e-01
-2.782841957869637284e-01
-4.494448325014765433e-01
-7.609344462332703340e-01
-1.020033382385107323e+00
-3.532359676026016193e-01
1.567920567121177999e+00
2.762770285945743698e+00
1.567906200524994409e+00
-3.532382013912335195e-01
-1.020023804209122975e+00
-7.610351599351898866e-01
-4.494726030576948750e-01
-2.782880322518106464e-01
-1.737682751002677661e-01
-9.989877216488257661e-02
-6.173808055482177259e-02
-3.671683751837567788e-02
-1.887757945579410235e-02
-1.578447859305542877e-02
-1.885686485654691769e-02
-3.674468542418263262e-02
-6.171144006128151394e-02
-9.990285934224060749e-02
-1.737427883879320012e-01
-2.495834032224681920e-01
-4.101919808396685130e-01
-7.041830804624177320e-01
-1.005593075338901299e+00
-6.444725049650741333e-01
6.998208373868346488e-01
1.567906200524995075e+00
6.955377721894074883e-01
-6.541043032041098382e-01
-1.024822183486760574e+00
-7.361094146880324818e-01
-4.578653237011907073e-01
-3.079102264645494080e-01
-2.104141407362618010e-01
-1.336256124860985550e-01
-8.733490996032455822e-02
-5.215418245514213957e-02
-2.667326341066644790e-02
-1.885686485654683442e-02
-1.729651785284119780e-02
-2.934081092655549394e-02
-4.958681604769521467e-02
-8.443184963787134234e-02
-1.526774696450231561e-01
-2.268751677264724820e-01
-3.582663089695884984e-01
-5.861996892835845685e-01
-8.969759194010882286e-01
-1.001066010100138959e+00
-6.444742191892580685e-01
-3.532382013912328533e-01
-6.541043032041092831e-01
-1.024864987873588484e+00
-9.441357877654015240e-01
-6.561957381648118037e-01
-4.486129389868162010e-01
-3.314623169431913929e-01
-2.493845878819967998e-01
-1.818977339217539291e-01
-1.319721122989896411e-01
-8.579045020700307167e-02
-5.224663589064382219e-02
-3.674468542418257710e-02
-2.934081092655532741e-02
-3.536646567316173440e-02
-5.079870524450766367e-02
-8.123672042519258785e-02
-1.414392793377989843e-01
-2.024212978547840214e-01
-3.001130429375459263e-01
-4.451916210629618953e-01
-6.658743604671455429e-01
-8.969929085276980851e-01
-1.005630664025279231e+00
-1.020023804209122753e+00
-1.024822183486760574e+00
-9.441357877654015240e-01
-7.516189658170880916e-01
-5.629820390396553798e-01
-4.460181007581283108e-01
-3.689352102967259350e-01
-3.001130429375459263e-01
-2.418899668463609931e-01
-1.891042824513154696e-01
-1.319626346986788601e-01
-8.740600958002647802e-02
-6.171144006128115311e-02
-4.958681604769524243e-02
-5.079870524450749714e-02
-6.252980591389173393e-02
-8.849686428502462343e-02
-1.337180911102121839e-01
-1.866485554988090989e-01
-2.493845878819967166e-01
-3.279425314895392241e-01
-4.451668642842007695e-01
-5.861761054694005768e-01
-7.041516226360045039e-01
-7.610351599351903307e-01
-7.361094146880329259e-01
-6.561957381648120258e-01
-5.629820390396558238e-01
-4.869259070685060808e-01
-4.485657594178430463e-01
-4.136961910432559453e-01
-3.582663089695887759e-01
-3.013846721802522777e-01
-2.419015141574799577e-01
-1.818419469178542136e-01
-1.336136831056356500e-01
-9.990285934224044095e-02
-8.443184963787106478e-02
-8.123672042519269887e-02
-8.849686428502462343e-02
-1.116100253039506440e-01
-1.414857228670607370e-01
-1.737176987160714559e-01
-2.104141407362614957e-01
-2.494219733536023331e-01
-3.000484535785791773e-01
-3.582575587003812290e-01
-4.101660105644425736e-01
-4.494726030576950415e-01
-4.578653237011909294e-01
-4.486129389868164230e-01
-4.460181007581286439e-01
-4.485657594178434904e-01
-4.578512104434802055e-01
-4.494976927295560865e-01
-4.101919808396689016e-01
-3.582252413040051264e-01
-3.001080857267781621e-01
-2.493889199175147731e-01
-2.103886408150424381e-01
-1.737427883879322510e-01
-1.526774696450234614e-01
-1.414392793377991231e-01
-1.337180911102122116e-01
-1.414857228670609590e-01
-1.526401127062889385e-01
-2.745345742854388704e-01
-2.782880322518105909e-01
-2.787365412038252943e-01
-2.759285549351306877e-01
-2.787365412038254053e-01
-2.782880322518105354e-01
-2.745345742854388149e-01
-2.783166735686198878e-01
-2.787293271058015609e-01
-2.759438086582883254e-01
-2.787256199620389285e-01
-2.782555544701547645e-01
-2.745615597418508136e-01
-2.782841957869640614e-01
-2.787184058640147510e-01
-2.759590623814456301e-01
-2.787184058640145845e-01
-2.782841957869639504e-01
-2.745615597418504805e-01
-2.782555544701548200e-01
-2.787256199620385400e-01
-2.759438086582880478e-01
-2.787293271058011723e-01
-2.783166735686198323e-01
-2.782880322518109240e-01
-2.495748734561809845e-01
-2.269194151146452509e-01
-2.024452965004548965e-01
-1.866419906282656971e-01
-1.737682751002678494e-01
-1.650864554807170981e-01
-1.737176987160716779e-01
-1.866485554988094597e-01
-2.024212978547842989e-01
-2.268751677264728150e-01
-2.495834032224687471e-01
-2.782841957869639504e-01
-3.079237372524262772e-01
-3.315037964593343656e-01
-3.689854348423138308e-01
-4.136883911167649197e-01
-4.494448325014767653e-01
-4.643777948702361158e-01
-4.494976927295559754e-01
-4.136961910432560563e-01
-3.689352102967260461e-01
-3.314623169431916150e-01
-3.079102264645494635e-01
-2.787365412038252943e-01
-2.269194151146452509e-01
-1.883575470211350522e-01
-1.515361751100407772e-01
-1.188351314398815861e-01
-9.989877216488221578e-02
-9.432240967082930472e-02
-9.993583599881072921e-02
-1.188325221519134500e-01
-1.515595441387941333e-01
-1.884066751798767203e-01
-2.269119735565211515e-01
-2.787184058640145290e-01
-3.315037964593342545e-01
-3.981941708048679640e-01
-5.132764787955155228e-01
-6.502425861968597065e-01
-7.609344462332705561e-01
-8.052304275689758928e-01
-7.610021832786202367e-01
-6.502159570442637149e-01
-5.132479986533781124e-01
-3.982171921813923987e-01
-3.314255111131429454e-01
-2.759285549351306321e-01
-2.024452965004548410e-01
-1.515361751100405552e-01
-1.136309141471291695e-01
-7.870058991126543946e-02
-6.173808055482160606e-02
-6.087675010806917197e-02
-6.169494465394093075e-02
-7.874189920658181130e-02
-1.136496176256579504e-01
-1.515115909046771403e-01
-2.024175624803919993e-01
-2.759590623814454080e-01
-3.689854348423134978e-01
-5.132764787955153007e-01
-7.387454505374402292e-01
-9.537387643474442012e-01
-1.020033382385107323e+00
-1.003777786309029363e+00
-1.020040299616463031e+00
-9.537928336987107070e-01
-7.387765681810632978e-01
-5.132959518874949945e-01
-3.689389456711178461e-01
-2.787365412038250723e-01
-1.866419906282655305e-01
-1.188351314398816971e-01
-7.870058991126552272e-02
-4.945895863199684106e-02
-3.671683751837551135e-02
-3.871458664507004821e-02
-3.677794537493822569e-02
-4.944829832189906460e-02
-7.877312285954085613e-02
-1.188609301305640631e-01
-1.866744080357475855e-01
-2.787184058640146955e-01
-4.136883911167647532e-01
-6.502425861968594845e-01
-9.537387643474440901e-01
-9.444566381997534510e-01
-3.532359676026011197e-01
7.689956751724003059e-02
-3.532049414404777044e-01
-9.444378158316802940e-01
-9.537616100457513291e-01
-6.501875490656129353e-01
-4.136703385063176253e-01
-2.782880322518104244e-01
-1.737682751002676551e-01
-9.989877216488249334e-02
-6.173808055482171708e-02
-3.671683751837567788e-02
-1.887757945579426888e-02
-1.578447859305559531e-02
-1.885686485654688993e-02
-3.674468542418274364e-02
-6.171144006128151394e-02
-9.990285934224080178e-02
-1.737427883879323343e-01
-2.782841957869637284e-01
-4.494448325014765433e-01
-7.609344462332703340e-01
-1.020033382385107323e+00
-3.532359676026013418e-01
1.567920567121177555e+00
2.762770285945743698e+00
1.567906200524994631e+00
-3.532382013912336305e-01
-1.020023804209122531e+00
-7.610351599351901086e-01
-4.494726030576947085e-01
-2.745345742854385374e-01
-1.650864554807172646e-01
-9.432240967082955452e-02
-6.087675010806928300e-02
-3.871458664507021474e-02
-1.578447859305553980e-02
-8.429752804831491808e-03
-1.577079434820438664e-02
-3.869111236060399084e-02
-6.089616187511287526e-02
-9.433024583960614162e-02
-1.650763994664152801e-01
-2.745615597418501475e-01
-4.643777948702357827e-01
-8.052304275689756707e-01
-1.003777786309029585e+00
7.689956751723925343e-02
2.762770285945743254e+00
4.387272724207817554e+00
2.762756601700892212e+00
7.687609323277294626e-02
-1.003758374541986020e+00
-8.052225914001990281e-01
-4.643878508845377673e-01
-2.783166735686198878e-01
-1.737176987160714559e-01
-9.993583599881109003e-02
-6.169494465394109728e-02
-3.677794537493844773e-02
-1.885686485654725075e-02
-1.577079434820452541e-02
-1.889327614808478106e-02
-3.674809900510100924e-02
-6.167853859282668161e-02
-9.988272510221937739e-02
-1.737016761589793012e-01
-2.782555544701542094e-01
-4.494976927295554758e-01
-7.610021832786197926e-01
-1.020040299616463031e+00
-3.532049414404780374e-01
1.567906200524995075e+00
2.762756601700893100e+00
1.567936263813468400e+00
-3.532047061158761769e-01
-1.020092924347102414e+00
-7.609504932959334500e-01
-4.495114314427648972e-01
-2.787293271058011168e-01
-1.866485554988092654e-01
-1.188325221519135610e-01
-7.874189920658203334e-02
-4.944829832189928664e-02
-3.674468542418279915e-02
-3.869111236060385206e-02
-3.674809900510123128e-02
-4.950743947016242319e-02
-7.871643776571340956e-02
-1.188712522590261444e-01
-1.866509463650717904e-01
-2.787256199620383734e-01
-4.136961910432556677e-01
-6.502159570442632708e-01
-9.537928336987102629e-01
-9.444378158316801830e-01
-3.532382013912331309e-01
7.687609323277388995e-02
-3.532047061158755108e-01
-9.444081573615878966e-01
-9.537229164929961200e-01
-6.502064653777148706e-01
-4.136794353799584378e-01
-2.759438086582879368e-01
-2.024212978547840491e-01
-1.515595441387941056e-01
-1.136496176256579504e-01
-7.877312285954091164e-02
-6.171144006128137516e-02
-6.089616187511273648e-02
-6.167853859282673712e-02
-7.871643776571346507e-02
-1.136239809474418605e-01
-1.515270314579235666e-01
-2.024595081273867225e-01
-2.759438086582879923e-01
-3.689352102967258240e-01
-5.132479986533776684e-01
-7.387765681810631868e-01
-9.537616100457514401e-01
-1.020023804209122531e+00
-1.003758374541985798e+00
-1.020092924347102414e+00
-9.537229164929961200e-01
-7.387523837371277047e-01
-5.132856224476323170e-01
-3.689712232153816718e-01
-2.787256199620385955e-01
-2.268751677264726485e-01
-1.884066751798766925e-01
-1.515115909046773901e-01
-1.188609301305640076e-01
-9.990285934224055198e-02
-9.433024583960597509e-02
-9.988272510221926637e-02
-1.188712522590262000e-01
-1.515270314579235944e-01
-1.883710892466054498e-01
-2.269596337113492512e-01
-2.787293271058011168e-01
-3.314623169431914484e-01
-3.982171921813922877e-01
-5.132959518874947724e-01
-6.501875490656131573e-01
-7.610351599351903307e-01
-8.052225914001993612e-01
-7.609504932959336720e-01
-6.502064653777150927e-01
-5.132856224476326501e-01
-3.981806285793974554e-01
-3.314635778626300877e-01
-2.782555544701549310e-01
-2.495834032224689136e-01
-2.269119735565214291e-01
-2.024175624803922213e-01
-1.866744080357476965e-01
-1.737427883879324453e-01
-1.650763994664154188e-01
-1.737016761589796066e-01
-1.866509463650720679e-01
-2.024595081273867780e-01
-2.269596337113493068e-01
-2.495908983036459750e-01
-2.783166735686198878e-01
-3.079102264645493525e-01
-3.314255111131430009e-01
-3.689389456711180681e-01
-4.136703385063176808e-01
-4.494726030576950970e-01
-4.643878508845378228e-01
-4.495114314427651192e-01
-4.136794353799587154e-01
-3.689712232153818938e-01
-3.314635778626303653e-01
-3.079077124049611758e-01
-2.745615597418508136e-01
-2.782841957869640614e-01
-2.787184058640147510e-01
-2.759590623814456301e-01
-2.787184058640145845e-01
-2.782841957869639504e-01
-2.745615597418504805e-01
-2.782555544701548200e-01
-2.787256199620385400e-01
-2.759438086582880478e-01
-2.787293271058011723e-01
-2.783166735686198323e-01
-2.745345742854388704e-01
-2.782880322518105909e-01
-2.787365412038252943e-01
-2.759285549351306877e-01
-2.787365412038254053e-01
-2.782880322518105354e-01
-2.745345742854388149e-01
-2.783166735686198878e-01
-2.787293271058015609e-01
-2.759438086582883254e-01
-2.787256199620389285e-01
-2.782555544701547645e-01
-2.782841957869639504e-01
-3.079237372524262772e-01
-3.315037964593343656e-01
-3.689854348423138308e-01
-4.136883911167649197e-01
-4.494448325014767653e-01
-4.643777948702361158e-01
-4.494976927295559754e-01
-4.136961910432560563e-01
-3.689352102967260461e-01
-3.314623169431916150e-01
-3.079102264645494635e-01
-2.782880322518109240e-01
-2.495748734561809845e-01
-2.269194151146452509e-01
-2.024452965004548965e-01
-1.866419906282656971e-01
-1.737682751002678494e-01
-1.650864554807170981e-01
-1.737176987160716779e-01
-1.866485554988094597e-01
-2.024212978547842989e-01
-2.268751677264728150e-01
-2.495834032224687471e-01
-2.787184058640145290e-01
-3.315037964593342545e-01
-3.981941708048679640e-01
-5.132764787955155228e-01
-6.502425861968597065e-01
-7.609344462332705561e-01
-8.052304275689758928e-01
-7.610021832786202367e-01
-6.502159570442637149e-01
-5.132479986533781124e-01
-3.982171921813923987e-01
-3.314255111131429454e-01
-2.787365412038252943e-01
-2.269194151146452509e-01
-1.883575470211350522e-01
-1.515361751100407772e-01
-1.188351314398815861e-01
-9.989877216488221578e-02
-9.432240967082930472e-02
-9.993583599881072921e-02
-1.188325221519134500e-01
-1.515595441387941333e-01
-1.884066751798767203e-01
-2.269119735565211515e-01
-2.759590623814454080e-01
-3.689854348423134978e-01
-5.132764787955153007e-01
-7.387454505374402292e-01
-9.537387643474442012e-01
-1.020033382385107323e+00
-1.003777786309029363e+00
-1.020040299616463031e+00
-9.537928336987107070e-01
-7.387765681810632978e-01
-5.132959518874949945e-01
-3.689389456711178461e-01
-2.759285549351306321e-01
-2.024452965004548410e-01
-1.515361751100405552e-01
-1.136309141471291695e-01
-7.870058991126543946e-02
-6.173808055482160606e-02
-6.087675010806917197e-02
-6.169494465394093075e-02
-7.874189920658181130e-02
-1.136496176256579504e-01
-1.515115909046771403e-01
-2.024175624803919993e-01
-2.787184058640146955e-01
-4.136883911167647532e-01
-6.502425861968594845e-01
-9.537387643474440901e-01
-9.444566381997534510e-01
-3.532359676026011197e-01
7.689956751724003059e-02
-3.532049414404777044e-01
-9.444378158316802940e-01
-9.537616100457513291e-01
-6.501875490656129353e-01
-4.136703385063176253e-01
-2.787365412038250723e-01
-1.866419906282655305e-01
-1.188351314398816971e-01
-7.870058991126552272e-02
-4.945895863199684106e-02
-3.671683751837551135e-02
-3.871458664507004821e-02
-3.677794537493822569e-02
-4.944829832189906460e-02
-7.877312285954085613e-02
-1.188609301305640631e-01
-1.866744080357475855e-01
-2.782841957869637284e-01
-4.494448325014765433e-01
-7.609344462332703340e-01
-1.020033382385107323e+00
-3.532359676026013418e-01
1.567920567121177555e+00
2.762770285945743698e+00
1.567906200524994631e+00
-3.532382013912336305e-01
-1.020023804209122531e+00
-7.610351599351901086e-01
-4.494726030576947085e-01
-2.782880322518104244e-01
-1.737682751002676551e-01
-9.989877216488249334e-02
-6.173808055482171708e-02
-3.671683751837567788e-02
-1.887757945579426888e-02
-1.578447859305559531e-02
-1.885686485654688993e-02
-3.674468542418274364e-02
-6.171144006128151394e-02
-9.990285934224080178e-02
-1.737427883879323343e-01
-2.745615597418501475e-01
-4.643777948702357827e-01
-8.052304275689756707e-01
-1.003777786309029585e+00
7.689956751723925343e-02
2.762770285945743254e+00
4.387272724207817554e+00
2.762756601700892212e+00
7.687609323277294626e-02
-1.003758374541986020e+00
-8.052225914001990281e-01
-4.643878508845377673e-01
-2.745345742854385374e-01
-1.650864554807172646e-01
-9.432240967082955452e-02
-6.087675010806928300e-02
-3.871458664507021474e-02
-1.578447859305553980e-02
-8.429752804831491808e-03
-1.577079434820438664e-02
-3.869111236060399084e-02
-6.089616187511287526e-02
-9.433024583960614162e-02
-1.650763994664152801e-01
-2.782555544701542094e-01
-4.494976927295554758e-01
-7.610021832786197926e-01
-1.020040299616463031e+00
-3.532049414404780374e-01
1.567906200524995075e+00
2.762756601700893100e+00
1.567936263813468400e+00
-3.532047061158761769e-01
-1.020092924347102414e+00
-7.609504932959334500e-01
-4.495114314427648972e-01
-2.783166735686198878e-01
-1.737176987160714559e-01
-9.993583599881109003e-02
-6.169494465394109728e-02
-3.677794537493844773e-02
-1.885686485654725075e-02
-1.577079434820452541e-02
-1.889327614808478106e-02
-3.674809900510100924e-02
-6.167853859282668161e-02
-9.988272510221937739e-02
-1.737016761589793012e-01
-2.787256199620383734e-01
-4.136961910432556677e-01
-6.502159570442632708e-01
-9.537928336987102629e-01
-9.444378158316801830e-01
-3.532382013912331309e-01
7.687609323277388995e-02
-3.532047061158755108e-01
-9.444081573615878966e-01
-9.537229164929961200e-01
-6.502064653777148706e-01
-4.136794353799584378e-01
-2.787293271058011168e-01
-1.866485554988092654e-01
-1.188325221519135610e-01
-7.874189920658203334e-02
-4.944829832189928664e-02
-3.674468542418279915e-02
-3.869111236060385206e-02
-3.674809900510123128e-02
-4.950743947016242319e-02
-7.871643776571340956e-02
-1.188712522590261444e-01
-1.866509463650717904e-01
-2.759438086582879923e-01
-3.689352102967258240e-01
-5.132479986533776684e-01
-7.387765681810631868e-01
-9.537616100457514401e-01
-1.020023804209122531e+00
-1.003758374541985798e+00
-1.020092924347102414e+00
-9.537229164929961200e-01
-7.387523837371277047e-01
-5.132856224476323170e-01
-3.689712232153816718e-01
-2.759438086582879368e-01
-2.024212978547840491e-01
-1.515595441387941056e-01
-1.136496176256579504e-01
-7.877312285954091164e-02
-6.171144006128137516e-02
-6.089616187511273648e-02
-6.167853859282673712e-02
-7.871643776571346507e-02
-1.136239809474418605e-01
-1.515270314579235666e-01
-2.024595081273867225e-01
-2.787293271058011168e-01
-3.314623169431914484e-01
-3.982171921813922877e-01
-5.132959518874947724e-01
-6.501875490656131573e-01
-7.610351599351903307e-01
-8.052225914001993612e-01
-7.609504932959336720e-01
-6.502064653777150927e-01
-5.132856224476326501e-01
-3.981806285793974554e-01
-3.314635778626300877e-01
-2.787256199620385955e-01
-2.268751677264726485e-01
-1.884066751798766925e-01
-1.515115909046773901e-01
-1.188609301305640076e-01
-9.990285934224055198e-02
-9.433024583960597509e-02
-9.988272510221926637e-02
-1.188712522590262000e-01
-1.515270314579235944e-01
-1.883710892466054498e-01
-2.269596337113492512e-01
-2.783166735686198878e-01
-3.079102264645493525e-01
-3.314255111131430009e-01
-3.689389456711180681e-01
-4.136703385063176808e-01
-4.494726030576950970e-01
-4.643878508845378228e-01
-4.495114314427651192e-01
-4.136794353799587154e-01
-3.689712232153818938e-01
-3.314635778626303653e-01
-3.079077124049611758e-01
-2.782555544701549310e-01
-2.495834032224689136e-01
-2.269119735565214291e-01
-2.024175624803922213e-01
-1.866744080357476965e-01
-1.737427883879324453e-01
-1.650763994664154188e-01
-1.737016761589796066e-01
-1.866509463650720679e-01
-2.024595081273867780e-01
-2.269596337113493068e-01
-2.495908983036459750e-01
-4.643878508845379338e-01
-4.494726030576951525e-01
-4.136703385063178473e-01
-3.689389456711177906e-01
-3.314255111131428899e-01
-3.079102264645494080e-01
-2.783166735686198323e-01
-2.495908983036460027e-01
-2.269596337113494733e-01
-2.024595081273871389e-01
-1.866509463650721790e-01
-1.737016761589795788e-01
-1.650763994664154743e-01
-1.737427883879324730e-01
-1.866744080357477242e-01
-2.024175624803923046e-01
-2.269119735565215401e-01
-2.495834032224684140e-01
-2.782555544701547090e-01
-3.079077124049608982e-01
-3.314635778626299767e-01
-3.689712232153817828e-01
-4.136794353799587709e-01
-4.495114314427652857e-01
-4.494726030576952081e-01
-4.101660105644425736e-01
-3.582575587003811735e-01
-3.000484535785790108e-01
-2.494219733536021666e-01
-2.104141407362615790e-01
-1.737176987160715114e-01
-1.526401127062889940e-01
-1.414857228670610145e-01
-1.337180911102122116e-01
-1.414392793377991231e-01
-1.526774696450234614e-01
-1.737427883879323343e-01
-2.103886408150425491e-01
-2.493889199175148286e-01
-3.001080857267782731e-01
-3.582252413040051264e-01
-4.101919808396688460e-01
-4.494976927295557534e-01
-4.578512104434799279e-01
-4.485657594178431018e-01
-4.460181007581284773e-01
-4.486129389868164230e-01
-4.578653237011914290e-01
-4.136703385063178473e-01
-3.582575587003809514e-01
-3.013702635777616434e-01
-2.419384376829690209e-01
-1.818464735418794664e-01
-1.336256124860982775e-01
-9.993583599881061819e-02
-8.435208236128396986e-02
-8.128860484488106830e-02
-8.844031472282271045e-02
-1.116862538013841388e-01
-1.414631505146158041e-01
-1.866744080357473634e-01
-2.493889199175145233e-01
-3.278972256247180694e-01
-4.451858313431601433e-01
-5.861365092101646912e-01
-7.041830804624180651e-01
-7.610021832786200147e-01
-7.361457947577436656e-01
-6.561789233803340116e-01
-5.629826980174088558e-01
-4.869093930383844859e-01
-4.485927500039780247e-01
-3.689389456711179571e-01
-3.000484535785791218e-01
-2.419384376829688821e-01
-1.890924636989082253e-01
-1.320099622703058695e-01
-8.733490996032433618e-02
-6.169494465394093075e-02
-4.964609663831368036e-02
-5.078016919367189796e-02
-6.247877527176773360e-02
-8.849201159024266961e-02
-1.337500790464222489e-01
-2.024175624803919993e-01
-3.001080857267779400e-01
-4.451858313431599212e-01
-6.659092204373202595e-01
-8.969799225922978625e-01
-1.005593075338901077e+00
-1.020040299616463253e+00
-1.024871591202222154e+00
-9.441199821800101422e-01
-7.516469552414444255e-01
-5.629442106176311134e-01
-4.460556593916530921e-01
-3.314255111131428344e-01
-2.494219733536021111e-01
-1.818464735418796885e-01
-1.320099622703059250e-01
-8.586454020886585825e-02
-5.215418245514175100e-02
-3.677794537493805915e-02
-2.940469263036990522e-02
-3.528430579972757775e-02
-5.075610469185309892e-02
-8.131741677485065933e-02
-1.414631505146158874e-01
-2.269119735565211793e-01
-3.582252413040047379e-01
-5.861365092101643581e-01
-8.969799225922978625e-01
-1.001063701280279883e+00
-6.444725049650739113e-01
-3.532049414404773158e-01
-6.541345891599812390e-01
-1.024875366565018986e+00
-9.441365351555297547e-01
-6.562294822684481277e-01
-4.485927500039775806e-01
-3.079102264645491860e-01
-2.104141407362614125e-01
-1.336256124860983330e-01
-8.733490996032453046e-02
-5.215418245514180651e-02
-2.667326341066639239e-02
-1.885686485654683442e-02
-1.729651785284130883e-02
-2.934081092655568823e-02
-4.958681604769551998e-02
-8.443184963787139785e-02
-1.526774696450233781e-01
-2.495834032224682753e-01
-4.101919808396685130e-01
-7.041830804624176210e-01
-1.005593075338901077e+00
-6.444725049650742443e-01
6.998208373868346488e-01
1.567906200524994631e+00
6.955377721894077103e-01
-6.541043032041096161e-01
-1.024822183486760352e+00
-7.361094146880324818e-01
-4.578653237011908184e-01
-2.783166735686197213e-01
-1.737176987160714003e-01
-9.993583599881075696e-02
-6.169494465394093075e-02
-3.677794537493841998e-02
-1.885686485654672340e-02
-1.577079434820460868e-02
-1.889327614808475331e-02
-3.674809900510112026e-02
-6.167853859282695916e-02
-9.988272510221959943e-02
-1.737016761589793568e-01
-2.782555544701542649e-01
-4.494976927295554758e-01
-7.610021832786197926e-01
-1.020040299616463031e+00
-3.532049414404780374e-01
1.567906200524994409e+00
2.762756601700893100e+00
1.567936263813468400e+00
-3.532047061158761214e-01
-1.020092924347102414e+00
-7.609504932959334500e-01
-4.495114314427648972e-01
-2.495908983036460860e-01
-1.526401127062890217e-01
-8.435208236128391435e-02
-4.964609663831368036e-02
-2.940469263037007175e-02
-1.729651785284141985e-02
-1.889327614808469780e-02
-2.676247882234561448e-02
-5.217580827979412250e-02
-8.741045363572855220e-02
-1.336709092698973866e-01
-2.103868684496867925e-01
-3.079077124049606762e-01
-4.578512104434797614e-01
-7.361457947577434435e-01
-1.024871591202222154e+00
-6.541345891599816831e-01
6.955377721894079324e-01
1.567936263813469067e+00
6.998319495851186289e-01
-6.444710476744717198e-01
-1.005581280287239698e+00
-7.042076325112431867e-01
-4.101750066833715902e-01
-2.269596337113493900e-01
-1.414857228670608758e-01
-8.128860484488120708e-02
-5.078016919367184245e-02
-3.528430579972752223e-02
-2.934081092655563272e-02
-3.674809900510109251e-02
-5.217580827979401148e-02
-8.579433742980938082e-02
-1.319582921282760057e-01
-1.819007884908521999e-01
-2.494714148045374669e-01
-3.314635778626299212e-01
-4.485657594178429353e-01
-6.561789233803336785e-01
-9.441199821800099201e-01
-1.024875366565018764e+00
-6.541043032041093941e-01
-3.532047061158753443e-01
-6.444710476744713867e-01
-1.001045298536137995e+00
-8.969578742709318764e-01
-5.861913333908482793e-01
-3.582644365046738777e-01
-2.024595081273868891e-01
-1.337180911102122949e-01
-8.844031472282301576e-02
-6.247877527176792789e-02
-5.075610469185282136e-02
-4.958681604769535345e-02
-6.167853859282657059e-02
-8.741045363572852445e-02
-1.319582921282760335e-01
-1.890525879145553978e-01
-2.419841295553577243e-01
-3.000802246047814537e-01
-3.689712232153816718e-01
-4.460181007581283663e-01
-5.629826980174085227e-01
-7.516469552414444255e-01
-9.441365351555300878e-01
-1.024822183486760352e+00
-1.020092924347102414e+00
-1.005581280287239920e+00
-8.969578742709316543e-01
-6.658395756876278604e-01
-4.451936808154941527e-01
-3.000802246047811206e-01
-1.866509463650718459e-01
-1.414392793377991786e-01
-1.116862538013844441e-01
-8.849201159024303043e-02
-8.131741677485057607e-02
-8.443184963787109254e-02
-9.988272510221921086e-02
-1.336709092698972201e-01
-1.819007884908522277e-01
-2.419841295553578631e-01
-3.013299884751392543e-01
-3.582644365046740442e-01
-4.136794353799586599e-01
-4.486129389868163120e-01
-4.869093930383842084e-01
-5.629442106176312244e-01
-6.562294822684482387e-01
-7.361094146880329259e-01
-7.609504932959336720e-01
-7.042076325112431867e-01
-5.861913333908483903e-01
-4.451936808154943193e-01
-3.279971464921952462e-01
-2.494714148045374391e-01
-1.737016761589794678e-01
-1.526774696450233504e-01
-1.414631505146162205e-01
-1.337500790464226375e-01
-1.414631505146160262e-01
-1.526774696450234614e-01
-1.737016761589794400e-01
-2.103868684496870978e-01
-2.494714148045375779e-01
-3.000802246047813981e-01
-3.582644365046739887e-01
-4.101750066833715347e-01
-4.495114314427652302e-01
-4.578653237011911514e-01
-4.485927500039778026e-01
-4.460556593916531476e-01
-4.485927500039778026e-01
-4.578653237011911514e-01
-4.495114314427652302e-01
-4.101750066833714237e-01
-3.582644365046741552e-01
-3.000802246047813426e-01
-2.494714148045378832e-01
-2.103868684496872365e-01
-1.650763994664154743e-01
-1.737427883879324730e-01
-1.866744080357477242e-01
-2.024175624803923046e-01
-2.269119735565215401e-01
-2.495834032224684140e-01
-2.782555544701547090e-01
-3.079077124049608982e-01
-3.314635778626299767e-01
-3.689712232153817828e-01
-4.136794353799587709e-01
-4.495114314427652857e-01
-4.643878508845379338e-01
-4.494726030576951525e-01
-4.136703385063178473e-01
-3.689389456711177906e-01
-3.314255111131428899e-01
-3.079102264645494080e-01
-2.783166735686198323e-01
-2.495908983036460027e-01
-2.269596337113494733e-01
-2.024595081273871389e-01
-1.866509463650721790e-01
-1.737016761589795788e-01
-1.737427883879323343e-01
-2.103886408150425491e-01
-2.493889199175148286e-01
-3.001080857267782731e-01
-3.582252413040051264e-01
-4.101919808396688460e-01
-4.494976927295557534e-01
-4.578512104434799279e-01
-4.485657594178431018e-01
-4.460181007581284773e-01
-4.486129389868164230e-01
-4.578653237011914290e-01
-4.494726030576952081e-01
-4.101660105644425736e-01
-3.582575587003811735e-01
-3.000484535785790108e-01
-2.494219733536021666e-01
-2.104141407362615790e-01
-1.737176987160715114e-01
-1.526401127062889940e-01
-1.414857228670610145e-01
-1.337180911102122116e-01
-1.414392793377991231e-01
-1.526774696450234614e-01
-1.866744080357473634e-01
-2.493889199175145233e-01
-3.278972256247180694e-01
-4.451858313431601433e-01
-5.861365092101646912e-01
-7.041830804624180651e-01
-7.610021832786200147e-01
-7.361457947577436656e-01
-6.561789233803340116e-01
-5.629826980174088558e-01
-4.869093930383844859e-01
-4.485927500039780247e-01
-4.136703385063178473e-01
-3.582575587003809514e-01
-3.013702635777616434e-01
-2.419384376829690209e-01
-1.818464735418794664e-01
-1.336256124860982775e-01
-9.993583599881061819e-02
-8.435208236128396986e-02
-8.128860484488106830e-02
-8.844031472282271045e-02
-1.116862538013841388e-01
-1.414631505146158041e-01
-2.024175624803919993e-01
-3.001080857267779400e-01
-4.451858313431599212e-01
-6.659092204373202595e-01
-8.969799225922978625e-01
-1.005593075338901077e+00
-1.020040299616463253e+00
-1.024871591202222154e+00
-9.441199821800101422e-01
-7.516469552414444255e-01
-5.629442106176311134e-01
-4.460556593916530921e-01
-3.689389456711179571e-01
-3.000484535785791218e-01
-2.419384376829688821e-01
-1.890924636989082253e-01
-1.320099622703058695e-01
-8.733490996032433618e-02
-6.169494465394093075e-02
-4.964609663831368036e-02
-5.078016919367189796e-02
-6.247877527176773360e-02
-8.849201159024266961e-02
-1.337500790464222489e-01
-2.269119735565211793e-01
-3.582252413040047379e-01
-5.861365092101643581e-01
-8.969799225922978625e-01
-1.001063701280279883e+00
-6.444725049650739113e-01
-3.532049414404773158e-01
-6.541345891599812390e-01
-1.024875366565018986e+00
-9.441365351555297547e-01
-6.562294822684481277e-01
-4.485927500039775806e-01
-3.314255111131428344e-01
-2.494219733536021111e-01
-1.818464735418796885e-01
-1.320099622703059250e-01
-8.586454020886585825e-02
-5.215418245514175100e-02
-3.677794537493805915e-02
-2.940469263036990522e-02
-3.528430579972757775e-02
-5.075610469185309892e-02
-8.131741677485065933e-02
-1.414631505146158874e-01
-2.495834032224682753e-01
-4.101919808396685130e-01
-7.041830804624176210e-01
-1.005593075338901077e+00
-6.444725049650742443e-01
6.998208373868346488e-01
1.567906200524994631e+00
6.955377721894077103e-01
-6.541043032041096161e-01
-1.024822183486760352e+00
-7.361094146880324818e-01
-4.578653237011908184e-01
-3.079102264645491860e-01
-2.104141407362614125e-01
-1.336256124860983330e-01
-8.733490996032453046e-02
-5.215418245514180651e-02
-2.667326341066639239e-02
-1.885686485654683442e-02
-1.729651785284130883e-02
-2.934081092655568823e-02
-4.958681604769551998e-02
-8.443184963787139785e-02
-1.526774696450233781e-01
-2.782555544701542649e-01
-4.494976927295554758e-01
-7.610021832786197926e-01
-1.020040299616463031e+00
-3.532049414404780374e-01
1.567906200524994409e+00
2.762756601700893100e+00
1.567936263813468400e+00
-3.532047061158761214e-01
-1.020092924347102414e+00
-7.609504932959334500e-01
-4.495114314427648972e-01
-2.783166735686197213e-01
-1.737176987160714003e-01
-9.993583599881075696e-02
-6.169494465394093075e-02
-3.677794537493841998e-02
-1.885686485654672340e-02
-1.577079434820460868e-02
-1.889327614808475331e-02
-3.674809900510112026e-02
-6.167853859282695916e-02
-9.988272510221959943e-02
-1.737016761589793568e-01
-3.079077124049606762e-01
-4.578512104434797614e-01
-7.361457947577434435e-01
-1.024871591202222154e+00
-6.541345891599816831e-01
6.955377721894079324e-01
1.567936263813469067e+00
6.998319495851186289e-01
-6.444710476744717198e-01
-1.005581280287239698e+00
-7.042076325112431867e-01
-4.101750066833715902e-01
-2.495908983036460860e-01
-1.526401127062890217e-01
-8.435208236128391435e-02
-4.964609663831368036e-02
-2.940469263037007175e-02
-1.729651785284141985e-02
-1.889327614808469780e-02
-2.676247882234561448e-02
-5.217580827979412250e-02
-8.741045363572855220e-02
-1.336709092698973866e-01
-2.103868684496867925e-01
-3.314635778626299212e-01
-4.485657594178429353e-01
-6.561789233803336785e-01
-9.441199821800099201e-01
-1.024875366565018764e+00
-6.541043032041093941e-01
-3.532047061158753443e-01
-6.444710476744713867e-01
-1.001045298536137995e+00
-8.969578742709318764e-01
-5.861913333908482793e-01
-3.582644365046738777e-01
-2.269596337113493900e-01
-1.414857228670608758e-01
-8.128860484488120708e-02
-5.078016919367184245e-02
-3.528430579972752223e-02
-2.934081092655563272e-02
-3.674809900510109251e-02
-5.217580827979401148e-02
-8.579433742980938082e-02
-1.319582921282760057e-01
-1.819007884908521999e-01
-2.494714148045374669e-01
-3.689712232153816718e-01
-4.460181007581283663e-01
-5.629826980174085227e-01
-7.516469552414444255e-01
-9.441365351555300878e-01
-1.024822183486760352e+00
-1.020092924347102414e+00
-1.005581280287239920e+00
-8.969578742709316543e-01
-6.658395756876278604e-01
-4.451936808154941527e-01
-3.000802246047811206e-01
-2.024595081273868891e-01
-1.337180911102122949e-01
-8.844031472282301576e-02
-6.247877527176792789e-02
-5.075610469185282136e-02
-4.958681604769535345e-02
-6.167853859282657059e-02
-8.741045363572852445e-02
-1.319582921282760335e-01
-1.890525879145553978e-01
-2.419841295553577243e-01
-3.000802246047814537e-01
-4.136794353799586599e-01
-4.486129389868163120e-01
-4.869093930383842084e-01
-5.629442106176312244e-01
-6.562294822684482387e-01
-7.361094146880329259e-01
-7.609504932959336720e-01
-7.042076325112431867e-01
-5.861913333908483903e-01
-4.451936808154943193e-01
-3.279971464921952462e-01
-2.494714148045374391e-01
-1.866509463650718459e-01
-1.414392793377991786e-01
-1.116862538013844441e-01
-8.849201159024303043e-02
-8.131741677485057607e-02
-8.443184963787109254e-02
-9.988272510221921086e-02
-1.336709092698972201e-01
-1.819007884908522277e-01
-2.419841295553578631e-01
-3.013299884751392543e-01
-3.582644365046740442e-01
-4.495114314427652302e-01
-4.578653237011911514e-01
-4.485927500039778026e-01
-4.460556593916531476e-01
-4.485927500039778026e-01
-4.578653237011911514e-01
-4.495114314427652302e-01
-4.101750066833714237e-01
-3.582644365046741552e-01
-3.000802246047813426e-01
-2.494714148045378832e-01
-2.103868684496872365e-01
-1.737016761589794678e-01
-1.526774696450233504e-01
-1.414631505146162205e-01
-1.337500790464226375e-01
-1.414631505146160262e-01
-1.526774696450234614e-01
-1.737016761589794400e-01
-2.103868684496870978e-01
-2.494714148045375779e-01
-3.000802246047813981e-01
-3.582644365046739887e-01
-4.101750066833715347e-01
-8.052225914001993612e-01
-7.610351599351905527e-01
-6.501875490656133794e-01
-5.132959518874948834e-01
-3.982171921813922877e-01
-3.314623169431915040e-01
-2.787293271058011723e-01
-2.269596337113494178e-01
-1.883710892466053943e-01
-1.515270314579237609e-01
-1.188712522590263387e-01
-9.988272510221946066e-02
-9.433024583960608611e-02
-9.990285934224052422e-02
-1.188609301305640076e-01
-1.515115909046774456e-01
-1.884066751798766370e-01
-2.268751677264725375e-01
-2.787256199620383179e-01
-3.314635778626299767e-01
-3.981806285793975109e-01
-5.132856224476325391e-01
-6.502064653777150927e-01
-7.609504932959334500e-01
-7.610351599351905527e-01
-7.041516226360043929e-01
-5.861761054694004658e-01
-4.451668642842008250e-01
-3.279425314895390575e-01
-2.493845878819966611e-01
-1.866485554988091544e-01
-1.414857228670607370e-01
-1.116100253039506163e-01
-8.849686428502445690e-02
-8.123672042519267111e-02
-8.443184963787128683e-02
-9.990285934224030218e-02
-1.336136831056357610e-01
-1.818419469178544357e-01
-2.419015141574799577e-01
-3.013846721802524442e-01
-3.582663089695887204e-01
-4.136961910432558343e-01
-4.485657594178430463e-01
-4.869259070685059143e-01
-5.629820390396558238e-01
-6.561957381648122478e-01
-7.361094146880329259e-01
-6.501875490656133794e-01
-5.861761054694005768e-01
-4.817849180836594192e-01
-3.626149997453716467e-01
-2.600177929605805849e-01
-1.818977339217535405e-01
-1.188325221519133390e-01
-8.128860484488106830e-02
-5.996267029587284969e-02
-4.901771749055452987e-02
-5.992961328231086182e-02
-8.131741677485035402e-02
-1.188609301305639521e-01
-1.818419469178541581e-01
-2.600559242680144934e-01
-3.626003639958313429e-01
-4.817797191908024246e-01
-5.861996892835845685e-01
-6.502159570442638259e-01
-6.561789233803339005e-01
-6.283510780819192565e-01
-6.140115716594212181e-01
-6.283408048951902858e-01
-6.562294822684484608e-01
-5.132959518874948834e-01
-4.451668642842007140e-01
-3.626149997453716467e-01
-2.750708960847584872e-01
-1.965646682520088839e-01
-1.319721122989893358e-01
-7.874189920658158925e-02
-5.078016919367200899e-02
-3.975912572371240183e-02
-3.365100590692593485e-02
-4.903487036326201198e-02
-8.849201159024278063e-02
-1.515115909046771403e-01
-2.419015141574797356e-01
-3.626003639958310654e-01
-5.414540024965661669e-01
-7.522637232274599350e-01
-8.969759194010884507e-01
-9.537928336987105959e-01
-9.441199821800101422e-01
-8.483657965055924066e-01
-7.111406901444825568e-01
-6.140349430095664029e-01
-5.629442106176312244e-01
-3.982171921813922877e-01
-3.279425314895390575e-01
-2.600177929605808069e-01
-1.965646682520090782e-01
-1.365411927253065705e-01
-8.579045020700282187e-02
-4.944829832189898133e-02
-3.528430579972718917e-02
-3.673998318593130197e-02
-3.967074522012850601e-02
-5.992961328231113938e-02
-1.116862538013843609e-01
-1.884066751798763040e-01
-3.013846721802522222e-01
-4.817797191908020915e-01
-7.522637232274596020e-01
-9.882640061896177386e-01
-1.001066010100138737e+00
-9.444378158316799610e-01
-1.024875366565018542e+00
-1.038121050166221027e+00
-8.483538193866326793e-01
-6.283408048951899527e-01
-4.869093930383842084e-01
-3.314623169431915595e-01
-2.493845878819967443e-01
-1.818977339217537903e-01
-1.319721122989896411e-01
-8.579045020700301616e-02
-5.224663589064398872e-02
-3.674468542418252159e-02
-2.934081092655557721e-02
-3.536646567316165113e-02
-5.079870524450766367e-02
-8.123672042519267111e-02
-1.414392793377989566e-01
-2.268751677264724820e-01
-3.582663089695882208e-01
-5.861996892835843465e-01
-8.969759194010882286e-01
-1.001066010100138959e+00
-6.444742191892582905e-01
-3.532382013912327978e-01
-6.541043032041093941e-01
-1.024864987873588484e+00
-9.441357877654015240e-01
-6.561957381648120258e-01
-4.486129389868163120e-01
-2.787293271058012833e-01
-1.866485554988092654e-01
-1.188325221519134778e-01
-7.874189920658181130e-02
-4.944829832189923113e-02
-3.674468542418279915e-02
-3.869111236060407411e-02
-3.674809900510106475e-02
-4.950743947016245095e-02
-7.871643776571363160e-02
-1.188712522590261722e-01
-1.866509463650717349e-01
-2.787256199620381514e-01
-4.136961910432555567e-01
-6.502159570442632708e-01
-9.537928336987104849e-01
-9.444378158316802940e-01
-3.532382013912329644e-01
7.687609323277405649e-02
-3.532047061158753998e-01
-9.444081573615876746e-01
-9.537229164929961200e-01
-6.502064653777148706e-01
-4.136794353799584378e-01
-2.269596337113494178e-01
-1.414857228670607925e-01
-8.128860484488120708e-02
-5.078016919367192572e-02
-3.528430579972741121e-02
-2.934081092655563272e-02
-3.674809900510112026e-02
-5.217580827979423352e-02
-8.579433742980965838e-02
-1.319582921282762833e-01
-1.819007884908523109e-01
-2.494714148045373281e-01
-3.314635778626297546e-01
-4.485657594178428242e-01
-6.561789233803339005e-01
-9.441199821800101422e-01
-1.024875366565018764e+00
-6.541043032041093941e-01
-3.532047061158751222e-01
-6.444710476744711647e-01
-1.001045298536137995e+00
-8.969578742709318764e-01
-5.861913333908485013e-01
-3.582644365046739332e-01
-1.883710892466055054e-01
-1.116100253039506718e-01
-5.996267029587321051e-02
-3.975912572371284592e-02
-3.673998318593124646e-02
-3.536646567316192868e-02
-4.950743947016225666e-02
-8.579433742980946409e-02
-1.366202943134981751e-01
-1.966312946073967283e-01
-2.600236919126461266e-01
-3.279971464921954682e-01
-3.981806285793975664e-01
-4.869259070685060253e-01
-6.283510780819190344e-01
-8.483657965055924066e-01
-1.038121050166220805e+00
-1.024864987873587818e+00
-9.444081573615876746e-01
-1.001045298536137773e+00
-9.882444561573782149e-01
-7.522635773819357219e-01
-4.818219091696427370e-01
-3.013299884751391433e-01
-1.515270314579233168e-01
-8.849686428502467894e-02
-4.901771749055483518e-02
-3.365100590692626792e-02
-3.967074522012850601e-02
-5.079870524450741387e-02
-7.871643776571329854e-02
-1.319582921282760890e-01
-1.966312946073966450e-01
-2.750130669021383367e-01
-3.626124238764281138e-01
-4.451936808154945968e-01
-5.132856224476327611e-01
-5.629820390396556018e-01
-6.140115716594208850e-01
-7.111406901444825568e-01
-8.483538193866326793e-01
-9.441357877654016351e-01
-9.537229164929963421e-01
-8.969578742709318764e-01
-7.522635773819357219e-01
-5.413775602002739440e-01
-3.626124238764278918e-01
-2.419841295553576688e-01
-1.188712522590261722e-01
-8.123672042519264336e-02
-5.992961328231122264e-02
-4.903487036326203974e-02
-5.992961328231091733e-02
-8.123672042519261560e-02
-1.188712522590258391e-01
-1.819007884908521722e-01
-2.600236919126460156e-01
-3.626124238764280028e-01
-4.818219091696428480e-01
-5.861913333908488344e-01
-6.502064653777150927e-01
-6.561957381648122478e-01
-6.283408048951901748e-01
-6.140349430095664029e-01
-6.283408048951902858e-01
-6.561957381648122478e-01
-6.502064653777153147e-01
-5.861913333908487234e-01
-4.818219091696428480e-01
-3.626124238764281138e-01
-2.600236919126461266e-01
-1.819007884908521999e-01
-9.988272510221918310e-02
-8.443184963787100927e-02
-8.131741677485032627e-02
-8.849201159024278063e-02
-1.116862538013841666e-01
-1.414392793377988733e-01
-1.866509463650717904e-01
-2.494714148045374391e-01
-3.279971464921952462e-01
-4.451936808154944858e-01
-5.861913333908485013e-01
-7.042076325112429647e-01
-7.609504932959334500e-01
-7.361094146880329259e-01
-6.562294822684484608e-01
-5.629442106176313354e-01
-4.869093930383845414e-01
-4.486129389868164785e-01
-4.136794353799587154e-01
-3.582644365046739332e-01
-3.013299884751392543e-01
-2.419841295553580018e-01
-1.819007884908523942e-01
-1.336709092698975254e-01
-9.433024583960608611e-02
-9.990285934224052422e-02
-1.188609301305640076e-01
-1.515115909046774456e-01
-1.884066751798766370e-01
-2.268751677264725375e-01
-2.787256199620383179e-01
-3.314635778626299767e-01
-3.981806285793975109e-01
-5.132856224476325391e-01
-6.502064653777150927e-01
-7.609504932959334500e-01
-8.052225914001993612e-01
-7.610351599351905527e-01
-6.501875490656133794e-01
-5.132959518874948834e-01
-3.982171921813922877e-01
-3.314623169431915040e-01
-2.787293271058011723e-01
-2.269596337113494178e-01
-1.883710892466053943e-01
-1.515270314579237609e-01
-1.188712522590263387e-01
-9.988272510221946066e-02
-9.990285934224030218e-02
-1.336136831056357610e-01
-1.818419469178544357e-01
-2.419015141574799577e-01
-3.013846721802524442e-01
-3.582663089695887204e-01
-4.136961910432558343e-01
-4.485657594178430463e-01
-4.869259070685059143e-01
-5.629820390396558238e-01
-6.561957381648122478e-01
-7.361094146880329259e-01
-7.610351599351905527e-01
-7.041516226360043929e-01
-5.861761054694004658e-01
-4.451668642842008250e-01
-3.279425314895390575e-01
-2.493845878819966611e-01
-1.866485554988091544e-01
-1.414857228670607370e-01
-1.116100253039506163e-01
-8.849686428502445690e-02
-8.123672042519267111e-02
-8.443184963787128683e-02
-1.188609301305639521e-01
-1.818419469178541581e-01
-2.600559242680144934e-01
-3.626003639958313429e-01
-4.817797191908024246e-01
-5.861996892835845685e-01
-6.502159570442638259e-01
-6.561789233803339005e-01
-6.283510780819192565e-01
-6.140115716594212181e-01
-6.283408048951902858e-01
-6.562294822684484608e-01
-6.501875490656133794e-01
-5.861761054694005768e-01
-4.817849180836594192e-01
-3.626149997453716467e-01
-2.600177929605805849e-01
-1.818977339217535405e-01
-1.188325221519133390e-01
-8.128860484488106830e-02
-5.996267029587284969e-02
-4.901771749055452987e-02
-5.992961328231086182e-02
-8.131741677485035402e-02
-1.515115909046771403e-01
-2.419015141574797356e-01
-3.626003639958310654e-01
-5.414540024965661669e-01
-7.522637232274599350e-01
-8.969759194010884507e-01
-9.537928336987105959e-01
-9.441199821800101422e-01
-8.483657965055924066e-01
-7.111406901444825568e-01
-6.140349430095664029e-01
-5.629442106176312244e-01
-5.132959518874948834e-01
-4.451668642842007140e-01
-3.626149997453716467e-01
-2.750708960847584872e-01
-1.965646682520088839e-01
-1.319721122989893358e-01
-7.874189920658158925e-02
-5.078016919367200899e-02
-3.975912572371240183e-02
-3.365100590692593485e-02
-4.903487036326201198e-02
-8.849201159024278063e-02
-1.884066751798763040e-01
-3.013846721802522222e-01
-4.817797191908020915e-01
-7.522637232274596020e-01
-9.882640061896177386e-01
-1.001066010100138737e+00
-9.444378158316799610e-01
-1.024875366565018542e+00
-1.038121050166221027e+00
-8.483538193866326793e-01
-6.283408048951899527e-01
-4.869093930383842084e-01
-3.982171921813922877e-01
-3.279425314895390575e-01
-2.600177929605808069e-01
-1.965646682520090782e-01
-1.365411927253065705e-01
-8.579045020700282187e-02
-4.944829832189898133e-02
-3.528430579972718917e-02
-3.673998318593130197e-02
-3.967074522012850601e-02
-5.992961328231113938e-02
-1.116862538013843609e-01
-2.268751677264724820e-01
-3.582663089695882208e-01
-5.861996892835843465e-01
-8.969759194010882286e-01
-1.001066010100138959e+00
-6.444742191892582905e-01
-3.532382013912327978e-01
-6.541043032041093941e-01
-1.024864987873588484e+00
-9.441357877654015240e-01
-6.561957381648120258e-01
-4.486129389868163120e-01
-3.314623169431915595e-01
-2.493845878819967443e-01
-1.818977339217537903e-01
-1.319721122989896411e-01
-8.579045020700301616e-02
-5.224663589064398872e-02
-3.674468542418252159e-02
-2.934081092655557721e-02
-3.536646567316165113e-02
-5.079870524450766367e-02
-8.123672042519267111e-02
-1.414392793377989566e-01
-2.787256199620381514e-01
-4.136961910432555567e-01
-6.502159570442632708e-01
-9.537928336987104849e-01
-9.444378158316802940e-01
-3.532382013912329644e-01
7.687609323277405649e-02
-3.532047061158753998e-01
-9.444081573615876746e-01
-9.537229164929961200e-01
-6.502064653777148706e-01
-4.136794353799584378e-01
-2.787293271058012833e-01
-1.866485554988092654e-01
-1.188325221519134778e-01
-7.874189920658181130e-02
-4.944829832189923113e-02
-3.674468542418279915e-02
-3.869111236060407411e-02
-3.674809900510106475e-02
-4.950743947016245095e-02
-7.871643776571363160e-02
-1.188712522590261722e-01
-1.866509463650717349e-01
-3.314635778626297546e-01
-4.485657594178428242e-01
-6.561789233803339005e-01
-9.441199821800101422e-01
-1.024875366565018764e+00
-6.541043032041093941e-01
-3.532047061158751222e-01
-6.444710476744711647e-01
-1.001045298536137995e+00
-8.969578742709318764e-01
-5.861913333908485013e-01
-3.582644365046739332e-01
-2.269596337113494178e-01
-1.414857228670607925e-01
-8.128860484488120708e-02
-5.078016919367192572e-02
-3.528430579972741121e-02
-2.934081092655563272e-02
-3.674809900510112026e-02
-5.217580827979423352e-02
-8.579433742980965838e-02
-1.319582921282762833e-01
-1.819007884908523109e-01
-2.494714148045373281e-01
-3.981806285793975664e-01
-4.869259070685060253e-01
-6.283510780819190344e-01
-8.483657965055924066e-01
-1.038121050166220805e+00
-1.024864987873587818e+00
-9.444081573615876746e-01
-1.001045298536137773e+00
-9.882444561573782149e-01
-7.522635773819357219e-01
-4.818219091696427370e-01
-3.013299884751391433e-01
-1.883710892466055054e-01
-1.116100253039506718e-01
-5.996267029587321051e-02
-3.975912572371284592e-02
-3.673998318593124646e-02
-3.536646567316192868e-02
-4.950743947016225666e-02
-8.579433742980946409e-02
-1.366202943134981751e-01
-1.966312946073967283e-01
-2.600236919126461266e-01
-3.279971464921954682e-01
-5.132856224476327611e-01
-5.629820390396556018e-01
-6.140115716594208850e-01
-7.111406901444825568e-01
-8.483538193866326793e-01
-9.441357877654016351e-01
-9.537229164929963421e-01
-8.969578742709318764e-01
-7.522635773819357219e-01
-5.413775602002739440e-01
-3.626124238764278918e-01
-2.419841295553576688e-01
-1.515270314579233168e-01
-8.849686428502467894e-02
-4.901771749055483518e-02
-3.365100590692626792e-02
-3.967074522012850601e-02
-5.079870524450741387e-02
-7.871643776571329854e-02
-1.319582921282760890e-01
-1.966312946073966450e-01
-2.750130669021383367e-01
-3.626124238764281138e-01
-4.451936808154945968e-01
-6.502064653777150927e-01
-6.561957381648122478e-01
-6.283408048951901748e-01
-6.140349430095664029e-01
-6.283408048951902858e-01
-6.561957381648122478e-01
-6.502064653777153147e-01
-5.861913333908487234e-01
-4.818219091696428480e-01
-3.626124238764281138e-01
-2.600236919126461266e-01
-1.819007884908521999e-01
-1.188712522590261722e-01
-8.123672042519264336e-02
-5.992961328231122264e-02
-4.903487036326203974e-02
-5.992961328231091733e-02
-8.123672042519261560e-02
-1.188712522590258391e-01
-1.819007884908521722e-01
-2.600236919126460156e-01
-3.626124238764280028e-01
-4.818219091696428480e-01
-5.861913333908488344e-01
-7.609504932959334500e-01
-7.361094146880329259e-01
-6.562294822684484608e-01
-5.629442106176313354e-01
-4.869093930383845414e-01
-4.486129389868164785e-01
-4.136794353799587154e-01
-3.582644365046739332e-01
-3.013299884751392543e-01
-2.419841295553580018e-01
-1.819007884908523942e-01
-1.336709092698975254e-01
-9.988272510221918310e-02
-8.443184963787100927e-02
-8.131741677485032627e-02
-8.849201159024278063e-02
-1.116862538013841666e-01
-1.414392793377988733e-01
-1.866509463650717904e-01
-2.494714148045374391e-01
-3.279971464921952462e-01
-4.451936808154944858e-01
-5.861913333908485013e-01
-7.042076325112429647e-01
-1.003758374541985576e+00
-1.020023804209122531e+00
-9.537616100457515511e-01
-7.387765681810632978e-01
-5.132479986533780014e-01
-3.689352102967256575e-01
-2.759438086582879368e-01
-2.024595081273867780e-01
-1.515270314579235111e-01
-1.136239809474420548e-01
-7.871643776571374262e-02
-6.167853859282709794e-02
-6.089616187511284751e-02
-6.171144006128151394e-02
-7.877312285954102267e-02
-1.136496176256579227e-01
-1.515595441387941056e-01
-2.024212978547840769e-01
-2.759438086582879368e-01
-3.689712232153814497e-01
-5.132856224476323170e-01
-7.387523837371279267e-01
-9.537229164929960090e-01
-1.020092924347102414e+00
-1.020023804209122975e+00
-1.005630664025279231e+00
-8.969929085276979741e-01
-6.658743604671455429e-01
-4.451916210629619508e-01
-3.001130429375457598e-01
-2.024212978547838548e-01
-1.337180911102120451e-01
-8.849686428502459568e-02
-6.252980591389167841e-02
-5.079870524450733060e-02
-4.958681604769543672e-02
-6.171144006128134740e-02
-8.740600958002645027e-02
-1.319626346986790821e-01
-1.891042824513158305e-01
-2.418899668463609653e-01
-3.001130429375461484e-01
-3.689352102967261016e-01
-4.460181007581281998e-01
-5.629820390396556018e-01
-7.516189658170879806e-01
-9.441357877654014130e-01
-1.024822183486760574e+00
-9.537616100457513291e-01
-8.969929085276983072e-01
-7.522505613273567926e-01
-5.414292486816645322e-01
-3.626279439820276340e-01
-2.418899668463607155e-01
-1.515595441387938558e-01
-8.844031472282273820e-02
-4.901771749055464089e-02
-3.372013298817902460e-02
-3.967074522012814519e-02
-5.075610469185268259e-02
-7.877312285954096716e-02
-1.319626346986790544e-01
-1.966781877746558993e-01
-2.750162062390828499e-01
-3.626279439820278006e-01
-4.451916210629621729e-01
-5.132479986533782235e-01
-5.629826980174088558e-01
-6.140115716594208850e-01
-7.111510067238073773e-01
-8.483538193866329014e-01
-9.441365351555300878e-01
-7.387765681810635199e-01
-6.658743604671457650e-01
-5.414292486816647543e-01
-3.929096824076656613e-01
-2.750162062390826279e-01
-1.891042824513156084e-01
-1.136496176256576451e-01
-6.247877527176781687e-02
-3.365100590692582383e-02
-2.054364523027685241e-02
-3.365100590692574056e-02
-6.247877527176770585e-02
-1.136496176256576174e-01
-1.891042824513156639e-01
-2.750162062390826834e-01
-3.929096824076656058e-01
-5.414292486816647543e-01
-6.658743604671457650e-01
-7.387765681810635199e-01
-7.516469552414445365e-01
-7.111406901444827788e-01
-6.819997249466002165e-01
-7.111406901444827788e-01
-7.516469552414447586e-01
-5.132479986533783345e-01
-4.451916210629622284e-01
-3.626279439820278561e-01
-2.750162062390827389e-01
-1.966781877746559271e-01
-1.319626346986791376e-01
-7.877312285954113369e-02
-5.075610469185284912e-02
-3.967074522012820070e-02
-3.372013298817905236e-02
-4.901771749055452987e-02
-8.844031472282273820e-02
-1.515595441387938835e-01
-2.418899668463606600e-01
-3.626279439820276340e-01
-5.414292486816645322e-01
-7.522505613273567926e-01
-8.969929085276981962e-01
-9.537616100457513291e-01
-9.441365351555299767e-01
-8.483538193866329014e-01
-7.111510067238073773e-01
-6.140115716594208850e-01
-5.629826980174088558e-01
-3.689352102967261016e-01
-3.001130429375462039e-01
-2.418899668463610486e-01
-1.891042824513157472e-01
-1.319626346986789156e-01
-8.740600958002656129e-02
-6.171144006128137516e-02
-4.958681604769532569e-02
-5.079870524450744163e-02
-6.252980591389167841e-02
-8.849686428502448465e-02
-1.337180911102120451e-01
-2.024212978547837993e-01
-3.001130429375457043e-01
-4.451916210629618398e-01
-6.658743604671455429e-01
-8.969929085276979741e-01
-1.005630664025279231e+00
-1.020023804209122753e+00
-1.024822183486760352e+00
-9.441357877654015240e-01
-7.516189658170879806e-01
-5.629820390396558238e-01
-4.460181007581283108e-01
-2.759438086582880478e-01
-2.024212978547840769e-01
-1.515595441387942166e-01
-1.136496176256579782e-01
-7.877312285954102267e-02
-6.171144006128143067e-02
-6.089616187511306955e-02
-6.167853859282701467e-02
-7.871643776571374262e-02
-1.136239809474420548e-01
-1.515270314579233724e-01
-2.024595081273866670e-01
-2.759438086582878258e-01
-3.689352102967256020e-01
-5.132479986533780014e-01
-7.387765681810631868e-01
-9.537616100457515511e-01
-1.020023804209122531e+00
-1.003758374541985576e+00
-1.020092924347102414e+00
-9.537229164929960090e-01
-7.387523837371280377e-01
-5.132856224476324281e-01
-3.689712232153816163e-01
-2.024595081273868336e-01
-1.337180911102121283e-01
-8.844031472282268269e-02
-6.247877527176784462e-02
-5.075610469185284912e-02
-4.958681604769518692e-02
-6.167853859282684814e-02
-8.741045363572877425e-02
-1.319582921282763111e-01
-1.890525879145557309e-01
-2.419841295553576965e-01
-3.000802246047812871e-01
-3.689712232153815608e-01
-4.460181007581285328e-01
-5.629826980174087447e-01
-7.516469552414446476e-01
-9.441365351555301988e-01
-1.024822183486760352e+00
-1.020092924347102192e+00
-1.005581280287239476e+00
-8.969578742709318764e-01
-6.658395756876280824e-01
-4.451936808154942637e-01
-3.000802246047810096e-01
-1.515270314579231503e-01
-8.849686428502448465e-02
-4.901771749055461314e-02
-3.365100590692587934e-02
-3.967074522012831173e-02
-5.079870524450755265e-02
-7.871643776571335405e-02
-1.319582921282761445e-01
-1.966312946073968393e-01
-2.750130669021383367e-01
-3.626124238764280028e-01
-4.451936808154944858e-01
-5.132856224476327611e-01
-5.629820390396558238e-01
-6.140115716594209960e-01
-7.111406901444827788e-01
-8.483538193866329014e-01
-9.441357877654016351e-01
-9.537229164929958980e-01
-8.969578742709318764e-01
-7.522635773819357219e-01
-5.413775602002739440e-01
-3.626124238764278362e-01
-2.419841295553576965e-01
-1.136239809474415552e-01
-6.252980591389167841e-02
-3.372013298817921889e-02
-2.054364523027696343e-02
-3.372013298817896909e-02
-6.252980591389159515e-02
-1.136239809474414997e-01
-1.890525879145552313e-01
-2.750130669021381147e-01
-3.930131044580063016e-01
-5.413775602002740550e-01
-6.658395756876281935e-01
-7.387523837371283708e-01
-7.516189658170877586e-01
-7.111510067238070443e-01
-6.819997249466003275e-01
-7.111510067238071553e-01
-7.516189658170879806e-01
-7.387523837371283708e-01
-6.658395756876281935e-01
-5.413775602002741660e-01
-3.930131044580064126e-01
-2.750130669021382812e-01
-1.890525879145553423e-01
-7.871643776571346507e-02
-5.079870524450760816e-02
-3.967074522012831173e-02
-3.365100590692599036e-02
-4.901771749055455762e-02
-8.849686428502431812e-02
-1.515270314579230393e-01
-2.419841295553576133e-01
-3.626124238764277807e-01
-5.413775602002739440e-01
-7.522635773819357219e-01
-8.969578742709317654e-01
-9.537229164929958980e-01
-9.441357877654015240e-01
-8.483538193866329014e-01
-7.111406901444826678e-01
-6.140115716594212181e-01
-5.629820390396558238e-01
-5.132856224476328721e-01
-4.451936808154945413e-01
-3.626124238764279473e-01
-2.750130669021385588e-01
-1.966312946073969503e-01
-1.319582921282763388e-01
-6.167853859282693141e-02
-4.958681604769543672e-02
-5.075610469185273810e-02
-6.247877527176776136e-02
-8.844031472282273820e-02
-1.337180911102119896e-01
-2.024595081273866670e-01
-3.000802246047810096e-01
-4.451936808154942082e-01
-6.658395756876279714e-01
-8.969578742709318764e-01
-1.005581280287239476e+00
-1.020092924347101970e+00
-1.024822183486760352e+00
-9.441365351555303098e-01
-7.516469552414445365e-01
-5.629826980174086337e-01
-4.460181007581285884e-01
-3.689712232153816718e-01
-3.000802246047813426e-01
-2.419841295553577520e-01
-1.890525879145558419e-01
-1.319582921282765331e-01
-8.741045363572871874e-02
-6.089616187511284751e-02
-6.171144006128151394e-02
-7.877312285954102267e-02
-1.136496176256579227e-01
-1.515595441387941056e-01
-2.024212978547840769e-01
-2.759438086582879368e-01
-3.689712232153814497e-01
-5.132856224476323170e-01
-7.387523837371279267e-01
-9.537229164929960090e-01
-1.020092924347102414e+00
-1.003758374541985576e+00
-1.020023804209122531e+00
-9.537616100457515511e-01
-7.387765681810632978e-01
-5.132479986533780014e-01
-3.689352102967256575e-01
-2.759438086582879368e-01
-2.024595081273867780e-01
-1.515270314579235111e-01
-1.136239809474420548e-01
-7.871643776571374262e-02
-6.167853859282709794e-02
-6.171144006128134740e-02
-8.740600958002645027e-02
-1.319626346986790821e-01
-1.891042824513158305e-01
-2.418899668463609653e-01
-3.001130429375461484e-01
-3.689352102967261016e-01
-4.460181007581281998e-01
-5.629820390396556018e-01
-7.516189658170879806e-01
-9.441357877654014130e-01
-1.024822183486760574e+00
-1.020023804209122975e+00
-1.005630664025279231e+00
-8.969929085276979741e-01
-6.658743604671455429e-01
-4.451916210629619508e-01
-3.001130429375457598e-01
-2.024212978547838548e-01
-1.337180911102120451e-01
-8.849686428502459568e-02
-6.252980591389167841e-02
-5.079870524450733060e-02
-4.958681604769543672e-02
-7.877312285954096716e-02
-1.319626346986790544e-01
-1.966781877746558993e-01
-2.750162062390828499e-01
-3.626279439820278006e-01
-4.451916210629621729e-01
-5.132479986533782235e-01
-5.629826980174088558e-01
-6.140115716594208850e-01
-7.111510067238073773e-01
-8.483538193866329014e-01
-9.441365351555300878e-01
-9.537616100457513291e-01
-8.969929085276983072e-01
-7.522505613273567926e-01
-5.414292486816645322e-01
-3.626279439820276340e-01
-2.418899668463607155e-01
-1.515595441387938558e-01
-8.844031472282273820e-02
-4.901771749055464089e-02
-3.372013298817902460e-02
-3.967074522012814519e-02
-5.075610469185268259e-02
-1.136496176256576174e-01
-1.891042824513156639e-01
-2.750162062390826834e-01
-3.929096824076656058e-01
-5.414292486816647543e-01
-6.658743604671457650e-01
-7.387765681810635199e-01
-7.516469552414445365e-01
-7.111406901444827788e-01
-6.819997249466002165e-01
-7.111406901444827788e-01
-7.516469552414447586e-01
-7.387765681810635199e-01
-6.658743604671457650e-01
-5.414292486816647543e-01
-3.929096824076656613e-01
-2.750162062390826279e-01
-1.891042824513156084e-01
-1.136496176256576451e-01
-6.247877527176781687e-02
-3.365100590692582383e-02
-2.054364523027685241e-02
-3.365100590692574056e-02
-6.247877527176770585e-02
-1.515595441387938835e-01
-2.418899668463606600e-01
-3.626279439820276340e-01
-5.414292486816645322e-01
-7.522505613273567926e-01
-8.969929085276981962e-01
-9.537616100457513291e-01
-9.441365351555299767e-01
-8.483538193866329014e-01
-7.111510067238073773e-01
-6.140115716594208850e-01
-5.629826980174088558e-01
-5.132479986533783345e-01
-4.451916210629622284e-01
-3.626279439820278561e-01
-2.750162062390827389e-01
-1.966781877746559271e-01
-1.319626346986791376e-01
-7.877312285954113369e-02
-5.075610469185284912e-02
-3.967074522012820070e-02
-3.372013298817905236e-02
-4.901771749055452987e-02
-8.844031472282273820e-02
-2.024212978547837993e-01
-3.001130429375457043e-01
-4.451916210629618398e-01
-6.658743604671455429e-01
-8.969929085276979741e-01
-1.005630664025279231e+00
-1.020023804209122753e+00
-1.024822183486760352e+00
-9.441357877654015240e-01
-7.516189658170879806e-01
-5.629820390396558238e-01
-4.460181007581283108e-01
-3.689352102967261016e-01
-3.001130429375462039e-01
-2.418899668463610486e-01
-1.891042824513157472e-01
-1.319626346986789156e-01
-8.740600958002656129e-02
-6.171144006128137516e-02
-4.958681604769532569e-02
-5.079870524450744163e-02
-6.252980591389167841e-02
-8.849686428502448465e-02
-1.337180911102120451e-01
-2.759438086582878258e-01
-3.689352102967256020e-01
-5.132479986533780014e-01
-7.387765681810631868e-01
-9.537616100457515511e-01
-1.020023804209122531e+00
-1.003758374541985576e+00
-1.020092924347102414e+00
-9.537229164929960090e-01
-7.387523837371280377e-01
-5.132856224476324281e-01
-3.689712232153816163e-01
-2.759438086582880478e-01
-2.024212978547840769e-01
-1.515595441387942166e-01
-1.136496176256579782e-01
-7.877312285954102267e-02
-6.171144006128143067e-02
-6.089616187511306955e-02
-6.167853859282701467e-02
-7.871643776571374262e-02
-1.136239809474420548e-01
-1.515270314579233724e-01
-2.024595081273866670e-01
-3.689712232153815608e-01
-4.460181007581285328e-01
-5.629826980174087447e-01
-7.516469552414446476e-01
-9.441365351555301988e-01
-1.024822183486760352e+00
-1.020092924347102192e+00
-1.005581280287239476e+00
-8.969578742709318764e-01
-6.658395756876280824e-01
-4.451936808154942637e-01
-3.000802246047810096e-01
-2.024595081273868336e-01
-1.337180911102121283e-01
-8.844031472282268269e-02
-6.247877527176784462e-02
-5.075610469185284912e-02
-4.958681604769518692e-02
-6.167853859282684814e-02
-8.741045363572877425e-02
-1.319582921282763111e-01
-1.890525879145557309e-01
-2.419841295553576965e-01
-3.000802246047812871e-01
-5.132856224476327611e-01
-5.629820390396558238e-01
-6.140115716594209960e-01
-7.111406901444827788e-01
-8.483538193866329014e-01
-9.441357877654016351e-01
-9.537229164929958980e-01
-8.969578742709318764e-01
-7.522635773819357219e-01
-5.413775602002739440e-01
-3.626124238764278362e-01
-2.419841295553576965e-01
-1.515270314579231503e-01
-8.849686428502448465e-02
-4.901771749055461314e-02
-3.365100590692587934e-02
-3.967074522012831173e-02
-5.079870524450755265e-02
-7.871643776571335405e-02
-1.319582921282761445e-01
-1.966312946073968393e-01
-2.750130669021383367e-01
-3.626124238764280028e-01
-4.451936808154944858e-01
-7.387523837371283708e-01
-7.516189658170877586e-01
-7.111510067238070443e-01
-6.819997249466003275e-01
-7.111510067238071553e-01
-7.516189658170879806e-01
-7.387523837371283708e-01
-6.658395756876281935e-01
-5.413775602002741660e-01
-3.930131044580064126e-01
-2.750130669021382812e-01
-1.890525879145553423e-01
-1.136239809474415552e-01
-6.252980591389167841e-02
-3.372013298817921889e-02
-2.054364523027696343e-02
-3.372013298817896909e-02
-6.252980591389159515e-02
-1.136239809474414997e-01
-1.890525879145552313e-01
-2.750130669021381147e-01
-3.930131044580063016e-01
-5.413775602002740550e-01
-6.658395756876281935e-01
-9.537229164929958980e-01
-9.441357877654015240e-01
-8.483538193866329014e-01
-7.111406901444826678e-01
-6.140115716594212181e-01
-5.629820390396558238e-01
-5.132856224476328721e-01
-4.451936808154945413e-01
-3.626124238764279473e-01
-2.750130669021385588e-01
-1.966312946073969503e-01
-1.319582921282763388e-01
-7.871643776571346507e-02
-5.079870524450760816e-02
-3.967074522012831173e-02
-3.365100590692599036e-02
-4.901771749055455762e-02
-8.849686428502431812e-02
-1.515270314579230393e-01
-2.419841295553576133e-01
-3.626124238764277807e-01
-5.413775602002739440e-01
-7.522635773819357219e-01
-8.969578742709317654e-01
-1.020092924347101970e+00
-1.024822183486760352e+00
-9.441365351555303098e-01
-7.516469552414445365e-01
-5.629826980174086337e-01
-4.460181007581285884e-01
-3.689712232153816718e-01
-3.000802246047813426e-01
-2.419841295553577520e-01
-1.890525879145558419e-01
-1.319582921282765331e-01
-8.741045363572871874e-02
-6.167853859282693141e-02
-4.958681604769543672e-02
-5.075610469185273810e-02
-6.247877527176776136e-02
-8.844031472282273820e-02
-1.337180911102119896e-01
-2.024595081273866670e-01
-3.000802246047810096e-01
-4.451936808154942082e-01
-6.658395756876279714e-01
-8.969578742709318764e-01
-1.005581280287239476e+00
7.687609323277400097e-02
-3.532382013912329644e-01
-9.444378158316804051e-01
-9.537928336987105959e-01
-6.502159570442633818e-01
-4.136961910432556122e-01
-2.787256199620382069e-01
-1.866509463650718459e-01
-1.188712522590263387e-01
-7.871643776571363160e-02
-4.950743947016239543e-02
-3.674809900510106475e-02
-3.869111236060396308e-02
-3.674468542418274364e-02
-4.944829832189928664e-02
-7.874189920658175579e-02
-1.188325221519135055e-01
-1.866485554988090434e-01
-2.787293271058011723e-01
-4.136794353799584378e-01
-6.502064653777146486e-01
-9.537229164929957870e-01
-9.444081573615876746e-01
-3.532047061158755108e-01
-3.532382013912327978e-01
-6.444742191892582905e-01
-1.001066010100139181e+00
-8.969759194010883396e-01
-5.861996892835843465e-01
-3.582663089695882763e-01
-2.268751677264725375e-01
-1.414392793377989010e-01
-8.123672042519278214e-02
-5.079870524450771918e-02
-3.536646567316165113e-02
-2.934081092655546619e-02
-3.674468542418249384e-02
-5.224663589064393321e-02
-8.579045020700290514e-02
-1.319721122989896689e-01
-1.818977339217538458e-01
-2.493845878819967166e-01
-3.314623169431913929e-01
-4.486129389868163120e-01
-6.561957381648119147e-01
-9.441357877654015240e-01
-1.024864987873588262e+00
-6.541043032041093941e-01
-9.444378158316799610e-01
-1.001066010100139181e+00
-9.882640061896177386e-01
-7.522637232274596020e-01
-4.817797191908022025e-01
-3.013846721802523332e-01
-1.884066751798763872e-01
-1.116862538013843609e-01
-5.992961328231108387e-02
-3.967074522012861704e-02
-3.673998318593141299e-02
-3.528430579972730019e-02
-4.944829832189887031e-02
-8.579045020700273860e-02
-1.365411927253064872e-01
-1.965646682520088839e-01
-2.600177929605808624e-01
-3.279425314895390020e-01
-3.982171921813922877e-01
-4.869093930383841529e-01
-6.283408048951899527e-01
-8.483538193866324573e-01
-1.038121050166220805e+00
-1.024875366565018542e+00
-9.537928336987107070e-01
-8.969759194010884507e-01
-7.522637232274599350e-01
-5.414540024965661669e-01
-3.626003639958311764e-01
-2.419015141574797911e-01
-1.515115909046772236e-01
-8.849201159024283614e-02
-4.903487036326195647e-02
-3.365100590692599036e-02
-3.975912572371240183e-02
-5.078016919367209225e-02
-7.874189920658153374e-02
-1.319721122989893358e-01
-1.965646682520088007e-01
-2.750708960847585427e-01
-3.626149997453715357e-01
-4.451668642842006585e-01
-5.132959518874947724e-01
-5.629442106176313354e-01
-6.140349430095661809e-01
-7.111406901444825568e-01
-8.483657965055924066e-01
-9.441199821800101422e-01
-6.502159570442638259e-01
-5.861996892835845685e-01
-4.817797191908024246e-01
-3.626003639958314539e-01
-2.600559242680144934e-01
-1.818419469178542136e-01
-1.188609301305639798e-01
-8.131741677485027076e-02
-5.992961328231097284e-02
-4.901771749055458538e-02
-5.996267029587268316e-02
-8.128860484488104055e-02
-1.188325221519133112e-01
-1.818977339217535683e-01
-2.600177929605806404e-01
-3.626149997453715357e-01
-4.817849180836593637e-01
-5.861761054694004658e-01
-6.501875490656133794e-01
-6.562294822684485718e-01
-6.283408048951903968e-01
-6.140115716594212181e-01
-6.283510780819193675e-01
-6.561789233803341226e-01
-4.136961910432560563e-01
-3.582663089695886649e-01
-3.013846721802525552e-01
-2.419015141574799854e-01
-1.818419469178544634e-01
-1.336136831056357610e-01
-9.990285934224035769e-02
-8.443184963787128683e-02
-8.123672042519256009e-02
-8.849686428502451241e-02
-1.116100253039505330e-01
-1.414857228670606537e-01
-1.866485554988090989e-01
-2.493845878819966333e-01
-3.279425314895391130e-01
-4.451668642842007140e-01
-5.861761054694003548e-01
-7.041516226360043929e-01
-7.610351599351905527e-01
-7.361094146880331479e-01
-6.561957381648122478e-01
-5.629820390396558238e-01
-4.869259070685058588e-01
-4.485657594178431018e-01
-2.787256199620384289e-01
-2.268751677264728150e-01
-1.884066751798766925e-01
-1.515115909046776121e-01
-1.188609301305639798e-01
-9.990285934224060749e-02
-9.433024583960597509e-02
-9.988272510221946066e-02
-1.188712522590263387e-01
-1.515270314579236499e-01
-1.883710892466052833e-01
-2.269596337113491957e-01
-2.787293271058010058e-01
-3.314623169431914484e-01
-3.982171921813922877e-01
-5.132959518874949945e-01
-6.501875490656133794e-01
-7.610351599351905527e-01
-8.052225914001993612e-01
-7.609504932959334500e-01
-6.502064653777150927e-01
-5.132856224476325391e-01
-3.981806285793976219e-01
-3.314635778626299767e-01
-1.866509463650717904e-01
-1.414392793377988733e-01
-1.116862538013844164e-01
-8.849201159024278063e-02
-8.131741677485060382e-02
-8.443184963787100927e-02
-9.988272510221926637e-02
-1.336709092698973866e-01
-1.819007884908524220e-01
-2.419841295553579741e-01
-3.013299884751392543e-01
-3.582644365046738777e-01
-4.136794353799586044e-01
-4.486129389868164230e-01
-4.869093930383845414e-01
-5.629442106176314464e-01
-6.562294822684484608e-01
-7.361094146880329259e-01
-7.609504932959334500e-01
-7.042076325112429647e-01
-5.861913333908486123e-01
-4.451936808154944858e-01
-3.279971464921953017e-01
-2.494714148045375501e-01
-1.188712522590259779e-01
-8.123672042519247682e-02
-5.992961328231100060e-02
-4.903487036326226178e-02
-5.992961328231108387e-02
-8.123672042519292091e-02
-1.188712522590261167e-01
-1.819007884908522832e-01
-2.600236919126461821e-01
-3.626124238764280028e-01
-4.818219091696427370e-01
-5.861913333908487234e-01
-6.502064653777153147e-01
-6.561957381648121368e-01
-6.283408048951901748e-01
-6.140349430095664029e-01
-6.283408048951901748e-01
-6.561957381648122478e-01
-6.502064653777152037e-01
-5.861913333908488344e-01
-4.818219091696429590e-01
-3.626124238764280583e-01
-2.600236919126460711e-01
-1.819007884908521999e-01
-7.871643776571324302e-02
-5.079870524450758040e-02
-3.967074522012828397e-02
-3.365100590692621241e-02
-4.901771749055475191e-02
-8.849686428502451241e-02
-1.515270314579233724e-01
-2.419841295553575300e-01
-3.626124238764277807e-01
-5.413775602002738330e-01
-7.522635773819356109e-01
-8.969578742709318764e-01
-9.537229164929963421e-01
-9.441357877654015240e-01
-8.483538193866325683e-01
-7.111406901444825568e-01
-6.140115716594209960e-01
-5.629820390396557128e-01
-5.132856224476327611e-01
-4.451936808154946523e-01
-3.626124238764281693e-01
-2.750130669021385033e-01
-1.966312946073967560e-01
-1.319582921282762555e-01
-4.950743947016228441e-02
-3.536646567316181766e-02
-3.673998318593130197e-02
-3.975912572371256837e-02
-5.996267029587315500e-02
-1.116100253039506440e-01
-1.883710892466052833e-01
-3.013299884751390323e-01
-4.818219091696426259e-01
-7.522635773819357219e-01
-9.882444561573782149e-01
-1.001045298536137551e+00
-9.444081573615876746e-01
-1.024864987873588262e+00
-1.038121050166220805e+00
-8.483657965055922956e-01
-6.283510780819191455e-01
-4.869259070685061919e-01
-3.981806285793976219e-01
-3.279971464921954682e-01
-2.600236919126461821e-01
-1.966312946073968393e-01
-1.366202943134982306e-01
-8.579433742980943634e-02
-3.674809900510106475e-02
-2.934081092655582701e-02
-3.528430579972741121e-02
-5.078016919367192572e-02
-8.128860484488104055e-02
-1.414857228670606815e-01
-2.269596337113494178e-01
-3.582644365046737112e-01
-5.861913333908482793e-01
-8.969578742709318764e-01
-1.001045298536137995e+00
-6.444710476744712757e-01
-3.532047061158751777e-01
-6.541043032041093941e-01
-1.024875366565018986e+00
-9.441199821800101422e-01
-6.561789233803339005e-01
-4.485657594178428242e-01
-3.314635778626298102e-01
-2.494714148045374669e-01
-1.819007884908522832e-01
-1.319582921282763666e-01
-8.579433742980976940e-02
-5.217580827979426128e-02
-3.869111236060396308e-02
-3.674468542418274364e-02
-4.944829832189928664e-02
-7.874189920658175579e-02
-1.188325221519135055e-01
-1.866485554988090434e-01
-2.787293271058011723e-01
-4.136794353799584378e-01
-6.502064653777146486e-01
-9.537229164929957870e-01
-9.444081573615876746e-01
-3.532047061158755108e-01
7.687609323277400097e-02
-3.532382013912329644e-01
-9.444378158316804051e-01
-9.537928336987105959e-01
-6.502159570442633818e-01
-4.136961910432556122e-01
-2.787256199620382069e-01
-1.866509463650718459e-01
-1.188712522590263387e-01
-7.871643776571363160e-02
-4.950743947016239543e-02
-3.674809900510106475e-02
-3.674468542418249384e-02
-5.224663589064393321e-02
-8.579045020700290514e-02
-1.319721122989896689e-01
-1.818977339217538458e-01
-2.493845878819967166e-01
-3.314623169431913929e-01
-4.486129389868163120e-01
-6.561957381648119147e-01
-9.441357877654015240e-01
-1.024864987873588262e+00
-6.541043032041093941e-01
-3.532382013912327978e-01
-6.444742191892582905e-01
-1.001066010100139181e+00
-8.969759194010883396e-01
-5.861996892835843465e-01
-3.582663089695882763e-01
-2.268751677264725375e-01
-1.414392793377989010e-01
-8.123672042519278214e-02
-5.079870524450771918e-02
-3.536646567316165113e-02
-2.934081092655546619e-02
-4.944829832189887031e-02
-8.579045020700273860e-02
-1.365411927253064872e-01
-1.965646682520088839e-01
-2.600177929605808624e-01
-3.279425314895390020e-01
-3.982171921813922877e-01
-4.869093930383841529e-01
-6.283408048951899527e-01
-8.483538193866324573e-01
-1.038121050166220805e+00
-1.024875366565018542e+00
-9.444378158316799610e-01
-1.001066010100139181e+00
-9.882640061896177386e-01
-7.522637232274596020e-01
-4.817797191908022025e-01
-3.013846721802523332e-01
-1.884066751798763872e-01
-1.116862538013843609e-01
-5.992961328231108387e-02
-3.967074522012861704e-02
-3.673998318593141299e-02
-3.528430579972730019e-02
-7.874189920658153374e-02
-1.319721122989893358e-01
-1.965646682520088007e-01
-2.750708960847585427e-01
-3.626149997453715357e-01
-4.451668642842006585e-01
-5.132959518874947724e-01
-5.629442106176313354e-01
-6.140349430095661809e-01
-7.111406901444825568e-01
-8.483657965055924066e-01
-9.441199821800101422e-01
-9.537928336987107070e-01
-8.969759194010884507e-01
-7.522637232274599350e-01
-5.414540024965661669e-01
-3.626003639958311764e-01
-2.419015141574797911e-01
-1.515115909046772236e-01
-8.849201159024283614e-02
-4.903487036326195647e-02
-3.365100590692599036e-02
-3.975912572371240183e-02
-5.078016919367209225e-02
-1.188325221519133112e-01
-1.818977339217535683e-01
-2.600177929605806404e-01
-3.626149997453715357e-01
-4.817849180836593637e-01
-5.861761054694004658e-01
-6.501875490656133794e-01
-6.562294822684485718e-01
-6.283408048951903968e-01
-6.140115716594212181e-01
-6.283510780819193675e-01
-6.561789233803341226e-01
-6.502159570442638259e-01
-5.861996892835845685e-01
-4.817797191908024246e-01
-3.626003639958314539e-01
-2.600559242680144934e-01
-1.818419469178542136e-01
-1.188609301305639798e-01
-8.131741677485027076e-02
-5.992961328231097284e-02
-4.901771749055458538e-02
-5.996267029587268316e-02
-8.128860484488104055e-02
-1.866485554988090989e-01
-2.493845878819966333e-01
-3.279425314895391130e-01
-4.451668642842007140e-01
-5.861761054694003548e-01
-7.041516226360043929e-01
-7.610351599351905527e-01
-7.361094146880331479e-01
-6.561957381648122478e-01
-5.629820390396558238e-01
-4.869259070685058588e-01
-4.485657594178431018e-01
-4.136961910432560563e-01
-3.582663089695886649e-01
-3.013846721802525552e-01
-2.419015141574799854e-01
-1.818419469178544634e-01
-1.336136831056357610e-01
-9.990285934224035769e-02
-8.443184963787128683e-02
-8.123672042519256009e-02
-8.849686428502451241e-02
-1.116100253039505330e-01
-1.414857228670606537e-01
-2.787293271058010058e-01
-3.314623169431914484e-01
-3.982171921813922877e-01
-5.132959518874949945e-01
-6.501875490656133794e-01
-7.610351599351905527e-01
-8.052225914001993612e-01
-7.609504932959334500e-01
-6.502064653777150927e-01
-5.132856224476325391e-01
-3.981806285793976219e-01
-3.314635778626299767e-01
-2.787256199620384289e-01
-2.268751677264728150e-01
-1.884066751798766925e-01
-1.515115909046776121e-01
-1.188609301305639798e-01
-9.990285934224060749e-02
-9.433024583960597509e-02
-9.988272510221946066e-02
-1.188712522590263387e-01
-1.515270314579236499e-01
-1.883710892466052833e-01
-2.269596337113491957e-01
-4.136794353799586044e-01
-4.486129389868164230e-01
-4.869093930383845414e-01
-5.629442106176314464e-01
-6.562294822684484608e-01
-7.361094146880329259e-01
-7.609504932959334500e-01
-7.042076325112429647e-01
-5.861913333908486123e-01
-4.451936808154944858e-01
-3.279971464921953017e-01
-2.494714148045375501e-01
-1.866509463650717904e-01
-1.414392793377988733e-01
-1.116862538013844164e-01
-8.849201159024278063e-02
-8.131741677485060382e-02
-8.443184963787100927e-02
-9.988272510221926637e-02
-1.336709092698973866e-01
-1.819007884908524220e-01
-2.419841295553579741e-01
-3.013299884751392543e-01
-3.582644365046738777e-01
-6.502064653777153147e-01
-6.561957381648121368e-01
-6.283408048951901748e-01
-6.140349430095664029e-01
-6.283408048951901748e-01
-6.561957381648122478e-01
-6.502064653777152037e-01
-5.861913333908488344e-01
-4.818219091696429590e-01
-3.626124238764280583e-01
-2.600236919126460711e-01
-1.819007884908521999e-01
-1.188712522590259779e-01
-8.123672042519247682e-02
-5.992961328231100060e-02
-4.903487036326226178e-02
-5.992961328231108387e-02
-8.123672042519292091e-02
-1.188712522590261167e-01
-1.819007884908522832e-01
-2.600236919126461821e-01
-3.626124238764280028e-01
-4.818219091696427370e-01
-5.861913333908487234e-01
-9.537229164929963421e-01
-9.441357877654015240e-01
-8.483538193866325683e-01
-7.111406901444825568e-01
-6.140115716594209960e-01
-5.629820390396557128e-01
-5.132856224476327611e-01
-4.451936808154946523e-01
-3.626124238764281693e-01
-2.750130669021385033e-01
-1.966312946073967560e-01
-1.319582921282762555e-01
-7.871643776571324302e-02
-5.079870524450758040e-02
-3.967074522012828397e-02
-3.365100590692621241e-02
-4.901771749055475191e-02
-8.849686428502451241e-02
-1.515270314579233724e-01
-2.419841295553575300e-01
-3.626124238764277807e-01
-5.413775602002738330e-01
-7.522635773819356109e-01
-8.969578742709318764e-01
-9.444081573615876746e-01
-1.024864987873588262e+00
-1.038121050166220805e+00
-8.483657965055922956e-01
-6.283510780819191455e-01
-4.869259070685061919e-01
-3.981806285793976219e-01
-3.279971464921954682e-01
-2.600236919126461821e-01
-1.966312946073968393e-01
-1.366202943134982306e-01
-8.579433742980943634e-02
-4.950743947016228441e-02
-3.536646567316181766e-02
-3.673998318593130197e-02
-3.975912572371256837e-02
-5.996267029587315500e-02
-1.116100253039506440e-01
-1.883710892466052833e-01
-3.013299884751390323e-01
-4.818219091696426259e-01
-7.522635773819357219e-01
-9.882444561573782149e-01
-1.001045298536137551e+00
-3.532047061158751777e-01
-6.541043032041093941e-01
-1.024875366565018986e+00
-9.441199821800101422e-01
-6.561789233803339005e-01
-4.485657594178428242e-01
-3.314635778626298102e-01
-2.494714148045374669e-01
-1.819007884908522832e-01
-1.319582921282763666e-01
-8.579433742980976940e-02
-5.217580827979426128e-02
-3.674809900510106475e-02
-2.934081092655582701e-02
-3.528430579972741121e-02
-5.078016919367192572e-02
-8.128860484488104055e-02
-1.414857228670606815e-01
-2.269596337113494178e-01
-3.582644365046737112e-01
-5.861913333908482793e-01
-8.969578742709318764e-01
-1.001045298536137995e+00
-6.444710476744712757e-01
2.762756601700892656e+00
1.567906200524994409e+00
-3.532049414404780374e-01
-1.020040299616463031e+00
-7.610021832786199036e-01
-4.494976927295555313e-01
-2.782555544701543759e-01
-1.737016761589793845e-01
-9.988272510221951617e-02
-6.167853859282698692e-02
-3.674809900510112026e-02
-1.889327614808469780e-02
-1.577079434820449766e-02
-1.885686485654675115e-02
-3.677794537493833671e-02
-6.169494465394093075e-02
-9.993583599881081247e-02
-1.737176987160713448e-01
-2.783166735686197213e-01
-4.495114314427649527e-01
-7.609504932959334500e-01
-1.020092924347102414e+00
-3.532047061158760104e-01
1.567936263813468400e+00
1.567906200524994631e+00
6.998208373868344268e-01
-6.444725049650743554e-01
-1.005593075338901077e+00
-7.041830804624177320e-01
-4.101919808396685685e-01
-2.495834032224683585e-01
-1.526774696450233504e-01
-8.443184963787145336e-02
-4.958681604769549223e-02
-2.934081092655563272e-02
-1.729651785284128107e-02
-1.885686485654672340e-02
-2.667326341066622586e-02
-5.215418245514186202e-02
-8.733490996032436393e-02
-1.336256124860983330e-01
-2.104141407362614680e-01
-3.079102264645491305e-01
-4.578653237011908184e-01
-7.361094146880324818e-01
-1.024822183486760352e+00
-6.541043032041096161e-01
6.955377721894075993e-01
-3.532049414404773158e-01
-6.444725049650739113e-01
-1.001063701280279883e+00
-8.969799225922980845e-01
-5.861365092101644692e-01
-3.582252413040047379e-01
-2.269119735565211793e-01
-1.414631505146159152e-01
-8.131741677485052056e-02
-5.075610469185312668e-02
-3.528430579972741121e-02
-2.940469263036990522e-02
-3.677794537493800364e-02
-5.215418245514169548e-02
-8.586454020886580274e-02
-1.320099622703059250e-01
-1.818464735418794664e-01
-2.494219733536021388e-01
-3.314255111131427789e-01
-4.485927500039775806e-01
-6.562294822684481277e-01
-9.441365351555298657e-01
-1.024875366565018986e+00
-6.541345891599813500e-01
-1.020040299616463253e+00
-1.005593075338901521e+00
-8.969799225922978625e-01
-6.659092204373202595e-01
-4.451858313431599767e-01
-3.001080857267781621e-01
-2.024175624803920548e-01
-1.337500790464221934e-01
-8.849201159024266961e-02
-6.247877527176759482e-02
-5.078016919367192572e-02
-4.964609663831373587e-02
-6.169494465394087523e-02
-8.733490996032422515e-02
-1.320099622703058695e-01
-1.890924636989081142e-01
-2.419384376829689098e-01
-3.000484535785790108e-01
-3.689389456711178461e-01
-4.460556593916530366e-01
-5.629442106176311134e-01
-7.516469552414444255e-01
-9.441199821800101422e-01
-1.024871591202222154e+00
-7.610021832786202367e-01
-7.041830804624180651e-01
-5.861365092101648022e-01
-4.451858313431601988e-01
-3.278972256247182360e-01
-2.493889199175145510e-01
-1.866744080357474189e-01
-1.414631505146157486e-01
-1.116862538013840556e-01
-8.844031472282265494e-02
-8.128860484488095728e-02
-8.435208236128399761e-02
-9.993583599881056267e-02
-1.336256124860982497e-01
-1.818464735418794109e-01
-2.419384376829690209e-01
-3.013702635777615879e-01
-3.582575587003809514e-01
-4.136703385063178473e-01
-4.485927500039780247e-01
-4.869093930383845414e-01
-5.629826980174089668e-01
-6.561789233803341226e-01
-7.361457947577436656e-01
-4.494976927295559199e-01
-4.101919808396688460e-01
-3.582252413040051819e-01
-3.001080857267783286e-01
-2.493889199175148841e-01
-2.103886408150425491e-01
-1.737427883879323343e-01
-1.526774696450233781e-01
-1.414392793377990676e-01
-1.337180911102121839e-01
-1.414857228670609313e-01
-1.526401127062890217e-01
-1.737176987160714003e-01
-2.104141407362615235e-01
-2.494219733536021666e-01
-3.000484535785790108e-01
-3.582575587003811179e-01
-4.101660105644425736e-01
-4.494726030576952081e-01
-4.578653237011914845e-01
-4.486129389868164785e-01
-4.460181007581285328e-01
-4.485657594178431573e-01
-4.578512104434799834e-01
-2.782555544701548200e-01
-2.495834032224686638e-01
-2.269119735565214846e-01
-2.024175624803923323e-01
-1.866744080357478353e-01
-1.737427883879323620e-01
-1.650763994664156964e-01
-1.737016761589795233e-01
-1.866509463650722067e-01
-2.024595081273870556e-01
-2.269596337113494178e-01
-2.495908983036459194e-01
-2.783166735686197768e-01
-3.079102264645494080e-01
-3.314255111131428899e-01
-3.689389456711178461e-01
-4.136703385063176253e-01
-4.494726030576952081e-01
-4.643878508845379338e-01
-4.495114314427653968e-01
-4.136794353799587709e-01
-3.689712232153817828e-01
-3.314635778626301987e-01
-3.079077124049609537e-01
-1.737016761589794678e-01
-1.526774696450234614e-01
-1.414631505146161095e-01
-1.337500790464226375e-01
-1.414631505146162205e-01
-1.526774696450232949e-01
-1.737016761589794678e-01
-2.103868684496873476e-01
-2.494714148045378277e-01
-3.000802246047812871e-01
-3.582644365046739887e-01
-4.101750066833713682e-01
-4.495114314427651747e-01
-4.578653237011910404e-01
-4.485927500039778026e-01
-4.460556593916530366e-01
-4.485927500039778582e-01
-4.578653237011911514e-01
-4.495114314427652857e-01
-4.101750066833717012e-01
-3.582644365046740442e-01
-3.000802246047815092e-01
-2.494714148045377167e-01
-2.103868684496871810e-01
-9.988272510221926637e-02
-8.443184963787112030e-02
-8.131741677485054831e-02
-8.849201159024319696e-02
-1.116862538013843609e-01
-1.414392793377991231e-01
-1.866509463650719014e-01
-2.494714148045373836e-01
-3.279971464921953017e-01
-4.451936808154942082e-01
-5.861913333908483903e-01
-7.042076325112430757e-01
-7.609504932959336720e-01
-7.361094146880329259e-01
-6.562294822684482387e-01
-5.629442106176311134e-01
-4.869093930383843194e-01
-4.486129389868164230e-01
-4.136794353799586599e-01
-3.582644365046740997e-01
-3.013299884751393654e-01
-2.419841295553578631e-01
-1.819007884908523942e-01
-1.336709092698973866e-01
-6.167853859282673712e-02
-4.958681604769535345e-02
-5.075610469185282136e-02
-6.247877527176781687e-02
-8.844031472282293249e-02
-1.337180911102121283e-01
-2.024595081273868336e-01
-3.000802246047810096e-01
-4.451936808154940417e-01
-6.658395756876277494e-01
-8.969578742709316543e-01
-1.005581280287239698e+00
-1.020092924347102414e+00
-1.024822183486760352e+00
-9.441365351555300878e-01
-7.516469552414444255e-01
-5.629826980174084117e-01
-4.460181007581284218e-01
-3.689712232153818383e-01
-3.000802246047815647e-01
-2.419841295553577520e-01
-1.890525879145555088e-01
-1.319582921282761445e-01
-8.741045363572857996e-02
-3.674809900510112026e-02
-2.934081092655582701e-02
-3.528430579972763326e-02
-5.078016919367178694e-02
-8.128860484488109606e-02
-1.414857228670608480e-01
-2.269596337113492512e-01
-3.582644365046737667e-01
-5.861913333908482793e-01
-8.969578742709317654e-01
-1.001045298536137995e+00
-6.444710476744712757e-01
-3.532047061158752888e-01
-6.541043032041095051e-01
-1.024875366565018764e+00
-9.441199821800100311e-01
-6.561789233803336785e-01
-4.485657594178429353e-01
-3.314635778626300322e-01
-2.494714148045376056e-01
-1.819007884908522554e-01
-1.319582921282760335e-01
-8.579433742980957511e-02
-5.217580827979401148e-02
-1.889327614808478106e-02
-1.729651785284136434e-02
-2.940469263037009950e-02
-4.964609663831370812e-02
-8.435208236128388659e-02
-1.526401127062888829e-01
-2.495908983036460027e-01
-4.101750066833715347e-01
-7.042076325112430757e-01
-1.005581280287239698e+00
-6.444710476744717198e-01
6.998319495851186289e-01
1.567936263813469067e+00
6.955377721894079324e-01
-6.541345891599816831e-01
-1.024871591202222154e+00
-7.361457947577434435e-01
-4.578512104434797614e-01
-3.079077124049608427e-01
-2.103868684496868480e-01
-1.336709092698975532e-01
-8.741045363572852445e-02
-5.217580827979406699e-02
-2.676247882234580877e-02
-1.577079434820449766e-02
-1.885686485654675115e-02
-3.677794537493833671e-02
-6.169494465394093075e-02
-9.993583599881081247e-02
-1.737176987160713448e-01
-2.783166735686197213e-01
-4.495114314427649527e-01
-7.609504932959334500e-01
-1.020092924347102414e+00
-3.532047061158760104e-01
1.567936263813468400e+00
2.762756601700892656e+00
1.567906200524994409e+00
-3.532049414404780374e-01
-1.020040299616463031e+00
-7.610021832786199036e-01
-4.494976927295555313e-01
-2.782555544701543759e-01
-1.737016761589793845e-01
-9.988272510221951617e-02
-6.167853859282698692e-02
-3.674809900510112026e-02
-1.889327614808469780e-02
-1.885686485654672340e-02
-2.667326341066622586e-02
-5.215418245514186202e-02
-8.733490996032436393e-02
-1.336256124860983330e-01
-2.104141407362614680e-01
-3.079102264645491305e-01
-4.578653237011908184e-01
-7.361094146880324818e-01
-1.024822183486760352e+00
-6.541043032041096161e-01
6.955377721894075993e-01
1.567906200524994631e+00
6.998208373868344268e-01
-6.444725049650743554e-01
-1.005593075338901077e+00
-7.041830804624177320e-01
-4.101919808396685685e-01
-2.495834032224683585e-01
-1.526774696450233504e-01
-8.443184963787145336e-02
-4.958681604769549223e-02
-2.934081092655563272e-02
-1.729651785284128107e-02
-3.677794537493800364e-02
-5.215418245514169548e-02
-8.586454020886580274e-02
-1.320099622703059250e-01
-1.818464735418794664e-01
-2.494219733536021388e-01
-3.314255111131427789e-01
-4.485927500039775806e-01
-6.562294822684481277e-01
-9.441365351555298657e-01
-1.024875366565018986e+00
-6.541345891599813500e-01
-3.532049414404773158e-01
-6.444725049650739113e-01
-1.001063701280279883e+00
-8.969799225922980845e-01
-5.861365092101644692e-01
-3.582252413040047379e-01
-2.269119735565211793e-01
-1.414631505146159152e-01
-8.131741677485052056e-02
-5.075610469185312668e-02
-3.528430579972741121e-02
-2.940469263036990522e-02
-6.169494465394087523e-02
-8.733490996032422515e-02
-1.320099622703058695e-01
-1.890924636989081142e-01
-2.419384376829689098e-01
-3.000484535785790108e-01
-3.689389456711178461e-01
-4.460556593916530366e-01
-5.629442106176311134e-01
-7.516469552414444255e-01
-9.441199821800101422e-01
-1.024871591202222154e+00
-1.020040299616463253e+00
-1.005593075338901521e+00
-8.969799225922978625e-01
-6.659092204373202595e-01
-4.451858313431599767e-01
-3.001080857267781621e-01
-2.024175624803920548e-01
-1.337500790464221934e-01
-8.849201159024266961e-02
-6.247877527176759482e-02
-5.078016919367192572e-02
-4.964609663831373587e-02
-9.993583599881056267e-02
-1.336256124860982497e-01
-1.818464735418794109e-01
-2.419384376829690209e-01
-3.013702635777615879e-01
-3.582575587003809514e-01
-4.136703385063178473e-01
-4.485927500039780247e-01
-4.869093930383845414e-01
-5.629826980174089668e-01
-6.561789233803341226e-01
-7.361457947577436656e-01
-7.610021832786202367e-01
-7.041830804624180651e-01
-5.861365092101648022e-01
-4.451858313431601988e-01
-3.278972256247182360e-01
-2.493889199175145510e-01
-1.866744080357474189e-01
-1.414631505146157486e-01
-1.116862538013840556e-01
-8.844031472282265494e-02
-8.128860484488095728e-02
-8.435208236128399761e-02
-1.737176987160714003e-01
-2.104141407362615235e-01
-2.494219733536021666e-01
-3.000484535785790108e-01
-3.582575587003811179e-01
-4.101660105644425736e-01
-4.494726030576952081e-01
-4.578653237011914845e-01
-4.486129389868164785e-01
-4.460181007581285328e-01
-4.485657594178431573e-01
-4.578512104434799834e-01
-4.494976927295559199e-01
-4.101919808396688460e-01
-3.582252413040051819e-01
-3.001080857267783286e-01
-2.493889199175148841e-01
-2.103886408150425491e-01
-1.737427883879323343e-01
-1.526774696450233781e-01
-1.414392793377990676e-01
-1.337180911102121839e-01
-1.414857228670609313e-01
-1.526401127062890217e-01
-2.783166735686197768e-01
-3.079102264645494080e-01
-3.314255111131428899e-01
-3.689389456711178461e-01
-4.136703385063176253e-01
-4.494726030576952081e-01
-4.643878508845379338e-01
-4.495114314427653968e-01
-4.136794353799587709e-01
-3.689712232153817828e-01
-3.314635778626301987e-01
-3.079077124049609537e-01
-2.782555544701548200e-01
-2.495834032224686638e-01
-2.269119735565214846e-01
-2.024175624803923323e-01
-1.866744080357478353e-01
-1.737427883879323620e-01
-1.650763994664156964e-01
-1.737016761589795233e-01
-1.866509463650722067e-01
-2.024595081273870556e-01
-2.269596337113494178e-01
-2.495908983036459194e-01
-4.495114314427651747e-01
-4.578653237011910404e-01
-4.485927500039778026e-01
-4.460556593916530366e-01
-4.485927500039778582e-01
-4.578653237011911514e-01
-4.495114314427652857e-01
-4.101750066833717012e-01
-3.582644365046740442e-01
-3.000802246047815092e-01
-2.494714148045377167e-01
-2.103868684496871810e-01
-1.737016761589794678e-01
-1.526774696450234614e-01
-1.414631505146161095e-01
-1.337500790464226375e-01
-1.414631505146162205e-01
-1.526774696450232949e-01
-1.737016761589794678e-01
-2.103868684496873476e-01
-2.494714148045378277e-01
-3.000802246047812871e-01
-3.582644365046739887e-01
-4.101750066833713682e-01
-7.609504932959336720e-01
-7.361094146880329259e-01
-6.562294822684482387e-01
-5.629442106176311134e-01
-4.869093930383843194e-01
-4.486129389868164230e-01
-4.136794353799586599e-01
-3.582644365046740997e-01
-3.013299884751393654e-01
-2.419841295553578631e-01
-1.819007884908523942e-01
-1.336709092698973866e-01
-9.988272510221926637e-02
-8.443184963787112030e-02
-8.131741677485054831e-02
-8.849201159024319696e-02
-1.116862538013843609e-01
-1.414392793377991231e-01
-1.866509463650719014e-01
-2.494714148045373836e-01
-3.279971464921953017e-01
-4.451936808154942082e-01
-5.861913333908483903e-01
-7.042076325112430757e-01
-1.020092924347102414e+00
-1.024822183486760352e+00
-9.441365351555300878e-01
-7.516469552414444255e-01
-5.629826980174084117e-01
-4.460181007581284218e-01
-3.689712232153818383e-01
-3.000802246047815647e-01
-2.419841295553577520e-01
-1.890525879145555088e-01
-1.319582921282761445e-01
-8.741045363572857996e-02
-6.167853859282673712e-02
-4.958681604769535345e-02
-5.075610469185282136e-02
-6.247877527176781687e-02
-8.844031472282293249e-02
-1.337180911102121283e-01
-2.024595081273868336e-01
-3.000802246047810096e-01
-4.451936808154940417e-01
-6.658395756876277494e-01
-8.969578742709316543e-01
-1.005581280287239698e+00
-3.532047061158752888e-01
-6.541043032041095051e-01
-1.024875366565018764e+00
-9.441199821800100311e-01
-6.561789233803336785e-01
-4.485657594178429353e-01
-3.314635778626300322e-01
-2.494714148045376056e-01
-1.819007884908522554e-01
-1.319582921282760335e-01
-8.579433742980957511e-02
-5.217580827979401148e-02
-3.674809900510112026e-02
-2.934081092655582701e-02
-3.528430579972763326e-02
-5.078016919367178694e-02
-8.128860484488109606e-02
-1.414857228670608480e-01
-2.269596337113492512e-01
-3.582644365046737667e-01
-5.861913333908482793e-01
-8.969578742709317654e-01
-1.001045298536137995e+00
-6.444710476744712757e-01
1.567936263813469067e+00
6.955377721894079324e-01
-6.541345891599816831e-01
-1.024871591202222154e+00
-7.361457947577434435e-01
-4.578512104434797614e-01
-3.079077124049608427e-01
-2.103868684496868480e-01
-1.336709092698975532e-01
-8.741045363572852445e-02
-5.217580827979406699e-02
-2.676247882234580877e-02
-1.889327614808478106e-02
-1.729651785284136434e-02
-2.940469263037009950e-02
-4.964609663831370812e-02
-8.435208236128388659e-02
-1.526401127062888829e-01
-2.495908983036460027e-01
-4.101750066833715347e-01
-7.042076325112430757e-01
-1.005581280287239698e+00
-6.444710476744717198e-01
6.998319495851186289e-01
